Scenario,Sector,Year,Source,Species,ems,Units
Current Commitments,Aviation,1940,WTW,co2,0.03329504174418605,Gt
Current Commitments,Aviation,1941,WTW,co2,0.03588946058139537,Gt
Current Commitments,Aviation,1942,WTW,co2,0.03891628255813955,Gt
Current Commitments,Aviation,1943,WTW,co2,0.04194310453488372,Gt
Current Commitments,Aviation,1944,WTW,co2,0.04540232965116281,Gt
Current Commitments,Aviation,1945,WTW,co2,0.048861554767441875,Gt
Current Commitments,Aviation,1946,WTW,co2,0.05318558616279072,Gt
Current Commitments,Aviation,1947,WTW,co2,0.057077214418604666,Gt
Current Commitments,Aviation,1948,WTW,co2,0.061833648953488383,Gt
Current Commitments,Aviation,1949,WTW,co2,0.0665900834883721,Gt
Current Commitments,Aviation,1950,WTW,co2,0.0722113243023256,Gt
Current Commitments,Aviation,1951,WTW,co2,0.0778325651162791,Gt
Current Commitments,Aviation,1952,WTW,co2,0.08388620906976745,Gt
Current Commitments,Aviation,1953,WTW,co2,0.09080465930232562,Gt
Current Commitments,Aviation,1954,WTW,co2,0.09815551267441865,Gt
Current Commitments,Aviation,1955,WTW,co2,0.10593876918604651,Gt
Current Commitments,Aviation,1956,WTW,co2,0.1145868319767442,Gt
Current Commitments,Aviation,1957,WTW,co2,0.12366729790697675,Gt
Current Commitments,Aviation,1958,WTW,co2,0.1336125701162791,Gt
Current Commitments,Aviation,1959,WTW,co2,0.1439902454651163,Gt
Current Commitments,Aviation,1960,WTW,co2,0.1556651302325582,Gt
Current Commitments,Aviation,1961,WTW,co2,0.17079924011627912,Gt
Current Commitments,Aviation,1962,WTW,co2,0.1880953656976745,Gt
Current Commitments,Aviation,1963,WTW,co2,0.19847304104651167,Gt
Current Commitments,Aviation,1964,WTW,co2,0.20755350697674424,Gt
Current Commitments,Aviation,1965,WTW,co2,0.22182281058139544,Gt
Current Commitments,Aviation,1966,WTW,co2,0.24041614558139543,Gt
Current Commitments,Aviation,1967,WTW,co2,0.2836564595348838,Gt
Current Commitments,Aviation,1968,WTW,co2,0.3212755326744188,Gt
Current Commitments,Aviation,1969,WTW,co2,0.33640964255813965,Gt
Current Commitments,Aviation,1970,WTW,co2,0.33727444883720936,Gt
Current Commitments,Aviation,1971,WTW,co2,0.3891628255813955,Gt
Current Commitments,Aviation,1972,WTW,co2,0.4151070139534885,Gt
Current Commitments,Aviation,1973,WTW,co2,0.42980872069767456,Gt
Current Commitments,Aviation,1974,WTW,co2,0.4151070139534885,Gt
Current Commitments,Aviation,1975,WTW,co2,0.4155394170930234,Gt
Current Commitments,Aviation,1976,WTW,co2,0.4168366265116281,Gt
Current Commitments,Aviation,1977,WTW,co2,0.4414836054651164,Gt
Current Commitments,Aviation,1978,WTW,co2,0.45705011848837224,Gt
Current Commitments,Aviation,1979,WTW,co2,0.4760758566279071,Gt
Current Commitments,Aviation,1980,WTW,co2,0.4795350817441862,Gt
Current Commitments,Aviation,1981,WTW,co2,0.47261663151162797,Gt
Current Commitments,Aviation,1982,WTW,co2,0.47780546918604666,Gt
Current Commitments,Aviation,1983,WTW,co2,0.4842915162790699,Gt
Current Commitments,Aviation,1984,WTW,co2,0.5167217517441862,Gt
Current Commitments,Aviation,1985,WTW,co2,0.5335854741860466,Gt
Current Commitments,Aviation,1986,WTW,co2,0.5616916782558142,Gt
Current Commitments,Aviation,1987,WTW,co2,0.5863386572093024,Gt
Current Commitments,Aviation,1988,WTW,co2,0.6114180393023259,Gt
Current Commitments,Aviation,1989,WTW,co2,0.6334705994186048,Gt
Current Commitments,Aviation,1990,WTW,co2,0.6467840326430002,Gt
Current Commitments,Aviation,1991,WTW,co2,0.6254909454010003,Gt
Current Commitments,Aviation,1992,WTW,co2,0.6269412255310002,Gt
Current Commitments,Aviation,1993,WTW,co2,0.6303623991710002,Gt
Current Commitments,Aviation,1994,WTW,co2,0.6604315405330002,Gt
Current Commitments,Aviation,1995,WTW,co2,0.6765110566410001,Gt
Current Commitments,Aviation,1996,WTW,co2,0.7071305607190002,Gt
Current Commitments,Aviation,1997,WTW,co2,0.7286616426490002,Gt
Current Commitments,Aviation,1998,WTW,co2,0.7430305719370003,Gt
Current Commitments,Aviation,1999,WTW,co2,0.7669973807520003,Gt
Current Commitments,Aviation,2000,WTW,co2,0.8067201816460002,Gt
Current Commitments,Aviation,2001,WTW,co2,0.7759853988910002,Gt
Current Commitments,Aviation,2002,WTW,co2,0.7775546763650002,Gt
Current Commitments,Aviation,2003,WTW,co2,0.7770675309880003,Gt
Current Commitments,Aviation,2004,WTW,co2,0.8259494087030003,Gt
Current Commitments,Aviation,2005,WTW,co2,0.8665423776750003,Gt
Current Commitments,Aviation,2006,WTW,co2,0.8766459959140003,Gt
Current Commitments,Aviation,2007,WTW,co2,0.9021039901960004,Gt
Current Commitments,Aviation,2008,WTW,co2,0.8979316458220002,Gt
Current Commitments,Aviation,2009,WTW,co2,0.8515152443280002,Gt
Current Commitments,Aviation,2010,WTW,co2,0.8945104721820002,Gt
Current Commitments,Aviation,2011,WTW,co2,0.9210394425600005,Gt
Current Commitments,Aviation,2012,WTW,co2,0.9310091887870002,Gt
Current Commitments,Aviation,2013,WTW,co2,0.957471223159,Gt
Current Commitments,Aviation,2014,WTW,co2,0.9875924258590004,Gt
Current Commitments,Aviation,2015,WTW,co2,1.0415279720270005,Gt
Current Commitments,Aviation,2016,WTW,co2,1.0919010352090004,Gt
Current Commitments,Aviation,2017,WTW,co2,1.1563231962863314,Gt
Current Commitments,Aviation,2018,WTW,co2,1.2164520024932204,Gt
Current Commitments,Aviation,2019,WTW,co2,1.0877312102318928,Gt
Current Commitments,Aviation,2020,WTW,co2,0.5891877388291253,Gt
Current Commitments,Aviation,2021,WTW,co2,0.7024930732050391,Gt
Current Commitments,Aviation,2022,WTW,co2,0.8611205414800652,Gt
Current Commitments,Aviation,2023,WTW,co2,1.0010551062646145,Gt
Current Commitments,Aviation,2024,WTW,co2,1.079212602199146,Gt
Current Commitments,Aviation,2025,WTW,co2,1.1469849514813637,Gt
Current Commitments,Aviation,2026,WTW,co2,1.1626895883289392,Gt
Current Commitments,Aviation,2027,WTW,co2,1.1801301909694137,Gt
Current Commitments,Aviation,2028,WTW,co2,1.1983141251618536,Gt
Current Commitments,Aviation,2029,WTW,co2,1.216848907671411,Gt
Current Commitments,Aviation,2030,WTW,co2,1.2358286787327724,Gt
Current Commitments,Aviation,2031,WTW,co2,1.253347453682318,Gt
Current Commitments,Aviation,2032,WTW,co2,1.2712706600424568,Gt
Current Commitments,Aviation,2033,WTW,co2,1.289623543317178,Gt
Current Commitments,Aviation,2034,WTW,co2,1.308467903949956,Gt
Current Commitments,Aviation,2035,WTW,co2,1.3276701932515331,Gt
Current Commitments,Aviation,2036,WTW,co2,1.3470769043501922,Gt
Current Commitments,Aviation,2037,WTW,co2,1.3662577451387168,Gt
Current Commitments,Aviation,2038,WTW,co2,1.3848520741387498,Gt
Current Commitments,Aviation,2039,WTW,co2,1.402865945098704,Gt
Current Commitments,Aviation,2040,WTW,co2,1.4211655970197739,Gt
Current Commitments,Aviation,2041,WTW,co2,1.4405629791021368,Gt
Current Commitments,Aviation,2042,WTW,co2,1.4600925459379772,Gt
Current Commitments,Aviation,2043,WTW,co2,1.4795071514649356,Gt
Current Commitments,Aviation,2044,WTW,co2,1.498481240607922,Gt
Current Commitments,Aviation,2045,WTW,co2,1.5168908005996242,Gt
Current Commitments,Aviation,2046,WTW,co2,1.534196319369811,Gt
Current Commitments,Aviation,2047,WTW,co2,1.5507548437544982,Gt
Current Commitments,Aviation,2048,WTW,co2,1.566593488427423,Gt
Current Commitments,Aviation,2049,WTW,co2,1.5827846432150061,Gt
Current Commitments,Aviation,2050,WTW,co2,1.6000568092687883,Gt
Current Commitments lower,Aviation,1940,WTW,co2,0.03329504174418605,Gt
Current Commitments lower,Aviation,1941,WTW,co2,0.03588946058139537,Gt
Current Commitments lower,Aviation,1942,WTW,co2,0.03891628255813955,Gt
Current Commitments lower,Aviation,1943,WTW,co2,0.04194310453488372,Gt
Current Commitments lower,Aviation,1944,WTW,co2,0.04540232965116281,Gt
Current Commitments lower,Aviation,1945,WTW,co2,0.048861554767441875,Gt
Current Commitments lower,Aviation,1946,WTW,co2,0.05318558616279072,Gt
Current Commitments lower,Aviation,1947,WTW,co2,0.057077214418604666,Gt
Current Commitments lower,Aviation,1948,WTW,co2,0.061833648953488383,Gt
Current Commitments lower,Aviation,1949,WTW,co2,0.0665900834883721,Gt
Current Commitments lower,Aviation,1950,WTW,co2,0.0722113243023256,Gt
Current Commitments lower,Aviation,1951,WTW,co2,0.0778325651162791,Gt
Current Commitments lower,Aviation,1952,WTW,co2,0.08388620906976745,Gt
Current Commitments lower,Aviation,1953,WTW,co2,0.09080465930232562,Gt
Current Commitments lower,Aviation,1954,WTW,co2,0.09815551267441865,Gt
Current Commitments lower,Aviation,1955,WTW,co2,0.10593876918604651,Gt
Current Commitments lower,Aviation,1956,WTW,co2,0.1145868319767442,Gt
Current Commitments lower,Aviation,1957,WTW,co2,0.12366729790697675,Gt
Current Commitments lower,Aviation,1958,WTW,co2,0.1336125701162791,Gt
Current Commitments lower,Aviation,1959,WTW,co2,0.1439902454651163,Gt
Current Commitments lower,Aviation,1960,WTW,co2,0.1556651302325582,Gt
Current Commitments lower,Aviation,1961,WTW,co2,0.17079924011627912,Gt
Current Commitments lower,Aviation,1962,WTW,co2,0.1880953656976745,Gt
Current Commitments lower,Aviation,1963,WTW,co2,0.19847304104651167,Gt
Current Commitments lower,Aviation,1964,WTW,co2,0.20755350697674424,Gt
Current Commitments lower,Aviation,1965,WTW,co2,0.22182281058139544,Gt
Current Commitments lower,Aviation,1966,WTW,co2,0.24041614558139543,Gt
Current Commitments lower,Aviation,1967,WTW,co2,0.2836564595348838,Gt
Current Commitments lower,Aviation,1968,WTW,co2,0.3212755326744188,Gt
Current Commitments lower,Aviation,1969,WTW,co2,0.33640964255813965,Gt
Current Commitments lower,Aviation,1970,WTW,co2,0.33727444883720936,Gt
Current Commitments lower,Aviation,1971,WTW,co2,0.3891628255813955,Gt
Current Commitments lower,Aviation,1972,WTW,co2,0.4151070139534885,Gt
Current Commitments lower,Aviation,1973,WTW,co2,0.42980872069767456,Gt
Current Commitments lower,Aviation,1974,WTW,co2,0.4151070139534885,Gt
Current Commitments lower,Aviation,1975,WTW,co2,0.4155394170930234,Gt
Current Commitments lower,Aviation,1976,WTW,co2,0.4168366265116281,Gt
Current Commitments lower,Aviation,1977,WTW,co2,0.4414836054651164,Gt
Current Commitments lower,Aviation,1978,WTW,co2,0.45705011848837224,Gt
Current Commitments lower,Aviation,1979,WTW,co2,0.4760758566279071,Gt
Current Commitments lower,Aviation,1980,WTW,co2,0.4795350817441862,Gt
Current Commitments lower,Aviation,1981,WTW,co2,0.47261663151162797,Gt
Current Commitments lower,Aviation,1982,WTW,co2,0.47780546918604666,Gt
Current Commitments lower,Aviation,1983,WTW,co2,0.4842915162790699,Gt
Current Commitments lower,Aviation,1984,WTW,co2,0.5167217517441862,Gt
Current Commitments lower,Aviation,1985,WTW,co2,0.5335854741860466,Gt
Current Commitments lower,Aviation,1986,WTW,co2,0.5616916782558142,Gt
Current Commitments lower,Aviation,1987,WTW,co2,0.5863386572093024,Gt
Current Commitments lower,Aviation,1988,WTW,co2,0.6114180393023259,Gt
Current Commitments lower,Aviation,1989,WTW,co2,0.6334705994186048,Gt
Current Commitments lower,Aviation,1990,WTW,co2,0.6467840326430002,Gt
Current Commitments lower,Aviation,1991,WTW,co2,0.6254909454010003,Gt
Current Commitments lower,Aviation,1992,WTW,co2,0.6269412255310002,Gt
Current Commitments lower,Aviation,1993,WTW,co2,0.6303623991710002,Gt
Current Commitments lower,Aviation,1994,WTW,co2,0.6604315405330002,Gt
Current Commitments lower,Aviation,1995,WTW,co2,0.6765110566410001,Gt
Current Commitments lower,Aviation,1996,WTW,co2,0.7071305607190002,Gt
Current Commitments lower,Aviation,1997,WTW,co2,0.7286616426490002,Gt
Current Commitments lower,Aviation,1998,WTW,co2,0.7430305719370003,Gt
Current Commitments lower,Aviation,1999,WTW,co2,0.7669973807520003,Gt
Current Commitments lower,Aviation,2000,WTW,co2,0.8067201816460002,Gt
Current Commitments lower,Aviation,2001,WTW,co2,0.7759853988910002,Gt
Current Commitments lower,Aviation,2002,WTW,co2,0.7775546763650002,Gt
Current Commitments lower,Aviation,2003,WTW,co2,0.7770675309880003,Gt
Current Commitments lower,Aviation,2004,WTW,co2,0.8259494087030003,Gt
Current Commitments lower,Aviation,2005,WTW,co2,0.8665423776750003,Gt
Current Commitments lower,Aviation,2006,WTW,co2,0.8766459959140003,Gt
Current Commitments lower,Aviation,2007,WTW,co2,0.9021039901960004,Gt
Current Commitments lower,Aviation,2008,WTW,co2,0.8979316458220002,Gt
Current Commitments lower,Aviation,2009,WTW,co2,0.8515152443280002,Gt
Current Commitments lower,Aviation,2010,WTW,co2,0.8945104721820002,Gt
Current Commitments lower,Aviation,2011,WTW,co2,0.9210394425600005,Gt
Current Commitments lower,Aviation,2012,WTW,co2,0.9310091887870002,Gt
Current Commitments lower,Aviation,2013,WTW,co2,0.957471223159,Gt
Current Commitments lower,Aviation,2014,WTW,co2,0.9875924258590004,Gt
Current Commitments lower,Aviation,2015,WTW,co2,1.0415279720270005,Gt
Current Commitments lower,Aviation,2016,WTW,co2,1.0919010352090004,Gt
Current Commitments lower,Aviation,2017,WTW,co2,1.1563231962863314,Gt
Current Commitments lower,Aviation,2018,WTW,co2,1.2164520024932204,Gt
Current Commitments lower,Aviation,2019,WTW,co2,1.0877312102318928,Gt
Current Commitments lower,Aviation,2020,WTW,co2,0.5891877388291253,Gt
Current Commitments lower,Aviation,2021,WTW,co2,0.7024930732050391,Gt
Current Commitments lower,Aviation,2022,WTW,co2,0.8611205414800652,Gt
Current Commitments lower,Aviation,2023,WTW,co2,1.0010551062646145,Gt
Current Commitments lower,Aviation,2024,WTW,co2,1.079212602199146,Gt
Current Commitments lower,Aviation,2025,WTW,co2,1.1469849514813637,Gt
Current Commitments lower,Aviation,2026,WTW,co2,1.1626895883289392,Gt
Current Commitments lower,Aviation,2027,WTW,co2,1.1801301909694137,Gt
Current Commitments lower,Aviation,2028,WTW,co2,1.1983141251618536,Gt
Current Commitments lower,Aviation,2029,WTW,co2,1.216848907671411,Gt
Current Commitments lower,Aviation,2030,WTW,co2,1.2358286787327724,Gt
Current Commitments lower,Aviation,2031,WTW,co2,1.253347453682318,Gt
Current Commitments lower,Aviation,2032,WTW,co2,1.2712706600424568,Gt
Current Commitments lower,Aviation,2033,WTW,co2,1.289623543317178,Gt
Current Commitments lower,Aviation,2034,WTW,co2,1.308467903949956,Gt
Current Commitments lower,Aviation,2035,WTW,co2,1.3276701932515331,Gt
Current Commitments lower,Aviation,2036,WTW,co2,1.3470769043501922,Gt
Current Commitments lower,Aviation,2037,WTW,co2,1.3662577451387168,Gt
Current Commitments lower,Aviation,2038,WTW,co2,1.3848520741387498,Gt
Current Commitments lower,Aviation,2039,WTW,co2,1.402865945098704,Gt
Current Commitments lower,Aviation,2040,WTW,co2,1.4211655970197739,Gt
Current Commitments lower,Aviation,2041,WTW,co2,1.4405629791021368,Gt
Current Commitments lower,Aviation,2042,WTW,co2,1.4600925459379772,Gt
Current Commitments lower,Aviation,2043,WTW,co2,1.4795071514649356,Gt
Current Commitments lower,Aviation,2044,WTW,co2,1.498481240607922,Gt
Current Commitments lower,Aviation,2045,WTW,co2,1.5168908005996242,Gt
Current Commitments lower,Aviation,2046,WTW,co2,1.534196319369811,Gt
Current Commitments lower,Aviation,2047,WTW,co2,1.5507548437544982,Gt
Current Commitments lower,Aviation,2048,WTW,co2,1.566593488427423,Gt
Current Commitments lower,Aviation,2049,WTW,co2,1.5827846432150061,Gt
Current Commitments lower,Aviation,2050,WTW,co2,1.6000568092687883,Gt
Current Commitments upper,Aviation,1940,WTW,co2,0.03329504174418605,Gt
Current Commitments upper,Aviation,1941,WTW,co2,0.03588946058139537,Gt
Current Commitments upper,Aviation,1942,WTW,co2,0.03891628255813955,Gt
Current Commitments upper,Aviation,1943,WTW,co2,0.04194310453488372,Gt
Current Commitments upper,Aviation,1944,WTW,co2,0.04540232965116281,Gt
Current Commitments upper,Aviation,1945,WTW,co2,0.048861554767441875,Gt
Current Commitments upper,Aviation,1946,WTW,co2,0.05318558616279072,Gt
Current Commitments upper,Aviation,1947,WTW,co2,0.057077214418604666,Gt
Current Commitments upper,Aviation,1948,WTW,co2,0.061833648953488383,Gt
Current Commitments upper,Aviation,1949,WTW,co2,0.0665900834883721,Gt
Current Commitments upper,Aviation,1950,WTW,co2,0.0722113243023256,Gt
Current Commitments upper,Aviation,1951,WTW,co2,0.0778325651162791,Gt
Current Commitments upper,Aviation,1952,WTW,co2,0.08388620906976745,Gt
Current Commitments upper,Aviation,1953,WTW,co2,0.09080465930232562,Gt
Current Commitments upper,Aviation,1954,WTW,co2,0.09815551267441865,Gt
Current Commitments upper,Aviation,1955,WTW,co2,0.10593876918604651,Gt
Current Commitments upper,Aviation,1956,WTW,co2,0.1145868319767442,Gt
Current Commitments upper,Aviation,1957,WTW,co2,0.12366729790697675,Gt
Current Commitments upper,Aviation,1958,WTW,co2,0.1336125701162791,Gt
Current Commitments upper,Aviation,1959,WTW,co2,0.1439902454651163,Gt
Current Commitments upper,Aviation,1960,WTW,co2,0.1556651302325582,Gt
Current Commitments upper,Aviation,1961,WTW,co2,0.17079924011627912,Gt
Current Commitments upper,Aviation,1962,WTW,co2,0.1880953656976745,Gt
Current Commitments upper,Aviation,1963,WTW,co2,0.19847304104651167,Gt
Current Commitments upper,Aviation,1964,WTW,co2,0.20755350697674424,Gt
Current Commitments upper,Aviation,1965,WTW,co2,0.22182281058139544,Gt
Current Commitments upper,Aviation,1966,WTW,co2,0.24041614558139543,Gt
Current Commitments upper,Aviation,1967,WTW,co2,0.2836564595348838,Gt
Current Commitments upper,Aviation,1968,WTW,co2,0.3212755326744188,Gt
Current Commitments upper,Aviation,1969,WTW,co2,0.33640964255813965,Gt
Current Commitments upper,Aviation,1970,WTW,co2,0.33727444883720936,Gt
Current Commitments upper,Aviation,1971,WTW,co2,0.3891628255813955,Gt
Current Commitments upper,Aviation,1972,WTW,co2,0.4151070139534885,Gt
Current Commitments upper,Aviation,1973,WTW,co2,0.42980872069767456,Gt
Current Commitments upper,Aviation,1974,WTW,co2,0.4151070139534885,Gt
Current Commitments upper,Aviation,1975,WTW,co2,0.4155394170930234,Gt
Current Commitments upper,Aviation,1976,WTW,co2,0.4168366265116281,Gt
Current Commitments upper,Aviation,1977,WTW,co2,0.4414836054651164,Gt
Current Commitments upper,Aviation,1978,WTW,co2,0.45705011848837224,Gt
Current Commitments upper,Aviation,1979,WTW,co2,0.4760758566279071,Gt
Current Commitments upper,Aviation,1980,WTW,co2,0.4795350817441862,Gt
Current Commitments upper,Aviation,1981,WTW,co2,0.47261663151162797,Gt
Current Commitments upper,Aviation,1982,WTW,co2,0.47780546918604666,Gt
Current Commitments upper,Aviation,1983,WTW,co2,0.4842915162790699,Gt
Current Commitments upper,Aviation,1984,WTW,co2,0.5167217517441862,Gt
Current Commitments upper,Aviation,1985,WTW,co2,0.5335854741860466,Gt
Current Commitments upper,Aviation,1986,WTW,co2,0.5616916782558142,Gt
Current Commitments upper,Aviation,1987,WTW,co2,0.5863386572093024,Gt
Current Commitments upper,Aviation,1988,WTW,co2,0.6114180393023259,Gt
Current Commitments upper,Aviation,1989,WTW,co2,0.6334705994186048,Gt
Current Commitments upper,Aviation,1990,WTW,co2,0.6467840326430002,Gt
Current Commitments upper,Aviation,1991,WTW,co2,0.6254909454010003,Gt
Current Commitments upper,Aviation,1992,WTW,co2,0.6269412255310002,Gt
Current Commitments upper,Aviation,1993,WTW,co2,0.6303623991710002,Gt
Current Commitments upper,Aviation,1994,WTW,co2,0.6604315405330002,Gt
Current Commitments upper,Aviation,1995,WTW,co2,0.6765110566410001,Gt
Current Commitments upper,Aviation,1996,WTW,co2,0.7071305607190002,Gt
Current Commitments upper,Aviation,1997,WTW,co2,0.7286616426490002,Gt
Current Commitments upper,Aviation,1998,WTW,co2,0.7430305719370003,Gt
Current Commitments upper,Aviation,1999,WTW,co2,0.7669973807520003,Gt
Current Commitments upper,Aviation,2000,WTW,co2,0.8067201816460002,Gt
Current Commitments upper,Aviation,2001,WTW,co2,0.7759853988910002,Gt
Current Commitments upper,Aviation,2002,WTW,co2,0.7775546763650002,Gt
Current Commitments upper,Aviation,2003,WTW,co2,0.7770675309880003,Gt
Current Commitments upper,Aviation,2004,WTW,co2,0.8259494087030003,Gt
Current Commitments upper,Aviation,2005,WTW,co2,0.8665423776750003,Gt
Current Commitments upper,Aviation,2006,WTW,co2,0.8766459959140003,Gt
Current Commitments upper,Aviation,2007,WTW,co2,0.9021039901960004,Gt
Current Commitments upper,Aviation,2008,WTW,co2,0.8979316458220002,Gt
Current Commitments upper,Aviation,2009,WTW,co2,0.8515152443280002,Gt
Current Commitments upper,Aviation,2010,WTW,co2,0.8945104721820002,Gt
Current Commitments upper,Aviation,2011,WTW,co2,0.9210394425600005,Gt
Current Commitments upper,Aviation,2012,WTW,co2,0.9310091887870002,Gt
Current Commitments upper,Aviation,2013,WTW,co2,0.957471223159,Gt
Current Commitments upper,Aviation,2014,WTW,co2,0.9875924258590004,Gt
Current Commitments upper,Aviation,2015,WTW,co2,1.0415279720270005,Gt
Current Commitments upper,Aviation,2016,WTW,co2,1.0919010352090004,Gt
Current Commitments upper,Aviation,2017,WTW,co2,1.1563231962863314,Gt
Current Commitments upper,Aviation,2018,WTW,co2,1.2164520024932204,Gt
Current Commitments upper,Aviation,2019,WTW,co2,1.0877312102318928,Gt
Current Commitments upper,Aviation,2020,WTW,co2,0.5891877388291253,Gt
Current Commitments upper,Aviation,2021,WTW,co2,0.7024930732050391,Gt
Current Commitments upper,Aviation,2022,WTW,co2,0.8611205414800652,Gt
Current Commitments upper,Aviation,2023,WTW,co2,1.0010551062646145,Gt
Current Commitments upper,Aviation,2024,WTW,co2,1.079212602199146,Gt
Current Commitments upper,Aviation,2025,WTW,co2,1.1469849514813637,Gt
Current Commitments upper,Aviation,2026,WTW,co2,1.1626895883289392,Gt
Current Commitments upper,Aviation,2027,WTW,co2,1.1801301909694137,Gt
Current Commitments upper,Aviation,2028,WTW,co2,1.1983141251618536,Gt
Current Commitments upper,Aviation,2029,WTW,co2,1.216848907671411,Gt
Current Commitments upper,Aviation,2030,WTW,co2,1.2358286787327724,Gt
Current Commitments upper,Aviation,2031,WTW,co2,1.253347453682318,Gt
Current Commitments upper,Aviation,2032,WTW,co2,1.2712706600424568,Gt
Current Commitments upper,Aviation,2033,WTW,co2,1.289623543317178,Gt
Current Commitments upper,Aviation,2034,WTW,co2,1.308467903949956,Gt
Current Commitments upper,Aviation,2035,WTW,co2,1.3276701932515331,Gt
Current Commitments upper,Aviation,2036,WTW,co2,1.3470769043501922,Gt
Current Commitments upper,Aviation,2037,WTW,co2,1.3662577451387168,Gt
Current Commitments upper,Aviation,2038,WTW,co2,1.3848520741387498,Gt
Current Commitments upper,Aviation,2039,WTW,co2,1.402865945098704,Gt
Current Commitments upper,Aviation,2040,WTW,co2,1.4211655970197739,Gt
Current Commitments upper,Aviation,2041,WTW,co2,1.4405629791021368,Gt
Current Commitments upper,Aviation,2042,WTW,co2,1.4600925459379772,Gt
Current Commitments upper,Aviation,2043,WTW,co2,1.4795071514649356,Gt
Current Commitments upper,Aviation,2044,WTW,co2,1.498481240607922,Gt
Current Commitments upper,Aviation,2045,WTW,co2,1.5168908005996242,Gt
Current Commitments upper,Aviation,2046,WTW,co2,1.534196319369811,Gt
Current Commitments upper,Aviation,2047,WTW,co2,1.5507548437544982,Gt
Current Commitments upper,Aviation,2048,WTW,co2,1.566593488427423,Gt
Current Commitments upper,Aviation,2049,WTW,co2,1.5827846432150061,Gt
Current Commitments upper,Aviation,2050,WTW,co2,1.6000568092687883,Gt
Full Breakthrough,Aviation,1940,WTW,co2,0.03329504174418605,Gt
Full Breakthrough,Aviation,1941,WTW,co2,0.03588946058139537,Gt
Full Breakthrough,Aviation,1942,WTW,co2,0.03891628255813955,Gt
Full Breakthrough,Aviation,1943,WTW,co2,0.04194310453488372,Gt
Full Breakthrough,Aviation,1944,WTW,co2,0.04540232965116281,Gt
Full Breakthrough,Aviation,1945,WTW,co2,0.048861554767441875,Gt
Full Breakthrough,Aviation,1946,WTW,co2,0.05318558616279072,Gt
Full Breakthrough,Aviation,1947,WTW,co2,0.057077214418604666,Gt
Full Breakthrough,Aviation,1948,WTW,co2,0.061833648953488383,Gt
Full Breakthrough,Aviation,1949,WTW,co2,0.0665900834883721,Gt
Full Breakthrough,Aviation,1950,WTW,co2,0.0722113243023256,Gt
Full Breakthrough,Aviation,1951,WTW,co2,0.0778325651162791,Gt
Full Breakthrough,Aviation,1952,WTW,co2,0.08388620906976745,Gt
Full Breakthrough,Aviation,1953,WTW,co2,0.09080465930232562,Gt
Full Breakthrough,Aviation,1954,WTW,co2,0.09815551267441865,Gt
Full Breakthrough,Aviation,1955,WTW,co2,0.10593876918604651,Gt
Full Breakthrough,Aviation,1956,WTW,co2,0.1145868319767442,Gt
Full Breakthrough,Aviation,1957,WTW,co2,0.12366729790697675,Gt
Full Breakthrough,Aviation,1958,WTW,co2,0.1336125701162791,Gt
Full Breakthrough,Aviation,1959,WTW,co2,0.1439902454651163,Gt
Full Breakthrough,Aviation,1960,WTW,co2,0.1556651302325582,Gt
Full Breakthrough,Aviation,1961,WTW,co2,0.17079924011627912,Gt
Full Breakthrough,Aviation,1962,WTW,co2,0.1880953656976745,Gt
Full Breakthrough,Aviation,1963,WTW,co2,0.19847304104651167,Gt
Full Breakthrough,Aviation,1964,WTW,co2,0.20755350697674424,Gt
Full Breakthrough,Aviation,1965,WTW,co2,0.22182281058139544,Gt
Full Breakthrough,Aviation,1966,WTW,co2,0.24041614558139543,Gt
Full Breakthrough,Aviation,1967,WTW,co2,0.2836564595348838,Gt
Full Breakthrough,Aviation,1968,WTW,co2,0.3212755326744188,Gt
Full Breakthrough,Aviation,1969,WTW,co2,0.33640964255813965,Gt
Full Breakthrough,Aviation,1970,WTW,co2,0.33727444883720936,Gt
Full Breakthrough,Aviation,1971,WTW,co2,0.3891628255813955,Gt
Full Breakthrough,Aviation,1972,WTW,co2,0.4151070139534885,Gt
Full Breakthrough,Aviation,1973,WTW,co2,0.42980872069767456,Gt
Full Breakthrough,Aviation,1974,WTW,co2,0.4151070139534885,Gt
Full Breakthrough,Aviation,1975,WTW,co2,0.4155394170930234,Gt
Full Breakthrough,Aviation,1976,WTW,co2,0.4168366265116281,Gt
Full Breakthrough,Aviation,1977,WTW,co2,0.4414836054651164,Gt
Full Breakthrough,Aviation,1978,WTW,co2,0.45705011848837224,Gt
Full Breakthrough,Aviation,1979,WTW,co2,0.4760758566279071,Gt
Full Breakthrough,Aviation,1980,WTW,co2,0.4795350817441862,Gt
Full Breakthrough,Aviation,1981,WTW,co2,0.47261663151162797,Gt
Full Breakthrough,Aviation,1982,WTW,co2,0.47780546918604666,Gt
Full Breakthrough,Aviation,1983,WTW,co2,0.4842915162790699,Gt
Full Breakthrough,Aviation,1984,WTW,co2,0.5167217517441862,Gt
Full Breakthrough,Aviation,1985,WTW,co2,0.5335854741860466,Gt
Full Breakthrough,Aviation,1986,WTW,co2,0.5616916782558142,Gt
Full Breakthrough,Aviation,1987,WTW,co2,0.5863386572093024,Gt
Full Breakthrough,Aviation,1988,WTW,co2,0.6114180393023259,Gt
Full Breakthrough,Aviation,1989,WTW,co2,0.6334705994186048,Gt
Full Breakthrough,Aviation,1990,WTW,co2,0.6467840326430002,Gt
Full Breakthrough,Aviation,1991,WTW,co2,0.6254909454010003,Gt
Full Breakthrough,Aviation,1992,WTW,co2,0.6269412255310002,Gt
Full Breakthrough,Aviation,1993,WTW,co2,0.6303623991710002,Gt
Full Breakthrough,Aviation,1994,WTW,co2,0.6604315405330002,Gt
Full Breakthrough,Aviation,1995,WTW,co2,0.6765110566410001,Gt
Full Breakthrough,Aviation,1996,WTW,co2,0.7071305607190002,Gt
Full Breakthrough,Aviation,1997,WTW,co2,0.7286616426490002,Gt
Full Breakthrough,Aviation,1998,WTW,co2,0.7430305719370003,Gt
Full Breakthrough,Aviation,1999,WTW,co2,0.7669973807520003,Gt
Full Breakthrough,Aviation,2000,WTW,co2,0.8067201816460002,Gt
Full Breakthrough,Aviation,2001,WTW,co2,0.7759853988910002,Gt
Full Breakthrough,Aviation,2002,WTW,co2,0.7775546763650002,Gt
Full Breakthrough,Aviation,2003,WTW,co2,0.7770675309880003,Gt
Full Breakthrough,Aviation,2004,WTW,co2,0.8259494087030003,Gt
Full Breakthrough,Aviation,2005,WTW,co2,0.8665423776750003,Gt
Full Breakthrough,Aviation,2006,WTW,co2,0.8766459959140003,Gt
Full Breakthrough,Aviation,2007,WTW,co2,0.9021039901960004,Gt
Full Breakthrough,Aviation,2008,WTW,co2,0.8979316458220002,Gt
Full Breakthrough,Aviation,2009,WTW,co2,0.8515152443280002,Gt
Full Breakthrough,Aviation,2010,WTW,co2,0.8945104721820002,Gt
Full Breakthrough,Aviation,2011,WTW,co2,0.9210394425600005,Gt
Full Breakthrough,Aviation,2012,WTW,co2,0.9310091887870002,Gt
Full Breakthrough,Aviation,2013,WTW,co2,0.957471223159,Gt
Full Breakthrough,Aviation,2014,WTW,co2,0.9875924258590004,Gt
Full Breakthrough,Aviation,2015,WTW,co2,1.0415279720270005,Gt
Full Breakthrough,Aviation,2016,WTW,co2,1.0919010352090004,Gt
Full Breakthrough,Aviation,2017,WTW,co2,1.1563231962863314,Gt
Full Breakthrough,Aviation,2018,WTW,co2,1.2164520024932204,Gt
Full Breakthrough,Aviation,2019,WTW,co2,1.0877312102318928,Gt
Full Breakthrough,Aviation,2020,WTW,co2,0.5891877388291253,Gt
Full Breakthrough,Aviation,2021,WTW,co2,0.7024930732050391,Gt
Full Breakthrough,Aviation,2022,WTW,co2,0.8611205414800652,Gt
Full Breakthrough,Aviation,2023,WTW,co2,1.0010551062646145,Gt
Full Breakthrough,Aviation,2024,WTW,co2,1.079212602199146,Gt
Full Breakthrough,Aviation,2025,WTW,co2,1.128805613729875,Gt
Full Breakthrough,Aviation,2026,WTW,co2,1.1332127393962748,Gt
Full Breakthrough,Aviation,2027,WTW,co2,1.139744547967718,Gt
Full Breakthrough,Aviation,2028,WTW,co2,1.1466440108934015,Gt
Full Breakthrough,Aviation,2029,WTW,co2,1.1549576300021562,Gt
Full Breakthrough,Aviation,2030,WTW,co2,1.160717815339064,Gt
Full Breakthrough,Aviation,2031,WTW,co2,1.1419775084755532,Gt
Full Breakthrough,Aviation,2032,WTW,co2,1.122521223953012,Gt
Full Breakthrough,Aviation,2033,WTW,co2,1.1015160598992146,Gt
Full Breakthrough,Aviation,2034,WTW,co2,1.0798153884902124,Gt
Full Breakthrough,Aviation,2035,WTW,co2,1.0551974902366346,Gt
Full Breakthrough,Aviation,2036,WTW,co2,1.0256009139288738,Gt
Full Breakthrough,Aviation,2037,WTW,co2,0.9927546641281416,Gt
Full Breakthrough,Aviation,2038,WTW,co2,0.9558923855901318,Gt
Full Breakthrough,Aviation,2039,WTW,co2,0.9154449678396549,Gt
Full Breakthrough,Aviation,2040,WTW,co2,0.8740910229564787,Gt
Full Breakthrough,Aviation,2041,WTW,co2,0.8350472204076526,Gt
Full Breakthrough,Aviation,2042,WTW,co2,0.7953632118600206,Gt
Full Breakthrough,Aviation,2043,WTW,co2,0.7548331984070928,Gt
Full Breakthrough,Aviation,2044,WTW,co2,0.7137839999103996,Gt
Full Breakthrough,Aviation,2045,WTW,co2,0.6722788028049809,Gt
Full Breakthrough,Aviation,2046,WTW,co2,0.6298852193951205,Gt
Full Breakthrough,Aviation,2047,WTW,co2,0.5871505018645468,Gt
Full Breakthrough,Aviation,2048,WTW,co2,0.544254462111245,Gt
Full Breakthrough,Aviation,2049,WTW,co2,0.5013582135397819,Gt
Full Breakthrough,Aviation,2050,WTW,co2,0.4585547793294277,Gt
Full Breakthrough lower,Aviation,1940,WTW,co2,0.03329504174418605,Gt
Full Breakthrough lower,Aviation,1941,WTW,co2,0.03588946058139537,Gt
Full Breakthrough lower,Aviation,1942,WTW,co2,0.03891628255813955,Gt
Full Breakthrough lower,Aviation,1943,WTW,co2,0.04194310453488372,Gt
Full Breakthrough lower,Aviation,1944,WTW,co2,0.04540232965116281,Gt
Full Breakthrough lower,Aviation,1945,WTW,co2,0.048861554767441875,Gt
Full Breakthrough lower,Aviation,1946,WTW,co2,0.05318558616279072,Gt
Full Breakthrough lower,Aviation,1947,WTW,co2,0.057077214418604666,Gt
Full Breakthrough lower,Aviation,1948,WTW,co2,0.061833648953488383,Gt
Full Breakthrough lower,Aviation,1949,WTW,co2,0.0665900834883721,Gt
Full Breakthrough lower,Aviation,1950,WTW,co2,0.0722113243023256,Gt
Full Breakthrough lower,Aviation,1951,WTW,co2,0.0778325651162791,Gt
Full Breakthrough lower,Aviation,1952,WTW,co2,0.08388620906976745,Gt
Full Breakthrough lower,Aviation,1953,WTW,co2,0.09080465930232562,Gt
Full Breakthrough lower,Aviation,1954,WTW,co2,0.09815551267441865,Gt
Full Breakthrough lower,Aviation,1955,WTW,co2,0.10593876918604651,Gt
Full Breakthrough lower,Aviation,1956,WTW,co2,0.1145868319767442,Gt
Full Breakthrough lower,Aviation,1957,WTW,co2,0.12366729790697675,Gt
Full Breakthrough lower,Aviation,1958,WTW,co2,0.1336125701162791,Gt
Full Breakthrough lower,Aviation,1959,WTW,co2,0.1439902454651163,Gt
Full Breakthrough lower,Aviation,1960,WTW,co2,0.1556651302325582,Gt
Full Breakthrough lower,Aviation,1961,WTW,co2,0.17079924011627912,Gt
Full Breakthrough lower,Aviation,1962,WTW,co2,0.1880953656976745,Gt
Full Breakthrough lower,Aviation,1963,WTW,co2,0.19847304104651167,Gt
Full Breakthrough lower,Aviation,1964,WTW,co2,0.20755350697674424,Gt
Full Breakthrough lower,Aviation,1965,WTW,co2,0.22182281058139544,Gt
Full Breakthrough lower,Aviation,1966,WTW,co2,0.24041614558139543,Gt
Full Breakthrough lower,Aviation,1967,WTW,co2,0.2836564595348838,Gt
Full Breakthrough lower,Aviation,1968,WTW,co2,0.3212755326744188,Gt
Full Breakthrough lower,Aviation,1969,WTW,co2,0.33640964255813965,Gt
Full Breakthrough lower,Aviation,1970,WTW,co2,0.33727444883720936,Gt
Full Breakthrough lower,Aviation,1971,WTW,co2,0.3891628255813955,Gt
Full Breakthrough lower,Aviation,1972,WTW,co2,0.4151070139534885,Gt
Full Breakthrough lower,Aviation,1973,WTW,co2,0.42980872069767456,Gt
Full Breakthrough lower,Aviation,1974,WTW,co2,0.4151070139534885,Gt
Full Breakthrough lower,Aviation,1975,WTW,co2,0.4155394170930234,Gt
Full Breakthrough lower,Aviation,1976,WTW,co2,0.4168366265116281,Gt
Full Breakthrough lower,Aviation,1977,WTW,co2,0.4414836054651164,Gt
Full Breakthrough lower,Aviation,1978,WTW,co2,0.45705011848837224,Gt
Full Breakthrough lower,Aviation,1979,WTW,co2,0.4760758566279071,Gt
Full Breakthrough lower,Aviation,1980,WTW,co2,0.4795350817441862,Gt
Full Breakthrough lower,Aviation,1981,WTW,co2,0.47261663151162797,Gt
Full Breakthrough lower,Aviation,1982,WTW,co2,0.47780546918604666,Gt
Full Breakthrough lower,Aviation,1983,WTW,co2,0.4842915162790699,Gt
Full Breakthrough lower,Aviation,1984,WTW,co2,0.5167217517441862,Gt
Full Breakthrough lower,Aviation,1985,WTW,co2,0.5335854741860466,Gt
Full Breakthrough lower,Aviation,1986,WTW,co2,0.5616916782558142,Gt
Full Breakthrough lower,Aviation,1987,WTW,co2,0.5863386572093024,Gt
Full Breakthrough lower,Aviation,1988,WTW,co2,0.6114180393023259,Gt
Full Breakthrough lower,Aviation,1989,WTW,co2,0.6334705994186048,Gt
Full Breakthrough lower,Aviation,1990,WTW,co2,0.6467840326430002,Gt
Full Breakthrough lower,Aviation,1991,WTW,co2,0.6254909454010003,Gt
Full Breakthrough lower,Aviation,1992,WTW,co2,0.6269412255310002,Gt
Full Breakthrough lower,Aviation,1993,WTW,co2,0.6303623991710002,Gt
Full Breakthrough lower,Aviation,1994,WTW,co2,0.6604315405330002,Gt
Full Breakthrough lower,Aviation,1995,WTW,co2,0.6765110566410001,Gt
Full Breakthrough lower,Aviation,1996,WTW,co2,0.7071305607190002,Gt
Full Breakthrough lower,Aviation,1997,WTW,co2,0.7286616426490002,Gt
Full Breakthrough lower,Aviation,1998,WTW,co2,0.7430305719370003,Gt
Full Breakthrough lower,Aviation,1999,WTW,co2,0.7669973807520003,Gt
Full Breakthrough lower,Aviation,2000,WTW,co2,0.8067201816460002,Gt
Full Breakthrough lower,Aviation,2001,WTW,co2,0.7759853988910002,Gt
Full Breakthrough lower,Aviation,2002,WTW,co2,0.7775546763650002,Gt
Full Breakthrough lower,Aviation,2003,WTW,co2,0.7770675309880003,Gt
Full Breakthrough lower,Aviation,2004,WTW,co2,0.8259494087030003,Gt
Full Breakthrough lower,Aviation,2005,WTW,co2,0.8665423776750003,Gt
Full Breakthrough lower,Aviation,2006,WTW,co2,0.8766459959140003,Gt
Full Breakthrough lower,Aviation,2007,WTW,co2,0.9021039901960004,Gt
Full Breakthrough lower,Aviation,2008,WTW,co2,0.8979316458220002,Gt
Full Breakthrough lower,Aviation,2009,WTW,co2,0.8515152443280002,Gt
Full Breakthrough lower,Aviation,2010,WTW,co2,0.8945104721820002,Gt
Full Breakthrough lower,Aviation,2011,WTW,co2,0.9210394425600005,Gt
Full Breakthrough lower,Aviation,2012,WTW,co2,0.9310091887870002,Gt
Full Breakthrough lower,Aviation,2013,WTW,co2,0.957471223159,Gt
Full Breakthrough lower,Aviation,2014,WTW,co2,0.9875924258590004,Gt
Full Breakthrough lower,Aviation,2015,WTW,co2,1.0415279720270005,Gt
Full Breakthrough lower,Aviation,2016,WTW,co2,1.0919010352090004,Gt
Full Breakthrough lower,Aviation,2017,WTW,co2,1.1563231962863314,Gt
Full Breakthrough lower,Aviation,2018,WTW,co2,1.2164520024932204,Gt
Full Breakthrough lower,Aviation,2019,WTW,co2,1.0877312102318928,Gt
Full Breakthrough lower,Aviation,2020,WTW,co2,0.5891877388291253,Gt
Full Breakthrough lower,Aviation,2021,WTW,co2,0.7024930732050391,Gt
Full Breakthrough lower,Aviation,2022,WTW,co2,0.8611205414800652,Gt
Full Breakthrough lower,Aviation,2023,WTW,co2,1.0010551062646145,Gt
Full Breakthrough lower,Aviation,2024,WTW,co2,1.079212602199146,Gt
Full Breakthrough lower,Aviation,2025,WTW,co2,1.128805613729875,Gt
Full Breakthrough lower,Aviation,2026,WTW,co2,1.1332127393962748,Gt
Full Breakthrough lower,Aviation,2027,WTW,co2,1.139744547967718,Gt
Full Breakthrough lower,Aviation,2028,WTW,co2,1.1466440108934015,Gt
Full Breakthrough lower,Aviation,2029,WTW,co2,1.1549576300021562,Gt
Full Breakthrough lower,Aviation,2030,WTW,co2,1.160717815339064,Gt
Full Breakthrough lower,Aviation,2031,WTW,co2,1.1419775084755532,Gt
Full Breakthrough lower,Aviation,2032,WTW,co2,1.122521223953012,Gt
Full Breakthrough lower,Aviation,2033,WTW,co2,1.1015160598992146,Gt
Full Breakthrough lower,Aviation,2034,WTW,co2,1.0798153884902124,Gt
Full Breakthrough lower,Aviation,2035,WTW,co2,1.0551974902366346,Gt
Full Breakthrough lower,Aviation,2036,WTW,co2,1.0256009139288738,Gt
Full Breakthrough lower,Aviation,2037,WTW,co2,0.9927546641281416,Gt
Full Breakthrough lower,Aviation,2038,WTW,co2,0.9558923855901318,Gt
Full Breakthrough lower,Aviation,2039,WTW,co2,0.9154449678396549,Gt
Full Breakthrough lower,Aviation,2040,WTW,co2,0.8740910229564787,Gt
Full Breakthrough lower,Aviation,2041,WTW,co2,0.8350472204076526,Gt
Full Breakthrough lower,Aviation,2042,WTW,co2,0.7953632118600206,Gt
Full Breakthrough lower,Aviation,2043,WTW,co2,0.7548331984070928,Gt
Full Breakthrough lower,Aviation,2044,WTW,co2,0.7137839999103996,Gt
Full Breakthrough lower,Aviation,2045,WTW,co2,0.6722788028049809,Gt
Full Breakthrough lower,Aviation,2046,WTW,co2,0.6298852193951205,Gt
Full Breakthrough lower,Aviation,2047,WTW,co2,0.5871505018645468,Gt
Full Breakthrough lower,Aviation,2048,WTW,co2,0.544254462111245,Gt
Full Breakthrough lower,Aviation,2049,WTW,co2,0.5013582135397819,Gt
Full Breakthrough lower,Aviation,2050,WTW,co2,0.4585547793294277,Gt
Full Breakthrough upper,Aviation,1940,WTW,co2,0.03329504174418605,Gt
Full Breakthrough upper,Aviation,1941,WTW,co2,0.03588946058139537,Gt
Full Breakthrough upper,Aviation,1942,WTW,co2,0.03891628255813955,Gt
Full Breakthrough upper,Aviation,1943,WTW,co2,0.04194310453488372,Gt
Full Breakthrough upper,Aviation,1944,WTW,co2,0.04540232965116281,Gt
Full Breakthrough upper,Aviation,1945,WTW,co2,0.048861554767441875,Gt
Full Breakthrough upper,Aviation,1946,WTW,co2,0.05318558616279072,Gt
Full Breakthrough upper,Aviation,1947,WTW,co2,0.057077214418604666,Gt
Full Breakthrough upper,Aviation,1948,WTW,co2,0.061833648953488383,Gt
Full Breakthrough upper,Aviation,1949,WTW,co2,0.0665900834883721,Gt
Full Breakthrough upper,Aviation,1950,WTW,co2,0.0722113243023256,Gt
Full Breakthrough upper,Aviation,1951,WTW,co2,0.0778325651162791,Gt
Full Breakthrough upper,Aviation,1952,WTW,co2,0.08388620906976745,Gt
Full Breakthrough upper,Aviation,1953,WTW,co2,0.09080465930232562,Gt
Full Breakthrough upper,Aviation,1954,WTW,co2,0.09815551267441865,Gt
Full Breakthrough upper,Aviation,1955,WTW,co2,0.10593876918604651,Gt
Full Breakthrough upper,Aviation,1956,WTW,co2,0.1145868319767442,Gt
Full Breakthrough upper,Aviation,1957,WTW,co2,0.12366729790697675,Gt
Full Breakthrough upper,Aviation,1958,WTW,co2,0.1336125701162791,Gt
Full Breakthrough upper,Aviation,1959,WTW,co2,0.1439902454651163,Gt
Full Breakthrough upper,Aviation,1960,WTW,co2,0.1556651302325582,Gt
Full Breakthrough upper,Aviation,1961,WTW,co2,0.17079924011627912,Gt
Full Breakthrough upper,Aviation,1962,WTW,co2,0.1880953656976745,Gt
Full Breakthrough upper,Aviation,1963,WTW,co2,0.19847304104651167,Gt
Full Breakthrough upper,Aviation,1964,WTW,co2,0.20755350697674424,Gt
Full Breakthrough upper,Aviation,1965,WTW,co2,0.22182281058139544,Gt
Full Breakthrough upper,Aviation,1966,WTW,co2,0.24041614558139543,Gt
Full Breakthrough upper,Aviation,1967,WTW,co2,0.2836564595348838,Gt
Full Breakthrough upper,Aviation,1968,WTW,co2,0.3212755326744188,Gt
Full Breakthrough upper,Aviation,1969,WTW,co2,0.33640964255813965,Gt
Full Breakthrough upper,Aviation,1970,WTW,co2,0.33727444883720936,Gt
Full Breakthrough upper,Aviation,1971,WTW,co2,0.3891628255813955,Gt
Full Breakthrough upper,Aviation,1972,WTW,co2,0.4151070139534885,Gt
Full Breakthrough upper,Aviation,1973,WTW,co2,0.42980872069767456,Gt
Full Breakthrough upper,Aviation,1974,WTW,co2,0.4151070139534885,Gt
Full Breakthrough upper,Aviation,1975,WTW,co2,0.4155394170930234,Gt
Full Breakthrough upper,Aviation,1976,WTW,co2,0.4168366265116281,Gt
Full Breakthrough upper,Aviation,1977,WTW,co2,0.4414836054651164,Gt
Full Breakthrough upper,Aviation,1978,WTW,co2,0.45705011848837224,Gt
Full Breakthrough upper,Aviation,1979,WTW,co2,0.4760758566279071,Gt
Full Breakthrough upper,Aviation,1980,WTW,co2,0.4795350817441862,Gt
Full Breakthrough upper,Aviation,1981,WTW,co2,0.47261663151162797,Gt
Full Breakthrough upper,Aviation,1982,WTW,co2,0.47780546918604666,Gt
Full Breakthrough upper,Aviation,1983,WTW,co2,0.4842915162790699,Gt
Full Breakthrough upper,Aviation,1984,WTW,co2,0.5167217517441862,Gt
Full Breakthrough upper,Aviation,1985,WTW,co2,0.5335854741860466,Gt
Full Breakthrough upper,Aviation,1986,WTW,co2,0.5616916782558142,Gt
Full Breakthrough upper,Aviation,1987,WTW,co2,0.5863386572093024,Gt
Full Breakthrough upper,Aviation,1988,WTW,co2,0.6114180393023259,Gt
Full Breakthrough upper,Aviation,1989,WTW,co2,0.6334705994186048,Gt
Full Breakthrough upper,Aviation,1990,WTW,co2,0.6467840326430002,Gt
Full Breakthrough upper,Aviation,1991,WTW,co2,0.6254909454010003,Gt
Full Breakthrough upper,Aviation,1992,WTW,co2,0.6269412255310002,Gt
Full Breakthrough upper,Aviation,1993,WTW,co2,0.6303623991710002,Gt
Full Breakthrough upper,Aviation,1994,WTW,co2,0.6604315405330002,Gt
Full Breakthrough upper,Aviation,1995,WTW,co2,0.6765110566410001,Gt
Full Breakthrough upper,Aviation,1996,WTW,co2,0.7071305607190002,Gt
Full Breakthrough upper,Aviation,1997,WTW,co2,0.7286616426490002,Gt
Full Breakthrough upper,Aviation,1998,WTW,co2,0.7430305719370003,Gt
Full Breakthrough upper,Aviation,1999,WTW,co2,0.7669973807520003,Gt
Full Breakthrough upper,Aviation,2000,WTW,co2,0.8067201816460002,Gt
Full Breakthrough upper,Aviation,2001,WTW,co2,0.7759853988910002,Gt
Full Breakthrough upper,Aviation,2002,WTW,co2,0.7775546763650002,Gt
Full Breakthrough upper,Aviation,2003,WTW,co2,0.7770675309880003,Gt
Full Breakthrough upper,Aviation,2004,WTW,co2,0.8259494087030003,Gt
Full Breakthrough upper,Aviation,2005,WTW,co2,0.8665423776750003,Gt
Full Breakthrough upper,Aviation,2006,WTW,co2,0.8766459959140003,Gt
Full Breakthrough upper,Aviation,2007,WTW,co2,0.9021039901960004,Gt
Full Breakthrough upper,Aviation,2008,WTW,co2,0.8979316458220002,Gt
Full Breakthrough upper,Aviation,2009,WTW,co2,0.8515152443280002,Gt
Full Breakthrough upper,Aviation,2010,WTW,co2,0.8945104721820002,Gt
Full Breakthrough upper,Aviation,2011,WTW,co2,0.9210394425600005,Gt
Full Breakthrough upper,Aviation,2012,WTW,co2,0.9310091887870002,Gt
Full Breakthrough upper,Aviation,2013,WTW,co2,0.957471223159,Gt
Full Breakthrough upper,Aviation,2014,WTW,co2,0.9875924258590004,Gt
Full Breakthrough upper,Aviation,2015,WTW,co2,1.0415279720270005,Gt
Full Breakthrough upper,Aviation,2016,WTW,co2,1.0919010352090004,Gt
Full Breakthrough upper,Aviation,2017,WTW,co2,1.1563231962863314,Gt
Full Breakthrough upper,Aviation,2018,WTW,co2,1.2164520024932204,Gt
Full Breakthrough upper,Aviation,2019,WTW,co2,1.0877312102318928,Gt
Full Breakthrough upper,Aviation,2020,WTW,co2,0.5891877388291253,Gt
Full Breakthrough upper,Aviation,2021,WTW,co2,0.7024930732050391,Gt
Full Breakthrough upper,Aviation,2022,WTW,co2,0.8611205414800652,Gt
Full Breakthrough upper,Aviation,2023,WTW,co2,1.0010551062646145,Gt
Full Breakthrough upper,Aviation,2024,WTW,co2,1.079212602199146,Gt
Full Breakthrough upper,Aviation,2025,WTW,co2,1.128805613729875,Gt
Full Breakthrough upper,Aviation,2026,WTW,co2,1.1332127393962748,Gt
Full Breakthrough upper,Aviation,2027,WTW,co2,1.139744547967718,Gt
Full Breakthrough upper,Aviation,2028,WTW,co2,1.1466440108934015,Gt
Full Breakthrough upper,Aviation,2029,WTW,co2,1.1549576300021562,Gt
Full Breakthrough upper,Aviation,2030,WTW,co2,1.160717815339064,Gt
Full Breakthrough upper,Aviation,2031,WTW,co2,1.1419775084755532,Gt
Full Breakthrough upper,Aviation,2032,WTW,co2,1.122521223953012,Gt
Full Breakthrough upper,Aviation,2033,WTW,co2,1.1015160598992146,Gt
Full Breakthrough upper,Aviation,2034,WTW,co2,1.0798153884902124,Gt
Full Breakthrough upper,Aviation,2035,WTW,co2,1.0551974902366346,Gt
Full Breakthrough upper,Aviation,2036,WTW,co2,1.0256009139288738,Gt
Full Breakthrough upper,Aviation,2037,WTW,co2,0.9927546641281416,Gt
Full Breakthrough upper,Aviation,2038,WTW,co2,0.9558923855901318,Gt
Full Breakthrough upper,Aviation,2039,WTW,co2,0.9154449678396549,Gt
Full Breakthrough upper,Aviation,2040,WTW,co2,0.8740910229564787,Gt
Full Breakthrough upper,Aviation,2041,WTW,co2,0.8350472204076526,Gt
Full Breakthrough upper,Aviation,2042,WTW,co2,0.7953632118600206,Gt
Full Breakthrough upper,Aviation,2043,WTW,co2,0.7548331984070928,Gt
Full Breakthrough upper,Aviation,2044,WTW,co2,0.7137839999103996,Gt
Full Breakthrough upper,Aviation,2045,WTW,co2,0.6722788028049809,Gt
Full Breakthrough upper,Aviation,2046,WTW,co2,0.6298852193951205,Gt
Full Breakthrough upper,Aviation,2047,WTW,co2,0.5871505018645468,Gt
Full Breakthrough upper,Aviation,2048,WTW,co2,0.544254462111245,Gt
Full Breakthrough upper,Aviation,2049,WTW,co2,0.5013582135397819,Gt
Full Breakthrough upper,Aviation,2050,WTW,co2,0.4585547793294277,Gt
GHG Forward,Aviation,1940,WTW,co2,0.03329504174418605,Gt
GHG Forward,Aviation,1941,WTW,co2,0.03588946058139537,Gt
GHG Forward,Aviation,1942,WTW,co2,0.03891628255813955,Gt
GHG Forward,Aviation,1943,WTW,co2,0.04194310453488372,Gt
GHG Forward,Aviation,1944,WTW,co2,0.04540232965116281,Gt
GHG Forward,Aviation,1945,WTW,co2,0.048861554767441875,Gt
GHG Forward,Aviation,1946,WTW,co2,0.05318558616279072,Gt
GHG Forward,Aviation,1947,WTW,co2,0.057077214418604666,Gt
GHG Forward,Aviation,1948,WTW,co2,0.061833648953488383,Gt
GHG Forward,Aviation,1949,WTW,co2,0.0665900834883721,Gt
GHG Forward,Aviation,1950,WTW,co2,0.0722113243023256,Gt
GHG Forward,Aviation,1951,WTW,co2,0.0778325651162791,Gt
GHG Forward,Aviation,1952,WTW,co2,0.08388620906976745,Gt
GHG Forward,Aviation,1953,WTW,co2,0.09080465930232562,Gt
GHG Forward,Aviation,1954,WTW,co2,0.09815551267441865,Gt
GHG Forward,Aviation,1955,WTW,co2,0.10593876918604651,Gt
GHG Forward,Aviation,1956,WTW,co2,0.1145868319767442,Gt
GHG Forward,Aviation,1957,WTW,co2,0.12366729790697675,Gt
GHG Forward,Aviation,1958,WTW,co2,0.1336125701162791,Gt
GHG Forward,Aviation,1959,WTW,co2,0.1439902454651163,Gt
GHG Forward,Aviation,1960,WTW,co2,0.1556651302325582,Gt
GHG Forward,Aviation,1961,WTW,co2,0.17079924011627912,Gt
GHG Forward,Aviation,1962,WTW,co2,0.1880953656976745,Gt
GHG Forward,Aviation,1963,WTW,co2,0.19847304104651167,Gt
GHG Forward,Aviation,1964,WTW,co2,0.20755350697674424,Gt
GHG Forward,Aviation,1965,WTW,co2,0.22182281058139544,Gt
GHG Forward,Aviation,1966,WTW,co2,0.24041614558139543,Gt
GHG Forward,Aviation,1967,WTW,co2,0.2836564595348838,Gt
GHG Forward,Aviation,1968,WTW,co2,0.3212755326744188,Gt
GHG Forward,Aviation,1969,WTW,co2,0.33640964255813965,Gt
GHG Forward,Aviation,1970,WTW,co2,0.33727444883720936,Gt
GHG Forward,Aviation,1971,WTW,co2,0.3891628255813955,Gt
GHG Forward,Aviation,1972,WTW,co2,0.4151070139534885,Gt
GHG Forward,Aviation,1973,WTW,co2,0.42980872069767456,Gt
GHG Forward,Aviation,1974,WTW,co2,0.4151070139534885,Gt
GHG Forward,Aviation,1975,WTW,co2,0.4155394170930234,Gt
GHG Forward,Aviation,1976,WTW,co2,0.4168366265116281,Gt
GHG Forward,Aviation,1977,WTW,co2,0.4414836054651164,Gt
GHG Forward,Aviation,1978,WTW,co2,0.45705011848837224,Gt
GHG Forward,Aviation,1979,WTW,co2,0.4760758566279071,Gt
GHG Forward,Aviation,1980,WTW,co2,0.4795350817441862,Gt
GHG Forward,Aviation,1981,WTW,co2,0.47261663151162797,Gt
GHG Forward,Aviation,1982,WTW,co2,0.47780546918604666,Gt
GHG Forward,Aviation,1983,WTW,co2,0.4842915162790699,Gt
GHG Forward,Aviation,1984,WTW,co2,0.5167217517441862,Gt
GHG Forward,Aviation,1985,WTW,co2,0.5335854741860466,Gt
GHG Forward,Aviation,1986,WTW,co2,0.5616916782558142,Gt
GHG Forward,Aviation,1987,WTW,co2,0.5863386572093024,Gt
GHG Forward,Aviation,1988,WTW,co2,0.6114180393023259,Gt
GHG Forward,Aviation,1989,WTW,co2,0.6334705994186048,Gt
GHG Forward,Aviation,1990,WTW,co2,0.6467840326430002,Gt
GHG Forward,Aviation,1991,WTW,co2,0.6254909454010003,Gt
GHG Forward,Aviation,1992,WTW,co2,0.6269412255310002,Gt
GHG Forward,Aviation,1993,WTW,co2,0.6303623991710002,Gt
GHG Forward,Aviation,1994,WTW,co2,0.6604315405330002,Gt
GHG Forward,Aviation,1995,WTW,co2,0.6765110566410001,Gt
GHG Forward,Aviation,1996,WTW,co2,0.7071305607190002,Gt
GHG Forward,Aviation,1997,WTW,co2,0.7286616426490002,Gt
GHG Forward,Aviation,1998,WTW,co2,0.7430305719370003,Gt
GHG Forward,Aviation,1999,WTW,co2,0.7669973807520003,Gt
GHG Forward,Aviation,2000,WTW,co2,0.8067201816460002,Gt
GHG Forward,Aviation,2001,WTW,co2,0.7759853988910002,Gt
GHG Forward,Aviation,2002,WTW,co2,0.7775546763650002,Gt
GHG Forward,Aviation,2003,WTW,co2,0.7770675309880003,Gt
GHG Forward,Aviation,2004,WTW,co2,0.8259494087030003,Gt
GHG Forward,Aviation,2005,WTW,co2,0.8665423776750003,Gt
GHG Forward,Aviation,2006,WTW,co2,0.8766459959140003,Gt
GHG Forward,Aviation,2007,WTW,co2,0.9021039901960004,Gt
GHG Forward,Aviation,2008,WTW,co2,0.8979316458220002,Gt
GHG Forward,Aviation,2009,WTW,co2,0.8515152443280002,Gt
GHG Forward,Aviation,2010,WTW,co2,0.8945104721820002,Gt
GHG Forward,Aviation,2011,WTW,co2,0.9210394425600005,Gt
GHG Forward,Aviation,2012,WTW,co2,0.9310091887870002,Gt
GHG Forward,Aviation,2013,WTW,co2,0.957471223159,Gt
GHG Forward,Aviation,2014,WTW,co2,0.9875924258590004,Gt
GHG Forward,Aviation,2015,WTW,co2,1.0415279720270005,Gt
GHG Forward,Aviation,2016,WTW,co2,1.0919010352090004,Gt
GHG Forward,Aviation,2017,WTW,co2,1.1563231962863314,Gt
GHG Forward,Aviation,2018,WTW,co2,1.2164520024932204,Gt
GHG Forward,Aviation,2019,WTW,co2,1.0877312102318928,Gt
GHG Forward,Aviation,2020,WTW,co2,0.5891877388291253,Gt
GHG Forward,Aviation,2021,WTW,co2,0.7024930732050391,Gt
GHG Forward,Aviation,2022,WTW,co2,0.8611205414800652,Gt
GHG Forward,Aviation,2023,WTW,co2,1.0010551062646145,Gt
GHG Forward,Aviation,2024,WTW,co2,1.079212602199146,Gt
GHG Forward,Aviation,2025,WTW,co2,1.128805613729875,Gt
GHG Forward,Aviation,2026,WTW,co2,1.1332127393962748,Gt
GHG Forward,Aviation,2027,WTW,co2,1.138861893180079,Gt
GHG Forward,Aviation,2028,WTW,co2,1.14485833529428,Gt
GHG Forward,Aviation,2029,WTW,co2,1.1508244094537556,Gt
GHG Forward,Aviation,2030,WTW,co2,1.1541891731786509,Gt
GHG Forward,Aviation,2031,WTW,co2,1.1338951133363058,Gt
GHG Forward,Aviation,2032,WTW,co2,1.1126494373061946,Gt
GHG Forward,Aviation,2033,WTW,co2,1.0904466461296978,Gt
GHG Forward,Aviation,2034,WTW,co2,1.0673091078470305,Gt
GHG Forward,Aviation,2035,WTW,co2,1.0420889340829758,Gt
GHG Forward,Aviation,2036,WTW,co2,1.0137018468134733,Gt
GHG Forward,Aviation,2037,WTW,co2,0.982329871358407,Gt
GHG Forward,Aviation,2038,WTW,co2,0.9474882826060098,Gt
GHG Forward,Aviation,2039,WTW,co2,0.9096169111603545,Gt
GHG Forward,Aviation,2040,WTW,co2,0.8706579385977783,Gt
GHG Forward,Aviation,2041,WTW,co2,0.8310442528346745,Gt
GHG Forward,Aviation,2042,WTW,co2,0.7909295760696599,Gt
GHG Forward,Aviation,2043,WTW,co2,0.7500836017814242,Gt
GHG Forward,Aviation,2044,WTW,co2,0.7088449974743378,Gt
GHG Forward,Aviation,2045,WTW,co2,0.6673014935911797,Gt
GHG Forward,Aviation,2046,WTW,co2,0.6250172511698393,Gt
GHG Forward,Aviation,2047,WTW,co2,0.5825048598787133,Gt
GHG Forward,Aviation,2048,WTW,co2,0.5399063004541681,Gt
GHG Forward,Aviation,2049,WTW,co2,0.4973497712322331,Gt
GHG Forward,Aviation,2050,WTW,co2,0.4549058337679921,Gt
GHG Forward lower,Aviation,1940,WTW,co2,0.03329504174418605,Gt
GHG Forward lower,Aviation,1941,WTW,co2,0.03588946058139537,Gt
GHG Forward lower,Aviation,1942,WTW,co2,0.03891628255813955,Gt
GHG Forward lower,Aviation,1943,WTW,co2,0.04194310453488372,Gt
GHG Forward lower,Aviation,1944,WTW,co2,0.04540232965116281,Gt
GHG Forward lower,Aviation,1945,WTW,co2,0.048861554767441875,Gt
GHG Forward lower,Aviation,1946,WTW,co2,0.05318558616279072,Gt
GHG Forward lower,Aviation,1947,WTW,co2,0.057077214418604666,Gt
GHG Forward lower,Aviation,1948,WTW,co2,0.061833648953488383,Gt
GHG Forward lower,Aviation,1949,WTW,co2,0.0665900834883721,Gt
GHG Forward lower,Aviation,1950,WTW,co2,0.0722113243023256,Gt
GHG Forward lower,Aviation,1951,WTW,co2,0.0778325651162791,Gt
GHG Forward lower,Aviation,1952,WTW,co2,0.08388620906976745,Gt
GHG Forward lower,Aviation,1953,WTW,co2,0.09080465930232562,Gt
GHG Forward lower,Aviation,1954,WTW,co2,0.09815551267441865,Gt
GHG Forward lower,Aviation,1955,WTW,co2,0.10593876918604651,Gt
GHG Forward lower,Aviation,1956,WTW,co2,0.1145868319767442,Gt
GHG Forward lower,Aviation,1957,WTW,co2,0.12366729790697675,Gt
GHG Forward lower,Aviation,1958,WTW,co2,0.1336125701162791,Gt
GHG Forward lower,Aviation,1959,WTW,co2,0.1439902454651163,Gt
GHG Forward lower,Aviation,1960,WTW,co2,0.1556651302325582,Gt
GHG Forward lower,Aviation,1961,WTW,co2,0.17079924011627912,Gt
GHG Forward lower,Aviation,1962,WTW,co2,0.1880953656976745,Gt
GHG Forward lower,Aviation,1963,WTW,co2,0.19847304104651167,Gt
GHG Forward lower,Aviation,1964,WTW,co2,0.20755350697674424,Gt
GHG Forward lower,Aviation,1965,WTW,co2,0.22182281058139544,Gt
GHG Forward lower,Aviation,1966,WTW,co2,0.24041614558139543,Gt
GHG Forward lower,Aviation,1967,WTW,co2,0.2836564595348838,Gt
GHG Forward lower,Aviation,1968,WTW,co2,0.3212755326744188,Gt
GHG Forward lower,Aviation,1969,WTW,co2,0.33640964255813965,Gt
GHG Forward lower,Aviation,1970,WTW,co2,0.33727444883720936,Gt
GHG Forward lower,Aviation,1971,WTW,co2,0.3891628255813955,Gt
GHG Forward lower,Aviation,1972,WTW,co2,0.4151070139534885,Gt
GHG Forward lower,Aviation,1973,WTW,co2,0.42980872069767456,Gt
GHG Forward lower,Aviation,1974,WTW,co2,0.4151070139534885,Gt
GHG Forward lower,Aviation,1975,WTW,co2,0.4155394170930234,Gt
GHG Forward lower,Aviation,1976,WTW,co2,0.4168366265116281,Gt
GHG Forward lower,Aviation,1977,WTW,co2,0.4414836054651164,Gt
GHG Forward lower,Aviation,1978,WTW,co2,0.45705011848837224,Gt
GHG Forward lower,Aviation,1979,WTW,co2,0.4760758566279071,Gt
GHG Forward lower,Aviation,1980,WTW,co2,0.4795350817441862,Gt
GHG Forward lower,Aviation,1981,WTW,co2,0.47261663151162797,Gt
GHG Forward lower,Aviation,1982,WTW,co2,0.47780546918604666,Gt
GHG Forward lower,Aviation,1983,WTW,co2,0.4842915162790699,Gt
GHG Forward lower,Aviation,1984,WTW,co2,0.5167217517441862,Gt
GHG Forward lower,Aviation,1985,WTW,co2,0.5335854741860466,Gt
GHG Forward lower,Aviation,1986,WTW,co2,0.5616916782558142,Gt
GHG Forward lower,Aviation,1987,WTW,co2,0.5863386572093024,Gt
GHG Forward lower,Aviation,1988,WTW,co2,0.6114180393023259,Gt
GHG Forward lower,Aviation,1989,WTW,co2,0.6334705994186048,Gt
GHG Forward lower,Aviation,1990,WTW,co2,0.6467840326430002,Gt
GHG Forward lower,Aviation,1991,WTW,co2,0.6254909454010003,Gt
GHG Forward lower,Aviation,1992,WTW,co2,0.6269412255310002,Gt
GHG Forward lower,Aviation,1993,WTW,co2,0.6303623991710002,Gt
GHG Forward lower,Aviation,1994,WTW,co2,0.6604315405330002,Gt
GHG Forward lower,Aviation,1995,WTW,co2,0.6765110566410001,Gt
GHG Forward lower,Aviation,1996,WTW,co2,0.7071305607190002,Gt
GHG Forward lower,Aviation,1997,WTW,co2,0.7286616426490002,Gt
GHG Forward lower,Aviation,1998,WTW,co2,0.7430305719370003,Gt
GHG Forward lower,Aviation,1999,WTW,co2,0.7669973807520003,Gt
GHG Forward lower,Aviation,2000,WTW,co2,0.8067201816460002,Gt
GHG Forward lower,Aviation,2001,WTW,co2,0.7759853988910002,Gt
GHG Forward lower,Aviation,2002,WTW,co2,0.7775546763650002,Gt
GHG Forward lower,Aviation,2003,WTW,co2,0.7770675309880003,Gt
GHG Forward lower,Aviation,2004,WTW,co2,0.8259494087030003,Gt
GHG Forward lower,Aviation,2005,WTW,co2,0.8665423776750003,Gt
GHG Forward lower,Aviation,2006,WTW,co2,0.8766459959140003,Gt
GHG Forward lower,Aviation,2007,WTW,co2,0.9021039901960004,Gt
GHG Forward lower,Aviation,2008,WTW,co2,0.8979316458220002,Gt
GHG Forward lower,Aviation,2009,WTW,co2,0.8515152443280002,Gt
GHG Forward lower,Aviation,2010,WTW,co2,0.8945104721820002,Gt
GHG Forward lower,Aviation,2011,WTW,co2,0.9210394425600005,Gt
GHG Forward lower,Aviation,2012,WTW,co2,0.9310091887870002,Gt
GHG Forward lower,Aviation,2013,WTW,co2,0.957471223159,Gt
GHG Forward lower,Aviation,2014,WTW,co2,0.9875924258590004,Gt
GHG Forward lower,Aviation,2015,WTW,co2,1.0415279720270005,Gt
GHG Forward lower,Aviation,2016,WTW,co2,1.0919010352090004,Gt
GHG Forward lower,Aviation,2017,WTW,co2,1.1563231962863314,Gt
GHG Forward lower,Aviation,2018,WTW,co2,1.2164520024932204,Gt
GHG Forward lower,Aviation,2019,WTW,co2,1.0877312102318928,Gt
GHG Forward lower,Aviation,2020,WTW,co2,0.5891877388291253,Gt
GHG Forward lower,Aviation,2021,WTW,co2,0.7024930732050391,Gt
GHG Forward lower,Aviation,2022,WTW,co2,0.8611205414800652,Gt
GHG Forward lower,Aviation,2023,WTW,co2,1.0010551062646145,Gt
GHG Forward lower,Aviation,2024,WTW,co2,1.079212602199146,Gt
GHG Forward lower,Aviation,2025,WTW,co2,1.128805613729875,Gt
GHG Forward lower,Aviation,2026,WTW,co2,1.1332127393962748,Gt
GHG Forward lower,Aviation,2027,WTW,co2,1.138861893180079,Gt
GHG Forward lower,Aviation,2028,WTW,co2,1.14485833529428,Gt
GHG Forward lower,Aviation,2029,WTW,co2,1.1508244094537556,Gt
GHG Forward lower,Aviation,2030,WTW,co2,1.1541891731786509,Gt
GHG Forward lower,Aviation,2031,WTW,co2,1.1338951133363058,Gt
GHG Forward lower,Aviation,2032,WTW,co2,1.1126494373061946,Gt
GHG Forward lower,Aviation,2033,WTW,co2,1.0904466461296978,Gt
GHG Forward lower,Aviation,2034,WTW,co2,1.0673091078470305,Gt
GHG Forward lower,Aviation,2035,WTW,co2,1.0420889340829758,Gt
GHG Forward lower,Aviation,2036,WTW,co2,1.0137018468134733,Gt
GHG Forward lower,Aviation,2037,WTW,co2,0.982329871358407,Gt
GHG Forward lower,Aviation,2038,WTW,co2,0.9474882826060098,Gt
GHG Forward lower,Aviation,2039,WTW,co2,0.9096169111603545,Gt
GHG Forward lower,Aviation,2040,WTW,co2,0.8706579385977783,Gt
GHG Forward lower,Aviation,2041,WTW,co2,0.8310442528346745,Gt
GHG Forward lower,Aviation,2042,WTW,co2,0.7909295760696599,Gt
GHG Forward lower,Aviation,2043,WTW,co2,0.7500836017814242,Gt
GHG Forward lower,Aviation,2044,WTW,co2,0.7088449974743378,Gt
GHG Forward lower,Aviation,2045,WTW,co2,0.6673014935911797,Gt
GHG Forward lower,Aviation,2046,WTW,co2,0.6250172511698393,Gt
GHG Forward lower,Aviation,2047,WTW,co2,0.5825048598787133,Gt
GHG Forward lower,Aviation,2048,WTW,co2,0.5399063004541681,Gt
GHG Forward lower,Aviation,2049,WTW,co2,0.4973497712322331,Gt
GHG Forward lower,Aviation,2050,WTW,co2,0.4549058337679921,Gt
GHG Forward upper,Aviation,1940,WTW,co2,0.03329504174418605,Gt
GHG Forward upper,Aviation,1941,WTW,co2,0.03588946058139537,Gt
GHG Forward upper,Aviation,1942,WTW,co2,0.03891628255813955,Gt
GHG Forward upper,Aviation,1943,WTW,co2,0.04194310453488372,Gt
GHG Forward upper,Aviation,1944,WTW,co2,0.04540232965116281,Gt
GHG Forward upper,Aviation,1945,WTW,co2,0.048861554767441875,Gt
GHG Forward upper,Aviation,1946,WTW,co2,0.05318558616279072,Gt
GHG Forward upper,Aviation,1947,WTW,co2,0.057077214418604666,Gt
GHG Forward upper,Aviation,1948,WTW,co2,0.061833648953488383,Gt
GHG Forward upper,Aviation,1949,WTW,co2,0.0665900834883721,Gt
GHG Forward upper,Aviation,1950,WTW,co2,0.0722113243023256,Gt
GHG Forward upper,Aviation,1951,WTW,co2,0.0778325651162791,Gt
GHG Forward upper,Aviation,1952,WTW,co2,0.08388620906976745,Gt
GHG Forward upper,Aviation,1953,WTW,co2,0.09080465930232562,Gt
GHG Forward upper,Aviation,1954,WTW,co2,0.09815551267441865,Gt
GHG Forward upper,Aviation,1955,WTW,co2,0.10593876918604651,Gt
GHG Forward upper,Aviation,1956,WTW,co2,0.1145868319767442,Gt
GHG Forward upper,Aviation,1957,WTW,co2,0.12366729790697675,Gt
GHG Forward upper,Aviation,1958,WTW,co2,0.1336125701162791,Gt
GHG Forward upper,Aviation,1959,WTW,co2,0.1439902454651163,Gt
GHG Forward upper,Aviation,1960,WTW,co2,0.1556651302325582,Gt
GHG Forward upper,Aviation,1961,WTW,co2,0.17079924011627912,Gt
GHG Forward upper,Aviation,1962,WTW,co2,0.1880953656976745,Gt
GHG Forward upper,Aviation,1963,WTW,co2,0.19847304104651167,Gt
GHG Forward upper,Aviation,1964,WTW,co2,0.20755350697674424,Gt
GHG Forward upper,Aviation,1965,WTW,co2,0.22182281058139544,Gt
GHG Forward upper,Aviation,1966,WTW,co2,0.24041614558139543,Gt
GHG Forward upper,Aviation,1967,WTW,co2,0.2836564595348838,Gt
GHG Forward upper,Aviation,1968,WTW,co2,0.3212755326744188,Gt
GHG Forward upper,Aviation,1969,WTW,co2,0.33640964255813965,Gt
GHG Forward upper,Aviation,1970,WTW,co2,0.33727444883720936,Gt
GHG Forward upper,Aviation,1971,WTW,co2,0.3891628255813955,Gt
GHG Forward upper,Aviation,1972,WTW,co2,0.4151070139534885,Gt
GHG Forward upper,Aviation,1973,WTW,co2,0.42980872069767456,Gt
GHG Forward upper,Aviation,1974,WTW,co2,0.4151070139534885,Gt
GHG Forward upper,Aviation,1975,WTW,co2,0.4155394170930234,Gt
GHG Forward upper,Aviation,1976,WTW,co2,0.4168366265116281,Gt
GHG Forward upper,Aviation,1977,WTW,co2,0.4414836054651164,Gt
GHG Forward upper,Aviation,1978,WTW,co2,0.45705011848837224,Gt
GHG Forward upper,Aviation,1979,WTW,co2,0.4760758566279071,Gt
GHG Forward upper,Aviation,1980,WTW,co2,0.4795350817441862,Gt
GHG Forward upper,Aviation,1981,WTW,co2,0.47261663151162797,Gt
GHG Forward upper,Aviation,1982,WTW,co2,0.47780546918604666,Gt
GHG Forward upper,Aviation,1983,WTW,co2,0.4842915162790699,Gt
GHG Forward upper,Aviation,1984,WTW,co2,0.5167217517441862,Gt
GHG Forward upper,Aviation,1985,WTW,co2,0.5335854741860466,Gt
GHG Forward upper,Aviation,1986,WTW,co2,0.5616916782558142,Gt
GHG Forward upper,Aviation,1987,WTW,co2,0.5863386572093024,Gt
GHG Forward upper,Aviation,1988,WTW,co2,0.6114180393023259,Gt
GHG Forward upper,Aviation,1989,WTW,co2,0.6334705994186048,Gt
GHG Forward upper,Aviation,1990,WTW,co2,0.6467840326430002,Gt
GHG Forward upper,Aviation,1991,WTW,co2,0.6254909454010003,Gt
GHG Forward upper,Aviation,1992,WTW,co2,0.6269412255310002,Gt
GHG Forward upper,Aviation,1993,WTW,co2,0.6303623991710002,Gt
GHG Forward upper,Aviation,1994,WTW,co2,0.6604315405330002,Gt
GHG Forward upper,Aviation,1995,WTW,co2,0.6765110566410001,Gt
GHG Forward upper,Aviation,1996,WTW,co2,0.7071305607190002,Gt
GHG Forward upper,Aviation,1997,WTW,co2,0.7286616426490002,Gt
GHG Forward upper,Aviation,1998,WTW,co2,0.7430305719370003,Gt
GHG Forward upper,Aviation,1999,WTW,co2,0.7669973807520003,Gt
GHG Forward upper,Aviation,2000,WTW,co2,0.8067201816460002,Gt
GHG Forward upper,Aviation,2001,WTW,co2,0.7759853988910002,Gt
GHG Forward upper,Aviation,2002,WTW,co2,0.7775546763650002,Gt
GHG Forward upper,Aviation,2003,WTW,co2,0.7770675309880003,Gt
GHG Forward upper,Aviation,2004,WTW,co2,0.8259494087030003,Gt
GHG Forward upper,Aviation,2005,WTW,co2,0.8665423776750003,Gt
GHG Forward upper,Aviation,2006,WTW,co2,0.8766459959140003,Gt
GHG Forward upper,Aviation,2007,WTW,co2,0.9021039901960004,Gt
GHG Forward upper,Aviation,2008,WTW,co2,0.8979316458220002,Gt
GHG Forward upper,Aviation,2009,WTW,co2,0.8515152443280002,Gt
GHG Forward upper,Aviation,2010,WTW,co2,0.8945104721820002,Gt
GHG Forward upper,Aviation,2011,WTW,co2,0.9210394425600005,Gt
GHG Forward upper,Aviation,2012,WTW,co2,0.9310091887870002,Gt
GHG Forward upper,Aviation,2013,WTW,co2,0.957471223159,Gt
GHG Forward upper,Aviation,2014,WTW,co2,0.9875924258590004,Gt
GHG Forward upper,Aviation,2015,WTW,co2,1.0415279720270005,Gt
GHG Forward upper,Aviation,2016,WTW,co2,1.0919010352090004,Gt
GHG Forward upper,Aviation,2017,WTW,co2,1.1563231962863314,Gt
GHG Forward upper,Aviation,2018,WTW,co2,1.2164520024932204,Gt
GHG Forward upper,Aviation,2019,WTW,co2,1.0877312102318928,Gt
GHG Forward upper,Aviation,2020,WTW,co2,0.5891877388291253,Gt
GHG Forward upper,Aviation,2021,WTW,co2,0.7024930732050391,Gt
GHG Forward upper,Aviation,2022,WTW,co2,0.8611205414800652,Gt
GHG Forward upper,Aviation,2023,WTW,co2,1.0010551062646145,Gt
GHG Forward upper,Aviation,2024,WTW,co2,1.079212602199146,Gt
GHG Forward upper,Aviation,2025,WTW,co2,1.128805613729875,Gt
GHG Forward upper,Aviation,2026,WTW,co2,1.1332127393962748,Gt
GHG Forward upper,Aviation,2027,WTW,co2,1.138861893180079,Gt
GHG Forward upper,Aviation,2028,WTW,co2,1.14485833529428,Gt
GHG Forward upper,Aviation,2029,WTW,co2,1.1508244094537556,Gt
GHG Forward upper,Aviation,2030,WTW,co2,1.1541891731786509,Gt
GHG Forward upper,Aviation,2031,WTW,co2,1.1338951133363058,Gt
GHG Forward upper,Aviation,2032,WTW,co2,1.1126494373061946,Gt
GHG Forward upper,Aviation,2033,WTW,co2,1.0904466461296978,Gt
GHG Forward upper,Aviation,2034,WTW,co2,1.0673091078470305,Gt
GHG Forward upper,Aviation,2035,WTW,co2,1.0420889340829758,Gt
GHG Forward upper,Aviation,2036,WTW,co2,1.0137018468134733,Gt
GHG Forward upper,Aviation,2037,WTW,co2,0.982329871358407,Gt
GHG Forward upper,Aviation,2038,WTW,co2,0.9474882826060098,Gt
GHG Forward upper,Aviation,2039,WTW,co2,0.9096169111603545,Gt
GHG Forward upper,Aviation,2040,WTW,co2,0.8706579385977783,Gt
GHG Forward upper,Aviation,2041,WTW,co2,0.8310442528346745,Gt
GHG Forward upper,Aviation,2042,WTW,co2,0.7909295760696599,Gt
GHG Forward upper,Aviation,2043,WTW,co2,0.7500836017814242,Gt
GHG Forward upper,Aviation,2044,WTW,co2,0.7088449974743378,Gt
GHG Forward upper,Aviation,2045,WTW,co2,0.6673014935911797,Gt
GHG Forward upper,Aviation,2046,WTW,co2,0.6250172511698393,Gt
GHG Forward upper,Aviation,2047,WTW,co2,0.5825048598787133,Gt
GHG Forward upper,Aviation,2048,WTW,co2,0.5399063004541681,Gt
GHG Forward upper,Aviation,2049,WTW,co2,0.4973497712322331,Gt
GHG Forward upper,Aviation,2050,WTW,co2,0.4549058337679921,Gt
BAU,Aviation,1940,WTW,co2,0.03329504174418605,Gt
BAU,Aviation,1941,WTW,co2,0.03588946058139537,Gt
BAU,Aviation,1942,WTW,co2,0.03891628255813955,Gt
BAU,Aviation,1943,WTW,co2,0.04194310453488372,Gt
BAU,Aviation,1944,WTW,co2,0.04540232965116281,Gt
BAU,Aviation,1945,WTW,co2,0.048861554767441875,Gt
BAU,Aviation,1946,WTW,co2,0.05318558616279072,Gt
BAU,Aviation,1947,WTW,co2,0.057077214418604666,Gt
BAU,Aviation,1948,WTW,co2,0.061833648953488383,Gt
BAU,Aviation,1949,WTW,co2,0.0665900834883721,Gt
BAU,Aviation,1950,WTW,co2,0.0722113243023256,Gt
BAU,Aviation,1951,WTW,co2,0.0778325651162791,Gt
BAU,Aviation,1952,WTW,co2,0.08388620906976745,Gt
BAU,Aviation,1953,WTW,co2,0.09080465930232562,Gt
BAU,Aviation,1954,WTW,co2,0.09815551267441865,Gt
BAU,Aviation,1955,WTW,co2,0.10593876918604651,Gt
BAU,Aviation,1956,WTW,co2,0.1145868319767442,Gt
BAU,Aviation,1957,WTW,co2,0.12366729790697675,Gt
BAU,Aviation,1958,WTW,co2,0.1336125701162791,Gt
BAU,Aviation,1959,WTW,co2,0.1439902454651163,Gt
BAU,Aviation,1960,WTW,co2,0.1556651302325582,Gt
BAU,Aviation,1961,WTW,co2,0.17079924011627912,Gt
BAU,Aviation,1962,WTW,co2,0.1880953656976745,Gt
BAU,Aviation,1963,WTW,co2,0.19847304104651167,Gt
BAU,Aviation,1964,WTW,co2,0.20755350697674424,Gt
BAU,Aviation,1965,WTW,co2,0.22182281058139544,Gt
BAU,Aviation,1966,WTW,co2,0.24041614558139543,Gt
BAU,Aviation,1967,WTW,co2,0.2836564595348838,Gt
BAU,Aviation,1968,WTW,co2,0.3212755326744188,Gt
BAU,Aviation,1969,WTW,co2,0.33640964255813965,Gt
BAU,Aviation,1970,WTW,co2,0.33727444883720936,Gt
BAU,Aviation,1971,WTW,co2,0.3891628255813955,Gt
BAU,Aviation,1972,WTW,co2,0.4151070139534885,Gt
BAU,Aviation,1973,WTW,co2,0.42980872069767456,Gt
BAU,Aviation,1974,WTW,co2,0.4151070139534885,Gt
BAU,Aviation,1975,WTW,co2,0.4155394170930234,Gt
BAU,Aviation,1976,WTW,co2,0.4168366265116281,Gt
BAU,Aviation,1977,WTW,co2,0.4414836054651164,Gt
BAU,Aviation,1978,WTW,co2,0.45705011848837224,Gt
BAU,Aviation,1979,WTW,co2,0.4760758566279071,Gt
BAU,Aviation,1980,WTW,co2,0.4795350817441862,Gt
BAU,Aviation,1981,WTW,co2,0.47261663151162797,Gt
BAU,Aviation,1982,WTW,co2,0.47780546918604666,Gt
BAU,Aviation,1983,WTW,co2,0.4842915162790699,Gt
BAU,Aviation,1984,WTW,co2,0.5167217517441862,Gt
BAU,Aviation,1985,WTW,co2,0.5335854741860466,Gt
BAU,Aviation,1986,WTW,co2,0.5616916782558142,Gt
BAU,Aviation,1987,WTW,co2,0.5863386572093024,Gt
BAU,Aviation,1988,WTW,co2,0.6114180393023259,Gt
BAU,Aviation,1989,WTW,co2,0.6334705994186048,Gt
BAU,Aviation,1990,WTW,co2,0.6467840326430002,Gt
BAU,Aviation,1991,WTW,co2,0.6254909454010003,Gt
BAU,Aviation,1992,WTW,co2,0.6269412255310002,Gt
BAU,Aviation,1993,WTW,co2,0.6303623991710002,Gt
BAU,Aviation,1994,WTW,co2,0.6604315405330002,Gt
BAU,Aviation,1995,WTW,co2,0.6765110566410001,Gt
BAU,Aviation,1996,WTW,co2,0.7071305607190002,Gt
BAU,Aviation,1997,WTW,co2,0.7286616426490002,Gt
BAU,Aviation,1998,WTW,co2,0.7430305719370003,Gt
BAU,Aviation,1999,WTW,co2,0.7669973807520003,Gt
BAU,Aviation,2000,WTW,co2,0.8067201816460002,Gt
BAU,Aviation,2001,WTW,co2,0.7759853988910002,Gt
BAU,Aviation,2002,WTW,co2,0.7775546763650002,Gt
BAU,Aviation,2003,WTW,co2,0.7770675309880003,Gt
BAU,Aviation,2004,WTW,co2,0.8259494087030003,Gt
BAU,Aviation,2005,WTW,co2,0.8665423776750003,Gt
BAU,Aviation,2006,WTW,co2,0.8766459959140003,Gt
BAU,Aviation,2007,WTW,co2,0.9021039901960004,Gt
BAU,Aviation,2008,WTW,co2,0.8979316458220002,Gt
BAU,Aviation,2009,WTW,co2,0.8515152443280002,Gt
BAU,Aviation,2010,WTW,co2,0.8945104721820002,Gt
BAU,Aviation,2011,WTW,co2,0.9210394425600005,Gt
BAU,Aviation,2012,WTW,co2,0.9310091887870002,Gt
BAU,Aviation,2013,WTW,co2,0.957471223159,Gt
BAU,Aviation,2014,WTW,co2,0.9875924258590004,Gt
BAU,Aviation,2015,WTW,co2,1.0415279720270005,Gt
BAU,Aviation,2016,WTW,co2,1.0919010352090004,Gt
BAU,Aviation,2017,WTW,co2,1.1563231962863314,Gt
BAU,Aviation,2018,WTW,co2,1.2164520024932204,Gt
BAU,Aviation,2019,WTW,co2,1.0877312102318928,Gt
BAU,Aviation,2020,WTW,co2,0.5891877388291253,Gt
BAU,Aviation,2021,WTW,co2,0.7024930732050391,Gt
BAU,Aviation,2022,WTW,co2,0.8611205414800652,Gt
BAU,Aviation,2023,WTW,co2,1.0010551062646145,Gt
BAU,Aviation,2024,WTW,co2,1.08412756375446,Gt
BAU,Aviation,2025,WTW,co2,1.1577630171482691,Gt
BAU,Aviation,2026,WTW,co2,1.1799119573671022,Gt
BAU,Aviation,2027,WTW,co2,1.204069476010343,Gt
BAU,Aviation,2028,WTW,co2,1.229377485115842,Gt
BAU,Aviation,2029,WTW,co2,1.255485983237648,Gt
BAU,Aviation,2030,WTW,co2,1.2823592690210206,Gt
BAU,Aviation,2031,WTW,co2,1.309969587125507,Gt
BAU,Aviation,2032,WTW,co2,1.33830569636668,Gt
BAU,Aviation,2033,WTW,co2,1.36740180995683,Gt
BAU,Aviation,2034,WTW,co2,1.3973314102216117,Gt
BAU,Aviation,2035,WTW,co2,1.428210400850906,Gt
BAU,Aviation,2036,WTW,co2,1.46018751251141,Gt
BAU,Aviation,2037,WTW,co2,1.4934294233715364,Gt
BAU,Aviation,2038,WTW,co2,1.5280847392090084,Gt
BAU,Aviation,2039,WTW,co2,1.5642770838249402,Gt
BAU,Aviation,2040,WTW,co2,1.6020559746320224,Gt
BAU,Aviation,2041,WTW,co2,1.6414061431216418,Gt
BAU,Aviation,2042,WTW,co2,1.6822276017446778,Gt
BAU,Aviation,2043,WTW,co2,1.7243871411252338,Gt
BAU,Aviation,2044,WTW,co2,1.767749560793421,Gt
BAU,Aviation,2045,WTW,co2,1.8122061918187344,Gt
BAU,Aviation,2046,WTW,co2,1.8577317165268752,Gt
BAU,Aviation,2047,WTW,co2,1.9043872600229879,Gt
BAU,Aviation,2048,WTW,co2,1.952323076730374,Gt
BAU,Aviation,2049,WTW,co2,2.0017245557538663,Gt
BAU,Aviation,2050,WTW,co2,2.0527733489430817,Gt
Historical Trends lower,Aviation,1940,WTW,co2,0.03329504174418605,Gt
Historical Trends lower,Aviation,1941,WTW,co2,0.03588946058139537,Gt
Historical Trends lower,Aviation,1942,WTW,co2,0.03891628255813955,Gt
Historical Trends lower,Aviation,1943,WTW,co2,0.04194310453488372,Gt
Historical Trends lower,Aviation,1944,WTW,co2,0.04540232965116281,Gt
Historical Trends lower,Aviation,1945,WTW,co2,0.048861554767441875,Gt
Historical Trends lower,Aviation,1946,WTW,co2,0.05318558616279072,Gt
Historical Trends lower,Aviation,1947,WTW,co2,0.057077214418604666,Gt
Historical Trends lower,Aviation,1948,WTW,co2,0.061833648953488383,Gt
Historical Trends lower,Aviation,1949,WTW,co2,0.0665900834883721,Gt
Historical Trends lower,Aviation,1950,WTW,co2,0.0722113243023256,Gt
Historical Trends lower,Aviation,1951,WTW,co2,0.0778325651162791,Gt
Historical Trends lower,Aviation,1952,WTW,co2,0.08388620906976745,Gt
Historical Trends lower,Aviation,1953,WTW,co2,0.09080465930232562,Gt
Historical Trends lower,Aviation,1954,WTW,co2,0.09815551267441865,Gt
Historical Trends lower,Aviation,1955,WTW,co2,0.10593876918604651,Gt
Historical Trends lower,Aviation,1956,WTW,co2,0.1145868319767442,Gt
Historical Trends lower,Aviation,1957,WTW,co2,0.12366729790697675,Gt
Historical Trends lower,Aviation,1958,WTW,co2,0.1336125701162791,Gt
Historical Trends lower,Aviation,1959,WTW,co2,0.1439902454651163,Gt
Historical Trends lower,Aviation,1960,WTW,co2,0.1556651302325582,Gt
Historical Trends lower,Aviation,1961,WTW,co2,0.17079924011627912,Gt
Historical Trends lower,Aviation,1962,WTW,co2,0.1880953656976745,Gt
Historical Trends lower,Aviation,1963,WTW,co2,0.19847304104651167,Gt
Historical Trends lower,Aviation,1964,WTW,co2,0.20755350697674424,Gt
Historical Trends lower,Aviation,1965,WTW,co2,0.22182281058139544,Gt
Historical Trends lower,Aviation,1966,WTW,co2,0.24041614558139543,Gt
Historical Trends lower,Aviation,1967,WTW,co2,0.2836564595348838,Gt
Historical Trends lower,Aviation,1968,WTW,co2,0.3212755326744188,Gt
Historical Trends lower,Aviation,1969,WTW,co2,0.33640964255813965,Gt
Historical Trends lower,Aviation,1970,WTW,co2,0.33727444883720936,Gt
Historical Trends lower,Aviation,1971,WTW,co2,0.3891628255813955,Gt
Historical Trends lower,Aviation,1972,WTW,co2,0.4151070139534885,Gt
Historical Trends lower,Aviation,1973,WTW,co2,0.42980872069767456,Gt
Historical Trends lower,Aviation,1974,WTW,co2,0.4151070139534885,Gt
Historical Trends lower,Aviation,1975,WTW,co2,0.4155394170930234,Gt
Historical Trends lower,Aviation,1976,WTW,co2,0.4168366265116281,Gt
Historical Trends lower,Aviation,1977,WTW,co2,0.4414836054651164,Gt
Historical Trends lower,Aviation,1978,WTW,co2,0.45705011848837224,Gt
Historical Trends lower,Aviation,1979,WTW,co2,0.4760758566279071,Gt
Historical Trends lower,Aviation,1980,WTW,co2,0.4795350817441862,Gt
Historical Trends lower,Aviation,1981,WTW,co2,0.47261663151162797,Gt
Historical Trends lower,Aviation,1982,WTW,co2,0.47780546918604666,Gt
Historical Trends lower,Aviation,1983,WTW,co2,0.4842915162790699,Gt
Historical Trends lower,Aviation,1984,WTW,co2,0.5167217517441862,Gt
Historical Trends lower,Aviation,1985,WTW,co2,0.5335854741860466,Gt
Historical Trends lower,Aviation,1986,WTW,co2,0.5616916782558142,Gt
Historical Trends lower,Aviation,1987,WTW,co2,0.5863386572093024,Gt
Historical Trends lower,Aviation,1988,WTW,co2,0.6114180393023259,Gt
Historical Trends lower,Aviation,1989,WTW,co2,0.6334705994186048,Gt
Historical Trends lower,Aviation,1990,WTW,co2,0.6467840326430002,Gt
Historical Trends lower,Aviation,1991,WTW,co2,0.6254909454010003,Gt
Historical Trends lower,Aviation,1992,WTW,co2,0.6269412255310002,Gt
Historical Trends lower,Aviation,1993,WTW,co2,0.6303623991710002,Gt
Historical Trends lower,Aviation,1994,WTW,co2,0.6604315405330002,Gt
Historical Trends lower,Aviation,1995,WTW,co2,0.6765110566410001,Gt
Historical Trends lower,Aviation,1996,WTW,co2,0.7071305607190002,Gt
Historical Trends lower,Aviation,1997,WTW,co2,0.7286616426490002,Gt
Historical Trends lower,Aviation,1998,WTW,co2,0.7430305719370003,Gt
Historical Trends lower,Aviation,1999,WTW,co2,0.7669973807520003,Gt
Historical Trends lower,Aviation,2000,WTW,co2,0.8067201816460002,Gt
Historical Trends lower,Aviation,2001,WTW,co2,0.7759853988910002,Gt
Historical Trends lower,Aviation,2002,WTW,co2,0.7775546763650002,Gt
Historical Trends lower,Aviation,2003,WTW,co2,0.7770675309880003,Gt
Historical Trends lower,Aviation,2004,WTW,co2,0.8259494087030003,Gt
Historical Trends lower,Aviation,2005,WTW,co2,0.8665423776750003,Gt
Historical Trends lower,Aviation,2006,WTW,co2,0.8766459959140003,Gt
Historical Trends lower,Aviation,2007,WTW,co2,0.9021039901960004,Gt
Historical Trends lower,Aviation,2008,WTW,co2,0.8979316458220002,Gt
Historical Trends lower,Aviation,2009,WTW,co2,0.8515152443280002,Gt
Historical Trends lower,Aviation,2010,WTW,co2,0.8945104721820002,Gt
Historical Trends lower,Aviation,2011,WTW,co2,0.9210394425600005,Gt
Historical Trends lower,Aviation,2012,WTW,co2,0.9310091887870002,Gt
Historical Trends lower,Aviation,2013,WTW,co2,0.957471223159,Gt
Historical Trends lower,Aviation,2014,WTW,co2,0.9875924258590004,Gt
Historical Trends lower,Aviation,2015,WTW,co2,1.0415279720270005,Gt
Historical Trends lower,Aviation,2016,WTW,co2,1.0919010352090004,Gt
Historical Trends lower,Aviation,2017,WTW,co2,1.1563231962863314,Gt
Historical Trends lower,Aviation,2018,WTW,co2,1.2164520024932204,Gt
Historical Trends lower,Aviation,2019,WTW,co2,1.0877312102318928,Gt
Historical Trends lower,Aviation,2020,WTW,co2,0.5891877388291253,Gt
Historical Trends lower,Aviation,2021,WTW,co2,0.7024930732050391,Gt
Historical Trends lower,Aviation,2022,WTW,co2,0.8611205414800652,Gt
Historical Trends lower,Aviation,2023,WTW,co2,1.0010551062646145,Gt
Historical Trends lower,Aviation,2024,WTW,co2,1.08412756375446,Gt
Historical Trends lower,Aviation,2025,WTW,co2,1.1577630171482691,Gt
Historical Trends lower,Aviation,2026,WTW,co2,1.1799119573671022,Gt
Historical Trends lower,Aviation,2027,WTW,co2,1.204069476010343,Gt
Historical Trends lower,Aviation,2028,WTW,co2,1.229377485115842,Gt
Historical Trends lower,Aviation,2029,WTW,co2,1.255485983237648,Gt
Historical Trends lower,Aviation,2030,WTW,co2,1.2823592690210206,Gt
Historical Trends lower,Aviation,2031,WTW,co2,1.309969587125507,Gt
Historical Trends lower,Aviation,2032,WTW,co2,1.33830569636668,Gt
Historical Trends lower,Aviation,2033,WTW,co2,1.36740180995683,Gt
Historical Trends lower,Aviation,2034,WTW,co2,1.3973314102216117,Gt
Historical Trends lower,Aviation,2035,WTW,co2,1.428210400850906,Gt
Historical Trends lower,Aviation,2036,WTW,co2,1.46018751251141,Gt
Historical Trends lower,Aviation,2037,WTW,co2,1.4934294233715364,Gt
Historical Trends lower,Aviation,2038,WTW,co2,1.5280847392090084,Gt
Historical Trends lower,Aviation,2039,WTW,co2,1.5642770838249402,Gt
Historical Trends lower,Aviation,2040,WTW,co2,1.6020559746320224,Gt
Historical Trends lower,Aviation,2041,WTW,co2,1.6414061431216418,Gt
Historical Trends lower,Aviation,2042,WTW,co2,1.6822276017446778,Gt
Historical Trends lower,Aviation,2043,WTW,co2,1.7243871411252338,Gt
Historical Trends lower,Aviation,2044,WTW,co2,1.767749560793421,Gt
Historical Trends lower,Aviation,2045,WTW,co2,1.8122061918187344,Gt
Historical Trends lower,Aviation,2046,WTW,co2,1.8577317165268752,Gt
Historical Trends lower,Aviation,2047,WTW,co2,1.9043872600229879,Gt
Historical Trends lower,Aviation,2048,WTW,co2,1.952323076730374,Gt
Historical Trends lower,Aviation,2049,WTW,co2,2.0017245557538663,Gt
Historical Trends lower,Aviation,2050,WTW,co2,2.0527733489430817,Gt
Historical Trends upper,Aviation,1940,WTW,co2,0.03329504174418605,Gt
Historical Trends upper,Aviation,1941,WTW,co2,0.03588946058139537,Gt
Historical Trends upper,Aviation,1942,WTW,co2,0.03891628255813955,Gt
Historical Trends upper,Aviation,1943,WTW,co2,0.04194310453488372,Gt
Historical Trends upper,Aviation,1944,WTW,co2,0.04540232965116281,Gt
Historical Trends upper,Aviation,1945,WTW,co2,0.048861554767441875,Gt
Historical Trends upper,Aviation,1946,WTW,co2,0.05318558616279072,Gt
Historical Trends upper,Aviation,1947,WTW,co2,0.057077214418604666,Gt
Historical Trends upper,Aviation,1948,WTW,co2,0.061833648953488383,Gt
Historical Trends upper,Aviation,1949,WTW,co2,0.0665900834883721,Gt
Historical Trends upper,Aviation,1950,WTW,co2,0.0722113243023256,Gt
Historical Trends upper,Aviation,1951,WTW,co2,0.0778325651162791,Gt
Historical Trends upper,Aviation,1952,WTW,co2,0.08388620906976745,Gt
Historical Trends upper,Aviation,1953,WTW,co2,0.09080465930232562,Gt
Historical Trends upper,Aviation,1954,WTW,co2,0.09815551267441865,Gt
Historical Trends upper,Aviation,1955,WTW,co2,0.10593876918604651,Gt
Historical Trends upper,Aviation,1956,WTW,co2,0.1145868319767442,Gt
Historical Trends upper,Aviation,1957,WTW,co2,0.12366729790697675,Gt
Historical Trends upper,Aviation,1958,WTW,co2,0.1336125701162791,Gt
Historical Trends upper,Aviation,1959,WTW,co2,0.1439902454651163,Gt
Historical Trends upper,Aviation,1960,WTW,co2,0.1556651302325582,Gt
Historical Trends upper,Aviation,1961,WTW,co2,0.17079924011627912,Gt
Historical Trends upper,Aviation,1962,WTW,co2,0.1880953656976745,Gt
Historical Trends upper,Aviation,1963,WTW,co2,0.19847304104651167,Gt
Historical Trends upper,Aviation,1964,WTW,co2,0.20755350697674424,Gt
Historical Trends upper,Aviation,1965,WTW,co2,0.22182281058139544,Gt
Historical Trends upper,Aviation,1966,WTW,co2,0.24041614558139543,Gt
Historical Trends upper,Aviation,1967,WTW,co2,0.2836564595348838,Gt
Historical Trends upper,Aviation,1968,WTW,co2,0.3212755326744188,Gt
Historical Trends upper,Aviation,1969,WTW,co2,0.33640964255813965,Gt
Historical Trends upper,Aviation,1970,WTW,co2,0.33727444883720936,Gt
Historical Trends upper,Aviation,1971,WTW,co2,0.3891628255813955,Gt
Historical Trends upper,Aviation,1972,WTW,co2,0.4151070139534885,Gt
Historical Trends upper,Aviation,1973,WTW,co2,0.42980872069767456,Gt
Historical Trends upper,Aviation,1974,WTW,co2,0.4151070139534885,Gt
Historical Trends upper,Aviation,1975,WTW,co2,0.4155394170930234,Gt
Historical Trends upper,Aviation,1976,WTW,co2,0.4168366265116281,Gt
Historical Trends upper,Aviation,1977,WTW,co2,0.4414836054651164,Gt
Historical Trends upper,Aviation,1978,WTW,co2,0.45705011848837224,Gt
Historical Trends upper,Aviation,1979,WTW,co2,0.4760758566279071,Gt
Historical Trends upper,Aviation,1980,WTW,co2,0.4795350817441862,Gt
Historical Trends upper,Aviation,1981,WTW,co2,0.47261663151162797,Gt
Historical Trends upper,Aviation,1982,WTW,co2,0.47780546918604666,Gt
Historical Trends upper,Aviation,1983,WTW,co2,0.4842915162790699,Gt
Historical Trends upper,Aviation,1984,WTW,co2,0.5167217517441862,Gt
Historical Trends upper,Aviation,1985,WTW,co2,0.5335854741860466,Gt
Historical Trends upper,Aviation,1986,WTW,co2,0.5616916782558142,Gt
Historical Trends upper,Aviation,1987,WTW,co2,0.5863386572093024,Gt
Historical Trends upper,Aviation,1988,WTW,co2,0.6114180393023259,Gt
Historical Trends upper,Aviation,1989,WTW,co2,0.6334705994186048,Gt
Historical Trends upper,Aviation,1990,WTW,co2,0.6467840326430002,Gt
Historical Trends upper,Aviation,1991,WTW,co2,0.6254909454010003,Gt
Historical Trends upper,Aviation,1992,WTW,co2,0.6269412255310002,Gt
Historical Trends upper,Aviation,1993,WTW,co2,0.6303623991710002,Gt
Historical Trends upper,Aviation,1994,WTW,co2,0.6604315405330002,Gt
Historical Trends upper,Aviation,1995,WTW,co2,0.6765110566410001,Gt
Historical Trends upper,Aviation,1996,WTW,co2,0.7071305607190002,Gt
Historical Trends upper,Aviation,1997,WTW,co2,0.7286616426490002,Gt
Historical Trends upper,Aviation,1998,WTW,co2,0.7430305719370003,Gt
Historical Trends upper,Aviation,1999,WTW,co2,0.7669973807520003,Gt
Historical Trends upper,Aviation,2000,WTW,co2,0.8067201816460002,Gt
Historical Trends upper,Aviation,2001,WTW,co2,0.7759853988910002,Gt
Historical Trends upper,Aviation,2002,WTW,co2,0.7775546763650002,Gt
Historical Trends upper,Aviation,2003,WTW,co2,0.7770675309880003,Gt
Historical Trends upper,Aviation,2004,WTW,co2,0.8259494087030003,Gt
Historical Trends upper,Aviation,2005,WTW,co2,0.8665423776750003,Gt
Historical Trends upper,Aviation,2006,WTW,co2,0.8766459959140003,Gt
Historical Trends upper,Aviation,2007,WTW,co2,0.9021039901960004,Gt
Historical Trends upper,Aviation,2008,WTW,co2,0.8979316458220002,Gt
Historical Trends upper,Aviation,2009,WTW,co2,0.8515152443280002,Gt
Historical Trends upper,Aviation,2010,WTW,co2,0.8945104721820002,Gt
Historical Trends upper,Aviation,2011,WTW,co2,0.9210394425600005,Gt
Historical Trends upper,Aviation,2012,WTW,co2,0.9310091887870002,Gt
Historical Trends upper,Aviation,2013,WTW,co2,0.957471223159,Gt
Historical Trends upper,Aviation,2014,WTW,co2,0.9875924258590004,Gt
Historical Trends upper,Aviation,2015,WTW,co2,1.0415279720270005,Gt
Historical Trends upper,Aviation,2016,WTW,co2,1.0919010352090004,Gt
Historical Trends upper,Aviation,2017,WTW,co2,1.1563231962863314,Gt
Historical Trends upper,Aviation,2018,WTW,co2,1.2164520024932204,Gt
Historical Trends upper,Aviation,2019,WTW,co2,1.0877312102318928,Gt
Historical Trends upper,Aviation,2020,WTW,co2,0.5891877388291253,Gt
Historical Trends upper,Aviation,2021,WTW,co2,0.7024930732050391,Gt
Historical Trends upper,Aviation,2022,WTW,co2,0.8611205414800652,Gt
Historical Trends upper,Aviation,2023,WTW,co2,1.0010551062646145,Gt
Historical Trends upper,Aviation,2024,WTW,co2,1.08412756375446,Gt
Historical Trends upper,Aviation,2025,WTW,co2,1.1577630171482691,Gt
Historical Trends upper,Aviation,2026,WTW,co2,1.1799119573671022,Gt
Historical Trends upper,Aviation,2027,WTW,co2,1.204069476010343,Gt
Historical Trends upper,Aviation,2028,WTW,co2,1.229377485115842,Gt
Historical Trends upper,Aviation,2029,WTW,co2,1.255485983237648,Gt
Historical Trends upper,Aviation,2030,WTW,co2,1.2823592690210206,Gt
Historical Trends upper,Aviation,2031,WTW,co2,1.309969587125507,Gt
Historical Trends upper,Aviation,2032,WTW,co2,1.33830569636668,Gt
Historical Trends upper,Aviation,2033,WTW,co2,1.36740180995683,Gt
Historical Trends upper,Aviation,2034,WTW,co2,1.3973314102216117,Gt
Historical Trends upper,Aviation,2035,WTW,co2,1.428210400850906,Gt
Historical Trends upper,Aviation,2036,WTW,co2,1.46018751251141,Gt
Historical Trends upper,Aviation,2037,WTW,co2,1.4934294233715364,Gt
Historical Trends upper,Aviation,2038,WTW,co2,1.5280847392090084,Gt
Historical Trends upper,Aviation,2039,WTW,co2,1.5642770838249402,Gt
Historical Trends upper,Aviation,2040,WTW,co2,1.6020559746320224,Gt
Historical Trends upper,Aviation,2041,WTW,co2,1.6414061431216418,Gt
Historical Trends upper,Aviation,2042,WTW,co2,1.6822276017446778,Gt
Historical Trends upper,Aviation,2043,WTW,co2,1.7243871411252338,Gt
Historical Trends upper,Aviation,2044,WTW,co2,1.767749560793421,Gt
Historical Trends upper,Aviation,2045,WTW,co2,1.8122061918187344,Gt
Historical Trends upper,Aviation,2046,WTW,co2,1.8577317165268752,Gt
Historical Trends upper,Aviation,2047,WTW,co2,1.9043872600229879,Gt
Historical Trends upper,Aviation,2048,WTW,co2,1.952323076730374,Gt
Historical Trends upper,Aviation,2049,WTW,co2,2.0017245557538663,Gt
Historical Trends upper,Aviation,2050,WTW,co2,2.0527733489430817,Gt
SLCP Forward,Aviation,1940,WTW,co2,0.03329504174418605,Gt
SLCP Forward,Aviation,1941,WTW,co2,0.03588946058139537,Gt
SLCP Forward,Aviation,1942,WTW,co2,0.03891628255813955,Gt
SLCP Forward,Aviation,1943,WTW,co2,0.04194310453488372,Gt
SLCP Forward,Aviation,1944,WTW,co2,0.04540232965116281,Gt
SLCP Forward,Aviation,1945,WTW,co2,0.048861554767441875,Gt
SLCP Forward,Aviation,1946,WTW,co2,0.05318558616279072,Gt
SLCP Forward,Aviation,1947,WTW,co2,0.057077214418604666,Gt
SLCP Forward,Aviation,1948,WTW,co2,0.061833648953488383,Gt
SLCP Forward,Aviation,1949,WTW,co2,0.0665900834883721,Gt
SLCP Forward,Aviation,1950,WTW,co2,0.0722113243023256,Gt
SLCP Forward,Aviation,1951,WTW,co2,0.0778325651162791,Gt
SLCP Forward,Aviation,1952,WTW,co2,0.08388620906976745,Gt
SLCP Forward,Aviation,1953,WTW,co2,0.09080465930232562,Gt
SLCP Forward,Aviation,1954,WTW,co2,0.09815551267441865,Gt
SLCP Forward,Aviation,1955,WTW,co2,0.10593876918604651,Gt
SLCP Forward,Aviation,1956,WTW,co2,0.1145868319767442,Gt
SLCP Forward,Aviation,1957,WTW,co2,0.12366729790697675,Gt
SLCP Forward,Aviation,1958,WTW,co2,0.1336125701162791,Gt
SLCP Forward,Aviation,1959,WTW,co2,0.1439902454651163,Gt
SLCP Forward,Aviation,1960,WTW,co2,0.1556651302325582,Gt
SLCP Forward,Aviation,1961,WTW,co2,0.17079924011627912,Gt
SLCP Forward,Aviation,1962,WTW,co2,0.1880953656976745,Gt
SLCP Forward,Aviation,1963,WTW,co2,0.19847304104651167,Gt
SLCP Forward,Aviation,1964,WTW,co2,0.20755350697674424,Gt
SLCP Forward,Aviation,1965,WTW,co2,0.22182281058139544,Gt
SLCP Forward,Aviation,1966,WTW,co2,0.24041614558139543,Gt
SLCP Forward,Aviation,1967,WTW,co2,0.2836564595348838,Gt
SLCP Forward,Aviation,1968,WTW,co2,0.3212755326744188,Gt
SLCP Forward,Aviation,1969,WTW,co2,0.33640964255813965,Gt
SLCP Forward,Aviation,1970,WTW,co2,0.33727444883720936,Gt
SLCP Forward,Aviation,1971,WTW,co2,0.3891628255813955,Gt
SLCP Forward,Aviation,1972,WTW,co2,0.4151070139534885,Gt
SLCP Forward,Aviation,1973,WTW,co2,0.42980872069767456,Gt
SLCP Forward,Aviation,1974,WTW,co2,0.4151070139534885,Gt
SLCP Forward,Aviation,1975,WTW,co2,0.4155394170930234,Gt
SLCP Forward,Aviation,1976,WTW,co2,0.4168366265116281,Gt
SLCP Forward,Aviation,1977,WTW,co2,0.4414836054651164,Gt
SLCP Forward,Aviation,1978,WTW,co2,0.45705011848837224,Gt
SLCP Forward,Aviation,1979,WTW,co2,0.4760758566279071,Gt
SLCP Forward,Aviation,1980,WTW,co2,0.4795350817441862,Gt
SLCP Forward,Aviation,1981,WTW,co2,0.47261663151162797,Gt
SLCP Forward,Aviation,1982,WTW,co2,0.47780546918604666,Gt
SLCP Forward,Aviation,1983,WTW,co2,0.4842915162790699,Gt
SLCP Forward,Aviation,1984,WTW,co2,0.5167217517441862,Gt
SLCP Forward,Aviation,1985,WTW,co2,0.5335854741860466,Gt
SLCP Forward,Aviation,1986,WTW,co2,0.5616916782558142,Gt
SLCP Forward,Aviation,1987,WTW,co2,0.5863386572093024,Gt
SLCP Forward,Aviation,1988,WTW,co2,0.6114180393023259,Gt
SLCP Forward,Aviation,1989,WTW,co2,0.6334705994186048,Gt
SLCP Forward,Aviation,1990,WTW,co2,0.6467840326430002,Gt
SLCP Forward,Aviation,1991,WTW,co2,0.6254909454010003,Gt
SLCP Forward,Aviation,1992,WTW,co2,0.6269412255310002,Gt
SLCP Forward,Aviation,1993,WTW,co2,0.6303623991710002,Gt
SLCP Forward,Aviation,1994,WTW,co2,0.6604315405330002,Gt
SLCP Forward,Aviation,1995,WTW,co2,0.6765110566410001,Gt
SLCP Forward,Aviation,1996,WTW,co2,0.7071305607190002,Gt
SLCP Forward,Aviation,1997,WTW,co2,0.7286616426490002,Gt
SLCP Forward,Aviation,1998,WTW,co2,0.7430305719370003,Gt
SLCP Forward,Aviation,1999,WTW,co2,0.7669973807520003,Gt
SLCP Forward,Aviation,2000,WTW,co2,0.8067201816460002,Gt
SLCP Forward,Aviation,2001,WTW,co2,0.7759853988910002,Gt
SLCP Forward,Aviation,2002,WTW,co2,0.7775546763650002,Gt
SLCP Forward,Aviation,2003,WTW,co2,0.7770675309880003,Gt
SLCP Forward,Aviation,2004,WTW,co2,0.8259494087030003,Gt
SLCP Forward,Aviation,2005,WTW,co2,0.8665423776750003,Gt
SLCP Forward,Aviation,2006,WTW,co2,0.8766459959140003,Gt
SLCP Forward,Aviation,2007,WTW,co2,0.9021039901960004,Gt
SLCP Forward,Aviation,2008,WTW,co2,0.8979316458220002,Gt
SLCP Forward,Aviation,2009,WTW,co2,0.8515152443280002,Gt
SLCP Forward,Aviation,2010,WTW,co2,0.8945104721820002,Gt
SLCP Forward,Aviation,2011,WTW,co2,0.9210394425600005,Gt
SLCP Forward,Aviation,2012,WTW,co2,0.9310091887870002,Gt
SLCP Forward,Aviation,2013,WTW,co2,0.957471223159,Gt
SLCP Forward,Aviation,2014,WTW,co2,0.9875924258590004,Gt
SLCP Forward,Aviation,2015,WTW,co2,1.0415279720270005,Gt
SLCP Forward,Aviation,2016,WTW,co2,1.0919010352090004,Gt
SLCP Forward,Aviation,2017,WTW,co2,1.1563231962863314,Gt
SLCP Forward,Aviation,2018,WTW,co2,1.2164520024932204,Gt
SLCP Forward,Aviation,2019,WTW,co2,1.0877312102318928,Gt
SLCP Forward,Aviation,2020,WTW,co2,0.5891877388291253,Gt
SLCP Forward,Aviation,2021,WTW,co2,0.7024930732050391,Gt
SLCP Forward,Aviation,2022,WTW,co2,0.8611205414800652,Gt
SLCP Forward,Aviation,2023,WTW,co2,1.0010551062646145,Gt
SLCP Forward,Aviation,2024,WTW,co2,1.079212602199146,Gt
SLCP Forward,Aviation,2025,WTW,co2,1.1469849514813637,Gt
SLCP Forward,Aviation,2026,WTW,co2,1.1626895883289392,Gt
SLCP Forward,Aviation,2027,WTW,co2,1.1810165104708201,Gt
SLCP Forward,Aviation,2028,WTW,co2,1.2001108824833557,Gt
SLCP Forward,Aviation,2029,WTW,co2,1.221016546675619,Gt
SLCP Forward,Aviation,2030,WTW,co2,1.2424402420213,Gt
SLCP Forward,Aviation,2031,WTW,co2,1.2618520753856486,Gt
SLCP Forward,Aviation,2032,WTW,co2,1.2826045273660382,Gt
SLCP Forward,Aviation,2033,WTW,co2,1.3039177904294612,Gt
SLCP Forward,Aviation,2034,WTW,co2,1.3273162912476115,Gt
SLCP Forward,Aviation,2035,WTW,co2,1.3513854509240475,Gt
SLCP Forward,Aviation,2036,WTW,co2,1.3734965528153538,Gt
SLCP Forward,Aviation,2037,WTW,co2,1.395903275723762,Gt
SLCP Forward,Aviation,2038,WTW,co2,1.4182557747219084,Gt
SLCP Forward,Aviation,2039,WTW,co2,1.4403701604742392,Gt
SLCP Forward,Aviation,2040,WTW,co2,1.4628787845525972,Gt
SLCP Forward,Aviation,2041,WTW,co2,1.483731510330101,Gt
SLCP Forward,Aviation,2042,WTW,co2,1.504635278371531,Gt
SLCP Forward,Aviation,2043,WTW,co2,1.5253684606121718,Gt
SLCP Forward,Aviation,2044,WTW,co2,1.5455505781883496,Gt
SLCP Forward,Aviation,2045,WTW,co2,1.5649639763505623,Gt
SLCP Forward,Aviation,2046,WTW,co2,1.5830106062387397,Gt
SLCP Forward,Aviation,2047,WTW,co2,1.6000739693638772,Gt
SLCP Forward,Aviation,2048,WTW,co2,1.6162252469953138,Gt
SLCP Forward,Aviation,2049,WTW,co2,1.6326286316776735,Gt
SLCP Forward,Aviation,2050,WTW,co2,1.650082512364679,Gt
SLCP Forward lower,Aviation,1940,WTW,co2,0.03329504174418605,Gt
SLCP Forward lower,Aviation,1941,WTW,co2,0.03588946058139537,Gt
SLCP Forward lower,Aviation,1942,WTW,co2,0.03891628255813955,Gt
SLCP Forward lower,Aviation,1943,WTW,co2,0.04194310453488372,Gt
SLCP Forward lower,Aviation,1944,WTW,co2,0.04540232965116281,Gt
SLCP Forward lower,Aviation,1945,WTW,co2,0.048861554767441875,Gt
SLCP Forward lower,Aviation,1946,WTW,co2,0.05318558616279072,Gt
SLCP Forward lower,Aviation,1947,WTW,co2,0.057077214418604666,Gt
SLCP Forward lower,Aviation,1948,WTW,co2,0.061833648953488383,Gt
SLCP Forward lower,Aviation,1949,WTW,co2,0.0665900834883721,Gt
SLCP Forward lower,Aviation,1950,WTW,co2,0.0722113243023256,Gt
SLCP Forward lower,Aviation,1951,WTW,co2,0.0778325651162791,Gt
SLCP Forward lower,Aviation,1952,WTW,co2,0.08388620906976745,Gt
SLCP Forward lower,Aviation,1953,WTW,co2,0.09080465930232562,Gt
SLCP Forward lower,Aviation,1954,WTW,co2,0.09815551267441865,Gt
SLCP Forward lower,Aviation,1955,WTW,co2,0.10593876918604651,Gt
SLCP Forward lower,Aviation,1956,WTW,co2,0.1145868319767442,Gt
SLCP Forward lower,Aviation,1957,WTW,co2,0.12366729790697675,Gt
SLCP Forward lower,Aviation,1958,WTW,co2,0.1336125701162791,Gt
SLCP Forward lower,Aviation,1959,WTW,co2,0.1439902454651163,Gt
SLCP Forward lower,Aviation,1960,WTW,co2,0.1556651302325582,Gt
SLCP Forward lower,Aviation,1961,WTW,co2,0.17079924011627912,Gt
SLCP Forward lower,Aviation,1962,WTW,co2,0.1880953656976745,Gt
SLCP Forward lower,Aviation,1963,WTW,co2,0.19847304104651167,Gt
SLCP Forward lower,Aviation,1964,WTW,co2,0.20755350697674424,Gt
SLCP Forward lower,Aviation,1965,WTW,co2,0.22182281058139544,Gt
SLCP Forward lower,Aviation,1966,WTW,co2,0.24041614558139543,Gt
SLCP Forward lower,Aviation,1967,WTW,co2,0.2836564595348838,Gt
SLCP Forward lower,Aviation,1968,WTW,co2,0.3212755326744188,Gt
SLCP Forward lower,Aviation,1969,WTW,co2,0.33640964255813965,Gt
SLCP Forward lower,Aviation,1970,WTW,co2,0.33727444883720936,Gt
SLCP Forward lower,Aviation,1971,WTW,co2,0.3891628255813955,Gt
SLCP Forward lower,Aviation,1972,WTW,co2,0.4151070139534885,Gt
SLCP Forward lower,Aviation,1973,WTW,co2,0.42980872069767456,Gt
SLCP Forward lower,Aviation,1974,WTW,co2,0.4151070139534885,Gt
SLCP Forward lower,Aviation,1975,WTW,co2,0.4155394170930234,Gt
SLCP Forward lower,Aviation,1976,WTW,co2,0.4168366265116281,Gt
SLCP Forward lower,Aviation,1977,WTW,co2,0.4414836054651164,Gt
SLCP Forward lower,Aviation,1978,WTW,co2,0.45705011848837224,Gt
SLCP Forward lower,Aviation,1979,WTW,co2,0.4760758566279071,Gt
SLCP Forward lower,Aviation,1980,WTW,co2,0.4795350817441862,Gt
SLCP Forward lower,Aviation,1981,WTW,co2,0.47261663151162797,Gt
SLCP Forward lower,Aviation,1982,WTW,co2,0.47780546918604666,Gt
SLCP Forward lower,Aviation,1983,WTW,co2,0.4842915162790699,Gt
SLCP Forward lower,Aviation,1984,WTW,co2,0.5167217517441862,Gt
SLCP Forward lower,Aviation,1985,WTW,co2,0.5335854741860466,Gt
SLCP Forward lower,Aviation,1986,WTW,co2,0.5616916782558142,Gt
SLCP Forward lower,Aviation,1987,WTW,co2,0.5863386572093024,Gt
SLCP Forward lower,Aviation,1988,WTW,co2,0.6114180393023259,Gt
SLCP Forward lower,Aviation,1989,WTW,co2,0.6334705994186048,Gt
SLCP Forward lower,Aviation,1990,WTW,co2,0.6467840326430002,Gt
SLCP Forward lower,Aviation,1991,WTW,co2,0.6254909454010003,Gt
SLCP Forward lower,Aviation,1992,WTW,co2,0.6269412255310002,Gt
SLCP Forward lower,Aviation,1993,WTW,co2,0.6303623991710002,Gt
SLCP Forward lower,Aviation,1994,WTW,co2,0.6604315405330002,Gt
SLCP Forward lower,Aviation,1995,WTW,co2,0.6765110566410001,Gt
SLCP Forward lower,Aviation,1996,WTW,co2,0.7071305607190002,Gt
SLCP Forward lower,Aviation,1997,WTW,co2,0.7286616426490002,Gt
SLCP Forward lower,Aviation,1998,WTW,co2,0.7430305719370003,Gt
SLCP Forward lower,Aviation,1999,WTW,co2,0.7669973807520003,Gt
SLCP Forward lower,Aviation,2000,WTW,co2,0.8067201816460002,Gt
SLCP Forward lower,Aviation,2001,WTW,co2,0.7759853988910002,Gt
SLCP Forward lower,Aviation,2002,WTW,co2,0.7775546763650002,Gt
SLCP Forward lower,Aviation,2003,WTW,co2,0.7770675309880003,Gt
SLCP Forward lower,Aviation,2004,WTW,co2,0.8259494087030003,Gt
SLCP Forward lower,Aviation,2005,WTW,co2,0.8665423776750003,Gt
SLCP Forward lower,Aviation,2006,WTW,co2,0.8766459959140003,Gt
SLCP Forward lower,Aviation,2007,WTW,co2,0.9021039901960004,Gt
SLCP Forward lower,Aviation,2008,WTW,co2,0.8979316458220002,Gt
SLCP Forward lower,Aviation,2009,WTW,co2,0.8515152443280002,Gt
SLCP Forward lower,Aviation,2010,WTW,co2,0.8945104721820002,Gt
SLCP Forward lower,Aviation,2011,WTW,co2,0.9210394425600005,Gt
SLCP Forward lower,Aviation,2012,WTW,co2,0.9310091887870002,Gt
SLCP Forward lower,Aviation,2013,WTW,co2,0.957471223159,Gt
SLCP Forward lower,Aviation,2014,WTW,co2,0.9875924258590004,Gt
SLCP Forward lower,Aviation,2015,WTW,co2,1.0415279720270005,Gt
SLCP Forward lower,Aviation,2016,WTW,co2,1.0919010352090004,Gt
SLCP Forward lower,Aviation,2017,WTW,co2,1.1563231962863314,Gt
SLCP Forward lower,Aviation,2018,WTW,co2,1.2164520024932204,Gt
SLCP Forward lower,Aviation,2019,WTW,co2,1.0877312102318928,Gt
SLCP Forward lower,Aviation,2020,WTW,co2,0.5891877388291253,Gt
SLCP Forward lower,Aviation,2021,WTW,co2,0.7024930732050391,Gt
SLCP Forward lower,Aviation,2022,WTW,co2,0.8611205414800652,Gt
SLCP Forward lower,Aviation,2023,WTW,co2,1.0010551062646145,Gt
SLCP Forward lower,Aviation,2024,WTW,co2,1.079212602199146,Gt
SLCP Forward lower,Aviation,2025,WTW,co2,1.1469849514813637,Gt
SLCP Forward lower,Aviation,2026,WTW,co2,1.1626895883289392,Gt
SLCP Forward lower,Aviation,2027,WTW,co2,1.1810165104708201,Gt
SLCP Forward lower,Aviation,2028,WTW,co2,1.2001108824833557,Gt
SLCP Forward lower,Aviation,2029,WTW,co2,1.221016546675619,Gt
SLCP Forward lower,Aviation,2030,WTW,co2,1.2424402420213,Gt
SLCP Forward lower,Aviation,2031,WTW,co2,1.2618520753856486,Gt
SLCP Forward lower,Aviation,2032,WTW,co2,1.2826045273660382,Gt
SLCP Forward lower,Aviation,2033,WTW,co2,1.3039177904294612,Gt
SLCP Forward lower,Aviation,2034,WTW,co2,1.3273162912476115,Gt
SLCP Forward lower,Aviation,2035,WTW,co2,1.3513854509240475,Gt
SLCP Forward lower,Aviation,2036,WTW,co2,1.3734965528153538,Gt
SLCP Forward lower,Aviation,2037,WTW,co2,1.395903275723762,Gt
SLCP Forward lower,Aviation,2038,WTW,co2,1.4182557747219084,Gt
SLCP Forward lower,Aviation,2039,WTW,co2,1.4403701604742392,Gt
SLCP Forward lower,Aviation,2040,WTW,co2,1.4628787845525972,Gt
SLCP Forward lower,Aviation,2041,WTW,co2,1.483731510330101,Gt
SLCP Forward lower,Aviation,2042,WTW,co2,1.504635278371531,Gt
SLCP Forward lower,Aviation,2043,WTW,co2,1.5253684606121718,Gt
SLCP Forward lower,Aviation,2044,WTW,co2,1.5455505781883496,Gt
SLCP Forward lower,Aviation,2045,WTW,co2,1.5649639763505623,Gt
SLCP Forward lower,Aviation,2046,WTW,co2,1.5830106062387397,Gt
SLCP Forward lower,Aviation,2047,WTW,co2,1.6000739693638772,Gt
SLCP Forward lower,Aviation,2048,WTW,co2,1.6162252469953138,Gt
SLCP Forward lower,Aviation,2049,WTW,co2,1.6326286316776735,Gt
SLCP Forward lower,Aviation,2050,WTW,co2,1.650082512364679,Gt
SLCP Forward upper,Aviation,1940,WTW,co2,0.03329504174418605,Gt
SLCP Forward upper,Aviation,1941,WTW,co2,0.03588946058139537,Gt
SLCP Forward upper,Aviation,1942,WTW,co2,0.03891628255813955,Gt
SLCP Forward upper,Aviation,1943,WTW,co2,0.04194310453488372,Gt
SLCP Forward upper,Aviation,1944,WTW,co2,0.04540232965116281,Gt
SLCP Forward upper,Aviation,1945,WTW,co2,0.048861554767441875,Gt
SLCP Forward upper,Aviation,1946,WTW,co2,0.05318558616279072,Gt
SLCP Forward upper,Aviation,1947,WTW,co2,0.057077214418604666,Gt
SLCP Forward upper,Aviation,1948,WTW,co2,0.061833648953488383,Gt
SLCP Forward upper,Aviation,1949,WTW,co2,0.0665900834883721,Gt
SLCP Forward upper,Aviation,1950,WTW,co2,0.0722113243023256,Gt
SLCP Forward upper,Aviation,1951,WTW,co2,0.0778325651162791,Gt
SLCP Forward upper,Aviation,1952,WTW,co2,0.08388620906976745,Gt
SLCP Forward upper,Aviation,1953,WTW,co2,0.09080465930232562,Gt
SLCP Forward upper,Aviation,1954,WTW,co2,0.09815551267441865,Gt
SLCP Forward upper,Aviation,1955,WTW,co2,0.10593876918604651,Gt
SLCP Forward upper,Aviation,1956,WTW,co2,0.1145868319767442,Gt
SLCP Forward upper,Aviation,1957,WTW,co2,0.12366729790697675,Gt
SLCP Forward upper,Aviation,1958,WTW,co2,0.1336125701162791,Gt
SLCP Forward upper,Aviation,1959,WTW,co2,0.1439902454651163,Gt
SLCP Forward upper,Aviation,1960,WTW,co2,0.1556651302325582,Gt
SLCP Forward upper,Aviation,1961,WTW,co2,0.17079924011627912,Gt
SLCP Forward upper,Aviation,1962,WTW,co2,0.1880953656976745,Gt
SLCP Forward upper,Aviation,1963,WTW,co2,0.19847304104651167,Gt
SLCP Forward upper,Aviation,1964,WTW,co2,0.20755350697674424,Gt
SLCP Forward upper,Aviation,1965,WTW,co2,0.22182281058139544,Gt
SLCP Forward upper,Aviation,1966,WTW,co2,0.24041614558139543,Gt
SLCP Forward upper,Aviation,1967,WTW,co2,0.2836564595348838,Gt
SLCP Forward upper,Aviation,1968,WTW,co2,0.3212755326744188,Gt
SLCP Forward upper,Aviation,1969,WTW,co2,0.33640964255813965,Gt
SLCP Forward upper,Aviation,1970,WTW,co2,0.33727444883720936,Gt
SLCP Forward upper,Aviation,1971,WTW,co2,0.3891628255813955,Gt
SLCP Forward upper,Aviation,1972,WTW,co2,0.4151070139534885,Gt
SLCP Forward upper,Aviation,1973,WTW,co2,0.42980872069767456,Gt
SLCP Forward upper,Aviation,1974,WTW,co2,0.4151070139534885,Gt
SLCP Forward upper,Aviation,1975,WTW,co2,0.4155394170930234,Gt
SLCP Forward upper,Aviation,1976,WTW,co2,0.4168366265116281,Gt
SLCP Forward upper,Aviation,1977,WTW,co2,0.4414836054651164,Gt
SLCP Forward upper,Aviation,1978,WTW,co2,0.45705011848837224,Gt
SLCP Forward upper,Aviation,1979,WTW,co2,0.4760758566279071,Gt
SLCP Forward upper,Aviation,1980,WTW,co2,0.4795350817441862,Gt
SLCP Forward upper,Aviation,1981,WTW,co2,0.47261663151162797,Gt
SLCP Forward upper,Aviation,1982,WTW,co2,0.47780546918604666,Gt
SLCP Forward upper,Aviation,1983,WTW,co2,0.4842915162790699,Gt
SLCP Forward upper,Aviation,1984,WTW,co2,0.5167217517441862,Gt
SLCP Forward upper,Aviation,1985,WTW,co2,0.5335854741860466,Gt
SLCP Forward upper,Aviation,1986,WTW,co2,0.5616916782558142,Gt
SLCP Forward upper,Aviation,1987,WTW,co2,0.5863386572093024,Gt
SLCP Forward upper,Aviation,1988,WTW,co2,0.6114180393023259,Gt
SLCP Forward upper,Aviation,1989,WTW,co2,0.6334705994186048,Gt
SLCP Forward upper,Aviation,1990,WTW,co2,0.6467840326430002,Gt
SLCP Forward upper,Aviation,1991,WTW,co2,0.6254909454010003,Gt
SLCP Forward upper,Aviation,1992,WTW,co2,0.6269412255310002,Gt
SLCP Forward upper,Aviation,1993,WTW,co2,0.6303623991710002,Gt
SLCP Forward upper,Aviation,1994,WTW,co2,0.6604315405330002,Gt
SLCP Forward upper,Aviation,1995,WTW,co2,0.6765110566410001,Gt
SLCP Forward upper,Aviation,1996,WTW,co2,0.7071305607190002,Gt
SLCP Forward upper,Aviation,1997,WTW,co2,0.7286616426490002,Gt
SLCP Forward upper,Aviation,1998,WTW,co2,0.7430305719370003,Gt
SLCP Forward upper,Aviation,1999,WTW,co2,0.7669973807520003,Gt
SLCP Forward upper,Aviation,2000,WTW,co2,0.8067201816460002,Gt
SLCP Forward upper,Aviation,2001,WTW,co2,0.7759853988910002,Gt
SLCP Forward upper,Aviation,2002,WTW,co2,0.7775546763650002,Gt
SLCP Forward upper,Aviation,2003,WTW,co2,0.7770675309880003,Gt
SLCP Forward upper,Aviation,2004,WTW,co2,0.8259494087030003,Gt
SLCP Forward upper,Aviation,2005,WTW,co2,0.8665423776750003,Gt
SLCP Forward upper,Aviation,2006,WTW,co2,0.8766459959140003,Gt
SLCP Forward upper,Aviation,2007,WTW,co2,0.9021039901960004,Gt
SLCP Forward upper,Aviation,2008,WTW,co2,0.8979316458220002,Gt
SLCP Forward upper,Aviation,2009,WTW,co2,0.8515152443280002,Gt
SLCP Forward upper,Aviation,2010,WTW,co2,0.8945104721820002,Gt
SLCP Forward upper,Aviation,2011,WTW,co2,0.9210394425600005,Gt
SLCP Forward upper,Aviation,2012,WTW,co2,0.9310091887870002,Gt
SLCP Forward upper,Aviation,2013,WTW,co2,0.957471223159,Gt
SLCP Forward upper,Aviation,2014,WTW,co2,0.9875924258590004,Gt
SLCP Forward upper,Aviation,2015,WTW,co2,1.0415279720270005,Gt
SLCP Forward upper,Aviation,2016,WTW,co2,1.0919010352090004,Gt
SLCP Forward upper,Aviation,2017,WTW,co2,1.1563231962863314,Gt
SLCP Forward upper,Aviation,2018,WTW,co2,1.2164520024932204,Gt
SLCP Forward upper,Aviation,2019,WTW,co2,1.0877312102318928,Gt
SLCP Forward upper,Aviation,2020,WTW,co2,0.5891877388291253,Gt
SLCP Forward upper,Aviation,2021,WTW,co2,0.7024930732050391,Gt
SLCP Forward upper,Aviation,2022,WTW,co2,0.8611205414800652,Gt
SLCP Forward upper,Aviation,2023,WTW,co2,1.0010551062646145,Gt
SLCP Forward upper,Aviation,2024,WTW,co2,1.079212602199146,Gt
SLCP Forward upper,Aviation,2025,WTW,co2,1.1469849514813637,Gt
SLCP Forward upper,Aviation,2026,WTW,co2,1.1626895883289392,Gt
SLCP Forward upper,Aviation,2027,WTW,co2,1.1810165104708201,Gt
SLCP Forward upper,Aviation,2028,WTW,co2,1.2001108824833557,Gt
SLCP Forward upper,Aviation,2029,WTW,co2,1.221016546675619,Gt
SLCP Forward upper,Aviation,2030,WTW,co2,1.2424402420213,Gt
SLCP Forward upper,Aviation,2031,WTW,co2,1.2618520753856486,Gt
SLCP Forward upper,Aviation,2032,WTW,co2,1.2826045273660382,Gt
SLCP Forward upper,Aviation,2033,WTW,co2,1.3039177904294612,Gt
SLCP Forward upper,Aviation,2034,WTW,co2,1.3273162912476115,Gt
SLCP Forward upper,Aviation,2035,WTW,co2,1.3513854509240475,Gt
SLCP Forward upper,Aviation,2036,WTW,co2,1.3734965528153538,Gt
SLCP Forward upper,Aviation,2037,WTW,co2,1.395903275723762,Gt
SLCP Forward upper,Aviation,2038,WTW,co2,1.4182557747219084,Gt
SLCP Forward upper,Aviation,2039,WTW,co2,1.4403701604742392,Gt
SLCP Forward upper,Aviation,2040,WTW,co2,1.4628787845525972,Gt
SLCP Forward upper,Aviation,2041,WTW,co2,1.483731510330101,Gt
SLCP Forward upper,Aviation,2042,WTW,co2,1.504635278371531,Gt
SLCP Forward upper,Aviation,2043,WTW,co2,1.5253684606121718,Gt
SLCP Forward upper,Aviation,2044,WTW,co2,1.5455505781883496,Gt
SLCP Forward upper,Aviation,2045,WTW,co2,1.5649639763505623,Gt
SLCP Forward upper,Aviation,2046,WTW,co2,1.5830106062387397,Gt
SLCP Forward upper,Aviation,2047,WTW,co2,1.6000739693638772,Gt
SLCP Forward upper,Aviation,2048,WTW,co2,1.6162252469953138,Gt
SLCP Forward upper,Aviation,2049,WTW,co2,1.6326286316776735,Gt
SLCP Forward upper,Aviation,2050,WTW,co2,1.650082512364679,Gt
Current Commitments,Aviation,1940,WTW,h2o,5.73114013589515e-05,Mt
Current Commitments,Aviation,1941,WTW,h2o,6.177722484146721e-05,Mt
Current Commitments,Aviation,1942,WTW,h2o,6.698735223773553e-05,Mt
Current Commitments,Aviation,1943,WTW,h2o,7.219747963400383e-05,Mt
Current Commitments,Aviation,1944,WTW,h2o,7.815191094402478e-05,Mt
Current Commitments,Aviation,1945,WTW,h2o,8.410634225404571e-05,Mt
Current Commitments,Aviation,1946,WTW,h2o,9.15493813915719e-05,Mt
Current Commitments,Aviation,1947,WTW,h2o,9.824811661534544e-05,Mt
Current Commitments,Aviation,1948,WTW,h2o,0.0001064354596666,Mt
Current Commitments,Aviation,1949,WTW,h2o,0.0001146228027179,Mt
Current Commitments,Aviation,1950,WTW,h2o,0.0001242987535966,Mt
Current Commitments,Aviation,1951,WTW,h2o,0.0001339747044754,Mt
Current Commitments,Aviation,1952,WTW,h2o,0.000144394959268,Mt
Current Commitments,Aviation,1953,WTW,h2o,0.000156303821888,Mt
Current Commitments,Aviation,1954,WTW,h2o,0.0001689569884218,Mt
Current Commitments,Aviation,1955,WTW,h2o,0.0001823544588693,Mt
Current Commitments,Aviation,1956,WTW,h2o,0.0001972405371444,Mt
Current Commitments,Aviation,1957,WTW,h2o,0.0002128709193332,Mt
Current Commitments,Aviation,1958,WTW,h2o,0.0002299899093495,Mt
Current Commitments,Aviation,1959,WTW,h2o,0.0002478532032796,Mt
Current Commitments,Aviation,1960,WTW,h2o,0.0002679494089509,Mt
Current Commitments,Aviation,1961,WTW,h2o,0.0002940000459322,Mt
Current Commitments,Aviation,1962,WTW,h2o,0.0003237722024823,Mt
Current Commitments,Aviation,1963,WTW,h2o,0.0003416354964124,Mt
Current Commitments,Aviation,1964,WTW,h2o,0.0003572658786012,Mt
Current Commitments,Aviation,1965,WTW,h2o,0.000381827907755,Mt
Current Commitments,Aviation,1966,WTW,h2o,0.0004138329760464,Mt
Current Commitments,Aviation,1967,WTW,h2o,0.0004882633674217,Mt
Current Commitments,Aviation,1968,WTW,h2o,0.0005530178079181,Mt
Current Commitments,Aviation,1969,WTW,h2o,0.0005790684448995,Mt
Current Commitments,Aviation,1970,WTW,h2o,0.000580557052727,Mt
Current Commitments,Aviation,1971,WTW,h2o,0.0006698735223773,Mt
Current Commitments,Aviation,1972,WTW,h2o,0.0007145317572025,Mt
Current Commitments,Aviation,1973,WTW,h2o,0.0007398380902701,Mt
Current Commitments,Aviation,1974,WTW,h2o,0.0007145317572025,Mt
Current Commitments,Aviation,1975,WTW,h2o,0.0007152760611162,Mt
Current Commitments,Aviation,1976,WTW,h2o,0.0007175089728575,Mt
Current Commitments,Aviation,1977,WTW,h2o,0.0007599342959414,Mt
Current Commitments,Aviation,1978,WTW,h2o,0.0007867292368365,Mt
Current Commitments,Aviation,1979,WTW,h2o,0.0008194786090416,Mt
Current Commitments,Aviation,1980,WTW,h2o,0.0008254330403516,Mt
Current Commitments,Aviation,1981,WTW,h2o,0.0008135241777316,Mt
Current Commitments,Aviation,1982,WTW,h2o,0.0008224558246966,Mt
Current Commitments,Aviation,1983,WTW,h2o,0.0008336203834029,Mt
Current Commitments,Aviation,1984,WTW,h2o,0.0008894431769343,Mt
Current Commitments,Aviation,1985,WTW,h2o,0.0009184710295707,Mt
Current Commitments,Aviation,1986,WTW,h2o,0.0009668507839646,Mt
Current Commitments,Aviation,1987,WTW,h2o,0.0010092761070485,Mt
Current Commitments,Aviation,1988,WTW,h2o,0.0010524457340462,Mt
Current Commitments,Aviation,1989,WTW,h2o,0.0010904052336475,Mt
Current Commitments,Aviation,1990,WTW,h2o,0.0011133219045696,Mt
Current Commitments,Aviation,1991,WTW,h2o,0.0010766697003624,Mt
Current Commitments,Aviation,1992,WTW,h2o,0.0010791660956891,Mt
Current Commitments,Aviation,1993,WTW,h2o,0.0010850550282547,Mt
Current Commitments,Aviation,1994,WTW,h2o,0.0011368136246955,Mt
Current Commitments,Aviation,1995,WTW,h2o,0.0011644916077539,Mt
Current Commitments,Aviation,1996,WTW,h2o,0.0012171975542161,Mt
Current Commitments,Aviation,1997,WTW,h2o,0.0012542594232975,Mt
Current Commitments,Aviation,1998,WTW,h2o,0.001278992940073,Mt
Current Commitments,Aviation,1999,WTW,h2o,0.0013202474731006,Mt
Current Commitments,Aviation,2000,WTW,h2o,0.0013886231009983,Mt
Current Commitments,Aviation,2001,WTW,h2o,0.0013357187231126,Mt
Current Commitments,Aviation,2002,WTW,h2o,0.0013384199508764,Mt
Current Commitments,Aviation,2003,WTW,h2o,0.0013375814180872,Mt
Current Commitments,Aviation,2004,WTW,h2o,0.0014217227426252,Mt
Current Commitments,Aviation,2005,WTW,h2o,0.0014915962077189,Mt
Current Commitments,Aviation,2006,WTW,h2o,0.0015089877618284,Mt
Current Commitments,Aviation,2007,WTW,h2o,0.001552809101333,Mt
Current Commitments,Aviation,2008,WTW,h2o,0.0015456271640084,Mt
Current Commitments,Aviation,2009,WTW,h2o,0.0014657297115258,Mt
Current Commitments,Aviation,2010,WTW,h2o,0.0015397382314428,Mt
Current Commitments,Aviation,2011,WTW,h2o,0.0015854030628809,Mt
Current Commitments,Aviation,2012,WTW,h2o,0.0016025641804987,Mt
Current Commitments,Aviation,2013,WTW,h2o,0.001648113793691,Mt
Current Commitments,Aviation,2014,WTW,h2o,0.001699962004323,Mt
Current Commitments,Aviation,2015,WTW,h2o,0.0017928023064226,Mt
Current Commitments,Aviation,2016,WTW,h2o,0.0018795104374375,Mt
Current Commitments,Aviation,2017,WTW,h2o,0.0019904015532463,Mt
Current Commitments,Aviation,2018,WTW,h2o,0.0020939024340152,Mt
Current Commitments,Aviation,2019,WTW,h2o,0.0018723328367997,Mt
Current Commitments,Aviation,2020,WTW,h2o,0.0010141802865198,Mt
Current Commitments,Aviation,2021,WTW,h2o,0.0012092149569798,Mt
Current Commitments,Aviation,2022,WTW,h2o,0.0014822634958798,Mt
Current Commitments,Aviation,2023,WTW,h2o,0.0017231355773139,Mt
Current Commitments,Aviation,2024,WTW,h2o,0.0018608145016934,Mt
Current Commitments,Aviation,2025,WTW,h2o,0.0019805679810322,Mt
Current Commitments,Aviation,2026,WTW,h2o,0.0020129325505361,Mt
Current Commitments,Aviation,2027,WTW,h2o,0.0020484456425724,Mt
Current Commitments,Aviation,2028,WTW,h2o,0.0020856113915876,Mt
Current Commitments,Aviation,2029,WTW,h2o,0.0021238107089158,Mt
Current Commitments,Aviation,2030,WTW,h2o,0.0021629602722167,Mt
Current Commitments,Aviation,2031,WTW,h2o,0.0022029862048014,Mt
Current Commitments,Aviation,2032,WTW,h2o,0.0022439336385282,Mt
Current Commitments,Aviation,2033,WTW,h2o,0.0022858495373544,Mt
Current Commitments,Aviation,2034,WTW,h2o,0.0023288463602357,Mt
Current Commitments,Aviation,2035,WTW,h2o,0.002372832503847,Mt
Current Commitments,Aviation,2036,WTW,h2o,0.0024176660161134,Mt
Current Commitments,Aviation,2037,WTW,h2o,0.0024624738253288,Mt
Current Commitments,Aviation,2038,WTW,h2o,0.0025062828611799,Mt
Current Commitments,Aviation,2039,WTW,h2o,0.0025493974698325,Mt
Current Commitments,Aviation,2040,WTW,h2o,0.0025933818961235,Mt
Current Commitments,Aviation,2041,WTW,h2o,0.002638620546471,Mt
Current Commitments,Aviation,2042,WTW,h2o,0.0026844389059513,Mt
Current Commitments,Aviation,2043,WTW,h2o,0.0027303841193012,Mt
Current Commitments,Aviation,2044,WTW,h2o,0.0027758520428585,Mt
Current Commitments,Aviation,2045,WTW,h2o,0.0028206097526459,Mt
Current Commitments,Aviation,2046,WTW,h2o,0.0028636439844828,Mt
Current Commitments,Aviation,2047,WTW,h2o,0.0029056351766764,Mt
Current Commitments,Aviation,2048,WTW,h2o,0.0029466321236052,Mt
Current Commitments,Aviation,2049,WTW,h2o,0.00298861964236,Mt
Current Commitments,Aviation,2050,WTW,h2o,0.0030329626188508,Mt
Current Commitments lower,Aviation,1940,WTW,h2o,2.31449890103458e-05,Mt
Current Commitments lower,Aviation,1941,WTW,h2o,2.4948494647515604e-05,Mt
Current Commitments lower,Aviation,1942,WTW,h2o,2.705258455754705e-05,Mt
Current Commitments lower,Aviation,1943,WTW,h2o,2.915667446757847e-05,Mt
Current Commitments lower,Aviation,1944,WTW,h2o,3.156134865047155e-05,Mt
Current Commitments lower,Aviation,1945,WTW,h2o,3.3966022833364614e-05,Mt
Current Commitments lower,Aviation,1946,WTW,h2o,3.697186556198096e-05,Mt
Current Commitments lower,Aviation,1947,WTW,h2o,3.9677124017735656e-05,Mt
Current Commitments lower,Aviation,1948,WTW,h2o,4.298355101921363e-05,Mt
Current Commitments lower,Aviation,1949,WTW,h2o,4.62899780206916e-05,Mt
Current Commitments lower,Aviation,1950,WTW,h2o,5.019757356789284e-05,Mt
Current Commitments lower,Aviation,1951,WTW,h2o,5.410516911509409e-05,Mt
Current Commitments lower,Aviation,1952,WTW,h2o,5.831334893515694e-05,Mt
Current Commitments lower,Aviation,1953,WTW,h2o,6.31226973009431e-05,Mt
Current Commitments lower,Aviation,1954,WTW,h2o,6.823262993959085e-05,Mt
Current Commitments lower,Aviation,1955,WTW,h2o,7.364314685110026e-05,Mt
Current Commitments lower,Aviation,1956,WTW,h2o,7.965483230833295e-05,Mt
Current Commitments lower,Aviation,1957,WTW,h2o,8.596710203842725e-05,Mt
Current Commitments lower,Aviation,1958,WTW,h2o,9.288054031424482e-05,Mt
Current Commitments lower,Aviation,1959,WTW,h2o,0.0001000945628629,Mt
Current Commitments lower,Aviation,1960,WTW,h2o,0.0001082103382301,Mt
Current Commitments lower,Aviation,1961,WTW,h2o,0.0001187307877803,Mt
Current Commitments lower,Aviation,1962,WTW,h2o,0.0001307541586948,Mt
Current Commitments lower,Aviation,1963,WTW,h2o,0.0001379681812434,Mt
Current Commitments lower,Aviation,1964,WTW,h2o,0.0001442804509735,Mt
Current Commitments lower,Aviation,1965,WTW,h2o,0.000154199731978,Mt
Current Commitments lower,Aviation,1966,WTW,h2o,0.000167124855711,Mt
Current Commitments lower,Aviation,1967,WTW,h2o,0.0001971832829972,Mt
Current Commitments lower,Aviation,1968,WTW,h2o,0.0002233341147361,Mt
Current Commitments lower,Aviation,1969,WTW,h2o,0.0002338545642863,Mt
Current Commitments lower,Aviation,1970,WTW,h2o,0.000234455732832,Mt
Current Commitments lower,Aviation,1971,WTW,h2o,0.0002705258455754,Mt
Current Commitments lower,Aviation,1972,WTW,h2o,0.0002885609019471,Mt
Current Commitments lower,Aviation,1973,WTW,h2o,0.0002987807672244,Mt
Current Commitments lower,Aviation,1974,WTW,h2o,0.0002885609019471,Mt
Current Commitments lower,Aviation,1975,WTW,h2o,0.00028886148622,Mt
Current Commitments lower,Aviation,1976,WTW,h2o,0.0002897632390386,Mt
Current Commitments lower,Aviation,1977,WTW,h2o,0.0003068965425917,Mt
Current Commitments lower,Aviation,1978,WTW,h2o,0.0003177175764147,Mt
Current Commitments lower,Aviation,1979,WTW,h2o,0.0003309432844206,Mt
Current Commitments lower,Aviation,1980,WTW,h2o,0.0003333479586035,Mt
Current Commitments lower,Aviation,1981,WTW,h2o,0.0003285386102377,Mt
Current Commitments lower,Aviation,1982,WTW,h2o,0.0003321456215121,Mt
Current Commitments lower,Aviation,1983,WTW,h2o,0.000336654385605,Mt
Current Commitments lower,Aviation,1984,WTW,h2o,0.0003591982060696,Mt
Current Commitments lower,Aviation,1985,WTW,h2o,0.0003709209927112,Mt
Current Commitments lower,Aviation,1986,WTW,h2o,0.0003904589704472,Mt
Current Commitments lower,Aviation,1987,WTW,h2o,0.0004075922740003,Mt
Current Commitments lower,Aviation,1988,WTW,h2o,0.0004250261618263,Mt
Current Commitments lower,Aviation,1989,WTW,h2o,0.0004403559597422,Mt
Current Commitments lower,Aviation,1990,WTW,h2o,0.0004496107691531,Mt
Current Commitments lower,Aviation,1991,WTW,h2o,0.000434808917454,Mt
Current Commitments lower,Aviation,1992,WTW,h2o,0.0004358170771052,Mt
Current Commitments lower,Aviation,1993,WTW,h2o,0.0004381952998721,Mt
Current Commitments lower,Aviation,1994,WTW,h2o,0.0004590978099731,Mt
Current Commitments lower,Aviation,1995,WTW,h2o,0.0004702754569775,Mt
Current Commitments lower,Aviation,1996,WTW,h2o,0.0004915605507411,Mt
Current Commitments lower,Aviation,1997,WTW,h2o,0.0005065278440239,Mt
Current Commitments lower,Aviation,1998,WTW,h2o,0.0005165163796449,Mt
Current Commitments lower,Aviation,1999,WTW,h2o,0.0005331768641368,Mt
Current Commitments lower,Aviation,2000,WTW,h2o,0.00056079009848,Mt
Current Commitments lower,Aviation,2001,WTW,h2o,0.0005394248689493,Mt
Current Commitments lower,Aviation,2002,WTW,h2o,0.0005405157493924,Mt
Current Commitments lower,Aviation,2003,WTW,h2o,0.0005401771111506,Mt
Current Commitments lower,Aviation,2004,WTW,h2o,0.0005741572614448,Mt
Current Commitments lower,Aviation,2005,WTW,h2o,0.0006023753915788,Mt
Current Commitments lower,Aviation,2006,WTW,h2o,0.0006093989038153,Mt
Current Commitments lower,Aviation,2007,WTW,h2o,0.0006270959832306,Mt
Current Commitments lower,Aviation,2008,WTW,h2o,0.0006241955854649,Mt
Current Commitments lower,Aviation,2009,WTW,h2o,0.0005919293065777,Mt
Current Commitments lower,Aviation,2010,WTW,h2o,0.000621817362698,Mt
Current Commitments lower,Aviation,2011,WTW,h2o,0.0006402589292403,Mt
Current Commitments lower,Aviation,2012,WTW,h2o,0.000647189380586,Mt
Current Commitments lower,Aviation,2013,WTW,h2o,0.0006655844166829,Mt
Current Commitments lower,Aviation,2014,WTW,h2o,0.0006865231171304,Mt
Current Commitments lower,Aviation,2015,WTW,h2o,0.0007240163160552,Mt
Current Commitments lower,Aviation,2016,WTW,h2o,0.0007590330612728,Mt
Current Commitments lower,Aviation,2017,WTW,h2o,0.0008038160118879,Mt
Current Commitments lower,Aviation,2018,WTW,h2o,0.0008456144445061,Mt
Current Commitments lower,Aviation,2019,WTW,h2o,0.0007561344148614,Mt
Current Commitments lower,Aviation,2020,WTW,h2o,0.0004095728080176,Mt
Current Commitments lower,Aviation,2021,WTW,h2o,0.0004883368095495,Mt
Current Commitments lower,Aviation,2022,WTW,h2o,0.0005986064117976,Mt
Current Commitments lower,Aviation,2023,WTW,h2o,0.0006958816754536,Mt
Current Commitments lower,Aviation,2024,WTW,h2o,0.00075148277953,Mt
Current Commitments lower,Aviation,2025,WTW,h2o,0.0007998447615707,Mt
Current Commitments lower,Aviation,2026,WTW,h2o,0.0008129150684857,Mt
Current Commitments lower,Aviation,2027,WTW,h2o,0.0008272568941158,Mt
Current Commitments lower,Aviation,2028,WTW,h2o,0.0008422661389104,Mt
Current Commitments lower,Aviation,2029,WTW,h2o,0.0008576927862929,Mt
Current Commitments lower,Aviation,2030,WTW,h2o,0.0008735031868567,Mt
Current Commitments lower,Aviation,2031,WTW,h2o,0.0008896675057852,Mt
Current Commitments lower,Aviation,2032,WTW,h2o,0.0009062039694056,Mt
Current Commitments lower,Aviation,2033,WTW,h2o,0.0009231315439316,Mt
Current Commitments lower,Aviation,2034,WTW,h2o,0.0009404956454798,Mt
Current Commitments lower,Aviation,2035,WTW,h2o,0.0009582592803997,Mt
Current Commitments lower,Aviation,2036,WTW,h2o,0.0009763651218919,Mt
Current Commitments lower,Aviation,2037,WTW,h2o,0.0009944605833058,Mt
Current Commitments lower,Aviation,2038,WTW,h2o,0.001012152693938,Mt
Current Commitments lower,Aviation,2039,WTW,h2o,0.0010295643628169,Mt
Current Commitments lower,Aviation,2040,WTW,h2o,0.0010473273042037,Mt
Current Commitments lower,Aviation,2041,WTW,h2o,0.0010655967591517,Mt
Current Commitments lower,Aviation,2042,WTW,h2o,0.0010841003274034,Mt
Current Commitments lower,Aviation,2043,WTW,h2o,0.0011026551251024,Mt
Current Commitments lower,Aviation,2044,WTW,h2o,0.0011210171711544,Mt
Current Commitments lower,Aviation,2045,WTW,h2o,0.001139092400107,Mt
Current Commitments lower,Aviation,2046,WTW,h2o,0.001156471609118,Mt
Current Commitments lower,Aviation,2047,WTW,h2o,0.0011734295905808,Mt
Current Commitments lower,Aviation,2048,WTW,h2o,0.0011899860499175,Mt
Current Commitments lower,Aviation,2049,WTW,h2o,0.0012069425478761,Mt
Current Commitments lower,Aviation,2050,WTW,h2o,0.001224850288382,Mt
Current Commitments upper,Aviation,1940,WTW,h2o,9.14778137075572e-05,Mt
Current Commitments upper,Aviation,1941,WTW,h2o,9.860595503541884e-05,Mt
Current Commitments upper,Aviation,1942,WTW,h2o,0.0001069221199179,Mt
Current Commitments upper,Aviation,1943,WTW,h2o,0.0001152382848004,Mt
Current Commitments upper,Aviation,1944,WTW,h2o,0.0001247424732375,Mt
Current Commitments upper,Aviation,1945,WTW,h2o,0.0001342466616747,Mt
Current Commitments upper,Aviation,1946,WTW,h2o,0.0001461268972211,Mt
Current Commitments upper,Aviation,1947,WTW,h2o,0.0001568191092129,Mt
Current Commitments upper,Aviation,1948,WTW,h2o,0.000169887368314,Mt
Current Commitments upper,Aviation,1949,WTW,h2o,0.0001829556274151,Mt
Current Commitments upper,Aviation,1950,WTW,h2o,0.0001983999336254,Mt
Current Commitments upper,Aviation,1951,WTW,h2o,0.0002138442398358,Mt
Current Commitments upper,Aviation,1952,WTW,h2o,0.0002304765696008,Mt
Current Commitments upper,Aviation,1953,WTW,h2o,0.0002494849464751,Mt
Current Commitments upper,Aviation,1954,WTW,h2o,0.000269681346904,Mt
Current Commitments upper,Aviation,1955,WTW,h2o,0.0002910657708876,Mt
Current Commitments upper,Aviation,1956,WTW,h2o,0.0003148262419805,Mt
Current Commitments upper,Aviation,1957,WTW,h2o,0.000339774736628,Mt
Current Commitments upper,Aviation,1958,WTW,h2o,0.0003670992783848,Mt
Current Commitments upper,Aviation,1959,WTW,h2o,0.0003956118436963,Mt
Current Commitments upper,Aviation,1960,WTW,h2o,0.0004276884796716,Mt
Current Commitments upper,Aviation,1961,WTW,h2o,0.0004692693040842,Mt
Current Commitments upper,Aviation,1962,WTW,h2o,0.0005167902462699,Mt
Current Commitments upper,Aviation,1963,WTW,h2o,0.0005453028115814,Mt
Current Commitments upper,Aviation,1964,WTW,h2o,0.0005702513062289,Mt
Current Commitments upper,Aviation,1965,WTW,h2o,0.0006094560835321,Mt
Current Commitments upper,Aviation,1966,WTW,h2o,0.0006605410963818,Mt
Current Commitments upper,Aviation,1967,WTW,h2o,0.0007793434518462,Mt
Current Commitments upper,Aviation,1968,WTW,h2o,0.0008827015011001,Mt
Current Commitments upper,Aviation,1969,WTW,h2o,0.0009242823255127,Mt
Current Commitments upper,Aviation,1970,WTW,h2o,0.000926658372622,Mt
Current Commitments upper,Aviation,1971,WTW,h2o,0.0010692211991792,Mt
Current Commitments upper,Aviation,1972,WTW,h2o,0.0011405026124578,Mt
Current Commitments upper,Aviation,1973,WTW,h2o,0.0011808954133157,Mt
Current Commitments upper,Aviation,1974,WTW,h2o,0.0011405026124578,Mt
Current Commitments upper,Aviation,1975,WTW,h2o,0.0011416906360125,Mt
Current Commitments upper,Aviation,1976,WTW,h2o,0.0011452547066764,Mt
Current Commitments upper,Aviation,1977,WTW,h2o,0.0012129720492911,Mt
Current Commitments upper,Aviation,1978,WTW,h2o,0.0012557408972582,Mt
Current Commitments upper,Aviation,1979,WTW,h2o,0.0013080139336626,Mt
Current Commitments upper,Aviation,1980,WTW,h2o,0.0013175181220997,Mt
Current Commitments upper,Aviation,1981,WTW,h2o,0.0012985097452254,Mt
Current Commitments upper,Aviation,1982,WTW,h2o,0.0013127660278811,Mt
Current Commitments upper,Aviation,1983,WTW,h2o,0.0013305863812008,Mt
Current Commitments upper,Aviation,1984,WTW,h2o,0.0014196881477991,Mt
Current Commitments upper,Aviation,1985,WTW,h2o,0.0014660210664302,Mt
Current Commitments upper,Aviation,1986,WTW,h2o,0.001543242597482,Mt
Current Commitments upper,Aviation,1987,WTW,h2o,0.0016109599400967,Mt
Current Commitments upper,Aviation,1988,WTW,h2o,0.001679865306266,Mt
Current Commitments upper,Aviation,1989,WTW,h2o,0.0017404545075528,Mt
Current Commitments upper,Aviation,1990,WTW,h2o,0.0017770330399862,Mt
Current Commitments upper,Aviation,1991,WTW,h2o,0.0017185304832707,Mt
Current Commitments upper,Aviation,1992,WTW,h2o,0.001722515114273,Mt
Current Commitments upper,Aviation,1993,WTW,h2o,0.0017319147566373,Mt
Current Commitments upper,Aviation,1994,WTW,h2o,0.0018145294394178,Mt
Current Commitments upper,Aviation,1995,WTW,h2o,0.0018587077585302,Mt
Current Commitments upper,Aviation,1996,WTW,h2o,0.0019428345576911,Mt
Current Commitments upper,Aviation,1997,WTW,h2o,0.002001991002571,Mt
Current Commitments upper,Aviation,1998,WTW,h2o,0.0020414695005012,Mt
Current Commitments upper,Aviation,1999,WTW,h2o,0.0021073180820645,Mt
Current Commitments upper,Aviation,2000,WTW,h2o,0.0022164561035165,Mt
Current Commitments upper,Aviation,2001,WTW,h2o,0.002132012577276,Mt
Current Commitments upper,Aviation,2002,WTW,h2o,0.0021363241523605,Mt
Current Commitments upper,Aviation,2003,WTW,h2o,0.0021349857250238,Mt
Current Commitments upper,Aviation,2004,WTW,h2o,0.0022692882238056,Mt
Current Commitments upper,Aviation,2005,WTW,h2o,0.002380817023859,Mt
Current Commitments upper,Aviation,2006,WTW,h2o,0.0024085766198416,Mt
Current Commitments upper,Aviation,2007,WTW,h2o,0.0024785222194353,Mt
Current Commitments upper,Aviation,2008,WTW,h2o,0.0024670587425519,Mt
Current Commitments upper,Aviation,2009,WTW,h2o,0.0023395301164739,Mt
Current Commitments upper,Aviation,2010,WTW,h2o,0.0024576591001875,Mt
Current Commitments upper,Aviation,2011,WTW,h2o,0.0025305471965214,Mt
Current Commitments upper,Aviation,2012,WTW,h2o,0.0025579389804114,Mt
Current Commitments upper,Aviation,2013,WTW,h2o,0.0026306431706991,Mt
Current Commitments upper,Aviation,2014,WTW,h2o,0.0027134008915156,Mt
Current Commitments upper,Aviation,2015,WTW,h2o,0.0028615882967899,Mt
Current Commitments upper,Aviation,2016,WTW,h2o,0.0029999878136022,Mt
Current Commitments upper,Aviation,2017,WTW,h2o,0.0031769870946048,Mt
Current Commitments upper,Aviation,2018,WTW,h2o,0.0033421904235242,Mt
Current Commitments upper,Aviation,2019,WTW,h2o,0.002988531258738,Mt
Current Commitments upper,Aviation,2020,WTW,h2o,0.001618787765022,Mt
Current Commitments upper,Aviation,2021,WTW,h2o,0.00193009310441,Mt
Current Commitments upper,Aviation,2022,WTW,h2o,0.002365920579962,Mt
Current Commitments upper,Aviation,2023,WTW,h2o,0.0027503894791741,Mt
Current Commitments upper,Aviation,2024,WTW,h2o,0.0029701462238568,Mt
Current Commitments upper,Aviation,2025,WTW,h2o,0.0031612912004937,Mt
Current Commitments upper,Aviation,2026,WTW,h2o,0.0032129500325866,Mt
Current Commitments upper,Aviation,2027,WTW,h2o,0.0032696343910291,Mt
Current Commitments upper,Aviation,2028,WTW,h2o,0.0033289566442649,Mt
Current Commitments upper,Aviation,2029,WTW,h2o,0.0033899286315386,Mt
Current Commitments upper,Aviation,2030,WTW,h2o,0.0034524173575766,Mt
Current Commitments upper,Aviation,2031,WTW,h2o,0.0035163049038177,Mt
Current Commitments upper,Aviation,2032,WTW,h2o,0.0035816633076508,Mt
Current Commitments upper,Aviation,2033,WTW,h2o,0.0036485675307773,Mt
Current Commitments upper,Aviation,2034,WTW,h2o,0.0037171970749917,Mt
Current Commitments upper,Aviation,2035,WTW,h2o,0.0037874057272942,Mt
Current Commitments upper,Aviation,2036,WTW,h2o,0.0038589669103349,Mt
Current Commitments upper,Aviation,2037,WTW,h2o,0.0039304870673517,Mt
Current Commitments upper,Aviation,2038,WTW,h2o,0.0040004130284218,Mt
Current Commitments upper,Aviation,2039,WTW,h2o,0.0040692305768481,Mt
Current Commitments upper,Aviation,2040,WTW,h2o,0.0041394364880433,Mt
Current Commitments upper,Aviation,2041,WTW,h2o,0.0042116443337903,Mt
Current Commitments upper,Aviation,2042,WTW,h2o,0.0042847774844992,Mt
Current Commitments upper,Aviation,2043,WTW,h2o,0.0043581131135,Mt
Current Commitments upper,Aviation,2044,WTW,h2o,0.0044306869145626,Mt
Current Commitments upper,Aviation,2045,WTW,h2o,0.0045021271051849,Mt
Current Commitments upper,Aviation,2046,WTW,h2o,0.0045708163598476,Mt
Current Commitments upper,Aviation,2047,WTW,h2o,0.004637840762772,Mt
Current Commitments upper,Aviation,2048,WTW,h2o,0.0047032781972929,Mt
Current Commitments upper,Aviation,2049,WTW,h2o,0.004770296736844,Mt
Current Commitments upper,Aviation,2050,WTW,h2o,0.0048410749493195,Mt
Full Breakthrough,Aviation,1940,WTW,h2o,5.73114013589515e-05,Mt
Full Breakthrough,Aviation,1941,WTW,h2o,6.177722484146721e-05,Mt
Full Breakthrough,Aviation,1942,WTW,h2o,6.698735223773553e-05,Mt
Full Breakthrough,Aviation,1943,WTW,h2o,7.219747963400383e-05,Mt
Full Breakthrough,Aviation,1944,WTW,h2o,7.815191094402478e-05,Mt
Full Breakthrough,Aviation,1945,WTW,h2o,8.410634225404571e-05,Mt
Full Breakthrough,Aviation,1946,WTW,h2o,9.15493813915719e-05,Mt
Full Breakthrough,Aviation,1947,WTW,h2o,9.824811661534544e-05,Mt
Full Breakthrough,Aviation,1948,WTW,h2o,0.0001064354596666,Mt
Full Breakthrough,Aviation,1949,WTW,h2o,0.0001146228027179,Mt
Full Breakthrough,Aviation,1950,WTW,h2o,0.0001242987535966,Mt
Full Breakthrough,Aviation,1951,WTW,h2o,0.0001339747044754,Mt
Full Breakthrough,Aviation,1952,WTW,h2o,0.000144394959268,Mt
Full Breakthrough,Aviation,1953,WTW,h2o,0.000156303821888,Mt
Full Breakthrough,Aviation,1954,WTW,h2o,0.0001689569884218,Mt
Full Breakthrough,Aviation,1955,WTW,h2o,0.0001823544588693,Mt
Full Breakthrough,Aviation,1956,WTW,h2o,0.0001972405371444,Mt
Full Breakthrough,Aviation,1957,WTW,h2o,0.0002128709193332,Mt
Full Breakthrough,Aviation,1958,WTW,h2o,0.0002299899093495,Mt
Full Breakthrough,Aviation,1959,WTW,h2o,0.0002478532032796,Mt
Full Breakthrough,Aviation,1960,WTW,h2o,0.0002679494089509,Mt
Full Breakthrough,Aviation,1961,WTW,h2o,0.0002940000459322,Mt
Full Breakthrough,Aviation,1962,WTW,h2o,0.0003237722024823,Mt
Full Breakthrough,Aviation,1963,WTW,h2o,0.0003416354964124,Mt
Full Breakthrough,Aviation,1964,WTW,h2o,0.0003572658786012,Mt
Full Breakthrough,Aviation,1965,WTW,h2o,0.000381827907755,Mt
Full Breakthrough,Aviation,1966,WTW,h2o,0.0004138329760464,Mt
Full Breakthrough,Aviation,1967,WTW,h2o,0.0004882633674217,Mt
Full Breakthrough,Aviation,1968,WTW,h2o,0.0005530178079181,Mt
Full Breakthrough,Aviation,1969,WTW,h2o,0.0005790684448995,Mt
Full Breakthrough,Aviation,1970,WTW,h2o,0.000580557052727,Mt
Full Breakthrough,Aviation,1971,WTW,h2o,0.0006698735223773,Mt
Full Breakthrough,Aviation,1972,WTW,h2o,0.0007145317572025,Mt
Full Breakthrough,Aviation,1973,WTW,h2o,0.0007398380902701,Mt
Full Breakthrough,Aviation,1974,WTW,h2o,0.0007145317572025,Mt
Full Breakthrough,Aviation,1975,WTW,h2o,0.0007152760611162,Mt
Full Breakthrough,Aviation,1976,WTW,h2o,0.0007175089728575,Mt
Full Breakthrough,Aviation,1977,WTW,h2o,0.0007599342959414,Mt
Full Breakthrough,Aviation,1978,WTW,h2o,0.0007867292368365,Mt
Full Breakthrough,Aviation,1979,WTW,h2o,0.0008194786090416,Mt
Full Breakthrough,Aviation,1980,WTW,h2o,0.0008254330403516,Mt
Full Breakthrough,Aviation,1981,WTW,h2o,0.0008135241777316,Mt
Full Breakthrough,Aviation,1982,WTW,h2o,0.0008224558246966,Mt
Full Breakthrough,Aviation,1983,WTW,h2o,0.0008336203834029,Mt
Full Breakthrough,Aviation,1984,WTW,h2o,0.0008894431769343,Mt
Full Breakthrough,Aviation,1985,WTW,h2o,0.0009184710295707,Mt
Full Breakthrough,Aviation,1986,WTW,h2o,0.0009668507839646,Mt
Full Breakthrough,Aviation,1987,WTW,h2o,0.0010092761070485,Mt
Full Breakthrough,Aviation,1988,WTW,h2o,0.0010524457340462,Mt
Full Breakthrough,Aviation,1989,WTW,h2o,0.0010904052336475,Mt
Full Breakthrough,Aviation,1990,WTW,h2o,0.0011133219045696,Mt
Full Breakthrough,Aviation,1991,WTW,h2o,0.0010766697003624,Mt
Full Breakthrough,Aviation,1992,WTW,h2o,0.0010791660956891,Mt
Full Breakthrough,Aviation,1993,WTW,h2o,0.0010850550282547,Mt
Full Breakthrough,Aviation,1994,WTW,h2o,0.0011368136246955,Mt
Full Breakthrough,Aviation,1995,WTW,h2o,0.0011644916077539,Mt
Full Breakthrough,Aviation,1996,WTW,h2o,0.0012171975542161,Mt
Full Breakthrough,Aviation,1997,WTW,h2o,0.0012542594232975,Mt
Full Breakthrough,Aviation,1998,WTW,h2o,0.001278992940073,Mt
Full Breakthrough,Aviation,1999,WTW,h2o,0.0013202474731006,Mt
Full Breakthrough,Aviation,2000,WTW,h2o,0.0013886231009983,Mt
Full Breakthrough,Aviation,2001,WTW,h2o,0.0013357187231126,Mt
Full Breakthrough,Aviation,2002,WTW,h2o,0.0013384199508764,Mt
Full Breakthrough,Aviation,2003,WTW,h2o,0.0013375814180872,Mt
Full Breakthrough,Aviation,2004,WTW,h2o,0.0014217227426252,Mt
Full Breakthrough,Aviation,2005,WTW,h2o,0.0014915962077189,Mt
Full Breakthrough,Aviation,2006,WTW,h2o,0.0015089877618284,Mt
Full Breakthrough,Aviation,2007,WTW,h2o,0.001552809101333,Mt
Full Breakthrough,Aviation,2008,WTW,h2o,0.0015456271640084,Mt
Full Breakthrough,Aviation,2009,WTW,h2o,0.0014657297115258,Mt
Full Breakthrough,Aviation,2010,WTW,h2o,0.0015397382314428,Mt
Full Breakthrough,Aviation,2011,WTW,h2o,0.0015854030628809,Mt
Full Breakthrough,Aviation,2012,WTW,h2o,0.0016025641804987,Mt
Full Breakthrough,Aviation,2013,WTW,h2o,0.001648113793691,Mt
Full Breakthrough,Aviation,2014,WTW,h2o,0.001699962004323,Mt
Full Breakthrough,Aviation,2015,WTW,h2o,0.0017928023064226,Mt
Full Breakthrough,Aviation,2016,WTW,h2o,0.0018795104374375,Mt
Full Breakthrough,Aviation,2017,WTW,h2o,0.0019904015532463,Mt
Full Breakthrough,Aviation,2018,WTW,h2o,0.0020939024340152,Mt
Full Breakthrough,Aviation,2019,WTW,h2o,0.0018723328367997,Mt
Full Breakthrough,Aviation,2020,WTW,h2o,0.0010141802865198,Mt
Full Breakthrough,Aviation,2021,WTW,h2o,0.0012092149569798,Mt
Full Breakthrough,Aviation,2022,WTW,h2o,0.0014822634958798,Mt
Full Breakthrough,Aviation,2023,WTW,h2o,0.0017231355773139,Mt
Full Breakthrough,Aviation,2024,WTW,h2o,0.0018608145016934,Mt
Full Breakthrough,Aviation,2025,WTW,h2o,0.0019805679810322,Mt
Full Breakthrough,Aviation,2026,WTW,h2o,0.0020087665895224,Mt
Full Breakthrough,Aviation,2027,WTW,h2o,0.0020399047351927,Mt
Full Breakthrough,Aviation,2028,WTW,h2o,0.0020724571692787,Mt
Full Breakthrough,Aviation,2029,WTW,h2o,0.0021057849995626,Mt
Full Breakthrough,Aviation,2030,WTW,h2o,0.0021351706381112,Mt
Full Breakthrough,Aviation,2031,WTW,h2o,0.0021676615938135,Mt
Full Breakthrough,Aviation,2032,WTW,h2o,0.0022005265994738,Mt
Full Breakthrough,Aviation,2033,WTW,h2o,0.0022338142313929,Mt
Full Breakthrough,Aviation,2034,WTW,h2o,0.0022676711660602,Mt
Full Breakthrough,Aviation,2035,WTW,h2o,0.0022998718386686,Mt
Full Breakthrough,Aviation,2036,WTW,h2o,0.0023289011362187,Mt
Full Breakthrough,Aviation,2037,WTW,h2o,0.0023542052196369,Mt
Full Breakthrough,Aviation,2038,WTW,h2o,0.0023740018506289,Mt
Full Breakthrough,Aviation,2039,WTW,h2o,0.0023882193531737,Mt
Full Breakthrough,Aviation,2040,WTW,h2o,0.0024008804330769,Mt
Full Breakthrough,Aviation,2041,WTW,h2o,0.0024111156842164,Mt
Full Breakthrough,Aviation,2042,WTW,h2o,0.0024205581755217,Mt
Full Breakthrough,Aviation,2043,WTW,h2o,0.0024283956219643,Mt
Full Breakthrough,Aviation,2044,WTW,h2o,0.0024354328518162,Mt
Full Breakthrough,Aviation,2045,WTW,h2o,0.0024426168664709,Mt
Full Breakthrough,Aviation,2046,WTW,h2o,0.0024480335041361,Mt
Full Breakthrough,Aviation,2047,WTW,h2o,0.0024543990341723,Mt
Full Breakthrough,Aviation,2048,WTW,h2o,0.0024623740064695,Mt
Full Breakthrough,Aviation,2049,WTW,h2o,0.0024727712120508,Mt
Full Breakthrough,Aviation,2050,WTW,h2o,0.0024863658318213,Mt
Full Breakthrough lower,Aviation,1940,WTW,h2o,2.31449890103458e-05,Mt
Full Breakthrough lower,Aviation,1941,WTW,h2o,2.4948494647515604e-05,Mt
Full Breakthrough lower,Aviation,1942,WTW,h2o,2.705258455754705e-05,Mt
Full Breakthrough lower,Aviation,1943,WTW,h2o,2.915667446757847e-05,Mt
Full Breakthrough lower,Aviation,1944,WTW,h2o,3.156134865047155e-05,Mt
Full Breakthrough lower,Aviation,1945,WTW,h2o,3.3966022833364614e-05,Mt
Full Breakthrough lower,Aviation,1946,WTW,h2o,3.697186556198096e-05,Mt
Full Breakthrough lower,Aviation,1947,WTW,h2o,3.9677124017735656e-05,Mt
Full Breakthrough lower,Aviation,1948,WTW,h2o,4.298355101921363e-05,Mt
Full Breakthrough lower,Aviation,1949,WTW,h2o,4.62899780206916e-05,Mt
Full Breakthrough lower,Aviation,1950,WTW,h2o,5.019757356789284e-05,Mt
Full Breakthrough lower,Aviation,1951,WTW,h2o,5.410516911509409e-05,Mt
Full Breakthrough lower,Aviation,1952,WTW,h2o,5.831334893515694e-05,Mt
Full Breakthrough lower,Aviation,1953,WTW,h2o,6.31226973009431e-05,Mt
Full Breakthrough lower,Aviation,1954,WTW,h2o,6.823262993959085e-05,Mt
Full Breakthrough lower,Aviation,1955,WTW,h2o,7.364314685110026e-05,Mt
Full Breakthrough lower,Aviation,1956,WTW,h2o,7.965483230833295e-05,Mt
Full Breakthrough lower,Aviation,1957,WTW,h2o,8.596710203842725e-05,Mt
Full Breakthrough lower,Aviation,1958,WTW,h2o,9.288054031424482e-05,Mt
Full Breakthrough lower,Aviation,1959,WTW,h2o,0.0001000945628629,Mt
Full Breakthrough lower,Aviation,1960,WTW,h2o,0.0001082103382301,Mt
Full Breakthrough lower,Aviation,1961,WTW,h2o,0.0001187307877803,Mt
Full Breakthrough lower,Aviation,1962,WTW,h2o,0.0001307541586948,Mt
Full Breakthrough lower,Aviation,1963,WTW,h2o,0.0001379681812434,Mt
Full Breakthrough lower,Aviation,1964,WTW,h2o,0.0001442804509735,Mt
Full Breakthrough lower,Aviation,1965,WTW,h2o,0.000154199731978,Mt
Full Breakthrough lower,Aviation,1966,WTW,h2o,0.000167124855711,Mt
Full Breakthrough lower,Aviation,1967,WTW,h2o,0.0001971832829972,Mt
Full Breakthrough lower,Aviation,1968,WTW,h2o,0.0002233341147361,Mt
Full Breakthrough lower,Aviation,1969,WTW,h2o,0.0002338545642863,Mt
Full Breakthrough lower,Aviation,1970,WTW,h2o,0.000234455732832,Mt
Full Breakthrough lower,Aviation,1971,WTW,h2o,0.0002705258455754,Mt
Full Breakthrough lower,Aviation,1972,WTW,h2o,0.0002885609019471,Mt
Full Breakthrough lower,Aviation,1973,WTW,h2o,0.0002987807672244,Mt
Full Breakthrough lower,Aviation,1974,WTW,h2o,0.0002885609019471,Mt
Full Breakthrough lower,Aviation,1975,WTW,h2o,0.00028886148622,Mt
Full Breakthrough lower,Aviation,1976,WTW,h2o,0.0002897632390386,Mt
Full Breakthrough lower,Aviation,1977,WTW,h2o,0.0003068965425917,Mt
Full Breakthrough lower,Aviation,1978,WTW,h2o,0.0003177175764147,Mt
Full Breakthrough lower,Aviation,1979,WTW,h2o,0.0003309432844206,Mt
Full Breakthrough lower,Aviation,1980,WTW,h2o,0.0003333479586035,Mt
Full Breakthrough lower,Aviation,1981,WTW,h2o,0.0003285386102377,Mt
Full Breakthrough lower,Aviation,1982,WTW,h2o,0.0003321456215121,Mt
Full Breakthrough lower,Aviation,1983,WTW,h2o,0.000336654385605,Mt
Full Breakthrough lower,Aviation,1984,WTW,h2o,0.0003591982060696,Mt
Full Breakthrough lower,Aviation,1985,WTW,h2o,0.0003709209927112,Mt
Full Breakthrough lower,Aviation,1986,WTW,h2o,0.0003904589704472,Mt
Full Breakthrough lower,Aviation,1987,WTW,h2o,0.0004075922740003,Mt
Full Breakthrough lower,Aviation,1988,WTW,h2o,0.0004250261618263,Mt
Full Breakthrough lower,Aviation,1989,WTW,h2o,0.0004403559597422,Mt
Full Breakthrough lower,Aviation,1990,WTW,h2o,0.0004496107691531,Mt
Full Breakthrough lower,Aviation,1991,WTW,h2o,0.000434808917454,Mt
Full Breakthrough lower,Aviation,1992,WTW,h2o,0.0004358170771052,Mt
Full Breakthrough lower,Aviation,1993,WTW,h2o,0.0004381952998721,Mt
Full Breakthrough lower,Aviation,1994,WTW,h2o,0.0004590978099731,Mt
Full Breakthrough lower,Aviation,1995,WTW,h2o,0.0004702754569775,Mt
Full Breakthrough lower,Aviation,1996,WTW,h2o,0.0004915605507411,Mt
Full Breakthrough lower,Aviation,1997,WTW,h2o,0.0005065278440239,Mt
Full Breakthrough lower,Aviation,1998,WTW,h2o,0.0005165163796449,Mt
Full Breakthrough lower,Aviation,1999,WTW,h2o,0.0005331768641368,Mt
Full Breakthrough lower,Aviation,2000,WTW,h2o,0.00056079009848,Mt
Full Breakthrough lower,Aviation,2001,WTW,h2o,0.0005394248689493,Mt
Full Breakthrough lower,Aviation,2002,WTW,h2o,0.0005405157493924,Mt
Full Breakthrough lower,Aviation,2003,WTW,h2o,0.0005401771111506,Mt
Full Breakthrough lower,Aviation,2004,WTW,h2o,0.0005741572614448,Mt
Full Breakthrough lower,Aviation,2005,WTW,h2o,0.0006023753915788,Mt
Full Breakthrough lower,Aviation,2006,WTW,h2o,0.0006093989038153,Mt
Full Breakthrough lower,Aviation,2007,WTW,h2o,0.0006270959832306,Mt
Full Breakthrough lower,Aviation,2008,WTW,h2o,0.0006241955854649,Mt
Full Breakthrough lower,Aviation,2009,WTW,h2o,0.0005919293065777,Mt
Full Breakthrough lower,Aviation,2010,WTW,h2o,0.000621817362698,Mt
Full Breakthrough lower,Aviation,2011,WTW,h2o,0.0006402589292403,Mt
Full Breakthrough lower,Aviation,2012,WTW,h2o,0.000647189380586,Mt
Full Breakthrough lower,Aviation,2013,WTW,h2o,0.0006655844166829,Mt
Full Breakthrough lower,Aviation,2014,WTW,h2o,0.0006865231171304,Mt
Full Breakthrough lower,Aviation,2015,WTW,h2o,0.0007240163160552,Mt
Full Breakthrough lower,Aviation,2016,WTW,h2o,0.0007590330612728,Mt
Full Breakthrough lower,Aviation,2017,WTW,h2o,0.0008038160118879,Mt
Full Breakthrough lower,Aviation,2018,WTW,h2o,0.0008456144445061,Mt
Full Breakthrough lower,Aviation,2019,WTW,h2o,0.0007561344148614,Mt
Full Breakthrough lower,Aviation,2020,WTW,h2o,0.0004095728080176,Mt
Full Breakthrough lower,Aviation,2021,WTW,h2o,0.0004883368095495,Mt
Full Breakthrough lower,Aviation,2022,WTW,h2o,0.0005986064117976,Mt
Full Breakthrough lower,Aviation,2023,WTW,h2o,0.0006958816754536,Mt
Full Breakthrough lower,Aviation,2024,WTW,h2o,0.00075148277953,Mt
Full Breakthrough lower,Aviation,2025,WTW,h2o,0.0007998447615707,Mt
Full Breakthrough lower,Aviation,2026,WTW,h2o,0.0008112326611533,Mt
Full Breakthrough lower,Aviation,2027,WTW,h2o,0.0008238076815201,Mt
Full Breakthrough lower,Aviation,2028,WTW,h2o,0.0008369538568241,Mt
Full Breakthrough lower,Aviation,2029,WTW,h2o,0.0008504131729002,Mt
Full Breakthrough lower,Aviation,2030,WTW,h2o,0.0008622804500064,Mt
Full Breakthrough lower,Aviation,2031,WTW,h2o,0.0008754017975016,Mt
Full Breakthrough lower,Aviation,2032,WTW,h2o,0.0008886742036336,Mt
Full Breakthrough lower,Aviation,2033,WTW,h2o,0.0009021172857548,Mt
Full Breakthrough lower,Aviation,2034,WTW,h2o,0.0009157902786012,Mt
Full Breakthrough lower,Aviation,2035,WTW,h2o,0.0009287943963854,Mt
Full Breakthrough lower,Aviation,2036,WTW,h2o,0.0009405177665498,Mt
Full Breakthrough lower,Aviation,2037,WTW,h2o,0.0009507367233149,Mt
Full Breakthrough lower,Aviation,2038,WTW,h2o,0.0009587315166001,Mt
Full Breakthrough lower,Aviation,2039,WTW,h2o,0.0009644732003201,Mt
Full Breakthrough lower,Aviation,2040,WTW,h2o,0.0009695863287425,Mt
Full Breakthrough lower,Aviation,2041,WTW,h2o,0.0009737197955489,Mt
Full Breakthrough lower,Aviation,2042,WTW,h2o,0.0009775331093453,Mt
Full Breakthrough lower,Aviation,2043,WTW,h2o,0.0009806982319471,Mt
Full Breakthrough lower,Aviation,2044,WTW,h2o,0.0009835401901565,Mt
Full Breakthrough lower,Aviation,2045,WTW,h2o,0.000986441426844,Mt
Full Breakthrough lower,Aviation,2046,WTW,h2o,0.0009886289151318,Mt
Full Breakthrough lower,Aviation,2047,WTW,h2o,0.0009911996099542,Mt
Full Breakthrough lower,Aviation,2048,WTW,h2o,0.0009944202718434,Mt
Full Breakthrough lower,Aviation,2049,WTW,h2o,0.0009986191433282,Mt
Full Breakthrough lower,Aviation,2050,WTW,h2o,0.0010041092782355,Mt
Full Breakthrough upper,Aviation,1940,WTW,h2o,9.14778137075572e-05,Mt
Full Breakthrough upper,Aviation,1941,WTW,h2o,9.860595503541884e-05,Mt
Full Breakthrough upper,Aviation,1942,WTW,h2o,0.0001069221199179,Mt
Full Breakthrough upper,Aviation,1943,WTW,h2o,0.0001152382848004,Mt
Full Breakthrough upper,Aviation,1944,WTW,h2o,0.0001247424732375,Mt
Full Breakthrough upper,Aviation,1945,WTW,h2o,0.0001342466616747,Mt
Full Breakthrough upper,Aviation,1946,WTW,h2o,0.0001461268972211,Mt
Full Breakthrough upper,Aviation,1947,WTW,h2o,0.0001568191092129,Mt
Full Breakthrough upper,Aviation,1948,WTW,h2o,0.000169887368314,Mt
Full Breakthrough upper,Aviation,1949,WTW,h2o,0.0001829556274151,Mt
Full Breakthrough upper,Aviation,1950,WTW,h2o,0.0001983999336254,Mt
Full Breakthrough upper,Aviation,1951,WTW,h2o,0.0002138442398358,Mt
Full Breakthrough upper,Aviation,1952,WTW,h2o,0.0002304765696008,Mt
Full Breakthrough upper,Aviation,1953,WTW,h2o,0.0002494849464751,Mt
Full Breakthrough upper,Aviation,1954,WTW,h2o,0.000269681346904,Mt
Full Breakthrough upper,Aviation,1955,WTW,h2o,0.0002910657708876,Mt
Full Breakthrough upper,Aviation,1956,WTW,h2o,0.0003148262419805,Mt
Full Breakthrough upper,Aviation,1957,WTW,h2o,0.000339774736628,Mt
Full Breakthrough upper,Aviation,1958,WTW,h2o,0.0003670992783848,Mt
Full Breakthrough upper,Aviation,1959,WTW,h2o,0.0003956118436963,Mt
Full Breakthrough upper,Aviation,1960,WTW,h2o,0.0004276884796716,Mt
Full Breakthrough upper,Aviation,1961,WTW,h2o,0.0004692693040842,Mt
Full Breakthrough upper,Aviation,1962,WTW,h2o,0.0005167902462699,Mt
Full Breakthrough upper,Aviation,1963,WTW,h2o,0.0005453028115814,Mt
Full Breakthrough upper,Aviation,1964,WTW,h2o,0.0005702513062289,Mt
Full Breakthrough upper,Aviation,1965,WTW,h2o,0.0006094560835321,Mt
Full Breakthrough upper,Aviation,1966,WTW,h2o,0.0006605410963818,Mt
Full Breakthrough upper,Aviation,1967,WTW,h2o,0.0007793434518462,Mt
Full Breakthrough upper,Aviation,1968,WTW,h2o,0.0008827015011001,Mt
Full Breakthrough upper,Aviation,1969,WTW,h2o,0.0009242823255127,Mt
Full Breakthrough upper,Aviation,1970,WTW,h2o,0.000926658372622,Mt
Full Breakthrough upper,Aviation,1971,WTW,h2o,0.0010692211991792,Mt
Full Breakthrough upper,Aviation,1972,WTW,h2o,0.0011405026124578,Mt
Full Breakthrough upper,Aviation,1973,WTW,h2o,0.0011808954133157,Mt
Full Breakthrough upper,Aviation,1974,WTW,h2o,0.0011405026124578,Mt
Full Breakthrough upper,Aviation,1975,WTW,h2o,0.0011416906360125,Mt
Full Breakthrough upper,Aviation,1976,WTW,h2o,0.0011452547066764,Mt
Full Breakthrough upper,Aviation,1977,WTW,h2o,0.0012129720492911,Mt
Full Breakthrough upper,Aviation,1978,WTW,h2o,0.0012557408972582,Mt
Full Breakthrough upper,Aviation,1979,WTW,h2o,0.0013080139336626,Mt
Full Breakthrough upper,Aviation,1980,WTW,h2o,0.0013175181220997,Mt
Full Breakthrough upper,Aviation,1981,WTW,h2o,0.0012985097452254,Mt
Full Breakthrough upper,Aviation,1982,WTW,h2o,0.0013127660278811,Mt
Full Breakthrough upper,Aviation,1983,WTW,h2o,0.0013305863812008,Mt
Full Breakthrough upper,Aviation,1984,WTW,h2o,0.0014196881477991,Mt
Full Breakthrough upper,Aviation,1985,WTW,h2o,0.0014660210664302,Mt
Full Breakthrough upper,Aviation,1986,WTW,h2o,0.001543242597482,Mt
Full Breakthrough upper,Aviation,1987,WTW,h2o,0.0016109599400967,Mt
Full Breakthrough upper,Aviation,1988,WTW,h2o,0.001679865306266,Mt
Full Breakthrough upper,Aviation,1989,WTW,h2o,0.0017404545075528,Mt
Full Breakthrough upper,Aviation,1990,WTW,h2o,0.0017770330399862,Mt
Full Breakthrough upper,Aviation,1991,WTW,h2o,0.0017185304832707,Mt
Full Breakthrough upper,Aviation,1992,WTW,h2o,0.001722515114273,Mt
Full Breakthrough upper,Aviation,1993,WTW,h2o,0.0017319147566373,Mt
Full Breakthrough upper,Aviation,1994,WTW,h2o,0.0018145294394178,Mt
Full Breakthrough upper,Aviation,1995,WTW,h2o,0.0018587077585302,Mt
Full Breakthrough upper,Aviation,1996,WTW,h2o,0.0019428345576911,Mt
Full Breakthrough upper,Aviation,1997,WTW,h2o,0.002001991002571,Mt
Full Breakthrough upper,Aviation,1998,WTW,h2o,0.0020414695005012,Mt
Full Breakthrough upper,Aviation,1999,WTW,h2o,0.0021073180820645,Mt
Full Breakthrough upper,Aviation,2000,WTW,h2o,0.0022164561035165,Mt
Full Breakthrough upper,Aviation,2001,WTW,h2o,0.002132012577276,Mt
Full Breakthrough upper,Aviation,2002,WTW,h2o,0.0021363241523605,Mt
Full Breakthrough upper,Aviation,2003,WTW,h2o,0.0021349857250238,Mt
Full Breakthrough upper,Aviation,2004,WTW,h2o,0.0022692882238056,Mt
Full Breakthrough upper,Aviation,2005,WTW,h2o,0.002380817023859,Mt
Full Breakthrough upper,Aviation,2006,WTW,h2o,0.0024085766198416,Mt
Full Breakthrough upper,Aviation,2007,WTW,h2o,0.0024785222194353,Mt
Full Breakthrough upper,Aviation,2008,WTW,h2o,0.0024670587425519,Mt
Full Breakthrough upper,Aviation,2009,WTW,h2o,0.0023395301164739,Mt
Full Breakthrough upper,Aviation,2010,WTW,h2o,0.0024576591001875,Mt
Full Breakthrough upper,Aviation,2011,WTW,h2o,0.0025305471965214,Mt
Full Breakthrough upper,Aviation,2012,WTW,h2o,0.0025579389804114,Mt
Full Breakthrough upper,Aviation,2013,WTW,h2o,0.0026306431706991,Mt
Full Breakthrough upper,Aviation,2014,WTW,h2o,0.0027134008915156,Mt
Full Breakthrough upper,Aviation,2015,WTW,h2o,0.0028615882967899,Mt
Full Breakthrough upper,Aviation,2016,WTW,h2o,0.0029999878136022,Mt
Full Breakthrough upper,Aviation,2017,WTW,h2o,0.0031769870946048,Mt
Full Breakthrough upper,Aviation,2018,WTW,h2o,0.0033421904235242,Mt
Full Breakthrough upper,Aviation,2019,WTW,h2o,0.002988531258738,Mt
Full Breakthrough upper,Aviation,2020,WTW,h2o,0.001618787765022,Mt
Full Breakthrough upper,Aviation,2021,WTW,h2o,0.00193009310441,Mt
Full Breakthrough upper,Aviation,2022,WTW,h2o,0.002365920579962,Mt
Full Breakthrough upper,Aviation,2023,WTW,h2o,0.0027503894791741,Mt
Full Breakthrough upper,Aviation,2024,WTW,h2o,0.0029701462238568,Mt
Full Breakthrough upper,Aviation,2025,WTW,h2o,0.0031612912004937,Mt
Full Breakthrough upper,Aviation,2026,WTW,h2o,0.0032063005178916,Mt
Full Breakthrough upper,Aviation,2027,WTW,h2o,0.0032560017888652,Mt
Full Breakthrough upper,Aviation,2028,WTW,h2o,0.0033079604817333,Mt
Full Breakthrough upper,Aviation,2029,WTW,h2o,0.0033611568262249,Mt
Full Breakthrough upper,Aviation,2030,WTW,h2o,0.003408060826216,Mt
Full Breakthrough upper,Aviation,2031,WTW,h2o,0.0034599213901254,Mt
Full Breakthrough upper,Aviation,2032,WTW,h2o,0.003512378995314,Mt
Full Breakthrough upper,Aviation,2033,WTW,h2o,0.003565511177031,Mt
Full Breakthrough upper,Aviation,2034,WTW,h2o,0.0036195520535192,Mt
Full Breakthrough upper,Aviation,2035,WTW,h2o,0.0036709492809518,Mt
Full Breakthrough upper,Aviation,2036,WTW,h2o,0.0037172845058876,Mt
Full Breakthrough upper,Aviation,2037,WTW,h2o,0.0037576737159589,Mt
Full Breakthrough upper,Aviation,2038,WTW,h2o,0.0037892721846577,Mt
Full Breakthrough upper,Aviation,2039,WTW,h2o,0.0038119655060273,Mt
Full Breakthrough upper,Aviation,2040,WTW,h2o,0.0038321745374112,Mt
Full Breakthrough upper,Aviation,2041,WTW,h2o,0.0038485115728838,Mt
Full Breakthrough upper,Aviation,2042,WTW,h2o,0.0038635832416981,Mt
Full Breakthrough upper,Aviation,2043,WTW,h2o,0.0038760930119815,Mt
Full Breakthrough upper,Aviation,2044,WTW,h2o,0.003887325513476,Mt
Full Breakthrough upper,Aviation,2045,WTW,h2o,0.0038987923060978,Mt
Full Breakthrough upper,Aviation,2046,WTW,h2o,0.0039074380931403,Mt
Full Breakthrough upper,Aviation,2047,WTW,h2o,0.0039175984583905,Mt
Full Breakthrough upper,Aviation,2048,WTW,h2o,0.0039303277410956,Mt
Full Breakthrough upper,Aviation,2049,WTW,h2o,0.0039469232807735,Mt
Full Breakthrough upper,Aviation,2050,WTW,h2o,0.003968622385407,Mt
GHG Forward,Aviation,1940,WTW,h2o,5.73114013589515e-05,Mt
GHG Forward,Aviation,1941,WTW,h2o,6.177722484146721e-05,Mt
GHG Forward,Aviation,1942,WTW,h2o,6.698735223773553e-05,Mt
GHG Forward,Aviation,1943,WTW,h2o,7.219747963400383e-05,Mt
GHG Forward,Aviation,1944,WTW,h2o,7.815191094402478e-05,Mt
GHG Forward,Aviation,1945,WTW,h2o,8.410634225404571e-05,Mt
GHG Forward,Aviation,1946,WTW,h2o,9.15493813915719e-05,Mt
GHG Forward,Aviation,1947,WTW,h2o,9.824811661534544e-05,Mt
GHG Forward,Aviation,1948,WTW,h2o,0.0001064354596666,Mt
GHG Forward,Aviation,1949,WTW,h2o,0.0001146228027179,Mt
GHG Forward,Aviation,1950,WTW,h2o,0.0001242987535966,Mt
GHG Forward,Aviation,1951,WTW,h2o,0.0001339747044754,Mt
GHG Forward,Aviation,1952,WTW,h2o,0.000144394959268,Mt
GHG Forward,Aviation,1953,WTW,h2o,0.000156303821888,Mt
GHG Forward,Aviation,1954,WTW,h2o,0.0001689569884218,Mt
GHG Forward,Aviation,1955,WTW,h2o,0.0001823544588693,Mt
GHG Forward,Aviation,1956,WTW,h2o,0.0001972405371444,Mt
GHG Forward,Aviation,1957,WTW,h2o,0.0002128709193332,Mt
GHG Forward,Aviation,1958,WTW,h2o,0.0002299899093495,Mt
GHG Forward,Aviation,1959,WTW,h2o,0.0002478532032796,Mt
GHG Forward,Aviation,1960,WTW,h2o,0.0002679494089509,Mt
GHG Forward,Aviation,1961,WTW,h2o,0.0002940000459322,Mt
GHG Forward,Aviation,1962,WTW,h2o,0.0003237722024823,Mt
GHG Forward,Aviation,1963,WTW,h2o,0.0003416354964124,Mt
GHG Forward,Aviation,1964,WTW,h2o,0.0003572658786012,Mt
GHG Forward,Aviation,1965,WTW,h2o,0.000381827907755,Mt
GHG Forward,Aviation,1966,WTW,h2o,0.0004138329760464,Mt
GHG Forward,Aviation,1967,WTW,h2o,0.0004882633674217,Mt
GHG Forward,Aviation,1968,WTW,h2o,0.0005530178079181,Mt
GHG Forward,Aviation,1969,WTW,h2o,0.0005790684448995,Mt
GHG Forward,Aviation,1970,WTW,h2o,0.000580557052727,Mt
GHG Forward,Aviation,1971,WTW,h2o,0.0006698735223773,Mt
GHG Forward,Aviation,1972,WTW,h2o,0.0007145317572025,Mt
GHG Forward,Aviation,1973,WTW,h2o,0.0007398380902701,Mt
GHG Forward,Aviation,1974,WTW,h2o,0.0007145317572025,Mt
GHG Forward,Aviation,1975,WTW,h2o,0.0007152760611162,Mt
GHG Forward,Aviation,1976,WTW,h2o,0.0007175089728575,Mt
GHG Forward,Aviation,1977,WTW,h2o,0.0007599342959414,Mt
GHG Forward,Aviation,1978,WTW,h2o,0.0007867292368365,Mt
GHG Forward,Aviation,1979,WTW,h2o,0.0008194786090416,Mt
GHG Forward,Aviation,1980,WTW,h2o,0.0008254330403516,Mt
GHG Forward,Aviation,1981,WTW,h2o,0.0008135241777316,Mt
GHG Forward,Aviation,1982,WTW,h2o,0.0008224558246966,Mt
GHG Forward,Aviation,1983,WTW,h2o,0.0008336203834029,Mt
GHG Forward,Aviation,1984,WTW,h2o,0.0008894431769343,Mt
GHG Forward,Aviation,1985,WTW,h2o,0.0009184710295707,Mt
GHG Forward,Aviation,1986,WTW,h2o,0.0009668507839646,Mt
GHG Forward,Aviation,1987,WTW,h2o,0.0010092761070485,Mt
GHG Forward,Aviation,1988,WTW,h2o,0.0010524457340462,Mt
GHG Forward,Aviation,1989,WTW,h2o,0.0010904052336475,Mt
GHG Forward,Aviation,1990,WTW,h2o,0.0011133219045696,Mt
GHG Forward,Aviation,1991,WTW,h2o,0.0010766697003624,Mt
GHG Forward,Aviation,1992,WTW,h2o,0.0010791660956891,Mt
GHG Forward,Aviation,1993,WTW,h2o,0.0010850550282547,Mt
GHG Forward,Aviation,1994,WTW,h2o,0.0011368136246955,Mt
GHG Forward,Aviation,1995,WTW,h2o,0.0011644916077539,Mt
GHG Forward,Aviation,1996,WTW,h2o,0.0012171975542161,Mt
GHG Forward,Aviation,1997,WTW,h2o,0.0012542594232975,Mt
GHG Forward,Aviation,1998,WTW,h2o,0.001278992940073,Mt
GHG Forward,Aviation,1999,WTW,h2o,0.0013202474731006,Mt
GHG Forward,Aviation,2000,WTW,h2o,0.0013886231009983,Mt
GHG Forward,Aviation,2001,WTW,h2o,0.0013357187231126,Mt
GHG Forward,Aviation,2002,WTW,h2o,0.0013384199508764,Mt
GHG Forward,Aviation,2003,WTW,h2o,0.0013375814180872,Mt
GHG Forward,Aviation,2004,WTW,h2o,0.0014217227426252,Mt
GHG Forward,Aviation,2005,WTW,h2o,0.0014915962077189,Mt
GHG Forward,Aviation,2006,WTW,h2o,0.0015089877618284,Mt
GHG Forward,Aviation,2007,WTW,h2o,0.001552809101333,Mt
GHG Forward,Aviation,2008,WTW,h2o,0.0015456271640084,Mt
GHG Forward,Aviation,2009,WTW,h2o,0.0014657297115258,Mt
GHG Forward,Aviation,2010,WTW,h2o,0.0015397382314428,Mt
GHG Forward,Aviation,2011,WTW,h2o,0.0015854030628809,Mt
GHG Forward,Aviation,2012,WTW,h2o,0.0016025641804987,Mt
GHG Forward,Aviation,2013,WTW,h2o,0.001648113793691,Mt
GHG Forward,Aviation,2014,WTW,h2o,0.001699962004323,Mt
GHG Forward,Aviation,2015,WTW,h2o,0.0017928023064226,Mt
GHG Forward,Aviation,2016,WTW,h2o,0.0018795104374375,Mt
GHG Forward,Aviation,2017,WTW,h2o,0.0019904015532463,Mt
GHG Forward,Aviation,2018,WTW,h2o,0.0020939024340152,Mt
GHG Forward,Aviation,2019,WTW,h2o,0.0018723328367997,Mt
GHG Forward,Aviation,2020,WTW,h2o,0.0010141802865198,Mt
GHG Forward,Aviation,2021,WTW,h2o,0.0012092149569798,Mt
GHG Forward,Aviation,2022,WTW,h2o,0.0014822634958798,Mt
GHG Forward,Aviation,2023,WTW,h2o,0.0017231355773139,Mt
GHG Forward,Aviation,2024,WTW,h2o,0.0018608145016934,Mt
GHG Forward,Aviation,2025,WTW,h2o,0.0019805679810322,Mt
GHG Forward,Aviation,2026,WTW,h2o,0.0020087665895224,Mt
GHG Forward,Aviation,2027,WTW,h2o,0.0020399047351927,Mt
GHG Forward,Aviation,2028,WTW,h2o,0.0020724617199893,Mt
GHG Forward,Aviation,2029,WTW,h2o,0.0021057987130219,Mt
GHG Forward,Aviation,2030,WTW,h2o,0.0021351926545147,Mt
GHG Forward,Aviation,2031,WTW,h2o,0.0021677023307231,Mt
GHG Forward,Aviation,2032,WTW,h2o,0.002200579962933,Mt
GHG Forward,Aviation,2033,WTW,h2o,0.0022338539137322,Mt
GHG Forward,Aviation,2034,WTW,h2o,0.0022676159722907,Mt
GHG Forward,Aviation,2035,WTW,h2o,0.0022995205251938,Mt
GHG Forward,Aviation,2036,WTW,h2o,0.0023278296505864,Mt
GHG Forward,Aviation,2037,WTW,h2o,0.0023517307634933,Mt
GHG Forward,Aviation,2038,WTW,h2o,0.0023694206981152,Mt
GHG Forward,Aviation,2039,WTW,h2o,0.0023811765255429,Mt
GHG Forward,Aviation,2040,WTW,h2o,0.0023914467300808,Mt
GHG Forward,Aviation,2041,WTW,h2o,0.0023995513110917,Mt
GHG Forward,Aviation,2042,WTW,h2o,0.0024070565441786,Mt
GHG Forward,Aviation,2043,WTW,h2o,0.0024131047392646,Mt
GHG Forward,Aviation,2044,WTW,h2o,0.0024185681525905,Mt
GHG Forward,Aviation,2045,WTW,h2o,0.0024245165436204,Mt
GHG Forward,Aviation,2046,WTW,h2o,0.0024290928968388,Mt
GHG Forward,Aviation,2047,WTW,h2o,0.0024349483277896,Mt
GHG Forward,Aviation,2048,WTW,h2o,0.0024426552528559,Mt
GHG Forward,Aviation,2049,WTW,h2o,0.0024529325323186,Mt
GHG Forward,Aviation,2050,WTW,h2o,0.0024664817451258,Mt
GHG Forward lower,Aviation,1940,WTW,h2o,2.31449890103458e-05,Mt
GHG Forward lower,Aviation,1941,WTW,h2o,2.4948494647515604e-05,Mt
GHG Forward lower,Aviation,1942,WTW,h2o,2.705258455754705e-05,Mt
GHG Forward lower,Aviation,1943,WTW,h2o,2.915667446757847e-05,Mt
GHG Forward lower,Aviation,1944,WTW,h2o,3.156134865047155e-05,Mt
GHG Forward lower,Aviation,1945,WTW,h2o,3.3966022833364614e-05,Mt
GHG Forward lower,Aviation,1946,WTW,h2o,3.697186556198096e-05,Mt
GHG Forward lower,Aviation,1947,WTW,h2o,3.9677124017735656e-05,Mt
GHG Forward lower,Aviation,1948,WTW,h2o,4.298355101921363e-05,Mt
GHG Forward lower,Aviation,1949,WTW,h2o,4.62899780206916e-05,Mt
GHG Forward lower,Aviation,1950,WTW,h2o,5.019757356789284e-05,Mt
GHG Forward lower,Aviation,1951,WTW,h2o,5.410516911509409e-05,Mt
GHG Forward lower,Aviation,1952,WTW,h2o,5.831334893515694e-05,Mt
GHG Forward lower,Aviation,1953,WTW,h2o,6.31226973009431e-05,Mt
GHG Forward lower,Aviation,1954,WTW,h2o,6.823262993959085e-05,Mt
GHG Forward lower,Aviation,1955,WTW,h2o,7.364314685110026e-05,Mt
GHG Forward lower,Aviation,1956,WTW,h2o,7.965483230833295e-05,Mt
GHG Forward lower,Aviation,1957,WTW,h2o,8.596710203842725e-05,Mt
GHG Forward lower,Aviation,1958,WTW,h2o,9.288054031424482e-05,Mt
GHG Forward lower,Aviation,1959,WTW,h2o,0.0001000945628629,Mt
GHG Forward lower,Aviation,1960,WTW,h2o,0.0001082103382301,Mt
GHG Forward lower,Aviation,1961,WTW,h2o,0.0001187307877803,Mt
GHG Forward lower,Aviation,1962,WTW,h2o,0.0001307541586948,Mt
GHG Forward lower,Aviation,1963,WTW,h2o,0.0001379681812434,Mt
GHG Forward lower,Aviation,1964,WTW,h2o,0.0001442804509735,Mt
GHG Forward lower,Aviation,1965,WTW,h2o,0.000154199731978,Mt
GHG Forward lower,Aviation,1966,WTW,h2o,0.000167124855711,Mt
GHG Forward lower,Aviation,1967,WTW,h2o,0.0001971832829972,Mt
GHG Forward lower,Aviation,1968,WTW,h2o,0.0002233341147361,Mt
GHG Forward lower,Aviation,1969,WTW,h2o,0.0002338545642863,Mt
GHG Forward lower,Aviation,1970,WTW,h2o,0.000234455732832,Mt
GHG Forward lower,Aviation,1971,WTW,h2o,0.0002705258455754,Mt
GHG Forward lower,Aviation,1972,WTW,h2o,0.0002885609019471,Mt
GHG Forward lower,Aviation,1973,WTW,h2o,0.0002987807672244,Mt
GHG Forward lower,Aviation,1974,WTW,h2o,0.0002885609019471,Mt
GHG Forward lower,Aviation,1975,WTW,h2o,0.00028886148622,Mt
GHG Forward lower,Aviation,1976,WTW,h2o,0.0002897632390386,Mt
GHG Forward lower,Aviation,1977,WTW,h2o,0.0003068965425917,Mt
GHG Forward lower,Aviation,1978,WTW,h2o,0.0003177175764147,Mt
GHG Forward lower,Aviation,1979,WTW,h2o,0.0003309432844206,Mt
GHG Forward lower,Aviation,1980,WTW,h2o,0.0003333479586035,Mt
GHG Forward lower,Aviation,1981,WTW,h2o,0.0003285386102377,Mt
GHG Forward lower,Aviation,1982,WTW,h2o,0.0003321456215121,Mt
GHG Forward lower,Aviation,1983,WTW,h2o,0.000336654385605,Mt
GHG Forward lower,Aviation,1984,WTW,h2o,0.0003591982060696,Mt
GHG Forward lower,Aviation,1985,WTW,h2o,0.0003709209927112,Mt
GHG Forward lower,Aviation,1986,WTW,h2o,0.0003904589704472,Mt
GHG Forward lower,Aviation,1987,WTW,h2o,0.0004075922740003,Mt
GHG Forward lower,Aviation,1988,WTW,h2o,0.0004250261618263,Mt
GHG Forward lower,Aviation,1989,WTW,h2o,0.0004403559597422,Mt
GHG Forward lower,Aviation,1990,WTW,h2o,0.0004496107691531,Mt
GHG Forward lower,Aviation,1991,WTW,h2o,0.000434808917454,Mt
GHG Forward lower,Aviation,1992,WTW,h2o,0.0004358170771052,Mt
GHG Forward lower,Aviation,1993,WTW,h2o,0.0004381952998721,Mt
GHG Forward lower,Aviation,1994,WTW,h2o,0.0004590978099731,Mt
GHG Forward lower,Aviation,1995,WTW,h2o,0.0004702754569775,Mt
GHG Forward lower,Aviation,1996,WTW,h2o,0.0004915605507411,Mt
GHG Forward lower,Aviation,1997,WTW,h2o,0.0005065278440239,Mt
GHG Forward lower,Aviation,1998,WTW,h2o,0.0005165163796449,Mt
GHG Forward lower,Aviation,1999,WTW,h2o,0.0005331768641368,Mt
GHG Forward lower,Aviation,2000,WTW,h2o,0.00056079009848,Mt
GHG Forward lower,Aviation,2001,WTW,h2o,0.0005394248689493,Mt
GHG Forward lower,Aviation,2002,WTW,h2o,0.0005405157493924,Mt
GHG Forward lower,Aviation,2003,WTW,h2o,0.0005401771111506,Mt
GHG Forward lower,Aviation,2004,WTW,h2o,0.0005741572614448,Mt
GHG Forward lower,Aviation,2005,WTW,h2o,0.0006023753915788,Mt
GHG Forward lower,Aviation,2006,WTW,h2o,0.0006093989038153,Mt
GHG Forward lower,Aviation,2007,WTW,h2o,0.0006270959832306,Mt
GHG Forward lower,Aviation,2008,WTW,h2o,0.0006241955854649,Mt
GHG Forward lower,Aviation,2009,WTW,h2o,0.0005919293065777,Mt
GHG Forward lower,Aviation,2010,WTW,h2o,0.000621817362698,Mt
GHG Forward lower,Aviation,2011,WTW,h2o,0.0006402589292403,Mt
GHG Forward lower,Aviation,2012,WTW,h2o,0.000647189380586,Mt
GHG Forward lower,Aviation,2013,WTW,h2o,0.0006655844166829,Mt
GHG Forward lower,Aviation,2014,WTW,h2o,0.0006865231171304,Mt
GHG Forward lower,Aviation,2015,WTW,h2o,0.0007240163160552,Mt
GHG Forward lower,Aviation,2016,WTW,h2o,0.0007590330612728,Mt
GHG Forward lower,Aviation,2017,WTW,h2o,0.0008038160118879,Mt
GHG Forward lower,Aviation,2018,WTW,h2o,0.0008456144445061,Mt
GHG Forward lower,Aviation,2019,WTW,h2o,0.0007561344148614,Mt
GHG Forward lower,Aviation,2020,WTW,h2o,0.0004095728080176,Mt
GHG Forward lower,Aviation,2021,WTW,h2o,0.0004883368095495,Mt
GHG Forward lower,Aviation,2022,WTW,h2o,0.0005986064117976,Mt
GHG Forward lower,Aviation,2023,WTW,h2o,0.0006958816754536,Mt
GHG Forward lower,Aviation,2024,WTW,h2o,0.00075148277953,Mt
GHG Forward lower,Aviation,2025,WTW,h2o,0.0007998447615707,Mt
GHG Forward lower,Aviation,2026,WTW,h2o,0.0008112326611533,Mt
GHG Forward lower,Aviation,2027,WTW,h2o,0.0008238076815201,Mt
GHG Forward lower,Aviation,2028,WTW,h2o,0.000836955694611,Mt
GHG Forward lower,Aviation,2029,WTW,h2o,0.000850418711028,Mt
GHG Forward lower,Aviation,2030,WTW,h2o,0.0008622893412463,Mt
GHG Forward lower,Aviation,2031,WTW,h2o,0.0008754182489459,Mt
GHG Forward lower,Aviation,2032,WTW,h2o,0.0008886957542614,Mt
GHG Forward lower,Aviation,2033,WTW,h2o,0.0009021333113149,Mt
GHG Forward lower,Aviation,2034,WTW,h2o,0.0009157679888097,Mt
GHG Forward lower,Aviation,2035,WTW,h2o,0.0009286525197898,Mt
GHG Forward lower,Aviation,2036,WTW,h2o,0.0009400850511983,Mt
GHG Forward lower,Aviation,2037,WTW,h2o,0.0009497374237184,Mt
GHG Forward lower,Aviation,2038,WTW,h2o,0.0009568814357773,Mt
GHG Forward lower,Aviation,2039,WTW,h2o,0.0009616289814692,Mt
GHG Forward lower,Aviation,2040,WTW,h2o,0.000965776564071,Mt
GHG Forward lower,Aviation,2041,WTW,h2o,0.0009690495679409,Mt
GHG Forward lower,Aviation,2042,WTW,h2o,0.0009720805274567,Mt
GHG Forward lower,Aviation,2043,WTW,h2o,0.0009745230677799,Mt
GHG Forward lower,Aviation,2044,WTW,h2o,0.0009767294462385,Mt
GHG Forward lower,Aviation,2045,WTW,h2o,0.0009791316810775,Mt
GHG Forward lower,Aviation,2046,WTW,h2o,0.0009809798237233,Mt
GHG Forward lower,Aviation,2047,WTW,h2o,0.0009833445169919,Mt
GHG Forward lower,Aviation,2048,WTW,h2o,0.0009864569290379,Mt
GHG Forward lower,Aviation,2049,WTW,h2o,0.000990607368821,Mt
GHG Forward lower,Aviation,2050,WTW,h2o,0.0009960791663008,Mt
GHG Forward upper,Aviation,1940,WTW,h2o,9.14778137075572e-05,Mt
GHG Forward upper,Aviation,1941,WTW,h2o,9.860595503541884e-05,Mt
GHG Forward upper,Aviation,1942,WTW,h2o,0.0001069221199179,Mt
GHG Forward upper,Aviation,1943,WTW,h2o,0.0001152382848004,Mt
GHG Forward upper,Aviation,1944,WTW,h2o,0.0001247424732375,Mt
GHG Forward upper,Aviation,1945,WTW,h2o,0.0001342466616747,Mt
GHG Forward upper,Aviation,1946,WTW,h2o,0.0001461268972211,Mt
GHG Forward upper,Aviation,1947,WTW,h2o,0.0001568191092129,Mt
GHG Forward upper,Aviation,1948,WTW,h2o,0.000169887368314,Mt
GHG Forward upper,Aviation,1949,WTW,h2o,0.0001829556274151,Mt
GHG Forward upper,Aviation,1950,WTW,h2o,0.0001983999336254,Mt
GHG Forward upper,Aviation,1951,WTW,h2o,0.0002138442398358,Mt
GHG Forward upper,Aviation,1952,WTW,h2o,0.0002304765696008,Mt
GHG Forward upper,Aviation,1953,WTW,h2o,0.0002494849464751,Mt
GHG Forward upper,Aviation,1954,WTW,h2o,0.000269681346904,Mt
GHG Forward upper,Aviation,1955,WTW,h2o,0.0002910657708876,Mt
GHG Forward upper,Aviation,1956,WTW,h2o,0.0003148262419805,Mt
GHG Forward upper,Aviation,1957,WTW,h2o,0.000339774736628,Mt
GHG Forward upper,Aviation,1958,WTW,h2o,0.0003670992783848,Mt
GHG Forward upper,Aviation,1959,WTW,h2o,0.0003956118436963,Mt
GHG Forward upper,Aviation,1960,WTW,h2o,0.0004276884796716,Mt
GHG Forward upper,Aviation,1961,WTW,h2o,0.0004692693040842,Mt
GHG Forward upper,Aviation,1962,WTW,h2o,0.0005167902462699,Mt
GHG Forward upper,Aviation,1963,WTW,h2o,0.0005453028115814,Mt
GHG Forward upper,Aviation,1964,WTW,h2o,0.0005702513062289,Mt
GHG Forward upper,Aviation,1965,WTW,h2o,0.0006094560835321,Mt
GHG Forward upper,Aviation,1966,WTW,h2o,0.0006605410963818,Mt
GHG Forward upper,Aviation,1967,WTW,h2o,0.0007793434518462,Mt
GHG Forward upper,Aviation,1968,WTW,h2o,0.0008827015011001,Mt
GHG Forward upper,Aviation,1969,WTW,h2o,0.0009242823255127,Mt
GHG Forward upper,Aviation,1970,WTW,h2o,0.000926658372622,Mt
GHG Forward upper,Aviation,1971,WTW,h2o,0.0010692211991792,Mt
GHG Forward upper,Aviation,1972,WTW,h2o,0.0011405026124578,Mt
GHG Forward upper,Aviation,1973,WTW,h2o,0.0011808954133157,Mt
GHG Forward upper,Aviation,1974,WTW,h2o,0.0011405026124578,Mt
GHG Forward upper,Aviation,1975,WTW,h2o,0.0011416906360125,Mt
GHG Forward upper,Aviation,1976,WTW,h2o,0.0011452547066764,Mt
GHG Forward upper,Aviation,1977,WTW,h2o,0.0012129720492911,Mt
GHG Forward upper,Aviation,1978,WTW,h2o,0.0012557408972582,Mt
GHG Forward upper,Aviation,1979,WTW,h2o,0.0013080139336626,Mt
GHG Forward upper,Aviation,1980,WTW,h2o,0.0013175181220997,Mt
GHG Forward upper,Aviation,1981,WTW,h2o,0.0012985097452254,Mt
GHG Forward upper,Aviation,1982,WTW,h2o,0.0013127660278811,Mt
GHG Forward upper,Aviation,1983,WTW,h2o,0.0013305863812008,Mt
GHG Forward upper,Aviation,1984,WTW,h2o,0.0014196881477991,Mt
GHG Forward upper,Aviation,1985,WTW,h2o,0.0014660210664302,Mt
GHG Forward upper,Aviation,1986,WTW,h2o,0.001543242597482,Mt
GHG Forward upper,Aviation,1987,WTW,h2o,0.0016109599400967,Mt
GHG Forward upper,Aviation,1988,WTW,h2o,0.001679865306266,Mt
GHG Forward upper,Aviation,1989,WTW,h2o,0.0017404545075528,Mt
GHG Forward upper,Aviation,1990,WTW,h2o,0.0017770330399862,Mt
GHG Forward upper,Aviation,1991,WTW,h2o,0.0017185304832707,Mt
GHG Forward upper,Aviation,1992,WTW,h2o,0.001722515114273,Mt
GHG Forward upper,Aviation,1993,WTW,h2o,0.0017319147566373,Mt
GHG Forward upper,Aviation,1994,WTW,h2o,0.0018145294394178,Mt
GHG Forward upper,Aviation,1995,WTW,h2o,0.0018587077585302,Mt
GHG Forward upper,Aviation,1996,WTW,h2o,0.0019428345576911,Mt
GHG Forward upper,Aviation,1997,WTW,h2o,0.002001991002571,Mt
GHG Forward upper,Aviation,1998,WTW,h2o,0.0020414695005012,Mt
GHG Forward upper,Aviation,1999,WTW,h2o,0.0021073180820645,Mt
GHG Forward upper,Aviation,2000,WTW,h2o,0.0022164561035165,Mt
GHG Forward upper,Aviation,2001,WTW,h2o,0.002132012577276,Mt
GHG Forward upper,Aviation,2002,WTW,h2o,0.0021363241523605,Mt
GHG Forward upper,Aviation,2003,WTW,h2o,0.0021349857250238,Mt
GHG Forward upper,Aviation,2004,WTW,h2o,0.0022692882238056,Mt
GHG Forward upper,Aviation,2005,WTW,h2o,0.002380817023859,Mt
GHG Forward upper,Aviation,2006,WTW,h2o,0.0024085766198416,Mt
GHG Forward upper,Aviation,2007,WTW,h2o,0.0024785222194353,Mt
GHG Forward upper,Aviation,2008,WTW,h2o,0.0024670587425519,Mt
GHG Forward upper,Aviation,2009,WTW,h2o,0.0023395301164739,Mt
GHG Forward upper,Aviation,2010,WTW,h2o,0.0024576591001875,Mt
GHG Forward upper,Aviation,2011,WTW,h2o,0.0025305471965214,Mt
GHG Forward upper,Aviation,2012,WTW,h2o,0.0025579389804114,Mt
GHG Forward upper,Aviation,2013,WTW,h2o,0.0026306431706991,Mt
GHG Forward upper,Aviation,2014,WTW,h2o,0.0027134008915156,Mt
GHG Forward upper,Aviation,2015,WTW,h2o,0.0028615882967899,Mt
GHG Forward upper,Aviation,2016,WTW,h2o,0.0029999878136022,Mt
GHG Forward upper,Aviation,2017,WTW,h2o,0.0031769870946048,Mt
GHG Forward upper,Aviation,2018,WTW,h2o,0.0033421904235242,Mt
GHG Forward upper,Aviation,2019,WTW,h2o,0.002988531258738,Mt
GHG Forward upper,Aviation,2020,WTW,h2o,0.001618787765022,Mt
GHG Forward upper,Aviation,2021,WTW,h2o,0.00193009310441,Mt
GHG Forward upper,Aviation,2022,WTW,h2o,0.002365920579962,Mt
GHG Forward upper,Aviation,2023,WTW,h2o,0.0027503894791741,Mt
GHG Forward upper,Aviation,2024,WTW,h2o,0.0029701462238568,Mt
GHG Forward upper,Aviation,2025,WTW,h2o,0.0031612912004937,Mt
GHG Forward upper,Aviation,2026,WTW,h2o,0.0032063005178916,Mt
GHG Forward upper,Aviation,2027,WTW,h2o,0.0032560017888652,Mt
GHG Forward upper,Aviation,2028,WTW,h2o,0.0033079677453676,Mt
GHG Forward upper,Aviation,2029,WTW,h2o,0.0033611787150158,Mt
GHG Forward upper,Aviation,2030,WTW,h2o,0.0034080959677832,Mt
GHG Forward upper,Aviation,2031,WTW,h2o,0.0034599864125004,Mt
GHG Forward upper,Aviation,2032,WTW,h2o,0.0035124641716046,Mt
GHG Forward upper,Aviation,2033,WTW,h2o,0.0035655745161494,Mt
GHG Forward upper,Aviation,2034,WTW,h2o,0.0036194639557717,Mt
GHG Forward upper,Aviation,2035,WTW,h2o,0.0036703885305979,Mt
GHG Forward upper,Aviation,2036,WTW,h2o,0.0037155742499744,Mt
GHG Forward upper,Aviation,2037,WTW,h2o,0.0037537241032682,Mt
GHG Forward upper,Aviation,2038,WTW,h2o,0.0037819599604531,Mt
GHG Forward upper,Aviation,2039,WTW,h2o,0.0038007240696166,Mt
GHG Forward upper,Aviation,2040,WTW,h2o,0.0038171168960905,Mt
GHG Forward upper,Aviation,2041,WTW,h2o,0.0038300530542426,Mt
GHG Forward upper,Aviation,2042,WTW,h2o,0.0038420325609005,Mt
GHG Forward upper,Aviation,2043,WTW,h2o,0.0038516864107493,Mt
GHG Forward upper,Aviation,2044,WTW,h2o,0.0038604068589426,Mt
GHG Forward upper,Aviation,2045,WTW,h2o,0.0038699014061634,Mt
GHG Forward upper,Aviation,2046,WTW,h2o,0.0038772059699542,Mt
GHG Forward upper,Aviation,2047,WTW,h2o,0.0038865521385873,Mt
GHG Forward upper,Aviation,2048,WTW,h2o,0.0038988535766738,Mt
GHG Forward upper,Aviation,2049,WTW,h2o,0.0039152576958163,Mt
GHG Forward upper,Aviation,2050,WTW,h2o,0.0039368843239508,Mt
BAU,Aviation,1940,WTW,h2o,5.73114013589515e-05,Mt
BAU,Aviation,1941,WTW,h2o,6.177722484146721e-05,Mt
BAU,Aviation,1942,WTW,h2o,6.698735223773553e-05,Mt
BAU,Aviation,1943,WTW,h2o,7.219747963400383e-05,Mt
BAU,Aviation,1944,WTW,h2o,7.815191094402478e-05,Mt
BAU,Aviation,1945,WTW,h2o,8.410634225404571e-05,Mt
BAU,Aviation,1946,WTW,h2o,9.15493813915719e-05,Mt
BAU,Aviation,1947,WTW,h2o,9.824811661534544e-05,Mt
BAU,Aviation,1948,WTW,h2o,0.0001064354596666,Mt
BAU,Aviation,1949,WTW,h2o,0.0001146228027179,Mt
BAU,Aviation,1950,WTW,h2o,0.0001242987535966,Mt
BAU,Aviation,1951,WTW,h2o,0.0001339747044754,Mt
BAU,Aviation,1952,WTW,h2o,0.000144394959268,Mt
BAU,Aviation,1953,WTW,h2o,0.000156303821888,Mt
BAU,Aviation,1954,WTW,h2o,0.0001689569884218,Mt
BAU,Aviation,1955,WTW,h2o,0.0001823544588693,Mt
BAU,Aviation,1956,WTW,h2o,0.0001972405371444,Mt
BAU,Aviation,1957,WTW,h2o,0.0002128709193332,Mt
BAU,Aviation,1958,WTW,h2o,0.0002299899093495,Mt
BAU,Aviation,1959,WTW,h2o,0.0002478532032796,Mt
BAU,Aviation,1960,WTW,h2o,0.0002679494089509,Mt
BAU,Aviation,1961,WTW,h2o,0.0002940000459322,Mt
BAU,Aviation,1962,WTW,h2o,0.0003237722024823,Mt
BAU,Aviation,1963,WTW,h2o,0.0003416354964124,Mt
BAU,Aviation,1964,WTW,h2o,0.0003572658786012,Mt
BAU,Aviation,1965,WTW,h2o,0.000381827907755,Mt
BAU,Aviation,1966,WTW,h2o,0.0004138329760464,Mt
BAU,Aviation,1967,WTW,h2o,0.0004882633674217,Mt
BAU,Aviation,1968,WTW,h2o,0.0005530178079181,Mt
BAU,Aviation,1969,WTW,h2o,0.0005790684448995,Mt
BAU,Aviation,1970,WTW,h2o,0.000580557052727,Mt
BAU,Aviation,1971,WTW,h2o,0.0006698735223773,Mt
BAU,Aviation,1972,WTW,h2o,0.0007145317572025,Mt
BAU,Aviation,1973,WTW,h2o,0.0007398380902701,Mt
BAU,Aviation,1974,WTW,h2o,0.0007145317572025,Mt
BAU,Aviation,1975,WTW,h2o,0.0007152760611162,Mt
BAU,Aviation,1976,WTW,h2o,0.0007175089728575,Mt
BAU,Aviation,1977,WTW,h2o,0.0007599342959414,Mt
BAU,Aviation,1978,WTW,h2o,0.0007867292368365,Mt
BAU,Aviation,1979,WTW,h2o,0.0008194786090416,Mt
BAU,Aviation,1980,WTW,h2o,0.0008254330403516,Mt
BAU,Aviation,1981,WTW,h2o,0.0008135241777316,Mt
BAU,Aviation,1982,WTW,h2o,0.0008224558246966,Mt
BAU,Aviation,1983,WTW,h2o,0.0008336203834029,Mt
BAU,Aviation,1984,WTW,h2o,0.0008894431769343,Mt
BAU,Aviation,1985,WTW,h2o,0.0009184710295707,Mt
BAU,Aviation,1986,WTW,h2o,0.0009668507839646,Mt
BAU,Aviation,1987,WTW,h2o,0.0010092761070485,Mt
BAU,Aviation,1988,WTW,h2o,0.0010524457340462,Mt
BAU,Aviation,1989,WTW,h2o,0.0010904052336475,Mt
BAU,Aviation,1990,WTW,h2o,0.0011133219045696,Mt
BAU,Aviation,1991,WTW,h2o,0.0010766697003624,Mt
BAU,Aviation,1992,WTW,h2o,0.0010791660956891,Mt
BAU,Aviation,1993,WTW,h2o,0.0010850550282547,Mt
BAU,Aviation,1994,WTW,h2o,0.0011368136246955,Mt
BAU,Aviation,1995,WTW,h2o,0.0011644916077539,Mt
BAU,Aviation,1996,WTW,h2o,0.0012171975542161,Mt
BAU,Aviation,1997,WTW,h2o,0.0012542594232975,Mt
BAU,Aviation,1998,WTW,h2o,0.001278992940073,Mt
BAU,Aviation,1999,WTW,h2o,0.0013202474731006,Mt
BAU,Aviation,2000,WTW,h2o,0.0013886231009983,Mt
BAU,Aviation,2001,WTW,h2o,0.0013357187231126,Mt
BAU,Aviation,2002,WTW,h2o,0.0013384199508764,Mt
BAU,Aviation,2003,WTW,h2o,0.0013375814180872,Mt
BAU,Aviation,2004,WTW,h2o,0.0014217227426252,Mt
BAU,Aviation,2005,WTW,h2o,0.0014915962077189,Mt
BAU,Aviation,2006,WTW,h2o,0.0015089877618284,Mt
BAU,Aviation,2007,WTW,h2o,0.001552809101333,Mt
BAU,Aviation,2008,WTW,h2o,0.0015456271640084,Mt
BAU,Aviation,2009,WTW,h2o,0.0014657297115258,Mt
BAU,Aviation,2010,WTW,h2o,0.0015397382314428,Mt
BAU,Aviation,2011,WTW,h2o,0.0015854030628809,Mt
BAU,Aviation,2012,WTW,h2o,0.0016025641804987,Mt
BAU,Aviation,2013,WTW,h2o,0.001648113793691,Mt
BAU,Aviation,2014,WTW,h2o,0.001699962004323,Mt
BAU,Aviation,2015,WTW,h2o,0.0017928023064226,Mt
BAU,Aviation,2016,WTW,h2o,0.0018795104374375,Mt
BAU,Aviation,2017,WTW,h2o,0.0019904015532463,Mt
BAU,Aviation,2018,WTW,h2o,0.0020939024340152,Mt
BAU,Aviation,2019,WTW,h2o,0.0018723328367997,Mt
BAU,Aviation,2020,WTW,h2o,0.0010141802865198,Mt
BAU,Aviation,2021,WTW,h2o,0.0012092149569798,Mt
BAU,Aviation,2022,WTW,h2o,0.0014822634958798,Mt
BAU,Aviation,2023,WTW,h2o,0.0017231355773139,Mt
BAU,Aviation,2024,WTW,h2o,0.0018701465516878,Mt
BAU,Aviation,2025,WTW,h2o,0.0019911749164229,Mt
BAU,Aviation,2026,WTW,h2o,0.0020292692963005,Mt
BAU,Aviation,2027,WTW,h2o,0.0020708178661989,Mt
BAU,Aviation,2028,WTW,h2o,0.0021143445966963,Mt
BAU,Aviation,2029,WTW,h2o,0.0021592476518065,Mt
BAU,Aviation,2030,WTW,h2o,0.002205466059772,Mt
BAU,Aviation,2031,WTW,h2o,0.0022529522408983,Mt
BAU,Aviation,2032,WTW,h2o,0.0023016868523834,Mt
BAU,Aviation,2033,WTW,h2o,0.0023517287239038,Mt
BAU,Aviation,2034,WTW,h2o,0.0024032042214618,Mt
BAU,Aviation,2035,WTW,h2o,0.0024563126544278,Mt
BAU,Aviation,2036,WTW,h2o,0.0025113097701433,Mt
BAU,Aviation,2037,WTW,h2o,0.0025684821718414,Mt
BAU,Aviation,2038,WTW,h2o,0.0026280853781365,Mt
BAU,Aviation,2039,WTW,h2o,0.0026903319440278,Mt
BAU,Aviation,2040,WTW,h2o,0.002755306990469,Mt
BAU,Aviation,2041,WTW,h2o,0.0028229842346062,Mt
BAU,Aviation,2042,WTW,h2o,0.0028931917112883,Mt
BAU,Aviation,2043,WTW,h2o,0.0029657003298951,Mt
BAU,Aviation,2044,WTW,h2o,0.0030402775764247,Mt
BAU,Aviation,2045,WTW,h2o,0.0031167365653385,Mt
BAU,Aviation,2046,WTW,h2o,0.0031950337557987,Mt
BAU,Aviation,2047,WTW,h2o,0.0032752742686266,Mt
BAU,Aviation,2048,WTW,h2o,0.0033577165215227,Mt
BAU,Aviation,2049,WTW,h2o,0.00344267938492,Mt
BAU,Aviation,2050,WTW,h2o,0.003530475348867,Mt
Historical Trends lower,Aviation,1940,WTW,h2o,2.31449890103458e-05,Mt
Historical Trends lower,Aviation,1941,WTW,h2o,2.4948494647515604e-05,Mt
Historical Trends lower,Aviation,1942,WTW,h2o,2.705258455754705e-05,Mt
Historical Trends lower,Aviation,1943,WTW,h2o,2.915667446757847e-05,Mt
Historical Trends lower,Aviation,1944,WTW,h2o,3.156134865047155e-05,Mt
Historical Trends lower,Aviation,1945,WTW,h2o,3.3966022833364614e-05,Mt
Historical Trends lower,Aviation,1946,WTW,h2o,3.697186556198096e-05,Mt
Historical Trends lower,Aviation,1947,WTW,h2o,3.9677124017735656e-05,Mt
Historical Trends lower,Aviation,1948,WTW,h2o,4.298355101921363e-05,Mt
Historical Trends lower,Aviation,1949,WTW,h2o,4.62899780206916e-05,Mt
Historical Trends lower,Aviation,1950,WTW,h2o,5.019757356789284e-05,Mt
Historical Trends lower,Aviation,1951,WTW,h2o,5.410516911509409e-05,Mt
Historical Trends lower,Aviation,1952,WTW,h2o,5.831334893515694e-05,Mt
Historical Trends lower,Aviation,1953,WTW,h2o,6.31226973009431e-05,Mt
Historical Trends lower,Aviation,1954,WTW,h2o,6.823262993959085e-05,Mt
Historical Trends lower,Aviation,1955,WTW,h2o,7.364314685110026e-05,Mt
Historical Trends lower,Aviation,1956,WTW,h2o,7.965483230833295e-05,Mt
Historical Trends lower,Aviation,1957,WTW,h2o,8.596710203842725e-05,Mt
Historical Trends lower,Aviation,1958,WTW,h2o,9.288054031424482e-05,Mt
Historical Trends lower,Aviation,1959,WTW,h2o,0.0001000945628629,Mt
Historical Trends lower,Aviation,1960,WTW,h2o,0.0001082103382301,Mt
Historical Trends lower,Aviation,1961,WTW,h2o,0.0001187307877803,Mt
Historical Trends lower,Aviation,1962,WTW,h2o,0.0001307541586948,Mt
Historical Trends lower,Aviation,1963,WTW,h2o,0.0001379681812434,Mt
Historical Trends lower,Aviation,1964,WTW,h2o,0.0001442804509735,Mt
Historical Trends lower,Aviation,1965,WTW,h2o,0.000154199731978,Mt
Historical Trends lower,Aviation,1966,WTW,h2o,0.000167124855711,Mt
Historical Trends lower,Aviation,1967,WTW,h2o,0.0001971832829972,Mt
Historical Trends lower,Aviation,1968,WTW,h2o,0.0002233341147361,Mt
Historical Trends lower,Aviation,1969,WTW,h2o,0.0002338545642863,Mt
Historical Trends lower,Aviation,1970,WTW,h2o,0.000234455732832,Mt
Historical Trends lower,Aviation,1971,WTW,h2o,0.0002705258455754,Mt
Historical Trends lower,Aviation,1972,WTW,h2o,0.0002885609019471,Mt
Historical Trends lower,Aviation,1973,WTW,h2o,0.0002987807672244,Mt
Historical Trends lower,Aviation,1974,WTW,h2o,0.0002885609019471,Mt
Historical Trends lower,Aviation,1975,WTW,h2o,0.00028886148622,Mt
Historical Trends lower,Aviation,1976,WTW,h2o,0.0002897632390386,Mt
Historical Trends lower,Aviation,1977,WTW,h2o,0.0003068965425917,Mt
Historical Trends lower,Aviation,1978,WTW,h2o,0.0003177175764147,Mt
Historical Trends lower,Aviation,1979,WTW,h2o,0.0003309432844206,Mt
Historical Trends lower,Aviation,1980,WTW,h2o,0.0003333479586035,Mt
Historical Trends lower,Aviation,1981,WTW,h2o,0.0003285386102377,Mt
Historical Trends lower,Aviation,1982,WTW,h2o,0.0003321456215121,Mt
Historical Trends lower,Aviation,1983,WTW,h2o,0.000336654385605,Mt
Historical Trends lower,Aviation,1984,WTW,h2o,0.0003591982060696,Mt
Historical Trends lower,Aviation,1985,WTW,h2o,0.0003709209927112,Mt
Historical Trends lower,Aviation,1986,WTW,h2o,0.0003904589704472,Mt
Historical Trends lower,Aviation,1987,WTW,h2o,0.0004075922740003,Mt
Historical Trends lower,Aviation,1988,WTW,h2o,0.0004250261618263,Mt
Historical Trends lower,Aviation,1989,WTW,h2o,0.0004403559597422,Mt
Historical Trends lower,Aviation,1990,WTW,h2o,0.0004496107691531,Mt
Historical Trends lower,Aviation,1991,WTW,h2o,0.000434808917454,Mt
Historical Trends lower,Aviation,1992,WTW,h2o,0.0004358170771052,Mt
Historical Trends lower,Aviation,1993,WTW,h2o,0.0004381952998721,Mt
Historical Trends lower,Aviation,1994,WTW,h2o,0.0004590978099731,Mt
Historical Trends lower,Aviation,1995,WTW,h2o,0.0004702754569775,Mt
Historical Trends lower,Aviation,1996,WTW,h2o,0.0004915605507411,Mt
Historical Trends lower,Aviation,1997,WTW,h2o,0.0005065278440239,Mt
Historical Trends lower,Aviation,1998,WTW,h2o,0.0005165163796449,Mt
Historical Trends lower,Aviation,1999,WTW,h2o,0.0005331768641368,Mt
Historical Trends lower,Aviation,2000,WTW,h2o,0.00056079009848,Mt
Historical Trends lower,Aviation,2001,WTW,h2o,0.0005394248689493,Mt
Historical Trends lower,Aviation,2002,WTW,h2o,0.0005405157493924,Mt
Historical Trends lower,Aviation,2003,WTW,h2o,0.0005401771111506,Mt
Historical Trends lower,Aviation,2004,WTW,h2o,0.0005741572614448,Mt
Historical Trends lower,Aviation,2005,WTW,h2o,0.0006023753915788,Mt
Historical Trends lower,Aviation,2006,WTW,h2o,0.0006093989038153,Mt
Historical Trends lower,Aviation,2007,WTW,h2o,0.0006270959832306,Mt
Historical Trends lower,Aviation,2008,WTW,h2o,0.0006241955854649,Mt
Historical Trends lower,Aviation,2009,WTW,h2o,0.0005919293065777,Mt
Historical Trends lower,Aviation,2010,WTW,h2o,0.000621817362698,Mt
Historical Trends lower,Aviation,2011,WTW,h2o,0.0006402589292403,Mt
Historical Trends lower,Aviation,2012,WTW,h2o,0.000647189380586,Mt
Historical Trends lower,Aviation,2013,WTW,h2o,0.0006655844166829,Mt
Historical Trends lower,Aviation,2014,WTW,h2o,0.0006865231171304,Mt
Historical Trends lower,Aviation,2015,WTW,h2o,0.0007240163160552,Mt
Historical Trends lower,Aviation,2016,WTW,h2o,0.0007590330612728,Mt
Historical Trends lower,Aviation,2017,WTW,h2o,0.0008038160118879,Mt
Historical Trends lower,Aviation,2018,WTW,h2o,0.0008456144445061,Mt
Historical Trends lower,Aviation,2019,WTW,h2o,0.0007561344148614,Mt
Historical Trends lower,Aviation,2020,WTW,h2o,0.0004095728080176,Mt
Historical Trends lower,Aviation,2021,WTW,h2o,0.0004883368095495,Mt
Historical Trends lower,Aviation,2022,WTW,h2o,0.0005986064117976,Mt
Historical Trends lower,Aviation,2023,WTW,h2o,0.0006958816754536,Mt
Historical Trends lower,Aviation,2024,WTW,h2o,0.0007552514920277,Mt
Historical Trends lower,Aviation,2025,WTW,h2o,0.0008041283316323,Mt
Historical Trends lower,Aviation,2026,WTW,h2o,0.000819512600429,Mt
Historical Trends lower,Aviation,2027,WTW,h2o,0.0008362918305803,Mt
Historical Trends lower,Aviation,2028,WTW,h2o,0.0008538699332812,Mt
Historical Trends lower,Aviation,2029,WTW,h2o,0.0008720038593834,Mt
Historical Trends lower,Aviation,2030,WTW,h2o,0.0008906689856771,Mt
Historical Trends lower,Aviation,2031,WTW,h2o,0.0009098460972858,Mt
Historical Trends lower,Aviation,2032,WTW,h2o,0.0009295273826933,Mt
Historical Trends lower,Aviation,2033,WTW,h2o,0.000949736600038,Mt
Historical Trends lower,Aviation,2034,WTW,h2o,0.0009705247817441,Mt
Historical Trends lower,Aviation,2035,WTW,h2o,0.0009919724181343,Mt
Historical Trends lower,Aviation,2036,WTW,h2o,0.0010141827917886,Mt
Historical Trends lower,Aviation,2037,WTW,h2o,0.0010372716463205,Mt
Historical Trends lower,Aviation,2038,WTW,h2o,0.0010613421719397,Mt
Historical Trends lower,Aviation,2039,WTW,h2o,0.0010864802081651,Mt
Historical Trends lower,Aviation,2040,WTW,h2o,0.0011127201307663,Mt
Historical Trends lower,Aviation,2041,WTW,h2o,0.001140051325514,Mt
Historical Trends lower,Aviation,2042,WTW,h2o,0.0011684043449433,Mt
Historical Trends lower,Aviation,2043,WTW,h2o,0.0011976866716884,Mt
Historical Trends lower,Aviation,2044,WTW,h2o,0.0012278044058638,Mt
Historical Trends lower,Aviation,2045,WTW,h2o,0.0012586820744636,Mt
Historical Trends lower,Aviation,2046,WTW,h2o,0.0012903020936879,Mt
Historical Trends lower,Aviation,2047,WTW,h2o,0.0013227069161761,Mt
Historical Trends lower,Aviation,2048,WTW,h2o,0.0013560009029226,Mt
Historical Trends lower,Aviation,2049,WTW,h2o,0.0013903128285254,Mt
Historical Trends lower,Aviation,2050,WTW,h2o,0.0014257688908886,Mt
Historical Trends upper,Aviation,1940,WTW,h2o,9.14778137075572e-05,Mt
Historical Trends upper,Aviation,1941,WTW,h2o,9.860595503541884e-05,Mt
Historical Trends upper,Aviation,1942,WTW,h2o,0.0001069221199179,Mt
Historical Trends upper,Aviation,1943,WTW,h2o,0.0001152382848004,Mt
Historical Trends upper,Aviation,1944,WTW,h2o,0.0001247424732375,Mt
Historical Trends upper,Aviation,1945,WTW,h2o,0.0001342466616747,Mt
Historical Trends upper,Aviation,1946,WTW,h2o,0.0001461268972211,Mt
Historical Trends upper,Aviation,1947,WTW,h2o,0.0001568191092129,Mt
Historical Trends upper,Aviation,1948,WTW,h2o,0.000169887368314,Mt
Historical Trends upper,Aviation,1949,WTW,h2o,0.0001829556274151,Mt
Historical Trends upper,Aviation,1950,WTW,h2o,0.0001983999336254,Mt
Historical Trends upper,Aviation,1951,WTW,h2o,0.0002138442398358,Mt
Historical Trends upper,Aviation,1952,WTW,h2o,0.0002304765696008,Mt
Historical Trends upper,Aviation,1953,WTW,h2o,0.0002494849464751,Mt
Historical Trends upper,Aviation,1954,WTW,h2o,0.000269681346904,Mt
Historical Trends upper,Aviation,1955,WTW,h2o,0.0002910657708876,Mt
Historical Trends upper,Aviation,1956,WTW,h2o,0.0003148262419805,Mt
Historical Trends upper,Aviation,1957,WTW,h2o,0.000339774736628,Mt
Historical Trends upper,Aviation,1958,WTW,h2o,0.0003670992783848,Mt
Historical Trends upper,Aviation,1959,WTW,h2o,0.0003956118436963,Mt
Historical Trends upper,Aviation,1960,WTW,h2o,0.0004276884796716,Mt
Historical Trends upper,Aviation,1961,WTW,h2o,0.0004692693040842,Mt
Historical Trends upper,Aviation,1962,WTW,h2o,0.0005167902462699,Mt
Historical Trends upper,Aviation,1963,WTW,h2o,0.0005453028115814,Mt
Historical Trends upper,Aviation,1964,WTW,h2o,0.0005702513062289,Mt
Historical Trends upper,Aviation,1965,WTW,h2o,0.0006094560835321,Mt
Historical Trends upper,Aviation,1966,WTW,h2o,0.0006605410963818,Mt
Historical Trends upper,Aviation,1967,WTW,h2o,0.0007793434518462,Mt
Historical Trends upper,Aviation,1968,WTW,h2o,0.0008827015011001,Mt
Historical Trends upper,Aviation,1969,WTW,h2o,0.0009242823255127,Mt
Historical Trends upper,Aviation,1970,WTW,h2o,0.000926658372622,Mt
Historical Trends upper,Aviation,1971,WTW,h2o,0.0010692211991792,Mt
Historical Trends upper,Aviation,1972,WTW,h2o,0.0011405026124578,Mt
Historical Trends upper,Aviation,1973,WTW,h2o,0.0011808954133157,Mt
Historical Trends upper,Aviation,1974,WTW,h2o,0.0011405026124578,Mt
Historical Trends upper,Aviation,1975,WTW,h2o,0.0011416906360125,Mt
Historical Trends upper,Aviation,1976,WTW,h2o,0.0011452547066764,Mt
Historical Trends upper,Aviation,1977,WTW,h2o,0.0012129720492911,Mt
Historical Trends upper,Aviation,1978,WTW,h2o,0.0012557408972582,Mt
Historical Trends upper,Aviation,1979,WTW,h2o,0.0013080139336626,Mt
Historical Trends upper,Aviation,1980,WTW,h2o,0.0013175181220997,Mt
Historical Trends upper,Aviation,1981,WTW,h2o,0.0012985097452254,Mt
Historical Trends upper,Aviation,1982,WTW,h2o,0.0013127660278811,Mt
Historical Trends upper,Aviation,1983,WTW,h2o,0.0013305863812008,Mt
Historical Trends upper,Aviation,1984,WTW,h2o,0.0014196881477991,Mt
Historical Trends upper,Aviation,1985,WTW,h2o,0.0014660210664302,Mt
Historical Trends upper,Aviation,1986,WTW,h2o,0.001543242597482,Mt
Historical Trends upper,Aviation,1987,WTW,h2o,0.0016109599400967,Mt
Historical Trends upper,Aviation,1988,WTW,h2o,0.001679865306266,Mt
Historical Trends upper,Aviation,1989,WTW,h2o,0.0017404545075528,Mt
Historical Trends upper,Aviation,1990,WTW,h2o,0.0017770330399862,Mt
Historical Trends upper,Aviation,1991,WTW,h2o,0.0017185304832707,Mt
Historical Trends upper,Aviation,1992,WTW,h2o,0.001722515114273,Mt
Historical Trends upper,Aviation,1993,WTW,h2o,0.0017319147566373,Mt
Historical Trends upper,Aviation,1994,WTW,h2o,0.0018145294394178,Mt
Historical Trends upper,Aviation,1995,WTW,h2o,0.0018587077585302,Mt
Historical Trends upper,Aviation,1996,WTW,h2o,0.0019428345576911,Mt
Historical Trends upper,Aviation,1997,WTW,h2o,0.002001991002571,Mt
Historical Trends upper,Aviation,1998,WTW,h2o,0.0020414695005012,Mt
Historical Trends upper,Aviation,1999,WTW,h2o,0.0021073180820645,Mt
Historical Trends upper,Aviation,2000,WTW,h2o,0.0022164561035165,Mt
Historical Trends upper,Aviation,2001,WTW,h2o,0.002132012577276,Mt
Historical Trends upper,Aviation,2002,WTW,h2o,0.0021363241523605,Mt
Historical Trends upper,Aviation,2003,WTW,h2o,0.0021349857250238,Mt
Historical Trends upper,Aviation,2004,WTW,h2o,0.0022692882238056,Mt
Historical Trends upper,Aviation,2005,WTW,h2o,0.002380817023859,Mt
Historical Trends upper,Aviation,2006,WTW,h2o,0.0024085766198416,Mt
Historical Trends upper,Aviation,2007,WTW,h2o,0.0024785222194353,Mt
Historical Trends upper,Aviation,2008,WTW,h2o,0.0024670587425519,Mt
Historical Trends upper,Aviation,2009,WTW,h2o,0.0023395301164739,Mt
Historical Trends upper,Aviation,2010,WTW,h2o,0.0024576591001875,Mt
Historical Trends upper,Aviation,2011,WTW,h2o,0.0025305471965214,Mt
Historical Trends upper,Aviation,2012,WTW,h2o,0.0025579389804114,Mt
Historical Trends upper,Aviation,2013,WTW,h2o,0.0026306431706991,Mt
Historical Trends upper,Aviation,2014,WTW,h2o,0.0027134008915156,Mt
Historical Trends upper,Aviation,2015,WTW,h2o,0.0028615882967899,Mt
Historical Trends upper,Aviation,2016,WTW,h2o,0.0029999878136022,Mt
Historical Trends upper,Aviation,2017,WTW,h2o,0.0031769870946048,Mt
Historical Trends upper,Aviation,2018,WTW,h2o,0.0033421904235242,Mt
Historical Trends upper,Aviation,2019,WTW,h2o,0.002988531258738,Mt
Historical Trends upper,Aviation,2020,WTW,h2o,0.001618787765022,Mt
Historical Trends upper,Aviation,2021,WTW,h2o,0.00193009310441,Mt
Historical Trends upper,Aviation,2022,WTW,h2o,0.002365920579962,Mt
Historical Trends upper,Aviation,2023,WTW,h2o,0.0027503894791741,Mt
Historical Trends upper,Aviation,2024,WTW,h2o,0.0029850416113478,Mt
Historical Trends upper,Aviation,2025,WTW,h2o,0.0031782215012134,Mt
Historical Trends upper,Aviation,2026,WTW,h2o,0.003239025992172,Mt
Historical Trends upper,Aviation,2027,WTW,h2o,0.0033053439018175,Mt
Historical Trends upper,Aviation,2028,WTW,h2o,0.0033748192601114,Mt
Historical Trends upper,Aviation,2029,WTW,h2o,0.0034464914442296,Mt
Historical Trends upper,Aviation,2030,WTW,h2o,0.0035202631338669,Mt
Historical Trends upper,Aviation,2031,WTW,h2o,0.0035960583845107,Mt
Historical Trends upper,Aviation,2032,WTW,h2o,0.0036738463220735,Mt
Historical Trends upper,Aviation,2033,WTW,h2o,0.0037537208477695,Mt
Historical Trends upper,Aviation,2034,WTW,h2o,0.0038358836611794,Mt
Historical Trends upper,Aviation,2035,WTW,h2o,0.0039206528907213,Mt
Historical Trends upper,Aviation,2036,WTW,h2o,0.004008436748498,Mt
Historical Trends upper,Aviation,2037,WTW,h2o,0.0040996926973623,Mt
Historical Trends upper,Aviation,2038,WTW,h2o,0.0041948285843333,Mt
Historical Trends upper,Aviation,2039,WTW,h2o,0.0042941836798906,Mt
Historical Trends upper,Aviation,2040,WTW,h2o,0.0043978938501718,Mt
Historical Trends upper,Aviation,2041,WTW,h2o,0.0045059171436984,Mt
Historical Trends upper,Aviation,2042,WTW,h2o,0.0046179790776332,Mt
Historical Trends upper,Aviation,2043,WTW,h2o,0.0047337139881019,Mt
Historical Trends upper,Aviation,2044,WTW,h2o,0.0048527507469857,Mt
Historical Trends upper,Aviation,2045,WTW,h2o,0.0049747910562134,Mt
Historical Trends upper,Aviation,2046,WTW,h2o,0.0050997654179094,Mt
Historical Trends upper,Aviation,2047,WTW,h2o,0.005227841621077,Mt
Historical Trends upper,Aviation,2048,WTW,h2o,0.0053594321401228,Mt
Historical Trends upper,Aviation,2049,WTW,h2o,0.0054950459413147,Mt
Historical Trends upper,Aviation,2050,WTW,h2o,0.0056351818068454,Mt
SLCP Forward,Aviation,1940,WTW,h2o,5.73114013589515e-05,Mt
SLCP Forward,Aviation,1941,WTW,h2o,6.177722484146721e-05,Mt
SLCP Forward,Aviation,1942,WTW,h2o,6.698735223773553e-05,Mt
SLCP Forward,Aviation,1943,WTW,h2o,7.219747963400383e-05,Mt
SLCP Forward,Aviation,1944,WTW,h2o,7.815191094402478e-05,Mt
SLCP Forward,Aviation,1945,WTW,h2o,8.410634225404571e-05,Mt
SLCP Forward,Aviation,1946,WTW,h2o,9.15493813915719e-05,Mt
SLCP Forward,Aviation,1947,WTW,h2o,9.824811661534544e-05,Mt
SLCP Forward,Aviation,1948,WTW,h2o,0.0001064354596666,Mt
SLCP Forward,Aviation,1949,WTW,h2o,0.0001146228027179,Mt
SLCP Forward,Aviation,1950,WTW,h2o,0.0001242987535966,Mt
SLCP Forward,Aviation,1951,WTW,h2o,0.0001339747044754,Mt
SLCP Forward,Aviation,1952,WTW,h2o,0.000144394959268,Mt
SLCP Forward,Aviation,1953,WTW,h2o,0.000156303821888,Mt
SLCP Forward,Aviation,1954,WTW,h2o,0.0001689569884218,Mt
SLCP Forward,Aviation,1955,WTW,h2o,0.0001823544588693,Mt
SLCP Forward,Aviation,1956,WTW,h2o,0.0001972405371444,Mt
SLCP Forward,Aviation,1957,WTW,h2o,0.0002128709193332,Mt
SLCP Forward,Aviation,1958,WTW,h2o,0.0002299899093495,Mt
SLCP Forward,Aviation,1959,WTW,h2o,0.0002478532032796,Mt
SLCP Forward,Aviation,1960,WTW,h2o,0.0002679494089509,Mt
SLCP Forward,Aviation,1961,WTW,h2o,0.0002940000459322,Mt
SLCP Forward,Aviation,1962,WTW,h2o,0.0003237722024823,Mt
SLCP Forward,Aviation,1963,WTW,h2o,0.0003416354964124,Mt
SLCP Forward,Aviation,1964,WTW,h2o,0.0003572658786012,Mt
SLCP Forward,Aviation,1965,WTW,h2o,0.000381827907755,Mt
SLCP Forward,Aviation,1966,WTW,h2o,0.0004138329760464,Mt
SLCP Forward,Aviation,1967,WTW,h2o,0.0004882633674217,Mt
SLCP Forward,Aviation,1968,WTW,h2o,0.0005530178079181,Mt
SLCP Forward,Aviation,1969,WTW,h2o,0.0005790684448995,Mt
SLCP Forward,Aviation,1970,WTW,h2o,0.000580557052727,Mt
SLCP Forward,Aviation,1971,WTW,h2o,0.0006698735223773,Mt
SLCP Forward,Aviation,1972,WTW,h2o,0.0007145317572025,Mt
SLCP Forward,Aviation,1973,WTW,h2o,0.0007398380902701,Mt
SLCP Forward,Aviation,1974,WTW,h2o,0.0007145317572025,Mt
SLCP Forward,Aviation,1975,WTW,h2o,0.0007152760611162,Mt
SLCP Forward,Aviation,1976,WTW,h2o,0.0007175089728575,Mt
SLCP Forward,Aviation,1977,WTW,h2o,0.0007599342959414,Mt
SLCP Forward,Aviation,1978,WTW,h2o,0.0007867292368365,Mt
SLCP Forward,Aviation,1979,WTW,h2o,0.0008194786090416,Mt
SLCP Forward,Aviation,1980,WTW,h2o,0.0008254330403516,Mt
SLCP Forward,Aviation,1981,WTW,h2o,0.0008135241777316,Mt
SLCP Forward,Aviation,1982,WTW,h2o,0.0008224558246966,Mt
SLCP Forward,Aviation,1983,WTW,h2o,0.0008336203834029,Mt
SLCP Forward,Aviation,1984,WTW,h2o,0.0008894431769343,Mt
SLCP Forward,Aviation,1985,WTW,h2o,0.0009184710295707,Mt
SLCP Forward,Aviation,1986,WTW,h2o,0.0009668507839646,Mt
SLCP Forward,Aviation,1987,WTW,h2o,0.0010092761070485,Mt
SLCP Forward,Aviation,1988,WTW,h2o,0.0010524457340462,Mt
SLCP Forward,Aviation,1989,WTW,h2o,0.0010904052336475,Mt
SLCP Forward,Aviation,1990,WTW,h2o,0.0011133219045696,Mt
SLCP Forward,Aviation,1991,WTW,h2o,0.0010766697003624,Mt
SLCP Forward,Aviation,1992,WTW,h2o,0.0010791660956891,Mt
SLCP Forward,Aviation,1993,WTW,h2o,0.0010850550282547,Mt
SLCP Forward,Aviation,1994,WTW,h2o,0.0011368136246955,Mt
SLCP Forward,Aviation,1995,WTW,h2o,0.0011644916077539,Mt
SLCP Forward,Aviation,1996,WTW,h2o,0.0012171975542161,Mt
SLCP Forward,Aviation,1997,WTW,h2o,0.0012542594232975,Mt
SLCP Forward,Aviation,1998,WTW,h2o,0.001278992940073,Mt
SLCP Forward,Aviation,1999,WTW,h2o,0.0013202474731006,Mt
SLCP Forward,Aviation,2000,WTW,h2o,0.0013886231009983,Mt
SLCP Forward,Aviation,2001,WTW,h2o,0.0013357187231126,Mt
SLCP Forward,Aviation,2002,WTW,h2o,0.0013384199508764,Mt
SLCP Forward,Aviation,2003,WTW,h2o,0.0013375814180872,Mt
SLCP Forward,Aviation,2004,WTW,h2o,0.0014217227426252,Mt
SLCP Forward,Aviation,2005,WTW,h2o,0.0014915962077189,Mt
SLCP Forward,Aviation,2006,WTW,h2o,0.0015089877618284,Mt
SLCP Forward,Aviation,2007,WTW,h2o,0.001552809101333,Mt
SLCP Forward,Aviation,2008,WTW,h2o,0.0015456271640084,Mt
SLCP Forward,Aviation,2009,WTW,h2o,0.0014657297115258,Mt
SLCP Forward,Aviation,2010,WTW,h2o,0.0015397382314428,Mt
SLCP Forward,Aviation,2011,WTW,h2o,0.0015854030628809,Mt
SLCP Forward,Aviation,2012,WTW,h2o,0.0016025641804987,Mt
SLCP Forward,Aviation,2013,WTW,h2o,0.001648113793691,Mt
SLCP Forward,Aviation,2014,WTW,h2o,0.001699962004323,Mt
SLCP Forward,Aviation,2015,WTW,h2o,0.0017928023064226,Mt
SLCP Forward,Aviation,2016,WTW,h2o,0.0018795104374375,Mt
SLCP Forward,Aviation,2017,WTW,h2o,0.0019904015532463,Mt
SLCP Forward,Aviation,2018,WTW,h2o,0.0020939024340152,Mt
SLCP Forward,Aviation,2019,WTW,h2o,0.0018723328367997,Mt
SLCP Forward,Aviation,2020,WTW,h2o,0.0010141802865198,Mt
SLCP Forward,Aviation,2021,WTW,h2o,0.0012092149569798,Mt
SLCP Forward,Aviation,2022,WTW,h2o,0.0014822634958798,Mt
SLCP Forward,Aviation,2023,WTW,h2o,0.0017231355773139,Mt
SLCP Forward,Aviation,2024,WTW,h2o,0.0018608145016934,Mt
SLCP Forward,Aviation,2025,WTW,h2o,0.0019805679810322,Mt
SLCP Forward,Aviation,2026,WTW,h2o,0.0020129325505361,Mt
SLCP Forward,Aviation,2027,WTW,h2o,0.0020484456425724,Mt
SLCP Forward,Aviation,2028,WTW,h2o,0.0020856067624481,Mt
SLCP Forward,Aviation,2029,WTW,h2o,0.002123796663326,Mt
SLCP Forward,Aviation,2030,WTW,h2o,0.0021629371068934,Mt
SLCP Forward,Aviation,2031,WTW,h2o,0.0022018504088747,Mt
SLCP Forward,Aviation,2032,WTW,h2o,0.0022416670501661,Mt
SLCP Forward,Aviation,2033,WTW,h2o,0.0022824528110581,Mt
SLCP Forward,Aviation,2034,WTW,h2o,0.0023243766458699,Mt
SLCP Forward,Aviation,2035,WTW,h2o,0.0023674691723831,Mt
SLCP Forward,Aviation,2036,WTW,h2o,0.0024118230252704,Mt
SLCP Forward,Aviation,2037,WTW,h2o,0.0024568523426715,Mt
SLCP Forward,Aviation,2038,WTW,h2o,0.0025016389803742,Mt
SLCP Forward,Aviation,2039,WTW,h2o,0.0025461495545672,Mt
SLCP Forward,Aviation,2040,WTW,h2o,0.0025914873521908,Mt
SLCP Forward,Aviation,2041,WTW,h2o,0.002637835813733,Mt
SLCP Forward,Aviation,2042,WTW,h2o,0.0026845929724129,Mt
SLCP Forward,Aviation,2043,WTW,h2o,0.0027313557601959,Mt
SLCP Forward,Aviation,2044,WTW,h2o,0.0027774336012427,Mt
SLCP Forward,Aviation,2045,WTW,h2o,0.0028224312059965,Mt
SLCP Forward,Aviation,2046,WTW,h2o,0.0028652623359345,Mt
SLCP Forward,Aviation,2047,WTW,h2o,0.0029066382110346,Mt
SLCP Forward,Aviation,2048,WTW,h2o,0.0029466862642735,Mt
SLCP Forward,Aviation,2049,WTW,h2o,0.0029874940447682,Mt
SLCP Forward,Aviation,2050,WTW,h2o,0.003030507378456,Mt
SLCP Forward lower,Aviation,1940,WTW,h2o,2.31449890103458e-05,Mt
SLCP Forward lower,Aviation,1941,WTW,h2o,2.4948494647515604e-05,Mt
SLCP Forward lower,Aviation,1942,WTW,h2o,2.705258455754705e-05,Mt
SLCP Forward lower,Aviation,1943,WTW,h2o,2.915667446757847e-05,Mt
SLCP Forward lower,Aviation,1944,WTW,h2o,3.156134865047155e-05,Mt
SLCP Forward lower,Aviation,1945,WTW,h2o,3.3966022833364614e-05,Mt
SLCP Forward lower,Aviation,1946,WTW,h2o,3.697186556198096e-05,Mt
SLCP Forward lower,Aviation,1947,WTW,h2o,3.9677124017735656e-05,Mt
SLCP Forward lower,Aviation,1948,WTW,h2o,4.298355101921363e-05,Mt
SLCP Forward lower,Aviation,1949,WTW,h2o,4.62899780206916e-05,Mt
SLCP Forward lower,Aviation,1950,WTW,h2o,5.019757356789284e-05,Mt
SLCP Forward lower,Aviation,1951,WTW,h2o,5.410516911509409e-05,Mt
SLCP Forward lower,Aviation,1952,WTW,h2o,5.831334893515694e-05,Mt
SLCP Forward lower,Aviation,1953,WTW,h2o,6.31226973009431e-05,Mt
SLCP Forward lower,Aviation,1954,WTW,h2o,6.823262993959085e-05,Mt
SLCP Forward lower,Aviation,1955,WTW,h2o,7.364314685110026e-05,Mt
SLCP Forward lower,Aviation,1956,WTW,h2o,7.965483230833295e-05,Mt
SLCP Forward lower,Aviation,1957,WTW,h2o,8.596710203842725e-05,Mt
SLCP Forward lower,Aviation,1958,WTW,h2o,9.288054031424482e-05,Mt
SLCP Forward lower,Aviation,1959,WTW,h2o,0.0001000945628629,Mt
SLCP Forward lower,Aviation,1960,WTW,h2o,0.0001082103382301,Mt
SLCP Forward lower,Aviation,1961,WTW,h2o,0.0001187307877803,Mt
SLCP Forward lower,Aviation,1962,WTW,h2o,0.0001307541586948,Mt
SLCP Forward lower,Aviation,1963,WTW,h2o,0.0001379681812434,Mt
SLCP Forward lower,Aviation,1964,WTW,h2o,0.0001442804509735,Mt
SLCP Forward lower,Aviation,1965,WTW,h2o,0.000154199731978,Mt
SLCP Forward lower,Aviation,1966,WTW,h2o,0.000167124855711,Mt
SLCP Forward lower,Aviation,1967,WTW,h2o,0.0001971832829972,Mt
SLCP Forward lower,Aviation,1968,WTW,h2o,0.0002233341147361,Mt
SLCP Forward lower,Aviation,1969,WTW,h2o,0.0002338545642863,Mt
SLCP Forward lower,Aviation,1970,WTW,h2o,0.000234455732832,Mt
SLCP Forward lower,Aviation,1971,WTW,h2o,0.0002705258455754,Mt
SLCP Forward lower,Aviation,1972,WTW,h2o,0.0002885609019471,Mt
SLCP Forward lower,Aviation,1973,WTW,h2o,0.0002987807672244,Mt
SLCP Forward lower,Aviation,1974,WTW,h2o,0.0002885609019471,Mt
SLCP Forward lower,Aviation,1975,WTW,h2o,0.00028886148622,Mt
SLCP Forward lower,Aviation,1976,WTW,h2o,0.0002897632390386,Mt
SLCP Forward lower,Aviation,1977,WTW,h2o,0.0003068965425917,Mt
SLCP Forward lower,Aviation,1978,WTW,h2o,0.0003177175764147,Mt
SLCP Forward lower,Aviation,1979,WTW,h2o,0.0003309432844206,Mt
SLCP Forward lower,Aviation,1980,WTW,h2o,0.0003333479586035,Mt
SLCP Forward lower,Aviation,1981,WTW,h2o,0.0003285386102377,Mt
SLCP Forward lower,Aviation,1982,WTW,h2o,0.0003321456215121,Mt
SLCP Forward lower,Aviation,1983,WTW,h2o,0.000336654385605,Mt
SLCP Forward lower,Aviation,1984,WTW,h2o,0.0003591982060696,Mt
SLCP Forward lower,Aviation,1985,WTW,h2o,0.0003709209927112,Mt
SLCP Forward lower,Aviation,1986,WTW,h2o,0.0003904589704472,Mt
SLCP Forward lower,Aviation,1987,WTW,h2o,0.0004075922740003,Mt
SLCP Forward lower,Aviation,1988,WTW,h2o,0.0004250261618263,Mt
SLCP Forward lower,Aviation,1989,WTW,h2o,0.0004403559597422,Mt
SLCP Forward lower,Aviation,1990,WTW,h2o,0.0004496107691531,Mt
SLCP Forward lower,Aviation,1991,WTW,h2o,0.000434808917454,Mt
SLCP Forward lower,Aviation,1992,WTW,h2o,0.0004358170771052,Mt
SLCP Forward lower,Aviation,1993,WTW,h2o,0.0004381952998721,Mt
SLCP Forward lower,Aviation,1994,WTW,h2o,0.0004590978099731,Mt
SLCP Forward lower,Aviation,1995,WTW,h2o,0.0004702754569775,Mt
SLCP Forward lower,Aviation,1996,WTW,h2o,0.0004915605507411,Mt
SLCP Forward lower,Aviation,1997,WTW,h2o,0.0005065278440239,Mt
SLCP Forward lower,Aviation,1998,WTW,h2o,0.0005165163796449,Mt
SLCP Forward lower,Aviation,1999,WTW,h2o,0.0005331768641368,Mt
SLCP Forward lower,Aviation,2000,WTW,h2o,0.00056079009848,Mt
SLCP Forward lower,Aviation,2001,WTW,h2o,0.0005394248689493,Mt
SLCP Forward lower,Aviation,2002,WTW,h2o,0.0005405157493924,Mt
SLCP Forward lower,Aviation,2003,WTW,h2o,0.0005401771111506,Mt
SLCP Forward lower,Aviation,2004,WTW,h2o,0.0005741572614448,Mt
SLCP Forward lower,Aviation,2005,WTW,h2o,0.0006023753915788,Mt
SLCP Forward lower,Aviation,2006,WTW,h2o,0.0006093989038153,Mt
SLCP Forward lower,Aviation,2007,WTW,h2o,0.0006270959832306,Mt
SLCP Forward lower,Aviation,2008,WTW,h2o,0.0006241955854649,Mt
SLCP Forward lower,Aviation,2009,WTW,h2o,0.0005919293065777,Mt
SLCP Forward lower,Aviation,2010,WTW,h2o,0.000621817362698,Mt
SLCP Forward lower,Aviation,2011,WTW,h2o,0.0006402589292403,Mt
SLCP Forward lower,Aviation,2012,WTW,h2o,0.000647189380586,Mt
SLCP Forward lower,Aviation,2013,WTW,h2o,0.0006655844166829,Mt
SLCP Forward lower,Aviation,2014,WTW,h2o,0.0006865231171304,Mt
SLCP Forward lower,Aviation,2015,WTW,h2o,0.0007240163160552,Mt
SLCP Forward lower,Aviation,2016,WTW,h2o,0.0007590330612728,Mt
SLCP Forward lower,Aviation,2017,WTW,h2o,0.0008038160118879,Mt
SLCP Forward lower,Aviation,2018,WTW,h2o,0.0008456144445061,Mt
SLCP Forward lower,Aviation,2019,WTW,h2o,0.0007561344148614,Mt
SLCP Forward lower,Aviation,2020,WTW,h2o,0.0004095728080176,Mt
SLCP Forward lower,Aviation,2021,WTW,h2o,0.0004883368095495,Mt
SLCP Forward lower,Aviation,2022,WTW,h2o,0.0005986064117976,Mt
SLCP Forward lower,Aviation,2023,WTW,h2o,0.0006958816754536,Mt
SLCP Forward lower,Aviation,2024,WTW,h2o,0.00075148277953,Mt
SLCP Forward lower,Aviation,2025,WTW,h2o,0.0007998447615707,Mt
SLCP Forward lower,Aviation,2026,WTW,h2o,0.0008129150684857,Mt
SLCP Forward lower,Aviation,2027,WTW,h2o,0.0008272568941158,Mt
SLCP Forward lower,Aviation,2028,WTW,h2o,0.0008422642694502,Mt
SLCP Forward lower,Aviation,2029,WTW,h2o,0.0008576871140355,Mt
SLCP Forward lower,Aviation,2030,WTW,h2o,0.00087349383163,Mt
SLCP Forward lower,Aviation,2031,WTW,h2o,0.0008892088189686,Mt
SLCP Forward lower,Aviation,2032,WTW,h2o,0.0009052886164132,Mt
SLCP Forward lower,Aviation,2033,WTW,h2o,0.0009217597890811,Mt
SLCP Forward lower,Aviation,2034,WTW,h2o,0.0009386905685243,Mt
SLCP Forward lower,Aviation,2035,WTW,h2o,0.0009560933196162,Mt
SLCP Forward lower,Aviation,2036,WTW,h2o,0.000974005452513,Mt
SLCP Forward lower,Aviation,2037,WTW,h2o,0.0009921903691558,Mt
SLCP Forward lower,Aviation,2038,WTW,h2o,0.0010102772805357,Mt
SLCP Forward lower,Aviation,2039,WTW,h2o,0.001028252704729,Mt
SLCP Forward lower,Aviation,2040,WTW,h2o,0.0010465621999232,Mt
SLCP Forward lower,Aviation,2041,WTW,h2o,0.0010652798478537,Mt
SLCP Forward lower,Aviation,2042,WTW,h2o,0.0010841625465513,Mt
SLCP Forward lower,Aviation,2043,WTW,h2o,0.0011030475185406,Mt
SLCP Forward lower,Aviation,2044,WTW,h2o,0.0011216558774249,Mt
SLCP Forward lower,Aviation,2045,WTW,h2o,0.001139827987037,Mt
SLCP Forward lower,Aviation,2046,WTW,h2o,0.0011571251741274,Mt
SLCP Forward lower,Aviation,2047,WTW,h2o,0.0011738346621486,Mt
SLCP Forward lower,Aviation,2048,WTW,h2o,0.0011900079144181,Mt
SLCP Forward lower,Aviation,2049,WTW,h2o,0.0012064879796179,Mt
SLCP Forward lower,Aviation,2050,WTW,h2o,0.0012238587489918,Mt
SLCP Forward upper,Aviation,1940,WTW,h2o,9.14778137075572e-05,Mt
SLCP Forward upper,Aviation,1941,WTW,h2o,9.860595503541884e-05,Mt
SLCP Forward upper,Aviation,1942,WTW,h2o,0.0001069221199179,Mt
SLCP Forward upper,Aviation,1943,WTW,h2o,0.0001152382848004,Mt
SLCP Forward upper,Aviation,1944,WTW,h2o,0.0001247424732375,Mt
SLCP Forward upper,Aviation,1945,WTW,h2o,0.0001342466616747,Mt
SLCP Forward upper,Aviation,1946,WTW,h2o,0.0001461268972211,Mt
SLCP Forward upper,Aviation,1947,WTW,h2o,0.0001568191092129,Mt
SLCP Forward upper,Aviation,1948,WTW,h2o,0.000169887368314,Mt
SLCP Forward upper,Aviation,1949,WTW,h2o,0.0001829556274151,Mt
SLCP Forward upper,Aviation,1950,WTW,h2o,0.0001983999336254,Mt
SLCP Forward upper,Aviation,1951,WTW,h2o,0.0002138442398358,Mt
SLCP Forward upper,Aviation,1952,WTW,h2o,0.0002304765696008,Mt
SLCP Forward upper,Aviation,1953,WTW,h2o,0.0002494849464751,Mt
SLCP Forward upper,Aviation,1954,WTW,h2o,0.000269681346904,Mt
SLCP Forward upper,Aviation,1955,WTW,h2o,0.0002910657708876,Mt
SLCP Forward upper,Aviation,1956,WTW,h2o,0.0003148262419805,Mt
SLCP Forward upper,Aviation,1957,WTW,h2o,0.000339774736628,Mt
SLCP Forward upper,Aviation,1958,WTW,h2o,0.0003670992783848,Mt
SLCP Forward upper,Aviation,1959,WTW,h2o,0.0003956118436963,Mt
SLCP Forward upper,Aviation,1960,WTW,h2o,0.0004276884796716,Mt
SLCP Forward upper,Aviation,1961,WTW,h2o,0.0004692693040842,Mt
SLCP Forward upper,Aviation,1962,WTW,h2o,0.0005167902462699,Mt
SLCP Forward upper,Aviation,1963,WTW,h2o,0.0005453028115814,Mt
SLCP Forward upper,Aviation,1964,WTW,h2o,0.0005702513062289,Mt
SLCP Forward upper,Aviation,1965,WTW,h2o,0.0006094560835321,Mt
SLCP Forward upper,Aviation,1966,WTW,h2o,0.0006605410963818,Mt
SLCP Forward upper,Aviation,1967,WTW,h2o,0.0007793434518462,Mt
SLCP Forward upper,Aviation,1968,WTW,h2o,0.0008827015011001,Mt
SLCP Forward upper,Aviation,1969,WTW,h2o,0.0009242823255127,Mt
SLCP Forward upper,Aviation,1970,WTW,h2o,0.000926658372622,Mt
SLCP Forward upper,Aviation,1971,WTW,h2o,0.0010692211991792,Mt
SLCP Forward upper,Aviation,1972,WTW,h2o,0.0011405026124578,Mt
SLCP Forward upper,Aviation,1973,WTW,h2o,0.0011808954133157,Mt
SLCP Forward upper,Aviation,1974,WTW,h2o,0.0011405026124578,Mt
SLCP Forward upper,Aviation,1975,WTW,h2o,0.0011416906360125,Mt
SLCP Forward upper,Aviation,1976,WTW,h2o,0.0011452547066764,Mt
SLCP Forward upper,Aviation,1977,WTW,h2o,0.0012129720492911,Mt
SLCP Forward upper,Aviation,1978,WTW,h2o,0.0012557408972582,Mt
SLCP Forward upper,Aviation,1979,WTW,h2o,0.0013080139336626,Mt
SLCP Forward upper,Aviation,1980,WTW,h2o,0.0013175181220997,Mt
SLCP Forward upper,Aviation,1981,WTW,h2o,0.0012985097452254,Mt
SLCP Forward upper,Aviation,1982,WTW,h2o,0.0013127660278811,Mt
SLCP Forward upper,Aviation,1983,WTW,h2o,0.0013305863812008,Mt
SLCP Forward upper,Aviation,1984,WTW,h2o,0.0014196881477991,Mt
SLCP Forward upper,Aviation,1985,WTW,h2o,0.0014660210664302,Mt
SLCP Forward upper,Aviation,1986,WTW,h2o,0.001543242597482,Mt
SLCP Forward upper,Aviation,1987,WTW,h2o,0.0016109599400967,Mt
SLCP Forward upper,Aviation,1988,WTW,h2o,0.001679865306266,Mt
SLCP Forward upper,Aviation,1989,WTW,h2o,0.0017404545075528,Mt
SLCP Forward upper,Aviation,1990,WTW,h2o,0.0017770330399862,Mt
SLCP Forward upper,Aviation,1991,WTW,h2o,0.0017185304832707,Mt
SLCP Forward upper,Aviation,1992,WTW,h2o,0.001722515114273,Mt
SLCP Forward upper,Aviation,1993,WTW,h2o,0.0017319147566373,Mt
SLCP Forward upper,Aviation,1994,WTW,h2o,0.0018145294394178,Mt
SLCP Forward upper,Aviation,1995,WTW,h2o,0.0018587077585302,Mt
SLCP Forward upper,Aviation,1996,WTW,h2o,0.0019428345576911,Mt
SLCP Forward upper,Aviation,1997,WTW,h2o,0.002001991002571,Mt
SLCP Forward upper,Aviation,1998,WTW,h2o,0.0020414695005012,Mt
SLCP Forward upper,Aviation,1999,WTW,h2o,0.0021073180820645,Mt
SLCP Forward upper,Aviation,2000,WTW,h2o,0.0022164561035165,Mt
SLCP Forward upper,Aviation,2001,WTW,h2o,0.002132012577276,Mt
SLCP Forward upper,Aviation,2002,WTW,h2o,0.0021363241523605,Mt
SLCP Forward upper,Aviation,2003,WTW,h2o,0.0021349857250238,Mt
SLCP Forward upper,Aviation,2004,WTW,h2o,0.0022692882238056,Mt
SLCP Forward upper,Aviation,2005,WTW,h2o,0.002380817023859,Mt
SLCP Forward upper,Aviation,2006,WTW,h2o,0.0024085766198416,Mt
SLCP Forward upper,Aviation,2007,WTW,h2o,0.0024785222194353,Mt
SLCP Forward upper,Aviation,2008,WTW,h2o,0.0024670587425519,Mt
SLCP Forward upper,Aviation,2009,WTW,h2o,0.0023395301164739,Mt
SLCP Forward upper,Aviation,2010,WTW,h2o,0.0024576591001875,Mt
SLCP Forward upper,Aviation,2011,WTW,h2o,0.0025305471965214,Mt
SLCP Forward upper,Aviation,2012,WTW,h2o,0.0025579389804114,Mt
SLCP Forward upper,Aviation,2013,WTW,h2o,0.0026306431706991,Mt
SLCP Forward upper,Aviation,2014,WTW,h2o,0.0027134008915156,Mt
SLCP Forward upper,Aviation,2015,WTW,h2o,0.0028615882967899,Mt
SLCP Forward upper,Aviation,2016,WTW,h2o,0.0029999878136022,Mt
SLCP Forward upper,Aviation,2017,WTW,h2o,0.0031769870946048,Mt
SLCP Forward upper,Aviation,2018,WTW,h2o,0.0033421904235242,Mt
SLCP Forward upper,Aviation,2019,WTW,h2o,0.002988531258738,Mt
SLCP Forward upper,Aviation,2020,WTW,h2o,0.001618787765022,Mt
SLCP Forward upper,Aviation,2021,WTW,h2o,0.00193009310441,Mt
SLCP Forward upper,Aviation,2022,WTW,h2o,0.002365920579962,Mt
SLCP Forward upper,Aviation,2023,WTW,h2o,0.0027503894791741,Mt
SLCP Forward upper,Aviation,2024,WTW,h2o,0.0029701462238568,Mt
SLCP Forward upper,Aviation,2025,WTW,h2o,0.0031612912004937,Mt
SLCP Forward upper,Aviation,2026,WTW,h2o,0.0032129500325866,Mt
SLCP Forward upper,Aviation,2027,WTW,h2o,0.0032696343910291,Mt
SLCP Forward upper,Aviation,2028,WTW,h2o,0.003328949255446,Mt
SLCP Forward upper,Aviation,2029,WTW,h2o,0.0033899062126166,Mt
SLCP Forward upper,Aviation,2030,WTW,h2o,0.0034523803821568,Mt
SLCP Forward upper,Aviation,2031,WTW,h2o,0.0035144919987808,Mt
SLCP Forward upper,Aviation,2032,WTW,h2o,0.003578045483919,Mt
SLCP Forward upper,Aviation,2033,WTW,h2o,0.003643145833035,Mt
SLCP Forward upper,Aviation,2034,WTW,h2o,0.0037100627232154,Mt
SLCP Forward upper,Aviation,2035,WTW,h2o,0.0037788450251499,Mt
SLCP Forward upper,Aviation,2036,WTW,h2o,0.0038496405980278,Mt
SLCP Forward upper,Aviation,2037,WTW,h2o,0.0039215143161872,Mt
SLCP Forward upper,Aviation,2038,WTW,h2o,0.0039930006802127,Mt
SLCP Forward upper,Aviation,2039,WTW,h2o,0.0040640464044053,Mt
SLCP Forward upper,Aviation,2040,WTW,h2o,0.0041364125044584,Mt
SLCP Forward upper,Aviation,2041,WTW,h2o,0.0042103917796123,Mt
SLCP Forward upper,Aviation,2042,WTW,h2o,0.0042850233982745,Mt
SLCP Forward upper,Aviation,2043,WTW,h2o,0.0043596640018512,Mt
SLCP Forward upper,Aviation,2044,WTW,h2o,0.0044332113250604,Mt
SLCP Forward upper,Aviation,2045,WTW,h2o,0.004505034424956,Mt
SLCP Forward upper,Aviation,2046,WTW,h2o,0.0045733994977416,Mt
SLCP Forward upper,Aviation,2047,WTW,h2o,0.0046394417599207,Mt
SLCP Forward upper,Aviation,2048,WTW,h2o,0.0047033646141289,Mt
SLCP Forward upper,Aviation,2049,WTW,h2o,0.0047685001099185,Mt
SLCP Forward upper,Aviation,2050,WTW,h2o,0.0048371560079201,Mt
Current Commitments,Aviation,1940,WTW,sox,0.0107441860465116,Mt
Current Commitments,Aviation,1941,WTW,sox,0.0115813953488372,Mt
Current Commitments,Aviation,1942,WTW,sox,0.0125581395348837,Mt
Current Commitments,Aviation,1943,WTW,sox,0.0135348837209302,Mt
Current Commitments,Aviation,1944,WTW,sox,0.0146511627906976,Mt
Current Commitments,Aviation,1945,WTW,sox,0.0157674418604651,Mt
Current Commitments,Aviation,1946,WTW,sox,0.0171627906976744,Mt
Current Commitments,Aviation,1947,WTW,sox,0.0184186046511627,Mt
Current Commitments,Aviation,1948,WTW,sox,0.019953488372093,Mt
Current Commitments,Aviation,1949,WTW,sox,0.0214883720930232,Mt
Current Commitments,Aviation,1950,WTW,sox,0.0233023255813953,Mt
Current Commitments,Aviation,1951,WTW,sox,0.0251162790697674,Mt
Current Commitments,Aviation,1952,WTW,sox,0.0270697674418604,Mt
Current Commitments,Aviation,1953,WTW,sox,0.0293023255813953,Mt
Current Commitments,Aviation,1954,WTW,sox,0.0316744186046511,Mt
Current Commitments,Aviation,1955,WTW,sox,0.0341860465116279,Mt
Current Commitments,Aviation,1956,WTW,sox,0.0369767441860465,Mt
Current Commitments,Aviation,1957,WTW,sox,0.039906976744186,Mt
Current Commitments,Aviation,1958,WTW,sox,0.0431162790697674,Mt
Current Commitments,Aviation,1959,WTW,sox,0.0464651162790697,Mt
Current Commitments,Aviation,1960,WTW,sox,0.0502325581395348,Mt
Current Commitments,Aviation,1961,WTW,sox,0.0551162790697674,Mt
Current Commitments,Aviation,1962,WTW,sox,0.0606976744186046,Mt
Current Commitments,Aviation,1963,WTW,sox,0.0640465116279069,Mt
Current Commitments,Aviation,1964,WTW,sox,0.0669767441860465,Mt
Current Commitments,Aviation,1965,WTW,sox,0.0715813953488372,Mt
Current Commitments,Aviation,1966,WTW,sox,0.0775813953488372,Mt
Current Commitments,Aviation,1967,WTW,sox,0.0915348837209302,Mt
Current Commitments,Aviation,1968,WTW,sox,0.1036744186046511,Mt
Current Commitments,Aviation,1969,WTW,sox,0.1085581395348837,Mt
Current Commitments,Aviation,1970,WTW,sox,0.1088372093023255,Mt
Current Commitments,Aviation,1971,WTW,sox,0.1255813953488372,Mt
Current Commitments,Aviation,1972,WTW,sox,0.133953488372093,Mt
Current Commitments,Aviation,1973,WTW,sox,0.1386976744186046,Mt
Current Commitments,Aviation,1974,WTW,sox,0.133953488372093,Mt
Current Commitments,Aviation,1975,WTW,sox,0.1340930232558139,Mt
Current Commitments,Aviation,1976,WTW,sox,0.1345116279069768,Mt
Current Commitments,Aviation,1977,WTW,sox,0.1424651162790697,Mt
Current Commitments,Aviation,1978,WTW,sox,0.1474883720930233,Mt
Current Commitments,Aviation,1979,WTW,sox,0.1536279069767442,Mt
Current Commitments,Aviation,1980,WTW,sox,0.1547441860465116,Mt
Current Commitments,Aviation,1981,WTW,sox,0.1525116279069767,Mt
Current Commitments,Aviation,1982,WTW,sox,0.1541860465116279,Mt
Current Commitments,Aviation,1983,WTW,sox,0.1562790697674418,Mt
Current Commitments,Aviation,1984,WTW,sox,0.1667441860465116,Mt
Current Commitments,Aviation,1985,WTW,sox,0.1721860465116279,Mt
Current Commitments,Aviation,1986,WTW,sox,0.1812558139534884,Mt
Current Commitments,Aviation,1987,WTW,sox,0.1892093023255814,Mt
Current Commitments,Aviation,1988,WTW,sox,0.1973023255813953,Mt
Current Commitments,Aviation,1989,WTW,sox,0.2044186046511628,Mt
Current Commitments,Aviation,1990,WTW,sox,0.2087148,Mt
Current Commitments,Aviation,1991,WTW,sox,0.2018436,Mt
Current Commitments,Aviation,1992,WTW,sox,0.2023116,Mt
Current Commitments,Aviation,1993,WTW,sox,0.2034156,Mt
Current Commitments,Aviation,1994,WTW,sox,0.2131188,Mt
Current Commitments,Aviation,1995,WTW,sox,0.2183076,Mt
Current Commitments,Aviation,1996,WTW,sox,0.2281884,Mt
Current Commitments,Aviation,1997,WTW,sox,0.2351364,Mt
Current Commitments,Aviation,1998,WTW,sox,0.2397732,Mt
Current Commitments,Aviation,1999,WTW,sox,0.2475072,Mt
Current Commitments,Aviation,2000,WTW,sox,0.2603256,Mt
Current Commitments,Aviation,2001,WTW,sox,0.2504076,Mt
Current Commitments,Aviation,2002,WTW,sox,0.250914,Mt
Current Commitments,Aviation,2003,WTW,sox,0.2507568,Mt
Current Commitments,Aviation,2004,WTW,sox,0.2665308,Mt
Current Commitments,Aviation,2005,WTW,sox,0.27963,Mt
Current Commitments,Aviation,2006,WTW,sox,0.2828904,Mt
Current Commitments,Aviation,2007,WTW,sox,0.2911056,Mt
Current Commitments,Aviation,2008,WTW,sox,0.2897592,Mt
Current Commitments,Aviation,2009,WTW,sox,0.2747808,Mt
Current Commitments,Aviation,2010,WTW,sox,0.2886552,Mt
Current Commitments,Aviation,2011,WTW,sox,0.297216,Mt
Current Commitments,Aviation,2012,WTW,sox,0.3004332,Mt
Current Commitments,Aviation,2013,WTW,sox,0.3089724,Mt
Current Commitments,Aviation,2014,WTW,sox,0.3186924,Mt
Current Commitments,Aviation,2015,WTW,sox,0.3360972,Mt
Current Commitments,Aviation,2016,WTW,sox,0.3523524,Mt
Current Commitments,Aviation,2017,WTW,sox,0.3731411916,Mt
Current Commitments,Aviation,2018,WTW,sox,0.3925445335632,Mt
Current Commitments,Aviation,2019,WTW,sox,0.351006813,Mt
Current Commitments,Aviation,2020,WTW,sox,0.19012869036,Mt
Current Commitments,Aviation,2021,WTW,sox,0.22669190004,Mt
Current Commitments,Aviation,2022,WTW,sox,0.27788039364,Mt
Current Commitments,Aviation,2023,WTW,sox,0.3230367568587177,Mt
Current Commitments,Aviation,2024,WTW,sox,0.3478010332180216,Mt
Current Commitments,Aviation,2025,WTW,sox,0.3695590751156689,Mt
Current Commitments,Aviation,2026,WTW,sox,0.3744667761818612,Mt
Current Commitments,Aviation,2027,WTW,sox,0.3799368903871589,Mt
Current Commitments,Aviation,2028,WTW,sox,0.3856430237038352,Mt
Current Commitments,Aviation,2029,WTW,sox,0.3914651592970609,Mt
Current Commitments,Aviation,2030,WTW,sox,0.3974341635262357,Mt
Current Commitments,Aviation,2031,WTW,sox,0.4029372664674194,Mt
Current Commitments,Aviation,2032,WTW,sox,0.4085675605344699,Mt
Current Commitments,Aviation,2033,WTW,sox,0.4143331311098908,Mt
Current Commitments,Aviation,2034,WTW,sox,0.4202537984358143,Mt
Current Commitments,Aviation,2035,WTW,sox,0.426279691332687,Mt
Current Commitments,Aviation,2036,WTW,sox,0.4323852147859366,Mt
Current Commitments,Aviation,2037,WTW,sox,0.4384150180723817,Mt
Current Commitments,Aviation,2038,WTW,sox,0.444263878529652,Mt
Current Commitments,Aviation,2039,WTW,sox,0.4499265953922775,Mt
Current Commitments,Aviation,2040,WTW,sox,0.4556827566389232,Mt
Current Commitments,Aviation,2041,WTW,sox,0.4618179536203473,Mt
Current Commitments,Aviation,2042,WTW,sox,0.4680002377874111,Mt
Current Commitments,Aviation,2043,WTW,sox,0.4741519066395503,Mt
Current Commitments,Aviation,2044,WTW,sox,0.4801701746982854,Mt
Current Commitments,Aviation,2045,WTW,sox,0.4860168108302716,Mt
Current Commitments,Aviation,2046,WTW,sox,0.4915189322497124,Mt
Current Commitments,Aviation,2047,WTW,sox,0.4967937653027569,Mt
Current Commitments,Aviation,2048,WTW,sox,0.5018514852393609,Mt
Current Commitments,Aviation,2049,WTW,sox,0.507037436367497,Mt
Current Commitments,Aviation,2050,WTW,sox,0.5125866191289611,Mt
Current Commitments lower,Aviation,1940,WTW,sox,0.0107441860465116,Mt
Current Commitments lower,Aviation,1941,WTW,sox,0.0115813953488372,Mt
Current Commitments lower,Aviation,1942,WTW,sox,0.0125581395348837,Mt
Current Commitments lower,Aviation,1943,WTW,sox,0.0135348837209302,Mt
Current Commitments lower,Aviation,1944,WTW,sox,0.0146511627906976,Mt
Current Commitments lower,Aviation,1945,WTW,sox,0.0157674418604651,Mt
Current Commitments lower,Aviation,1946,WTW,sox,0.0171627906976744,Mt
Current Commitments lower,Aviation,1947,WTW,sox,0.0184186046511627,Mt
Current Commitments lower,Aviation,1948,WTW,sox,0.019953488372093,Mt
Current Commitments lower,Aviation,1949,WTW,sox,0.0214883720930232,Mt
Current Commitments lower,Aviation,1950,WTW,sox,0.0233023255813953,Mt
Current Commitments lower,Aviation,1951,WTW,sox,0.0251162790697674,Mt
Current Commitments lower,Aviation,1952,WTW,sox,0.0270697674418604,Mt
Current Commitments lower,Aviation,1953,WTW,sox,0.0293023255813953,Mt
Current Commitments lower,Aviation,1954,WTW,sox,0.0316744186046511,Mt
Current Commitments lower,Aviation,1955,WTW,sox,0.0341860465116279,Mt
Current Commitments lower,Aviation,1956,WTW,sox,0.0369767441860465,Mt
Current Commitments lower,Aviation,1957,WTW,sox,0.039906976744186,Mt
Current Commitments lower,Aviation,1958,WTW,sox,0.0431162790697674,Mt
Current Commitments lower,Aviation,1959,WTW,sox,0.0464651162790697,Mt
Current Commitments lower,Aviation,1960,WTW,sox,0.0502325581395348,Mt
Current Commitments lower,Aviation,1961,WTW,sox,0.0551162790697674,Mt
Current Commitments lower,Aviation,1962,WTW,sox,0.0606976744186046,Mt
Current Commitments lower,Aviation,1963,WTW,sox,0.0640465116279069,Mt
Current Commitments lower,Aviation,1964,WTW,sox,0.0669767441860465,Mt
Current Commitments lower,Aviation,1965,WTW,sox,0.0715813953488372,Mt
Current Commitments lower,Aviation,1966,WTW,sox,0.0775813953488372,Mt
Current Commitments lower,Aviation,1967,WTW,sox,0.0915348837209302,Mt
Current Commitments lower,Aviation,1968,WTW,sox,0.1036744186046511,Mt
Current Commitments lower,Aviation,1969,WTW,sox,0.1085581395348837,Mt
Current Commitments lower,Aviation,1970,WTW,sox,0.1088372093023255,Mt
Current Commitments lower,Aviation,1971,WTW,sox,0.1255813953488372,Mt
Current Commitments lower,Aviation,1972,WTW,sox,0.133953488372093,Mt
Current Commitments lower,Aviation,1973,WTW,sox,0.1386976744186046,Mt
Current Commitments lower,Aviation,1974,WTW,sox,0.133953488372093,Mt
Current Commitments lower,Aviation,1975,WTW,sox,0.1340930232558139,Mt
Current Commitments lower,Aviation,1976,WTW,sox,0.1345116279069768,Mt
Current Commitments lower,Aviation,1977,WTW,sox,0.1424651162790697,Mt
Current Commitments lower,Aviation,1978,WTW,sox,0.1474883720930233,Mt
Current Commitments lower,Aviation,1979,WTW,sox,0.1536279069767442,Mt
Current Commitments lower,Aviation,1980,WTW,sox,0.1547441860465116,Mt
Current Commitments lower,Aviation,1981,WTW,sox,0.1525116279069767,Mt
Current Commitments lower,Aviation,1982,WTW,sox,0.1541860465116279,Mt
Current Commitments lower,Aviation,1983,WTW,sox,0.1562790697674418,Mt
Current Commitments lower,Aviation,1984,WTW,sox,0.1667441860465116,Mt
Current Commitments lower,Aviation,1985,WTW,sox,0.1721860465116279,Mt
Current Commitments lower,Aviation,1986,WTW,sox,0.1812558139534884,Mt
Current Commitments lower,Aviation,1987,WTW,sox,0.1892093023255814,Mt
Current Commitments lower,Aviation,1988,WTW,sox,0.1973023255813953,Mt
Current Commitments lower,Aviation,1989,WTW,sox,0.2044186046511628,Mt
Current Commitments lower,Aviation,1990,WTW,sox,0.2087148,Mt
Current Commitments lower,Aviation,1991,WTW,sox,0.2018436,Mt
Current Commitments lower,Aviation,1992,WTW,sox,0.2023116,Mt
Current Commitments lower,Aviation,1993,WTW,sox,0.2034156,Mt
Current Commitments lower,Aviation,1994,WTW,sox,0.2131188,Mt
Current Commitments lower,Aviation,1995,WTW,sox,0.2183076,Mt
Current Commitments lower,Aviation,1996,WTW,sox,0.2281884,Mt
Current Commitments lower,Aviation,1997,WTW,sox,0.2351364,Mt
Current Commitments lower,Aviation,1998,WTW,sox,0.2397732,Mt
Current Commitments lower,Aviation,1999,WTW,sox,0.2475072,Mt
Current Commitments lower,Aviation,2000,WTW,sox,0.2603256,Mt
Current Commitments lower,Aviation,2001,WTW,sox,0.2504076,Mt
Current Commitments lower,Aviation,2002,WTW,sox,0.250914,Mt
Current Commitments lower,Aviation,2003,WTW,sox,0.2507568,Mt
Current Commitments lower,Aviation,2004,WTW,sox,0.2665308,Mt
Current Commitments lower,Aviation,2005,WTW,sox,0.27963,Mt
Current Commitments lower,Aviation,2006,WTW,sox,0.2828904,Mt
Current Commitments lower,Aviation,2007,WTW,sox,0.2911056,Mt
Current Commitments lower,Aviation,2008,WTW,sox,0.2897592,Mt
Current Commitments lower,Aviation,2009,WTW,sox,0.2747808,Mt
Current Commitments lower,Aviation,2010,WTW,sox,0.2886552,Mt
Current Commitments lower,Aviation,2011,WTW,sox,0.297216,Mt
Current Commitments lower,Aviation,2012,WTW,sox,0.3004332,Mt
Current Commitments lower,Aviation,2013,WTW,sox,0.3089724,Mt
Current Commitments lower,Aviation,2014,WTW,sox,0.3186924,Mt
Current Commitments lower,Aviation,2015,WTW,sox,0.3360972,Mt
Current Commitments lower,Aviation,2016,WTW,sox,0.3523524,Mt
Current Commitments lower,Aviation,2017,WTW,sox,0.3731411916,Mt
Current Commitments lower,Aviation,2018,WTW,sox,0.3925445335632,Mt
Current Commitments lower,Aviation,2019,WTW,sox,0.351006813,Mt
Current Commitments lower,Aviation,2020,WTW,sox,0.19012869036,Mt
Current Commitments lower,Aviation,2021,WTW,sox,0.22669190004,Mt
Current Commitments lower,Aviation,2022,WTW,sox,0.27788039364,Mt
Current Commitments lower,Aviation,2023,WTW,sox,0.3230367568587177,Mt
Current Commitments lower,Aviation,2024,WTW,sox,0.3478010332180216,Mt
Current Commitments lower,Aviation,2025,WTW,sox,0.3695590751156689,Mt
Current Commitments lower,Aviation,2026,WTW,sox,0.3744667761818612,Mt
Current Commitments lower,Aviation,2027,WTW,sox,0.3799368903871589,Mt
Current Commitments lower,Aviation,2028,WTW,sox,0.3856430237038352,Mt
Current Commitments lower,Aviation,2029,WTW,sox,0.3914651592970609,Mt
Current Commitments lower,Aviation,2030,WTW,sox,0.3974341635262357,Mt
Current Commitments lower,Aviation,2031,WTW,sox,0.4029372664674194,Mt
Current Commitments lower,Aviation,2032,WTW,sox,0.4085675605344699,Mt
Current Commitments lower,Aviation,2033,WTW,sox,0.4143331311098908,Mt
Current Commitments lower,Aviation,2034,WTW,sox,0.4202537984358143,Mt
Current Commitments lower,Aviation,2035,WTW,sox,0.426279691332687,Mt
Current Commitments lower,Aviation,2036,WTW,sox,0.4323852147859366,Mt
Current Commitments lower,Aviation,2037,WTW,sox,0.4384150180723817,Mt
Current Commitments lower,Aviation,2038,WTW,sox,0.444263878529652,Mt
Current Commitments lower,Aviation,2039,WTW,sox,0.4499265953922775,Mt
Current Commitments lower,Aviation,2040,WTW,sox,0.4556827566389232,Mt
Current Commitments lower,Aviation,2041,WTW,sox,0.4618179536203473,Mt
Current Commitments lower,Aviation,2042,WTW,sox,0.4680002377874111,Mt
Current Commitments lower,Aviation,2043,WTW,sox,0.4741519066395503,Mt
Current Commitments lower,Aviation,2044,WTW,sox,0.4801701746982854,Mt
Current Commitments lower,Aviation,2045,WTW,sox,0.4860168108302716,Mt
Current Commitments lower,Aviation,2046,WTW,sox,0.4915189322497124,Mt
Current Commitments lower,Aviation,2047,WTW,sox,0.4967937653027569,Mt
Current Commitments lower,Aviation,2048,WTW,sox,0.5018514852393609,Mt
Current Commitments lower,Aviation,2049,WTW,sox,0.507037436367497,Mt
Current Commitments lower,Aviation,2050,WTW,sox,0.5125866191289611,Mt
Current Commitments upper,Aviation,1940,WTW,sox,0.0107441860465116,Mt
Current Commitments upper,Aviation,1941,WTW,sox,0.0115813953488372,Mt
Current Commitments upper,Aviation,1942,WTW,sox,0.0125581395348837,Mt
Current Commitments upper,Aviation,1943,WTW,sox,0.0135348837209302,Mt
Current Commitments upper,Aviation,1944,WTW,sox,0.0146511627906976,Mt
Current Commitments upper,Aviation,1945,WTW,sox,0.0157674418604651,Mt
Current Commitments upper,Aviation,1946,WTW,sox,0.0171627906976744,Mt
Current Commitments upper,Aviation,1947,WTW,sox,0.0184186046511627,Mt
Current Commitments upper,Aviation,1948,WTW,sox,0.019953488372093,Mt
Current Commitments upper,Aviation,1949,WTW,sox,0.0214883720930232,Mt
Current Commitments upper,Aviation,1950,WTW,sox,0.0233023255813953,Mt
Current Commitments upper,Aviation,1951,WTW,sox,0.0251162790697674,Mt
Current Commitments upper,Aviation,1952,WTW,sox,0.0270697674418604,Mt
Current Commitments upper,Aviation,1953,WTW,sox,0.0293023255813953,Mt
Current Commitments upper,Aviation,1954,WTW,sox,0.0316744186046511,Mt
Current Commitments upper,Aviation,1955,WTW,sox,0.0341860465116279,Mt
Current Commitments upper,Aviation,1956,WTW,sox,0.0369767441860465,Mt
Current Commitments upper,Aviation,1957,WTW,sox,0.039906976744186,Mt
Current Commitments upper,Aviation,1958,WTW,sox,0.0431162790697674,Mt
Current Commitments upper,Aviation,1959,WTW,sox,0.0464651162790697,Mt
Current Commitments upper,Aviation,1960,WTW,sox,0.0502325581395348,Mt
Current Commitments upper,Aviation,1961,WTW,sox,0.0551162790697674,Mt
Current Commitments upper,Aviation,1962,WTW,sox,0.0606976744186046,Mt
Current Commitments upper,Aviation,1963,WTW,sox,0.0640465116279069,Mt
Current Commitments upper,Aviation,1964,WTW,sox,0.0669767441860465,Mt
Current Commitments upper,Aviation,1965,WTW,sox,0.0715813953488372,Mt
Current Commitments upper,Aviation,1966,WTW,sox,0.0775813953488372,Mt
Current Commitments upper,Aviation,1967,WTW,sox,0.0915348837209302,Mt
Current Commitments upper,Aviation,1968,WTW,sox,0.1036744186046511,Mt
Current Commitments upper,Aviation,1969,WTW,sox,0.1085581395348837,Mt
Current Commitments upper,Aviation,1970,WTW,sox,0.1088372093023255,Mt
Current Commitments upper,Aviation,1971,WTW,sox,0.1255813953488372,Mt
Current Commitments upper,Aviation,1972,WTW,sox,0.133953488372093,Mt
Current Commitments upper,Aviation,1973,WTW,sox,0.1386976744186046,Mt
Current Commitments upper,Aviation,1974,WTW,sox,0.133953488372093,Mt
Current Commitments upper,Aviation,1975,WTW,sox,0.1340930232558139,Mt
Current Commitments upper,Aviation,1976,WTW,sox,0.1345116279069768,Mt
Current Commitments upper,Aviation,1977,WTW,sox,0.1424651162790697,Mt
Current Commitments upper,Aviation,1978,WTW,sox,0.1474883720930233,Mt
Current Commitments upper,Aviation,1979,WTW,sox,0.1536279069767442,Mt
Current Commitments upper,Aviation,1980,WTW,sox,0.1547441860465116,Mt
Current Commitments upper,Aviation,1981,WTW,sox,0.1525116279069767,Mt
Current Commitments upper,Aviation,1982,WTW,sox,0.1541860465116279,Mt
Current Commitments upper,Aviation,1983,WTW,sox,0.1562790697674418,Mt
Current Commitments upper,Aviation,1984,WTW,sox,0.1667441860465116,Mt
Current Commitments upper,Aviation,1985,WTW,sox,0.1721860465116279,Mt
Current Commitments upper,Aviation,1986,WTW,sox,0.1812558139534884,Mt
Current Commitments upper,Aviation,1987,WTW,sox,0.1892093023255814,Mt
Current Commitments upper,Aviation,1988,WTW,sox,0.1973023255813953,Mt
Current Commitments upper,Aviation,1989,WTW,sox,0.2044186046511628,Mt
Current Commitments upper,Aviation,1990,WTW,sox,0.2087148,Mt
Current Commitments upper,Aviation,1991,WTW,sox,0.2018436,Mt
Current Commitments upper,Aviation,1992,WTW,sox,0.2023116,Mt
Current Commitments upper,Aviation,1993,WTW,sox,0.2034156,Mt
Current Commitments upper,Aviation,1994,WTW,sox,0.2131188,Mt
Current Commitments upper,Aviation,1995,WTW,sox,0.2183076,Mt
Current Commitments upper,Aviation,1996,WTW,sox,0.2281884,Mt
Current Commitments upper,Aviation,1997,WTW,sox,0.2351364,Mt
Current Commitments upper,Aviation,1998,WTW,sox,0.2397732,Mt
Current Commitments upper,Aviation,1999,WTW,sox,0.2475072,Mt
Current Commitments upper,Aviation,2000,WTW,sox,0.2603256,Mt
Current Commitments upper,Aviation,2001,WTW,sox,0.2504076,Mt
Current Commitments upper,Aviation,2002,WTW,sox,0.250914,Mt
Current Commitments upper,Aviation,2003,WTW,sox,0.2507568,Mt
Current Commitments upper,Aviation,2004,WTW,sox,0.2665308,Mt
Current Commitments upper,Aviation,2005,WTW,sox,0.27963,Mt
Current Commitments upper,Aviation,2006,WTW,sox,0.2828904,Mt
Current Commitments upper,Aviation,2007,WTW,sox,0.2911056,Mt
Current Commitments upper,Aviation,2008,WTW,sox,0.2897592,Mt
Current Commitments upper,Aviation,2009,WTW,sox,0.2747808,Mt
Current Commitments upper,Aviation,2010,WTW,sox,0.2886552,Mt
Current Commitments upper,Aviation,2011,WTW,sox,0.297216,Mt
Current Commitments upper,Aviation,2012,WTW,sox,0.3004332,Mt
Current Commitments upper,Aviation,2013,WTW,sox,0.3089724,Mt
Current Commitments upper,Aviation,2014,WTW,sox,0.3186924,Mt
Current Commitments upper,Aviation,2015,WTW,sox,0.3360972,Mt
Current Commitments upper,Aviation,2016,WTW,sox,0.3523524,Mt
Current Commitments upper,Aviation,2017,WTW,sox,0.3731411916,Mt
Current Commitments upper,Aviation,2018,WTW,sox,0.3925445335632,Mt
Current Commitments upper,Aviation,2019,WTW,sox,0.351006813,Mt
Current Commitments upper,Aviation,2020,WTW,sox,0.19012869036,Mt
Current Commitments upper,Aviation,2021,WTW,sox,0.22669190004,Mt
Current Commitments upper,Aviation,2022,WTW,sox,0.27788039364,Mt
Current Commitments upper,Aviation,2023,WTW,sox,0.3230367568587177,Mt
Current Commitments upper,Aviation,2024,WTW,sox,0.3478010332180216,Mt
Current Commitments upper,Aviation,2025,WTW,sox,0.3695590751156689,Mt
Current Commitments upper,Aviation,2026,WTW,sox,0.3744667761818612,Mt
Current Commitments upper,Aviation,2027,WTW,sox,0.3799368903871589,Mt
Current Commitments upper,Aviation,2028,WTW,sox,0.3856430237038352,Mt
Current Commitments upper,Aviation,2029,WTW,sox,0.3914651592970609,Mt
Current Commitments upper,Aviation,2030,WTW,sox,0.3974341635262357,Mt
Current Commitments upper,Aviation,2031,WTW,sox,0.4029372664674194,Mt
Current Commitments upper,Aviation,2032,WTW,sox,0.4085675605344699,Mt
Current Commitments upper,Aviation,2033,WTW,sox,0.4143331311098908,Mt
Current Commitments upper,Aviation,2034,WTW,sox,0.4202537984358143,Mt
Current Commitments upper,Aviation,2035,WTW,sox,0.426279691332687,Mt
Current Commitments upper,Aviation,2036,WTW,sox,0.4323852147859366,Mt
Current Commitments upper,Aviation,2037,WTW,sox,0.4384150180723817,Mt
Current Commitments upper,Aviation,2038,WTW,sox,0.444263878529652,Mt
Current Commitments upper,Aviation,2039,WTW,sox,0.4499265953922775,Mt
Current Commitments upper,Aviation,2040,WTW,sox,0.4556827566389232,Mt
Current Commitments upper,Aviation,2041,WTW,sox,0.4618179536203473,Mt
Current Commitments upper,Aviation,2042,WTW,sox,0.4680002377874111,Mt
Current Commitments upper,Aviation,2043,WTW,sox,0.4741519066395503,Mt
Current Commitments upper,Aviation,2044,WTW,sox,0.4801701746982854,Mt
Current Commitments upper,Aviation,2045,WTW,sox,0.4860168108302716,Mt
Current Commitments upper,Aviation,2046,WTW,sox,0.4915189322497124,Mt
Current Commitments upper,Aviation,2047,WTW,sox,0.4967937653027569,Mt
Current Commitments upper,Aviation,2048,WTW,sox,0.5018514852393609,Mt
Current Commitments upper,Aviation,2049,WTW,sox,0.507037436367497,Mt
Current Commitments upper,Aviation,2050,WTW,sox,0.5125866191289611,Mt
Full Breakthrough,Aviation,1940,WTW,sox,0.0107441860465116,Mt
Full Breakthrough,Aviation,1941,WTW,sox,0.0115813953488372,Mt
Full Breakthrough,Aviation,1942,WTW,sox,0.0125581395348837,Mt
Full Breakthrough,Aviation,1943,WTW,sox,0.0135348837209302,Mt
Full Breakthrough,Aviation,1944,WTW,sox,0.0146511627906976,Mt
Full Breakthrough,Aviation,1945,WTW,sox,0.0157674418604651,Mt
Full Breakthrough,Aviation,1946,WTW,sox,0.0171627906976744,Mt
Full Breakthrough,Aviation,1947,WTW,sox,0.0184186046511627,Mt
Full Breakthrough,Aviation,1948,WTW,sox,0.019953488372093,Mt
Full Breakthrough,Aviation,1949,WTW,sox,0.0214883720930232,Mt
Full Breakthrough,Aviation,1950,WTW,sox,0.0233023255813953,Mt
Full Breakthrough,Aviation,1951,WTW,sox,0.0251162790697674,Mt
Full Breakthrough,Aviation,1952,WTW,sox,0.0270697674418604,Mt
Full Breakthrough,Aviation,1953,WTW,sox,0.0293023255813953,Mt
Full Breakthrough,Aviation,1954,WTW,sox,0.0316744186046511,Mt
Full Breakthrough,Aviation,1955,WTW,sox,0.0341860465116279,Mt
Full Breakthrough,Aviation,1956,WTW,sox,0.0369767441860465,Mt
Full Breakthrough,Aviation,1957,WTW,sox,0.039906976744186,Mt
Full Breakthrough,Aviation,1958,WTW,sox,0.0431162790697674,Mt
Full Breakthrough,Aviation,1959,WTW,sox,0.0464651162790697,Mt
Full Breakthrough,Aviation,1960,WTW,sox,0.0502325581395348,Mt
Full Breakthrough,Aviation,1961,WTW,sox,0.0551162790697674,Mt
Full Breakthrough,Aviation,1962,WTW,sox,0.0606976744186046,Mt
Full Breakthrough,Aviation,1963,WTW,sox,0.0640465116279069,Mt
Full Breakthrough,Aviation,1964,WTW,sox,0.0669767441860465,Mt
Full Breakthrough,Aviation,1965,WTW,sox,0.0715813953488372,Mt
Full Breakthrough,Aviation,1966,WTW,sox,0.0775813953488372,Mt
Full Breakthrough,Aviation,1967,WTW,sox,0.0915348837209302,Mt
Full Breakthrough,Aviation,1968,WTW,sox,0.1036744186046511,Mt
Full Breakthrough,Aviation,1969,WTW,sox,0.1085581395348837,Mt
Full Breakthrough,Aviation,1970,WTW,sox,0.1088372093023255,Mt
Full Breakthrough,Aviation,1971,WTW,sox,0.1255813953488372,Mt
Full Breakthrough,Aviation,1972,WTW,sox,0.133953488372093,Mt
Full Breakthrough,Aviation,1973,WTW,sox,0.1386976744186046,Mt
Full Breakthrough,Aviation,1974,WTW,sox,0.133953488372093,Mt
Full Breakthrough,Aviation,1975,WTW,sox,0.1340930232558139,Mt
Full Breakthrough,Aviation,1976,WTW,sox,0.1345116279069768,Mt
Full Breakthrough,Aviation,1977,WTW,sox,0.1424651162790697,Mt
Full Breakthrough,Aviation,1978,WTW,sox,0.1474883720930233,Mt
Full Breakthrough,Aviation,1979,WTW,sox,0.1536279069767442,Mt
Full Breakthrough,Aviation,1980,WTW,sox,0.1547441860465116,Mt
Full Breakthrough,Aviation,1981,WTW,sox,0.1525116279069767,Mt
Full Breakthrough,Aviation,1982,WTW,sox,0.1541860465116279,Mt
Full Breakthrough,Aviation,1983,WTW,sox,0.1562790697674418,Mt
Full Breakthrough,Aviation,1984,WTW,sox,0.1667441860465116,Mt
Full Breakthrough,Aviation,1985,WTW,sox,0.1721860465116279,Mt
Full Breakthrough,Aviation,1986,WTW,sox,0.1812558139534884,Mt
Full Breakthrough,Aviation,1987,WTW,sox,0.1892093023255814,Mt
Full Breakthrough,Aviation,1988,WTW,sox,0.1973023255813953,Mt
Full Breakthrough,Aviation,1989,WTW,sox,0.2044186046511628,Mt
Full Breakthrough,Aviation,1990,WTW,sox,0.2087148,Mt
Full Breakthrough,Aviation,1991,WTW,sox,0.2018436,Mt
Full Breakthrough,Aviation,1992,WTW,sox,0.2023116,Mt
Full Breakthrough,Aviation,1993,WTW,sox,0.2034156,Mt
Full Breakthrough,Aviation,1994,WTW,sox,0.2131188,Mt
Full Breakthrough,Aviation,1995,WTW,sox,0.2183076,Mt
Full Breakthrough,Aviation,1996,WTW,sox,0.2281884,Mt
Full Breakthrough,Aviation,1997,WTW,sox,0.2351364,Mt
Full Breakthrough,Aviation,1998,WTW,sox,0.2397732,Mt
Full Breakthrough,Aviation,1999,WTW,sox,0.2475072,Mt
Full Breakthrough,Aviation,2000,WTW,sox,0.2603256,Mt
Full Breakthrough,Aviation,2001,WTW,sox,0.2504076,Mt
Full Breakthrough,Aviation,2002,WTW,sox,0.250914,Mt
Full Breakthrough,Aviation,2003,WTW,sox,0.2507568,Mt
Full Breakthrough,Aviation,2004,WTW,sox,0.2665308,Mt
Full Breakthrough,Aviation,2005,WTW,sox,0.27963,Mt
Full Breakthrough,Aviation,2006,WTW,sox,0.2828904,Mt
Full Breakthrough,Aviation,2007,WTW,sox,0.2911056,Mt
Full Breakthrough,Aviation,2008,WTW,sox,0.2897592,Mt
Full Breakthrough,Aviation,2009,WTW,sox,0.2747808,Mt
Full Breakthrough,Aviation,2010,WTW,sox,0.2886552,Mt
Full Breakthrough,Aviation,2011,WTW,sox,0.297216,Mt
Full Breakthrough,Aviation,2012,WTW,sox,0.3004332,Mt
Full Breakthrough,Aviation,2013,WTW,sox,0.3089724,Mt
Full Breakthrough,Aviation,2014,WTW,sox,0.3186924,Mt
Full Breakthrough,Aviation,2015,WTW,sox,0.3360972,Mt
Full Breakthrough,Aviation,2016,WTW,sox,0.3523524,Mt
Full Breakthrough,Aviation,2017,WTW,sox,0.3731411916,Mt
Full Breakthrough,Aviation,2018,WTW,sox,0.3925445335632,Mt
Full Breakthrough,Aviation,2019,WTW,sox,0.351006813,Mt
Full Breakthrough,Aviation,2020,WTW,sox,0.19012869036,Mt
Full Breakthrough,Aviation,2021,WTW,sox,0.22669190004,Mt
Full Breakthrough,Aviation,2022,WTW,sox,0.27788039364,Mt
Full Breakthrough,Aviation,2023,WTW,sox,0.3230367568587177,Mt
Full Breakthrough,Aviation,2024,WTW,sox,0.3478010332180216,Mt
Full Breakthrough,Aviation,2025,WTW,sox,0.3628115854381908,Mt
Full Breakthrough,Aviation,2026,WTW,sox,0.3636730488321875,Mt
Full Breakthrough,Aviation,2027,WTW,sox,0.3571039481268669,Mt
Full Breakthrough,Aviation,2028,WTW,sox,0.350448381083148,Mt
Full Breakthrough,Aviation,2029,WTW,sox,0.3309432872328232,Mt
Full Breakthrough,Aviation,2030,WTW,sox,0.3101954370018868,Mt
Full Breakthrough,Aviation,2031,WTW,sox,0.2805188519178038,Mt
Full Breakthrough,Aviation,2032,WTW,sox,0.2424592102057845,Mt
Full Breakthrough,Aviation,2033,WTW,sox,0.2031851496423225,Mt
Full Breakthrough,Aviation,2034,WTW,sox,0.1503407047530426,Mt
Full Breakthrough,Aviation,2035,WTW,sox,0.0955853590542532,Mt
Full Breakthrough,Aviation,2036,WTW,sox,0.0614251553096932,Mt
Full Breakthrough,Aviation,2037,WTW,sox,0.0260450693313127,Mt
Full Breakthrough,Aviation,2038,WTW,sox,0.0,Mt
Full Breakthrough,Aviation,2039,WTW,sox,0.0,Mt
Full Breakthrough,Aviation,2040,WTW,sox,0.0,Mt
Full Breakthrough,Aviation,2041,WTW,sox,0.0,Mt
Full Breakthrough,Aviation,2042,WTW,sox,0.0,Mt
Full Breakthrough,Aviation,2043,WTW,sox,0.0,Mt
Full Breakthrough,Aviation,2044,WTW,sox,0.0,Mt
Full Breakthrough,Aviation,2045,WTW,sox,0.0,Mt
Full Breakthrough,Aviation,2046,WTW,sox,0.0,Mt
Full Breakthrough,Aviation,2047,WTW,sox,0.0,Mt
Full Breakthrough,Aviation,2048,WTW,sox,0.0,Mt
Full Breakthrough,Aviation,2049,WTW,sox,0.0,Mt
Full Breakthrough,Aviation,2050,WTW,sox,0.0,Mt
Full Breakthrough lower,Aviation,1940,WTW,sox,0.0107441860465116,Mt
Full Breakthrough lower,Aviation,1941,WTW,sox,0.0115813953488372,Mt
Full Breakthrough lower,Aviation,1942,WTW,sox,0.0125581395348837,Mt
Full Breakthrough lower,Aviation,1943,WTW,sox,0.0135348837209302,Mt
Full Breakthrough lower,Aviation,1944,WTW,sox,0.0146511627906976,Mt
Full Breakthrough lower,Aviation,1945,WTW,sox,0.0157674418604651,Mt
Full Breakthrough lower,Aviation,1946,WTW,sox,0.0171627906976744,Mt
Full Breakthrough lower,Aviation,1947,WTW,sox,0.0184186046511627,Mt
Full Breakthrough lower,Aviation,1948,WTW,sox,0.019953488372093,Mt
Full Breakthrough lower,Aviation,1949,WTW,sox,0.0214883720930232,Mt
Full Breakthrough lower,Aviation,1950,WTW,sox,0.0233023255813953,Mt
Full Breakthrough lower,Aviation,1951,WTW,sox,0.0251162790697674,Mt
Full Breakthrough lower,Aviation,1952,WTW,sox,0.0270697674418604,Mt
Full Breakthrough lower,Aviation,1953,WTW,sox,0.0293023255813953,Mt
Full Breakthrough lower,Aviation,1954,WTW,sox,0.0316744186046511,Mt
Full Breakthrough lower,Aviation,1955,WTW,sox,0.0341860465116279,Mt
Full Breakthrough lower,Aviation,1956,WTW,sox,0.0369767441860465,Mt
Full Breakthrough lower,Aviation,1957,WTW,sox,0.039906976744186,Mt
Full Breakthrough lower,Aviation,1958,WTW,sox,0.0431162790697674,Mt
Full Breakthrough lower,Aviation,1959,WTW,sox,0.0464651162790697,Mt
Full Breakthrough lower,Aviation,1960,WTW,sox,0.0502325581395348,Mt
Full Breakthrough lower,Aviation,1961,WTW,sox,0.0551162790697674,Mt
Full Breakthrough lower,Aviation,1962,WTW,sox,0.0606976744186046,Mt
Full Breakthrough lower,Aviation,1963,WTW,sox,0.0640465116279069,Mt
Full Breakthrough lower,Aviation,1964,WTW,sox,0.0669767441860465,Mt
Full Breakthrough lower,Aviation,1965,WTW,sox,0.0715813953488372,Mt
Full Breakthrough lower,Aviation,1966,WTW,sox,0.0775813953488372,Mt
Full Breakthrough lower,Aviation,1967,WTW,sox,0.0915348837209302,Mt
Full Breakthrough lower,Aviation,1968,WTW,sox,0.1036744186046511,Mt
Full Breakthrough lower,Aviation,1969,WTW,sox,0.1085581395348837,Mt
Full Breakthrough lower,Aviation,1970,WTW,sox,0.1088372093023255,Mt
Full Breakthrough lower,Aviation,1971,WTW,sox,0.1255813953488372,Mt
Full Breakthrough lower,Aviation,1972,WTW,sox,0.133953488372093,Mt
Full Breakthrough lower,Aviation,1973,WTW,sox,0.1386976744186046,Mt
Full Breakthrough lower,Aviation,1974,WTW,sox,0.133953488372093,Mt
Full Breakthrough lower,Aviation,1975,WTW,sox,0.1340930232558139,Mt
Full Breakthrough lower,Aviation,1976,WTW,sox,0.1345116279069768,Mt
Full Breakthrough lower,Aviation,1977,WTW,sox,0.1424651162790697,Mt
Full Breakthrough lower,Aviation,1978,WTW,sox,0.1474883720930233,Mt
Full Breakthrough lower,Aviation,1979,WTW,sox,0.1536279069767442,Mt
Full Breakthrough lower,Aviation,1980,WTW,sox,0.1547441860465116,Mt
Full Breakthrough lower,Aviation,1981,WTW,sox,0.1525116279069767,Mt
Full Breakthrough lower,Aviation,1982,WTW,sox,0.1541860465116279,Mt
Full Breakthrough lower,Aviation,1983,WTW,sox,0.1562790697674418,Mt
Full Breakthrough lower,Aviation,1984,WTW,sox,0.1667441860465116,Mt
Full Breakthrough lower,Aviation,1985,WTW,sox,0.1721860465116279,Mt
Full Breakthrough lower,Aviation,1986,WTW,sox,0.1812558139534884,Mt
Full Breakthrough lower,Aviation,1987,WTW,sox,0.1892093023255814,Mt
Full Breakthrough lower,Aviation,1988,WTW,sox,0.1973023255813953,Mt
Full Breakthrough lower,Aviation,1989,WTW,sox,0.2044186046511628,Mt
Full Breakthrough lower,Aviation,1990,WTW,sox,0.2087148,Mt
Full Breakthrough lower,Aviation,1991,WTW,sox,0.2018436,Mt
Full Breakthrough lower,Aviation,1992,WTW,sox,0.2023116,Mt
Full Breakthrough lower,Aviation,1993,WTW,sox,0.2034156,Mt
Full Breakthrough lower,Aviation,1994,WTW,sox,0.2131188,Mt
Full Breakthrough lower,Aviation,1995,WTW,sox,0.2183076,Mt
Full Breakthrough lower,Aviation,1996,WTW,sox,0.2281884,Mt
Full Breakthrough lower,Aviation,1997,WTW,sox,0.2351364,Mt
Full Breakthrough lower,Aviation,1998,WTW,sox,0.2397732,Mt
Full Breakthrough lower,Aviation,1999,WTW,sox,0.2475072,Mt
Full Breakthrough lower,Aviation,2000,WTW,sox,0.2603256,Mt
Full Breakthrough lower,Aviation,2001,WTW,sox,0.2504076,Mt
Full Breakthrough lower,Aviation,2002,WTW,sox,0.250914,Mt
Full Breakthrough lower,Aviation,2003,WTW,sox,0.2507568,Mt
Full Breakthrough lower,Aviation,2004,WTW,sox,0.2665308,Mt
Full Breakthrough lower,Aviation,2005,WTW,sox,0.27963,Mt
Full Breakthrough lower,Aviation,2006,WTW,sox,0.2828904,Mt
Full Breakthrough lower,Aviation,2007,WTW,sox,0.2911056,Mt
Full Breakthrough lower,Aviation,2008,WTW,sox,0.2897592,Mt
Full Breakthrough lower,Aviation,2009,WTW,sox,0.2747808,Mt
Full Breakthrough lower,Aviation,2010,WTW,sox,0.2886552,Mt
Full Breakthrough lower,Aviation,2011,WTW,sox,0.297216,Mt
Full Breakthrough lower,Aviation,2012,WTW,sox,0.3004332,Mt
Full Breakthrough lower,Aviation,2013,WTW,sox,0.3089724,Mt
Full Breakthrough lower,Aviation,2014,WTW,sox,0.3186924,Mt
Full Breakthrough lower,Aviation,2015,WTW,sox,0.3360972,Mt
Full Breakthrough lower,Aviation,2016,WTW,sox,0.3523524,Mt
Full Breakthrough lower,Aviation,2017,WTW,sox,0.3731411916,Mt
Full Breakthrough lower,Aviation,2018,WTW,sox,0.3925445335632,Mt
Full Breakthrough lower,Aviation,2019,WTW,sox,0.351006813,Mt
Full Breakthrough lower,Aviation,2020,WTW,sox,0.19012869036,Mt
Full Breakthrough lower,Aviation,2021,WTW,sox,0.22669190004,Mt
Full Breakthrough lower,Aviation,2022,WTW,sox,0.27788039364,Mt
Full Breakthrough lower,Aviation,2023,WTW,sox,0.3230367568587177,Mt
Full Breakthrough lower,Aviation,2024,WTW,sox,0.3478010332180216,Mt
Full Breakthrough lower,Aviation,2025,WTW,sox,0.3628115854381908,Mt
Full Breakthrough lower,Aviation,2026,WTW,sox,0.3636730488321875,Mt
Full Breakthrough lower,Aviation,2027,WTW,sox,0.3571039481268669,Mt
Full Breakthrough lower,Aviation,2028,WTW,sox,0.350448381083148,Mt
Full Breakthrough lower,Aviation,2029,WTW,sox,0.3309432872328232,Mt
Full Breakthrough lower,Aviation,2030,WTW,sox,0.3101954370018868,Mt
Full Breakthrough lower,Aviation,2031,WTW,sox,0.2805188519178038,Mt
Full Breakthrough lower,Aviation,2032,WTW,sox,0.2424592102057845,Mt
Full Breakthrough lower,Aviation,2033,WTW,sox,0.2031851496423225,Mt
Full Breakthrough lower,Aviation,2034,WTW,sox,0.1503407047530426,Mt
Full Breakthrough lower,Aviation,2035,WTW,sox,0.0955853590542532,Mt
Full Breakthrough lower,Aviation,2036,WTW,sox,0.0614251553096932,Mt
Full Breakthrough lower,Aviation,2037,WTW,sox,0.0260450693313127,Mt
Full Breakthrough lower,Aviation,2038,WTW,sox,0.0,Mt
Full Breakthrough lower,Aviation,2039,WTW,sox,0.0,Mt
Full Breakthrough lower,Aviation,2040,WTW,sox,0.0,Mt
Full Breakthrough lower,Aviation,2041,WTW,sox,0.0,Mt
Full Breakthrough lower,Aviation,2042,WTW,sox,0.0,Mt
Full Breakthrough lower,Aviation,2043,WTW,sox,0.0,Mt
Full Breakthrough lower,Aviation,2044,WTW,sox,0.0,Mt
Full Breakthrough lower,Aviation,2045,WTW,sox,0.0,Mt
Full Breakthrough lower,Aviation,2046,WTW,sox,0.0,Mt
Full Breakthrough lower,Aviation,2047,WTW,sox,0.0,Mt
Full Breakthrough lower,Aviation,2048,WTW,sox,0.0,Mt
Full Breakthrough lower,Aviation,2049,WTW,sox,0.0,Mt
Full Breakthrough lower,Aviation,2050,WTW,sox,0.0,Mt
Full Breakthrough upper,Aviation,1940,WTW,sox,0.0107441860465116,Mt
Full Breakthrough upper,Aviation,1941,WTW,sox,0.0115813953488372,Mt
Full Breakthrough upper,Aviation,1942,WTW,sox,0.0125581395348837,Mt
Full Breakthrough upper,Aviation,1943,WTW,sox,0.0135348837209302,Mt
Full Breakthrough upper,Aviation,1944,WTW,sox,0.0146511627906976,Mt
Full Breakthrough upper,Aviation,1945,WTW,sox,0.0157674418604651,Mt
Full Breakthrough upper,Aviation,1946,WTW,sox,0.0171627906976744,Mt
Full Breakthrough upper,Aviation,1947,WTW,sox,0.0184186046511627,Mt
Full Breakthrough upper,Aviation,1948,WTW,sox,0.019953488372093,Mt
Full Breakthrough upper,Aviation,1949,WTW,sox,0.0214883720930232,Mt
Full Breakthrough upper,Aviation,1950,WTW,sox,0.0233023255813953,Mt
Full Breakthrough upper,Aviation,1951,WTW,sox,0.0251162790697674,Mt
Full Breakthrough upper,Aviation,1952,WTW,sox,0.0270697674418604,Mt
Full Breakthrough upper,Aviation,1953,WTW,sox,0.0293023255813953,Mt
Full Breakthrough upper,Aviation,1954,WTW,sox,0.0316744186046511,Mt
Full Breakthrough upper,Aviation,1955,WTW,sox,0.0341860465116279,Mt
Full Breakthrough upper,Aviation,1956,WTW,sox,0.0369767441860465,Mt
Full Breakthrough upper,Aviation,1957,WTW,sox,0.039906976744186,Mt
Full Breakthrough upper,Aviation,1958,WTW,sox,0.0431162790697674,Mt
Full Breakthrough upper,Aviation,1959,WTW,sox,0.0464651162790697,Mt
Full Breakthrough upper,Aviation,1960,WTW,sox,0.0502325581395348,Mt
Full Breakthrough upper,Aviation,1961,WTW,sox,0.0551162790697674,Mt
Full Breakthrough upper,Aviation,1962,WTW,sox,0.0606976744186046,Mt
Full Breakthrough upper,Aviation,1963,WTW,sox,0.0640465116279069,Mt
Full Breakthrough upper,Aviation,1964,WTW,sox,0.0669767441860465,Mt
Full Breakthrough upper,Aviation,1965,WTW,sox,0.0715813953488372,Mt
Full Breakthrough upper,Aviation,1966,WTW,sox,0.0775813953488372,Mt
Full Breakthrough upper,Aviation,1967,WTW,sox,0.0915348837209302,Mt
Full Breakthrough upper,Aviation,1968,WTW,sox,0.1036744186046511,Mt
Full Breakthrough upper,Aviation,1969,WTW,sox,0.1085581395348837,Mt
Full Breakthrough upper,Aviation,1970,WTW,sox,0.1088372093023255,Mt
Full Breakthrough upper,Aviation,1971,WTW,sox,0.1255813953488372,Mt
Full Breakthrough upper,Aviation,1972,WTW,sox,0.133953488372093,Mt
Full Breakthrough upper,Aviation,1973,WTW,sox,0.1386976744186046,Mt
Full Breakthrough upper,Aviation,1974,WTW,sox,0.133953488372093,Mt
Full Breakthrough upper,Aviation,1975,WTW,sox,0.1340930232558139,Mt
Full Breakthrough upper,Aviation,1976,WTW,sox,0.1345116279069768,Mt
Full Breakthrough upper,Aviation,1977,WTW,sox,0.1424651162790697,Mt
Full Breakthrough upper,Aviation,1978,WTW,sox,0.1474883720930233,Mt
Full Breakthrough upper,Aviation,1979,WTW,sox,0.1536279069767442,Mt
Full Breakthrough upper,Aviation,1980,WTW,sox,0.1547441860465116,Mt
Full Breakthrough upper,Aviation,1981,WTW,sox,0.1525116279069767,Mt
Full Breakthrough upper,Aviation,1982,WTW,sox,0.1541860465116279,Mt
Full Breakthrough upper,Aviation,1983,WTW,sox,0.1562790697674418,Mt
Full Breakthrough upper,Aviation,1984,WTW,sox,0.1667441860465116,Mt
Full Breakthrough upper,Aviation,1985,WTW,sox,0.1721860465116279,Mt
Full Breakthrough upper,Aviation,1986,WTW,sox,0.1812558139534884,Mt
Full Breakthrough upper,Aviation,1987,WTW,sox,0.1892093023255814,Mt
Full Breakthrough upper,Aviation,1988,WTW,sox,0.1973023255813953,Mt
Full Breakthrough upper,Aviation,1989,WTW,sox,0.2044186046511628,Mt
Full Breakthrough upper,Aviation,1990,WTW,sox,0.2087148,Mt
Full Breakthrough upper,Aviation,1991,WTW,sox,0.2018436,Mt
Full Breakthrough upper,Aviation,1992,WTW,sox,0.2023116,Mt
Full Breakthrough upper,Aviation,1993,WTW,sox,0.2034156,Mt
Full Breakthrough upper,Aviation,1994,WTW,sox,0.2131188,Mt
Full Breakthrough upper,Aviation,1995,WTW,sox,0.2183076,Mt
Full Breakthrough upper,Aviation,1996,WTW,sox,0.2281884,Mt
Full Breakthrough upper,Aviation,1997,WTW,sox,0.2351364,Mt
Full Breakthrough upper,Aviation,1998,WTW,sox,0.2397732,Mt
Full Breakthrough upper,Aviation,1999,WTW,sox,0.2475072,Mt
Full Breakthrough upper,Aviation,2000,WTW,sox,0.2603256,Mt
Full Breakthrough upper,Aviation,2001,WTW,sox,0.2504076,Mt
Full Breakthrough upper,Aviation,2002,WTW,sox,0.250914,Mt
Full Breakthrough upper,Aviation,2003,WTW,sox,0.2507568,Mt
Full Breakthrough upper,Aviation,2004,WTW,sox,0.2665308,Mt
Full Breakthrough upper,Aviation,2005,WTW,sox,0.27963,Mt
Full Breakthrough upper,Aviation,2006,WTW,sox,0.2828904,Mt
Full Breakthrough upper,Aviation,2007,WTW,sox,0.2911056,Mt
Full Breakthrough upper,Aviation,2008,WTW,sox,0.2897592,Mt
Full Breakthrough upper,Aviation,2009,WTW,sox,0.2747808,Mt
Full Breakthrough upper,Aviation,2010,WTW,sox,0.2886552,Mt
Full Breakthrough upper,Aviation,2011,WTW,sox,0.297216,Mt
Full Breakthrough upper,Aviation,2012,WTW,sox,0.3004332,Mt
Full Breakthrough upper,Aviation,2013,WTW,sox,0.3089724,Mt
Full Breakthrough upper,Aviation,2014,WTW,sox,0.3186924,Mt
Full Breakthrough upper,Aviation,2015,WTW,sox,0.3360972,Mt
Full Breakthrough upper,Aviation,2016,WTW,sox,0.3523524,Mt
Full Breakthrough upper,Aviation,2017,WTW,sox,0.3731411916,Mt
Full Breakthrough upper,Aviation,2018,WTW,sox,0.3925445335632,Mt
Full Breakthrough upper,Aviation,2019,WTW,sox,0.351006813,Mt
Full Breakthrough upper,Aviation,2020,WTW,sox,0.19012869036,Mt
Full Breakthrough upper,Aviation,2021,WTW,sox,0.22669190004,Mt
Full Breakthrough upper,Aviation,2022,WTW,sox,0.27788039364,Mt
Full Breakthrough upper,Aviation,2023,WTW,sox,0.3230367568587177,Mt
Full Breakthrough upper,Aviation,2024,WTW,sox,0.3478010332180216,Mt
Full Breakthrough upper,Aviation,2025,WTW,sox,0.3628115854381908,Mt
Full Breakthrough upper,Aviation,2026,WTW,sox,0.3636730488321875,Mt
Full Breakthrough upper,Aviation,2027,WTW,sox,0.3571039481268669,Mt
Full Breakthrough upper,Aviation,2028,WTW,sox,0.350448381083148,Mt
Full Breakthrough upper,Aviation,2029,WTW,sox,0.3309432872328232,Mt
Full Breakthrough upper,Aviation,2030,WTW,sox,0.3101954370018868,Mt
Full Breakthrough upper,Aviation,2031,WTW,sox,0.2805188519178038,Mt
Full Breakthrough upper,Aviation,2032,WTW,sox,0.2424592102057845,Mt
Full Breakthrough upper,Aviation,2033,WTW,sox,0.2031851496423225,Mt
Full Breakthrough upper,Aviation,2034,WTW,sox,0.1503407047530426,Mt
Full Breakthrough upper,Aviation,2035,WTW,sox,0.0955853590542532,Mt
Full Breakthrough upper,Aviation,2036,WTW,sox,0.0614251553096932,Mt
Full Breakthrough upper,Aviation,2037,WTW,sox,0.0260450693313127,Mt
Full Breakthrough upper,Aviation,2038,WTW,sox,0.0,Mt
Full Breakthrough upper,Aviation,2039,WTW,sox,0.0,Mt
Full Breakthrough upper,Aviation,2040,WTW,sox,0.0,Mt
Full Breakthrough upper,Aviation,2041,WTW,sox,0.0,Mt
Full Breakthrough upper,Aviation,2042,WTW,sox,0.0,Mt
Full Breakthrough upper,Aviation,2043,WTW,sox,0.0,Mt
Full Breakthrough upper,Aviation,2044,WTW,sox,0.0,Mt
Full Breakthrough upper,Aviation,2045,WTW,sox,0.0,Mt
Full Breakthrough upper,Aviation,2046,WTW,sox,0.0,Mt
Full Breakthrough upper,Aviation,2047,WTW,sox,0.0,Mt
Full Breakthrough upper,Aviation,2048,WTW,sox,0.0,Mt
Full Breakthrough upper,Aviation,2049,WTW,sox,0.0,Mt
Full Breakthrough upper,Aviation,2050,WTW,sox,0.0,Mt
GHG Forward,Aviation,1940,WTW,sox,0.0107441860465116,Mt
GHG Forward,Aviation,1941,WTW,sox,0.0115813953488372,Mt
GHG Forward,Aviation,1942,WTW,sox,0.0125581395348837,Mt
GHG Forward,Aviation,1943,WTW,sox,0.0135348837209302,Mt
GHG Forward,Aviation,1944,WTW,sox,0.0146511627906976,Mt
GHG Forward,Aviation,1945,WTW,sox,0.0157674418604651,Mt
GHG Forward,Aviation,1946,WTW,sox,0.0171627906976744,Mt
GHG Forward,Aviation,1947,WTW,sox,0.0184186046511627,Mt
GHG Forward,Aviation,1948,WTW,sox,0.019953488372093,Mt
GHG Forward,Aviation,1949,WTW,sox,0.0214883720930232,Mt
GHG Forward,Aviation,1950,WTW,sox,0.0233023255813953,Mt
GHG Forward,Aviation,1951,WTW,sox,0.0251162790697674,Mt
GHG Forward,Aviation,1952,WTW,sox,0.0270697674418604,Mt
GHG Forward,Aviation,1953,WTW,sox,0.0293023255813953,Mt
GHG Forward,Aviation,1954,WTW,sox,0.0316744186046511,Mt
GHG Forward,Aviation,1955,WTW,sox,0.0341860465116279,Mt
GHG Forward,Aviation,1956,WTW,sox,0.0369767441860465,Mt
GHG Forward,Aviation,1957,WTW,sox,0.039906976744186,Mt
GHG Forward,Aviation,1958,WTW,sox,0.0431162790697674,Mt
GHG Forward,Aviation,1959,WTW,sox,0.0464651162790697,Mt
GHG Forward,Aviation,1960,WTW,sox,0.0502325581395348,Mt
GHG Forward,Aviation,1961,WTW,sox,0.0551162790697674,Mt
GHG Forward,Aviation,1962,WTW,sox,0.0606976744186046,Mt
GHG Forward,Aviation,1963,WTW,sox,0.0640465116279069,Mt
GHG Forward,Aviation,1964,WTW,sox,0.0669767441860465,Mt
GHG Forward,Aviation,1965,WTW,sox,0.0715813953488372,Mt
GHG Forward,Aviation,1966,WTW,sox,0.0775813953488372,Mt
GHG Forward,Aviation,1967,WTW,sox,0.0915348837209302,Mt
GHG Forward,Aviation,1968,WTW,sox,0.1036744186046511,Mt
GHG Forward,Aviation,1969,WTW,sox,0.1085581395348837,Mt
GHG Forward,Aviation,1970,WTW,sox,0.1088372093023255,Mt
GHG Forward,Aviation,1971,WTW,sox,0.1255813953488372,Mt
GHG Forward,Aviation,1972,WTW,sox,0.133953488372093,Mt
GHG Forward,Aviation,1973,WTW,sox,0.1386976744186046,Mt
GHG Forward,Aviation,1974,WTW,sox,0.133953488372093,Mt
GHG Forward,Aviation,1975,WTW,sox,0.1340930232558139,Mt
GHG Forward,Aviation,1976,WTW,sox,0.1345116279069768,Mt
GHG Forward,Aviation,1977,WTW,sox,0.1424651162790697,Mt
GHG Forward,Aviation,1978,WTW,sox,0.1474883720930233,Mt
GHG Forward,Aviation,1979,WTW,sox,0.1536279069767442,Mt
GHG Forward,Aviation,1980,WTW,sox,0.1547441860465116,Mt
GHG Forward,Aviation,1981,WTW,sox,0.1525116279069767,Mt
GHG Forward,Aviation,1982,WTW,sox,0.1541860465116279,Mt
GHG Forward,Aviation,1983,WTW,sox,0.1562790697674418,Mt
GHG Forward,Aviation,1984,WTW,sox,0.1667441860465116,Mt
GHG Forward,Aviation,1985,WTW,sox,0.1721860465116279,Mt
GHG Forward,Aviation,1986,WTW,sox,0.1812558139534884,Mt
GHG Forward,Aviation,1987,WTW,sox,0.1892093023255814,Mt
GHG Forward,Aviation,1988,WTW,sox,0.1973023255813953,Mt
GHG Forward,Aviation,1989,WTW,sox,0.2044186046511628,Mt
GHG Forward,Aviation,1990,WTW,sox,0.2087148,Mt
GHG Forward,Aviation,1991,WTW,sox,0.2018436,Mt
GHG Forward,Aviation,1992,WTW,sox,0.2023116,Mt
GHG Forward,Aviation,1993,WTW,sox,0.2034156,Mt
GHG Forward,Aviation,1994,WTW,sox,0.2131188,Mt
GHG Forward,Aviation,1995,WTW,sox,0.2183076,Mt
GHG Forward,Aviation,1996,WTW,sox,0.2281884,Mt
GHG Forward,Aviation,1997,WTW,sox,0.2351364,Mt
GHG Forward,Aviation,1998,WTW,sox,0.2397732,Mt
GHG Forward,Aviation,1999,WTW,sox,0.2475072,Mt
GHG Forward,Aviation,2000,WTW,sox,0.2603256,Mt
GHG Forward,Aviation,2001,WTW,sox,0.2504076,Mt
GHG Forward,Aviation,2002,WTW,sox,0.250914,Mt
GHG Forward,Aviation,2003,WTW,sox,0.2507568,Mt
GHG Forward,Aviation,2004,WTW,sox,0.2665308,Mt
GHG Forward,Aviation,2005,WTW,sox,0.27963,Mt
GHG Forward,Aviation,2006,WTW,sox,0.2828904,Mt
GHG Forward,Aviation,2007,WTW,sox,0.2911056,Mt
GHG Forward,Aviation,2008,WTW,sox,0.2897592,Mt
GHG Forward,Aviation,2009,WTW,sox,0.2747808,Mt
GHG Forward,Aviation,2010,WTW,sox,0.2886552,Mt
GHG Forward,Aviation,2011,WTW,sox,0.297216,Mt
GHG Forward,Aviation,2012,WTW,sox,0.3004332,Mt
GHG Forward,Aviation,2013,WTW,sox,0.3089724,Mt
GHG Forward,Aviation,2014,WTW,sox,0.3186924,Mt
GHG Forward,Aviation,2015,WTW,sox,0.3360972,Mt
GHG Forward,Aviation,2016,WTW,sox,0.3523524,Mt
GHG Forward,Aviation,2017,WTW,sox,0.3731411916,Mt
GHG Forward,Aviation,2018,WTW,sox,0.3925445335632,Mt
GHG Forward,Aviation,2019,WTW,sox,0.351006813,Mt
GHG Forward,Aviation,2020,WTW,sox,0.19012869036,Mt
GHG Forward,Aviation,2021,WTW,sox,0.22669190004,Mt
GHG Forward,Aviation,2022,WTW,sox,0.27788039364,Mt
GHG Forward,Aviation,2023,WTW,sox,0.3230367568587177,Mt
GHG Forward,Aviation,2024,WTW,sox,0.3478010332180216,Mt
GHG Forward,Aviation,2025,WTW,sox,0.3628115854381908,Mt
GHG Forward,Aviation,2026,WTW,sox,0.3636730488321875,Mt
GHG Forward,Aviation,2027,WTW,sox,0.3649396169786533,Mt
GHG Forward,Aviation,2028,WTW,sox,0.3663236397515047,Mt
GHG Forward,Aviation,2029,WTW,sox,0.3677044230648902,Mt
GHG Forward,Aviation,2030,WTW,sox,0.3682621922196704,Mt
GHG Forward,Aviation,2031,WTW,sox,0.3604586905538711,Mt
GHG Forward,Aviation,2032,WTW,sox,0.3523118234754838,Mt
GHG Forward,Aviation,2033,WTW,sox,0.3438191334729969,Mt
GHG Forward,Aviation,2034,WTW,sox,0.3349868301538257,Mt
GHG Forward,Aviation,2035,WTW,sox,0.3254488175538342,Mt
GHG Forward,Aviation,2036,WTW,sox,0.3150077136182389,Mt
GHG Forward,Aviation,2037,WTW,sox,0.3036287038915301,Mt
GHG Forward,Aviation,2038,WTW,sox,0.2911752301759584,Mt
GHG Forward,Aviation,2039,WTW,sox,0.2777982672809629,Mt
GHG Forward,Aviation,2040,WTW,sox,0.264103320041728,Mt
GHG Forward,Aviation,2041,WTW,sox,0.2513971375658616,Mt
GHG Forward,Aviation,2042,WTW,sox,0.2385372120880328,Mt
GHG Forward,Aviation,2043,WTW,sox,0.2254562563712647,Mt
GHG Forward,Aviation,2044,WTW,sox,0.2122586432784625,Mt
GHG Forward,Aviation,2045,WTW,sox,0.1989601133688842,Mt
GHG Forward,Aviation,2046,WTW,sox,0.1854337565458216,Mt
GHG Forward,Aviation,2047,WTW,sox,0.1718431244145782,Mt
GHG Forward,Aviation,2048,WTW,sox,0.1582459953589461,Mt
GHG Forward,Aviation,2049,WTW,sox,0.1446939140665376,Mt
GHG Forward,Aviation,2050,WTW,sox,0.1312191302547581,Mt
GHG Forward lower,Aviation,1940,WTW,sox,0.0107441860465116,Mt
GHG Forward lower,Aviation,1941,WTW,sox,0.0115813953488372,Mt
GHG Forward lower,Aviation,1942,WTW,sox,0.0125581395348837,Mt
GHG Forward lower,Aviation,1943,WTW,sox,0.0135348837209302,Mt
GHG Forward lower,Aviation,1944,WTW,sox,0.0146511627906976,Mt
GHG Forward lower,Aviation,1945,WTW,sox,0.0157674418604651,Mt
GHG Forward lower,Aviation,1946,WTW,sox,0.0171627906976744,Mt
GHG Forward lower,Aviation,1947,WTW,sox,0.0184186046511627,Mt
GHG Forward lower,Aviation,1948,WTW,sox,0.019953488372093,Mt
GHG Forward lower,Aviation,1949,WTW,sox,0.0214883720930232,Mt
GHG Forward lower,Aviation,1950,WTW,sox,0.0233023255813953,Mt
GHG Forward lower,Aviation,1951,WTW,sox,0.0251162790697674,Mt
GHG Forward lower,Aviation,1952,WTW,sox,0.0270697674418604,Mt
GHG Forward lower,Aviation,1953,WTW,sox,0.0293023255813953,Mt
GHG Forward lower,Aviation,1954,WTW,sox,0.0316744186046511,Mt
GHG Forward lower,Aviation,1955,WTW,sox,0.0341860465116279,Mt
GHG Forward lower,Aviation,1956,WTW,sox,0.0369767441860465,Mt
GHG Forward lower,Aviation,1957,WTW,sox,0.039906976744186,Mt
GHG Forward lower,Aviation,1958,WTW,sox,0.0431162790697674,Mt
GHG Forward lower,Aviation,1959,WTW,sox,0.0464651162790697,Mt
GHG Forward lower,Aviation,1960,WTW,sox,0.0502325581395348,Mt
GHG Forward lower,Aviation,1961,WTW,sox,0.0551162790697674,Mt
GHG Forward lower,Aviation,1962,WTW,sox,0.0606976744186046,Mt
GHG Forward lower,Aviation,1963,WTW,sox,0.0640465116279069,Mt
GHG Forward lower,Aviation,1964,WTW,sox,0.0669767441860465,Mt
GHG Forward lower,Aviation,1965,WTW,sox,0.0715813953488372,Mt
GHG Forward lower,Aviation,1966,WTW,sox,0.0775813953488372,Mt
GHG Forward lower,Aviation,1967,WTW,sox,0.0915348837209302,Mt
GHG Forward lower,Aviation,1968,WTW,sox,0.1036744186046511,Mt
GHG Forward lower,Aviation,1969,WTW,sox,0.1085581395348837,Mt
GHG Forward lower,Aviation,1970,WTW,sox,0.1088372093023255,Mt
GHG Forward lower,Aviation,1971,WTW,sox,0.1255813953488372,Mt
GHG Forward lower,Aviation,1972,WTW,sox,0.133953488372093,Mt
GHG Forward lower,Aviation,1973,WTW,sox,0.1386976744186046,Mt
GHG Forward lower,Aviation,1974,WTW,sox,0.133953488372093,Mt
GHG Forward lower,Aviation,1975,WTW,sox,0.1340930232558139,Mt
GHG Forward lower,Aviation,1976,WTW,sox,0.1345116279069768,Mt
GHG Forward lower,Aviation,1977,WTW,sox,0.1424651162790697,Mt
GHG Forward lower,Aviation,1978,WTW,sox,0.1474883720930233,Mt
GHG Forward lower,Aviation,1979,WTW,sox,0.1536279069767442,Mt
GHG Forward lower,Aviation,1980,WTW,sox,0.1547441860465116,Mt
GHG Forward lower,Aviation,1981,WTW,sox,0.1525116279069767,Mt
GHG Forward lower,Aviation,1982,WTW,sox,0.1541860465116279,Mt
GHG Forward lower,Aviation,1983,WTW,sox,0.1562790697674418,Mt
GHG Forward lower,Aviation,1984,WTW,sox,0.1667441860465116,Mt
GHG Forward lower,Aviation,1985,WTW,sox,0.1721860465116279,Mt
GHG Forward lower,Aviation,1986,WTW,sox,0.1812558139534884,Mt
GHG Forward lower,Aviation,1987,WTW,sox,0.1892093023255814,Mt
GHG Forward lower,Aviation,1988,WTW,sox,0.1973023255813953,Mt
GHG Forward lower,Aviation,1989,WTW,sox,0.2044186046511628,Mt
GHG Forward lower,Aviation,1990,WTW,sox,0.2087148,Mt
GHG Forward lower,Aviation,1991,WTW,sox,0.2018436,Mt
GHG Forward lower,Aviation,1992,WTW,sox,0.2023116,Mt
GHG Forward lower,Aviation,1993,WTW,sox,0.2034156,Mt
GHG Forward lower,Aviation,1994,WTW,sox,0.2131188,Mt
GHG Forward lower,Aviation,1995,WTW,sox,0.2183076,Mt
GHG Forward lower,Aviation,1996,WTW,sox,0.2281884,Mt
GHG Forward lower,Aviation,1997,WTW,sox,0.2351364,Mt
GHG Forward lower,Aviation,1998,WTW,sox,0.2397732,Mt
GHG Forward lower,Aviation,1999,WTW,sox,0.2475072,Mt
GHG Forward lower,Aviation,2000,WTW,sox,0.2603256,Mt
GHG Forward lower,Aviation,2001,WTW,sox,0.2504076,Mt
GHG Forward lower,Aviation,2002,WTW,sox,0.250914,Mt
GHG Forward lower,Aviation,2003,WTW,sox,0.2507568,Mt
GHG Forward lower,Aviation,2004,WTW,sox,0.2665308,Mt
GHG Forward lower,Aviation,2005,WTW,sox,0.27963,Mt
GHG Forward lower,Aviation,2006,WTW,sox,0.2828904,Mt
GHG Forward lower,Aviation,2007,WTW,sox,0.2911056,Mt
GHG Forward lower,Aviation,2008,WTW,sox,0.2897592,Mt
GHG Forward lower,Aviation,2009,WTW,sox,0.2747808,Mt
GHG Forward lower,Aviation,2010,WTW,sox,0.2886552,Mt
GHG Forward lower,Aviation,2011,WTW,sox,0.297216,Mt
GHG Forward lower,Aviation,2012,WTW,sox,0.3004332,Mt
GHG Forward lower,Aviation,2013,WTW,sox,0.3089724,Mt
GHG Forward lower,Aviation,2014,WTW,sox,0.3186924,Mt
GHG Forward lower,Aviation,2015,WTW,sox,0.3360972,Mt
GHG Forward lower,Aviation,2016,WTW,sox,0.3523524,Mt
GHG Forward lower,Aviation,2017,WTW,sox,0.3731411916,Mt
GHG Forward lower,Aviation,2018,WTW,sox,0.3925445335632,Mt
GHG Forward lower,Aviation,2019,WTW,sox,0.351006813,Mt
GHG Forward lower,Aviation,2020,WTW,sox,0.19012869036,Mt
GHG Forward lower,Aviation,2021,WTW,sox,0.22669190004,Mt
GHG Forward lower,Aviation,2022,WTW,sox,0.27788039364,Mt
GHG Forward lower,Aviation,2023,WTW,sox,0.3230367568587177,Mt
GHG Forward lower,Aviation,2024,WTW,sox,0.3478010332180216,Mt
GHG Forward lower,Aviation,2025,WTW,sox,0.3628115854381908,Mt
GHG Forward lower,Aviation,2026,WTW,sox,0.3636730488321875,Mt
GHG Forward lower,Aviation,2027,WTW,sox,0.3649396169786533,Mt
GHG Forward lower,Aviation,2028,WTW,sox,0.3663236397515047,Mt
GHG Forward lower,Aviation,2029,WTW,sox,0.3677044230648902,Mt
GHG Forward lower,Aviation,2030,WTW,sox,0.3682621922196704,Mt
GHG Forward lower,Aviation,2031,WTW,sox,0.3604586905538711,Mt
GHG Forward lower,Aviation,2032,WTW,sox,0.3523118234754838,Mt
GHG Forward lower,Aviation,2033,WTW,sox,0.3438191334729969,Mt
GHG Forward lower,Aviation,2034,WTW,sox,0.3349868301538257,Mt
GHG Forward lower,Aviation,2035,WTW,sox,0.3254488175538342,Mt
GHG Forward lower,Aviation,2036,WTW,sox,0.3150077136182389,Mt
GHG Forward lower,Aviation,2037,WTW,sox,0.3036287038915301,Mt
GHG Forward lower,Aviation,2038,WTW,sox,0.2911752301759584,Mt
GHG Forward lower,Aviation,2039,WTW,sox,0.2777982672809629,Mt
GHG Forward lower,Aviation,2040,WTW,sox,0.264103320041728,Mt
GHG Forward lower,Aviation,2041,WTW,sox,0.2513971375658616,Mt
GHG Forward lower,Aviation,2042,WTW,sox,0.2385372120880328,Mt
GHG Forward lower,Aviation,2043,WTW,sox,0.2254562563712647,Mt
GHG Forward lower,Aviation,2044,WTW,sox,0.2122586432784625,Mt
GHG Forward lower,Aviation,2045,WTW,sox,0.1989601133688842,Mt
GHG Forward lower,Aviation,2046,WTW,sox,0.1854337565458216,Mt
GHG Forward lower,Aviation,2047,WTW,sox,0.1718431244145782,Mt
GHG Forward lower,Aviation,2048,WTW,sox,0.1582459953589461,Mt
GHG Forward lower,Aviation,2049,WTW,sox,0.1446939140665376,Mt
GHG Forward lower,Aviation,2050,WTW,sox,0.1312191302547581,Mt
GHG Forward upper,Aviation,1940,WTW,sox,0.0107441860465116,Mt
GHG Forward upper,Aviation,1941,WTW,sox,0.0115813953488372,Mt
GHG Forward upper,Aviation,1942,WTW,sox,0.0125581395348837,Mt
GHG Forward upper,Aviation,1943,WTW,sox,0.0135348837209302,Mt
GHG Forward upper,Aviation,1944,WTW,sox,0.0146511627906976,Mt
GHG Forward upper,Aviation,1945,WTW,sox,0.0157674418604651,Mt
GHG Forward upper,Aviation,1946,WTW,sox,0.0171627906976744,Mt
GHG Forward upper,Aviation,1947,WTW,sox,0.0184186046511627,Mt
GHG Forward upper,Aviation,1948,WTW,sox,0.019953488372093,Mt
GHG Forward upper,Aviation,1949,WTW,sox,0.0214883720930232,Mt
GHG Forward upper,Aviation,1950,WTW,sox,0.0233023255813953,Mt
GHG Forward upper,Aviation,1951,WTW,sox,0.0251162790697674,Mt
GHG Forward upper,Aviation,1952,WTW,sox,0.0270697674418604,Mt
GHG Forward upper,Aviation,1953,WTW,sox,0.0293023255813953,Mt
GHG Forward upper,Aviation,1954,WTW,sox,0.0316744186046511,Mt
GHG Forward upper,Aviation,1955,WTW,sox,0.0341860465116279,Mt
GHG Forward upper,Aviation,1956,WTW,sox,0.0369767441860465,Mt
GHG Forward upper,Aviation,1957,WTW,sox,0.039906976744186,Mt
GHG Forward upper,Aviation,1958,WTW,sox,0.0431162790697674,Mt
GHG Forward upper,Aviation,1959,WTW,sox,0.0464651162790697,Mt
GHG Forward upper,Aviation,1960,WTW,sox,0.0502325581395348,Mt
GHG Forward upper,Aviation,1961,WTW,sox,0.0551162790697674,Mt
GHG Forward upper,Aviation,1962,WTW,sox,0.0606976744186046,Mt
GHG Forward upper,Aviation,1963,WTW,sox,0.0640465116279069,Mt
GHG Forward upper,Aviation,1964,WTW,sox,0.0669767441860465,Mt
GHG Forward upper,Aviation,1965,WTW,sox,0.0715813953488372,Mt
GHG Forward upper,Aviation,1966,WTW,sox,0.0775813953488372,Mt
GHG Forward upper,Aviation,1967,WTW,sox,0.0915348837209302,Mt
GHG Forward upper,Aviation,1968,WTW,sox,0.1036744186046511,Mt
GHG Forward upper,Aviation,1969,WTW,sox,0.1085581395348837,Mt
GHG Forward upper,Aviation,1970,WTW,sox,0.1088372093023255,Mt
GHG Forward upper,Aviation,1971,WTW,sox,0.1255813953488372,Mt
GHG Forward upper,Aviation,1972,WTW,sox,0.133953488372093,Mt
GHG Forward upper,Aviation,1973,WTW,sox,0.1386976744186046,Mt
GHG Forward upper,Aviation,1974,WTW,sox,0.133953488372093,Mt
GHG Forward upper,Aviation,1975,WTW,sox,0.1340930232558139,Mt
GHG Forward upper,Aviation,1976,WTW,sox,0.1345116279069768,Mt
GHG Forward upper,Aviation,1977,WTW,sox,0.1424651162790697,Mt
GHG Forward upper,Aviation,1978,WTW,sox,0.1474883720930233,Mt
GHG Forward upper,Aviation,1979,WTW,sox,0.1536279069767442,Mt
GHG Forward upper,Aviation,1980,WTW,sox,0.1547441860465116,Mt
GHG Forward upper,Aviation,1981,WTW,sox,0.1525116279069767,Mt
GHG Forward upper,Aviation,1982,WTW,sox,0.1541860465116279,Mt
GHG Forward upper,Aviation,1983,WTW,sox,0.1562790697674418,Mt
GHG Forward upper,Aviation,1984,WTW,sox,0.1667441860465116,Mt
GHG Forward upper,Aviation,1985,WTW,sox,0.1721860465116279,Mt
GHG Forward upper,Aviation,1986,WTW,sox,0.1812558139534884,Mt
GHG Forward upper,Aviation,1987,WTW,sox,0.1892093023255814,Mt
GHG Forward upper,Aviation,1988,WTW,sox,0.1973023255813953,Mt
GHG Forward upper,Aviation,1989,WTW,sox,0.2044186046511628,Mt
GHG Forward upper,Aviation,1990,WTW,sox,0.2087148,Mt
GHG Forward upper,Aviation,1991,WTW,sox,0.2018436,Mt
GHG Forward upper,Aviation,1992,WTW,sox,0.2023116,Mt
GHG Forward upper,Aviation,1993,WTW,sox,0.2034156,Mt
GHG Forward upper,Aviation,1994,WTW,sox,0.2131188,Mt
GHG Forward upper,Aviation,1995,WTW,sox,0.2183076,Mt
GHG Forward upper,Aviation,1996,WTW,sox,0.2281884,Mt
GHG Forward upper,Aviation,1997,WTW,sox,0.2351364,Mt
GHG Forward upper,Aviation,1998,WTW,sox,0.2397732,Mt
GHG Forward upper,Aviation,1999,WTW,sox,0.2475072,Mt
GHG Forward upper,Aviation,2000,WTW,sox,0.2603256,Mt
GHG Forward upper,Aviation,2001,WTW,sox,0.2504076,Mt
GHG Forward upper,Aviation,2002,WTW,sox,0.250914,Mt
GHG Forward upper,Aviation,2003,WTW,sox,0.2507568,Mt
GHG Forward upper,Aviation,2004,WTW,sox,0.2665308,Mt
GHG Forward upper,Aviation,2005,WTW,sox,0.27963,Mt
GHG Forward upper,Aviation,2006,WTW,sox,0.2828904,Mt
GHG Forward upper,Aviation,2007,WTW,sox,0.2911056,Mt
GHG Forward upper,Aviation,2008,WTW,sox,0.2897592,Mt
GHG Forward upper,Aviation,2009,WTW,sox,0.2747808,Mt
GHG Forward upper,Aviation,2010,WTW,sox,0.2886552,Mt
GHG Forward upper,Aviation,2011,WTW,sox,0.297216,Mt
GHG Forward upper,Aviation,2012,WTW,sox,0.3004332,Mt
GHG Forward upper,Aviation,2013,WTW,sox,0.3089724,Mt
GHG Forward upper,Aviation,2014,WTW,sox,0.3186924,Mt
GHG Forward upper,Aviation,2015,WTW,sox,0.3360972,Mt
GHG Forward upper,Aviation,2016,WTW,sox,0.3523524,Mt
GHG Forward upper,Aviation,2017,WTW,sox,0.3731411916,Mt
GHG Forward upper,Aviation,2018,WTW,sox,0.3925445335632,Mt
GHG Forward upper,Aviation,2019,WTW,sox,0.351006813,Mt
GHG Forward upper,Aviation,2020,WTW,sox,0.19012869036,Mt
GHG Forward upper,Aviation,2021,WTW,sox,0.22669190004,Mt
GHG Forward upper,Aviation,2022,WTW,sox,0.27788039364,Mt
GHG Forward upper,Aviation,2023,WTW,sox,0.3230367568587177,Mt
GHG Forward upper,Aviation,2024,WTW,sox,0.3478010332180216,Mt
GHG Forward upper,Aviation,2025,WTW,sox,0.3628115854381908,Mt
GHG Forward upper,Aviation,2026,WTW,sox,0.3636730488321875,Mt
GHG Forward upper,Aviation,2027,WTW,sox,0.3649396169786533,Mt
GHG Forward upper,Aviation,2028,WTW,sox,0.3663236397515047,Mt
GHG Forward upper,Aviation,2029,WTW,sox,0.3677044230648902,Mt
GHG Forward upper,Aviation,2030,WTW,sox,0.3682621922196704,Mt
GHG Forward upper,Aviation,2031,WTW,sox,0.3604586905538711,Mt
GHG Forward upper,Aviation,2032,WTW,sox,0.3523118234754838,Mt
GHG Forward upper,Aviation,2033,WTW,sox,0.3438191334729969,Mt
GHG Forward upper,Aviation,2034,WTW,sox,0.3349868301538257,Mt
GHG Forward upper,Aviation,2035,WTW,sox,0.3254488175538342,Mt
GHG Forward upper,Aviation,2036,WTW,sox,0.3150077136182389,Mt
GHG Forward upper,Aviation,2037,WTW,sox,0.3036287038915301,Mt
GHG Forward upper,Aviation,2038,WTW,sox,0.2911752301759584,Mt
GHG Forward upper,Aviation,2039,WTW,sox,0.2777982672809629,Mt
GHG Forward upper,Aviation,2040,WTW,sox,0.264103320041728,Mt
GHG Forward upper,Aviation,2041,WTW,sox,0.2513971375658616,Mt
GHG Forward upper,Aviation,2042,WTW,sox,0.2385372120880328,Mt
GHG Forward upper,Aviation,2043,WTW,sox,0.2254562563712647,Mt
GHG Forward upper,Aviation,2044,WTW,sox,0.2122586432784625,Mt
GHG Forward upper,Aviation,2045,WTW,sox,0.1989601133688842,Mt
GHG Forward upper,Aviation,2046,WTW,sox,0.1854337565458216,Mt
GHG Forward upper,Aviation,2047,WTW,sox,0.1718431244145782,Mt
GHG Forward upper,Aviation,2048,WTW,sox,0.1582459953589461,Mt
GHG Forward upper,Aviation,2049,WTW,sox,0.1446939140665376,Mt
GHG Forward upper,Aviation,2050,WTW,sox,0.1312191302547581,Mt
BAU,Aviation,1940,WTW,sox,0.0107441860465116,Mt
BAU,Aviation,1941,WTW,sox,0.0115813953488372,Mt
BAU,Aviation,1942,WTW,sox,0.0125581395348837,Mt
BAU,Aviation,1943,WTW,sox,0.0135348837209302,Mt
BAU,Aviation,1944,WTW,sox,0.0146511627906976,Mt
BAU,Aviation,1945,WTW,sox,0.0157674418604651,Mt
BAU,Aviation,1946,WTW,sox,0.0171627906976744,Mt
BAU,Aviation,1947,WTW,sox,0.0184186046511627,Mt
BAU,Aviation,1948,WTW,sox,0.019953488372093,Mt
BAU,Aviation,1949,WTW,sox,0.0214883720930232,Mt
BAU,Aviation,1950,WTW,sox,0.0233023255813953,Mt
BAU,Aviation,1951,WTW,sox,0.0251162790697674,Mt
BAU,Aviation,1952,WTW,sox,0.0270697674418604,Mt
BAU,Aviation,1953,WTW,sox,0.0293023255813953,Mt
BAU,Aviation,1954,WTW,sox,0.0316744186046511,Mt
BAU,Aviation,1955,WTW,sox,0.0341860465116279,Mt
BAU,Aviation,1956,WTW,sox,0.0369767441860465,Mt
BAU,Aviation,1957,WTW,sox,0.039906976744186,Mt
BAU,Aviation,1958,WTW,sox,0.0431162790697674,Mt
BAU,Aviation,1959,WTW,sox,0.0464651162790697,Mt
BAU,Aviation,1960,WTW,sox,0.0502325581395348,Mt
BAU,Aviation,1961,WTW,sox,0.0551162790697674,Mt
BAU,Aviation,1962,WTW,sox,0.0606976744186046,Mt
BAU,Aviation,1963,WTW,sox,0.0640465116279069,Mt
BAU,Aviation,1964,WTW,sox,0.0669767441860465,Mt
BAU,Aviation,1965,WTW,sox,0.0715813953488372,Mt
BAU,Aviation,1966,WTW,sox,0.0775813953488372,Mt
BAU,Aviation,1967,WTW,sox,0.0915348837209302,Mt
BAU,Aviation,1968,WTW,sox,0.1036744186046511,Mt
BAU,Aviation,1969,WTW,sox,0.1085581395348837,Mt
BAU,Aviation,1970,WTW,sox,0.1088372093023255,Mt
BAU,Aviation,1971,WTW,sox,0.1255813953488372,Mt
BAU,Aviation,1972,WTW,sox,0.133953488372093,Mt
BAU,Aviation,1973,WTW,sox,0.1386976744186046,Mt
BAU,Aviation,1974,WTW,sox,0.133953488372093,Mt
BAU,Aviation,1975,WTW,sox,0.1340930232558139,Mt
BAU,Aviation,1976,WTW,sox,0.1345116279069768,Mt
BAU,Aviation,1977,WTW,sox,0.1424651162790697,Mt
BAU,Aviation,1978,WTW,sox,0.1474883720930233,Mt
BAU,Aviation,1979,WTW,sox,0.1536279069767442,Mt
BAU,Aviation,1980,WTW,sox,0.1547441860465116,Mt
BAU,Aviation,1981,WTW,sox,0.1525116279069767,Mt
BAU,Aviation,1982,WTW,sox,0.1541860465116279,Mt
BAU,Aviation,1983,WTW,sox,0.1562790697674418,Mt
BAU,Aviation,1984,WTW,sox,0.1667441860465116,Mt
BAU,Aviation,1985,WTW,sox,0.1721860465116279,Mt
BAU,Aviation,1986,WTW,sox,0.1812558139534884,Mt
BAU,Aviation,1987,WTW,sox,0.1892093023255814,Mt
BAU,Aviation,1988,WTW,sox,0.1973023255813953,Mt
BAU,Aviation,1989,WTW,sox,0.2044186046511628,Mt
BAU,Aviation,1990,WTW,sox,0.2087148,Mt
BAU,Aviation,1991,WTW,sox,0.2018436,Mt
BAU,Aviation,1992,WTW,sox,0.2023116,Mt
BAU,Aviation,1993,WTW,sox,0.2034156,Mt
BAU,Aviation,1994,WTW,sox,0.2131188,Mt
BAU,Aviation,1995,WTW,sox,0.2183076,Mt
BAU,Aviation,1996,WTW,sox,0.2281884,Mt
BAU,Aviation,1997,WTW,sox,0.2351364,Mt
BAU,Aviation,1998,WTW,sox,0.2397732,Mt
BAU,Aviation,1999,WTW,sox,0.2475072,Mt
BAU,Aviation,2000,WTW,sox,0.2603256,Mt
BAU,Aviation,2001,WTW,sox,0.2504076,Mt
BAU,Aviation,2002,WTW,sox,0.250914,Mt
BAU,Aviation,2003,WTW,sox,0.2507568,Mt
BAU,Aviation,2004,WTW,sox,0.2665308,Mt
BAU,Aviation,2005,WTW,sox,0.27963,Mt
BAU,Aviation,2006,WTW,sox,0.2828904,Mt
BAU,Aviation,2007,WTW,sox,0.2911056,Mt
BAU,Aviation,2008,WTW,sox,0.2897592,Mt
BAU,Aviation,2009,WTW,sox,0.2747808,Mt
BAU,Aviation,2010,WTW,sox,0.2886552,Mt
BAU,Aviation,2011,WTW,sox,0.297216,Mt
BAU,Aviation,2012,WTW,sox,0.3004332,Mt
BAU,Aviation,2013,WTW,sox,0.3089724,Mt
BAU,Aviation,2014,WTW,sox,0.3186924,Mt
BAU,Aviation,2015,WTW,sox,0.3360972,Mt
BAU,Aviation,2016,WTW,sox,0.3523524,Mt
BAU,Aviation,2017,WTW,sox,0.3731411916,Mt
BAU,Aviation,2018,WTW,sox,0.3925445335632,Mt
BAU,Aviation,2019,WTW,sox,0.351006813,Mt
BAU,Aviation,2020,WTW,sox,0.19012869036,Mt
BAU,Aviation,2021,WTW,sox,0.22669190004,Mt
BAU,Aviation,2022,WTW,sox,0.27788039364,Mt
BAU,Aviation,2023,WTW,sox,0.3230367568587177,Mt
BAU,Aviation,2024,WTW,sox,0.3495452675987923,Mt
BAU,Aviation,2025,WTW,sox,0.3732868687920693,Mt
BAU,Aviation,2026,WTW,sox,0.3804281476366086,Mt
BAU,Aviation,2027,WTW,sox,0.3882170339272877,Mt
BAU,Aviation,2028,WTW,sox,0.3963768622638522,Mt
BAU,Aviation,2029,WTW,sox,0.4047947849029413,Mt
BAU,Aviation,2030,WTW,sox,0.4134592909854886,Mt
BAU,Aviation,2031,WTW,sox,0.4223614316126468,Mt
BAU,Aviation,2032,WTW,sox,0.431497582392831,Mt
BAU,Aviation,2033,WTW,sox,0.4408787743770404,Mt
BAU,Aviation,2034,WTW,sox,0.4505286997949015,Mt
BAU,Aviation,2035,WTW,sox,0.4604847284058869,Mt
BAU,Aviation,2036,WTW,sox,0.470794814069329,Mt
BAU,Aviation,2037,WTW,sox,0.4815126972922758,Mt
BAU,Aviation,2038,WTW,sox,0.4926862916672578,Mt
BAU,Aviation,2039,WTW,sox,0.504355456078125,Mt
BAU,Aviation,2040,WTW,sox,0.5165361559682884,Mt
BAU,Aviation,2041,WTW,sox,0.5292234684531103,Mt
BAU,Aviation,2042,WTW,sox,0.5423851554678257,Mt
BAU,Aviation,2043,WTW,sox,0.5559782675399729,Mt
BAU,Aviation,2044,WTW,sox,0.5699592132269886,Mt
BAU,Aviation,2045,WTW,sox,0.5842929554062469,Mt
BAU,Aviation,2046,WTW,sox,0.5989713311331523,Mt
BAU,Aviation,2047,WTW,sox,0.6140140484125088,Mt
BAU,Aviation,2048,WTW,sox,0.6294695523944598,Mt
BAU,Aviation,2049,WTW,sox,0.6453976163809906,Mt
BAU,Aviation,2050,WTW,sox,0.6618568087053001,Mt
Historical Trends lower,Aviation,1940,WTW,sox,0.0107441860465116,Mt
Historical Trends lower,Aviation,1941,WTW,sox,0.0115813953488372,Mt
Historical Trends lower,Aviation,1942,WTW,sox,0.0125581395348837,Mt
Historical Trends lower,Aviation,1943,WTW,sox,0.0135348837209302,Mt
Historical Trends lower,Aviation,1944,WTW,sox,0.0146511627906976,Mt
Historical Trends lower,Aviation,1945,WTW,sox,0.0157674418604651,Mt
Historical Trends lower,Aviation,1946,WTW,sox,0.0171627906976744,Mt
Historical Trends lower,Aviation,1947,WTW,sox,0.0184186046511627,Mt
Historical Trends lower,Aviation,1948,WTW,sox,0.019953488372093,Mt
Historical Trends lower,Aviation,1949,WTW,sox,0.0214883720930232,Mt
Historical Trends lower,Aviation,1950,WTW,sox,0.0233023255813953,Mt
Historical Trends lower,Aviation,1951,WTW,sox,0.0251162790697674,Mt
Historical Trends lower,Aviation,1952,WTW,sox,0.0270697674418604,Mt
Historical Trends lower,Aviation,1953,WTW,sox,0.0293023255813953,Mt
Historical Trends lower,Aviation,1954,WTW,sox,0.0316744186046511,Mt
Historical Trends lower,Aviation,1955,WTW,sox,0.0341860465116279,Mt
Historical Trends lower,Aviation,1956,WTW,sox,0.0369767441860465,Mt
Historical Trends lower,Aviation,1957,WTW,sox,0.039906976744186,Mt
Historical Trends lower,Aviation,1958,WTW,sox,0.0431162790697674,Mt
Historical Trends lower,Aviation,1959,WTW,sox,0.0464651162790697,Mt
Historical Trends lower,Aviation,1960,WTW,sox,0.0502325581395348,Mt
Historical Trends lower,Aviation,1961,WTW,sox,0.0551162790697674,Mt
Historical Trends lower,Aviation,1962,WTW,sox,0.0606976744186046,Mt
Historical Trends lower,Aviation,1963,WTW,sox,0.0640465116279069,Mt
Historical Trends lower,Aviation,1964,WTW,sox,0.0669767441860465,Mt
Historical Trends lower,Aviation,1965,WTW,sox,0.0715813953488372,Mt
Historical Trends lower,Aviation,1966,WTW,sox,0.0775813953488372,Mt
Historical Trends lower,Aviation,1967,WTW,sox,0.0915348837209302,Mt
Historical Trends lower,Aviation,1968,WTW,sox,0.1036744186046511,Mt
Historical Trends lower,Aviation,1969,WTW,sox,0.1085581395348837,Mt
Historical Trends lower,Aviation,1970,WTW,sox,0.1088372093023255,Mt
Historical Trends lower,Aviation,1971,WTW,sox,0.1255813953488372,Mt
Historical Trends lower,Aviation,1972,WTW,sox,0.133953488372093,Mt
Historical Trends lower,Aviation,1973,WTW,sox,0.1386976744186046,Mt
Historical Trends lower,Aviation,1974,WTW,sox,0.133953488372093,Mt
Historical Trends lower,Aviation,1975,WTW,sox,0.1340930232558139,Mt
Historical Trends lower,Aviation,1976,WTW,sox,0.1345116279069768,Mt
Historical Trends lower,Aviation,1977,WTW,sox,0.1424651162790697,Mt
Historical Trends lower,Aviation,1978,WTW,sox,0.1474883720930233,Mt
Historical Trends lower,Aviation,1979,WTW,sox,0.1536279069767442,Mt
Historical Trends lower,Aviation,1980,WTW,sox,0.1547441860465116,Mt
Historical Trends lower,Aviation,1981,WTW,sox,0.1525116279069767,Mt
Historical Trends lower,Aviation,1982,WTW,sox,0.1541860465116279,Mt
Historical Trends lower,Aviation,1983,WTW,sox,0.1562790697674418,Mt
Historical Trends lower,Aviation,1984,WTW,sox,0.1667441860465116,Mt
Historical Trends lower,Aviation,1985,WTW,sox,0.1721860465116279,Mt
Historical Trends lower,Aviation,1986,WTW,sox,0.1812558139534884,Mt
Historical Trends lower,Aviation,1987,WTW,sox,0.1892093023255814,Mt
Historical Trends lower,Aviation,1988,WTW,sox,0.1973023255813953,Mt
Historical Trends lower,Aviation,1989,WTW,sox,0.2044186046511628,Mt
Historical Trends lower,Aviation,1990,WTW,sox,0.2087148,Mt
Historical Trends lower,Aviation,1991,WTW,sox,0.2018436,Mt
Historical Trends lower,Aviation,1992,WTW,sox,0.2023116,Mt
Historical Trends lower,Aviation,1993,WTW,sox,0.2034156,Mt
Historical Trends lower,Aviation,1994,WTW,sox,0.2131188,Mt
Historical Trends lower,Aviation,1995,WTW,sox,0.2183076,Mt
Historical Trends lower,Aviation,1996,WTW,sox,0.2281884,Mt
Historical Trends lower,Aviation,1997,WTW,sox,0.2351364,Mt
Historical Trends lower,Aviation,1998,WTW,sox,0.2397732,Mt
Historical Trends lower,Aviation,1999,WTW,sox,0.2475072,Mt
Historical Trends lower,Aviation,2000,WTW,sox,0.2603256,Mt
Historical Trends lower,Aviation,2001,WTW,sox,0.2504076,Mt
Historical Trends lower,Aviation,2002,WTW,sox,0.250914,Mt
Historical Trends lower,Aviation,2003,WTW,sox,0.2507568,Mt
Historical Trends lower,Aviation,2004,WTW,sox,0.2665308,Mt
Historical Trends lower,Aviation,2005,WTW,sox,0.27963,Mt
Historical Trends lower,Aviation,2006,WTW,sox,0.2828904,Mt
Historical Trends lower,Aviation,2007,WTW,sox,0.2911056,Mt
Historical Trends lower,Aviation,2008,WTW,sox,0.2897592,Mt
Historical Trends lower,Aviation,2009,WTW,sox,0.2747808,Mt
Historical Trends lower,Aviation,2010,WTW,sox,0.2886552,Mt
Historical Trends lower,Aviation,2011,WTW,sox,0.297216,Mt
Historical Trends lower,Aviation,2012,WTW,sox,0.3004332,Mt
Historical Trends lower,Aviation,2013,WTW,sox,0.3089724,Mt
Historical Trends lower,Aviation,2014,WTW,sox,0.3186924,Mt
Historical Trends lower,Aviation,2015,WTW,sox,0.3360972,Mt
Historical Trends lower,Aviation,2016,WTW,sox,0.3523524,Mt
Historical Trends lower,Aviation,2017,WTW,sox,0.3731411916,Mt
Historical Trends lower,Aviation,2018,WTW,sox,0.3925445335632,Mt
Historical Trends lower,Aviation,2019,WTW,sox,0.351006813,Mt
Historical Trends lower,Aviation,2020,WTW,sox,0.19012869036,Mt
Historical Trends lower,Aviation,2021,WTW,sox,0.22669190004,Mt
Historical Trends lower,Aviation,2022,WTW,sox,0.27788039364,Mt
Historical Trends lower,Aviation,2023,WTW,sox,0.3230367568587177,Mt
Historical Trends lower,Aviation,2024,WTW,sox,0.3495452675987923,Mt
Historical Trends lower,Aviation,2025,WTW,sox,0.3732868687920693,Mt
Historical Trends lower,Aviation,2026,WTW,sox,0.3804281476366086,Mt
Historical Trends lower,Aviation,2027,WTW,sox,0.3882170339272877,Mt
Historical Trends lower,Aviation,2028,WTW,sox,0.3963768622638522,Mt
Historical Trends lower,Aviation,2029,WTW,sox,0.4047947849029413,Mt
Historical Trends lower,Aviation,2030,WTW,sox,0.4134592909854886,Mt
Historical Trends lower,Aviation,2031,WTW,sox,0.4223614316126468,Mt
Historical Trends lower,Aviation,2032,WTW,sox,0.431497582392831,Mt
Historical Trends lower,Aviation,2033,WTW,sox,0.4408787743770404,Mt
Historical Trends lower,Aviation,2034,WTW,sox,0.4505286997949015,Mt
Historical Trends lower,Aviation,2035,WTW,sox,0.4604847284058869,Mt
Historical Trends lower,Aviation,2036,WTW,sox,0.470794814069329,Mt
Historical Trends lower,Aviation,2037,WTW,sox,0.4815126972922758,Mt
Historical Trends lower,Aviation,2038,WTW,sox,0.4926862916672578,Mt
Historical Trends lower,Aviation,2039,WTW,sox,0.504355456078125,Mt
Historical Trends lower,Aviation,2040,WTW,sox,0.5165361559682884,Mt
Historical Trends lower,Aviation,2041,WTW,sox,0.5292234684531103,Mt
Historical Trends lower,Aviation,2042,WTW,sox,0.5423851554678257,Mt
Historical Trends lower,Aviation,2043,WTW,sox,0.5559782675399729,Mt
Historical Trends lower,Aviation,2044,WTW,sox,0.5699592132269886,Mt
Historical Trends lower,Aviation,2045,WTW,sox,0.5842929554062469,Mt
Historical Trends lower,Aviation,2046,WTW,sox,0.5989713311331523,Mt
Historical Trends lower,Aviation,2047,WTW,sox,0.6140140484125088,Mt
Historical Trends lower,Aviation,2048,WTW,sox,0.6294695523944598,Mt
Historical Trends lower,Aviation,2049,WTW,sox,0.6453976163809906,Mt
Historical Trends lower,Aviation,2050,WTW,sox,0.6618568087053001,Mt
Historical Trends upper,Aviation,1940,WTW,sox,0.0107441860465116,Mt
Historical Trends upper,Aviation,1941,WTW,sox,0.0115813953488372,Mt
Historical Trends upper,Aviation,1942,WTW,sox,0.0125581395348837,Mt
Historical Trends upper,Aviation,1943,WTW,sox,0.0135348837209302,Mt
Historical Trends upper,Aviation,1944,WTW,sox,0.0146511627906976,Mt
Historical Trends upper,Aviation,1945,WTW,sox,0.0157674418604651,Mt
Historical Trends upper,Aviation,1946,WTW,sox,0.0171627906976744,Mt
Historical Trends upper,Aviation,1947,WTW,sox,0.0184186046511627,Mt
Historical Trends upper,Aviation,1948,WTW,sox,0.019953488372093,Mt
Historical Trends upper,Aviation,1949,WTW,sox,0.0214883720930232,Mt
Historical Trends upper,Aviation,1950,WTW,sox,0.0233023255813953,Mt
Historical Trends upper,Aviation,1951,WTW,sox,0.0251162790697674,Mt
Historical Trends upper,Aviation,1952,WTW,sox,0.0270697674418604,Mt
Historical Trends upper,Aviation,1953,WTW,sox,0.0293023255813953,Mt
Historical Trends upper,Aviation,1954,WTW,sox,0.0316744186046511,Mt
Historical Trends upper,Aviation,1955,WTW,sox,0.0341860465116279,Mt
Historical Trends upper,Aviation,1956,WTW,sox,0.0369767441860465,Mt
Historical Trends upper,Aviation,1957,WTW,sox,0.039906976744186,Mt
Historical Trends upper,Aviation,1958,WTW,sox,0.0431162790697674,Mt
Historical Trends upper,Aviation,1959,WTW,sox,0.0464651162790697,Mt
Historical Trends upper,Aviation,1960,WTW,sox,0.0502325581395348,Mt
Historical Trends upper,Aviation,1961,WTW,sox,0.0551162790697674,Mt
Historical Trends upper,Aviation,1962,WTW,sox,0.0606976744186046,Mt
Historical Trends upper,Aviation,1963,WTW,sox,0.0640465116279069,Mt
Historical Trends upper,Aviation,1964,WTW,sox,0.0669767441860465,Mt
Historical Trends upper,Aviation,1965,WTW,sox,0.0715813953488372,Mt
Historical Trends upper,Aviation,1966,WTW,sox,0.0775813953488372,Mt
Historical Trends upper,Aviation,1967,WTW,sox,0.0915348837209302,Mt
Historical Trends upper,Aviation,1968,WTW,sox,0.1036744186046511,Mt
Historical Trends upper,Aviation,1969,WTW,sox,0.1085581395348837,Mt
Historical Trends upper,Aviation,1970,WTW,sox,0.1088372093023255,Mt
Historical Trends upper,Aviation,1971,WTW,sox,0.1255813953488372,Mt
Historical Trends upper,Aviation,1972,WTW,sox,0.133953488372093,Mt
Historical Trends upper,Aviation,1973,WTW,sox,0.1386976744186046,Mt
Historical Trends upper,Aviation,1974,WTW,sox,0.133953488372093,Mt
Historical Trends upper,Aviation,1975,WTW,sox,0.1340930232558139,Mt
Historical Trends upper,Aviation,1976,WTW,sox,0.1345116279069768,Mt
Historical Trends upper,Aviation,1977,WTW,sox,0.1424651162790697,Mt
Historical Trends upper,Aviation,1978,WTW,sox,0.1474883720930233,Mt
Historical Trends upper,Aviation,1979,WTW,sox,0.1536279069767442,Mt
Historical Trends upper,Aviation,1980,WTW,sox,0.1547441860465116,Mt
Historical Trends upper,Aviation,1981,WTW,sox,0.1525116279069767,Mt
Historical Trends upper,Aviation,1982,WTW,sox,0.1541860465116279,Mt
Historical Trends upper,Aviation,1983,WTW,sox,0.1562790697674418,Mt
Historical Trends upper,Aviation,1984,WTW,sox,0.1667441860465116,Mt
Historical Trends upper,Aviation,1985,WTW,sox,0.1721860465116279,Mt
Historical Trends upper,Aviation,1986,WTW,sox,0.1812558139534884,Mt
Historical Trends upper,Aviation,1987,WTW,sox,0.1892093023255814,Mt
Historical Trends upper,Aviation,1988,WTW,sox,0.1973023255813953,Mt
Historical Trends upper,Aviation,1989,WTW,sox,0.2044186046511628,Mt
Historical Trends upper,Aviation,1990,WTW,sox,0.2087148,Mt
Historical Trends upper,Aviation,1991,WTW,sox,0.2018436,Mt
Historical Trends upper,Aviation,1992,WTW,sox,0.2023116,Mt
Historical Trends upper,Aviation,1993,WTW,sox,0.2034156,Mt
Historical Trends upper,Aviation,1994,WTW,sox,0.2131188,Mt
Historical Trends upper,Aviation,1995,WTW,sox,0.2183076,Mt
Historical Trends upper,Aviation,1996,WTW,sox,0.2281884,Mt
Historical Trends upper,Aviation,1997,WTW,sox,0.2351364,Mt
Historical Trends upper,Aviation,1998,WTW,sox,0.2397732,Mt
Historical Trends upper,Aviation,1999,WTW,sox,0.2475072,Mt
Historical Trends upper,Aviation,2000,WTW,sox,0.2603256,Mt
Historical Trends upper,Aviation,2001,WTW,sox,0.2504076,Mt
Historical Trends upper,Aviation,2002,WTW,sox,0.250914,Mt
Historical Trends upper,Aviation,2003,WTW,sox,0.2507568,Mt
Historical Trends upper,Aviation,2004,WTW,sox,0.2665308,Mt
Historical Trends upper,Aviation,2005,WTW,sox,0.27963,Mt
Historical Trends upper,Aviation,2006,WTW,sox,0.2828904,Mt
Historical Trends upper,Aviation,2007,WTW,sox,0.2911056,Mt
Historical Trends upper,Aviation,2008,WTW,sox,0.2897592,Mt
Historical Trends upper,Aviation,2009,WTW,sox,0.2747808,Mt
Historical Trends upper,Aviation,2010,WTW,sox,0.2886552,Mt
Historical Trends upper,Aviation,2011,WTW,sox,0.297216,Mt
Historical Trends upper,Aviation,2012,WTW,sox,0.3004332,Mt
Historical Trends upper,Aviation,2013,WTW,sox,0.3089724,Mt
Historical Trends upper,Aviation,2014,WTW,sox,0.3186924,Mt
Historical Trends upper,Aviation,2015,WTW,sox,0.3360972,Mt
Historical Trends upper,Aviation,2016,WTW,sox,0.3523524,Mt
Historical Trends upper,Aviation,2017,WTW,sox,0.3731411916,Mt
Historical Trends upper,Aviation,2018,WTW,sox,0.3925445335632,Mt
Historical Trends upper,Aviation,2019,WTW,sox,0.351006813,Mt
Historical Trends upper,Aviation,2020,WTW,sox,0.19012869036,Mt
Historical Trends upper,Aviation,2021,WTW,sox,0.22669190004,Mt
Historical Trends upper,Aviation,2022,WTW,sox,0.27788039364,Mt
Historical Trends upper,Aviation,2023,WTW,sox,0.3230367568587177,Mt
Historical Trends upper,Aviation,2024,WTW,sox,0.3495452675987923,Mt
Historical Trends upper,Aviation,2025,WTW,sox,0.3732868687920693,Mt
Historical Trends upper,Aviation,2026,WTW,sox,0.3804281476366086,Mt
Historical Trends upper,Aviation,2027,WTW,sox,0.3882170339272877,Mt
Historical Trends upper,Aviation,2028,WTW,sox,0.3963768622638522,Mt
Historical Trends upper,Aviation,2029,WTW,sox,0.4047947849029413,Mt
Historical Trends upper,Aviation,2030,WTW,sox,0.4134592909854886,Mt
Historical Trends upper,Aviation,2031,WTW,sox,0.4223614316126468,Mt
Historical Trends upper,Aviation,2032,WTW,sox,0.431497582392831,Mt
Historical Trends upper,Aviation,2033,WTW,sox,0.4408787743770404,Mt
Historical Trends upper,Aviation,2034,WTW,sox,0.4505286997949015,Mt
Historical Trends upper,Aviation,2035,WTW,sox,0.4604847284058869,Mt
Historical Trends upper,Aviation,2036,WTW,sox,0.470794814069329,Mt
Historical Trends upper,Aviation,2037,WTW,sox,0.4815126972922758,Mt
Historical Trends upper,Aviation,2038,WTW,sox,0.4926862916672578,Mt
Historical Trends upper,Aviation,2039,WTW,sox,0.504355456078125,Mt
Historical Trends upper,Aviation,2040,WTW,sox,0.5165361559682884,Mt
Historical Trends upper,Aviation,2041,WTW,sox,0.5292234684531103,Mt
Historical Trends upper,Aviation,2042,WTW,sox,0.5423851554678257,Mt
Historical Trends upper,Aviation,2043,WTW,sox,0.5559782675399729,Mt
Historical Trends upper,Aviation,2044,WTW,sox,0.5699592132269886,Mt
Historical Trends upper,Aviation,2045,WTW,sox,0.5842929554062469,Mt
Historical Trends upper,Aviation,2046,WTW,sox,0.5989713311331523,Mt
Historical Trends upper,Aviation,2047,WTW,sox,0.6140140484125088,Mt
Historical Trends upper,Aviation,2048,WTW,sox,0.6294695523944598,Mt
Historical Trends upper,Aviation,2049,WTW,sox,0.6453976163809906,Mt
Historical Trends upper,Aviation,2050,WTW,sox,0.6618568087053001,Mt
SLCP Forward,Aviation,1940,WTW,sox,0.0107441860465116,Mt
SLCP Forward,Aviation,1941,WTW,sox,0.0115813953488372,Mt
SLCP Forward,Aviation,1942,WTW,sox,0.0125581395348837,Mt
SLCP Forward,Aviation,1943,WTW,sox,0.0135348837209302,Mt
SLCP Forward,Aviation,1944,WTW,sox,0.0146511627906976,Mt
SLCP Forward,Aviation,1945,WTW,sox,0.0157674418604651,Mt
SLCP Forward,Aviation,1946,WTW,sox,0.0171627906976744,Mt
SLCP Forward,Aviation,1947,WTW,sox,0.0184186046511627,Mt
SLCP Forward,Aviation,1948,WTW,sox,0.019953488372093,Mt
SLCP Forward,Aviation,1949,WTW,sox,0.0214883720930232,Mt
SLCP Forward,Aviation,1950,WTW,sox,0.0233023255813953,Mt
SLCP Forward,Aviation,1951,WTW,sox,0.0251162790697674,Mt
SLCP Forward,Aviation,1952,WTW,sox,0.0270697674418604,Mt
SLCP Forward,Aviation,1953,WTW,sox,0.0293023255813953,Mt
SLCP Forward,Aviation,1954,WTW,sox,0.0316744186046511,Mt
SLCP Forward,Aviation,1955,WTW,sox,0.0341860465116279,Mt
SLCP Forward,Aviation,1956,WTW,sox,0.0369767441860465,Mt
SLCP Forward,Aviation,1957,WTW,sox,0.039906976744186,Mt
SLCP Forward,Aviation,1958,WTW,sox,0.0431162790697674,Mt
SLCP Forward,Aviation,1959,WTW,sox,0.0464651162790697,Mt
SLCP Forward,Aviation,1960,WTW,sox,0.0502325581395348,Mt
SLCP Forward,Aviation,1961,WTW,sox,0.0551162790697674,Mt
SLCP Forward,Aviation,1962,WTW,sox,0.0606976744186046,Mt
SLCP Forward,Aviation,1963,WTW,sox,0.0640465116279069,Mt
SLCP Forward,Aviation,1964,WTW,sox,0.0669767441860465,Mt
SLCP Forward,Aviation,1965,WTW,sox,0.0715813953488372,Mt
SLCP Forward,Aviation,1966,WTW,sox,0.0775813953488372,Mt
SLCP Forward,Aviation,1967,WTW,sox,0.0915348837209302,Mt
SLCP Forward,Aviation,1968,WTW,sox,0.1036744186046511,Mt
SLCP Forward,Aviation,1969,WTW,sox,0.1085581395348837,Mt
SLCP Forward,Aviation,1970,WTW,sox,0.1088372093023255,Mt
SLCP Forward,Aviation,1971,WTW,sox,0.1255813953488372,Mt
SLCP Forward,Aviation,1972,WTW,sox,0.133953488372093,Mt
SLCP Forward,Aviation,1973,WTW,sox,0.1386976744186046,Mt
SLCP Forward,Aviation,1974,WTW,sox,0.133953488372093,Mt
SLCP Forward,Aviation,1975,WTW,sox,0.1340930232558139,Mt
SLCP Forward,Aviation,1976,WTW,sox,0.1345116279069768,Mt
SLCP Forward,Aviation,1977,WTW,sox,0.1424651162790697,Mt
SLCP Forward,Aviation,1978,WTW,sox,0.1474883720930233,Mt
SLCP Forward,Aviation,1979,WTW,sox,0.1536279069767442,Mt
SLCP Forward,Aviation,1980,WTW,sox,0.1547441860465116,Mt
SLCP Forward,Aviation,1981,WTW,sox,0.1525116279069767,Mt
SLCP Forward,Aviation,1982,WTW,sox,0.1541860465116279,Mt
SLCP Forward,Aviation,1983,WTW,sox,0.1562790697674418,Mt
SLCP Forward,Aviation,1984,WTW,sox,0.1667441860465116,Mt
SLCP Forward,Aviation,1985,WTW,sox,0.1721860465116279,Mt
SLCP Forward,Aviation,1986,WTW,sox,0.1812558139534884,Mt
SLCP Forward,Aviation,1987,WTW,sox,0.1892093023255814,Mt
SLCP Forward,Aviation,1988,WTW,sox,0.1973023255813953,Mt
SLCP Forward,Aviation,1989,WTW,sox,0.2044186046511628,Mt
SLCP Forward,Aviation,1990,WTW,sox,0.2087148,Mt
SLCP Forward,Aviation,1991,WTW,sox,0.2018436,Mt
SLCP Forward,Aviation,1992,WTW,sox,0.2023116,Mt
SLCP Forward,Aviation,1993,WTW,sox,0.2034156,Mt
SLCP Forward,Aviation,1994,WTW,sox,0.2131188,Mt
SLCP Forward,Aviation,1995,WTW,sox,0.2183076,Mt
SLCP Forward,Aviation,1996,WTW,sox,0.2281884,Mt
SLCP Forward,Aviation,1997,WTW,sox,0.2351364,Mt
SLCP Forward,Aviation,1998,WTW,sox,0.2397732,Mt
SLCP Forward,Aviation,1999,WTW,sox,0.2475072,Mt
SLCP Forward,Aviation,2000,WTW,sox,0.2603256,Mt
SLCP Forward,Aviation,2001,WTW,sox,0.2504076,Mt
SLCP Forward,Aviation,2002,WTW,sox,0.250914,Mt
SLCP Forward,Aviation,2003,WTW,sox,0.2507568,Mt
SLCP Forward,Aviation,2004,WTW,sox,0.2665308,Mt
SLCP Forward,Aviation,2005,WTW,sox,0.27963,Mt
SLCP Forward,Aviation,2006,WTW,sox,0.2828904,Mt
SLCP Forward,Aviation,2007,WTW,sox,0.2911056,Mt
SLCP Forward,Aviation,2008,WTW,sox,0.2897592,Mt
SLCP Forward,Aviation,2009,WTW,sox,0.2747808,Mt
SLCP Forward,Aviation,2010,WTW,sox,0.2886552,Mt
SLCP Forward,Aviation,2011,WTW,sox,0.297216,Mt
SLCP Forward,Aviation,2012,WTW,sox,0.3004332,Mt
SLCP Forward,Aviation,2013,WTW,sox,0.3089724,Mt
SLCP Forward,Aviation,2014,WTW,sox,0.3186924,Mt
SLCP Forward,Aviation,2015,WTW,sox,0.3360972,Mt
SLCP Forward,Aviation,2016,WTW,sox,0.3523524,Mt
SLCP Forward,Aviation,2017,WTW,sox,0.3731411916,Mt
SLCP Forward,Aviation,2018,WTW,sox,0.3925445335632,Mt
SLCP Forward,Aviation,2019,WTW,sox,0.351006813,Mt
SLCP Forward,Aviation,2020,WTW,sox,0.19012869036,Mt
SLCP Forward,Aviation,2021,WTW,sox,0.22669190004,Mt
SLCP Forward,Aviation,2022,WTW,sox,0.27788039364,Mt
SLCP Forward,Aviation,2023,WTW,sox,0.3230367568587177,Mt
SLCP Forward,Aviation,2024,WTW,sox,0.3478010332180216,Mt
SLCP Forward,Aviation,2025,WTW,sox,0.3695590751156689,Mt
SLCP Forward,Aviation,2026,WTW,sox,0.3744667761818612,Mt
SLCP Forward,Aviation,2027,WTW,sox,0.3720686884500473,Mt
SLCP Forward,Aviation,2028,WTW,sox,0.369668030554162,Mt
SLCP Forward,Aviation,2029,WTW,sox,0.3543933320808792,Mt
SLCP Forward,Aviation,2030,WTW,sox,0.3386186455624947,Mt
SLCP Forward,Aviation,2031,WTW,sox,0.3215515942481904,Mt
SLCP Forward,Aviation,2032,WTW,sox,0.2962881066877931,Mt
SLCP Forward,Aviation,2033,WTW,sox,0.2700809673435296,Mt
SLCP Forward,Aviation,2034,WTW,sox,0.230254837483906,Mt
SLCP Forward,Aviation,2035,WTW,sox,0.1887546820245206,Mt
SLCP Forward,Aviation,2036,WTW,sox,0.1687084705506491,Mt
SLCP Forward,Aviation,2037,WTW,sox,0.1475505207938331,Mt
SLCP Forward,Aviation,2038,WTW,sox,0.125281894808692,Mt
SLCP Forward,Aviation,2039,WTW,sox,0.1018551263735368,Mt
SLCP Forward,Aviation,2040,WTW,sox,0.0773092113422895,Mt
SLCP Forward,Aviation,2041,WTW,sox,0.0763549300594037,Mt
SLCP Forward,Aviation,2042,WTW,sox,0.0753527019718858,Mt
SLCP Forward,Aviation,2043,WTW,sox,0.0742907656462846,Mt
SLCP Forward,Aviation,2044,WTW,sox,0.0731503748588033,Mt
SLCP Forward,Aviation,2045,WTW,sox,0.0719259687482483,Mt
SLCP Forward,Aviation,2046,WTW,sox,0.0705957403447464,Mt
SLCP Forward,Aviation,2047,WTW,sox,0.069190911347901,Mt
SLCP Forward,Aviation,2048,WTW,sox,0.0677205595514337,Mt
SLCP Forward,Aviation,2049,WTW,sox,0.0662355189867085,Mt
SLCP Forward,Aviation,2050,WTW,sox,0.0647663596014698,Mt
SLCP Forward lower,Aviation,1940,WTW,sox,0.0107441860465116,Mt
SLCP Forward lower,Aviation,1941,WTW,sox,0.0115813953488372,Mt
SLCP Forward lower,Aviation,1942,WTW,sox,0.0125581395348837,Mt
SLCP Forward lower,Aviation,1943,WTW,sox,0.0135348837209302,Mt
SLCP Forward lower,Aviation,1944,WTW,sox,0.0146511627906976,Mt
SLCP Forward lower,Aviation,1945,WTW,sox,0.0157674418604651,Mt
SLCP Forward lower,Aviation,1946,WTW,sox,0.0171627906976744,Mt
SLCP Forward lower,Aviation,1947,WTW,sox,0.0184186046511627,Mt
SLCP Forward lower,Aviation,1948,WTW,sox,0.019953488372093,Mt
SLCP Forward lower,Aviation,1949,WTW,sox,0.0214883720930232,Mt
SLCP Forward lower,Aviation,1950,WTW,sox,0.0233023255813953,Mt
SLCP Forward lower,Aviation,1951,WTW,sox,0.0251162790697674,Mt
SLCP Forward lower,Aviation,1952,WTW,sox,0.0270697674418604,Mt
SLCP Forward lower,Aviation,1953,WTW,sox,0.0293023255813953,Mt
SLCP Forward lower,Aviation,1954,WTW,sox,0.0316744186046511,Mt
SLCP Forward lower,Aviation,1955,WTW,sox,0.0341860465116279,Mt
SLCP Forward lower,Aviation,1956,WTW,sox,0.0369767441860465,Mt
SLCP Forward lower,Aviation,1957,WTW,sox,0.039906976744186,Mt
SLCP Forward lower,Aviation,1958,WTW,sox,0.0431162790697674,Mt
SLCP Forward lower,Aviation,1959,WTW,sox,0.0464651162790697,Mt
SLCP Forward lower,Aviation,1960,WTW,sox,0.0502325581395348,Mt
SLCP Forward lower,Aviation,1961,WTW,sox,0.0551162790697674,Mt
SLCP Forward lower,Aviation,1962,WTW,sox,0.0606976744186046,Mt
SLCP Forward lower,Aviation,1963,WTW,sox,0.0640465116279069,Mt
SLCP Forward lower,Aviation,1964,WTW,sox,0.0669767441860465,Mt
SLCP Forward lower,Aviation,1965,WTW,sox,0.0715813953488372,Mt
SLCP Forward lower,Aviation,1966,WTW,sox,0.0775813953488372,Mt
SLCP Forward lower,Aviation,1967,WTW,sox,0.0915348837209302,Mt
SLCP Forward lower,Aviation,1968,WTW,sox,0.1036744186046511,Mt
SLCP Forward lower,Aviation,1969,WTW,sox,0.1085581395348837,Mt
SLCP Forward lower,Aviation,1970,WTW,sox,0.1088372093023255,Mt
SLCP Forward lower,Aviation,1971,WTW,sox,0.1255813953488372,Mt
SLCP Forward lower,Aviation,1972,WTW,sox,0.133953488372093,Mt
SLCP Forward lower,Aviation,1973,WTW,sox,0.1386976744186046,Mt
SLCP Forward lower,Aviation,1974,WTW,sox,0.133953488372093,Mt
SLCP Forward lower,Aviation,1975,WTW,sox,0.1340930232558139,Mt
SLCP Forward lower,Aviation,1976,WTW,sox,0.1345116279069768,Mt
SLCP Forward lower,Aviation,1977,WTW,sox,0.1424651162790697,Mt
SLCP Forward lower,Aviation,1978,WTW,sox,0.1474883720930233,Mt
SLCP Forward lower,Aviation,1979,WTW,sox,0.1536279069767442,Mt
SLCP Forward lower,Aviation,1980,WTW,sox,0.1547441860465116,Mt
SLCP Forward lower,Aviation,1981,WTW,sox,0.1525116279069767,Mt
SLCP Forward lower,Aviation,1982,WTW,sox,0.1541860465116279,Mt
SLCP Forward lower,Aviation,1983,WTW,sox,0.1562790697674418,Mt
SLCP Forward lower,Aviation,1984,WTW,sox,0.1667441860465116,Mt
SLCP Forward lower,Aviation,1985,WTW,sox,0.1721860465116279,Mt
SLCP Forward lower,Aviation,1986,WTW,sox,0.1812558139534884,Mt
SLCP Forward lower,Aviation,1987,WTW,sox,0.1892093023255814,Mt
SLCP Forward lower,Aviation,1988,WTW,sox,0.1973023255813953,Mt
SLCP Forward lower,Aviation,1989,WTW,sox,0.2044186046511628,Mt
SLCP Forward lower,Aviation,1990,WTW,sox,0.2087148,Mt
SLCP Forward lower,Aviation,1991,WTW,sox,0.2018436,Mt
SLCP Forward lower,Aviation,1992,WTW,sox,0.2023116,Mt
SLCP Forward lower,Aviation,1993,WTW,sox,0.2034156,Mt
SLCP Forward lower,Aviation,1994,WTW,sox,0.2131188,Mt
SLCP Forward lower,Aviation,1995,WTW,sox,0.2183076,Mt
SLCP Forward lower,Aviation,1996,WTW,sox,0.2281884,Mt
SLCP Forward lower,Aviation,1997,WTW,sox,0.2351364,Mt
SLCP Forward lower,Aviation,1998,WTW,sox,0.2397732,Mt
SLCP Forward lower,Aviation,1999,WTW,sox,0.2475072,Mt
SLCP Forward lower,Aviation,2000,WTW,sox,0.2603256,Mt
SLCP Forward lower,Aviation,2001,WTW,sox,0.2504076,Mt
SLCP Forward lower,Aviation,2002,WTW,sox,0.250914,Mt
SLCP Forward lower,Aviation,2003,WTW,sox,0.2507568,Mt
SLCP Forward lower,Aviation,2004,WTW,sox,0.2665308,Mt
SLCP Forward lower,Aviation,2005,WTW,sox,0.27963,Mt
SLCP Forward lower,Aviation,2006,WTW,sox,0.2828904,Mt
SLCP Forward lower,Aviation,2007,WTW,sox,0.2911056,Mt
SLCP Forward lower,Aviation,2008,WTW,sox,0.2897592,Mt
SLCP Forward lower,Aviation,2009,WTW,sox,0.2747808,Mt
SLCP Forward lower,Aviation,2010,WTW,sox,0.2886552,Mt
SLCP Forward lower,Aviation,2011,WTW,sox,0.297216,Mt
SLCP Forward lower,Aviation,2012,WTW,sox,0.3004332,Mt
SLCP Forward lower,Aviation,2013,WTW,sox,0.3089724,Mt
SLCP Forward lower,Aviation,2014,WTW,sox,0.3186924,Mt
SLCP Forward lower,Aviation,2015,WTW,sox,0.3360972,Mt
SLCP Forward lower,Aviation,2016,WTW,sox,0.3523524,Mt
SLCP Forward lower,Aviation,2017,WTW,sox,0.3731411916,Mt
SLCP Forward lower,Aviation,2018,WTW,sox,0.3925445335632,Mt
SLCP Forward lower,Aviation,2019,WTW,sox,0.351006813,Mt
SLCP Forward lower,Aviation,2020,WTW,sox,0.19012869036,Mt
SLCP Forward lower,Aviation,2021,WTW,sox,0.22669190004,Mt
SLCP Forward lower,Aviation,2022,WTW,sox,0.27788039364,Mt
SLCP Forward lower,Aviation,2023,WTW,sox,0.3230367568587177,Mt
SLCP Forward lower,Aviation,2024,WTW,sox,0.3478010332180216,Mt
SLCP Forward lower,Aviation,2025,WTW,sox,0.3695590751156689,Mt
SLCP Forward lower,Aviation,2026,WTW,sox,0.3744667761818612,Mt
SLCP Forward lower,Aviation,2027,WTW,sox,0.3720686884500473,Mt
SLCP Forward lower,Aviation,2028,WTW,sox,0.369668030554162,Mt
SLCP Forward lower,Aviation,2029,WTW,sox,0.3543933320808792,Mt
SLCP Forward lower,Aviation,2030,WTW,sox,0.3386186455624947,Mt
SLCP Forward lower,Aviation,2031,WTW,sox,0.3215515942481904,Mt
SLCP Forward lower,Aviation,2032,WTW,sox,0.2962881066877931,Mt
SLCP Forward lower,Aviation,2033,WTW,sox,0.2700809673435296,Mt
SLCP Forward lower,Aviation,2034,WTW,sox,0.230254837483906,Mt
SLCP Forward lower,Aviation,2035,WTW,sox,0.1887546820245206,Mt
SLCP Forward lower,Aviation,2036,WTW,sox,0.1687084705506491,Mt
SLCP Forward lower,Aviation,2037,WTW,sox,0.1475505207938331,Mt
SLCP Forward lower,Aviation,2038,WTW,sox,0.125281894808692,Mt
SLCP Forward lower,Aviation,2039,WTW,sox,0.1018551263735368,Mt
SLCP Forward lower,Aviation,2040,WTW,sox,0.0773092113422895,Mt
SLCP Forward lower,Aviation,2041,WTW,sox,0.0763549300594037,Mt
SLCP Forward lower,Aviation,2042,WTW,sox,0.0753527019718858,Mt
SLCP Forward lower,Aviation,2043,WTW,sox,0.0742907656462846,Mt
SLCP Forward lower,Aviation,2044,WTW,sox,0.0731503748588033,Mt
SLCP Forward lower,Aviation,2045,WTW,sox,0.0719259687482483,Mt
SLCP Forward lower,Aviation,2046,WTW,sox,0.0705957403447464,Mt
SLCP Forward lower,Aviation,2047,WTW,sox,0.069190911347901,Mt
SLCP Forward lower,Aviation,2048,WTW,sox,0.0677205595514337,Mt
SLCP Forward lower,Aviation,2049,WTW,sox,0.0662355189867085,Mt
SLCP Forward lower,Aviation,2050,WTW,sox,0.0647663596014698,Mt
SLCP Forward upper,Aviation,1940,WTW,sox,0.0107441860465116,Mt
SLCP Forward upper,Aviation,1941,WTW,sox,0.0115813953488372,Mt
SLCP Forward upper,Aviation,1942,WTW,sox,0.0125581395348837,Mt
SLCP Forward upper,Aviation,1943,WTW,sox,0.0135348837209302,Mt
SLCP Forward upper,Aviation,1944,WTW,sox,0.0146511627906976,Mt
SLCP Forward upper,Aviation,1945,WTW,sox,0.0157674418604651,Mt
SLCP Forward upper,Aviation,1946,WTW,sox,0.0171627906976744,Mt
SLCP Forward upper,Aviation,1947,WTW,sox,0.0184186046511627,Mt
SLCP Forward upper,Aviation,1948,WTW,sox,0.019953488372093,Mt
SLCP Forward upper,Aviation,1949,WTW,sox,0.0214883720930232,Mt
SLCP Forward upper,Aviation,1950,WTW,sox,0.0233023255813953,Mt
SLCP Forward upper,Aviation,1951,WTW,sox,0.0251162790697674,Mt
SLCP Forward upper,Aviation,1952,WTW,sox,0.0270697674418604,Mt
SLCP Forward upper,Aviation,1953,WTW,sox,0.0293023255813953,Mt
SLCP Forward upper,Aviation,1954,WTW,sox,0.0316744186046511,Mt
SLCP Forward upper,Aviation,1955,WTW,sox,0.0341860465116279,Mt
SLCP Forward upper,Aviation,1956,WTW,sox,0.0369767441860465,Mt
SLCP Forward upper,Aviation,1957,WTW,sox,0.039906976744186,Mt
SLCP Forward upper,Aviation,1958,WTW,sox,0.0431162790697674,Mt
SLCP Forward upper,Aviation,1959,WTW,sox,0.0464651162790697,Mt
SLCP Forward upper,Aviation,1960,WTW,sox,0.0502325581395348,Mt
SLCP Forward upper,Aviation,1961,WTW,sox,0.0551162790697674,Mt
SLCP Forward upper,Aviation,1962,WTW,sox,0.0606976744186046,Mt
SLCP Forward upper,Aviation,1963,WTW,sox,0.0640465116279069,Mt
SLCP Forward upper,Aviation,1964,WTW,sox,0.0669767441860465,Mt
SLCP Forward upper,Aviation,1965,WTW,sox,0.0715813953488372,Mt
SLCP Forward upper,Aviation,1966,WTW,sox,0.0775813953488372,Mt
SLCP Forward upper,Aviation,1967,WTW,sox,0.0915348837209302,Mt
SLCP Forward upper,Aviation,1968,WTW,sox,0.1036744186046511,Mt
SLCP Forward upper,Aviation,1969,WTW,sox,0.1085581395348837,Mt
SLCP Forward upper,Aviation,1970,WTW,sox,0.1088372093023255,Mt
SLCP Forward upper,Aviation,1971,WTW,sox,0.1255813953488372,Mt
SLCP Forward upper,Aviation,1972,WTW,sox,0.133953488372093,Mt
SLCP Forward upper,Aviation,1973,WTW,sox,0.1386976744186046,Mt
SLCP Forward upper,Aviation,1974,WTW,sox,0.133953488372093,Mt
SLCP Forward upper,Aviation,1975,WTW,sox,0.1340930232558139,Mt
SLCP Forward upper,Aviation,1976,WTW,sox,0.1345116279069768,Mt
SLCP Forward upper,Aviation,1977,WTW,sox,0.1424651162790697,Mt
SLCP Forward upper,Aviation,1978,WTW,sox,0.1474883720930233,Mt
SLCP Forward upper,Aviation,1979,WTW,sox,0.1536279069767442,Mt
SLCP Forward upper,Aviation,1980,WTW,sox,0.1547441860465116,Mt
SLCP Forward upper,Aviation,1981,WTW,sox,0.1525116279069767,Mt
SLCP Forward upper,Aviation,1982,WTW,sox,0.1541860465116279,Mt
SLCP Forward upper,Aviation,1983,WTW,sox,0.1562790697674418,Mt
SLCP Forward upper,Aviation,1984,WTW,sox,0.1667441860465116,Mt
SLCP Forward upper,Aviation,1985,WTW,sox,0.1721860465116279,Mt
SLCP Forward upper,Aviation,1986,WTW,sox,0.1812558139534884,Mt
SLCP Forward upper,Aviation,1987,WTW,sox,0.1892093023255814,Mt
SLCP Forward upper,Aviation,1988,WTW,sox,0.1973023255813953,Mt
SLCP Forward upper,Aviation,1989,WTW,sox,0.2044186046511628,Mt
SLCP Forward upper,Aviation,1990,WTW,sox,0.2087148,Mt
SLCP Forward upper,Aviation,1991,WTW,sox,0.2018436,Mt
SLCP Forward upper,Aviation,1992,WTW,sox,0.2023116,Mt
SLCP Forward upper,Aviation,1993,WTW,sox,0.2034156,Mt
SLCP Forward upper,Aviation,1994,WTW,sox,0.2131188,Mt
SLCP Forward upper,Aviation,1995,WTW,sox,0.2183076,Mt
SLCP Forward upper,Aviation,1996,WTW,sox,0.2281884,Mt
SLCP Forward upper,Aviation,1997,WTW,sox,0.2351364,Mt
SLCP Forward upper,Aviation,1998,WTW,sox,0.2397732,Mt
SLCP Forward upper,Aviation,1999,WTW,sox,0.2475072,Mt
SLCP Forward upper,Aviation,2000,WTW,sox,0.2603256,Mt
SLCP Forward upper,Aviation,2001,WTW,sox,0.2504076,Mt
SLCP Forward upper,Aviation,2002,WTW,sox,0.250914,Mt
SLCP Forward upper,Aviation,2003,WTW,sox,0.2507568,Mt
SLCP Forward upper,Aviation,2004,WTW,sox,0.2665308,Mt
SLCP Forward upper,Aviation,2005,WTW,sox,0.27963,Mt
SLCP Forward upper,Aviation,2006,WTW,sox,0.2828904,Mt
SLCP Forward upper,Aviation,2007,WTW,sox,0.2911056,Mt
SLCP Forward upper,Aviation,2008,WTW,sox,0.2897592,Mt
SLCP Forward upper,Aviation,2009,WTW,sox,0.2747808,Mt
SLCP Forward upper,Aviation,2010,WTW,sox,0.2886552,Mt
SLCP Forward upper,Aviation,2011,WTW,sox,0.297216,Mt
SLCP Forward upper,Aviation,2012,WTW,sox,0.3004332,Mt
SLCP Forward upper,Aviation,2013,WTW,sox,0.3089724,Mt
SLCP Forward upper,Aviation,2014,WTW,sox,0.3186924,Mt
SLCP Forward upper,Aviation,2015,WTW,sox,0.3360972,Mt
SLCP Forward upper,Aviation,2016,WTW,sox,0.3523524,Mt
SLCP Forward upper,Aviation,2017,WTW,sox,0.3731411916,Mt
SLCP Forward upper,Aviation,2018,WTW,sox,0.3925445335632,Mt
SLCP Forward upper,Aviation,2019,WTW,sox,0.351006813,Mt
SLCP Forward upper,Aviation,2020,WTW,sox,0.19012869036,Mt
SLCP Forward upper,Aviation,2021,WTW,sox,0.22669190004,Mt
SLCP Forward upper,Aviation,2022,WTW,sox,0.27788039364,Mt
SLCP Forward upper,Aviation,2023,WTW,sox,0.3230367568587177,Mt
SLCP Forward upper,Aviation,2024,WTW,sox,0.3478010332180216,Mt
SLCP Forward upper,Aviation,2025,WTW,sox,0.3695590751156689,Mt
SLCP Forward upper,Aviation,2026,WTW,sox,0.3744667761818612,Mt
SLCP Forward upper,Aviation,2027,WTW,sox,0.3720686884500473,Mt
SLCP Forward upper,Aviation,2028,WTW,sox,0.369668030554162,Mt
SLCP Forward upper,Aviation,2029,WTW,sox,0.3543933320808792,Mt
SLCP Forward upper,Aviation,2030,WTW,sox,0.3386186455624947,Mt
SLCP Forward upper,Aviation,2031,WTW,sox,0.3215515942481904,Mt
SLCP Forward upper,Aviation,2032,WTW,sox,0.2962881066877931,Mt
SLCP Forward upper,Aviation,2033,WTW,sox,0.2700809673435296,Mt
SLCP Forward upper,Aviation,2034,WTW,sox,0.230254837483906,Mt
SLCP Forward upper,Aviation,2035,WTW,sox,0.1887546820245206,Mt
SLCP Forward upper,Aviation,2036,WTW,sox,0.1687084705506491,Mt
SLCP Forward upper,Aviation,2037,WTW,sox,0.1475505207938331,Mt
SLCP Forward upper,Aviation,2038,WTW,sox,0.125281894808692,Mt
SLCP Forward upper,Aviation,2039,WTW,sox,0.1018551263735368,Mt
SLCP Forward upper,Aviation,2040,WTW,sox,0.0773092113422895,Mt
SLCP Forward upper,Aviation,2041,WTW,sox,0.0763549300594037,Mt
SLCP Forward upper,Aviation,2042,WTW,sox,0.0753527019718858,Mt
SLCP Forward upper,Aviation,2043,WTW,sox,0.0742907656462846,Mt
SLCP Forward upper,Aviation,2044,WTW,sox,0.0731503748588033,Mt
SLCP Forward upper,Aviation,2045,WTW,sox,0.0719259687482483,Mt
SLCP Forward upper,Aviation,2046,WTW,sox,0.0705957403447464,Mt
SLCP Forward upper,Aviation,2047,WTW,sox,0.069190911347901,Mt
SLCP Forward upper,Aviation,2048,WTW,sox,0.0677205595514337,Mt
SLCP Forward upper,Aviation,2049,WTW,sox,0.0662355189867085,Mt
SLCP Forward upper,Aviation,2050,WTW,sox,0.0647663596014698,Mt
Current Commitments,Aviation,1940,WTW,nox,0.0005128265980987,Mt
Current Commitments,Aviation,1941,WTW,nox,0.0005527871122363,Mt
Current Commitments,Aviation,1942,WTW,nox,0.0005994077120634,Mt
Current Commitments,Aviation,1943,WTW,nox,0.0006460283118906,Mt
Current Commitments,Aviation,1944,WTW,nox,0.0006993089974073,Mt
Current Commitments,Aviation,1945,WTW,nox,0.0007525896829241,Mt
Current Commitments,Aviation,1946,WTW,nox,0.00081919053982,Mt
Current Commitments,Aviation,1947,WTW,nox,0.0008791313110264,Mt
Current Commitments,Aviation,1948,WTW,nox,0.0009523922536119,Mt
Current Commitments,Aviation,1949,WTW,nox,0.0010256531961974,Mt
Current Commitments,Aviation,1950,WTW,nox,0.0011122343101622,Mt
Current Commitments,Aviation,1951,WTW,nox,0.0011988154241269,Mt
Current Commitments,Aviation,1952,WTW,nox,0.0012920566237812,Mt
Current Commitments,Aviation,1953,WTW,nox,0.0013986179948147,Mt
Current Commitments,Aviation,1954,WTW,nox,0.0015118394515378,Mt
Current Commitments,Aviation,1955,WTW,nox,0.0016317209939505,Mt
Current Commitments,Aviation,1956,WTW,nox,0.0017649227077424,Mt
Current Commitments,Aviation,1957,WTW,nox,0.0019047845072238,Mt
Current Commitments,Aviation,1958,WTW,nox,0.0020579664780845,Mt
Current Commitments,Aviation,1959,WTW,nox,0.0022178085346348,Mt
Current Commitments,Aviation,1960,WTW,nox,0.0023976308482538,Mt
Current Commitments,Aviation,1961,WTW,nox,0.0026307338473896,Mt
Current Commitments,Aviation,1962,WTW,nox,0.0028971372749734,Mt
Current Commitments,Aviation,1963,WTW,nox,0.0030569793315236,Mt
Current Commitments,Aviation,1964,WTW,nox,0.0031968411310051,Mt
Current Commitments,Aviation,1965,WTW,nox,0.0034166239587617,Mt
Current Commitments,Aviation,1966,WTW,nox,0.0037030076434142,Mt
Current Commitments,Aviation,1967,WTW,nox,0.0043690162123736,Mt
Current Commitments,Aviation,1968,WTW,nox,0.0049484436673683,Mt
Current Commitments,Aviation,1969,WTW,nox,0.0051815466665041,Mt
Current Commitments,Aviation,1970,WTW,nox,0.0051948668378833,Mt
Current Commitments,Aviation,1971,WTW,nox,0.0059940771206346,Mt
Current Commitments,Aviation,1972,WTW,nox,0.0063936822620102,Mt
Current Commitments,Aviation,1973,WTW,nox,0.0066201251754564,Mt
Current Commitments,Aviation,1974,WTW,nox,0.0063936822620102,Mt
Current Commitments,Aviation,1975,WTW,nox,0.0064003423476998,Mt
Current Commitments,Aviation,1976,WTW,nox,0.0064203226047686,Mt
Current Commitments,Aviation,1977,WTW,nox,0.0067999474890755,Mt
Current Commitments,Aviation,1978,WTW,nox,0.0070397105739009,Mt
Current Commitments,Aviation,1979,WTW,nox,0.007332754344243,Mt
Current Commitments,Aviation,1980,WTW,nox,0.0073860350297597,Mt
Current Commitments,Aviation,1981,WTW,nox,0.0072794736587262,Mt
Current Commitments,Aviation,1982,WTW,nox,0.0073593946870014,Mt
Current Commitments,Aviation,1983,WTW,nox,0.0074592959723453,Mt
Current Commitments,Aviation,1984,WTW,nox,0.0079588023990648,Mt
Current Commitments,Aviation,1985,WTW,nox,0.008218545740959,Mt
Current Commitments,Aviation,1986,WTW,nox,0.0086514513107826,Mt
Current Commitments,Aviation,1987,WTW,nox,0.0090310761950895,Mt
Current Commitments,Aviation,1988,WTW,nox,0.0094173611650859,Mt
Current Commitments,Aviation,1989,WTW,nox,0.0097570255352552,Mt
Current Commitments,Aviation,1990,WTW,nox,0.0099620855775864,Mt
Current Commitments,Aviation,1991,WTW,nox,0.0096341189819223,Mt
Current Commitments,Aviation,1992,WTW,nox,0.0096564569093252,Mt
Current Commitments,Aviation,1993,WTW,nox,0.0097091515073013,Mt
Current Commitments,Aviation,1994,WTW,nox,0.0101722912021214,Mt
Current Commitments,Aviation,1995,WTW,nox,0.0104199558126089,Mt
Current Commitments,Aviation,1996,WTW,nox,0.0108915724644947,Mt
Current Commitments,Aviation,1997,WTW,nox,0.0112232047713224,Mt
Current Commitments,Aviation,1998,WTW,nox,0.0114445220828218,Mt
Current Commitments,Aviation,1999,WTW,nox,0.011813670652339,Mt
Current Commitments,Aviation,2000,WTW,nox,0.0124255007562307,Mt
Current Commitments,Aviation,2001,WTW,nox,0.0119521085255,Mt
Current Commitments,Aviation,2002,WTW,nox,0.0119762793084847,Mt
Current Commitments,Aviation,2003,WTW,nox,0.0119687760559468,Mt
Current Commitments,Aviation,2004,WTW,nox,0.0127216787628983,Mt
Current Commitments,Aviation,2005,WTW,nox,0.0133469116232318,Mt
Current Commitments,Aviation,2006,WTW,nox,0.013502532517472,Mt
Current Commitments,Aviation,2007,WTW,nox,0.0138946490584982,Mt
Current Commitments,Aviation,2008,WTW,nox,0.0138303845596622,Mt
Current Commitments,Aviation,2009,WTW,nox,0.0131154563292956,Mt
Current Commitments,Aviation,2010,WTW,nox,0.0137776899616861,Mt
Current Commitments,Aviation,2011,WTW,nox,0.0141863022029484,Mt
Current Commitments,Aviation,2012,WTW,nox,0.0143398611346591,Mt
Current Commitments,Aviation,2013,WTW,nox,0.0147474423946566,Mt
Current Commitments,Aviation,2014,WTW,nox,0.0152113839637937,Mt
Current Commitments,Aviation,2015,WTW,nox,0.0160421257562338,Mt
Current Commitments,Aviation,2016,WTW,nox,0.0168179964346945,Mt
Current Commitments,Aviation,2017,WTW,nox,0.0178102582243414,Mt
Current Commitments,Aviation,2018,WTW,nox,0.0187363916520072,Mt
Current Commitments,Aviation,2019,WTW,nox,0.0167537707408477,Mt
Current Commitments,Aviation,2020,WTW,nox,0.0090749591505765,Mt
Current Commitments,Aviation,2021,WTW,nox,0.0108201436023902,Mt
Current Commitments,Aviation,2022,WTW,nox,0.0132634018372204,Mt
Current Commitments,Aviation,2023,WTW,nox,0.0154187427845679,Mt
Current Commitments,Aviation,2024,WTW,nox,0.0167488919197813,Mt
Current Commitments,Aviation,2025,WTW,nox,0.0179318535572158,Mt
Current Commitments,Aviation,2026,WTW,nox,0.0183365384103958,Mt
Current Commitments,Aviation,2027,WTW,nox,0.0187748100566333,Mt
Current Commitments,Aviation,2028,WTW,nox,0.0192331650725476,Mt
Current Commitments,Aviation,2029,WTW,nox,0.0197061309199893,Mt
Current Commitments,Aviation,2030,WTW,nox,0.0201932767551789,Mt
Current Commitments,Aviation,2031,WTW,nox,0.0206941331403983,Mt
Current Commitments,Aviation,2032,WTW,nox,0.0212092638774366,Mt
Current Commitments,Aviation,2033,WTW,nox,0.0217392929087915,Mt
Current Commitments,Aviation,2034,WTW,nox,0.0222854924423655,Mt
Current Commitments,Aviation,2035,WTW,nox,0.0228252744405039,Mt
Current Commitments,Aviation,2036,WTW,nox,0.0233488266711291,Mt
Current Commitments,Aviation,2037,WTW,nox,0.0238225111898028,Mt
Current Commitments,Aviation,2038,WTW,nox,0.0242106513238011,Mt
Current Commitments,Aviation,2039,WTW,nox,0.0245203940827966,Mt
Current Commitments,Aviation,2040,WTW,nox,0.0248000605874998,Mt
Current Commitments,Aviation,2041,WTW,nox,0.0250750975409772,Mt
Current Commitments,Aviation,2042,WTW,nox,0.0253301040637909,Mt
Current Commitments,Aviation,2043,WTW,nox,0.0255560482802698,Mt
Current Commitments,Aviation,2044,WTW,nox,0.0257402644712716,Mt
Current Commitments,Aviation,2045,WTW,nox,0.0258790567030233,Mt
Current Commitments,Aviation,2046,WTW,nox,0.0259499692922563,Mt
Current Commitments,Aviation,2047,WTW,nox,0.0259775808425498,Mt
Current Commitments,Aviation,2048,WTW,nox,0.0259623217085107,Mt
Current Commitments,Aviation,2049,WTW,nox,0.0259450007092333,Mt
Current Commitments,Aviation,2050,WTW,nox,0.0259541467260121,Mt
Current Commitments lower,Aviation,1940,WTW,nox,1.7163992262896657e-05,Mt
Current Commitments lower,Aviation,1941,WTW,nox,1.8501446205460037e-05,Mt
Current Commitments lower,Aviation,1942,WTW,nox,2.0061809138450635e-05,Mt
Current Commitments lower,Aviation,1943,WTW,nox,2.162217207144124e-05,Mt
Current Commitments lower,Aviation,1944,WTW,nox,2.3405443994859077e-05,Mt
Current Commitments lower,Aviation,1945,WTW,nox,2.518871591827691e-05,Mt
Current Commitments lower,Aviation,1946,WTW,nox,2.7417805822549203e-05,Mt
Current Commitments lower,Aviation,1947,WTW,nox,2.9423986736394262e-05,Mt
Current Commitments lower,Aviation,1948,WTW,nox,3.1875985631093786e-05,Mt
Current Commitments lower,Aviation,1949,WTW,nox,3.4327984525793314e-05,Mt
Current Commitments lower,Aviation,1950,WTW,nox,3.72258014013473e-05,Mt
Current Commitments lower,Aviation,1951,WTW,nox,4.012361827690127e-05,Mt
Current Commitments lower,Aviation,1952,WTW,nox,4.324434414288248e-05,Mt
Current Commitments lower,Aviation,1953,WTW,nox,4.6810887989718155e-05,Mt
Current Commitments lower,Aviation,1954,WTW,nox,5.060034082698105e-05,Mt
Current Commitments lower,Aviation,1955,WTW,nox,5.461270265467118e-05,Mt
Current Commitments lower,Aviation,1956,WTW,nox,5.907088246321577e-05,Mt
Current Commitments lower,Aviation,1957,WTW,nox,6.375197126218757e-05,Mt
Current Commitments lower,Aviation,1958,WTW,nox,6.887887804201384e-05,Mt
Current Commitments lower,Aviation,1959,WTW,nox,7.422869381226734e-05,Mt
Current Commitments lower,Aviation,1960,WTW,nox,8.024723655380254e-05,Mt
Current Commitments lower,Aviation,1961,WTW,nox,8.804905121875558e-05,Mt
Current Commitments lower,Aviation,1962,WTW,nox,9.696541083584476e-05,Mt
Current Commitments lower,Aviation,1963,WTW,nox,0.000102315226606,Mt
Current Commitments lower,Aviation,1964,WTW,nox,0.000106996315405,Mt
Current Commitments lower,Aviation,1965,WTW,nox,0.0001143523120891,Mt
Current Commitments lower,Aviation,1966,WTW,nox,0.0001239373986775,Mt
Current Commitments lower,Aviation,1967,WTW,nox,0.0001462282977202,Mt
Current Commitments lower,Aviation,1968,WTW,nox,0.0001656213798874,Mt
Current Commitments lower,Aviation,1969,WTW,nox,0.0001734231945523,Mt
Current Commitments lower,Aviation,1970,WTW,nox,0.0001738690125332,Mt
Current Commitments lower,Aviation,1971,WTW,nox,0.0002006180913845,Mt
Current Commitments lower,Aviation,1972,WTW,nox,0.0002139926308101,Mt
Current Commitments lower,Aviation,1973,WTW,nox,0.0002215715364846,Mt
Current Commitments lower,Aviation,1974,WTW,nox,0.0002139926308101,Mt
Current Commitments lower,Aviation,1975,WTW,nox,0.0002142155398005,Mt
Current Commitments lower,Aviation,1976,WTW,nox,0.0002148842667718,Mt
Current Commitments lower,Aviation,1977,WTW,nox,0.0002275900792262,Mt
Current Commitments lower,Aviation,1978,WTW,nox,0.0002356148028815,Mt
Current Commitments lower,Aviation,1979,WTW,nox,0.0002454227984603,Mt
Current Commitments lower,Aviation,1980,WTW,nox,0.0002472060703837,Mt
Current Commitments lower,Aviation,1981,WTW,nox,0.0002436395265369,Mt
Current Commitments lower,Aviation,1982,WTW,nox,0.000246314434422,Mt
Current Commitments lower,Aviation,1983,WTW,nox,0.0002496580692784,Mt
Current Commitments lower,Aviation,1984,WTW,nox,0.0002663762435605,Mt
Current Commitments lower,Aviation,1985,WTW,nox,0.0002750696941872,Mt
Current Commitments lower,Aviation,1986,WTW,nox,0.0002895587785649,Mt
Current Commitments lower,Aviation,1987,WTW,nox,0.0003022645910193,Mt
Current Commitments lower,Aviation,1988,WTW,nox,0.0003151933124641,Mt
Current Commitments lower,Aviation,1989,WTW,nox,0.0003265616709758,Mt
Current Commitments lower,Aviation,1990,WTW,nox,0.0003334249050457,Mt
Current Commitments lower,Aviation,1991,WTW,nox,0.0003224480638847,Mt
Current Commitments lower,Aviation,1992,WTW,nox,0.0003231957006386,Mt
Current Commitments lower,Aviation,1993,WTW,nox,0.0003249593565709,Mt
Current Commitments lower,Aviation,1994,WTW,nox,0.0003404603586016,Mt
Current Commitments lower,Aviation,1995,WTW,nox,0.0003487495414832,Mt
Current Commitments lower,Aviation,1996,WTW,nox,0.0003645342620769,Mt
Current Commitments lower,Aviation,1997,WTW,nox,0.0003756337923463,Mt
Current Commitments lower,Aviation,1998,WTW,nox,0.0003830411472617,Mt
Current Commitments lower,Aviation,1999,WTW,nox,0.0003953963238742,Mt
Current Commitments lower,Aviation,2000,WTW,nox,0.0004158739028615,Mt
Current Commitments lower,Aviation,2001,WTW,nox,0.000400029754731,Mt
Current Commitments lower,Aviation,2002,WTW,nox,0.000400838736039,Mt
Current Commitments lower,Aviation,2003,WTW,nox,0.0004005876067704,Mt
Current Commitments lower,Aviation,2004,WTW,nox,0.0004257867994112,Mt
Current Commitments lower,Aviation,2005,WTW,nox,0.000446712960451,Mt
Current Commitments lower,Aviation,2006,WTW,nox,0.0004519214965031,Mt
Current Commitments lower,Aviation,2007,WTW,nox,0.0004650453970599,Mt
Current Commitments lower,Aviation,2008,WTW,nox,0.0004628945036295,Mt
Current Commitments lower,Aviation,2009,WTW,nox,0.0004389662934703,Mt
Current Commitments lower,Aviation,2010,WTW,nox,0.0004611308476972,Mt
Current Commitments lower,Aviation,2011,WTW,nox,0.0004748068492415,Mt
Current Commitments lower,Aviation,2012,WTW,nox,0.0004799463726702,Mt
Current Commitments lower,Aviation,2013,WTW,nox,0.0004935878679027,Mt
Current Commitments lower,Aviation,2014,WTW,nox,0.0005091157081759,Mt
Current Commitments lower,Aviation,2015,WTW,nox,0.0005369201273514,Mt
Current Commitments lower,Aviation,2016,WTW,nox,0.0005628880439367,Mt
Current Commitments lower,Aviation,2017,WTW,nox,0.0005960984385289,Mt
Current Commitments lower,Aviation,2018,WTW,nox,0.0006270955573324,Mt
Current Commitments lower,Aviation,2019,WTW,nox,0.0005607384492855,Mt
Current Commitments lower,Aviation,2020,WTW,nox,0.0003037333266723,Mt
Current Commitments lower,Aviation,2021,WTW,nox,0.0003621435817942,Mt
Current Commitments lower,Aviation,2022,WTW,nox,0.0004439179390416,Mt
Current Commitments lower,Aviation,2023,WTW,nox,0.0005160558809528,Mt
Current Commitments lower,Aviation,2024,WTW,nox,0.0005605751581314,Mt
Current Commitments lower,Aviation,2025,WTW,nox,0.0006001681598741,Mt
Current Commitments lower,Aviation,2026,WTW,nox,0.0006137127141438,Mt
Current Commitments lower,Aviation,2027,WTW,nox,0.0006283813978138,Mt
Current Commitments lower,Aviation,2028,WTW,nox,0.0006437222595709,Mt
Current Commitments lower,Aviation,2029,WTW,nox,0.0006595521369139,Mt
Current Commitments lower,Aviation,2030,WTW,nox,0.0006758566097651,Mt
Current Commitments lower,Aviation,2031,WTW,nox,0.0006926199663316,Mt
Current Commitments lower,Aviation,2032,WTW,nox,0.0007098610767142,Mt
Current Commitments lower,Aviation,2033,WTW,nox,0.000727600823886,Mt
Current Commitments lower,Aviation,2034,WTW,nox,0.0007458817878669,Mt
Current Commitments lower,Aviation,2035,WTW,nox,0.0007639479608658,Mt
Current Commitments lower,Aviation,2036,WTW,nox,0.0007814709334826,Mt
Current Commitments lower,Aviation,2037,WTW,nox,0.0007973248643117,Mt
Current Commitments lower,Aviation,2038,WTW,nox,0.0008103156769598,Mt
Current Commitments lower,Aviation,2039,WTW,nox,0.000820682577465,Mt
Current Commitments lower,Aviation,2040,WTW,nox,0.000830042844153,Mt
Current Commitments lower,Aviation,2041,WTW,nox,0.0008392481625959,Mt
Current Commitments lower,Aviation,2042,WTW,nox,0.0008477830747881,Mt
Current Commitments lower,Aviation,2043,WTW,nox,0.0008553452893804,Mt
Current Commitments lower,Aviation,2044,WTW,nox,0.0008615108925078,Mt
Current Commitments lower,Aviation,2045,WTW,nox,0.0008661561835297,Mt
Current Commitments lower,Aviation,2046,WTW,nox,0.0008685295844755,Mt
Current Commitments lower,Aviation,2047,WTW,nox,0.0008694537261588,Mt
Current Commitments lower,Aviation,2048,WTW,nox,0.0008689430122848,Mt
Current Commitments lower,Aviation,2049,WTW,nox,0.0008683632890437,Mt
Current Commitments lower,Aviation,2050,WTW,nox,0.0008686694006257,Mt
Current Commitments upper,Aviation,1940,WTW,nox,0.0008335002096445,Mt
Current Commitments upper,Aviation,1941,WTW,nox,0.0008984482779285,Mt
Current Commitments upper,Aviation,1942,WTW,nox,0.0009742210242598,Mt
Current Commitments upper,Aviation,1943,WTW,nox,0.0010499937705912,Mt
Current Commitments upper,Aviation,1944,WTW,nox,0.0011365911949698,Mt
Current Commitments upper,Aviation,1945,WTW,nox,0.0012231886193485,Mt
Current Commitments upper,Aviation,1946,WTW,nox,0.0013314353998218,Mt
Current Commitments upper,Aviation,1947,WTW,nox,0.0014288575022478,Mt
Current Commitments upper,Aviation,1948,WTW,nox,0.0015479289607684,Mt
Current Commitments upper,Aviation,1949,WTW,nox,0.0016670004192891,Mt
Current Commitments upper,Aviation,1950,WTW,nox,0.0018077212339044,Mt
Current Commitments upper,Aviation,1951,WTW,nox,0.0019484420485197,Mt
Current Commitments upper,Aviation,1952,WTW,nox,0.0020999875411824,Mt
Current Commitments upper,Aviation,1953,WTW,nox,0.0022731823899397,Mt
Current Commitments upper,Aviation,1954,WTW,nox,0.0024572019167443,Mt
Current Commitments upper,Aviation,1955,WTW,nox,0.0026520461215963,Mt
Current Commitments upper,Aviation,1956,WTW,nox,0.0028685396825429,Mt
Current Commitments upper,Aviation,1957,WTW,nox,0.0030958579215369,Mt
Current Commitments upper,Aviation,1958,WTW,nox,0.0033448255166255,Mt
Current Commitments upper,Aviation,1959,WTW,nox,0.0036046177897615,Mt
Current Commitments upper,Aviation,1960,WTW,nox,0.0038968840970395,Mt
Current Commitments upper,Aviation,1961,WTW,nox,0.0042757478286961,Mt
Current Commitments upper,Aviation,1962,WTW,nox,0.0047087349505894,Mt
Current Commitments upper,Aviation,1963,WTW,nox,0.0049685272237254,Mt
Current Commitments upper,Aviation,1964,WTW,nox,0.0051958454627193,Mt
Current Commitments upper,Aviation,1965,WTW,nox,0.0055530598382813,Mt
Current Commitments upper,Aviation,1966,WTW,nox,0.0060185209943166,Mt
Current Commitments upper,Aviation,1967,WTW,nox,0.0071009887990498,Mt
Current Commitments upper,Aviation,1968,WTW,nox,0.0080427357891677,Mt
Current Commitments upper,Aviation,1969,WTW,nox,0.0084215995208243,Mt
Current Commitments upper,Aviation,1970,WTW,nox,0.0084432488769189,Mt
Current Commitments upper,Aviation,1971,WTW,nox,0.0097422102425988,Mt
Current Commitments upper,Aviation,1972,WTW,nox,0.0103916909254387,Mt
Current Commitments upper,Aviation,1973,WTW,nox,0.010759729979048,Mt
Current Commitments upper,Aviation,1974,WTW,nox,0.0103916909254387,Mt
Current Commitments upper,Aviation,1975,WTW,nox,0.010402515603486,Mt
Current Commitments upper,Aviation,1976,WTW,nox,0.010434989637628,Mt
Current Commitments upper,Aviation,1977,WTW,nox,0.011051996286326,Mt
Current Commitments upper,Aviation,1978,WTW,nox,0.0114416846960299,Mt
Current Commitments upper,Aviation,1979,WTW,nox,0.0119179705301125,Mt
Current Commitments upper,Aviation,1980,WTW,nox,0.0120045679544912,Mt
Current Commitments upper,Aviation,1981,WTW,nox,0.0118313731057339,Mt
Current Commitments upper,Aviation,1982,WTW,nox,0.0119612692423019,Mt
Current Commitments upper,Aviation,1983,WTW,nox,0.0121236394130118,Mt
Current Commitments upper,Aviation,1984,WTW,nox,0.0129354902665617,Mt
Current Commitments upper,Aviation,1985,WTW,nox,0.0133576527104077,Mt
Current Commitments upper,Aviation,1986,WTW,nox,0.0140612567834843,Mt
Current Commitments upper,Aviation,1987,WTW,nox,0.0146782634321822,Mt
Current Commitments upper,Aviation,1988,WTW,nox,0.0153060947589275,Mt
Current Commitments upper,Aviation,1989,WTW,nox,0.0158581533393414,Mt
Current Commitments upper,Aviation,1990,WTW,nox,0.0161914386816119,Mt
Current Commitments upper,Aviation,1991,WTW,nox,0.0156583925657203,Mt
Current Commitments upper,Aviation,1992,WTW,nox,0.0156946985358911,Mt
Current Commitments upper,Aviation,1993,WTW,nox,0.0157803433886016,Mt
Current Commitments upper,Aviation,1994,WTW,nox,0.0165330871701418,Mt
Current Commitments upper,Aviation,1995,WTW,nox,0.0169356179778811,Mt
Current Commitments upper,Aviation,1996,WTW,nox,0.01770213940964,Mt
Current Commitments upper,Aviation,1997,WTW,nox,0.0182411434283289,Mt
Current Commitments upper,Aviation,1998,WTW,nox,0.0186008518097129,Mt
Current Commitments upper,Aviation,1999,WTW,nox,0.0192008312398424,Mt
Current Commitments upper,Aviation,2000,WTW,nox,0.0201952424535962,Mt
Current Commitments upper,Aviation,2001,WTW,nox,0.0194258351626698,Mt
Current Commitments upper,Aviation,2002,WTW,nox,0.0194651200842392,Mt
Current Commitments upper,Aviation,2003,WTW,nox,0.0194529250019511,Mt
Current Commitments upper,Aviation,2004,WTW,nox,0.0206766223811678,Mt
Current Commitments upper,Aviation,2005,WTW,nox,0.0216928171770241,Mt
Current Commitments upper,Aviation,2006,WTW,nox,0.0219457487692136,Mt
Current Commitments upper,Aviation,2007,WTW,nox,0.0225830581840571,Mt
Current Commitments upper,Aviation,2008,WTW,nox,0.0224786087006428,Mt
Current Commitments upper,Aviation,2009,WTW,nox,0.0213166314707164,Mt
Current Commitments upper,Aviation,2010,WTW,nox,0.0223929638479323,Mt
Current Commitments upper,Aviation,2011,WTW,nox,0.0230570838253635,Mt
Current Commitments upper,Aviation,2012,WTW,nox,0.0233066640972296,Mt
Current Commitments upper,Aviation,2013,WTW,nox,0.023969108414499,Mt
Current Commitments upper,Aviation,2014,WTW,nox,0.0247231554872761,Mt
Current Commitments upper,Aviation,2015,WTW,nox,0.0260733652087033,Mt
Current Commitments upper,Aviation,2016,WTW,nox,0.027334392572634,Mt
Current Commitments upper,Aviation,2017,WTW,nox,0.0289471217344195,Mt
Current Commitments upper,Aviation,2018,WTW,nox,0.0304523720646093,Mt
Current Commitments upper,Aviation,2019,WTW,nox,0.0272300061592064,Mt
Current Commitments upper,Aviation,2020,WTW,nox,0.0147495866684064,Mt
Current Commitments upper,Aviation,2021,WTW,nox,0.017586045642742,Mt
Current Commitments upper,Aviation,2022,WTW,nox,0.0215570882105354,Mt
Current Commitments upper,Aviation,2023,WTW,nox,0.0250601770482242,Mt
Current Commitments upper,Aviation,2024,WTW,nox,0.0272220765814568,Mt
Current Commitments upper,Aviation,2025,WTW,nox,0.0291447513734013,Mt
Current Commitments upper,Aviation,2026,WTW,nox,0.0298024881429372,Mt
Current Commitments upper,Aviation,2027,WTW,nox,0.0305148137328629,Mt
Current Commitments upper,Aviation,2028,WTW,nox,0.0312597809464835,Mt
Current Commitments upper,Aviation,2029,WTW,nox,0.0320284952340397,Mt
Current Commitments upper,Aviation,2030,WTW,nox,0.032820256342499,Mt
Current Commitments upper,Aviation,2031,WTW,nox,0.0336343012918637,Mt
Current Commitments upper,Aviation,2032,WTW,nox,0.0344715464326338,Mt
Current Commitments upper,Aviation,2033,WTW,nox,0.0353330058623706,Mt
Current Commitments upper,Aviation,2034,WTW,nox,0.0362207473083671,Mt
Current Commitments upper,Aviation,2035,WTW,nox,0.0370980582947292,Mt
Current Commitments upper,Aviation,2036,WTW,nox,0.0379489909405861,Mt
Current Commitments upper,Aviation,2037,WTW,nox,0.0387188732888958,Mt
Current Commitments upper,Aviation,2038,WTW,nox,0.0393497198250515,Mt
Current Commitments upper,Aviation,2039,WTW,nox,0.039853146627631,Mt
Current Commitments upper,Aviation,2040,WTW,nox,0.040307690309969,Mt
Current Commitments upper,Aviation,2041,WTW,nox,0.0407547095543557,Mt
Current Commitments upper,Aviation,2042,WTW,nox,0.0411691732171491,Mt
Current Commitments upper,Aviation,2043,WTW,nox,0.0415364017355243,Mt
Current Commitments upper,Aviation,2044,WTW,nox,0.0418358094386137,Mt
Current Commitments upper,Aviation,2045,WTW,nox,0.0420613893026281,Mt
Current Commitments upper,Aviation,2046,WTW,nox,0.0421766439680672,Mt
Current Commitments upper,Aviation,2047,WTW,nox,0.0422215211898096,Mt
Current Commitments upper,Aviation,2048,WTW,nox,0.0421967204258326,Mt
Current Commitments upper,Aviation,2049,WTW,nox,0.0421685684996601,Mt
Current Commitments upper,Aviation,2050,WTW,nox,0.0421834335767267,Mt
Full Breakthrough,Aviation,1940,WTW,nox,0.0005128265980987,Mt
Full Breakthrough,Aviation,1941,WTW,nox,0.0005527871122363,Mt
Full Breakthrough,Aviation,1942,WTW,nox,0.0005994077120634,Mt
Full Breakthrough,Aviation,1943,WTW,nox,0.0006460283118906,Mt
Full Breakthrough,Aviation,1944,WTW,nox,0.0006993089974073,Mt
Full Breakthrough,Aviation,1945,WTW,nox,0.0007525896829241,Mt
Full Breakthrough,Aviation,1946,WTW,nox,0.00081919053982,Mt
Full Breakthrough,Aviation,1947,WTW,nox,0.0008791313110264,Mt
Full Breakthrough,Aviation,1948,WTW,nox,0.0009523922536119,Mt
Full Breakthrough,Aviation,1949,WTW,nox,0.0010256531961974,Mt
Full Breakthrough,Aviation,1950,WTW,nox,0.0011122343101622,Mt
Full Breakthrough,Aviation,1951,WTW,nox,0.0011988154241269,Mt
Full Breakthrough,Aviation,1952,WTW,nox,0.0012920566237812,Mt
Full Breakthrough,Aviation,1953,WTW,nox,0.0013986179948147,Mt
Full Breakthrough,Aviation,1954,WTW,nox,0.0015118394515378,Mt
Full Breakthrough,Aviation,1955,WTW,nox,0.0016317209939505,Mt
Full Breakthrough,Aviation,1956,WTW,nox,0.0017649227077424,Mt
Full Breakthrough,Aviation,1957,WTW,nox,0.0019047845072238,Mt
Full Breakthrough,Aviation,1958,WTW,nox,0.0020579664780845,Mt
Full Breakthrough,Aviation,1959,WTW,nox,0.0022178085346348,Mt
Full Breakthrough,Aviation,1960,WTW,nox,0.0023976308482538,Mt
Full Breakthrough,Aviation,1961,WTW,nox,0.0026307338473896,Mt
Full Breakthrough,Aviation,1962,WTW,nox,0.0028971372749734,Mt
Full Breakthrough,Aviation,1963,WTW,nox,0.0030569793315236,Mt
Full Breakthrough,Aviation,1964,WTW,nox,0.0031968411310051,Mt
Full Breakthrough,Aviation,1965,WTW,nox,0.0034166239587617,Mt
Full Breakthrough,Aviation,1966,WTW,nox,0.0037030076434142,Mt
Full Breakthrough,Aviation,1967,WTW,nox,0.0043690162123736,Mt
Full Breakthrough,Aviation,1968,WTW,nox,0.0049484436673683,Mt
Full Breakthrough,Aviation,1969,WTW,nox,0.0051815466665041,Mt
Full Breakthrough,Aviation,1970,WTW,nox,0.0051948668378833,Mt
Full Breakthrough,Aviation,1971,WTW,nox,0.0059940771206346,Mt
Full Breakthrough,Aviation,1972,WTW,nox,0.0063936822620102,Mt
Full Breakthrough,Aviation,1973,WTW,nox,0.0066201251754564,Mt
Full Breakthrough,Aviation,1974,WTW,nox,0.0063936822620102,Mt
Full Breakthrough,Aviation,1975,WTW,nox,0.0064003423476998,Mt
Full Breakthrough,Aviation,1976,WTW,nox,0.0064203226047686,Mt
Full Breakthrough,Aviation,1977,WTW,nox,0.0067999474890755,Mt
Full Breakthrough,Aviation,1978,WTW,nox,0.0070397105739009,Mt
Full Breakthrough,Aviation,1979,WTW,nox,0.007332754344243,Mt
Full Breakthrough,Aviation,1980,WTW,nox,0.0073860350297597,Mt
Full Breakthrough,Aviation,1981,WTW,nox,0.0072794736587262,Mt
Full Breakthrough,Aviation,1982,WTW,nox,0.0073593946870014,Mt
Full Breakthrough,Aviation,1983,WTW,nox,0.0074592959723453,Mt
Full Breakthrough,Aviation,1984,WTW,nox,0.0079588023990648,Mt
Full Breakthrough,Aviation,1985,WTW,nox,0.008218545740959,Mt
Full Breakthrough,Aviation,1986,WTW,nox,0.0086514513107826,Mt
Full Breakthrough,Aviation,1987,WTW,nox,0.0090310761950895,Mt
Full Breakthrough,Aviation,1988,WTW,nox,0.0094173611650859,Mt
Full Breakthrough,Aviation,1989,WTW,nox,0.0097570255352552,Mt
Full Breakthrough,Aviation,1990,WTW,nox,0.0099620855775864,Mt
Full Breakthrough,Aviation,1991,WTW,nox,0.0096341189819223,Mt
Full Breakthrough,Aviation,1992,WTW,nox,0.0096564569093252,Mt
Full Breakthrough,Aviation,1993,WTW,nox,0.0097091515073013,Mt
Full Breakthrough,Aviation,1994,WTW,nox,0.0101722912021214,Mt
Full Breakthrough,Aviation,1995,WTW,nox,0.0104199558126089,Mt
Full Breakthrough,Aviation,1996,WTW,nox,0.0108915724644947,Mt
Full Breakthrough,Aviation,1997,WTW,nox,0.0112232047713224,Mt
Full Breakthrough,Aviation,1998,WTW,nox,0.0114445220828218,Mt
Full Breakthrough,Aviation,1999,WTW,nox,0.011813670652339,Mt
Full Breakthrough,Aviation,2000,WTW,nox,0.0124255007562307,Mt
Full Breakthrough,Aviation,2001,WTW,nox,0.0119521085255,Mt
Full Breakthrough,Aviation,2002,WTW,nox,0.0119762793084847,Mt
Full Breakthrough,Aviation,2003,WTW,nox,0.0119687760559468,Mt
Full Breakthrough,Aviation,2004,WTW,nox,0.0127216787628983,Mt
Full Breakthrough,Aviation,2005,WTW,nox,0.0133469116232318,Mt
Full Breakthrough,Aviation,2006,WTW,nox,0.013502532517472,Mt
Full Breakthrough,Aviation,2007,WTW,nox,0.0138946490584982,Mt
Full Breakthrough,Aviation,2008,WTW,nox,0.0138303845596622,Mt
Full Breakthrough,Aviation,2009,WTW,nox,0.0131154563292956,Mt
Full Breakthrough,Aviation,2010,WTW,nox,0.0137776899616861,Mt
Full Breakthrough,Aviation,2011,WTW,nox,0.0141863022029484,Mt
Full Breakthrough,Aviation,2012,WTW,nox,0.0143398611346591,Mt
Full Breakthrough,Aviation,2013,WTW,nox,0.0147474423946566,Mt
Full Breakthrough,Aviation,2014,WTW,nox,0.0152113839637937,Mt
Full Breakthrough,Aviation,2015,WTW,nox,0.0160421257562338,Mt
Full Breakthrough,Aviation,2016,WTW,nox,0.0168179964346945,Mt
Full Breakthrough,Aviation,2017,WTW,nox,0.0178102582243414,Mt
Full Breakthrough,Aviation,2018,WTW,nox,0.0187363916520072,Mt
Full Breakthrough,Aviation,2019,WTW,nox,0.0167537707408477,Mt
Full Breakthrough,Aviation,2020,WTW,nox,0.0090749591505765,Mt
Full Breakthrough,Aviation,2021,WTW,nox,0.0108201436023902,Mt
Full Breakthrough,Aviation,2022,WTW,nox,0.0132634018372204,Mt
Full Breakthrough,Aviation,2023,WTW,nox,0.0154187427845679,Mt
Full Breakthrough,Aviation,2024,WTW,nox,0.0167488919197813,Mt
Full Breakthrough,Aviation,2025,WTW,nox,0.0179318535572158,Mt
Full Breakthrough,Aviation,2026,WTW,nox,0.0182986012628756,Mt
Full Breakthrough,Aviation,2027,WTW,nox,0.0186965603513245,Mt
Full Breakthrough,Aviation,2028,WTW,nox,0.0191119188961008,Mt
Full Breakthrough,Aviation,2029,WTW,nox,0.0195389768592296,Mt
Full Breakthrough,Aviation,2030,WTW,nox,0.0199327675770433,Mt
Full Breakthrough,Aviation,2031,WTW,nox,0.0203616872249345,Mt
Full Breakthrough,Aviation,2032,WTW,nox,0.0207988659921743,Mt
Full Breakthrough,Aviation,2033,WTW,nox,0.0212448372686548,Mt
Full Breakthrough,Aviation,2034,WTW,nox,0.0217010960018024,Mt
Full Breakthrough,Aviation,2035,WTW,nox,0.0220875208952757,Mt
Full Breakthrough,Aviation,2036,WTW,nox,0.0222504962627839,Mt
Full Breakthrough,Aviation,2037,WTW,nox,0.0222693984293455,Mt
Full Breakthrough,Aviation,2038,WTW,nox,0.0220961322603266,Mt
Full Breakthrough,Aviation,2039,WTW,nox,0.0217404141553929,Mt
Full Breakthrough,Aviation,2040,WTW,nox,0.0213218085925198,Mt
Full Breakthrough,Aviation,2041,WTW,nox,0.0208406664891332,Mt
Full Breakthrough,Aviation,2042,WTW,nox,0.0203361612114236,Mt
Full Breakthrough,Aviation,2043,WTW,nox,0.019792983233468,Mt
Full Breakthrough,Aviation,2044,WTW,nox,0.0192301693099954,Mt
Full Breakthrough,Aviation,2045,WTW,nox,0.0186589743060499,Mt
Full Breakthrough,Aviation,2046,WTW,nox,0.0180623453922511,Mt
Full Breakthrough,Aviation,2047,WTW,nox,0.0174682087941511,Mt
Full Breakthrough,Aviation,2048,WTW,nox,0.0168885042929163,Mt
Full Breakthrough,Aviation,2049,WTW,nox,0.0163395211707937,Mt
Full Breakthrough,Aviation,2050,WTW,nox,0.0158342265415802,Mt
Full Breakthrough lower,Aviation,1940,WTW,nox,1.7163992262896657e-05,Mt
Full Breakthrough lower,Aviation,1941,WTW,nox,1.8501446205460037e-05,Mt
Full Breakthrough lower,Aviation,1942,WTW,nox,2.0061809138450635e-05,Mt
Full Breakthrough lower,Aviation,1943,WTW,nox,2.162217207144124e-05,Mt
Full Breakthrough lower,Aviation,1944,WTW,nox,2.3405443994859077e-05,Mt
Full Breakthrough lower,Aviation,1945,WTW,nox,2.518871591827691e-05,Mt
Full Breakthrough lower,Aviation,1946,WTW,nox,2.7417805822549203e-05,Mt
Full Breakthrough lower,Aviation,1947,WTW,nox,2.9423986736394262e-05,Mt
Full Breakthrough lower,Aviation,1948,WTW,nox,3.1875985631093786e-05,Mt
Full Breakthrough lower,Aviation,1949,WTW,nox,3.4327984525793314e-05,Mt
Full Breakthrough lower,Aviation,1950,WTW,nox,3.72258014013473e-05,Mt
Full Breakthrough lower,Aviation,1951,WTW,nox,4.012361827690127e-05,Mt
Full Breakthrough lower,Aviation,1952,WTW,nox,4.324434414288248e-05,Mt
Full Breakthrough lower,Aviation,1953,WTW,nox,4.6810887989718155e-05,Mt
Full Breakthrough lower,Aviation,1954,WTW,nox,5.060034082698105e-05,Mt
Full Breakthrough lower,Aviation,1955,WTW,nox,5.461270265467118e-05,Mt
Full Breakthrough lower,Aviation,1956,WTW,nox,5.907088246321577e-05,Mt
Full Breakthrough lower,Aviation,1957,WTW,nox,6.375197126218757e-05,Mt
Full Breakthrough lower,Aviation,1958,WTW,nox,6.887887804201384e-05,Mt
Full Breakthrough lower,Aviation,1959,WTW,nox,7.422869381226734e-05,Mt
Full Breakthrough lower,Aviation,1960,WTW,nox,8.024723655380254e-05,Mt
Full Breakthrough lower,Aviation,1961,WTW,nox,8.804905121875558e-05,Mt
Full Breakthrough lower,Aviation,1962,WTW,nox,9.696541083584476e-05,Mt
Full Breakthrough lower,Aviation,1963,WTW,nox,0.000102315226606,Mt
Full Breakthrough lower,Aviation,1964,WTW,nox,0.000106996315405,Mt
Full Breakthrough lower,Aviation,1965,WTW,nox,0.0001143523120891,Mt
Full Breakthrough lower,Aviation,1966,WTW,nox,0.0001239373986775,Mt
Full Breakthrough lower,Aviation,1967,WTW,nox,0.0001462282977202,Mt
Full Breakthrough lower,Aviation,1968,WTW,nox,0.0001656213798874,Mt
Full Breakthrough lower,Aviation,1969,WTW,nox,0.0001734231945523,Mt
Full Breakthrough lower,Aviation,1970,WTW,nox,0.0001738690125332,Mt
Full Breakthrough lower,Aviation,1971,WTW,nox,0.0002006180913845,Mt
Full Breakthrough lower,Aviation,1972,WTW,nox,0.0002139926308101,Mt
Full Breakthrough lower,Aviation,1973,WTW,nox,0.0002215715364846,Mt
Full Breakthrough lower,Aviation,1974,WTW,nox,0.0002139926308101,Mt
Full Breakthrough lower,Aviation,1975,WTW,nox,0.0002142155398005,Mt
Full Breakthrough lower,Aviation,1976,WTW,nox,0.0002148842667718,Mt
Full Breakthrough lower,Aviation,1977,WTW,nox,0.0002275900792262,Mt
Full Breakthrough lower,Aviation,1978,WTW,nox,0.0002356148028815,Mt
Full Breakthrough lower,Aviation,1979,WTW,nox,0.0002454227984603,Mt
Full Breakthrough lower,Aviation,1980,WTW,nox,0.0002472060703837,Mt
Full Breakthrough lower,Aviation,1981,WTW,nox,0.0002436395265369,Mt
Full Breakthrough lower,Aviation,1982,WTW,nox,0.000246314434422,Mt
Full Breakthrough lower,Aviation,1983,WTW,nox,0.0002496580692784,Mt
Full Breakthrough lower,Aviation,1984,WTW,nox,0.0002663762435605,Mt
Full Breakthrough lower,Aviation,1985,WTW,nox,0.0002750696941872,Mt
Full Breakthrough lower,Aviation,1986,WTW,nox,0.0002895587785649,Mt
Full Breakthrough lower,Aviation,1987,WTW,nox,0.0003022645910193,Mt
Full Breakthrough lower,Aviation,1988,WTW,nox,0.0003151933124641,Mt
Full Breakthrough lower,Aviation,1989,WTW,nox,0.0003265616709758,Mt
Full Breakthrough lower,Aviation,1990,WTW,nox,0.0003334249050457,Mt
Full Breakthrough lower,Aviation,1991,WTW,nox,0.0003224480638847,Mt
Full Breakthrough lower,Aviation,1992,WTW,nox,0.0003231957006386,Mt
Full Breakthrough lower,Aviation,1993,WTW,nox,0.0003249593565709,Mt
Full Breakthrough lower,Aviation,1994,WTW,nox,0.0003404603586016,Mt
Full Breakthrough lower,Aviation,1995,WTW,nox,0.0003487495414832,Mt
Full Breakthrough lower,Aviation,1996,WTW,nox,0.0003645342620769,Mt
Full Breakthrough lower,Aviation,1997,WTW,nox,0.0003756337923463,Mt
Full Breakthrough lower,Aviation,1998,WTW,nox,0.0003830411472617,Mt
Full Breakthrough lower,Aviation,1999,WTW,nox,0.0003953963238742,Mt
Full Breakthrough lower,Aviation,2000,WTW,nox,0.0004158739028615,Mt
Full Breakthrough lower,Aviation,2001,WTW,nox,0.000400029754731,Mt
Full Breakthrough lower,Aviation,2002,WTW,nox,0.000400838736039,Mt
Full Breakthrough lower,Aviation,2003,WTW,nox,0.0004005876067704,Mt
Full Breakthrough lower,Aviation,2004,WTW,nox,0.0004257867994112,Mt
Full Breakthrough lower,Aviation,2005,WTW,nox,0.000446712960451,Mt
Full Breakthrough lower,Aviation,2006,WTW,nox,0.0004519214965031,Mt
Full Breakthrough lower,Aviation,2007,WTW,nox,0.0004650453970599,Mt
Full Breakthrough lower,Aviation,2008,WTW,nox,0.0004628945036295,Mt
Full Breakthrough lower,Aviation,2009,WTW,nox,0.0004389662934703,Mt
Full Breakthrough lower,Aviation,2010,WTW,nox,0.0004611308476972,Mt
Full Breakthrough lower,Aviation,2011,WTW,nox,0.0004748068492415,Mt
Full Breakthrough lower,Aviation,2012,WTW,nox,0.0004799463726702,Mt
Full Breakthrough lower,Aviation,2013,WTW,nox,0.0004935878679027,Mt
Full Breakthrough lower,Aviation,2014,WTW,nox,0.0005091157081759,Mt
Full Breakthrough lower,Aviation,2015,WTW,nox,0.0005369201273514,Mt
Full Breakthrough lower,Aviation,2016,WTW,nox,0.0005628880439367,Mt
Full Breakthrough lower,Aviation,2017,WTW,nox,0.0005960984385289,Mt
Full Breakthrough lower,Aviation,2018,WTW,nox,0.0006270955573324,Mt
Full Breakthrough lower,Aviation,2019,WTW,nox,0.0005607384492855,Mt
Full Breakthrough lower,Aviation,2020,WTW,nox,0.0003037333266723,Mt
Full Breakthrough lower,Aviation,2021,WTW,nox,0.0003621435817942,Mt
Full Breakthrough lower,Aviation,2022,WTW,nox,0.0004439179390416,Mt
Full Breakthrough lower,Aviation,2023,WTW,nox,0.0005160558809528,Mt
Full Breakthrough lower,Aviation,2024,WTW,nox,0.0005605751581314,Mt
Full Breakthrough lower,Aviation,2025,WTW,nox,0.0006001681598741,Mt
Full Breakthrough lower,Aviation,2026,WTW,nox,0.0006124429810431,Mt
Full Breakthrough lower,Aviation,2027,WTW,nox,0.0006257624280851,Mt
Full Breakthrough lower,Aviation,2028,WTW,nox,0.0006396642242776,Mt
Full Breakthrough lower,Aviation,2029,WTW,nox,0.0006539575928395,Mt
Full Breakthrough lower,Aviation,2030,WTW,nox,0.0006671375270683,Mt
Full Breakthrough lower,Aviation,2031,WTW,nox,0.0006814932050794,Mt
Full Breakthrough lower,Aviation,2032,WTW,nox,0.0006961253107584,Mt
Full Breakthrough lower,Aviation,2033,WTW,nox,0.0007110516963386,Mt
Full Breakthrough lower,Aviation,2034,WTW,nox,0.000726322396795,Mt
Full Breakthrough lower,Aviation,2035,WTW,nox,0.0007392558013929,Mt
Full Breakthrough lower,Aviation,2036,WTW,nox,0.0007447104871625,Mt
Full Breakthrough lower,Aviation,2037,WTW,nox,0.0007453431311046,Mt
Full Breakthrough lower,Aviation,2038,WTW,nox,0.0007395440185088,Mt
Full Breakthrough lower,Aviation,2039,WTW,nox,0.0007276383513233,Mt
Full Breakthrough lower,Aviation,2040,WTW,nox,0.0007136278794231,Mt
Full Breakthrough lower,Aviation,2041,WTW,nox,0.0006975243477995,Mt
Full Breakthrough lower,Aviation,2042,WTW,nox,0.0006806388650354,Mt
Full Breakthrough lower,Aviation,2043,WTW,nox,0.0006624590306711,Mt
Full Breakthrough lower,Aviation,2044,WTW,nox,0.0006436219932325,Mt
Full Breakthrough lower,Aviation,2045,WTW,nox,0.0006245044461616,Mt
Full Breakthrough lower,Aviation,2046,WTW,nox,0.0006045356416998,Mt
Full Breakthrough lower,Aviation,2047,WTW,nox,0.0005846502535185,Mt
Full Breakthrough lower,Aviation,2048,WTW,nox,0.0005652478987833,Mt
Full Breakthrough lower,Aviation,2049,WTW,nox,0.0005468737697979,Mt
Full Breakthrough lower,Aviation,2050,WTW,nox,0.0005299618679222,Mt
Full Breakthrough upper,Aviation,1940,WTW,nox,0.0008335002096445,Mt
Full Breakthrough upper,Aviation,1941,WTW,nox,0.0008984482779285,Mt
Full Breakthrough upper,Aviation,1942,WTW,nox,0.0009742210242598,Mt
Full Breakthrough upper,Aviation,1943,WTW,nox,0.0010499937705912,Mt
Full Breakthrough upper,Aviation,1944,WTW,nox,0.0011365911949698,Mt
Full Breakthrough upper,Aviation,1945,WTW,nox,0.0012231886193485,Mt
Full Breakthrough upper,Aviation,1946,WTW,nox,0.0013314353998218,Mt
Full Breakthrough upper,Aviation,1947,WTW,nox,0.0014288575022478,Mt
Full Breakthrough upper,Aviation,1948,WTW,nox,0.0015479289607684,Mt
Full Breakthrough upper,Aviation,1949,WTW,nox,0.0016670004192891,Mt
Full Breakthrough upper,Aviation,1950,WTW,nox,0.0018077212339044,Mt
Full Breakthrough upper,Aviation,1951,WTW,nox,0.0019484420485197,Mt
Full Breakthrough upper,Aviation,1952,WTW,nox,0.0020999875411824,Mt
Full Breakthrough upper,Aviation,1953,WTW,nox,0.0022731823899397,Mt
Full Breakthrough upper,Aviation,1954,WTW,nox,0.0024572019167443,Mt
Full Breakthrough upper,Aviation,1955,WTW,nox,0.0026520461215963,Mt
Full Breakthrough upper,Aviation,1956,WTW,nox,0.0028685396825429,Mt
Full Breakthrough upper,Aviation,1957,WTW,nox,0.0030958579215369,Mt
Full Breakthrough upper,Aviation,1958,WTW,nox,0.0033448255166255,Mt
Full Breakthrough upper,Aviation,1959,WTW,nox,0.0036046177897615,Mt
Full Breakthrough upper,Aviation,1960,WTW,nox,0.0038968840970395,Mt
Full Breakthrough upper,Aviation,1961,WTW,nox,0.0042757478286961,Mt
Full Breakthrough upper,Aviation,1962,WTW,nox,0.0047087349505894,Mt
Full Breakthrough upper,Aviation,1963,WTW,nox,0.0049685272237254,Mt
Full Breakthrough upper,Aviation,1964,WTW,nox,0.0051958454627193,Mt
Full Breakthrough upper,Aviation,1965,WTW,nox,0.0055530598382813,Mt
Full Breakthrough upper,Aviation,1966,WTW,nox,0.0060185209943166,Mt
Full Breakthrough upper,Aviation,1967,WTW,nox,0.0071009887990498,Mt
Full Breakthrough upper,Aviation,1968,WTW,nox,0.0080427357891677,Mt
Full Breakthrough upper,Aviation,1969,WTW,nox,0.0084215995208243,Mt
Full Breakthrough upper,Aviation,1970,WTW,nox,0.0084432488769189,Mt
Full Breakthrough upper,Aviation,1971,WTW,nox,0.0097422102425988,Mt
Full Breakthrough upper,Aviation,1972,WTW,nox,0.0103916909254387,Mt
Full Breakthrough upper,Aviation,1973,WTW,nox,0.010759729979048,Mt
Full Breakthrough upper,Aviation,1974,WTW,nox,0.0103916909254387,Mt
Full Breakthrough upper,Aviation,1975,WTW,nox,0.010402515603486,Mt
Full Breakthrough upper,Aviation,1976,WTW,nox,0.010434989637628,Mt
Full Breakthrough upper,Aviation,1977,WTW,nox,0.011051996286326,Mt
Full Breakthrough upper,Aviation,1978,WTW,nox,0.0114416846960299,Mt
Full Breakthrough upper,Aviation,1979,WTW,nox,0.0119179705301125,Mt
Full Breakthrough upper,Aviation,1980,WTW,nox,0.0120045679544912,Mt
Full Breakthrough upper,Aviation,1981,WTW,nox,0.0118313731057339,Mt
Full Breakthrough upper,Aviation,1982,WTW,nox,0.0119612692423019,Mt
Full Breakthrough upper,Aviation,1983,WTW,nox,0.0121236394130118,Mt
Full Breakthrough upper,Aviation,1984,WTW,nox,0.0129354902665617,Mt
Full Breakthrough upper,Aviation,1985,WTW,nox,0.0133576527104077,Mt
Full Breakthrough upper,Aviation,1986,WTW,nox,0.0140612567834843,Mt
Full Breakthrough upper,Aviation,1987,WTW,nox,0.0146782634321822,Mt
Full Breakthrough upper,Aviation,1988,WTW,nox,0.0153060947589275,Mt
Full Breakthrough upper,Aviation,1989,WTW,nox,0.0158581533393414,Mt
Full Breakthrough upper,Aviation,1990,WTW,nox,0.0161914386816119,Mt
Full Breakthrough upper,Aviation,1991,WTW,nox,0.0156583925657203,Mt
Full Breakthrough upper,Aviation,1992,WTW,nox,0.0156946985358911,Mt
Full Breakthrough upper,Aviation,1993,WTW,nox,0.0157803433886016,Mt
Full Breakthrough upper,Aviation,1994,WTW,nox,0.0165330871701418,Mt
Full Breakthrough upper,Aviation,1995,WTW,nox,0.0169356179778811,Mt
Full Breakthrough upper,Aviation,1996,WTW,nox,0.01770213940964,Mt
Full Breakthrough upper,Aviation,1997,WTW,nox,0.0182411434283289,Mt
Full Breakthrough upper,Aviation,1998,WTW,nox,0.0186008518097129,Mt
Full Breakthrough upper,Aviation,1999,WTW,nox,0.0192008312398424,Mt
Full Breakthrough upper,Aviation,2000,WTW,nox,0.0201952424535962,Mt
Full Breakthrough upper,Aviation,2001,WTW,nox,0.0194258351626698,Mt
Full Breakthrough upper,Aviation,2002,WTW,nox,0.0194651200842392,Mt
Full Breakthrough upper,Aviation,2003,WTW,nox,0.0194529250019511,Mt
Full Breakthrough upper,Aviation,2004,WTW,nox,0.0206766223811678,Mt
Full Breakthrough upper,Aviation,2005,WTW,nox,0.0216928171770241,Mt
Full Breakthrough upper,Aviation,2006,WTW,nox,0.0219457487692136,Mt
Full Breakthrough upper,Aviation,2007,WTW,nox,0.0225830581840571,Mt
Full Breakthrough upper,Aviation,2008,WTW,nox,0.0224786087006428,Mt
Full Breakthrough upper,Aviation,2009,WTW,nox,0.0213166314707164,Mt
Full Breakthrough upper,Aviation,2010,WTW,nox,0.0223929638479323,Mt
Full Breakthrough upper,Aviation,2011,WTW,nox,0.0230570838253635,Mt
Full Breakthrough upper,Aviation,2012,WTW,nox,0.0233066640972296,Mt
Full Breakthrough upper,Aviation,2013,WTW,nox,0.023969108414499,Mt
Full Breakthrough upper,Aviation,2014,WTW,nox,0.0247231554872761,Mt
Full Breakthrough upper,Aviation,2015,WTW,nox,0.0260733652087033,Mt
Full Breakthrough upper,Aviation,2016,WTW,nox,0.027334392572634,Mt
Full Breakthrough upper,Aviation,2017,WTW,nox,0.0289471217344195,Mt
Full Breakthrough upper,Aviation,2018,WTW,nox,0.0304523720646093,Mt
Full Breakthrough upper,Aviation,2019,WTW,nox,0.0272300061592064,Mt
Full Breakthrough upper,Aviation,2020,WTW,nox,0.0147495866684064,Mt
Full Breakthrough upper,Aviation,2021,WTW,nox,0.017586045642742,Mt
Full Breakthrough upper,Aviation,2022,WTW,nox,0.0215570882105354,Mt
Full Breakthrough upper,Aviation,2023,WTW,nox,0.0250601770482242,Mt
Full Breakthrough upper,Aviation,2024,WTW,nox,0.0272220765814568,Mt
Full Breakthrough upper,Aviation,2025,WTW,nox,0.0291447513734013,Mt
Full Breakthrough upper,Aviation,2026,WTW,nox,0.0297408286648043,Mt
Full Breakthrough upper,Aviation,2027,WTW,nox,0.0303876340077445,Mt
Full Breakthrough upper,Aviation,2028,WTW,nox,0.0310627187935809,Mt
Full Breakthrough upper,Aviation,2029,WTW,nox,0.0317568187156948,Mt
Full Breakthrough upper,Aviation,2030,WTW,nox,0.0323968491803211,Mt
Full Breakthrough upper,Aviation,2031,WTW,nox,0.0330939749100773,Mt
Full Breakthrough upper,Aviation,2032,WTW,nox,0.0338045242370768,Mt
Full Breakthrough upper,Aviation,2033,WTW,nox,0.034529364083177,Mt
Full Breakthrough upper,Aviation,2034,WTW,nox,0.0352709241955826,Mt
Full Breakthrough upper,Aviation,2035,WTW,nox,0.0358989829408115,Mt
Full Breakthrough upper,Aviation,2036,WTW,nox,0.0361638678034308,Mt
Full Breakthrough upper,Aviation,2037,WTW,nox,0.0361945896104709,Mt
Full Breakthrough upper,Aviation,2038,WTW,nox,0.0359129790451513,Mt
Full Breakthrough upper,Aviation,2039,WTW,nox,0.0353348282313366,Mt
Full Breakthrough upper,Aviation,2040,WTW,nox,0.0346544660471077,Mt
Full Breakthrough upper,Aviation,2041,WTW,nox,0.0338724628407056,Mt
Full Breakthrough upper,Aviation,2042,WTW,nox,0.0330524873240363,Mt
Full Breakthrough upper,Aviation,2043,WTW,nox,0.0321696568308856,Mt
Full Breakthrough upper,Aviation,2044,WTW,nox,0.031254911915266,Mt
Full Breakthrough upper,Aviation,2045,WTW,nox,0.0303265451782411,Mt
Full Breakthrough upper,Aviation,2046,WTW,nox,0.0293568405518139,Mt
Full Breakthrough upper,Aviation,2047,WTW,nox,0.0283911867013508,Mt
Full Breakthrough upper,Aviation,2048,WTW,nox,0.0274489894262828,Mt
Full Breakthrough upper,Aviation,2049,WTW,nox,0.0265567237967757,Mt
Full Breakthrough upper,Aviation,2050,WTW,nox,0.0257354653422744,Mt
GHG Forward,Aviation,1940,WTW,nox,0.0005128265980987,Mt
GHG Forward,Aviation,1941,WTW,nox,0.0005527871122363,Mt
GHG Forward,Aviation,1942,WTW,nox,0.0005994077120634,Mt
GHG Forward,Aviation,1943,WTW,nox,0.0006460283118906,Mt
GHG Forward,Aviation,1944,WTW,nox,0.0006993089974073,Mt
GHG Forward,Aviation,1945,WTW,nox,0.0007525896829241,Mt
GHG Forward,Aviation,1946,WTW,nox,0.00081919053982,Mt
GHG Forward,Aviation,1947,WTW,nox,0.0008791313110264,Mt
GHG Forward,Aviation,1948,WTW,nox,0.0009523922536119,Mt
GHG Forward,Aviation,1949,WTW,nox,0.0010256531961974,Mt
GHG Forward,Aviation,1950,WTW,nox,0.0011122343101622,Mt
GHG Forward,Aviation,1951,WTW,nox,0.0011988154241269,Mt
GHG Forward,Aviation,1952,WTW,nox,0.0012920566237812,Mt
GHG Forward,Aviation,1953,WTW,nox,0.0013986179948147,Mt
GHG Forward,Aviation,1954,WTW,nox,0.0015118394515378,Mt
GHG Forward,Aviation,1955,WTW,nox,0.0016317209939505,Mt
GHG Forward,Aviation,1956,WTW,nox,0.0017649227077424,Mt
GHG Forward,Aviation,1957,WTW,nox,0.0019047845072238,Mt
GHG Forward,Aviation,1958,WTW,nox,0.0020579664780845,Mt
GHG Forward,Aviation,1959,WTW,nox,0.0022178085346348,Mt
GHG Forward,Aviation,1960,WTW,nox,0.0023976308482538,Mt
GHG Forward,Aviation,1961,WTW,nox,0.0026307338473896,Mt
GHG Forward,Aviation,1962,WTW,nox,0.0028971372749734,Mt
GHG Forward,Aviation,1963,WTW,nox,0.0030569793315236,Mt
GHG Forward,Aviation,1964,WTW,nox,0.0031968411310051,Mt
GHG Forward,Aviation,1965,WTW,nox,0.0034166239587617,Mt
GHG Forward,Aviation,1966,WTW,nox,0.0037030076434142,Mt
GHG Forward,Aviation,1967,WTW,nox,0.0043690162123736,Mt
GHG Forward,Aviation,1968,WTW,nox,0.0049484436673683,Mt
GHG Forward,Aviation,1969,WTW,nox,0.0051815466665041,Mt
GHG Forward,Aviation,1970,WTW,nox,0.0051948668378833,Mt
GHG Forward,Aviation,1971,WTW,nox,0.0059940771206346,Mt
GHG Forward,Aviation,1972,WTW,nox,0.0063936822620102,Mt
GHG Forward,Aviation,1973,WTW,nox,0.0066201251754564,Mt
GHG Forward,Aviation,1974,WTW,nox,0.0063936822620102,Mt
GHG Forward,Aviation,1975,WTW,nox,0.0064003423476998,Mt
GHG Forward,Aviation,1976,WTW,nox,0.0064203226047686,Mt
GHG Forward,Aviation,1977,WTW,nox,0.0067999474890755,Mt
GHG Forward,Aviation,1978,WTW,nox,0.0070397105739009,Mt
GHG Forward,Aviation,1979,WTW,nox,0.007332754344243,Mt
GHG Forward,Aviation,1980,WTW,nox,0.0073860350297597,Mt
GHG Forward,Aviation,1981,WTW,nox,0.0072794736587262,Mt
GHG Forward,Aviation,1982,WTW,nox,0.0073593946870014,Mt
GHG Forward,Aviation,1983,WTW,nox,0.0074592959723453,Mt
GHG Forward,Aviation,1984,WTW,nox,0.0079588023990648,Mt
GHG Forward,Aviation,1985,WTW,nox,0.008218545740959,Mt
GHG Forward,Aviation,1986,WTW,nox,0.0086514513107826,Mt
GHG Forward,Aviation,1987,WTW,nox,0.0090310761950895,Mt
GHG Forward,Aviation,1988,WTW,nox,0.0094173611650859,Mt
GHG Forward,Aviation,1989,WTW,nox,0.0097570255352552,Mt
GHG Forward,Aviation,1990,WTW,nox,0.0099620855775864,Mt
GHG Forward,Aviation,1991,WTW,nox,0.0096341189819223,Mt
GHG Forward,Aviation,1992,WTW,nox,0.0096564569093252,Mt
GHG Forward,Aviation,1993,WTW,nox,0.0097091515073013,Mt
GHG Forward,Aviation,1994,WTW,nox,0.0101722912021214,Mt
GHG Forward,Aviation,1995,WTW,nox,0.0104199558126089,Mt
GHG Forward,Aviation,1996,WTW,nox,0.0108915724644947,Mt
GHG Forward,Aviation,1997,WTW,nox,0.0112232047713224,Mt
GHG Forward,Aviation,1998,WTW,nox,0.0114445220828218,Mt
GHG Forward,Aviation,1999,WTW,nox,0.011813670652339,Mt
GHG Forward,Aviation,2000,WTW,nox,0.0124255007562307,Mt
GHG Forward,Aviation,2001,WTW,nox,0.0119521085255,Mt
GHG Forward,Aviation,2002,WTW,nox,0.0119762793084847,Mt
GHG Forward,Aviation,2003,WTW,nox,0.0119687760559468,Mt
GHG Forward,Aviation,2004,WTW,nox,0.0127216787628983,Mt
GHG Forward,Aviation,2005,WTW,nox,0.0133469116232318,Mt
GHG Forward,Aviation,2006,WTW,nox,0.013502532517472,Mt
GHG Forward,Aviation,2007,WTW,nox,0.0138946490584982,Mt
GHG Forward,Aviation,2008,WTW,nox,0.0138303845596622,Mt
GHG Forward,Aviation,2009,WTW,nox,0.0131154563292956,Mt
GHG Forward,Aviation,2010,WTW,nox,0.0137776899616861,Mt
GHG Forward,Aviation,2011,WTW,nox,0.0141863022029484,Mt
GHG Forward,Aviation,2012,WTW,nox,0.0143398611346591,Mt
GHG Forward,Aviation,2013,WTW,nox,0.0147474423946566,Mt
GHG Forward,Aviation,2014,WTW,nox,0.0152113839637937,Mt
GHG Forward,Aviation,2015,WTW,nox,0.0160421257562338,Mt
GHG Forward,Aviation,2016,WTW,nox,0.0168179964346945,Mt
GHG Forward,Aviation,2017,WTW,nox,0.0178102582243414,Mt
GHG Forward,Aviation,2018,WTW,nox,0.0187363916520072,Mt
GHG Forward,Aviation,2019,WTW,nox,0.0167537707408477,Mt
GHG Forward,Aviation,2020,WTW,nox,0.0090749591505765,Mt
GHG Forward,Aviation,2021,WTW,nox,0.0108201436023902,Mt
GHG Forward,Aviation,2022,WTW,nox,0.0132634018372204,Mt
GHG Forward,Aviation,2023,WTW,nox,0.0154187427845679,Mt
GHG Forward,Aviation,2024,WTW,nox,0.0167488919197813,Mt
GHG Forward,Aviation,2025,WTW,nox,0.0179318535572158,Mt
GHG Forward,Aviation,2026,WTW,nox,0.0182986012628756,Mt
GHG Forward,Aviation,2027,WTW,nox,0.0186965603513245,Mt
GHG Forward,Aviation,2028,WTW,nox,0.0191119603910554,Mt
GHG Forward,Aviation,2029,WTW,nox,0.0195391027010088,Mt
GHG Forward,Aviation,2030,WTW,nox,0.0199329695903698,Mt
GHG Forward,Aviation,2031,WTW,nox,0.0203620628547555,Mt
GHG Forward,Aviation,2032,WTW,nox,0.020799358975531,Mt
GHG Forward,Aviation,2033,WTW,nox,0.0212451983760726,Mt
GHG Forward,Aviation,2034,WTW,nox,0.0217005454716344,Mt
GHG Forward,Aviation,2035,WTW,nox,0.0221029691315753,Mt
GHG Forward,Aviation,2036,WTW,nox,0.022428079986092,Mt
GHG Forward,Aviation,2037,WTW,nox,0.0226390160993941,Mt
GHG Forward,Aviation,2038,WTW,nox,0.0226948021364634,Mt
GHG Forward,Aviation,2039,WTW,nox,0.0226032030195242,Mt
GHG Forward,Aviation,2040,WTW,nox,0.0224625555440711,Mt
GHG Forward,Aviation,2041,WTW,nox,0.022277349676151,Mt
GHG Forward,Aviation,2042,WTW,nox,0.0220728588361453,Mt
GHG Forward,Aviation,2043,WTW,nox,0.0218349414490503,Mt
GHG Forward,Aviation,2044,WTW,nox,0.0215794389196246,Mt
GHG Forward,Aviation,2045,WTW,nox,0.0213156125555081,Mt
GHG Forward,Aviation,2046,WTW,nox,0.021024733707391,Mt
GHG Forward,Aviation,2047,WTW,nox,0.0207328255389474,Mt
GHG Forward,Aviation,2048,WTW,nox,0.0204499568874492,Mt
GHG Forward,Aviation,2049,WTW,nox,0.0201899829392588,Mt
GHG Forward,Aviation,2050,WTW,nox,0.0199648174531748,Mt
GHG Forward lower,Aviation,1940,WTW,nox,1.7163992262896657e-05,Mt
GHG Forward lower,Aviation,1941,WTW,nox,1.8501446205460037e-05,Mt
GHG Forward lower,Aviation,1942,WTW,nox,2.0061809138450635e-05,Mt
GHG Forward lower,Aviation,1943,WTW,nox,2.162217207144124e-05,Mt
GHG Forward lower,Aviation,1944,WTW,nox,2.3405443994859077e-05,Mt
GHG Forward lower,Aviation,1945,WTW,nox,2.518871591827691e-05,Mt
GHG Forward lower,Aviation,1946,WTW,nox,2.7417805822549203e-05,Mt
GHG Forward lower,Aviation,1947,WTW,nox,2.9423986736394262e-05,Mt
GHG Forward lower,Aviation,1948,WTW,nox,3.1875985631093786e-05,Mt
GHG Forward lower,Aviation,1949,WTW,nox,3.4327984525793314e-05,Mt
GHG Forward lower,Aviation,1950,WTW,nox,3.72258014013473e-05,Mt
GHG Forward lower,Aviation,1951,WTW,nox,4.012361827690127e-05,Mt
GHG Forward lower,Aviation,1952,WTW,nox,4.324434414288248e-05,Mt
GHG Forward lower,Aviation,1953,WTW,nox,4.6810887989718155e-05,Mt
GHG Forward lower,Aviation,1954,WTW,nox,5.060034082698105e-05,Mt
GHG Forward lower,Aviation,1955,WTW,nox,5.461270265467118e-05,Mt
GHG Forward lower,Aviation,1956,WTW,nox,5.907088246321577e-05,Mt
GHG Forward lower,Aviation,1957,WTW,nox,6.375197126218757e-05,Mt
GHG Forward lower,Aviation,1958,WTW,nox,6.887887804201384e-05,Mt
GHG Forward lower,Aviation,1959,WTW,nox,7.422869381226734e-05,Mt
GHG Forward lower,Aviation,1960,WTW,nox,8.024723655380254e-05,Mt
GHG Forward lower,Aviation,1961,WTW,nox,8.804905121875558e-05,Mt
GHG Forward lower,Aviation,1962,WTW,nox,9.696541083584476e-05,Mt
GHG Forward lower,Aviation,1963,WTW,nox,0.000102315226606,Mt
GHG Forward lower,Aviation,1964,WTW,nox,0.000106996315405,Mt
GHG Forward lower,Aviation,1965,WTW,nox,0.0001143523120891,Mt
GHG Forward lower,Aviation,1966,WTW,nox,0.0001239373986775,Mt
GHG Forward lower,Aviation,1967,WTW,nox,0.0001462282977202,Mt
GHG Forward lower,Aviation,1968,WTW,nox,0.0001656213798874,Mt
GHG Forward lower,Aviation,1969,WTW,nox,0.0001734231945523,Mt
GHG Forward lower,Aviation,1970,WTW,nox,0.0001738690125332,Mt
GHG Forward lower,Aviation,1971,WTW,nox,0.0002006180913845,Mt
GHG Forward lower,Aviation,1972,WTW,nox,0.0002139926308101,Mt
GHG Forward lower,Aviation,1973,WTW,nox,0.0002215715364846,Mt
GHG Forward lower,Aviation,1974,WTW,nox,0.0002139926308101,Mt
GHG Forward lower,Aviation,1975,WTW,nox,0.0002142155398005,Mt
GHG Forward lower,Aviation,1976,WTW,nox,0.0002148842667718,Mt
GHG Forward lower,Aviation,1977,WTW,nox,0.0002275900792262,Mt
GHG Forward lower,Aviation,1978,WTW,nox,0.0002356148028815,Mt
GHG Forward lower,Aviation,1979,WTW,nox,0.0002454227984603,Mt
GHG Forward lower,Aviation,1980,WTW,nox,0.0002472060703837,Mt
GHG Forward lower,Aviation,1981,WTW,nox,0.0002436395265369,Mt
GHG Forward lower,Aviation,1982,WTW,nox,0.000246314434422,Mt
GHG Forward lower,Aviation,1983,WTW,nox,0.0002496580692784,Mt
GHG Forward lower,Aviation,1984,WTW,nox,0.0002663762435605,Mt
GHG Forward lower,Aviation,1985,WTW,nox,0.0002750696941872,Mt
GHG Forward lower,Aviation,1986,WTW,nox,0.0002895587785649,Mt
GHG Forward lower,Aviation,1987,WTW,nox,0.0003022645910193,Mt
GHG Forward lower,Aviation,1988,WTW,nox,0.0003151933124641,Mt
GHG Forward lower,Aviation,1989,WTW,nox,0.0003265616709758,Mt
GHG Forward lower,Aviation,1990,WTW,nox,0.0003334249050457,Mt
GHG Forward lower,Aviation,1991,WTW,nox,0.0003224480638847,Mt
GHG Forward lower,Aviation,1992,WTW,nox,0.0003231957006386,Mt
GHG Forward lower,Aviation,1993,WTW,nox,0.0003249593565709,Mt
GHG Forward lower,Aviation,1994,WTW,nox,0.0003404603586016,Mt
GHG Forward lower,Aviation,1995,WTW,nox,0.0003487495414832,Mt
GHG Forward lower,Aviation,1996,WTW,nox,0.0003645342620769,Mt
GHG Forward lower,Aviation,1997,WTW,nox,0.0003756337923463,Mt
GHG Forward lower,Aviation,1998,WTW,nox,0.0003830411472617,Mt
GHG Forward lower,Aviation,1999,WTW,nox,0.0003953963238742,Mt
GHG Forward lower,Aviation,2000,WTW,nox,0.0004158739028615,Mt
GHG Forward lower,Aviation,2001,WTW,nox,0.000400029754731,Mt
GHG Forward lower,Aviation,2002,WTW,nox,0.000400838736039,Mt
GHG Forward lower,Aviation,2003,WTW,nox,0.0004005876067704,Mt
GHG Forward lower,Aviation,2004,WTW,nox,0.0004257867994112,Mt
GHG Forward lower,Aviation,2005,WTW,nox,0.000446712960451,Mt
GHG Forward lower,Aviation,2006,WTW,nox,0.0004519214965031,Mt
GHG Forward lower,Aviation,2007,WTW,nox,0.0004650453970599,Mt
GHG Forward lower,Aviation,2008,WTW,nox,0.0004628945036295,Mt
GHG Forward lower,Aviation,2009,WTW,nox,0.0004389662934703,Mt
GHG Forward lower,Aviation,2010,WTW,nox,0.0004611308476972,Mt
GHG Forward lower,Aviation,2011,WTW,nox,0.0004748068492415,Mt
GHG Forward lower,Aviation,2012,WTW,nox,0.0004799463726702,Mt
GHG Forward lower,Aviation,2013,WTW,nox,0.0004935878679027,Mt
GHG Forward lower,Aviation,2014,WTW,nox,0.0005091157081759,Mt
GHG Forward lower,Aviation,2015,WTW,nox,0.0005369201273514,Mt
GHG Forward lower,Aviation,2016,WTW,nox,0.0005628880439367,Mt
GHG Forward lower,Aviation,2017,WTW,nox,0.0005960984385289,Mt
GHG Forward lower,Aviation,2018,WTW,nox,0.0006270955573324,Mt
GHG Forward lower,Aviation,2019,WTW,nox,0.0005607384492855,Mt
GHG Forward lower,Aviation,2020,WTW,nox,0.0003037333266723,Mt
GHG Forward lower,Aviation,2021,WTW,nox,0.0003621435817942,Mt
GHG Forward lower,Aviation,2022,WTW,nox,0.0004439179390416,Mt
GHG Forward lower,Aviation,2023,WTW,nox,0.0005160558809528,Mt
GHG Forward lower,Aviation,2024,WTW,nox,0.0005605751581314,Mt
GHG Forward lower,Aviation,2025,WTW,nox,0.0006001681598741,Mt
GHG Forward lower,Aviation,2026,WTW,nox,0.0006124429810431,Mt
GHG Forward lower,Aviation,2027,WTW,nox,0.0006257624280851,Mt
GHG Forward lower,Aviation,2028,WTW,nox,0.0006396656130883,Mt
GHG Forward lower,Aviation,2029,WTW,nox,0.0006539618046868,Mt
GHG Forward lower,Aviation,2030,WTW,nox,0.0006671442883307,Mt
GHG Forward lower,Aviation,2031,WTW,nox,0.0006815057771795,Mt
GHG Forward lower,Aviation,2032,WTW,nox,0.0006961418106096,Mt
GHG Forward lower,Aviation,2033,WTW,nox,0.0007110637823828,Mt
GHG Forward lower,Aviation,2034,WTW,nox,0.0007263039708873,Mt
GHG Forward lower,Aviation,2035,WTW,nox,0.0007397728444037,Mt
GHG Forward lower,Aviation,2036,WTW,nox,0.0007506541056569,Mt
GHG Forward lower,Aviation,2037,WTW,nox,0.0007577140082246,Mt
GHG Forward lower,Aviation,2038,WTW,nox,0.0007595811327306,Mt
GHG Forward lower,Aviation,2039,WTW,nox,0.0007565153663677,Mt
GHG Forward lower,Aviation,2040,WTW,nox,0.000751807981475,Mt
GHG Forward lower,Aviation,2041,WTW,nox,0.000745609254467,Mt
GHG Forward lower,Aviation,2042,WTW,nox,0.0007387650712505,Mt
GHG Forward lower,Aviation,2043,WTW,nox,0.0007308021219682,Mt
GHG Forward lower,Aviation,2044,WTW,nox,0.0007222506087384,Mt
GHG Forward lower,Aviation,2045,WTW,nox,0.0007134205018578,Mt
GHG Forward lower,Aviation,2046,WTW,nox,0.0007036849649004,Mt
GHG Forward lower,Aviation,2047,WTW,nox,0.0006939149772219,Mt
GHG Forward lower,Aviation,2048,WTW,nox,0.0006844475366411,Mt
GHG Forward lower,Aviation,2049,WTW,nox,0.0006757463677629,Mt
GHG Forward lower,Aviation,2050,WTW,nox,0.0006682102168001,Mt
GHG Forward upper,Aviation,1940,WTW,nox,0.0008335002096445,Mt
GHG Forward upper,Aviation,1941,WTW,nox,0.0008984482779285,Mt
GHG Forward upper,Aviation,1942,WTW,nox,0.0009742210242598,Mt
GHG Forward upper,Aviation,1943,WTW,nox,0.0010499937705912,Mt
GHG Forward upper,Aviation,1944,WTW,nox,0.0011365911949698,Mt
GHG Forward upper,Aviation,1945,WTW,nox,0.0012231886193485,Mt
GHG Forward upper,Aviation,1946,WTW,nox,0.0013314353998218,Mt
GHG Forward upper,Aviation,1947,WTW,nox,0.0014288575022478,Mt
GHG Forward upper,Aviation,1948,WTW,nox,0.0015479289607684,Mt
GHG Forward upper,Aviation,1949,WTW,nox,0.0016670004192891,Mt
GHG Forward upper,Aviation,1950,WTW,nox,0.0018077212339044,Mt
GHG Forward upper,Aviation,1951,WTW,nox,0.0019484420485197,Mt
GHG Forward upper,Aviation,1952,WTW,nox,0.0020999875411824,Mt
GHG Forward upper,Aviation,1953,WTW,nox,0.0022731823899397,Mt
GHG Forward upper,Aviation,1954,WTW,nox,0.0024572019167443,Mt
GHG Forward upper,Aviation,1955,WTW,nox,0.0026520461215963,Mt
GHG Forward upper,Aviation,1956,WTW,nox,0.0028685396825429,Mt
GHG Forward upper,Aviation,1957,WTW,nox,0.0030958579215369,Mt
GHG Forward upper,Aviation,1958,WTW,nox,0.0033448255166255,Mt
GHG Forward upper,Aviation,1959,WTW,nox,0.0036046177897615,Mt
GHG Forward upper,Aviation,1960,WTW,nox,0.0038968840970395,Mt
GHG Forward upper,Aviation,1961,WTW,nox,0.0042757478286961,Mt
GHG Forward upper,Aviation,1962,WTW,nox,0.0047087349505894,Mt
GHG Forward upper,Aviation,1963,WTW,nox,0.0049685272237254,Mt
GHG Forward upper,Aviation,1964,WTW,nox,0.0051958454627193,Mt
GHG Forward upper,Aviation,1965,WTW,nox,0.0055530598382813,Mt
GHG Forward upper,Aviation,1966,WTW,nox,0.0060185209943166,Mt
GHG Forward upper,Aviation,1967,WTW,nox,0.0071009887990498,Mt
GHG Forward upper,Aviation,1968,WTW,nox,0.0080427357891677,Mt
GHG Forward upper,Aviation,1969,WTW,nox,0.0084215995208243,Mt
GHG Forward upper,Aviation,1970,WTW,nox,0.0084432488769189,Mt
GHG Forward upper,Aviation,1971,WTW,nox,0.0097422102425988,Mt
GHG Forward upper,Aviation,1972,WTW,nox,0.0103916909254387,Mt
GHG Forward upper,Aviation,1973,WTW,nox,0.010759729979048,Mt
GHG Forward upper,Aviation,1974,WTW,nox,0.0103916909254387,Mt
GHG Forward upper,Aviation,1975,WTW,nox,0.010402515603486,Mt
GHG Forward upper,Aviation,1976,WTW,nox,0.010434989637628,Mt
GHG Forward upper,Aviation,1977,WTW,nox,0.011051996286326,Mt
GHG Forward upper,Aviation,1978,WTW,nox,0.0114416846960299,Mt
GHG Forward upper,Aviation,1979,WTW,nox,0.0119179705301125,Mt
GHG Forward upper,Aviation,1980,WTW,nox,0.0120045679544912,Mt
GHG Forward upper,Aviation,1981,WTW,nox,0.0118313731057339,Mt
GHG Forward upper,Aviation,1982,WTW,nox,0.0119612692423019,Mt
GHG Forward upper,Aviation,1983,WTW,nox,0.0121236394130118,Mt
GHG Forward upper,Aviation,1984,WTW,nox,0.0129354902665617,Mt
GHG Forward upper,Aviation,1985,WTW,nox,0.0133576527104077,Mt
GHG Forward upper,Aviation,1986,WTW,nox,0.0140612567834843,Mt
GHG Forward upper,Aviation,1987,WTW,nox,0.0146782634321822,Mt
GHG Forward upper,Aviation,1988,WTW,nox,0.0153060947589275,Mt
GHG Forward upper,Aviation,1989,WTW,nox,0.0158581533393414,Mt
GHG Forward upper,Aviation,1990,WTW,nox,0.0161914386816119,Mt
GHG Forward upper,Aviation,1991,WTW,nox,0.0156583925657203,Mt
GHG Forward upper,Aviation,1992,WTW,nox,0.0156946985358911,Mt
GHG Forward upper,Aviation,1993,WTW,nox,0.0157803433886016,Mt
GHG Forward upper,Aviation,1994,WTW,nox,0.0165330871701418,Mt
GHG Forward upper,Aviation,1995,WTW,nox,0.0169356179778811,Mt
GHG Forward upper,Aviation,1996,WTW,nox,0.01770213940964,Mt
GHG Forward upper,Aviation,1997,WTW,nox,0.0182411434283289,Mt
GHG Forward upper,Aviation,1998,WTW,nox,0.0186008518097129,Mt
GHG Forward upper,Aviation,1999,WTW,nox,0.0192008312398424,Mt
GHG Forward upper,Aviation,2000,WTW,nox,0.0201952424535962,Mt
GHG Forward upper,Aviation,2001,WTW,nox,0.0194258351626698,Mt
GHG Forward upper,Aviation,2002,WTW,nox,0.0194651200842392,Mt
GHG Forward upper,Aviation,2003,WTW,nox,0.0194529250019511,Mt
GHG Forward upper,Aviation,2004,WTW,nox,0.0206766223811678,Mt
GHG Forward upper,Aviation,2005,WTW,nox,0.0216928171770241,Mt
GHG Forward upper,Aviation,2006,WTW,nox,0.0219457487692136,Mt
GHG Forward upper,Aviation,2007,WTW,nox,0.0225830581840571,Mt
GHG Forward upper,Aviation,2008,WTW,nox,0.0224786087006428,Mt
GHG Forward upper,Aviation,2009,WTW,nox,0.0213166314707164,Mt
GHG Forward upper,Aviation,2010,WTW,nox,0.0223929638479323,Mt
GHG Forward upper,Aviation,2011,WTW,nox,0.0230570838253635,Mt
GHG Forward upper,Aviation,2012,WTW,nox,0.0233066640972296,Mt
GHG Forward upper,Aviation,2013,WTW,nox,0.023969108414499,Mt
GHG Forward upper,Aviation,2014,WTW,nox,0.0247231554872761,Mt
GHG Forward upper,Aviation,2015,WTW,nox,0.0260733652087033,Mt
GHG Forward upper,Aviation,2016,WTW,nox,0.027334392572634,Mt
GHG Forward upper,Aviation,2017,WTW,nox,0.0289471217344195,Mt
GHG Forward upper,Aviation,2018,WTW,nox,0.0304523720646093,Mt
GHG Forward upper,Aviation,2019,WTW,nox,0.0272300061592064,Mt
GHG Forward upper,Aviation,2020,WTW,nox,0.0147495866684064,Mt
GHG Forward upper,Aviation,2021,WTW,nox,0.017586045642742,Mt
GHG Forward upper,Aviation,2022,WTW,nox,0.0215570882105354,Mt
GHG Forward upper,Aviation,2023,WTW,nox,0.0250601770482242,Mt
GHG Forward upper,Aviation,2024,WTW,nox,0.0272220765814568,Mt
GHG Forward upper,Aviation,2025,WTW,nox,0.0291447513734013,Mt
GHG Forward upper,Aviation,2026,WTW,nox,0.0297408286648043,Mt
GHG Forward upper,Aviation,2027,WTW,nox,0.0303876340077445,Mt
GHG Forward upper,Aviation,2028,WTW,nox,0.0310627862355847,Mt
GHG Forward upper,Aviation,2029,WTW,nox,0.031757023247109,Mt
GHG Forward upper,Aviation,2030,WTW,nox,0.0323971775138173,Mt
GHG Forward upper,Aviation,2031,WTW,nox,0.0330945854235251,Mt
GHG Forward upper,Aviation,2032,WTW,nox,0.0338053254859446,Mt
GHG Forward upper,Aviation,2033,WTW,nox,0.0345299509932739,Mt
GHG Forward upper,Aviation,2034,WTW,nox,0.0352700294155299,Mt
GHG Forward upper,Aviation,2035,WTW,nox,0.0359240910538502,Mt
GHG Forward upper,Aviation,2036,WTW,nox,0.0364524957161708,Mt
GHG Forward upper,Aviation,2037,WTW,nox,0.0367953314725663,Mt
GHG Forward upper,Aviation,2038,WTW,nox,0.0368860008601621,Mt
GHG Forward upper,Aviation,2039,WTW,nox,0.03673712425459,Mt
GHG Forward upper,Aviation,2040,WTW,nox,0.036508529051629,Mt
GHG Forward upper,Aviation,2041,WTW,nox,0.036207512820585,Mt
GHG Forward upper,Aviation,2042,WTW,nox,0.035875152606339,Mt
GHG Forward upper,Aviation,2043,WTW,nox,0.0354884640204565,Mt
GHG Forward upper,Aviation,2044,WTW,nox,0.0350731941950797,Mt
GHG Forward upper,Aviation,2045,WTW,nox,0.0346443955902176,Mt
GHG Forward upper,Aviation,2046,WTW,nox,0.034171628417482,Mt
GHG Forward upper,Aviation,2047,WTW,nox,0.0336971882841178,Mt
GHG Forward upper,Aviation,2048,WTW,nox,0.033237440132989,Mt
GHG Forward upper,Aviation,2049,WTW,nox,0.0328149028833178,Mt
GHG Forward upper,Aviation,2050,WTW,nox,0.0324489400402212,Mt
BAU,Aviation,1940,WTW,nox,0.0005128265980987,Mt
BAU,Aviation,1941,WTW,nox,0.0005527871122363,Mt
BAU,Aviation,1942,WTW,nox,0.0005994077120634,Mt
BAU,Aviation,1943,WTW,nox,0.0006460283118906,Mt
BAU,Aviation,1944,WTW,nox,0.0006993089974073,Mt
BAU,Aviation,1945,WTW,nox,0.0007525896829241,Mt
BAU,Aviation,1946,WTW,nox,0.00081919053982,Mt
BAU,Aviation,1947,WTW,nox,0.0008791313110264,Mt
BAU,Aviation,1948,WTW,nox,0.0009523922536119,Mt
BAU,Aviation,1949,WTW,nox,0.0010256531961974,Mt
BAU,Aviation,1950,WTW,nox,0.0011122343101622,Mt
BAU,Aviation,1951,WTW,nox,0.0011988154241269,Mt
BAU,Aviation,1952,WTW,nox,0.0012920566237812,Mt
BAU,Aviation,1953,WTW,nox,0.0013986179948147,Mt
BAU,Aviation,1954,WTW,nox,0.0015118394515378,Mt
BAU,Aviation,1955,WTW,nox,0.0016317209939505,Mt
BAU,Aviation,1956,WTW,nox,0.0017649227077424,Mt
BAU,Aviation,1957,WTW,nox,0.0019047845072238,Mt
BAU,Aviation,1958,WTW,nox,0.0020579664780845,Mt
BAU,Aviation,1959,WTW,nox,0.0022178085346348,Mt
BAU,Aviation,1960,WTW,nox,0.0023976308482538,Mt
BAU,Aviation,1961,WTW,nox,0.0026307338473896,Mt
BAU,Aviation,1962,WTW,nox,0.0028971372749734,Mt
BAU,Aviation,1963,WTW,nox,0.0030569793315236,Mt
BAU,Aviation,1964,WTW,nox,0.0031968411310051,Mt
BAU,Aviation,1965,WTW,nox,0.0034166239587617,Mt
BAU,Aviation,1966,WTW,nox,0.0037030076434142,Mt
BAU,Aviation,1967,WTW,nox,0.0043690162123736,Mt
BAU,Aviation,1968,WTW,nox,0.0049484436673683,Mt
BAU,Aviation,1969,WTW,nox,0.0051815466665041,Mt
BAU,Aviation,1970,WTW,nox,0.0051948668378833,Mt
BAU,Aviation,1971,WTW,nox,0.0059940771206346,Mt
BAU,Aviation,1972,WTW,nox,0.0063936822620102,Mt
BAU,Aviation,1973,WTW,nox,0.0066201251754564,Mt
BAU,Aviation,1974,WTW,nox,0.0063936822620102,Mt
BAU,Aviation,1975,WTW,nox,0.0064003423476998,Mt
BAU,Aviation,1976,WTW,nox,0.0064203226047686,Mt
BAU,Aviation,1977,WTW,nox,0.0067999474890755,Mt
BAU,Aviation,1978,WTW,nox,0.0070397105739009,Mt
BAU,Aviation,1979,WTW,nox,0.007332754344243,Mt
BAU,Aviation,1980,WTW,nox,0.0073860350297597,Mt
BAU,Aviation,1981,WTW,nox,0.0072794736587262,Mt
BAU,Aviation,1982,WTW,nox,0.0073593946870014,Mt
BAU,Aviation,1983,WTW,nox,0.0074592959723453,Mt
BAU,Aviation,1984,WTW,nox,0.0079588023990648,Mt
BAU,Aviation,1985,WTW,nox,0.008218545740959,Mt
BAU,Aviation,1986,WTW,nox,0.0086514513107826,Mt
BAU,Aviation,1987,WTW,nox,0.0090310761950895,Mt
BAU,Aviation,1988,WTW,nox,0.0094173611650859,Mt
BAU,Aviation,1989,WTW,nox,0.0097570255352552,Mt
BAU,Aviation,1990,WTW,nox,0.0099620855775864,Mt
BAU,Aviation,1991,WTW,nox,0.0096341189819223,Mt
BAU,Aviation,1992,WTW,nox,0.0096564569093252,Mt
BAU,Aviation,1993,WTW,nox,0.0097091515073013,Mt
BAU,Aviation,1994,WTW,nox,0.0101722912021214,Mt
BAU,Aviation,1995,WTW,nox,0.0104199558126089,Mt
BAU,Aviation,1996,WTW,nox,0.0108915724644947,Mt
BAU,Aviation,1997,WTW,nox,0.0112232047713224,Mt
BAU,Aviation,1998,WTW,nox,0.0114445220828218,Mt
BAU,Aviation,1999,WTW,nox,0.011813670652339,Mt
BAU,Aviation,2000,WTW,nox,0.0124255007562307,Mt
BAU,Aviation,2001,WTW,nox,0.0119521085255,Mt
BAU,Aviation,2002,WTW,nox,0.0119762793084847,Mt
BAU,Aviation,2003,WTW,nox,0.0119687760559468,Mt
BAU,Aviation,2004,WTW,nox,0.0127216787628983,Mt
BAU,Aviation,2005,WTW,nox,0.0133469116232318,Mt
BAU,Aviation,2006,WTW,nox,0.013502532517472,Mt
BAU,Aviation,2007,WTW,nox,0.0138946490584982,Mt
BAU,Aviation,2008,WTW,nox,0.0138303845596622,Mt
BAU,Aviation,2009,WTW,nox,0.0131154563292956,Mt
BAU,Aviation,2010,WTW,nox,0.0137776899616861,Mt
BAU,Aviation,2011,WTW,nox,0.0141863022029484,Mt
BAU,Aviation,2012,WTW,nox,0.0143398611346591,Mt
BAU,Aviation,2013,WTW,nox,0.0147474423946566,Mt
BAU,Aviation,2014,WTW,nox,0.0152113839637937,Mt
BAU,Aviation,2015,WTW,nox,0.0160421257562338,Mt
BAU,Aviation,2016,WTW,nox,0.0168179964346945,Mt
BAU,Aviation,2017,WTW,nox,0.0178102582243414,Mt
BAU,Aviation,2018,WTW,nox,0.0187363916520072,Mt
BAU,Aviation,2019,WTW,nox,0.0167537707408477,Mt
BAU,Aviation,2020,WTW,nox,0.0090749591505765,Mt
BAU,Aviation,2021,WTW,nox,0.0108201436023902,Mt
BAU,Aviation,2022,WTW,nox,0.0132634018372204,Mt
BAU,Aviation,2023,WTW,nox,0.0154187427845679,Mt
BAU,Aviation,2024,WTW,nox,0.0168328882002293,Mt
BAU,Aviation,2025,WTW,nox,0.0180280252425941,Mt
BAU,Aviation,2026,WTW,nox,0.0184854856804652,Mt
BAU,Aviation,2027,WTW,nox,0.0189799764531122,Mt
BAU,Aviation,2028,WTW,nox,0.0194982327277493,Mt
BAU,Aviation,2029,WTW,nox,0.0200350025800285,Mt
BAU,Aviation,2030,WTW,nox,0.02059013239813,Mt
BAU,Aviation,2031,WTW,nox,0.0211634627807929,Mt
BAU,Aviation,2032,WTW,nox,0.0217550318754782,Mt
BAU,Aviation,2033,WTW,nox,0.0223656411163011,Mt
BAU,Aviation,2034,WTW,nox,0.0229967638677641,Mt
BAU,Aviation,2035,WTW,nox,0.0236506443217779,Mt
BAU,Aviation,2036,WTW,nox,0.0243301665555711,Mt
BAU,Aviation,2037,WTW,nox,0.0250385993280634,Mt
BAU,Aviation,2038,WTW,nox,0.0257789890093157,Mt
BAU,Aviation,2039,WTW,nox,0.0265540259062667,Mt
BAU,Aviation,2040,WTW,nox,0.0273651695750216,Mt
BAU,Aviation,2041,WTW,nox,0.0282127620612981,Mt
BAU,Aviation,2042,WTW,nox,0.0290956406956939,Mt
BAU,Aviation,2043,WTW,nox,0.0300119931097191,Mt
BAU,Aviation,2044,WTW,nox,0.0309599040136762,Mt
BAU,Aviation,2045,WTW,nox,0.0319378656190529,Mt
BAU,Aviation,2046,WTW,nox,0.0329458124716418,Mt
BAU,Aviation,2047,WTW,nox,0.0339852534281425,Mt
BAU,Aviation,2048,WTW,nox,0.035059363001739,Mt
BAU,Aviation,2049,WTW,nox,0.036172065262862,Mt
BAU,Aviation,2050,WTW,nox,0.0373273271960818,Mt
Historical Trends lower,Aviation,1940,WTW,nox,1.7163992262896657e-05,Mt
Historical Trends lower,Aviation,1941,WTW,nox,1.8501446205460037e-05,Mt
Historical Trends lower,Aviation,1942,WTW,nox,2.0061809138450635e-05,Mt
Historical Trends lower,Aviation,1943,WTW,nox,2.162217207144124e-05,Mt
Historical Trends lower,Aviation,1944,WTW,nox,2.3405443994859077e-05,Mt
Historical Trends lower,Aviation,1945,WTW,nox,2.518871591827691e-05,Mt
Historical Trends lower,Aviation,1946,WTW,nox,2.7417805822549203e-05,Mt
Historical Trends lower,Aviation,1947,WTW,nox,2.9423986736394262e-05,Mt
Historical Trends lower,Aviation,1948,WTW,nox,3.1875985631093786e-05,Mt
Historical Trends lower,Aviation,1949,WTW,nox,3.4327984525793314e-05,Mt
Historical Trends lower,Aviation,1950,WTW,nox,3.72258014013473e-05,Mt
Historical Trends lower,Aviation,1951,WTW,nox,4.012361827690127e-05,Mt
Historical Trends lower,Aviation,1952,WTW,nox,4.324434414288248e-05,Mt
Historical Trends lower,Aviation,1953,WTW,nox,4.6810887989718155e-05,Mt
Historical Trends lower,Aviation,1954,WTW,nox,5.060034082698105e-05,Mt
Historical Trends lower,Aviation,1955,WTW,nox,5.461270265467118e-05,Mt
Historical Trends lower,Aviation,1956,WTW,nox,5.907088246321577e-05,Mt
Historical Trends lower,Aviation,1957,WTW,nox,6.375197126218757e-05,Mt
Historical Trends lower,Aviation,1958,WTW,nox,6.887887804201384e-05,Mt
Historical Trends lower,Aviation,1959,WTW,nox,7.422869381226734e-05,Mt
Historical Trends lower,Aviation,1960,WTW,nox,8.024723655380254e-05,Mt
Historical Trends lower,Aviation,1961,WTW,nox,8.804905121875558e-05,Mt
Historical Trends lower,Aviation,1962,WTW,nox,9.696541083584476e-05,Mt
Historical Trends lower,Aviation,1963,WTW,nox,0.000102315226606,Mt
Historical Trends lower,Aviation,1964,WTW,nox,0.000106996315405,Mt
Historical Trends lower,Aviation,1965,WTW,nox,0.0001143523120891,Mt
Historical Trends lower,Aviation,1966,WTW,nox,0.0001239373986775,Mt
Historical Trends lower,Aviation,1967,WTW,nox,0.0001462282977202,Mt
Historical Trends lower,Aviation,1968,WTW,nox,0.0001656213798874,Mt
Historical Trends lower,Aviation,1969,WTW,nox,0.0001734231945523,Mt
Historical Trends lower,Aviation,1970,WTW,nox,0.0001738690125332,Mt
Historical Trends lower,Aviation,1971,WTW,nox,0.0002006180913845,Mt
Historical Trends lower,Aviation,1972,WTW,nox,0.0002139926308101,Mt
Historical Trends lower,Aviation,1973,WTW,nox,0.0002215715364846,Mt
Historical Trends lower,Aviation,1974,WTW,nox,0.0002139926308101,Mt
Historical Trends lower,Aviation,1975,WTW,nox,0.0002142155398005,Mt
Historical Trends lower,Aviation,1976,WTW,nox,0.0002148842667718,Mt
Historical Trends lower,Aviation,1977,WTW,nox,0.0002275900792262,Mt
Historical Trends lower,Aviation,1978,WTW,nox,0.0002356148028815,Mt
Historical Trends lower,Aviation,1979,WTW,nox,0.0002454227984603,Mt
Historical Trends lower,Aviation,1980,WTW,nox,0.0002472060703837,Mt
Historical Trends lower,Aviation,1981,WTW,nox,0.0002436395265369,Mt
Historical Trends lower,Aviation,1982,WTW,nox,0.000246314434422,Mt
Historical Trends lower,Aviation,1983,WTW,nox,0.0002496580692784,Mt
Historical Trends lower,Aviation,1984,WTW,nox,0.0002663762435605,Mt
Historical Trends lower,Aviation,1985,WTW,nox,0.0002750696941872,Mt
Historical Trends lower,Aviation,1986,WTW,nox,0.0002895587785649,Mt
Historical Trends lower,Aviation,1987,WTW,nox,0.0003022645910193,Mt
Historical Trends lower,Aviation,1988,WTW,nox,0.0003151933124641,Mt
Historical Trends lower,Aviation,1989,WTW,nox,0.0003265616709758,Mt
Historical Trends lower,Aviation,1990,WTW,nox,0.0003334249050457,Mt
Historical Trends lower,Aviation,1991,WTW,nox,0.0003224480638847,Mt
Historical Trends lower,Aviation,1992,WTW,nox,0.0003231957006386,Mt
Historical Trends lower,Aviation,1993,WTW,nox,0.0003249593565709,Mt
Historical Trends lower,Aviation,1994,WTW,nox,0.0003404603586016,Mt
Historical Trends lower,Aviation,1995,WTW,nox,0.0003487495414832,Mt
Historical Trends lower,Aviation,1996,WTW,nox,0.0003645342620769,Mt
Historical Trends lower,Aviation,1997,WTW,nox,0.0003756337923463,Mt
Historical Trends lower,Aviation,1998,WTW,nox,0.0003830411472617,Mt
Historical Trends lower,Aviation,1999,WTW,nox,0.0003953963238742,Mt
Historical Trends lower,Aviation,2000,WTW,nox,0.0004158739028615,Mt
Historical Trends lower,Aviation,2001,WTW,nox,0.000400029754731,Mt
Historical Trends lower,Aviation,2002,WTW,nox,0.000400838736039,Mt
Historical Trends lower,Aviation,2003,WTW,nox,0.0004005876067704,Mt
Historical Trends lower,Aviation,2004,WTW,nox,0.0004257867994112,Mt
Historical Trends lower,Aviation,2005,WTW,nox,0.000446712960451,Mt
Historical Trends lower,Aviation,2006,WTW,nox,0.0004519214965031,Mt
Historical Trends lower,Aviation,2007,WTW,nox,0.0004650453970599,Mt
Historical Trends lower,Aviation,2008,WTW,nox,0.0004628945036295,Mt
Historical Trends lower,Aviation,2009,WTW,nox,0.0004389662934703,Mt
Historical Trends lower,Aviation,2010,WTW,nox,0.0004611308476972,Mt
Historical Trends lower,Aviation,2011,WTW,nox,0.0004748068492415,Mt
Historical Trends lower,Aviation,2012,WTW,nox,0.0004799463726702,Mt
Historical Trends lower,Aviation,2013,WTW,nox,0.0004935878679027,Mt
Historical Trends lower,Aviation,2014,WTW,nox,0.0005091157081759,Mt
Historical Trends lower,Aviation,2015,WTW,nox,0.0005369201273514,Mt
Historical Trends lower,Aviation,2016,WTW,nox,0.0005628880439367,Mt
Historical Trends lower,Aviation,2017,WTW,nox,0.0005960984385289,Mt
Historical Trends lower,Aviation,2018,WTW,nox,0.0006270955573324,Mt
Historical Trends lower,Aviation,2019,WTW,nox,0.0005607384492855,Mt
Historical Trends lower,Aviation,2020,WTW,nox,0.0003037333266723,Mt
Historical Trends lower,Aviation,2021,WTW,nox,0.0003621435817942,Mt
Historical Trends lower,Aviation,2022,WTW,nox,0.0004439179390416,Mt
Historical Trends lower,Aviation,2023,WTW,nox,0.0005160558809528,Mt
Historical Trends lower,Aviation,2024,WTW,nox,0.0005633864622117,Mt
Historical Trends lower,Aviation,2025,WTW,nox,0.0006033869673031,Mt
Historical Trends lower,Aviation,2026,WTW,nox,0.0006186978880808,Mt
Historical Trends lower,Aviation,2027,WTW,nox,0.0006352481914919,Mt
Historical Trends lower,Aviation,2028,WTW,nox,0.0006525939117042,Mt
Historical Trends lower,Aviation,2029,WTW,nox,0.0006705592700254,Mt
Historical Trends lower,Aviation,2030,WTW,nox,0.0006891391251619,Mt
Historical Trends lower,Aviation,2031,WTW,nox,0.000708328142051,Mt
Historical Trends lower,Aviation,2032,WTW,nox,0.0007281275974649,Mt
Historical Trends lower,Aviation,2033,WTW,nox,0.0007485643149129,Mt
Historical Trends lower,Aviation,2034,WTW,nox,0.0007696876070027,Mt
Historical Trends lower,Aviation,2035,WTW,nox,0.0007915725854635,Mt
Historical Trends lower,Aviation,2036,WTW,nox,0.0008143157785946,Mt
Historical Trends lower,Aviation,2037,WTW,nox,0.0008380265897555,Mt
Historical Trends lower,Aviation,2038,WTW,nox,0.0008628069790873,Mt
Historical Trends lower,Aviation,2039,WTW,nox,0.0008887469895158,Mt
Historical Trends lower,Aviation,2040,WTW,nox,0.0009158954714905,Mt
Historical Trends lower,Aviation,2041,WTW,nox,0.000944263873072,Mt
Historical Trends lower,Aviation,2042,WTW,nox,0.0009738132804273,Mt
Historical Trends lower,Aviation,2043,WTW,nox,0.0010044830346926,Mt
Historical Trends lower,Aviation,2044,WTW,nox,0.0010362090322944,Mt
Historical Trends lower,Aviation,2045,WTW,nox,0.0010689408084744,Mt
Historical Trends lower,Aviation,2046,WTW,nox,0.0011026761725202,Mt
Historical Trends lower,Aviation,2047,WTW,nox,0.0011374656249419,Mt
Historical Trends lower,Aviation,2048,WTW,nox,0.001173415414752,Mt
Historical Trends lower,Aviation,2049,WTW,nox,0.0012106568781855,Mt
Historical Trends lower,Aviation,2050,WTW,nox,0.0012493227877872,Mt
Historical Trends upper,Aviation,1940,WTW,nox,0.0008335002096445,Mt
Historical Trends upper,Aviation,1941,WTW,nox,0.0008984482779285,Mt
Historical Trends upper,Aviation,1942,WTW,nox,0.0009742210242598,Mt
Historical Trends upper,Aviation,1943,WTW,nox,0.0010499937705912,Mt
Historical Trends upper,Aviation,1944,WTW,nox,0.0011365911949698,Mt
Historical Trends upper,Aviation,1945,WTW,nox,0.0012231886193485,Mt
Historical Trends upper,Aviation,1946,WTW,nox,0.0013314353998218,Mt
Historical Trends upper,Aviation,1947,WTW,nox,0.0014288575022478,Mt
Historical Trends upper,Aviation,1948,WTW,nox,0.0015479289607684,Mt
Historical Trends upper,Aviation,1949,WTW,nox,0.0016670004192891,Mt
Historical Trends upper,Aviation,1950,WTW,nox,0.0018077212339044,Mt
Historical Trends upper,Aviation,1951,WTW,nox,0.0019484420485197,Mt
Historical Trends upper,Aviation,1952,WTW,nox,0.0020999875411824,Mt
Historical Trends upper,Aviation,1953,WTW,nox,0.0022731823899397,Mt
Historical Trends upper,Aviation,1954,WTW,nox,0.0024572019167443,Mt
Historical Trends upper,Aviation,1955,WTW,nox,0.0026520461215963,Mt
Historical Trends upper,Aviation,1956,WTW,nox,0.0028685396825429,Mt
Historical Trends upper,Aviation,1957,WTW,nox,0.0030958579215369,Mt
Historical Trends upper,Aviation,1958,WTW,nox,0.0033448255166255,Mt
Historical Trends upper,Aviation,1959,WTW,nox,0.0036046177897615,Mt
Historical Trends upper,Aviation,1960,WTW,nox,0.0038968840970395,Mt
Historical Trends upper,Aviation,1961,WTW,nox,0.0042757478286961,Mt
Historical Trends upper,Aviation,1962,WTW,nox,0.0047087349505894,Mt
Historical Trends upper,Aviation,1963,WTW,nox,0.0049685272237254,Mt
Historical Trends upper,Aviation,1964,WTW,nox,0.0051958454627193,Mt
Historical Trends upper,Aviation,1965,WTW,nox,0.0055530598382813,Mt
Historical Trends upper,Aviation,1966,WTW,nox,0.0060185209943166,Mt
Historical Trends upper,Aviation,1967,WTW,nox,0.0071009887990498,Mt
Historical Trends upper,Aviation,1968,WTW,nox,0.0080427357891677,Mt
Historical Trends upper,Aviation,1969,WTW,nox,0.0084215995208243,Mt
Historical Trends upper,Aviation,1970,WTW,nox,0.0084432488769189,Mt
Historical Trends upper,Aviation,1971,WTW,nox,0.0097422102425988,Mt
Historical Trends upper,Aviation,1972,WTW,nox,0.0103916909254387,Mt
Historical Trends upper,Aviation,1973,WTW,nox,0.010759729979048,Mt
Historical Trends upper,Aviation,1974,WTW,nox,0.0103916909254387,Mt
Historical Trends upper,Aviation,1975,WTW,nox,0.010402515603486,Mt
Historical Trends upper,Aviation,1976,WTW,nox,0.010434989637628,Mt
Historical Trends upper,Aviation,1977,WTW,nox,0.011051996286326,Mt
Historical Trends upper,Aviation,1978,WTW,nox,0.0114416846960299,Mt
Historical Trends upper,Aviation,1979,WTW,nox,0.0119179705301125,Mt
Historical Trends upper,Aviation,1980,WTW,nox,0.0120045679544912,Mt
Historical Trends upper,Aviation,1981,WTW,nox,0.0118313731057339,Mt
Historical Trends upper,Aviation,1982,WTW,nox,0.0119612692423019,Mt
Historical Trends upper,Aviation,1983,WTW,nox,0.0121236394130118,Mt
Historical Trends upper,Aviation,1984,WTW,nox,0.0129354902665617,Mt
Historical Trends upper,Aviation,1985,WTW,nox,0.0133576527104077,Mt
Historical Trends upper,Aviation,1986,WTW,nox,0.0140612567834843,Mt
Historical Trends upper,Aviation,1987,WTW,nox,0.0146782634321822,Mt
Historical Trends upper,Aviation,1988,WTW,nox,0.0153060947589275,Mt
Historical Trends upper,Aviation,1989,WTW,nox,0.0158581533393414,Mt
Historical Trends upper,Aviation,1990,WTW,nox,0.0161914386816119,Mt
Historical Trends upper,Aviation,1991,WTW,nox,0.0156583925657203,Mt
Historical Trends upper,Aviation,1992,WTW,nox,0.0156946985358911,Mt
Historical Trends upper,Aviation,1993,WTW,nox,0.0157803433886016,Mt
Historical Trends upper,Aviation,1994,WTW,nox,0.0165330871701418,Mt
Historical Trends upper,Aviation,1995,WTW,nox,0.0169356179778811,Mt
Historical Trends upper,Aviation,1996,WTW,nox,0.01770213940964,Mt
Historical Trends upper,Aviation,1997,WTW,nox,0.0182411434283289,Mt
Historical Trends upper,Aviation,1998,WTW,nox,0.0186008518097129,Mt
Historical Trends upper,Aviation,1999,WTW,nox,0.0192008312398424,Mt
Historical Trends upper,Aviation,2000,WTW,nox,0.0201952424535962,Mt
Historical Trends upper,Aviation,2001,WTW,nox,0.0194258351626698,Mt
Historical Trends upper,Aviation,2002,WTW,nox,0.0194651200842392,Mt
Historical Trends upper,Aviation,2003,WTW,nox,0.0194529250019511,Mt
Historical Trends upper,Aviation,2004,WTW,nox,0.0206766223811678,Mt
Historical Trends upper,Aviation,2005,WTW,nox,0.0216928171770241,Mt
Historical Trends upper,Aviation,2006,WTW,nox,0.0219457487692136,Mt
Historical Trends upper,Aviation,2007,WTW,nox,0.0225830581840571,Mt
Historical Trends upper,Aviation,2008,WTW,nox,0.0224786087006428,Mt
Historical Trends upper,Aviation,2009,WTW,nox,0.0213166314707164,Mt
Historical Trends upper,Aviation,2010,WTW,nox,0.0223929638479323,Mt
Historical Trends upper,Aviation,2011,WTW,nox,0.0230570838253635,Mt
Historical Trends upper,Aviation,2012,WTW,nox,0.0233066640972296,Mt
Historical Trends upper,Aviation,2013,WTW,nox,0.023969108414499,Mt
Historical Trends upper,Aviation,2014,WTW,nox,0.0247231554872761,Mt
Historical Trends upper,Aviation,2015,WTW,nox,0.0260733652087033,Mt
Historical Trends upper,Aviation,2016,WTW,nox,0.027334392572634,Mt
Historical Trends upper,Aviation,2017,WTW,nox,0.0289471217344195,Mt
Historical Trends upper,Aviation,2018,WTW,nox,0.0304523720646093,Mt
Historical Trends upper,Aviation,2019,WTW,nox,0.0272300061592064,Mt
Historical Trends upper,Aviation,2020,WTW,nox,0.0147495866684064,Mt
Historical Trends upper,Aviation,2021,WTW,nox,0.017586045642742,Mt
Historical Trends upper,Aviation,2022,WTW,nox,0.0215570882105354,Mt
Historical Trends upper,Aviation,2023,WTW,nox,0.0250601770482242,Mt
Historical Trends upper,Aviation,2024,WTW,nox,0.027358596250332,Mt
Historical Trends upper,Aviation,2025,WTW,nox,0.029301059802453,Mt
Historical Trends upper,Aviation,2026,WTW,nox,0.0300445730529031,Mt
Historical Trends upper,Aviation,2027,WTW,nox,0.0308482719331807,Mt
Historical Trends upper,Aviation,2028,WTW,nox,0.031690597029346,Mt
Historical Trends upper,Aviation,2029,WTW,nox,0.0325630123566015,Mt
Historical Trends upper,Aviation,2030,WTW,nox,0.0334652682487159,Mt
Historical Trends upper,Aviation,2031,WTW,nox,0.0343971056298438,Mt
Historical Trends upper,Aviation,2032,WTW,nox,0.0353585865012874,Mt
Historical Trends upper,Aviation,2033,WTW,nox,0.0363510134388208,Mt
Historical Trends upper,Aviation,2034,WTW,nox,0.0373767811107905,Mt
Historical Trends upper,Aviation,2035,WTW,nox,0.0384395370160488,Mt
Historical Trends upper,Aviation,2036,WTW,nox,0.0395439686629731,Mt
Historical Trends upper,Aviation,2037,WTW,nox,0.0406953887854483,Mt
Historical Trends upper,Aviation,2038,WTW,nox,0.0418987486673858,Mt
Historical Trends upper,Aviation,2039,WTW,nox,0.043158420881124,Mt
Historical Trends upper,Aviation,2040,WTW,nox,0.0444767776521371,Mt
Historical Trends upper,Aviation,2041,WTW,nox,0.0458543749094241,Mt
Historical Trends upper,Aviation,2042,WTW,nox,0.047289322959287,Mt
Historical Trends upper,Aviation,2043,WTW,nox,0.0487786761481231,Mt
Historical Trends upper,Aviation,2044,WTW,nox,0.0503193215438608,Mt
Historical Trends upper,Aviation,2045,WTW,nox,0.0519088085285996,Mt
Historical Trends upper,Aviation,2046,WTW,nox,0.0535470307192154,Mt
Historical Trends upper,Aviation,2047,WTW,nox,0.0552364404697402,Mt
Historical Trends upper,Aviation,2048,WTW,nox,0.0569821973358876,Mt
Historical Trends upper,Aviation,2049,WTW,nox,0.0587906791333537,Mt
Historical Trends upper,Aviation,2050,WTW,nox,0.0606683334264481,Mt
SLCP Forward,Aviation,1940,WTW,nox,0.0005128265980987,Mt
SLCP Forward,Aviation,1941,WTW,nox,0.0005527871122363,Mt
SLCP Forward,Aviation,1942,WTW,nox,0.0005994077120634,Mt
SLCP Forward,Aviation,1943,WTW,nox,0.0006460283118906,Mt
SLCP Forward,Aviation,1944,WTW,nox,0.0006993089974073,Mt
SLCP Forward,Aviation,1945,WTW,nox,0.0007525896829241,Mt
SLCP Forward,Aviation,1946,WTW,nox,0.00081919053982,Mt
SLCP Forward,Aviation,1947,WTW,nox,0.0008791313110264,Mt
SLCP Forward,Aviation,1948,WTW,nox,0.0009523922536119,Mt
SLCP Forward,Aviation,1949,WTW,nox,0.0010256531961974,Mt
SLCP Forward,Aviation,1950,WTW,nox,0.0011122343101622,Mt
SLCP Forward,Aviation,1951,WTW,nox,0.0011988154241269,Mt
SLCP Forward,Aviation,1952,WTW,nox,0.0012920566237812,Mt
SLCP Forward,Aviation,1953,WTW,nox,0.0013986179948147,Mt
SLCP Forward,Aviation,1954,WTW,nox,0.0015118394515378,Mt
SLCP Forward,Aviation,1955,WTW,nox,0.0016317209939505,Mt
SLCP Forward,Aviation,1956,WTW,nox,0.0017649227077424,Mt
SLCP Forward,Aviation,1957,WTW,nox,0.0019047845072238,Mt
SLCP Forward,Aviation,1958,WTW,nox,0.0020579664780845,Mt
SLCP Forward,Aviation,1959,WTW,nox,0.0022178085346348,Mt
SLCP Forward,Aviation,1960,WTW,nox,0.0023976308482538,Mt
SLCP Forward,Aviation,1961,WTW,nox,0.0026307338473896,Mt
SLCP Forward,Aviation,1962,WTW,nox,0.0028971372749734,Mt
SLCP Forward,Aviation,1963,WTW,nox,0.0030569793315236,Mt
SLCP Forward,Aviation,1964,WTW,nox,0.0031968411310051,Mt
SLCP Forward,Aviation,1965,WTW,nox,0.0034166239587617,Mt
SLCP Forward,Aviation,1966,WTW,nox,0.0037030076434142,Mt
SLCP Forward,Aviation,1967,WTW,nox,0.0043690162123736,Mt
SLCP Forward,Aviation,1968,WTW,nox,0.0049484436673683,Mt
SLCP Forward,Aviation,1969,WTW,nox,0.0051815466665041,Mt
SLCP Forward,Aviation,1970,WTW,nox,0.0051948668378833,Mt
SLCP Forward,Aviation,1971,WTW,nox,0.0059940771206346,Mt
SLCP Forward,Aviation,1972,WTW,nox,0.0063936822620102,Mt
SLCP Forward,Aviation,1973,WTW,nox,0.0066201251754564,Mt
SLCP Forward,Aviation,1974,WTW,nox,0.0063936822620102,Mt
SLCP Forward,Aviation,1975,WTW,nox,0.0064003423476998,Mt
SLCP Forward,Aviation,1976,WTW,nox,0.0064203226047686,Mt
SLCP Forward,Aviation,1977,WTW,nox,0.0067999474890755,Mt
SLCP Forward,Aviation,1978,WTW,nox,0.0070397105739009,Mt
SLCP Forward,Aviation,1979,WTW,nox,0.007332754344243,Mt
SLCP Forward,Aviation,1980,WTW,nox,0.0073860350297597,Mt
SLCP Forward,Aviation,1981,WTW,nox,0.0072794736587262,Mt
SLCP Forward,Aviation,1982,WTW,nox,0.0073593946870014,Mt
SLCP Forward,Aviation,1983,WTW,nox,0.0074592959723453,Mt
SLCP Forward,Aviation,1984,WTW,nox,0.0079588023990648,Mt
SLCP Forward,Aviation,1985,WTW,nox,0.008218545740959,Mt
SLCP Forward,Aviation,1986,WTW,nox,0.0086514513107826,Mt
SLCP Forward,Aviation,1987,WTW,nox,0.0090310761950895,Mt
SLCP Forward,Aviation,1988,WTW,nox,0.0094173611650859,Mt
SLCP Forward,Aviation,1989,WTW,nox,0.0097570255352552,Mt
SLCP Forward,Aviation,1990,WTW,nox,0.0099620855775864,Mt
SLCP Forward,Aviation,1991,WTW,nox,0.0096341189819223,Mt
SLCP Forward,Aviation,1992,WTW,nox,0.0096564569093252,Mt
SLCP Forward,Aviation,1993,WTW,nox,0.0097091515073013,Mt
SLCP Forward,Aviation,1994,WTW,nox,0.0101722912021214,Mt
SLCP Forward,Aviation,1995,WTW,nox,0.0104199558126089,Mt
SLCP Forward,Aviation,1996,WTW,nox,0.0108915724644947,Mt
SLCP Forward,Aviation,1997,WTW,nox,0.0112232047713224,Mt
SLCP Forward,Aviation,1998,WTW,nox,0.0114445220828218,Mt
SLCP Forward,Aviation,1999,WTW,nox,0.011813670652339,Mt
SLCP Forward,Aviation,2000,WTW,nox,0.0124255007562307,Mt
SLCP Forward,Aviation,2001,WTW,nox,0.0119521085255,Mt
SLCP Forward,Aviation,2002,WTW,nox,0.0119762793084847,Mt
SLCP Forward,Aviation,2003,WTW,nox,0.0119687760559468,Mt
SLCP Forward,Aviation,2004,WTW,nox,0.0127216787628983,Mt
SLCP Forward,Aviation,2005,WTW,nox,0.0133469116232318,Mt
SLCP Forward,Aviation,2006,WTW,nox,0.013502532517472,Mt
SLCP Forward,Aviation,2007,WTW,nox,0.0138946490584982,Mt
SLCP Forward,Aviation,2008,WTW,nox,0.0138303845596622,Mt
SLCP Forward,Aviation,2009,WTW,nox,0.0131154563292956,Mt
SLCP Forward,Aviation,2010,WTW,nox,0.0137776899616861,Mt
SLCP Forward,Aviation,2011,WTW,nox,0.0141863022029484,Mt
SLCP Forward,Aviation,2012,WTW,nox,0.0143398611346591,Mt
SLCP Forward,Aviation,2013,WTW,nox,0.0147474423946566,Mt
SLCP Forward,Aviation,2014,WTW,nox,0.0152113839637937,Mt
SLCP Forward,Aviation,2015,WTW,nox,0.0160421257562338,Mt
SLCP Forward,Aviation,2016,WTW,nox,0.0168179964346945,Mt
SLCP Forward,Aviation,2017,WTW,nox,0.0178102582243414,Mt
SLCP Forward,Aviation,2018,WTW,nox,0.0187363916520072,Mt
SLCP Forward,Aviation,2019,WTW,nox,0.0167537707408477,Mt
SLCP Forward,Aviation,2020,WTW,nox,0.0090749591505765,Mt
SLCP Forward,Aviation,2021,WTW,nox,0.0108201436023902,Mt
SLCP Forward,Aviation,2022,WTW,nox,0.0132634018372204,Mt
SLCP Forward,Aviation,2023,WTW,nox,0.0154187427845679,Mt
SLCP Forward,Aviation,2024,WTW,nox,0.0167488919197813,Mt
SLCP Forward,Aviation,2025,WTW,nox,0.0179318535572158,Mt
SLCP Forward,Aviation,2026,WTW,nox,0.0183365384103958,Mt
SLCP Forward,Aviation,2027,WTW,nox,0.0187748100566333,Mt
SLCP Forward,Aviation,2028,WTW,nox,0.0192331228612109,Mt
SLCP Forward,Aviation,2029,WTW,nox,0.0197060020433474,Mt
SLCP Forward,Aviation,2030,WTW,nox,0.0201930643392532,Mt
SLCP Forward,Aviation,2031,WTW,nox,0.0206841336387519,Mt
SLCP Forward,Aviation,2032,WTW,nox,0.0211892041952682,Mt
SLCP Forward,Aviation,2033,WTW,nox,0.0217090762411606,Mt
SLCP Forward,Aviation,2034,WTW,nox,0.0222455622204865,Mt
SLCP Forward,Aviation,2035,WTW,nox,0.0227690236908938,Mt
SLCP Forward,Aviation,2036,WTW,nox,0.0231980639480589,Mt
SLCP Forward,Aviation,2037,WTW,nox,0.0235599463307521,Mt
SLCP Forward,Aviation,2038,WTW,nox,0.0238101849870633,Mt
SLCP Forward,Aviation,2039,WTW,nox,0.0239563525138142,Mt
SLCP Forward,Aviation,2040,WTW,nox,0.0240532448086503,Mt
SLCP Forward,Aviation,2041,WTW,nox,0.0240607168245135,Mt
SLCP Forward,Aviation,2042,WTW,nox,0.0240294711192019,Mt
SLCP Forward,Aviation,2043,WTW,nox,0.0239494629380651,Mt
SLCP Forward,Aviation,2044,WTW,nox,0.0238049258271666,Mt
SLCP Forward,Aviation,2045,WTW,nox,0.0235913345023392,Mt
SLCP Forward,Aviation,2046,WTW,nox,0.0232710036022183,Mt
SLCP Forward,Aviation,2047,WTW,nox,0.0228885793323478,Mt
SLCP Forward,Aviation,2048,WTW,nox,0.0224459792370467,Mt
SLCP Forward,Aviation,2049,WTW,nox,0.0219943188031122,Mt
SLCP Forward,Aviation,2050,WTW,nox,0.021568457666227,Mt
SLCP Forward lower,Aviation,1940,WTW,nox,1.7163992262896657e-05,Mt
SLCP Forward lower,Aviation,1941,WTW,nox,1.8501446205460037e-05,Mt
SLCP Forward lower,Aviation,1942,WTW,nox,2.0061809138450635e-05,Mt
SLCP Forward lower,Aviation,1943,WTW,nox,2.162217207144124e-05,Mt
SLCP Forward lower,Aviation,1944,WTW,nox,2.3405443994859077e-05,Mt
SLCP Forward lower,Aviation,1945,WTW,nox,2.518871591827691e-05,Mt
SLCP Forward lower,Aviation,1946,WTW,nox,2.7417805822549203e-05,Mt
SLCP Forward lower,Aviation,1947,WTW,nox,2.9423986736394262e-05,Mt
SLCP Forward lower,Aviation,1948,WTW,nox,3.1875985631093786e-05,Mt
SLCP Forward lower,Aviation,1949,WTW,nox,3.4327984525793314e-05,Mt
SLCP Forward lower,Aviation,1950,WTW,nox,3.72258014013473e-05,Mt
SLCP Forward lower,Aviation,1951,WTW,nox,4.012361827690127e-05,Mt
SLCP Forward lower,Aviation,1952,WTW,nox,4.324434414288248e-05,Mt
SLCP Forward lower,Aviation,1953,WTW,nox,4.6810887989718155e-05,Mt
SLCP Forward lower,Aviation,1954,WTW,nox,5.060034082698105e-05,Mt
SLCP Forward lower,Aviation,1955,WTW,nox,5.461270265467118e-05,Mt
SLCP Forward lower,Aviation,1956,WTW,nox,5.907088246321577e-05,Mt
SLCP Forward lower,Aviation,1957,WTW,nox,6.375197126218757e-05,Mt
SLCP Forward lower,Aviation,1958,WTW,nox,6.887887804201384e-05,Mt
SLCP Forward lower,Aviation,1959,WTW,nox,7.422869381226734e-05,Mt
SLCP Forward lower,Aviation,1960,WTW,nox,8.024723655380254e-05,Mt
SLCP Forward lower,Aviation,1961,WTW,nox,8.804905121875558e-05,Mt
SLCP Forward lower,Aviation,1962,WTW,nox,9.696541083584476e-05,Mt
SLCP Forward lower,Aviation,1963,WTW,nox,0.000102315226606,Mt
SLCP Forward lower,Aviation,1964,WTW,nox,0.000106996315405,Mt
SLCP Forward lower,Aviation,1965,WTW,nox,0.0001143523120891,Mt
SLCP Forward lower,Aviation,1966,WTW,nox,0.0001239373986775,Mt
SLCP Forward lower,Aviation,1967,WTW,nox,0.0001462282977202,Mt
SLCP Forward lower,Aviation,1968,WTW,nox,0.0001656213798874,Mt
SLCP Forward lower,Aviation,1969,WTW,nox,0.0001734231945523,Mt
SLCP Forward lower,Aviation,1970,WTW,nox,0.0001738690125332,Mt
SLCP Forward lower,Aviation,1971,WTW,nox,0.0002006180913845,Mt
SLCP Forward lower,Aviation,1972,WTW,nox,0.0002139926308101,Mt
SLCP Forward lower,Aviation,1973,WTW,nox,0.0002215715364846,Mt
SLCP Forward lower,Aviation,1974,WTW,nox,0.0002139926308101,Mt
SLCP Forward lower,Aviation,1975,WTW,nox,0.0002142155398005,Mt
SLCP Forward lower,Aviation,1976,WTW,nox,0.0002148842667718,Mt
SLCP Forward lower,Aviation,1977,WTW,nox,0.0002275900792262,Mt
SLCP Forward lower,Aviation,1978,WTW,nox,0.0002356148028815,Mt
SLCP Forward lower,Aviation,1979,WTW,nox,0.0002454227984603,Mt
SLCP Forward lower,Aviation,1980,WTW,nox,0.0002472060703837,Mt
SLCP Forward lower,Aviation,1981,WTW,nox,0.0002436395265369,Mt
SLCP Forward lower,Aviation,1982,WTW,nox,0.000246314434422,Mt
SLCP Forward lower,Aviation,1983,WTW,nox,0.0002496580692784,Mt
SLCP Forward lower,Aviation,1984,WTW,nox,0.0002663762435605,Mt
SLCP Forward lower,Aviation,1985,WTW,nox,0.0002750696941872,Mt
SLCP Forward lower,Aviation,1986,WTW,nox,0.0002895587785649,Mt
SLCP Forward lower,Aviation,1987,WTW,nox,0.0003022645910193,Mt
SLCP Forward lower,Aviation,1988,WTW,nox,0.0003151933124641,Mt
SLCP Forward lower,Aviation,1989,WTW,nox,0.0003265616709758,Mt
SLCP Forward lower,Aviation,1990,WTW,nox,0.0003334249050457,Mt
SLCP Forward lower,Aviation,1991,WTW,nox,0.0003224480638847,Mt
SLCP Forward lower,Aviation,1992,WTW,nox,0.0003231957006386,Mt
SLCP Forward lower,Aviation,1993,WTW,nox,0.0003249593565709,Mt
SLCP Forward lower,Aviation,1994,WTW,nox,0.0003404603586016,Mt
SLCP Forward lower,Aviation,1995,WTW,nox,0.0003487495414832,Mt
SLCP Forward lower,Aviation,1996,WTW,nox,0.0003645342620769,Mt
SLCP Forward lower,Aviation,1997,WTW,nox,0.0003756337923463,Mt
SLCP Forward lower,Aviation,1998,WTW,nox,0.0003830411472617,Mt
SLCP Forward lower,Aviation,1999,WTW,nox,0.0003953963238742,Mt
SLCP Forward lower,Aviation,2000,WTW,nox,0.0004158739028615,Mt
SLCP Forward lower,Aviation,2001,WTW,nox,0.000400029754731,Mt
SLCP Forward lower,Aviation,2002,WTW,nox,0.000400838736039,Mt
SLCP Forward lower,Aviation,2003,WTW,nox,0.0004005876067704,Mt
SLCP Forward lower,Aviation,2004,WTW,nox,0.0004257867994112,Mt
SLCP Forward lower,Aviation,2005,WTW,nox,0.000446712960451,Mt
SLCP Forward lower,Aviation,2006,WTW,nox,0.0004519214965031,Mt
SLCP Forward lower,Aviation,2007,WTW,nox,0.0004650453970599,Mt
SLCP Forward lower,Aviation,2008,WTW,nox,0.0004628945036295,Mt
SLCP Forward lower,Aviation,2009,WTW,nox,0.0004389662934703,Mt
SLCP Forward lower,Aviation,2010,WTW,nox,0.0004611308476972,Mt
SLCP Forward lower,Aviation,2011,WTW,nox,0.0004748068492415,Mt
SLCP Forward lower,Aviation,2012,WTW,nox,0.0004799463726702,Mt
SLCP Forward lower,Aviation,2013,WTW,nox,0.0004935878679027,Mt
SLCP Forward lower,Aviation,2014,WTW,nox,0.0005091157081759,Mt
SLCP Forward lower,Aviation,2015,WTW,nox,0.0005369201273514,Mt
SLCP Forward lower,Aviation,2016,WTW,nox,0.0005628880439367,Mt
SLCP Forward lower,Aviation,2017,WTW,nox,0.0005960984385289,Mt
SLCP Forward lower,Aviation,2018,WTW,nox,0.0006270955573324,Mt
SLCP Forward lower,Aviation,2019,WTW,nox,0.0005607384492855,Mt
SLCP Forward lower,Aviation,2020,WTW,nox,0.0003037333266723,Mt
SLCP Forward lower,Aviation,2021,WTW,nox,0.0003621435817942,Mt
SLCP Forward lower,Aviation,2022,WTW,nox,0.0004439179390416,Mt
SLCP Forward lower,Aviation,2023,WTW,nox,0.0005160558809528,Mt
SLCP Forward lower,Aviation,2024,WTW,nox,0.0005605751581314,Mt
SLCP Forward lower,Aviation,2025,WTW,nox,0.0006001681598741,Mt
SLCP Forward lower,Aviation,2026,WTW,nox,0.0006137127141438,Mt
SLCP Forward lower,Aviation,2027,WTW,nox,0.0006283813978138,Mt
SLCP Forward lower,Aviation,2028,WTW,nox,0.0006437208467833,Mt
SLCP Forward lower,Aviation,2029,WTW,nox,0.0006595478234916,Mt
SLCP Forward lower,Aviation,2030,WTW,nox,0.0006758495003341,Mt
SLCP Forward lower,Aviation,2031,WTW,nox,0.0006922852891337,Mt
SLCP Forward lower,Aviation,2032,WTW,nox,0.0007091896914334,Mt
SLCP Forward lower,Aviation,2033,WTW,nox,0.0007265894905204,Mt
SLCP Forward lower,Aviation,2034,WTW,nox,0.0007445453477877,Mt
SLCP Forward lower,Aviation,2035,WTW,nox,0.0007620652827156,Mt
SLCP Forward lower,Aviation,2036,WTW,nox,0.0007764249974452,Mt
SLCP Forward lower,Aviation,2037,WTW,nox,0.0007885369792333,Mt
SLCP Forward lower,Aviation,2038,WTW,nox,0.0007969123138527,Mt
SLCP Forward lower,Aviation,2039,WTW,nox,0.0008018044514827,Mt
SLCP Forward lower,Aviation,2040,WTW,nox,0.0008050473772691,Mt
SLCP Forward lower,Aviation,2041,WTW,nox,0.0008052974610653,Mt
SLCP Forward lower,Aviation,2042,WTW,nox,0.0008042516864385,Mt
SLCP Forward lower,Aviation,2043,WTW,nox,0.0008015738616005,Mt
SLCP Forward lower,Aviation,2044,WTW,nox,0.0007967362929908,Mt
SLCP Forward lower,Aviation,2045,WTW,nox,0.0007895875221191,Mt
SLCP Forward lower,Aviation,2046,WTW,nox,0.000778866243013,Mt
SLCP Forward lower,Aviation,2047,WTW,nox,0.0007660667368377,Mt
SLCP Forward lower,Aviation,2048,WTW,nox,0.0007512531826276,Mt
SLCP Forward lower,Aviation,2049,WTW,nox,0.0007361363844306,Mt
SLCP Forward lower,Aviation,2050,WTW,nox,0.0007218830729104,Mt
SLCP Forward upper,Aviation,1940,WTW,nox,0.0008335002096445,Mt
SLCP Forward upper,Aviation,1941,WTW,nox,0.0008984482779285,Mt
SLCP Forward upper,Aviation,1942,WTW,nox,0.0009742210242598,Mt
SLCP Forward upper,Aviation,1943,WTW,nox,0.0010499937705912,Mt
SLCP Forward upper,Aviation,1944,WTW,nox,0.0011365911949698,Mt
SLCP Forward upper,Aviation,1945,WTW,nox,0.0012231886193485,Mt
SLCP Forward upper,Aviation,1946,WTW,nox,0.0013314353998218,Mt
SLCP Forward upper,Aviation,1947,WTW,nox,0.0014288575022478,Mt
SLCP Forward upper,Aviation,1948,WTW,nox,0.0015479289607684,Mt
SLCP Forward upper,Aviation,1949,WTW,nox,0.0016670004192891,Mt
SLCP Forward upper,Aviation,1950,WTW,nox,0.0018077212339044,Mt
SLCP Forward upper,Aviation,1951,WTW,nox,0.0019484420485197,Mt
SLCP Forward upper,Aviation,1952,WTW,nox,0.0020999875411824,Mt
SLCP Forward upper,Aviation,1953,WTW,nox,0.0022731823899397,Mt
SLCP Forward upper,Aviation,1954,WTW,nox,0.0024572019167443,Mt
SLCP Forward upper,Aviation,1955,WTW,nox,0.0026520461215963,Mt
SLCP Forward upper,Aviation,1956,WTW,nox,0.0028685396825429,Mt
SLCP Forward upper,Aviation,1957,WTW,nox,0.0030958579215369,Mt
SLCP Forward upper,Aviation,1958,WTW,nox,0.0033448255166255,Mt
SLCP Forward upper,Aviation,1959,WTW,nox,0.0036046177897615,Mt
SLCP Forward upper,Aviation,1960,WTW,nox,0.0038968840970395,Mt
SLCP Forward upper,Aviation,1961,WTW,nox,0.0042757478286961,Mt
SLCP Forward upper,Aviation,1962,WTW,nox,0.0047087349505894,Mt
SLCP Forward upper,Aviation,1963,WTW,nox,0.0049685272237254,Mt
SLCP Forward upper,Aviation,1964,WTW,nox,0.0051958454627193,Mt
SLCP Forward upper,Aviation,1965,WTW,nox,0.0055530598382813,Mt
SLCP Forward upper,Aviation,1966,WTW,nox,0.0060185209943166,Mt
SLCP Forward upper,Aviation,1967,WTW,nox,0.0071009887990498,Mt
SLCP Forward upper,Aviation,1968,WTW,nox,0.0080427357891677,Mt
SLCP Forward upper,Aviation,1969,WTW,nox,0.0084215995208243,Mt
SLCP Forward upper,Aviation,1970,WTW,nox,0.0084432488769189,Mt
SLCP Forward upper,Aviation,1971,WTW,nox,0.0097422102425988,Mt
SLCP Forward upper,Aviation,1972,WTW,nox,0.0103916909254387,Mt
SLCP Forward upper,Aviation,1973,WTW,nox,0.010759729979048,Mt
SLCP Forward upper,Aviation,1974,WTW,nox,0.0103916909254387,Mt
SLCP Forward upper,Aviation,1975,WTW,nox,0.010402515603486,Mt
SLCP Forward upper,Aviation,1976,WTW,nox,0.010434989637628,Mt
SLCP Forward upper,Aviation,1977,WTW,nox,0.011051996286326,Mt
SLCP Forward upper,Aviation,1978,WTW,nox,0.0114416846960299,Mt
SLCP Forward upper,Aviation,1979,WTW,nox,0.0119179705301125,Mt
SLCP Forward upper,Aviation,1980,WTW,nox,0.0120045679544912,Mt
SLCP Forward upper,Aviation,1981,WTW,nox,0.0118313731057339,Mt
SLCP Forward upper,Aviation,1982,WTW,nox,0.0119612692423019,Mt
SLCP Forward upper,Aviation,1983,WTW,nox,0.0121236394130118,Mt
SLCP Forward upper,Aviation,1984,WTW,nox,0.0129354902665617,Mt
SLCP Forward upper,Aviation,1985,WTW,nox,0.0133576527104077,Mt
SLCP Forward upper,Aviation,1986,WTW,nox,0.0140612567834843,Mt
SLCP Forward upper,Aviation,1987,WTW,nox,0.0146782634321822,Mt
SLCP Forward upper,Aviation,1988,WTW,nox,0.0153060947589275,Mt
SLCP Forward upper,Aviation,1989,WTW,nox,0.0158581533393414,Mt
SLCP Forward upper,Aviation,1990,WTW,nox,0.0161914386816119,Mt
SLCP Forward upper,Aviation,1991,WTW,nox,0.0156583925657203,Mt
SLCP Forward upper,Aviation,1992,WTW,nox,0.0156946985358911,Mt
SLCP Forward upper,Aviation,1993,WTW,nox,0.0157803433886016,Mt
SLCP Forward upper,Aviation,1994,WTW,nox,0.0165330871701418,Mt
SLCP Forward upper,Aviation,1995,WTW,nox,0.0169356179778811,Mt
SLCP Forward upper,Aviation,1996,WTW,nox,0.01770213940964,Mt
SLCP Forward upper,Aviation,1997,WTW,nox,0.0182411434283289,Mt
SLCP Forward upper,Aviation,1998,WTW,nox,0.0186008518097129,Mt
SLCP Forward upper,Aviation,1999,WTW,nox,0.0192008312398424,Mt
SLCP Forward upper,Aviation,2000,WTW,nox,0.0201952424535962,Mt
SLCP Forward upper,Aviation,2001,WTW,nox,0.0194258351626698,Mt
SLCP Forward upper,Aviation,2002,WTW,nox,0.0194651200842392,Mt
SLCP Forward upper,Aviation,2003,WTW,nox,0.0194529250019511,Mt
SLCP Forward upper,Aviation,2004,WTW,nox,0.0206766223811678,Mt
SLCP Forward upper,Aviation,2005,WTW,nox,0.0216928171770241,Mt
SLCP Forward upper,Aviation,2006,WTW,nox,0.0219457487692136,Mt
SLCP Forward upper,Aviation,2007,WTW,nox,0.0225830581840571,Mt
SLCP Forward upper,Aviation,2008,WTW,nox,0.0224786087006428,Mt
SLCP Forward upper,Aviation,2009,WTW,nox,0.0213166314707164,Mt
SLCP Forward upper,Aviation,2010,WTW,nox,0.0223929638479323,Mt
SLCP Forward upper,Aviation,2011,WTW,nox,0.0230570838253635,Mt
SLCP Forward upper,Aviation,2012,WTW,nox,0.0233066640972296,Mt
SLCP Forward upper,Aviation,2013,WTW,nox,0.023969108414499,Mt
SLCP Forward upper,Aviation,2014,WTW,nox,0.0247231554872761,Mt
SLCP Forward upper,Aviation,2015,WTW,nox,0.0260733652087033,Mt
SLCP Forward upper,Aviation,2016,WTW,nox,0.027334392572634,Mt
SLCP Forward upper,Aviation,2017,WTW,nox,0.0289471217344195,Mt
SLCP Forward upper,Aviation,2018,WTW,nox,0.0304523720646093,Mt
SLCP Forward upper,Aviation,2019,WTW,nox,0.0272300061592064,Mt
SLCP Forward upper,Aviation,2020,WTW,nox,0.0147495866684064,Mt
SLCP Forward upper,Aviation,2021,WTW,nox,0.017586045642742,Mt
SLCP Forward upper,Aviation,2022,WTW,nox,0.0215570882105354,Mt
SLCP Forward upper,Aviation,2023,WTW,nox,0.0250601770482242,Mt
SLCP Forward upper,Aviation,2024,WTW,nox,0.0272220765814568,Mt
SLCP Forward upper,Aviation,2025,WTW,nox,0.0291447513734013,Mt
SLCP Forward upper,Aviation,2026,WTW,nox,0.0298024881429372,Mt
SLCP Forward upper,Aviation,2027,WTW,nox,0.0305148137328629,Mt
SLCP Forward upper,Aviation,2028,WTW,nox,0.0312597123401396,Mt
SLCP Forward upper,Aviation,2029,WTW,nox,0.0320282857700446,Mt
SLCP Forward upper,Aviation,2030,WTW,nox,0.0328199111015944,Mt
SLCP Forward upper,Aviation,2031,WTW,nox,0.0336180490406165,Mt
SLCP Forward upper,Aviation,2032,WTW,nox,0.0344389433083911,Mt
SLCP Forward upper,Aviation,2033,WTW,nox,0.03528389452747,Mt
SLCP Forward upper,Aviation,2034,WTW,nox,0.0361558484742764,Mt
SLCP Forward upper,Aviation,2035,WTW,nox,0.0370066336069955,Mt
SLCP Forward upper,Aviation,2036,WTW,nox,0.0377039553637431,Mt
SLCP Forward upper,Aviation,2037,WTW,nox,0.0382921250159408,Mt
SLCP Forward upper,Aviation,2038,WTW,nox,0.0386988394361168,Mt
SLCP Forward upper,Aviation,2039,WTW,nox,0.0389364064122483,Mt
SLCP Forward upper,Aviation,2040,WTW,nox,0.0390938860522635,Mt
SLCP Forward upper,Aviation,2041,WTW,nox,0.0391060303653929,Mt
SLCP Forward upper,Aviation,2042,WTW,nox,0.0390552465292498,Mt
SLCP Forward upper,Aviation,2043,WTW,nox,0.0389252087426021,Mt
SLCP Forward upper,Aviation,2044,WTW,nox,0.0386902916913377,Mt
SLCP Forward upper,Aviation,2045,WTW,nox,0.0383431404033938,Mt
SLCP Forward upper,Aviation,2046,WTW,nox,0.0378225046302177,Mt
SLCP Forward upper,Aviation,2047,WTW,nox,0.037200948123024,Mt
SLCP Forward upper,Aviation,2048,WTW,nox,0.0364815874783347,Mt
SLCP Forward upper,Aviation,2049,WTW,nox,0.035747501009793,Mt
SLCP Forward upper,Aviation,2050,WTW,nox,0.0350553462967004,Mt
Current Commitments,Aviation,1940,WTW,ch4,0.0386343023255814,Mt
Current Commitments,Aviation,1941,WTW,ch4,0.0416447674418604,Mt
Current Commitments,Aviation,1942,WTW,ch4,0.045156976744186,Mt
Current Commitments,Aviation,1943,WTW,ch4,0.0486691860465116,Mt
Current Commitments,Aviation,1944,WTW,ch4,0.0526831395348837,Mt
Current Commitments,Aviation,1945,WTW,ch4,0.0566970930232558,Mt
Current Commitments,Aviation,1946,WTW,ch4,0.0617145348837209,Mt
Current Commitments,Aviation,1947,WTW,ch4,0.0662302325581395,Mt
Current Commitments,Aviation,1948,WTW,ch4,0.0717494186046511,Mt
Current Commitments,Aviation,1949,WTW,ch4,0.0772686046511628,Mt
Current Commitments,Aviation,1950,WTW,ch4,0.0837912790697674,Mt
Current Commitments,Aviation,1951,WTW,ch4,0.0903139534883721,Mt
Current Commitments,Aviation,1952,WTW,ch4,0.0973383720930232,Mt
Current Commitments,Aviation,1953,WTW,ch4,0.1053662790697674,Mt
Current Commitments,Aviation,1954,WTW,ch4,0.1138959302325581,Mt
Current Commitments,Aviation,1955,WTW,ch4,0.1229273255813953,Mt
Current Commitments,Aviation,1956,WTW,ch4,0.1329622093023256,Mt
Current Commitments,Aviation,1957,WTW,ch4,0.1434988372093023,Mt
Current Commitments,Aviation,1958,WTW,ch4,0.1550389534883721,Mt
Current Commitments,Aviation,1959,WTW,ch4,0.1670808139534883,Mt
Current Commitments,Aviation,1960,WTW,ch4,0.1806279069767442,Mt
Current Commitments,Aviation,1961,WTW,ch4,0.1981889534883721,Mt
Current Commitments,Aviation,1962,WTW,ch4,0.2182587209302326,Mt
Current Commitments,Aviation,1963,WTW,ch4,0.2303005813953488,Mt
Current Commitments,Aviation,1964,WTW,ch4,0.2408372093023256,Mt
Current Commitments,Aviation,1965,WTW,ch4,0.2573947674418605,Mt
Current Commitments,Aviation,1966,WTW,ch4,0.2789697674418606,Mt
Current Commitments,Aviation,1967,WTW,ch4,0.3291441860465116,Mt
Current Commitments,Aviation,1968,WTW,ch4,0.3727959302325582,Mt
Current Commitments,Aviation,1969,WTW,ch4,0.390356976744186,Mt
Current Commitments,Aviation,1970,WTW,ch4,0.3913604651162791,Mt
Current Commitments,Aviation,1971,WTW,ch4,0.4515697674418605,Mt
Current Commitments,Aviation,1972,WTW,ch4,0.4816744186046512,Mt
Current Commitments,Aviation,1973,WTW,ch4,0.4987337209302327,Mt
Current Commitments,Aviation,1974,WTW,ch4,0.4816744186046512,Mt
Current Commitments,Aviation,1975,WTW,ch4,0.4821761627906977,Mt
Current Commitments,Aviation,1976,WTW,ch4,0.4836813953488373,Mt
Current Commitments,Aviation,1977,WTW,ch4,0.5122808139534885,Mt
Current Commitments,Aviation,1978,WTW,ch4,0.5303436046511629,Mt
Current Commitments,Aviation,1979,WTW,ch4,0.5524203488372093,Mt
Current Commitments,Aviation,1980,WTW,ch4,0.5564343023255814,Mt
Current Commitments,Aviation,1981,WTW,ch4,0.5484063953488373,Mt
Current Commitments,Aviation,1982,WTW,ch4,0.5544273255813954,Mt
Current Commitments,Aviation,1983,WTW,ch4,0.5619534883720931,Mt
Current Commitments,Aviation,1984,WTW,ch4,0.5995843023255816,Mt
Current Commitments,Aviation,1985,WTW,ch4,0.6191523255813954,Mt
Current Commitments,Aviation,1986,WTW,ch4,0.6517656976744187,Mt
Current Commitments,Aviation,1987,WTW,ch4,0.6803651162790698,Mt
Current Commitments,Aviation,1988,WTW,ch4,0.7094662790697677,Mt
Current Commitments,Aviation,1989,WTW,ch4,0.7350552325581398,Mt
Current Commitments,Aviation,1990,WTW,ch4,0.7505036350000001,Mt
Current Commitments,Aviation,1991,WTW,ch4,0.7257959450000001,Mt
Current Commitments,Aviation,1992,WTW,ch4,0.7274787950000001,Mt
Current Commitments,Aviation,1993,WTW,ch4,0.7314485950000001,Mt
Current Commitments,Aviation,1994,WTW,ch4,0.7663396850000002,Mt
Current Commitments,Aviation,1995,WTW,ch4,0.7849977450000002,Mt
Current Commitments,Aviation,1996,WTW,ch4,0.8205274550000002,Mt
Current Commitments,Aviation,1997,WTW,ch4,0.8455113050000002,Mt
Current Commitments,Aviation,1998,WTW,ch4,0.8621844650000001,Mt
Current Commitments,Aviation,1999,WTW,ch4,0.8899946400000002,Mt
Current Commitments,Aviation,2000,WTW,ch4,0.9360874700000004,Mt
Current Commitments,Aviation,2001,WTW,ch4,0.9004239950000001,Mt
Current Commitments,Aviation,2002,WTW,ch4,0.9022449250000002,Mt
Current Commitments,Aviation,2003,WTW,ch4,0.9016796600000002,Mt
Current Commitments,Aviation,2004,WTW,ch4,0.9584003350000002,Mt
Current Commitments,Aviation,2005,WTW,ch4,1.005502875,Mt
Current Commitments,Aviation,2006,WTW,ch4,1.0172267300000002,Mt
Current Commitments,Aviation,2007,WTW,ch4,1.0467672200000002,Mt
Current Commitments,Aviation,2008,WTW,ch4,1.0419257900000003,Mt
Current Commitments,Aviation,2009,WTW,ch4,0.98806596,Mt
Current Commitments,Aviation,2010,WTW,ch4,1.0379559900000002,Mt
Current Commitments,Aviation,2011,WTW,ch4,1.0687392,Mt
Current Commitments,Aviation,2012,WTW,ch4,1.080307715,Mt
Current Commitments,Aviation,2013,WTW,ch4,1.111013255,Mt
Current Commitments,Aviation,2014,WTW,ch4,1.145964755,Mt
Current Commitments,Aviation,2015,WTW,ch4,1.2085495150000003,Mt
Current Commitments,Aviation,2016,WTW,ch4,1.2670005050000002,Mt
Current Commitments,Aviation,2017,WTW,ch4,1.3417535347950005,Mt
Current Commitments,Aviation,2018,WTW,ch4,1.4115247186043405,Mt
Current Commitments,Aviation,2019,WTW,ch4,1.2621619984125003,Mt
Current Commitments,Aviation,2020,WTW,ch4,0.6836710824195,Mt
Current Commitments,Aviation,2021,WTW,ch4,0.8151462905605001,Mt
Current Commitments,Aviation,2022,WTW,ch4,0.9992115821305,Mt
Current Commitments,Aviation,2023,WTW,ch4,1.1615863382044724,Mt
Current Commitments,Aviation,2024,WTW,ch4,1.2527577231768294,Mt
Current Commitments,Aviation,2025,WTW,ch4,1.3316768302810302,Mt
Current Commitments,Aviation,2026,WTW,ch4,1.3504216993163158,Mt
Current Commitments,Aviation,2027,WTW,ch4,1.371216748942408,Mt
Current Commitments,Aviation,2028,WTW,ch4,1.3929335904584046,Mt
Current Commitments,Aviation,2029,WTW,ch4,1.41509686644484,Mt
Current Commitments,Aviation,2030,WTW,ch4,1.4378170015918077,Mt
Current Commitments,Aviation,2031,WTW,ch4,1.458664241277092,Mt
Current Commitments,Aviation,2032,WTW,ch4,1.4799926446553542,Mt
Current Commitments,Aviation,2033,WTW,ch4,1.5018317166253723,Mt
Current Commitments,Aviation,2034,WTW,ch4,1.524253566555929,Mt
Current Commitments,Aviation,2035,WTW,ch4,1.5471328692685988,Mt
Current Commitments,Aviation,2036,WTW,ch4,1.5703660108098034,Mt
Current Commitments,Aviation,2037,WTW,ch4,1.5933776058400846,Mt
Current Commitments,Aviation,2038,WTW,ch4,1.6157049715180074,Mt
Current Commitments,Aviation,2039,WTW,ch4,1.6373821585892414,Mt
Current Commitments,Aviation,2040,WTW,ch4,1.6594130036137522,Mt
Current Commitments,Aviation,2041,WTW,ch4,1.6826510731248228,Mt
Current Commitments,Aviation,2042,WTW,ch4,1.7060479279636618,Mt
Current Commitments,Aviation,2043,WTW,ch4,1.7293084017604827,Mt
Current Commitments,Aviation,2044,WTW,ch4,1.7520452391377082,Mt
Current Commitments,Aviation,2045,WTW,ch4,1.7741066878063176,Mt
Current Commitments,Aviation,2046,WTW,ch4,1.7948495778672922,Mt
Current Commitments,Aviation,2047,WTW,ch4,1.81469101667309,Mt
Current Commitments,Aviation,2048,WTW,ch4,1.8336560035942568,Mt
Current Commitments,Aviation,2049,WTW,ch4,1.8529917083613905,Mt
Current Commitments,Aviation,2050,WTW,ch4,1.873544366524482,Mt
Current Commitments lower,Aviation,1940,WTW,ch4,0.0386343023255814,Mt
Current Commitments lower,Aviation,1941,WTW,ch4,0.0416447674418604,Mt
Current Commitments lower,Aviation,1942,WTW,ch4,0.045156976744186,Mt
Current Commitments lower,Aviation,1943,WTW,ch4,0.0486691860465116,Mt
Current Commitments lower,Aviation,1944,WTW,ch4,0.0526831395348837,Mt
Current Commitments lower,Aviation,1945,WTW,ch4,0.0566970930232558,Mt
Current Commitments lower,Aviation,1946,WTW,ch4,0.0617145348837209,Mt
Current Commitments lower,Aviation,1947,WTW,ch4,0.0662302325581395,Mt
Current Commitments lower,Aviation,1948,WTW,ch4,0.0717494186046511,Mt
Current Commitments lower,Aviation,1949,WTW,ch4,0.0772686046511628,Mt
Current Commitments lower,Aviation,1950,WTW,ch4,0.0837912790697674,Mt
Current Commitments lower,Aviation,1951,WTW,ch4,0.0903139534883721,Mt
Current Commitments lower,Aviation,1952,WTW,ch4,0.0973383720930232,Mt
Current Commitments lower,Aviation,1953,WTW,ch4,0.1053662790697674,Mt
Current Commitments lower,Aviation,1954,WTW,ch4,0.1138959302325581,Mt
Current Commitments lower,Aviation,1955,WTW,ch4,0.1229273255813953,Mt
Current Commitments lower,Aviation,1956,WTW,ch4,0.1329622093023256,Mt
Current Commitments lower,Aviation,1957,WTW,ch4,0.1434988372093023,Mt
Current Commitments lower,Aviation,1958,WTW,ch4,0.1550389534883721,Mt
Current Commitments lower,Aviation,1959,WTW,ch4,0.1670808139534883,Mt
Current Commitments lower,Aviation,1960,WTW,ch4,0.1806279069767442,Mt
Current Commitments lower,Aviation,1961,WTW,ch4,0.1981889534883721,Mt
Current Commitments lower,Aviation,1962,WTW,ch4,0.2182587209302326,Mt
Current Commitments lower,Aviation,1963,WTW,ch4,0.2303005813953488,Mt
Current Commitments lower,Aviation,1964,WTW,ch4,0.2408372093023256,Mt
Current Commitments lower,Aviation,1965,WTW,ch4,0.2573947674418605,Mt
Current Commitments lower,Aviation,1966,WTW,ch4,0.2789697674418606,Mt
Current Commitments lower,Aviation,1967,WTW,ch4,0.3291441860465116,Mt
Current Commitments lower,Aviation,1968,WTW,ch4,0.3727959302325582,Mt
Current Commitments lower,Aviation,1969,WTW,ch4,0.390356976744186,Mt
Current Commitments lower,Aviation,1970,WTW,ch4,0.3913604651162791,Mt
Current Commitments lower,Aviation,1971,WTW,ch4,0.4515697674418605,Mt
Current Commitments lower,Aviation,1972,WTW,ch4,0.4816744186046512,Mt
Current Commitments lower,Aviation,1973,WTW,ch4,0.4987337209302327,Mt
Current Commitments lower,Aviation,1974,WTW,ch4,0.4816744186046512,Mt
Current Commitments lower,Aviation,1975,WTW,ch4,0.4821761627906977,Mt
Current Commitments lower,Aviation,1976,WTW,ch4,0.4836813953488373,Mt
Current Commitments lower,Aviation,1977,WTW,ch4,0.5122808139534885,Mt
Current Commitments lower,Aviation,1978,WTW,ch4,0.5303436046511629,Mt
Current Commitments lower,Aviation,1979,WTW,ch4,0.5524203488372093,Mt
Current Commitments lower,Aviation,1980,WTW,ch4,0.5564343023255814,Mt
Current Commitments lower,Aviation,1981,WTW,ch4,0.5484063953488373,Mt
Current Commitments lower,Aviation,1982,WTW,ch4,0.5544273255813954,Mt
Current Commitments lower,Aviation,1983,WTW,ch4,0.5619534883720931,Mt
Current Commitments lower,Aviation,1984,WTW,ch4,0.5995843023255816,Mt
Current Commitments lower,Aviation,1985,WTW,ch4,0.6191523255813954,Mt
Current Commitments lower,Aviation,1986,WTW,ch4,0.6517656976744187,Mt
Current Commitments lower,Aviation,1987,WTW,ch4,0.6803651162790698,Mt
Current Commitments lower,Aviation,1988,WTW,ch4,0.7094662790697677,Mt
Current Commitments lower,Aviation,1989,WTW,ch4,0.7350552325581398,Mt
Current Commitments lower,Aviation,1990,WTW,ch4,0.7505036350000001,Mt
Current Commitments lower,Aviation,1991,WTW,ch4,0.7257959450000001,Mt
Current Commitments lower,Aviation,1992,WTW,ch4,0.7274787950000001,Mt
Current Commitments lower,Aviation,1993,WTW,ch4,0.7314485950000001,Mt
Current Commitments lower,Aviation,1994,WTW,ch4,0.7663396850000002,Mt
Current Commitments lower,Aviation,1995,WTW,ch4,0.7849977450000002,Mt
Current Commitments lower,Aviation,1996,WTW,ch4,0.8205274550000002,Mt
Current Commitments lower,Aviation,1997,WTW,ch4,0.8455113050000002,Mt
Current Commitments lower,Aviation,1998,WTW,ch4,0.8621844650000001,Mt
Current Commitments lower,Aviation,1999,WTW,ch4,0.8899946400000002,Mt
Current Commitments lower,Aviation,2000,WTW,ch4,0.9360874700000004,Mt
Current Commitments lower,Aviation,2001,WTW,ch4,0.9004239950000001,Mt
Current Commitments lower,Aviation,2002,WTW,ch4,0.9022449250000002,Mt
Current Commitments lower,Aviation,2003,WTW,ch4,0.9016796600000002,Mt
Current Commitments lower,Aviation,2004,WTW,ch4,0.9584003350000002,Mt
Current Commitments lower,Aviation,2005,WTW,ch4,1.005502875,Mt
Current Commitments lower,Aviation,2006,WTW,ch4,1.0172267300000002,Mt
Current Commitments lower,Aviation,2007,WTW,ch4,1.0467672200000002,Mt
Current Commitments lower,Aviation,2008,WTW,ch4,1.0419257900000003,Mt
Current Commitments lower,Aviation,2009,WTW,ch4,0.98806596,Mt
Current Commitments lower,Aviation,2010,WTW,ch4,1.0379559900000002,Mt
Current Commitments lower,Aviation,2011,WTW,ch4,1.0687392,Mt
Current Commitments lower,Aviation,2012,WTW,ch4,1.080307715,Mt
Current Commitments lower,Aviation,2013,WTW,ch4,1.111013255,Mt
Current Commitments lower,Aviation,2014,WTW,ch4,1.145964755,Mt
Current Commitments lower,Aviation,2015,WTW,ch4,1.2085495150000003,Mt
Current Commitments lower,Aviation,2016,WTW,ch4,1.2670005050000002,Mt
Current Commitments lower,Aviation,2017,WTW,ch4,1.3417535347950005,Mt
Current Commitments lower,Aviation,2018,WTW,ch4,1.4115247186043405,Mt
Current Commitments lower,Aviation,2019,WTW,ch4,1.2621619984125003,Mt
Current Commitments lower,Aviation,2020,WTW,ch4,0.6836710824195,Mt
Current Commitments lower,Aviation,2021,WTW,ch4,0.8151462905605001,Mt
Current Commitments lower,Aviation,2022,WTW,ch4,0.9992115821305,Mt
Current Commitments lower,Aviation,2023,WTW,ch4,1.1615863382044724,Mt
Current Commitments lower,Aviation,2024,WTW,ch4,1.2527577231768294,Mt
Current Commitments lower,Aviation,2025,WTW,ch4,1.3316768302810302,Mt
Current Commitments lower,Aviation,2026,WTW,ch4,1.3504216993163158,Mt
Current Commitments lower,Aviation,2027,WTW,ch4,1.371216748942408,Mt
Current Commitments lower,Aviation,2028,WTW,ch4,1.3929335904584046,Mt
Current Commitments lower,Aviation,2029,WTW,ch4,1.41509686644484,Mt
Current Commitments lower,Aviation,2030,WTW,ch4,1.4378170015918077,Mt
Current Commitments lower,Aviation,2031,WTW,ch4,1.458664241277092,Mt
Current Commitments lower,Aviation,2032,WTW,ch4,1.4799926446553542,Mt
Current Commitments lower,Aviation,2033,WTW,ch4,1.5018317166253723,Mt
Current Commitments lower,Aviation,2034,WTW,ch4,1.524253566555929,Mt
Current Commitments lower,Aviation,2035,WTW,ch4,1.5471328692685988,Mt
Current Commitments lower,Aviation,2036,WTW,ch4,1.5703660108098034,Mt
Current Commitments lower,Aviation,2037,WTW,ch4,1.5933776058400846,Mt
Current Commitments lower,Aviation,2038,WTW,ch4,1.6157049715180074,Mt
Current Commitments lower,Aviation,2039,WTW,ch4,1.6373821585892414,Mt
Current Commitments lower,Aviation,2040,WTW,ch4,1.6594130036137522,Mt
Current Commitments lower,Aviation,2041,WTW,ch4,1.6826510731248228,Mt
Current Commitments lower,Aviation,2042,WTW,ch4,1.7060479279636618,Mt
Current Commitments lower,Aviation,2043,WTW,ch4,1.7293084017604827,Mt
Current Commitments lower,Aviation,2044,WTW,ch4,1.7520452391377082,Mt
Current Commitments lower,Aviation,2045,WTW,ch4,1.7741066878063176,Mt
Current Commitments lower,Aviation,2046,WTW,ch4,1.7948495778672922,Mt
Current Commitments lower,Aviation,2047,WTW,ch4,1.81469101667309,Mt
Current Commitments lower,Aviation,2048,WTW,ch4,1.8336560035942568,Mt
Current Commitments lower,Aviation,2049,WTW,ch4,1.8529917083613905,Mt
Current Commitments lower,Aviation,2050,WTW,ch4,1.873544366524482,Mt
Current Commitments upper,Aviation,1940,WTW,ch4,0.0386343023255814,Mt
Current Commitments upper,Aviation,1941,WTW,ch4,0.0416447674418604,Mt
Current Commitments upper,Aviation,1942,WTW,ch4,0.045156976744186,Mt
Current Commitments upper,Aviation,1943,WTW,ch4,0.0486691860465116,Mt
Current Commitments upper,Aviation,1944,WTW,ch4,0.0526831395348837,Mt
Current Commitments upper,Aviation,1945,WTW,ch4,0.0566970930232558,Mt
Current Commitments upper,Aviation,1946,WTW,ch4,0.0617145348837209,Mt
Current Commitments upper,Aviation,1947,WTW,ch4,0.0662302325581395,Mt
Current Commitments upper,Aviation,1948,WTW,ch4,0.0717494186046511,Mt
Current Commitments upper,Aviation,1949,WTW,ch4,0.0772686046511628,Mt
Current Commitments upper,Aviation,1950,WTW,ch4,0.0837912790697674,Mt
Current Commitments upper,Aviation,1951,WTW,ch4,0.0903139534883721,Mt
Current Commitments upper,Aviation,1952,WTW,ch4,0.0973383720930232,Mt
Current Commitments upper,Aviation,1953,WTW,ch4,0.1053662790697674,Mt
Current Commitments upper,Aviation,1954,WTW,ch4,0.1138959302325581,Mt
Current Commitments upper,Aviation,1955,WTW,ch4,0.1229273255813953,Mt
Current Commitments upper,Aviation,1956,WTW,ch4,0.1329622093023256,Mt
Current Commitments upper,Aviation,1957,WTW,ch4,0.1434988372093023,Mt
Current Commitments upper,Aviation,1958,WTW,ch4,0.1550389534883721,Mt
Current Commitments upper,Aviation,1959,WTW,ch4,0.1670808139534883,Mt
Current Commitments upper,Aviation,1960,WTW,ch4,0.1806279069767442,Mt
Current Commitments upper,Aviation,1961,WTW,ch4,0.1981889534883721,Mt
Current Commitments upper,Aviation,1962,WTW,ch4,0.2182587209302326,Mt
Current Commitments upper,Aviation,1963,WTW,ch4,0.2303005813953488,Mt
Current Commitments upper,Aviation,1964,WTW,ch4,0.2408372093023256,Mt
Current Commitments upper,Aviation,1965,WTW,ch4,0.2573947674418605,Mt
Current Commitments upper,Aviation,1966,WTW,ch4,0.2789697674418606,Mt
Current Commitments upper,Aviation,1967,WTW,ch4,0.3291441860465116,Mt
Current Commitments upper,Aviation,1968,WTW,ch4,0.3727959302325582,Mt
Current Commitments upper,Aviation,1969,WTW,ch4,0.390356976744186,Mt
Current Commitments upper,Aviation,1970,WTW,ch4,0.3913604651162791,Mt
Current Commitments upper,Aviation,1971,WTW,ch4,0.4515697674418605,Mt
Current Commitments upper,Aviation,1972,WTW,ch4,0.4816744186046512,Mt
Current Commitments upper,Aviation,1973,WTW,ch4,0.4987337209302327,Mt
Current Commitments upper,Aviation,1974,WTW,ch4,0.4816744186046512,Mt
Current Commitments upper,Aviation,1975,WTW,ch4,0.4821761627906977,Mt
Current Commitments upper,Aviation,1976,WTW,ch4,0.4836813953488373,Mt
Current Commitments upper,Aviation,1977,WTW,ch4,0.5122808139534885,Mt
Current Commitments upper,Aviation,1978,WTW,ch4,0.5303436046511629,Mt
Current Commitments upper,Aviation,1979,WTW,ch4,0.5524203488372093,Mt
Current Commitments upper,Aviation,1980,WTW,ch4,0.5564343023255814,Mt
Current Commitments upper,Aviation,1981,WTW,ch4,0.5484063953488373,Mt
Current Commitments upper,Aviation,1982,WTW,ch4,0.5544273255813954,Mt
Current Commitments upper,Aviation,1983,WTW,ch4,0.5619534883720931,Mt
Current Commitments upper,Aviation,1984,WTW,ch4,0.5995843023255816,Mt
Current Commitments upper,Aviation,1985,WTW,ch4,0.6191523255813954,Mt
Current Commitments upper,Aviation,1986,WTW,ch4,0.6517656976744187,Mt
Current Commitments upper,Aviation,1987,WTW,ch4,0.6803651162790698,Mt
Current Commitments upper,Aviation,1988,WTW,ch4,0.7094662790697677,Mt
Current Commitments upper,Aviation,1989,WTW,ch4,0.7350552325581398,Mt
Current Commitments upper,Aviation,1990,WTW,ch4,0.7505036350000001,Mt
Current Commitments upper,Aviation,1991,WTW,ch4,0.7257959450000001,Mt
Current Commitments upper,Aviation,1992,WTW,ch4,0.7274787950000001,Mt
Current Commitments upper,Aviation,1993,WTW,ch4,0.7314485950000001,Mt
Current Commitments upper,Aviation,1994,WTW,ch4,0.7663396850000002,Mt
Current Commitments upper,Aviation,1995,WTW,ch4,0.7849977450000002,Mt
Current Commitments upper,Aviation,1996,WTW,ch4,0.8205274550000002,Mt
Current Commitments upper,Aviation,1997,WTW,ch4,0.8455113050000002,Mt
Current Commitments upper,Aviation,1998,WTW,ch4,0.8621844650000001,Mt
Current Commitments upper,Aviation,1999,WTW,ch4,0.8899946400000002,Mt
Current Commitments upper,Aviation,2000,WTW,ch4,0.9360874700000004,Mt
Current Commitments upper,Aviation,2001,WTW,ch4,0.9004239950000001,Mt
Current Commitments upper,Aviation,2002,WTW,ch4,0.9022449250000002,Mt
Current Commitments upper,Aviation,2003,WTW,ch4,0.9016796600000002,Mt
Current Commitments upper,Aviation,2004,WTW,ch4,0.9584003350000002,Mt
Current Commitments upper,Aviation,2005,WTW,ch4,1.005502875,Mt
Current Commitments upper,Aviation,2006,WTW,ch4,1.0172267300000002,Mt
Current Commitments upper,Aviation,2007,WTW,ch4,1.0467672200000002,Mt
Current Commitments upper,Aviation,2008,WTW,ch4,1.0419257900000003,Mt
Current Commitments upper,Aviation,2009,WTW,ch4,0.98806596,Mt
Current Commitments upper,Aviation,2010,WTW,ch4,1.0379559900000002,Mt
Current Commitments upper,Aviation,2011,WTW,ch4,1.0687392,Mt
Current Commitments upper,Aviation,2012,WTW,ch4,1.080307715,Mt
Current Commitments upper,Aviation,2013,WTW,ch4,1.111013255,Mt
Current Commitments upper,Aviation,2014,WTW,ch4,1.145964755,Mt
Current Commitments upper,Aviation,2015,WTW,ch4,1.2085495150000003,Mt
Current Commitments upper,Aviation,2016,WTW,ch4,1.2670005050000002,Mt
Current Commitments upper,Aviation,2017,WTW,ch4,1.3417535347950005,Mt
Current Commitments upper,Aviation,2018,WTW,ch4,1.4115247186043405,Mt
Current Commitments upper,Aviation,2019,WTW,ch4,1.2621619984125003,Mt
Current Commitments upper,Aviation,2020,WTW,ch4,0.6836710824195,Mt
Current Commitments upper,Aviation,2021,WTW,ch4,0.8151462905605001,Mt
Current Commitments upper,Aviation,2022,WTW,ch4,0.9992115821305,Mt
Current Commitments upper,Aviation,2023,WTW,ch4,1.1615863382044724,Mt
Current Commitments upper,Aviation,2024,WTW,ch4,1.2527577231768294,Mt
Current Commitments upper,Aviation,2025,WTW,ch4,1.3316768302810302,Mt
Current Commitments upper,Aviation,2026,WTW,ch4,1.3504216993163158,Mt
Current Commitments upper,Aviation,2027,WTW,ch4,1.371216748942408,Mt
Current Commitments upper,Aviation,2028,WTW,ch4,1.3929335904584046,Mt
Current Commitments upper,Aviation,2029,WTW,ch4,1.41509686644484,Mt
Current Commitments upper,Aviation,2030,WTW,ch4,1.4378170015918077,Mt
Current Commitments upper,Aviation,2031,WTW,ch4,1.458664241277092,Mt
Current Commitments upper,Aviation,2032,WTW,ch4,1.4799926446553542,Mt
Current Commitments upper,Aviation,2033,WTW,ch4,1.5018317166253723,Mt
Current Commitments upper,Aviation,2034,WTW,ch4,1.524253566555929,Mt
Current Commitments upper,Aviation,2035,WTW,ch4,1.5471328692685988,Mt
Current Commitments upper,Aviation,2036,WTW,ch4,1.5703660108098034,Mt
Current Commitments upper,Aviation,2037,WTW,ch4,1.5933776058400846,Mt
Current Commitments upper,Aviation,2038,WTW,ch4,1.6157049715180074,Mt
Current Commitments upper,Aviation,2039,WTW,ch4,1.6373821585892414,Mt
Current Commitments upper,Aviation,2040,WTW,ch4,1.6594130036137522,Mt
Current Commitments upper,Aviation,2041,WTW,ch4,1.6826510731248228,Mt
Current Commitments upper,Aviation,2042,WTW,ch4,1.7060479279636618,Mt
Current Commitments upper,Aviation,2043,WTW,ch4,1.7293084017604827,Mt
Current Commitments upper,Aviation,2044,WTW,ch4,1.7520452391377082,Mt
Current Commitments upper,Aviation,2045,WTW,ch4,1.7741066878063176,Mt
Current Commitments upper,Aviation,2046,WTW,ch4,1.7948495778672922,Mt
Current Commitments upper,Aviation,2047,WTW,ch4,1.81469101667309,Mt
Current Commitments upper,Aviation,2048,WTW,ch4,1.8336560035942568,Mt
Current Commitments upper,Aviation,2049,WTW,ch4,1.8529917083613905,Mt
Current Commitments upper,Aviation,2050,WTW,ch4,1.873544366524482,Mt
Full Breakthrough,Aviation,1940,WTW,ch4,0.0386343023255814,Mt
Full Breakthrough,Aviation,1941,WTW,ch4,0.0416447674418604,Mt
Full Breakthrough,Aviation,1942,WTW,ch4,0.045156976744186,Mt
Full Breakthrough,Aviation,1943,WTW,ch4,0.0486691860465116,Mt
Full Breakthrough,Aviation,1944,WTW,ch4,0.0526831395348837,Mt
Full Breakthrough,Aviation,1945,WTW,ch4,0.0566970930232558,Mt
Full Breakthrough,Aviation,1946,WTW,ch4,0.0617145348837209,Mt
Full Breakthrough,Aviation,1947,WTW,ch4,0.0662302325581395,Mt
Full Breakthrough,Aviation,1948,WTW,ch4,0.0717494186046511,Mt
Full Breakthrough,Aviation,1949,WTW,ch4,0.0772686046511628,Mt
Full Breakthrough,Aviation,1950,WTW,ch4,0.0837912790697674,Mt
Full Breakthrough,Aviation,1951,WTW,ch4,0.0903139534883721,Mt
Full Breakthrough,Aviation,1952,WTW,ch4,0.0973383720930232,Mt
Full Breakthrough,Aviation,1953,WTW,ch4,0.1053662790697674,Mt
Full Breakthrough,Aviation,1954,WTW,ch4,0.1138959302325581,Mt
Full Breakthrough,Aviation,1955,WTW,ch4,0.1229273255813953,Mt
Full Breakthrough,Aviation,1956,WTW,ch4,0.1329622093023256,Mt
Full Breakthrough,Aviation,1957,WTW,ch4,0.1434988372093023,Mt
Full Breakthrough,Aviation,1958,WTW,ch4,0.1550389534883721,Mt
Full Breakthrough,Aviation,1959,WTW,ch4,0.1670808139534883,Mt
Full Breakthrough,Aviation,1960,WTW,ch4,0.1806279069767442,Mt
Full Breakthrough,Aviation,1961,WTW,ch4,0.1981889534883721,Mt
Full Breakthrough,Aviation,1962,WTW,ch4,0.2182587209302326,Mt
Full Breakthrough,Aviation,1963,WTW,ch4,0.2303005813953488,Mt
Full Breakthrough,Aviation,1964,WTW,ch4,0.2408372093023256,Mt
Full Breakthrough,Aviation,1965,WTW,ch4,0.2573947674418605,Mt
Full Breakthrough,Aviation,1966,WTW,ch4,0.2789697674418606,Mt
Full Breakthrough,Aviation,1967,WTW,ch4,0.3291441860465116,Mt
Full Breakthrough,Aviation,1968,WTW,ch4,0.3727959302325582,Mt
Full Breakthrough,Aviation,1969,WTW,ch4,0.390356976744186,Mt
Full Breakthrough,Aviation,1970,WTW,ch4,0.3913604651162791,Mt
Full Breakthrough,Aviation,1971,WTW,ch4,0.4515697674418605,Mt
Full Breakthrough,Aviation,1972,WTW,ch4,0.4816744186046512,Mt
Full Breakthrough,Aviation,1973,WTW,ch4,0.4987337209302327,Mt
Full Breakthrough,Aviation,1974,WTW,ch4,0.4816744186046512,Mt
Full Breakthrough,Aviation,1975,WTW,ch4,0.4821761627906977,Mt
Full Breakthrough,Aviation,1976,WTW,ch4,0.4836813953488373,Mt
Full Breakthrough,Aviation,1977,WTW,ch4,0.5122808139534885,Mt
Full Breakthrough,Aviation,1978,WTW,ch4,0.5303436046511629,Mt
Full Breakthrough,Aviation,1979,WTW,ch4,0.5524203488372093,Mt
Full Breakthrough,Aviation,1980,WTW,ch4,0.5564343023255814,Mt
Full Breakthrough,Aviation,1981,WTW,ch4,0.5484063953488373,Mt
Full Breakthrough,Aviation,1982,WTW,ch4,0.5544273255813954,Mt
Full Breakthrough,Aviation,1983,WTW,ch4,0.5619534883720931,Mt
Full Breakthrough,Aviation,1984,WTW,ch4,0.5995843023255816,Mt
Full Breakthrough,Aviation,1985,WTW,ch4,0.6191523255813954,Mt
Full Breakthrough,Aviation,1986,WTW,ch4,0.6517656976744187,Mt
Full Breakthrough,Aviation,1987,WTW,ch4,0.6803651162790698,Mt
Full Breakthrough,Aviation,1988,WTW,ch4,0.7094662790697677,Mt
Full Breakthrough,Aviation,1989,WTW,ch4,0.7350552325581398,Mt
Full Breakthrough,Aviation,1990,WTW,ch4,0.7505036350000001,Mt
Full Breakthrough,Aviation,1991,WTW,ch4,0.7257959450000001,Mt
Full Breakthrough,Aviation,1992,WTW,ch4,0.7274787950000001,Mt
Full Breakthrough,Aviation,1993,WTW,ch4,0.7314485950000001,Mt
Full Breakthrough,Aviation,1994,WTW,ch4,0.7663396850000002,Mt
Full Breakthrough,Aviation,1995,WTW,ch4,0.7849977450000002,Mt
Full Breakthrough,Aviation,1996,WTW,ch4,0.8205274550000002,Mt
Full Breakthrough,Aviation,1997,WTW,ch4,0.8455113050000002,Mt
Full Breakthrough,Aviation,1998,WTW,ch4,0.8621844650000001,Mt
Full Breakthrough,Aviation,1999,WTW,ch4,0.8899946400000002,Mt
Full Breakthrough,Aviation,2000,WTW,ch4,0.9360874700000004,Mt
Full Breakthrough,Aviation,2001,WTW,ch4,0.9004239950000001,Mt
Full Breakthrough,Aviation,2002,WTW,ch4,0.9022449250000002,Mt
Full Breakthrough,Aviation,2003,WTW,ch4,0.9016796600000002,Mt
Full Breakthrough,Aviation,2004,WTW,ch4,0.9584003350000002,Mt
Full Breakthrough,Aviation,2005,WTW,ch4,1.005502875,Mt
Full Breakthrough,Aviation,2006,WTW,ch4,1.0172267300000002,Mt
Full Breakthrough,Aviation,2007,WTW,ch4,1.0467672200000002,Mt
Full Breakthrough,Aviation,2008,WTW,ch4,1.0419257900000003,Mt
Full Breakthrough,Aviation,2009,WTW,ch4,0.98806596,Mt
Full Breakthrough,Aviation,2010,WTW,ch4,1.0379559900000002,Mt
Full Breakthrough,Aviation,2011,WTW,ch4,1.0687392,Mt
Full Breakthrough,Aviation,2012,WTW,ch4,1.080307715,Mt
Full Breakthrough,Aviation,2013,WTW,ch4,1.111013255,Mt
Full Breakthrough,Aviation,2014,WTW,ch4,1.145964755,Mt
Full Breakthrough,Aviation,2015,WTW,ch4,1.2085495150000003,Mt
Full Breakthrough,Aviation,2016,WTW,ch4,1.2670005050000002,Mt
Full Breakthrough,Aviation,2017,WTW,ch4,1.3417535347950005,Mt
Full Breakthrough,Aviation,2018,WTW,ch4,1.4115247186043405,Mt
Full Breakthrough,Aviation,2019,WTW,ch4,1.2621619984125003,Mt
Full Breakthrough,Aviation,2020,WTW,ch4,0.6836710824195,Mt
Full Breakthrough,Aviation,2021,WTW,ch4,0.8151462905605001,Mt
Full Breakthrough,Aviation,2022,WTW,ch4,0.9992115821305,Mt
Full Breakthrough,Aviation,2023,WTW,ch4,1.1615863382044724,Mt
Full Breakthrough,Aviation,2024,WTW,ch4,1.2527577231768294,Mt
Full Breakthrough,Aviation,2025,WTW,ch4,1.3132285212957404,Mt
Full Breakthrough,Aviation,2026,WTW,ch4,1.3202410080779807,Mt
Full Breakthrough,Aviation,2027,WTW,ch4,1.3288405355404191,Mt
Full Breakthrough,Aviation,2028,WTW,ch4,1.3379912451999094,Mt
Full Breakthrough,Aviation,2029,WTW,ch4,1.3472596142722946,Mt
Full Breakthrough,Aviation,2030,WTW,ch4,1.353640692508998,Mt
Full Breakthrough,Aviation,2031,WTW,ch4,1.3346715125748494,Mt
Full Breakthrough,Aviation,2032,WTW,ch4,1.3147395441810108,Mt
Full Breakthrough,Aviation,2033,WTW,ch4,1.293852460541464,Mt
Full Breakthrough,Aviation,2034,WTW,ch4,1.272069416877245,Mt
Full Breakthrough,Aviation,2035,WTW,ch4,1.248109072045206,Mt
Full Breakthrough,Aviation,2036,WTW,ch4,1.221266603062764,Mt
Full Breakthrough,Aviation,2037,WTW,ch4,1.1914345288367554,Mt
Full Breakthrough,Aviation,2038,WTW,ch4,1.157946271841078,Mt
Full Breakthrough,Aviation,2039,WTW,ch4,1.121068727680936,Mt
Full Breakthrough,Aviation,2040,WTW,ch4,1.0829226039347235,Mt
Full Breakthrough,Aviation,2041,WTW,ch4,1.038699299122899,Mt
Full Breakthrough,Aviation,2042,WTW,ch4,0.9936955256387424,Mt
Full Breakthrough,Aviation,2043,WTW,ch4,0.9476419014377924,Mt
Full Breakthrough,Aviation,2044,WTW,ch4,0.9009341916709585,Mt
Full Breakthrough,Aviation,2045,WTW,ch4,0.8536940207651106,Mt
Full Breakthrough,Aviation,2046,WTW,ch4,0.8052915323992096,Mt
Full Breakthrough,Aviation,2047,WTW,ch4,0.7564375556530372,Mt
Full Breakthrough,Aviation,2048,WTW,ch4,0.7072904640235974,Mt
Full Breakthrough,Aviation,2049,WTW,ch4,0.657996884080258,Mt
Full Breakthrough,Aviation,2050,WTW,ch4,0.6086286732745391,Mt
Full Breakthrough lower,Aviation,1940,WTW,ch4,0.0386343023255814,Mt
Full Breakthrough lower,Aviation,1941,WTW,ch4,0.0416447674418604,Mt
Full Breakthrough lower,Aviation,1942,WTW,ch4,0.045156976744186,Mt
Full Breakthrough lower,Aviation,1943,WTW,ch4,0.0486691860465116,Mt
Full Breakthrough lower,Aviation,1944,WTW,ch4,0.0526831395348837,Mt
Full Breakthrough lower,Aviation,1945,WTW,ch4,0.0566970930232558,Mt
Full Breakthrough lower,Aviation,1946,WTW,ch4,0.0617145348837209,Mt
Full Breakthrough lower,Aviation,1947,WTW,ch4,0.0662302325581395,Mt
Full Breakthrough lower,Aviation,1948,WTW,ch4,0.0717494186046511,Mt
Full Breakthrough lower,Aviation,1949,WTW,ch4,0.0772686046511628,Mt
Full Breakthrough lower,Aviation,1950,WTW,ch4,0.0837912790697674,Mt
Full Breakthrough lower,Aviation,1951,WTW,ch4,0.0903139534883721,Mt
Full Breakthrough lower,Aviation,1952,WTW,ch4,0.0973383720930232,Mt
Full Breakthrough lower,Aviation,1953,WTW,ch4,0.1053662790697674,Mt
Full Breakthrough lower,Aviation,1954,WTW,ch4,0.1138959302325581,Mt
Full Breakthrough lower,Aviation,1955,WTW,ch4,0.1229273255813953,Mt
Full Breakthrough lower,Aviation,1956,WTW,ch4,0.1329622093023256,Mt
Full Breakthrough lower,Aviation,1957,WTW,ch4,0.1434988372093023,Mt
Full Breakthrough lower,Aviation,1958,WTW,ch4,0.1550389534883721,Mt
Full Breakthrough lower,Aviation,1959,WTW,ch4,0.1670808139534883,Mt
Full Breakthrough lower,Aviation,1960,WTW,ch4,0.1806279069767442,Mt
Full Breakthrough lower,Aviation,1961,WTW,ch4,0.1981889534883721,Mt
Full Breakthrough lower,Aviation,1962,WTW,ch4,0.2182587209302326,Mt
Full Breakthrough lower,Aviation,1963,WTW,ch4,0.2303005813953488,Mt
Full Breakthrough lower,Aviation,1964,WTW,ch4,0.2408372093023256,Mt
Full Breakthrough lower,Aviation,1965,WTW,ch4,0.2573947674418605,Mt
Full Breakthrough lower,Aviation,1966,WTW,ch4,0.2789697674418606,Mt
Full Breakthrough lower,Aviation,1967,WTW,ch4,0.3291441860465116,Mt
Full Breakthrough lower,Aviation,1968,WTW,ch4,0.3727959302325582,Mt
Full Breakthrough lower,Aviation,1969,WTW,ch4,0.390356976744186,Mt
Full Breakthrough lower,Aviation,1970,WTW,ch4,0.3913604651162791,Mt
Full Breakthrough lower,Aviation,1971,WTW,ch4,0.4515697674418605,Mt
Full Breakthrough lower,Aviation,1972,WTW,ch4,0.4816744186046512,Mt
Full Breakthrough lower,Aviation,1973,WTW,ch4,0.4987337209302327,Mt
Full Breakthrough lower,Aviation,1974,WTW,ch4,0.4816744186046512,Mt
Full Breakthrough lower,Aviation,1975,WTW,ch4,0.4821761627906977,Mt
Full Breakthrough lower,Aviation,1976,WTW,ch4,0.4836813953488373,Mt
Full Breakthrough lower,Aviation,1977,WTW,ch4,0.5122808139534885,Mt
Full Breakthrough lower,Aviation,1978,WTW,ch4,0.5303436046511629,Mt
Full Breakthrough lower,Aviation,1979,WTW,ch4,0.5524203488372093,Mt
Full Breakthrough lower,Aviation,1980,WTW,ch4,0.5564343023255814,Mt
Full Breakthrough lower,Aviation,1981,WTW,ch4,0.5484063953488373,Mt
Full Breakthrough lower,Aviation,1982,WTW,ch4,0.5544273255813954,Mt
Full Breakthrough lower,Aviation,1983,WTW,ch4,0.5619534883720931,Mt
Full Breakthrough lower,Aviation,1984,WTW,ch4,0.5995843023255816,Mt
Full Breakthrough lower,Aviation,1985,WTW,ch4,0.6191523255813954,Mt
Full Breakthrough lower,Aviation,1986,WTW,ch4,0.6517656976744187,Mt
Full Breakthrough lower,Aviation,1987,WTW,ch4,0.6803651162790698,Mt
Full Breakthrough lower,Aviation,1988,WTW,ch4,0.7094662790697677,Mt
Full Breakthrough lower,Aviation,1989,WTW,ch4,0.7350552325581398,Mt
Full Breakthrough lower,Aviation,1990,WTW,ch4,0.7505036350000001,Mt
Full Breakthrough lower,Aviation,1991,WTW,ch4,0.7257959450000001,Mt
Full Breakthrough lower,Aviation,1992,WTW,ch4,0.7274787950000001,Mt
Full Breakthrough lower,Aviation,1993,WTW,ch4,0.7314485950000001,Mt
Full Breakthrough lower,Aviation,1994,WTW,ch4,0.7663396850000002,Mt
Full Breakthrough lower,Aviation,1995,WTW,ch4,0.7849977450000002,Mt
Full Breakthrough lower,Aviation,1996,WTW,ch4,0.8205274550000002,Mt
Full Breakthrough lower,Aviation,1997,WTW,ch4,0.8455113050000002,Mt
Full Breakthrough lower,Aviation,1998,WTW,ch4,0.8621844650000001,Mt
Full Breakthrough lower,Aviation,1999,WTW,ch4,0.8899946400000002,Mt
Full Breakthrough lower,Aviation,2000,WTW,ch4,0.9360874700000004,Mt
Full Breakthrough lower,Aviation,2001,WTW,ch4,0.9004239950000001,Mt
Full Breakthrough lower,Aviation,2002,WTW,ch4,0.9022449250000002,Mt
Full Breakthrough lower,Aviation,2003,WTW,ch4,0.9016796600000002,Mt
Full Breakthrough lower,Aviation,2004,WTW,ch4,0.9584003350000002,Mt
Full Breakthrough lower,Aviation,2005,WTW,ch4,1.005502875,Mt
Full Breakthrough lower,Aviation,2006,WTW,ch4,1.0172267300000002,Mt
Full Breakthrough lower,Aviation,2007,WTW,ch4,1.0467672200000002,Mt
Full Breakthrough lower,Aviation,2008,WTW,ch4,1.0419257900000003,Mt
Full Breakthrough lower,Aviation,2009,WTW,ch4,0.98806596,Mt
Full Breakthrough lower,Aviation,2010,WTW,ch4,1.0379559900000002,Mt
Full Breakthrough lower,Aviation,2011,WTW,ch4,1.0687392,Mt
Full Breakthrough lower,Aviation,2012,WTW,ch4,1.080307715,Mt
Full Breakthrough lower,Aviation,2013,WTW,ch4,1.111013255,Mt
Full Breakthrough lower,Aviation,2014,WTW,ch4,1.145964755,Mt
Full Breakthrough lower,Aviation,2015,WTW,ch4,1.2085495150000003,Mt
Full Breakthrough lower,Aviation,2016,WTW,ch4,1.2670005050000002,Mt
Full Breakthrough lower,Aviation,2017,WTW,ch4,1.3417535347950005,Mt
Full Breakthrough lower,Aviation,2018,WTW,ch4,1.4115247186043405,Mt
Full Breakthrough lower,Aviation,2019,WTW,ch4,1.2621619984125003,Mt
Full Breakthrough lower,Aviation,2020,WTW,ch4,0.6836710824195,Mt
Full Breakthrough lower,Aviation,2021,WTW,ch4,0.8151462905605001,Mt
Full Breakthrough lower,Aviation,2022,WTW,ch4,0.9992115821305,Mt
Full Breakthrough lower,Aviation,2023,WTW,ch4,1.1615863382044724,Mt
Full Breakthrough lower,Aviation,2024,WTW,ch4,1.2527577231768294,Mt
Full Breakthrough lower,Aviation,2025,WTW,ch4,1.3132285212957404,Mt
Full Breakthrough lower,Aviation,2026,WTW,ch4,1.3202410080779807,Mt
Full Breakthrough lower,Aviation,2027,WTW,ch4,1.3288405355404191,Mt
Full Breakthrough lower,Aviation,2028,WTW,ch4,1.3379912451999094,Mt
Full Breakthrough lower,Aviation,2029,WTW,ch4,1.3472596142722946,Mt
Full Breakthrough lower,Aviation,2030,WTW,ch4,1.353640692508998,Mt
Full Breakthrough lower,Aviation,2031,WTW,ch4,1.3346715125748494,Mt
Full Breakthrough lower,Aviation,2032,WTW,ch4,1.3147395441810108,Mt
Full Breakthrough lower,Aviation,2033,WTW,ch4,1.293852460541464,Mt
Full Breakthrough lower,Aviation,2034,WTW,ch4,1.272069416877245,Mt
Full Breakthrough lower,Aviation,2035,WTW,ch4,1.248109072045206,Mt
Full Breakthrough lower,Aviation,2036,WTW,ch4,1.221266603062764,Mt
Full Breakthrough lower,Aviation,2037,WTW,ch4,1.1914345288367554,Mt
Full Breakthrough lower,Aviation,2038,WTW,ch4,1.157946271841078,Mt
Full Breakthrough lower,Aviation,2039,WTW,ch4,1.121068727680936,Mt
Full Breakthrough lower,Aviation,2040,WTW,ch4,1.0829226039347235,Mt
Full Breakthrough lower,Aviation,2041,WTW,ch4,1.038699299122899,Mt
Full Breakthrough lower,Aviation,2042,WTW,ch4,0.9936955256387424,Mt
Full Breakthrough lower,Aviation,2043,WTW,ch4,0.9476419014377924,Mt
Full Breakthrough lower,Aviation,2044,WTW,ch4,0.9009341916709585,Mt
Full Breakthrough lower,Aviation,2045,WTW,ch4,0.8536940207651106,Mt
Full Breakthrough lower,Aviation,2046,WTW,ch4,0.8052915323992096,Mt
Full Breakthrough lower,Aviation,2047,WTW,ch4,0.7564375556530372,Mt
Full Breakthrough lower,Aviation,2048,WTW,ch4,0.7072904640235974,Mt
Full Breakthrough lower,Aviation,2049,WTW,ch4,0.657996884080258,Mt
Full Breakthrough lower,Aviation,2050,WTW,ch4,0.6086286732745391,Mt
Full Breakthrough upper,Aviation,1940,WTW,ch4,0.0386343023255814,Mt
Full Breakthrough upper,Aviation,1941,WTW,ch4,0.0416447674418604,Mt
Full Breakthrough upper,Aviation,1942,WTW,ch4,0.045156976744186,Mt
Full Breakthrough upper,Aviation,1943,WTW,ch4,0.0486691860465116,Mt
Full Breakthrough upper,Aviation,1944,WTW,ch4,0.0526831395348837,Mt
Full Breakthrough upper,Aviation,1945,WTW,ch4,0.0566970930232558,Mt
Full Breakthrough upper,Aviation,1946,WTW,ch4,0.0617145348837209,Mt
Full Breakthrough upper,Aviation,1947,WTW,ch4,0.0662302325581395,Mt
Full Breakthrough upper,Aviation,1948,WTW,ch4,0.0717494186046511,Mt
Full Breakthrough upper,Aviation,1949,WTW,ch4,0.0772686046511628,Mt
Full Breakthrough upper,Aviation,1950,WTW,ch4,0.0837912790697674,Mt
Full Breakthrough upper,Aviation,1951,WTW,ch4,0.0903139534883721,Mt
Full Breakthrough upper,Aviation,1952,WTW,ch4,0.0973383720930232,Mt
Full Breakthrough upper,Aviation,1953,WTW,ch4,0.1053662790697674,Mt
Full Breakthrough upper,Aviation,1954,WTW,ch4,0.1138959302325581,Mt
Full Breakthrough upper,Aviation,1955,WTW,ch4,0.1229273255813953,Mt
Full Breakthrough upper,Aviation,1956,WTW,ch4,0.1329622093023256,Mt
Full Breakthrough upper,Aviation,1957,WTW,ch4,0.1434988372093023,Mt
Full Breakthrough upper,Aviation,1958,WTW,ch4,0.1550389534883721,Mt
Full Breakthrough upper,Aviation,1959,WTW,ch4,0.1670808139534883,Mt
Full Breakthrough upper,Aviation,1960,WTW,ch4,0.1806279069767442,Mt
Full Breakthrough upper,Aviation,1961,WTW,ch4,0.1981889534883721,Mt
Full Breakthrough upper,Aviation,1962,WTW,ch4,0.2182587209302326,Mt
Full Breakthrough upper,Aviation,1963,WTW,ch4,0.2303005813953488,Mt
Full Breakthrough upper,Aviation,1964,WTW,ch4,0.2408372093023256,Mt
Full Breakthrough upper,Aviation,1965,WTW,ch4,0.2573947674418605,Mt
Full Breakthrough upper,Aviation,1966,WTW,ch4,0.2789697674418606,Mt
Full Breakthrough upper,Aviation,1967,WTW,ch4,0.3291441860465116,Mt
Full Breakthrough upper,Aviation,1968,WTW,ch4,0.3727959302325582,Mt
Full Breakthrough upper,Aviation,1969,WTW,ch4,0.390356976744186,Mt
Full Breakthrough upper,Aviation,1970,WTW,ch4,0.3913604651162791,Mt
Full Breakthrough upper,Aviation,1971,WTW,ch4,0.4515697674418605,Mt
Full Breakthrough upper,Aviation,1972,WTW,ch4,0.4816744186046512,Mt
Full Breakthrough upper,Aviation,1973,WTW,ch4,0.4987337209302327,Mt
Full Breakthrough upper,Aviation,1974,WTW,ch4,0.4816744186046512,Mt
Full Breakthrough upper,Aviation,1975,WTW,ch4,0.4821761627906977,Mt
Full Breakthrough upper,Aviation,1976,WTW,ch4,0.4836813953488373,Mt
Full Breakthrough upper,Aviation,1977,WTW,ch4,0.5122808139534885,Mt
Full Breakthrough upper,Aviation,1978,WTW,ch4,0.5303436046511629,Mt
Full Breakthrough upper,Aviation,1979,WTW,ch4,0.5524203488372093,Mt
Full Breakthrough upper,Aviation,1980,WTW,ch4,0.5564343023255814,Mt
Full Breakthrough upper,Aviation,1981,WTW,ch4,0.5484063953488373,Mt
Full Breakthrough upper,Aviation,1982,WTW,ch4,0.5544273255813954,Mt
Full Breakthrough upper,Aviation,1983,WTW,ch4,0.5619534883720931,Mt
Full Breakthrough upper,Aviation,1984,WTW,ch4,0.5995843023255816,Mt
Full Breakthrough upper,Aviation,1985,WTW,ch4,0.6191523255813954,Mt
Full Breakthrough upper,Aviation,1986,WTW,ch4,0.6517656976744187,Mt
Full Breakthrough upper,Aviation,1987,WTW,ch4,0.6803651162790698,Mt
Full Breakthrough upper,Aviation,1988,WTW,ch4,0.7094662790697677,Mt
Full Breakthrough upper,Aviation,1989,WTW,ch4,0.7350552325581398,Mt
Full Breakthrough upper,Aviation,1990,WTW,ch4,0.7505036350000001,Mt
Full Breakthrough upper,Aviation,1991,WTW,ch4,0.7257959450000001,Mt
Full Breakthrough upper,Aviation,1992,WTW,ch4,0.7274787950000001,Mt
Full Breakthrough upper,Aviation,1993,WTW,ch4,0.7314485950000001,Mt
Full Breakthrough upper,Aviation,1994,WTW,ch4,0.7663396850000002,Mt
Full Breakthrough upper,Aviation,1995,WTW,ch4,0.7849977450000002,Mt
Full Breakthrough upper,Aviation,1996,WTW,ch4,0.8205274550000002,Mt
Full Breakthrough upper,Aviation,1997,WTW,ch4,0.8455113050000002,Mt
Full Breakthrough upper,Aviation,1998,WTW,ch4,0.8621844650000001,Mt
Full Breakthrough upper,Aviation,1999,WTW,ch4,0.8899946400000002,Mt
Full Breakthrough upper,Aviation,2000,WTW,ch4,0.9360874700000004,Mt
Full Breakthrough upper,Aviation,2001,WTW,ch4,0.9004239950000001,Mt
Full Breakthrough upper,Aviation,2002,WTW,ch4,0.9022449250000002,Mt
Full Breakthrough upper,Aviation,2003,WTW,ch4,0.9016796600000002,Mt
Full Breakthrough upper,Aviation,2004,WTW,ch4,0.9584003350000002,Mt
Full Breakthrough upper,Aviation,2005,WTW,ch4,1.005502875,Mt
Full Breakthrough upper,Aviation,2006,WTW,ch4,1.0172267300000002,Mt
Full Breakthrough upper,Aviation,2007,WTW,ch4,1.0467672200000002,Mt
Full Breakthrough upper,Aviation,2008,WTW,ch4,1.0419257900000003,Mt
Full Breakthrough upper,Aviation,2009,WTW,ch4,0.98806596,Mt
Full Breakthrough upper,Aviation,2010,WTW,ch4,1.0379559900000002,Mt
Full Breakthrough upper,Aviation,2011,WTW,ch4,1.0687392,Mt
Full Breakthrough upper,Aviation,2012,WTW,ch4,1.080307715,Mt
Full Breakthrough upper,Aviation,2013,WTW,ch4,1.111013255,Mt
Full Breakthrough upper,Aviation,2014,WTW,ch4,1.145964755,Mt
Full Breakthrough upper,Aviation,2015,WTW,ch4,1.2085495150000003,Mt
Full Breakthrough upper,Aviation,2016,WTW,ch4,1.2670005050000002,Mt
Full Breakthrough upper,Aviation,2017,WTW,ch4,1.3417535347950005,Mt
Full Breakthrough upper,Aviation,2018,WTW,ch4,1.4115247186043405,Mt
Full Breakthrough upper,Aviation,2019,WTW,ch4,1.2621619984125003,Mt
Full Breakthrough upper,Aviation,2020,WTW,ch4,0.6836710824195,Mt
Full Breakthrough upper,Aviation,2021,WTW,ch4,0.8151462905605001,Mt
Full Breakthrough upper,Aviation,2022,WTW,ch4,0.9992115821305,Mt
Full Breakthrough upper,Aviation,2023,WTW,ch4,1.1615863382044724,Mt
Full Breakthrough upper,Aviation,2024,WTW,ch4,1.2527577231768294,Mt
Full Breakthrough upper,Aviation,2025,WTW,ch4,1.3132285212957404,Mt
Full Breakthrough upper,Aviation,2026,WTW,ch4,1.3202410080779807,Mt
Full Breakthrough upper,Aviation,2027,WTW,ch4,1.3288405355404191,Mt
Full Breakthrough upper,Aviation,2028,WTW,ch4,1.3379912451999094,Mt
Full Breakthrough upper,Aviation,2029,WTW,ch4,1.3472596142722946,Mt
Full Breakthrough upper,Aviation,2030,WTW,ch4,1.353640692508998,Mt
Full Breakthrough upper,Aviation,2031,WTW,ch4,1.3346715125748494,Mt
Full Breakthrough upper,Aviation,2032,WTW,ch4,1.3147395441810108,Mt
Full Breakthrough upper,Aviation,2033,WTW,ch4,1.293852460541464,Mt
Full Breakthrough upper,Aviation,2034,WTW,ch4,1.272069416877245,Mt
Full Breakthrough upper,Aviation,2035,WTW,ch4,1.248109072045206,Mt
Full Breakthrough upper,Aviation,2036,WTW,ch4,1.221266603062764,Mt
Full Breakthrough upper,Aviation,2037,WTW,ch4,1.1914345288367554,Mt
Full Breakthrough upper,Aviation,2038,WTW,ch4,1.157946271841078,Mt
Full Breakthrough upper,Aviation,2039,WTW,ch4,1.121068727680936,Mt
Full Breakthrough upper,Aviation,2040,WTW,ch4,1.0829226039347235,Mt
Full Breakthrough upper,Aviation,2041,WTW,ch4,1.038699299122899,Mt
Full Breakthrough upper,Aviation,2042,WTW,ch4,0.9936955256387424,Mt
Full Breakthrough upper,Aviation,2043,WTW,ch4,0.9476419014377924,Mt
Full Breakthrough upper,Aviation,2044,WTW,ch4,0.9009341916709585,Mt
Full Breakthrough upper,Aviation,2045,WTW,ch4,0.8536940207651106,Mt
Full Breakthrough upper,Aviation,2046,WTW,ch4,0.8052915323992096,Mt
Full Breakthrough upper,Aviation,2047,WTW,ch4,0.7564375556530372,Mt
Full Breakthrough upper,Aviation,2048,WTW,ch4,0.7072904640235974,Mt
Full Breakthrough upper,Aviation,2049,WTW,ch4,0.657996884080258,Mt
Full Breakthrough upper,Aviation,2050,WTW,ch4,0.6086286732745391,Mt
GHG Forward,Aviation,1940,WTW,ch4,0.0386343023255814,Mt
GHG Forward,Aviation,1941,WTW,ch4,0.0416447674418604,Mt
GHG Forward,Aviation,1942,WTW,ch4,0.045156976744186,Mt
GHG Forward,Aviation,1943,WTW,ch4,0.0486691860465116,Mt
GHG Forward,Aviation,1944,WTW,ch4,0.0526831395348837,Mt
GHG Forward,Aviation,1945,WTW,ch4,0.0566970930232558,Mt
GHG Forward,Aviation,1946,WTW,ch4,0.0617145348837209,Mt
GHG Forward,Aviation,1947,WTW,ch4,0.0662302325581395,Mt
GHG Forward,Aviation,1948,WTW,ch4,0.0717494186046511,Mt
GHG Forward,Aviation,1949,WTW,ch4,0.0772686046511628,Mt
GHG Forward,Aviation,1950,WTW,ch4,0.0837912790697674,Mt
GHG Forward,Aviation,1951,WTW,ch4,0.0903139534883721,Mt
GHG Forward,Aviation,1952,WTW,ch4,0.0973383720930232,Mt
GHG Forward,Aviation,1953,WTW,ch4,0.1053662790697674,Mt
GHG Forward,Aviation,1954,WTW,ch4,0.1138959302325581,Mt
GHG Forward,Aviation,1955,WTW,ch4,0.1229273255813953,Mt
GHG Forward,Aviation,1956,WTW,ch4,0.1329622093023256,Mt
GHG Forward,Aviation,1957,WTW,ch4,0.1434988372093023,Mt
GHG Forward,Aviation,1958,WTW,ch4,0.1550389534883721,Mt
GHG Forward,Aviation,1959,WTW,ch4,0.1670808139534883,Mt
GHG Forward,Aviation,1960,WTW,ch4,0.1806279069767442,Mt
GHG Forward,Aviation,1961,WTW,ch4,0.1981889534883721,Mt
GHG Forward,Aviation,1962,WTW,ch4,0.2182587209302326,Mt
GHG Forward,Aviation,1963,WTW,ch4,0.2303005813953488,Mt
GHG Forward,Aviation,1964,WTW,ch4,0.2408372093023256,Mt
GHG Forward,Aviation,1965,WTW,ch4,0.2573947674418605,Mt
GHG Forward,Aviation,1966,WTW,ch4,0.2789697674418606,Mt
GHG Forward,Aviation,1967,WTW,ch4,0.3291441860465116,Mt
GHG Forward,Aviation,1968,WTW,ch4,0.3727959302325582,Mt
GHG Forward,Aviation,1969,WTW,ch4,0.390356976744186,Mt
GHG Forward,Aviation,1970,WTW,ch4,0.3913604651162791,Mt
GHG Forward,Aviation,1971,WTW,ch4,0.4515697674418605,Mt
GHG Forward,Aviation,1972,WTW,ch4,0.4816744186046512,Mt
GHG Forward,Aviation,1973,WTW,ch4,0.4987337209302327,Mt
GHG Forward,Aviation,1974,WTW,ch4,0.4816744186046512,Mt
GHG Forward,Aviation,1975,WTW,ch4,0.4821761627906977,Mt
GHG Forward,Aviation,1976,WTW,ch4,0.4836813953488373,Mt
GHG Forward,Aviation,1977,WTW,ch4,0.5122808139534885,Mt
GHG Forward,Aviation,1978,WTW,ch4,0.5303436046511629,Mt
GHG Forward,Aviation,1979,WTW,ch4,0.5524203488372093,Mt
GHG Forward,Aviation,1980,WTW,ch4,0.5564343023255814,Mt
GHG Forward,Aviation,1981,WTW,ch4,0.5484063953488373,Mt
GHG Forward,Aviation,1982,WTW,ch4,0.5544273255813954,Mt
GHG Forward,Aviation,1983,WTW,ch4,0.5619534883720931,Mt
GHG Forward,Aviation,1984,WTW,ch4,0.5995843023255816,Mt
GHG Forward,Aviation,1985,WTW,ch4,0.6191523255813954,Mt
GHG Forward,Aviation,1986,WTW,ch4,0.6517656976744187,Mt
GHG Forward,Aviation,1987,WTW,ch4,0.6803651162790698,Mt
GHG Forward,Aviation,1988,WTW,ch4,0.7094662790697677,Mt
GHG Forward,Aviation,1989,WTW,ch4,0.7350552325581398,Mt
GHG Forward,Aviation,1990,WTW,ch4,0.7505036350000001,Mt
GHG Forward,Aviation,1991,WTW,ch4,0.7257959450000001,Mt
GHG Forward,Aviation,1992,WTW,ch4,0.7274787950000001,Mt
GHG Forward,Aviation,1993,WTW,ch4,0.7314485950000001,Mt
GHG Forward,Aviation,1994,WTW,ch4,0.7663396850000002,Mt
GHG Forward,Aviation,1995,WTW,ch4,0.7849977450000002,Mt
GHG Forward,Aviation,1996,WTW,ch4,0.8205274550000002,Mt
GHG Forward,Aviation,1997,WTW,ch4,0.8455113050000002,Mt
GHG Forward,Aviation,1998,WTW,ch4,0.8621844650000001,Mt
GHG Forward,Aviation,1999,WTW,ch4,0.8899946400000002,Mt
GHG Forward,Aviation,2000,WTW,ch4,0.9360874700000004,Mt
GHG Forward,Aviation,2001,WTW,ch4,0.9004239950000001,Mt
GHG Forward,Aviation,2002,WTW,ch4,0.9022449250000002,Mt
GHG Forward,Aviation,2003,WTW,ch4,0.9016796600000002,Mt
GHG Forward,Aviation,2004,WTW,ch4,0.9584003350000002,Mt
GHG Forward,Aviation,2005,WTW,ch4,1.005502875,Mt
GHG Forward,Aviation,2006,WTW,ch4,1.0172267300000002,Mt
GHG Forward,Aviation,2007,WTW,ch4,1.0467672200000002,Mt
GHG Forward,Aviation,2008,WTW,ch4,1.0419257900000003,Mt
GHG Forward,Aviation,2009,WTW,ch4,0.98806596,Mt
GHG Forward,Aviation,2010,WTW,ch4,1.0379559900000002,Mt
GHG Forward,Aviation,2011,WTW,ch4,1.0687392,Mt
GHG Forward,Aviation,2012,WTW,ch4,1.080307715,Mt
GHG Forward,Aviation,2013,WTW,ch4,1.111013255,Mt
GHG Forward,Aviation,2014,WTW,ch4,1.145964755,Mt
GHG Forward,Aviation,2015,WTW,ch4,1.2085495150000003,Mt
GHG Forward,Aviation,2016,WTW,ch4,1.2670005050000002,Mt
GHG Forward,Aviation,2017,WTW,ch4,1.3417535347950005,Mt
GHG Forward,Aviation,2018,WTW,ch4,1.4115247186043405,Mt
GHG Forward,Aviation,2019,WTW,ch4,1.2621619984125003,Mt
GHG Forward,Aviation,2020,WTW,ch4,0.6836710824195,Mt
GHG Forward,Aviation,2021,WTW,ch4,0.8151462905605001,Mt
GHG Forward,Aviation,2022,WTW,ch4,0.9992115821305,Mt
GHG Forward,Aviation,2023,WTW,ch4,1.1615863382044724,Mt
GHG Forward,Aviation,2024,WTW,ch4,1.2527577231768294,Mt
GHG Forward,Aviation,2025,WTW,ch4,1.3132285212957404,Mt
GHG Forward,Aviation,2026,WTW,ch4,1.3202410080779807,Mt
GHG Forward,Aviation,2027,WTW,ch4,1.3288405355404191,Mt
GHG Forward,Aviation,2028,WTW,ch4,1.3379941835249145,Mt
GHG Forward,Aviation,2029,WTW,ch4,1.3472683890829815,Mt
GHG Forward,Aviation,2030,WTW,ch4,1.353654652761865,Mt
GHG Forward,Aviation,2031,WTW,ch4,1.3346965995310125,Mt
GHG Forward,Aviation,2032,WTW,ch4,1.314771433843746,Mt
GHG Forward,Aviation,2033,WTW,ch4,1.2938754545097189,Mt
GHG Forward,Aviation,2034,WTW,ch4,1.2720384664435866,Mt
GHG Forward,Aviation,2035,WTW,ch4,1.2479184382340869,Mt
GHG Forward,Aviation,2036,WTW,ch4,1.2207047685405057,Mt
GHG Forward,Aviation,2037,WTW,ch4,1.1901823681150487,Mt
GHG Forward,Aviation,2038,WTW,ch4,1.155712089156326,Mt
GHG Forward,Aviation,2039,WTW,ch4,1.1177634020033211,Mt
GHG Forward,Aviation,2040,WTW,ch4,1.0786687522656635,Mt
GHG Forward,Aviation,2041,WTW,ch4,1.0337193281561947,Mt
GHG Forward,Aviation,2042,WTW,ch4,0.9881554159198463,Mt
GHG Forward,Aviation,2043,WTW,ch4,0.941678145843204,Mt
GHG Forward,Aviation,2044,WTW,ch4,0.8946992697625422,Mt
GHG Forward,Aviation,2045,WTW,ch4,0.8473726285518954,Mt
GHG Forward,Aviation,2046,WTW,ch4,0.7990669866333345,Mt
GHG Forward,Aviation,2047,WTW,ch4,0.7504514541510201,Mt
GHG Forward,Aviation,2048,WTW,ch4,0.7016387897843966,Mt
GHG Forward,Aviation,2049,WTW,ch4,0.652735399908563,Mt
GHG Forward,Aviation,2050,WTW,ch4,0.6037855370049304,Mt
GHG Forward lower,Aviation,1940,WTW,ch4,0.0386343023255814,Mt
GHG Forward lower,Aviation,1941,WTW,ch4,0.0416447674418604,Mt
GHG Forward lower,Aviation,1942,WTW,ch4,0.045156976744186,Mt
GHG Forward lower,Aviation,1943,WTW,ch4,0.0486691860465116,Mt
GHG Forward lower,Aviation,1944,WTW,ch4,0.0526831395348837,Mt
GHG Forward lower,Aviation,1945,WTW,ch4,0.0566970930232558,Mt
GHG Forward lower,Aviation,1946,WTW,ch4,0.0617145348837209,Mt
GHG Forward lower,Aviation,1947,WTW,ch4,0.0662302325581395,Mt
GHG Forward lower,Aviation,1948,WTW,ch4,0.0717494186046511,Mt
GHG Forward lower,Aviation,1949,WTW,ch4,0.0772686046511628,Mt
GHG Forward lower,Aviation,1950,WTW,ch4,0.0837912790697674,Mt
GHG Forward lower,Aviation,1951,WTW,ch4,0.0903139534883721,Mt
GHG Forward lower,Aviation,1952,WTW,ch4,0.0973383720930232,Mt
GHG Forward lower,Aviation,1953,WTW,ch4,0.1053662790697674,Mt
GHG Forward lower,Aviation,1954,WTW,ch4,0.1138959302325581,Mt
GHG Forward lower,Aviation,1955,WTW,ch4,0.1229273255813953,Mt
GHG Forward lower,Aviation,1956,WTW,ch4,0.1329622093023256,Mt
GHG Forward lower,Aviation,1957,WTW,ch4,0.1434988372093023,Mt
GHG Forward lower,Aviation,1958,WTW,ch4,0.1550389534883721,Mt
GHG Forward lower,Aviation,1959,WTW,ch4,0.1670808139534883,Mt
GHG Forward lower,Aviation,1960,WTW,ch4,0.1806279069767442,Mt
GHG Forward lower,Aviation,1961,WTW,ch4,0.1981889534883721,Mt
GHG Forward lower,Aviation,1962,WTW,ch4,0.2182587209302326,Mt
GHG Forward lower,Aviation,1963,WTW,ch4,0.2303005813953488,Mt
GHG Forward lower,Aviation,1964,WTW,ch4,0.2408372093023256,Mt
GHG Forward lower,Aviation,1965,WTW,ch4,0.2573947674418605,Mt
GHG Forward lower,Aviation,1966,WTW,ch4,0.2789697674418606,Mt
GHG Forward lower,Aviation,1967,WTW,ch4,0.3291441860465116,Mt
GHG Forward lower,Aviation,1968,WTW,ch4,0.3727959302325582,Mt
GHG Forward lower,Aviation,1969,WTW,ch4,0.390356976744186,Mt
GHG Forward lower,Aviation,1970,WTW,ch4,0.3913604651162791,Mt
GHG Forward lower,Aviation,1971,WTW,ch4,0.4515697674418605,Mt
GHG Forward lower,Aviation,1972,WTW,ch4,0.4816744186046512,Mt
GHG Forward lower,Aviation,1973,WTW,ch4,0.4987337209302327,Mt
GHG Forward lower,Aviation,1974,WTW,ch4,0.4816744186046512,Mt
GHG Forward lower,Aviation,1975,WTW,ch4,0.4821761627906977,Mt
GHG Forward lower,Aviation,1976,WTW,ch4,0.4836813953488373,Mt
GHG Forward lower,Aviation,1977,WTW,ch4,0.5122808139534885,Mt
GHG Forward lower,Aviation,1978,WTW,ch4,0.5303436046511629,Mt
GHG Forward lower,Aviation,1979,WTW,ch4,0.5524203488372093,Mt
GHG Forward lower,Aviation,1980,WTW,ch4,0.5564343023255814,Mt
GHG Forward lower,Aviation,1981,WTW,ch4,0.5484063953488373,Mt
GHG Forward lower,Aviation,1982,WTW,ch4,0.5544273255813954,Mt
GHG Forward lower,Aviation,1983,WTW,ch4,0.5619534883720931,Mt
GHG Forward lower,Aviation,1984,WTW,ch4,0.5995843023255816,Mt
GHG Forward lower,Aviation,1985,WTW,ch4,0.6191523255813954,Mt
GHG Forward lower,Aviation,1986,WTW,ch4,0.6517656976744187,Mt
GHG Forward lower,Aviation,1987,WTW,ch4,0.6803651162790698,Mt
GHG Forward lower,Aviation,1988,WTW,ch4,0.7094662790697677,Mt
GHG Forward lower,Aviation,1989,WTW,ch4,0.7350552325581398,Mt
GHG Forward lower,Aviation,1990,WTW,ch4,0.7505036350000001,Mt
GHG Forward lower,Aviation,1991,WTW,ch4,0.7257959450000001,Mt
GHG Forward lower,Aviation,1992,WTW,ch4,0.7274787950000001,Mt
GHG Forward lower,Aviation,1993,WTW,ch4,0.7314485950000001,Mt
GHG Forward lower,Aviation,1994,WTW,ch4,0.7663396850000002,Mt
GHG Forward lower,Aviation,1995,WTW,ch4,0.7849977450000002,Mt
GHG Forward lower,Aviation,1996,WTW,ch4,0.8205274550000002,Mt
GHG Forward lower,Aviation,1997,WTW,ch4,0.8455113050000002,Mt
GHG Forward lower,Aviation,1998,WTW,ch4,0.8621844650000001,Mt
GHG Forward lower,Aviation,1999,WTW,ch4,0.8899946400000002,Mt
GHG Forward lower,Aviation,2000,WTW,ch4,0.9360874700000004,Mt
GHG Forward lower,Aviation,2001,WTW,ch4,0.9004239950000001,Mt
GHG Forward lower,Aviation,2002,WTW,ch4,0.9022449250000002,Mt
GHG Forward lower,Aviation,2003,WTW,ch4,0.9016796600000002,Mt
GHG Forward lower,Aviation,2004,WTW,ch4,0.9584003350000002,Mt
GHG Forward lower,Aviation,2005,WTW,ch4,1.005502875,Mt
GHG Forward lower,Aviation,2006,WTW,ch4,1.0172267300000002,Mt
GHG Forward lower,Aviation,2007,WTW,ch4,1.0467672200000002,Mt
GHG Forward lower,Aviation,2008,WTW,ch4,1.0419257900000003,Mt
GHG Forward lower,Aviation,2009,WTW,ch4,0.98806596,Mt
GHG Forward lower,Aviation,2010,WTW,ch4,1.0379559900000002,Mt
GHG Forward lower,Aviation,2011,WTW,ch4,1.0687392,Mt
GHG Forward lower,Aviation,2012,WTW,ch4,1.080307715,Mt
GHG Forward lower,Aviation,2013,WTW,ch4,1.111013255,Mt
GHG Forward lower,Aviation,2014,WTW,ch4,1.145964755,Mt
GHG Forward lower,Aviation,2015,WTW,ch4,1.2085495150000003,Mt
GHG Forward lower,Aviation,2016,WTW,ch4,1.2670005050000002,Mt
GHG Forward lower,Aviation,2017,WTW,ch4,1.3417535347950005,Mt
GHG Forward lower,Aviation,2018,WTW,ch4,1.4115247186043405,Mt
GHG Forward lower,Aviation,2019,WTW,ch4,1.2621619984125003,Mt
GHG Forward lower,Aviation,2020,WTW,ch4,0.6836710824195,Mt
GHG Forward lower,Aviation,2021,WTW,ch4,0.8151462905605001,Mt
GHG Forward lower,Aviation,2022,WTW,ch4,0.9992115821305,Mt
GHG Forward lower,Aviation,2023,WTW,ch4,1.1615863382044724,Mt
GHG Forward lower,Aviation,2024,WTW,ch4,1.2527577231768294,Mt
GHG Forward lower,Aviation,2025,WTW,ch4,1.3132285212957404,Mt
GHG Forward lower,Aviation,2026,WTW,ch4,1.3202410080779807,Mt
GHG Forward lower,Aviation,2027,WTW,ch4,1.3288405355404191,Mt
GHG Forward lower,Aviation,2028,WTW,ch4,1.3379941835249145,Mt
GHG Forward lower,Aviation,2029,WTW,ch4,1.3472683890829815,Mt
GHG Forward lower,Aviation,2030,WTW,ch4,1.353654652761865,Mt
GHG Forward lower,Aviation,2031,WTW,ch4,1.3346965995310125,Mt
GHG Forward lower,Aviation,2032,WTW,ch4,1.314771433843746,Mt
GHG Forward lower,Aviation,2033,WTW,ch4,1.2938754545097189,Mt
GHG Forward lower,Aviation,2034,WTW,ch4,1.2720384664435866,Mt
GHG Forward lower,Aviation,2035,WTW,ch4,1.2479184382340869,Mt
GHG Forward lower,Aviation,2036,WTW,ch4,1.2207047685405057,Mt
GHG Forward lower,Aviation,2037,WTW,ch4,1.1901823681150487,Mt
GHG Forward lower,Aviation,2038,WTW,ch4,1.155712089156326,Mt
GHG Forward lower,Aviation,2039,WTW,ch4,1.1177634020033211,Mt
GHG Forward lower,Aviation,2040,WTW,ch4,1.0786687522656635,Mt
GHG Forward lower,Aviation,2041,WTW,ch4,1.0337193281561947,Mt
GHG Forward lower,Aviation,2042,WTW,ch4,0.9881554159198463,Mt
GHG Forward lower,Aviation,2043,WTW,ch4,0.941678145843204,Mt
GHG Forward lower,Aviation,2044,WTW,ch4,0.8946992697625422,Mt
GHG Forward lower,Aviation,2045,WTW,ch4,0.8473726285518954,Mt
GHG Forward lower,Aviation,2046,WTW,ch4,0.7990669866333345,Mt
GHG Forward lower,Aviation,2047,WTW,ch4,0.7504514541510201,Mt
GHG Forward lower,Aviation,2048,WTW,ch4,0.7016387897843966,Mt
GHG Forward lower,Aviation,2049,WTW,ch4,0.652735399908563,Mt
GHG Forward lower,Aviation,2050,WTW,ch4,0.6037855370049304,Mt
GHG Forward upper,Aviation,1940,WTW,ch4,0.0386343023255814,Mt
GHG Forward upper,Aviation,1941,WTW,ch4,0.0416447674418604,Mt
GHG Forward upper,Aviation,1942,WTW,ch4,0.045156976744186,Mt
GHG Forward upper,Aviation,1943,WTW,ch4,0.0486691860465116,Mt
GHG Forward upper,Aviation,1944,WTW,ch4,0.0526831395348837,Mt
GHG Forward upper,Aviation,1945,WTW,ch4,0.0566970930232558,Mt
GHG Forward upper,Aviation,1946,WTW,ch4,0.0617145348837209,Mt
GHG Forward upper,Aviation,1947,WTW,ch4,0.0662302325581395,Mt
GHG Forward upper,Aviation,1948,WTW,ch4,0.0717494186046511,Mt
GHG Forward upper,Aviation,1949,WTW,ch4,0.0772686046511628,Mt
GHG Forward upper,Aviation,1950,WTW,ch4,0.0837912790697674,Mt
GHG Forward upper,Aviation,1951,WTW,ch4,0.0903139534883721,Mt
GHG Forward upper,Aviation,1952,WTW,ch4,0.0973383720930232,Mt
GHG Forward upper,Aviation,1953,WTW,ch4,0.1053662790697674,Mt
GHG Forward upper,Aviation,1954,WTW,ch4,0.1138959302325581,Mt
GHG Forward upper,Aviation,1955,WTW,ch4,0.1229273255813953,Mt
GHG Forward upper,Aviation,1956,WTW,ch4,0.1329622093023256,Mt
GHG Forward upper,Aviation,1957,WTW,ch4,0.1434988372093023,Mt
GHG Forward upper,Aviation,1958,WTW,ch4,0.1550389534883721,Mt
GHG Forward upper,Aviation,1959,WTW,ch4,0.1670808139534883,Mt
GHG Forward upper,Aviation,1960,WTW,ch4,0.1806279069767442,Mt
GHG Forward upper,Aviation,1961,WTW,ch4,0.1981889534883721,Mt
GHG Forward upper,Aviation,1962,WTW,ch4,0.2182587209302326,Mt
GHG Forward upper,Aviation,1963,WTW,ch4,0.2303005813953488,Mt
GHG Forward upper,Aviation,1964,WTW,ch4,0.2408372093023256,Mt
GHG Forward upper,Aviation,1965,WTW,ch4,0.2573947674418605,Mt
GHG Forward upper,Aviation,1966,WTW,ch4,0.2789697674418606,Mt
GHG Forward upper,Aviation,1967,WTW,ch4,0.3291441860465116,Mt
GHG Forward upper,Aviation,1968,WTW,ch4,0.3727959302325582,Mt
GHG Forward upper,Aviation,1969,WTW,ch4,0.390356976744186,Mt
GHG Forward upper,Aviation,1970,WTW,ch4,0.3913604651162791,Mt
GHG Forward upper,Aviation,1971,WTW,ch4,0.4515697674418605,Mt
GHG Forward upper,Aviation,1972,WTW,ch4,0.4816744186046512,Mt
GHG Forward upper,Aviation,1973,WTW,ch4,0.4987337209302327,Mt
GHG Forward upper,Aviation,1974,WTW,ch4,0.4816744186046512,Mt
GHG Forward upper,Aviation,1975,WTW,ch4,0.4821761627906977,Mt
GHG Forward upper,Aviation,1976,WTW,ch4,0.4836813953488373,Mt
GHG Forward upper,Aviation,1977,WTW,ch4,0.5122808139534885,Mt
GHG Forward upper,Aviation,1978,WTW,ch4,0.5303436046511629,Mt
GHG Forward upper,Aviation,1979,WTW,ch4,0.5524203488372093,Mt
GHG Forward upper,Aviation,1980,WTW,ch4,0.5564343023255814,Mt
GHG Forward upper,Aviation,1981,WTW,ch4,0.5484063953488373,Mt
GHG Forward upper,Aviation,1982,WTW,ch4,0.5544273255813954,Mt
GHG Forward upper,Aviation,1983,WTW,ch4,0.5619534883720931,Mt
GHG Forward upper,Aviation,1984,WTW,ch4,0.5995843023255816,Mt
GHG Forward upper,Aviation,1985,WTW,ch4,0.6191523255813954,Mt
GHG Forward upper,Aviation,1986,WTW,ch4,0.6517656976744187,Mt
GHG Forward upper,Aviation,1987,WTW,ch4,0.6803651162790698,Mt
GHG Forward upper,Aviation,1988,WTW,ch4,0.7094662790697677,Mt
GHG Forward upper,Aviation,1989,WTW,ch4,0.7350552325581398,Mt
GHG Forward upper,Aviation,1990,WTW,ch4,0.7505036350000001,Mt
GHG Forward upper,Aviation,1991,WTW,ch4,0.7257959450000001,Mt
GHG Forward upper,Aviation,1992,WTW,ch4,0.7274787950000001,Mt
GHG Forward upper,Aviation,1993,WTW,ch4,0.7314485950000001,Mt
GHG Forward upper,Aviation,1994,WTW,ch4,0.7663396850000002,Mt
GHG Forward upper,Aviation,1995,WTW,ch4,0.7849977450000002,Mt
GHG Forward upper,Aviation,1996,WTW,ch4,0.8205274550000002,Mt
GHG Forward upper,Aviation,1997,WTW,ch4,0.8455113050000002,Mt
GHG Forward upper,Aviation,1998,WTW,ch4,0.8621844650000001,Mt
GHG Forward upper,Aviation,1999,WTW,ch4,0.8899946400000002,Mt
GHG Forward upper,Aviation,2000,WTW,ch4,0.9360874700000004,Mt
GHG Forward upper,Aviation,2001,WTW,ch4,0.9004239950000001,Mt
GHG Forward upper,Aviation,2002,WTW,ch4,0.9022449250000002,Mt
GHG Forward upper,Aviation,2003,WTW,ch4,0.9016796600000002,Mt
GHG Forward upper,Aviation,2004,WTW,ch4,0.9584003350000002,Mt
GHG Forward upper,Aviation,2005,WTW,ch4,1.005502875,Mt
GHG Forward upper,Aviation,2006,WTW,ch4,1.0172267300000002,Mt
GHG Forward upper,Aviation,2007,WTW,ch4,1.0467672200000002,Mt
GHG Forward upper,Aviation,2008,WTW,ch4,1.0419257900000003,Mt
GHG Forward upper,Aviation,2009,WTW,ch4,0.98806596,Mt
GHG Forward upper,Aviation,2010,WTW,ch4,1.0379559900000002,Mt
GHG Forward upper,Aviation,2011,WTW,ch4,1.0687392,Mt
GHG Forward upper,Aviation,2012,WTW,ch4,1.080307715,Mt
GHG Forward upper,Aviation,2013,WTW,ch4,1.111013255,Mt
GHG Forward upper,Aviation,2014,WTW,ch4,1.145964755,Mt
GHG Forward upper,Aviation,2015,WTW,ch4,1.2085495150000003,Mt
GHG Forward upper,Aviation,2016,WTW,ch4,1.2670005050000002,Mt
GHG Forward upper,Aviation,2017,WTW,ch4,1.3417535347950005,Mt
GHG Forward upper,Aviation,2018,WTW,ch4,1.4115247186043405,Mt
GHG Forward upper,Aviation,2019,WTW,ch4,1.2621619984125003,Mt
GHG Forward upper,Aviation,2020,WTW,ch4,0.6836710824195,Mt
GHG Forward upper,Aviation,2021,WTW,ch4,0.8151462905605001,Mt
GHG Forward upper,Aviation,2022,WTW,ch4,0.9992115821305,Mt
GHG Forward upper,Aviation,2023,WTW,ch4,1.1615863382044724,Mt
GHG Forward upper,Aviation,2024,WTW,ch4,1.2527577231768294,Mt
GHG Forward upper,Aviation,2025,WTW,ch4,1.3132285212957404,Mt
GHG Forward upper,Aviation,2026,WTW,ch4,1.3202410080779807,Mt
GHG Forward upper,Aviation,2027,WTW,ch4,1.3288405355404191,Mt
GHG Forward upper,Aviation,2028,WTW,ch4,1.3379941835249145,Mt
GHG Forward upper,Aviation,2029,WTW,ch4,1.3472683890829815,Mt
GHG Forward upper,Aviation,2030,WTW,ch4,1.353654652761865,Mt
GHG Forward upper,Aviation,2031,WTW,ch4,1.3346965995310125,Mt
GHG Forward upper,Aviation,2032,WTW,ch4,1.314771433843746,Mt
GHG Forward upper,Aviation,2033,WTW,ch4,1.2938754545097189,Mt
GHG Forward upper,Aviation,2034,WTW,ch4,1.2720384664435866,Mt
GHG Forward upper,Aviation,2035,WTW,ch4,1.2479184382340869,Mt
GHG Forward upper,Aviation,2036,WTW,ch4,1.2207047685405057,Mt
GHG Forward upper,Aviation,2037,WTW,ch4,1.1901823681150487,Mt
GHG Forward upper,Aviation,2038,WTW,ch4,1.155712089156326,Mt
GHG Forward upper,Aviation,2039,WTW,ch4,1.1177634020033211,Mt
GHG Forward upper,Aviation,2040,WTW,ch4,1.0786687522656635,Mt
GHG Forward upper,Aviation,2041,WTW,ch4,1.0337193281561947,Mt
GHG Forward upper,Aviation,2042,WTW,ch4,0.9881554159198463,Mt
GHG Forward upper,Aviation,2043,WTW,ch4,0.941678145843204,Mt
GHG Forward upper,Aviation,2044,WTW,ch4,0.8946992697625422,Mt
GHG Forward upper,Aviation,2045,WTW,ch4,0.8473726285518954,Mt
GHG Forward upper,Aviation,2046,WTW,ch4,0.7990669866333345,Mt
GHG Forward upper,Aviation,2047,WTW,ch4,0.7504514541510201,Mt
GHG Forward upper,Aviation,2048,WTW,ch4,0.7016387897843966,Mt
GHG Forward upper,Aviation,2049,WTW,ch4,0.652735399908563,Mt
GHG Forward upper,Aviation,2050,WTW,ch4,0.6037855370049304,Mt
BAU,Aviation,1940,WTW,ch4,0.0386343023255814,Mt
BAU,Aviation,1941,WTW,ch4,0.0416447674418604,Mt
BAU,Aviation,1942,WTW,ch4,0.045156976744186,Mt
BAU,Aviation,1943,WTW,ch4,0.0486691860465116,Mt
BAU,Aviation,1944,WTW,ch4,0.0526831395348837,Mt
BAU,Aviation,1945,WTW,ch4,0.0566970930232558,Mt
BAU,Aviation,1946,WTW,ch4,0.0617145348837209,Mt
BAU,Aviation,1947,WTW,ch4,0.0662302325581395,Mt
BAU,Aviation,1948,WTW,ch4,0.0717494186046511,Mt
BAU,Aviation,1949,WTW,ch4,0.0772686046511628,Mt
BAU,Aviation,1950,WTW,ch4,0.0837912790697674,Mt
BAU,Aviation,1951,WTW,ch4,0.0903139534883721,Mt
BAU,Aviation,1952,WTW,ch4,0.0973383720930232,Mt
BAU,Aviation,1953,WTW,ch4,0.1053662790697674,Mt
BAU,Aviation,1954,WTW,ch4,0.1138959302325581,Mt
BAU,Aviation,1955,WTW,ch4,0.1229273255813953,Mt
BAU,Aviation,1956,WTW,ch4,0.1329622093023256,Mt
BAU,Aviation,1957,WTW,ch4,0.1434988372093023,Mt
BAU,Aviation,1958,WTW,ch4,0.1550389534883721,Mt
BAU,Aviation,1959,WTW,ch4,0.1670808139534883,Mt
BAU,Aviation,1960,WTW,ch4,0.1806279069767442,Mt
BAU,Aviation,1961,WTW,ch4,0.1981889534883721,Mt
BAU,Aviation,1962,WTW,ch4,0.2182587209302326,Mt
BAU,Aviation,1963,WTW,ch4,0.2303005813953488,Mt
BAU,Aviation,1964,WTW,ch4,0.2408372093023256,Mt
BAU,Aviation,1965,WTW,ch4,0.2573947674418605,Mt
BAU,Aviation,1966,WTW,ch4,0.2789697674418606,Mt
BAU,Aviation,1967,WTW,ch4,0.3291441860465116,Mt
BAU,Aviation,1968,WTW,ch4,0.3727959302325582,Mt
BAU,Aviation,1969,WTW,ch4,0.390356976744186,Mt
BAU,Aviation,1970,WTW,ch4,0.3913604651162791,Mt
BAU,Aviation,1971,WTW,ch4,0.4515697674418605,Mt
BAU,Aviation,1972,WTW,ch4,0.4816744186046512,Mt
BAU,Aviation,1973,WTW,ch4,0.4987337209302327,Mt
BAU,Aviation,1974,WTW,ch4,0.4816744186046512,Mt
BAU,Aviation,1975,WTW,ch4,0.4821761627906977,Mt
BAU,Aviation,1976,WTW,ch4,0.4836813953488373,Mt
BAU,Aviation,1977,WTW,ch4,0.5122808139534885,Mt
BAU,Aviation,1978,WTW,ch4,0.5303436046511629,Mt
BAU,Aviation,1979,WTW,ch4,0.5524203488372093,Mt
BAU,Aviation,1980,WTW,ch4,0.5564343023255814,Mt
BAU,Aviation,1981,WTW,ch4,0.5484063953488373,Mt
BAU,Aviation,1982,WTW,ch4,0.5544273255813954,Mt
BAU,Aviation,1983,WTW,ch4,0.5619534883720931,Mt
BAU,Aviation,1984,WTW,ch4,0.5995843023255816,Mt
BAU,Aviation,1985,WTW,ch4,0.6191523255813954,Mt
BAU,Aviation,1986,WTW,ch4,0.6517656976744187,Mt
BAU,Aviation,1987,WTW,ch4,0.6803651162790698,Mt
BAU,Aviation,1988,WTW,ch4,0.7094662790697677,Mt
BAU,Aviation,1989,WTW,ch4,0.7350552325581398,Mt
BAU,Aviation,1990,WTW,ch4,0.7505036350000001,Mt
BAU,Aviation,1991,WTW,ch4,0.7257959450000001,Mt
BAU,Aviation,1992,WTW,ch4,0.7274787950000001,Mt
BAU,Aviation,1993,WTW,ch4,0.7314485950000001,Mt
BAU,Aviation,1994,WTW,ch4,0.7663396850000002,Mt
BAU,Aviation,1995,WTW,ch4,0.7849977450000002,Mt
BAU,Aviation,1996,WTW,ch4,0.8205274550000002,Mt
BAU,Aviation,1997,WTW,ch4,0.8455113050000002,Mt
BAU,Aviation,1998,WTW,ch4,0.8621844650000001,Mt
BAU,Aviation,1999,WTW,ch4,0.8899946400000002,Mt
BAU,Aviation,2000,WTW,ch4,0.9360874700000004,Mt
BAU,Aviation,2001,WTW,ch4,0.9004239950000001,Mt
BAU,Aviation,2002,WTW,ch4,0.9022449250000002,Mt
BAU,Aviation,2003,WTW,ch4,0.9016796600000002,Mt
BAU,Aviation,2004,WTW,ch4,0.9584003350000002,Mt
BAU,Aviation,2005,WTW,ch4,1.005502875,Mt
BAU,Aviation,2006,WTW,ch4,1.0172267300000002,Mt
BAU,Aviation,2007,WTW,ch4,1.0467672200000002,Mt
BAU,Aviation,2008,WTW,ch4,1.0419257900000003,Mt
BAU,Aviation,2009,WTW,ch4,0.98806596,Mt
BAU,Aviation,2010,WTW,ch4,1.0379559900000002,Mt
BAU,Aviation,2011,WTW,ch4,1.0687392,Mt
BAU,Aviation,2012,WTW,ch4,1.080307715,Mt
BAU,Aviation,2013,WTW,ch4,1.111013255,Mt
BAU,Aviation,2014,WTW,ch4,1.145964755,Mt
BAU,Aviation,2015,WTW,ch4,1.2085495150000003,Mt
BAU,Aviation,2016,WTW,ch4,1.2670005050000002,Mt
BAU,Aviation,2017,WTW,ch4,1.3417535347950005,Mt
BAU,Aviation,2018,WTW,ch4,1.4115247186043405,Mt
BAU,Aviation,2019,WTW,ch4,1.2621619984125003,Mt
BAU,Aviation,2020,WTW,ch4,0.6836710824195,Mt
BAU,Aviation,2021,WTW,ch4,0.8151462905605001,Mt
BAU,Aviation,2022,WTW,ch4,0.9992115821305,Mt
BAU,Aviation,2023,WTW,ch4,1.1615863382044724,Mt
BAU,Aviation,2024,WTW,ch4,1.2579804638598977,Mt
BAU,Aviation,2025,WTW,ch4,1.3434242482574483,Mt
BAU,Aviation,2026,WTW,ch4,1.3691250375575563,Mt
BAU,Aviation,2027,WTW,ch4,1.3971565050015582,Mt
BAU,Aviation,2028,WTW,ch4,1.4265229578972407,Mt
BAU,Aviation,2029,WTW,ch4,1.4568182678552422,Mt
BAU,Aviation,2030,WTW,ch4,1.4880010083789976,Mt
BAU,Aviation,2031,WTW,ch4,1.5200389732252342,Mt
BAU,Aviation,2032,WTW,ch4,1.5529191185503364,Mt
BAU,Aviation,2033,WTW,ch4,1.5866811440668716,Mt
BAU,Aviation,2034,WTW,ch4,1.6214103158756226,Mt
BAU,Aviation,2035,WTW,ch4,1.657241124217807,Mt
BAU,Aviation,2036,WTW,ch4,1.6943461505121953,Mt
BAU,Aviation,2037,WTW,ch4,1.7329188017771364,Mt
BAU,Aviation,2038,WTW,ch4,1.7731315145149784,Mt
BAU,Aviation,2039,WTW,ch4,1.8151277370909031,Mt
BAU,Aviation,2040,WTW,ch4,1.8589649276305669,Mt
BAU,Aviation,2041,WTW,ch4,1.904625369136275,Mt
BAU,Aviation,2042,WTW,ch4,1.9519930398522596,Mt
BAU,Aviation,2043,WTW,ch4,2.000913368676298,Mt
BAU,Aviation,2044,WTW,ch4,2.0512294741162926,Mt
BAU,Aviation,2045,WTW,ch4,2.1028152608711235,Mt
BAU,Aviation,2046,WTW,ch4,2.155641351272772,Mt
BAU,Aviation,2047,WTW,ch4,2.209778672572509,Mt
BAU,Aviation,2048,WTW,ch4,2.265401574298415,Mt
BAU,Aviation,2049,WTW,ch4,2.3227251749290625,Mt
BAU,Aviation,2050,WTW,ch4,2.3819602563739637,Mt
Historical Trends lower,Aviation,1940,WTW,ch4,0.0386343023255814,Mt
Historical Trends lower,Aviation,1941,WTW,ch4,0.0416447674418604,Mt
Historical Trends lower,Aviation,1942,WTW,ch4,0.045156976744186,Mt
Historical Trends lower,Aviation,1943,WTW,ch4,0.0486691860465116,Mt
Historical Trends lower,Aviation,1944,WTW,ch4,0.0526831395348837,Mt
Historical Trends lower,Aviation,1945,WTW,ch4,0.0566970930232558,Mt
Historical Trends lower,Aviation,1946,WTW,ch4,0.0617145348837209,Mt
Historical Trends lower,Aviation,1947,WTW,ch4,0.0662302325581395,Mt
Historical Trends lower,Aviation,1948,WTW,ch4,0.0717494186046511,Mt
Historical Trends lower,Aviation,1949,WTW,ch4,0.0772686046511628,Mt
Historical Trends lower,Aviation,1950,WTW,ch4,0.0837912790697674,Mt
Historical Trends lower,Aviation,1951,WTW,ch4,0.0903139534883721,Mt
Historical Trends lower,Aviation,1952,WTW,ch4,0.0973383720930232,Mt
Historical Trends lower,Aviation,1953,WTW,ch4,0.1053662790697674,Mt
Historical Trends lower,Aviation,1954,WTW,ch4,0.1138959302325581,Mt
Historical Trends lower,Aviation,1955,WTW,ch4,0.1229273255813953,Mt
Historical Trends lower,Aviation,1956,WTW,ch4,0.1329622093023256,Mt
Historical Trends lower,Aviation,1957,WTW,ch4,0.1434988372093023,Mt
Historical Trends lower,Aviation,1958,WTW,ch4,0.1550389534883721,Mt
Historical Trends lower,Aviation,1959,WTW,ch4,0.1670808139534883,Mt
Historical Trends lower,Aviation,1960,WTW,ch4,0.1806279069767442,Mt
Historical Trends lower,Aviation,1961,WTW,ch4,0.1981889534883721,Mt
Historical Trends lower,Aviation,1962,WTW,ch4,0.2182587209302326,Mt
Historical Trends lower,Aviation,1963,WTW,ch4,0.2303005813953488,Mt
Historical Trends lower,Aviation,1964,WTW,ch4,0.2408372093023256,Mt
Historical Trends lower,Aviation,1965,WTW,ch4,0.2573947674418605,Mt
Historical Trends lower,Aviation,1966,WTW,ch4,0.2789697674418606,Mt
Historical Trends lower,Aviation,1967,WTW,ch4,0.3291441860465116,Mt
Historical Trends lower,Aviation,1968,WTW,ch4,0.3727959302325582,Mt
Historical Trends lower,Aviation,1969,WTW,ch4,0.390356976744186,Mt
Historical Trends lower,Aviation,1970,WTW,ch4,0.3913604651162791,Mt
Historical Trends lower,Aviation,1971,WTW,ch4,0.4515697674418605,Mt
Historical Trends lower,Aviation,1972,WTW,ch4,0.4816744186046512,Mt
Historical Trends lower,Aviation,1973,WTW,ch4,0.4987337209302327,Mt
Historical Trends lower,Aviation,1974,WTW,ch4,0.4816744186046512,Mt
Historical Trends lower,Aviation,1975,WTW,ch4,0.4821761627906977,Mt
Historical Trends lower,Aviation,1976,WTW,ch4,0.4836813953488373,Mt
Historical Trends lower,Aviation,1977,WTW,ch4,0.5122808139534885,Mt
Historical Trends lower,Aviation,1978,WTW,ch4,0.5303436046511629,Mt
Historical Trends lower,Aviation,1979,WTW,ch4,0.5524203488372093,Mt
Historical Trends lower,Aviation,1980,WTW,ch4,0.5564343023255814,Mt
Historical Trends lower,Aviation,1981,WTW,ch4,0.5484063953488373,Mt
Historical Trends lower,Aviation,1982,WTW,ch4,0.5544273255813954,Mt
Historical Trends lower,Aviation,1983,WTW,ch4,0.5619534883720931,Mt
Historical Trends lower,Aviation,1984,WTW,ch4,0.5995843023255816,Mt
Historical Trends lower,Aviation,1985,WTW,ch4,0.6191523255813954,Mt
Historical Trends lower,Aviation,1986,WTW,ch4,0.6517656976744187,Mt
Historical Trends lower,Aviation,1987,WTW,ch4,0.6803651162790698,Mt
Historical Trends lower,Aviation,1988,WTW,ch4,0.7094662790697677,Mt
Historical Trends lower,Aviation,1989,WTW,ch4,0.7350552325581398,Mt
Historical Trends lower,Aviation,1990,WTW,ch4,0.7505036350000001,Mt
Historical Trends lower,Aviation,1991,WTW,ch4,0.7257959450000001,Mt
Historical Trends lower,Aviation,1992,WTW,ch4,0.7274787950000001,Mt
Historical Trends lower,Aviation,1993,WTW,ch4,0.7314485950000001,Mt
Historical Trends lower,Aviation,1994,WTW,ch4,0.7663396850000002,Mt
Historical Trends lower,Aviation,1995,WTW,ch4,0.7849977450000002,Mt
Historical Trends lower,Aviation,1996,WTW,ch4,0.8205274550000002,Mt
Historical Trends lower,Aviation,1997,WTW,ch4,0.8455113050000002,Mt
Historical Trends lower,Aviation,1998,WTW,ch4,0.8621844650000001,Mt
Historical Trends lower,Aviation,1999,WTW,ch4,0.8899946400000002,Mt
Historical Trends lower,Aviation,2000,WTW,ch4,0.9360874700000004,Mt
Historical Trends lower,Aviation,2001,WTW,ch4,0.9004239950000001,Mt
Historical Trends lower,Aviation,2002,WTW,ch4,0.9022449250000002,Mt
Historical Trends lower,Aviation,2003,WTW,ch4,0.9016796600000002,Mt
Historical Trends lower,Aviation,2004,WTW,ch4,0.9584003350000002,Mt
Historical Trends lower,Aviation,2005,WTW,ch4,1.005502875,Mt
Historical Trends lower,Aviation,2006,WTW,ch4,1.0172267300000002,Mt
Historical Trends lower,Aviation,2007,WTW,ch4,1.0467672200000002,Mt
Historical Trends lower,Aviation,2008,WTW,ch4,1.0419257900000003,Mt
Historical Trends lower,Aviation,2009,WTW,ch4,0.98806596,Mt
Historical Trends lower,Aviation,2010,WTW,ch4,1.0379559900000002,Mt
Historical Trends lower,Aviation,2011,WTW,ch4,1.0687392,Mt
Historical Trends lower,Aviation,2012,WTW,ch4,1.080307715,Mt
Historical Trends lower,Aviation,2013,WTW,ch4,1.111013255,Mt
Historical Trends lower,Aviation,2014,WTW,ch4,1.145964755,Mt
Historical Trends lower,Aviation,2015,WTW,ch4,1.2085495150000003,Mt
Historical Trends lower,Aviation,2016,WTW,ch4,1.2670005050000002,Mt
Historical Trends lower,Aviation,2017,WTW,ch4,1.3417535347950005,Mt
Historical Trends lower,Aviation,2018,WTW,ch4,1.4115247186043405,Mt
Historical Trends lower,Aviation,2019,WTW,ch4,1.2621619984125003,Mt
Historical Trends lower,Aviation,2020,WTW,ch4,0.6836710824195,Mt
Historical Trends lower,Aviation,2021,WTW,ch4,0.8151462905605001,Mt
Historical Trends lower,Aviation,2022,WTW,ch4,0.9992115821305,Mt
Historical Trends lower,Aviation,2023,WTW,ch4,1.1615863382044724,Mt
Historical Trends lower,Aviation,2024,WTW,ch4,1.2579804638598977,Mt
Historical Trends lower,Aviation,2025,WTW,ch4,1.3434242482574483,Mt
Historical Trends lower,Aviation,2026,WTW,ch4,1.3691250375575563,Mt
Historical Trends lower,Aviation,2027,WTW,ch4,1.3971565050015582,Mt
Historical Trends lower,Aviation,2028,WTW,ch4,1.4265229578972407,Mt
Historical Trends lower,Aviation,2029,WTW,ch4,1.4568182678552422,Mt
Historical Trends lower,Aviation,2030,WTW,ch4,1.4880010083789976,Mt
Historical Trends lower,Aviation,2031,WTW,ch4,1.5200389732252342,Mt
Historical Trends lower,Aviation,2032,WTW,ch4,1.5529191185503364,Mt
Historical Trends lower,Aviation,2033,WTW,ch4,1.5866811440668716,Mt
Historical Trends lower,Aviation,2034,WTW,ch4,1.6214103158756226,Mt
Historical Trends lower,Aviation,2035,WTW,ch4,1.657241124217807,Mt
Historical Trends lower,Aviation,2036,WTW,ch4,1.6943461505121953,Mt
Historical Trends lower,Aviation,2037,WTW,ch4,1.7329188017771364,Mt
Historical Trends lower,Aviation,2038,WTW,ch4,1.7731315145149784,Mt
Historical Trends lower,Aviation,2039,WTW,ch4,1.8151277370909031,Mt
Historical Trends lower,Aviation,2040,WTW,ch4,1.8589649276305669,Mt
Historical Trends lower,Aviation,2041,WTW,ch4,1.904625369136275,Mt
Historical Trends lower,Aviation,2042,WTW,ch4,1.9519930398522596,Mt
Historical Trends lower,Aviation,2043,WTW,ch4,2.000913368676298,Mt
Historical Trends lower,Aviation,2044,WTW,ch4,2.0512294741162926,Mt
Historical Trends lower,Aviation,2045,WTW,ch4,2.1028152608711235,Mt
Historical Trends lower,Aviation,2046,WTW,ch4,2.155641351272772,Mt
Historical Trends lower,Aviation,2047,WTW,ch4,2.209778672572509,Mt
Historical Trends lower,Aviation,2048,WTW,ch4,2.265401574298415,Mt
Historical Trends lower,Aviation,2049,WTW,ch4,2.3227251749290625,Mt
Historical Trends lower,Aviation,2050,WTW,ch4,2.3819602563739637,Mt
Historical Trends upper,Aviation,1940,WTW,ch4,0.0386343023255814,Mt
Historical Trends upper,Aviation,1941,WTW,ch4,0.0416447674418604,Mt
Historical Trends upper,Aviation,1942,WTW,ch4,0.045156976744186,Mt
Historical Trends upper,Aviation,1943,WTW,ch4,0.0486691860465116,Mt
Historical Trends upper,Aviation,1944,WTW,ch4,0.0526831395348837,Mt
Historical Trends upper,Aviation,1945,WTW,ch4,0.0566970930232558,Mt
Historical Trends upper,Aviation,1946,WTW,ch4,0.0617145348837209,Mt
Historical Trends upper,Aviation,1947,WTW,ch4,0.0662302325581395,Mt
Historical Trends upper,Aviation,1948,WTW,ch4,0.0717494186046511,Mt
Historical Trends upper,Aviation,1949,WTW,ch4,0.0772686046511628,Mt
Historical Trends upper,Aviation,1950,WTW,ch4,0.0837912790697674,Mt
Historical Trends upper,Aviation,1951,WTW,ch4,0.0903139534883721,Mt
Historical Trends upper,Aviation,1952,WTW,ch4,0.0973383720930232,Mt
Historical Trends upper,Aviation,1953,WTW,ch4,0.1053662790697674,Mt
Historical Trends upper,Aviation,1954,WTW,ch4,0.1138959302325581,Mt
Historical Trends upper,Aviation,1955,WTW,ch4,0.1229273255813953,Mt
Historical Trends upper,Aviation,1956,WTW,ch4,0.1329622093023256,Mt
Historical Trends upper,Aviation,1957,WTW,ch4,0.1434988372093023,Mt
Historical Trends upper,Aviation,1958,WTW,ch4,0.1550389534883721,Mt
Historical Trends upper,Aviation,1959,WTW,ch4,0.1670808139534883,Mt
Historical Trends upper,Aviation,1960,WTW,ch4,0.1806279069767442,Mt
Historical Trends upper,Aviation,1961,WTW,ch4,0.1981889534883721,Mt
Historical Trends upper,Aviation,1962,WTW,ch4,0.2182587209302326,Mt
Historical Trends upper,Aviation,1963,WTW,ch4,0.2303005813953488,Mt
Historical Trends upper,Aviation,1964,WTW,ch4,0.2408372093023256,Mt
Historical Trends upper,Aviation,1965,WTW,ch4,0.2573947674418605,Mt
Historical Trends upper,Aviation,1966,WTW,ch4,0.2789697674418606,Mt
Historical Trends upper,Aviation,1967,WTW,ch4,0.3291441860465116,Mt
Historical Trends upper,Aviation,1968,WTW,ch4,0.3727959302325582,Mt
Historical Trends upper,Aviation,1969,WTW,ch4,0.390356976744186,Mt
Historical Trends upper,Aviation,1970,WTW,ch4,0.3913604651162791,Mt
Historical Trends upper,Aviation,1971,WTW,ch4,0.4515697674418605,Mt
Historical Trends upper,Aviation,1972,WTW,ch4,0.4816744186046512,Mt
Historical Trends upper,Aviation,1973,WTW,ch4,0.4987337209302327,Mt
Historical Trends upper,Aviation,1974,WTW,ch4,0.4816744186046512,Mt
Historical Trends upper,Aviation,1975,WTW,ch4,0.4821761627906977,Mt
Historical Trends upper,Aviation,1976,WTW,ch4,0.4836813953488373,Mt
Historical Trends upper,Aviation,1977,WTW,ch4,0.5122808139534885,Mt
Historical Trends upper,Aviation,1978,WTW,ch4,0.5303436046511629,Mt
Historical Trends upper,Aviation,1979,WTW,ch4,0.5524203488372093,Mt
Historical Trends upper,Aviation,1980,WTW,ch4,0.5564343023255814,Mt
Historical Trends upper,Aviation,1981,WTW,ch4,0.5484063953488373,Mt
Historical Trends upper,Aviation,1982,WTW,ch4,0.5544273255813954,Mt
Historical Trends upper,Aviation,1983,WTW,ch4,0.5619534883720931,Mt
Historical Trends upper,Aviation,1984,WTW,ch4,0.5995843023255816,Mt
Historical Trends upper,Aviation,1985,WTW,ch4,0.6191523255813954,Mt
Historical Trends upper,Aviation,1986,WTW,ch4,0.6517656976744187,Mt
Historical Trends upper,Aviation,1987,WTW,ch4,0.6803651162790698,Mt
Historical Trends upper,Aviation,1988,WTW,ch4,0.7094662790697677,Mt
Historical Trends upper,Aviation,1989,WTW,ch4,0.7350552325581398,Mt
Historical Trends upper,Aviation,1990,WTW,ch4,0.7505036350000001,Mt
Historical Trends upper,Aviation,1991,WTW,ch4,0.7257959450000001,Mt
Historical Trends upper,Aviation,1992,WTW,ch4,0.7274787950000001,Mt
Historical Trends upper,Aviation,1993,WTW,ch4,0.7314485950000001,Mt
Historical Trends upper,Aviation,1994,WTW,ch4,0.7663396850000002,Mt
Historical Trends upper,Aviation,1995,WTW,ch4,0.7849977450000002,Mt
Historical Trends upper,Aviation,1996,WTW,ch4,0.8205274550000002,Mt
Historical Trends upper,Aviation,1997,WTW,ch4,0.8455113050000002,Mt
Historical Trends upper,Aviation,1998,WTW,ch4,0.8621844650000001,Mt
Historical Trends upper,Aviation,1999,WTW,ch4,0.8899946400000002,Mt
Historical Trends upper,Aviation,2000,WTW,ch4,0.9360874700000004,Mt
Historical Trends upper,Aviation,2001,WTW,ch4,0.9004239950000001,Mt
Historical Trends upper,Aviation,2002,WTW,ch4,0.9022449250000002,Mt
Historical Trends upper,Aviation,2003,WTW,ch4,0.9016796600000002,Mt
Historical Trends upper,Aviation,2004,WTW,ch4,0.9584003350000002,Mt
Historical Trends upper,Aviation,2005,WTW,ch4,1.005502875,Mt
Historical Trends upper,Aviation,2006,WTW,ch4,1.0172267300000002,Mt
Historical Trends upper,Aviation,2007,WTW,ch4,1.0467672200000002,Mt
Historical Trends upper,Aviation,2008,WTW,ch4,1.0419257900000003,Mt
Historical Trends upper,Aviation,2009,WTW,ch4,0.98806596,Mt
Historical Trends upper,Aviation,2010,WTW,ch4,1.0379559900000002,Mt
Historical Trends upper,Aviation,2011,WTW,ch4,1.0687392,Mt
Historical Trends upper,Aviation,2012,WTW,ch4,1.080307715,Mt
Historical Trends upper,Aviation,2013,WTW,ch4,1.111013255,Mt
Historical Trends upper,Aviation,2014,WTW,ch4,1.145964755,Mt
Historical Trends upper,Aviation,2015,WTW,ch4,1.2085495150000003,Mt
Historical Trends upper,Aviation,2016,WTW,ch4,1.2670005050000002,Mt
Historical Trends upper,Aviation,2017,WTW,ch4,1.3417535347950005,Mt
Historical Trends upper,Aviation,2018,WTW,ch4,1.4115247186043405,Mt
Historical Trends upper,Aviation,2019,WTW,ch4,1.2621619984125003,Mt
Historical Trends upper,Aviation,2020,WTW,ch4,0.6836710824195,Mt
Historical Trends upper,Aviation,2021,WTW,ch4,0.8151462905605001,Mt
Historical Trends upper,Aviation,2022,WTW,ch4,0.9992115821305,Mt
Historical Trends upper,Aviation,2023,WTW,ch4,1.1615863382044724,Mt
Historical Trends upper,Aviation,2024,WTW,ch4,1.2579804638598977,Mt
Historical Trends upper,Aviation,2025,WTW,ch4,1.3434242482574483,Mt
Historical Trends upper,Aviation,2026,WTW,ch4,1.3691250375575563,Mt
Historical Trends upper,Aviation,2027,WTW,ch4,1.3971565050015582,Mt
Historical Trends upper,Aviation,2028,WTW,ch4,1.4265229578972407,Mt
Historical Trends upper,Aviation,2029,WTW,ch4,1.4568182678552422,Mt
Historical Trends upper,Aviation,2030,WTW,ch4,1.4880010083789976,Mt
Historical Trends upper,Aviation,2031,WTW,ch4,1.5200389732252342,Mt
Historical Trends upper,Aviation,2032,WTW,ch4,1.5529191185503364,Mt
Historical Trends upper,Aviation,2033,WTW,ch4,1.5866811440668716,Mt
Historical Trends upper,Aviation,2034,WTW,ch4,1.6214103158756226,Mt
Historical Trends upper,Aviation,2035,WTW,ch4,1.657241124217807,Mt
Historical Trends upper,Aviation,2036,WTW,ch4,1.6943461505121953,Mt
Historical Trends upper,Aviation,2037,WTW,ch4,1.7329188017771364,Mt
Historical Trends upper,Aviation,2038,WTW,ch4,1.7731315145149784,Mt
Historical Trends upper,Aviation,2039,WTW,ch4,1.8151277370909031,Mt
Historical Trends upper,Aviation,2040,WTW,ch4,1.8589649276305669,Mt
Historical Trends upper,Aviation,2041,WTW,ch4,1.904625369136275,Mt
Historical Trends upper,Aviation,2042,WTW,ch4,1.9519930398522596,Mt
Historical Trends upper,Aviation,2043,WTW,ch4,2.000913368676298,Mt
Historical Trends upper,Aviation,2044,WTW,ch4,2.0512294741162926,Mt
Historical Trends upper,Aviation,2045,WTW,ch4,2.1028152608711235,Mt
Historical Trends upper,Aviation,2046,WTW,ch4,2.155641351272772,Mt
Historical Trends upper,Aviation,2047,WTW,ch4,2.209778672572509,Mt
Historical Trends upper,Aviation,2048,WTW,ch4,2.265401574298415,Mt
Historical Trends upper,Aviation,2049,WTW,ch4,2.3227251749290625,Mt
Historical Trends upper,Aviation,2050,WTW,ch4,2.3819602563739637,Mt
SLCP Forward,Aviation,1940,WTW,ch4,0.0386343023255814,Mt
SLCP Forward,Aviation,1941,WTW,ch4,0.0416447674418604,Mt
SLCP Forward,Aviation,1942,WTW,ch4,0.045156976744186,Mt
SLCP Forward,Aviation,1943,WTW,ch4,0.0486691860465116,Mt
SLCP Forward,Aviation,1944,WTW,ch4,0.0526831395348837,Mt
SLCP Forward,Aviation,1945,WTW,ch4,0.0566970930232558,Mt
SLCP Forward,Aviation,1946,WTW,ch4,0.0617145348837209,Mt
SLCP Forward,Aviation,1947,WTW,ch4,0.0662302325581395,Mt
SLCP Forward,Aviation,1948,WTW,ch4,0.0717494186046511,Mt
SLCP Forward,Aviation,1949,WTW,ch4,0.0772686046511628,Mt
SLCP Forward,Aviation,1950,WTW,ch4,0.0837912790697674,Mt
SLCP Forward,Aviation,1951,WTW,ch4,0.0903139534883721,Mt
SLCP Forward,Aviation,1952,WTW,ch4,0.0973383720930232,Mt
SLCP Forward,Aviation,1953,WTW,ch4,0.1053662790697674,Mt
SLCP Forward,Aviation,1954,WTW,ch4,0.1138959302325581,Mt
SLCP Forward,Aviation,1955,WTW,ch4,0.1229273255813953,Mt
SLCP Forward,Aviation,1956,WTW,ch4,0.1329622093023256,Mt
SLCP Forward,Aviation,1957,WTW,ch4,0.1434988372093023,Mt
SLCP Forward,Aviation,1958,WTW,ch4,0.1550389534883721,Mt
SLCP Forward,Aviation,1959,WTW,ch4,0.1670808139534883,Mt
SLCP Forward,Aviation,1960,WTW,ch4,0.1806279069767442,Mt
SLCP Forward,Aviation,1961,WTW,ch4,0.1981889534883721,Mt
SLCP Forward,Aviation,1962,WTW,ch4,0.2182587209302326,Mt
SLCP Forward,Aviation,1963,WTW,ch4,0.2303005813953488,Mt
SLCP Forward,Aviation,1964,WTW,ch4,0.2408372093023256,Mt
SLCP Forward,Aviation,1965,WTW,ch4,0.2573947674418605,Mt
SLCP Forward,Aviation,1966,WTW,ch4,0.2789697674418606,Mt
SLCP Forward,Aviation,1967,WTW,ch4,0.3291441860465116,Mt
SLCP Forward,Aviation,1968,WTW,ch4,0.3727959302325582,Mt
SLCP Forward,Aviation,1969,WTW,ch4,0.390356976744186,Mt
SLCP Forward,Aviation,1970,WTW,ch4,0.3913604651162791,Mt
SLCP Forward,Aviation,1971,WTW,ch4,0.4515697674418605,Mt
SLCP Forward,Aviation,1972,WTW,ch4,0.4816744186046512,Mt
SLCP Forward,Aviation,1973,WTW,ch4,0.4987337209302327,Mt
SLCP Forward,Aviation,1974,WTW,ch4,0.4816744186046512,Mt
SLCP Forward,Aviation,1975,WTW,ch4,0.4821761627906977,Mt
SLCP Forward,Aviation,1976,WTW,ch4,0.4836813953488373,Mt
SLCP Forward,Aviation,1977,WTW,ch4,0.5122808139534885,Mt
SLCP Forward,Aviation,1978,WTW,ch4,0.5303436046511629,Mt
SLCP Forward,Aviation,1979,WTW,ch4,0.5524203488372093,Mt
SLCP Forward,Aviation,1980,WTW,ch4,0.5564343023255814,Mt
SLCP Forward,Aviation,1981,WTW,ch4,0.5484063953488373,Mt
SLCP Forward,Aviation,1982,WTW,ch4,0.5544273255813954,Mt
SLCP Forward,Aviation,1983,WTW,ch4,0.5619534883720931,Mt
SLCP Forward,Aviation,1984,WTW,ch4,0.5995843023255816,Mt
SLCP Forward,Aviation,1985,WTW,ch4,0.6191523255813954,Mt
SLCP Forward,Aviation,1986,WTW,ch4,0.6517656976744187,Mt
SLCP Forward,Aviation,1987,WTW,ch4,0.6803651162790698,Mt
SLCP Forward,Aviation,1988,WTW,ch4,0.7094662790697677,Mt
SLCP Forward,Aviation,1989,WTW,ch4,0.7350552325581398,Mt
SLCP Forward,Aviation,1990,WTW,ch4,0.7505036350000001,Mt
SLCP Forward,Aviation,1991,WTW,ch4,0.7257959450000001,Mt
SLCP Forward,Aviation,1992,WTW,ch4,0.7274787950000001,Mt
SLCP Forward,Aviation,1993,WTW,ch4,0.7314485950000001,Mt
SLCP Forward,Aviation,1994,WTW,ch4,0.7663396850000002,Mt
SLCP Forward,Aviation,1995,WTW,ch4,0.7849977450000002,Mt
SLCP Forward,Aviation,1996,WTW,ch4,0.8205274550000002,Mt
SLCP Forward,Aviation,1997,WTW,ch4,0.8455113050000002,Mt
SLCP Forward,Aviation,1998,WTW,ch4,0.8621844650000001,Mt
SLCP Forward,Aviation,1999,WTW,ch4,0.8899946400000002,Mt
SLCP Forward,Aviation,2000,WTW,ch4,0.9360874700000004,Mt
SLCP Forward,Aviation,2001,WTW,ch4,0.9004239950000001,Mt
SLCP Forward,Aviation,2002,WTW,ch4,0.9022449250000002,Mt
SLCP Forward,Aviation,2003,WTW,ch4,0.9016796600000002,Mt
SLCP Forward,Aviation,2004,WTW,ch4,0.9584003350000002,Mt
SLCP Forward,Aviation,2005,WTW,ch4,1.005502875,Mt
SLCP Forward,Aviation,2006,WTW,ch4,1.0172267300000002,Mt
SLCP Forward,Aviation,2007,WTW,ch4,1.0467672200000002,Mt
SLCP Forward,Aviation,2008,WTW,ch4,1.0419257900000003,Mt
SLCP Forward,Aviation,2009,WTW,ch4,0.98806596,Mt
SLCP Forward,Aviation,2010,WTW,ch4,1.0379559900000002,Mt
SLCP Forward,Aviation,2011,WTW,ch4,1.0687392,Mt
SLCP Forward,Aviation,2012,WTW,ch4,1.080307715,Mt
SLCP Forward,Aviation,2013,WTW,ch4,1.111013255,Mt
SLCP Forward,Aviation,2014,WTW,ch4,1.145964755,Mt
SLCP Forward,Aviation,2015,WTW,ch4,1.2085495150000003,Mt
SLCP Forward,Aviation,2016,WTW,ch4,1.2670005050000002,Mt
SLCP Forward,Aviation,2017,WTW,ch4,1.3417535347950005,Mt
SLCP Forward,Aviation,2018,WTW,ch4,1.4115247186043405,Mt
SLCP Forward,Aviation,2019,WTW,ch4,1.2621619984125003,Mt
SLCP Forward,Aviation,2020,WTW,ch4,0.6836710824195,Mt
SLCP Forward,Aviation,2021,WTW,ch4,0.8151462905605001,Mt
SLCP Forward,Aviation,2022,WTW,ch4,0.9992115821305,Mt
SLCP Forward,Aviation,2023,WTW,ch4,1.1615863382044724,Mt
SLCP Forward,Aviation,2024,WTW,ch4,1.2527577231768294,Mt
SLCP Forward,Aviation,2025,WTW,ch4,1.3316768302810302,Mt
SLCP Forward,Aviation,2026,WTW,ch4,1.3504216993163158,Mt
SLCP Forward,Aviation,2027,WTW,ch4,1.371216748942408,Mt
SLCP Forward,Aviation,2028,WTW,ch4,1.392930497219892,Mt
SLCP Forward,Aviation,2029,WTW,ch4,1.41508750251154,Mt
SLCP Forward,Aviation,2030,WTW,ch4,1.437801564945924,Mt
SLCP Forward,Aviation,2031,WTW,ch4,1.4579185730634174,Mt
SLCP Forward,Aviation,2032,WTW,ch4,1.4785142844557346,Mt
SLCP Forward,Aviation,2033,WTW,ch4,1.4996306003872968,Mt
SLCP Forward,Aviation,2034,WTW,ch4,1.5213762799850674,Mt
SLCP Forward,Aviation,2035,WTW,ch4,1.543704799259749,Mt
SLCP Forward,Aviation,2036,WTW,ch4,1.566662053816898,Mt
SLCP Forward,Aviation,2037,WTW,ch4,1.5898529917682804,Mt
SLCP Forward,Aviation,2038,WTW,ch4,1.6128417299815176,Mt
SLCP Forward,Aviation,2039,WTW,ch4,1.6354431740261297,Mt
SLCP Forward,Aviation,2040,WTW,ch4,1.6583670750386137,Mt
SLCP Forward,Aviation,2041,WTW,ch4,1.6823420363313168,Mt
SLCP Forward,Aviation,2042,WTW,ch4,1.7063719712331262,Mt
SLCP Forward,Aviation,2043,WTW,ch4,1.7301984125206624,Mt
SLCP Forward,Aviation,2044,WTW,ch4,1.7533825669382377,Mt
SLCP Forward,Aviation,2045,WTW,ch4,1.7756712023365044,Mt
SLCP Forward,Aviation,2046,WTW,ch4,1.7963745973502157,Mt
SLCP Forward,Aviation,2047,WTW,ch4,1.815929106047176,Mt
SLCP Forward,Aviation,2048,WTW,ch4,1.8344096488569015,Mt
SLCP Forward,Aviation,2049,WTW,ch4,1.853129775927282,Mt
SLCP Forward,Aviation,2050,WTW,ch4,1.8729887945788264,Mt
SLCP Forward lower,Aviation,1940,WTW,ch4,0.0386343023255814,Mt
SLCP Forward lower,Aviation,1941,WTW,ch4,0.0416447674418604,Mt
SLCP Forward lower,Aviation,1942,WTW,ch4,0.045156976744186,Mt
SLCP Forward lower,Aviation,1943,WTW,ch4,0.0486691860465116,Mt
SLCP Forward lower,Aviation,1944,WTW,ch4,0.0526831395348837,Mt
SLCP Forward lower,Aviation,1945,WTW,ch4,0.0566970930232558,Mt
SLCP Forward lower,Aviation,1946,WTW,ch4,0.0617145348837209,Mt
SLCP Forward lower,Aviation,1947,WTW,ch4,0.0662302325581395,Mt
SLCP Forward lower,Aviation,1948,WTW,ch4,0.0717494186046511,Mt
SLCP Forward lower,Aviation,1949,WTW,ch4,0.0772686046511628,Mt
SLCP Forward lower,Aviation,1950,WTW,ch4,0.0837912790697674,Mt
SLCP Forward lower,Aviation,1951,WTW,ch4,0.0903139534883721,Mt
SLCP Forward lower,Aviation,1952,WTW,ch4,0.0973383720930232,Mt
SLCP Forward lower,Aviation,1953,WTW,ch4,0.1053662790697674,Mt
SLCP Forward lower,Aviation,1954,WTW,ch4,0.1138959302325581,Mt
SLCP Forward lower,Aviation,1955,WTW,ch4,0.1229273255813953,Mt
SLCP Forward lower,Aviation,1956,WTW,ch4,0.1329622093023256,Mt
SLCP Forward lower,Aviation,1957,WTW,ch4,0.1434988372093023,Mt
SLCP Forward lower,Aviation,1958,WTW,ch4,0.1550389534883721,Mt
SLCP Forward lower,Aviation,1959,WTW,ch4,0.1670808139534883,Mt
SLCP Forward lower,Aviation,1960,WTW,ch4,0.1806279069767442,Mt
SLCP Forward lower,Aviation,1961,WTW,ch4,0.1981889534883721,Mt
SLCP Forward lower,Aviation,1962,WTW,ch4,0.2182587209302326,Mt
SLCP Forward lower,Aviation,1963,WTW,ch4,0.2303005813953488,Mt
SLCP Forward lower,Aviation,1964,WTW,ch4,0.2408372093023256,Mt
SLCP Forward lower,Aviation,1965,WTW,ch4,0.2573947674418605,Mt
SLCP Forward lower,Aviation,1966,WTW,ch4,0.2789697674418606,Mt
SLCP Forward lower,Aviation,1967,WTW,ch4,0.3291441860465116,Mt
SLCP Forward lower,Aviation,1968,WTW,ch4,0.3727959302325582,Mt
SLCP Forward lower,Aviation,1969,WTW,ch4,0.390356976744186,Mt
SLCP Forward lower,Aviation,1970,WTW,ch4,0.3913604651162791,Mt
SLCP Forward lower,Aviation,1971,WTW,ch4,0.4515697674418605,Mt
SLCP Forward lower,Aviation,1972,WTW,ch4,0.4816744186046512,Mt
SLCP Forward lower,Aviation,1973,WTW,ch4,0.4987337209302327,Mt
SLCP Forward lower,Aviation,1974,WTW,ch4,0.4816744186046512,Mt
SLCP Forward lower,Aviation,1975,WTW,ch4,0.4821761627906977,Mt
SLCP Forward lower,Aviation,1976,WTW,ch4,0.4836813953488373,Mt
SLCP Forward lower,Aviation,1977,WTW,ch4,0.5122808139534885,Mt
SLCP Forward lower,Aviation,1978,WTW,ch4,0.5303436046511629,Mt
SLCP Forward lower,Aviation,1979,WTW,ch4,0.5524203488372093,Mt
SLCP Forward lower,Aviation,1980,WTW,ch4,0.5564343023255814,Mt
SLCP Forward lower,Aviation,1981,WTW,ch4,0.5484063953488373,Mt
SLCP Forward lower,Aviation,1982,WTW,ch4,0.5544273255813954,Mt
SLCP Forward lower,Aviation,1983,WTW,ch4,0.5619534883720931,Mt
SLCP Forward lower,Aviation,1984,WTW,ch4,0.5995843023255816,Mt
SLCP Forward lower,Aviation,1985,WTW,ch4,0.6191523255813954,Mt
SLCP Forward lower,Aviation,1986,WTW,ch4,0.6517656976744187,Mt
SLCP Forward lower,Aviation,1987,WTW,ch4,0.6803651162790698,Mt
SLCP Forward lower,Aviation,1988,WTW,ch4,0.7094662790697677,Mt
SLCP Forward lower,Aviation,1989,WTW,ch4,0.7350552325581398,Mt
SLCP Forward lower,Aviation,1990,WTW,ch4,0.7505036350000001,Mt
SLCP Forward lower,Aviation,1991,WTW,ch4,0.7257959450000001,Mt
SLCP Forward lower,Aviation,1992,WTW,ch4,0.7274787950000001,Mt
SLCP Forward lower,Aviation,1993,WTW,ch4,0.7314485950000001,Mt
SLCP Forward lower,Aviation,1994,WTW,ch4,0.7663396850000002,Mt
SLCP Forward lower,Aviation,1995,WTW,ch4,0.7849977450000002,Mt
SLCP Forward lower,Aviation,1996,WTW,ch4,0.8205274550000002,Mt
SLCP Forward lower,Aviation,1997,WTW,ch4,0.8455113050000002,Mt
SLCP Forward lower,Aviation,1998,WTW,ch4,0.8621844650000001,Mt
SLCP Forward lower,Aviation,1999,WTW,ch4,0.8899946400000002,Mt
SLCP Forward lower,Aviation,2000,WTW,ch4,0.9360874700000004,Mt
SLCP Forward lower,Aviation,2001,WTW,ch4,0.9004239950000001,Mt
SLCP Forward lower,Aviation,2002,WTW,ch4,0.9022449250000002,Mt
SLCP Forward lower,Aviation,2003,WTW,ch4,0.9016796600000002,Mt
SLCP Forward lower,Aviation,2004,WTW,ch4,0.9584003350000002,Mt
SLCP Forward lower,Aviation,2005,WTW,ch4,1.005502875,Mt
SLCP Forward lower,Aviation,2006,WTW,ch4,1.0172267300000002,Mt
SLCP Forward lower,Aviation,2007,WTW,ch4,1.0467672200000002,Mt
SLCP Forward lower,Aviation,2008,WTW,ch4,1.0419257900000003,Mt
SLCP Forward lower,Aviation,2009,WTW,ch4,0.98806596,Mt
SLCP Forward lower,Aviation,2010,WTW,ch4,1.0379559900000002,Mt
SLCP Forward lower,Aviation,2011,WTW,ch4,1.0687392,Mt
SLCP Forward lower,Aviation,2012,WTW,ch4,1.080307715,Mt
SLCP Forward lower,Aviation,2013,WTW,ch4,1.111013255,Mt
SLCP Forward lower,Aviation,2014,WTW,ch4,1.145964755,Mt
SLCP Forward lower,Aviation,2015,WTW,ch4,1.2085495150000003,Mt
SLCP Forward lower,Aviation,2016,WTW,ch4,1.2670005050000002,Mt
SLCP Forward lower,Aviation,2017,WTW,ch4,1.3417535347950005,Mt
SLCP Forward lower,Aviation,2018,WTW,ch4,1.4115247186043405,Mt
SLCP Forward lower,Aviation,2019,WTW,ch4,1.2621619984125003,Mt
SLCP Forward lower,Aviation,2020,WTW,ch4,0.6836710824195,Mt
SLCP Forward lower,Aviation,2021,WTW,ch4,0.8151462905605001,Mt
SLCP Forward lower,Aviation,2022,WTW,ch4,0.9992115821305,Mt
SLCP Forward lower,Aviation,2023,WTW,ch4,1.1615863382044724,Mt
SLCP Forward lower,Aviation,2024,WTW,ch4,1.2527577231768294,Mt
SLCP Forward lower,Aviation,2025,WTW,ch4,1.3316768302810302,Mt
SLCP Forward lower,Aviation,2026,WTW,ch4,1.3504216993163158,Mt
SLCP Forward lower,Aviation,2027,WTW,ch4,1.371216748942408,Mt
SLCP Forward lower,Aviation,2028,WTW,ch4,1.392930497219892,Mt
SLCP Forward lower,Aviation,2029,WTW,ch4,1.41508750251154,Mt
SLCP Forward lower,Aviation,2030,WTW,ch4,1.437801564945924,Mt
SLCP Forward lower,Aviation,2031,WTW,ch4,1.4579185730634174,Mt
SLCP Forward lower,Aviation,2032,WTW,ch4,1.4785142844557346,Mt
SLCP Forward lower,Aviation,2033,WTW,ch4,1.4996306003872968,Mt
SLCP Forward lower,Aviation,2034,WTW,ch4,1.5213762799850674,Mt
SLCP Forward lower,Aviation,2035,WTW,ch4,1.543704799259749,Mt
SLCP Forward lower,Aviation,2036,WTW,ch4,1.566662053816898,Mt
SLCP Forward lower,Aviation,2037,WTW,ch4,1.5898529917682804,Mt
SLCP Forward lower,Aviation,2038,WTW,ch4,1.6128417299815176,Mt
SLCP Forward lower,Aviation,2039,WTW,ch4,1.6354431740261297,Mt
SLCP Forward lower,Aviation,2040,WTW,ch4,1.6583670750386137,Mt
SLCP Forward lower,Aviation,2041,WTW,ch4,1.6823420363313168,Mt
SLCP Forward lower,Aviation,2042,WTW,ch4,1.7063719712331262,Mt
SLCP Forward lower,Aviation,2043,WTW,ch4,1.7301984125206624,Mt
SLCP Forward lower,Aviation,2044,WTW,ch4,1.7533825669382377,Mt
SLCP Forward lower,Aviation,2045,WTW,ch4,1.7756712023365044,Mt
SLCP Forward lower,Aviation,2046,WTW,ch4,1.7963745973502157,Mt
SLCP Forward lower,Aviation,2047,WTW,ch4,1.815929106047176,Mt
SLCP Forward lower,Aviation,2048,WTW,ch4,1.8344096488569015,Mt
SLCP Forward lower,Aviation,2049,WTW,ch4,1.853129775927282,Mt
SLCP Forward lower,Aviation,2050,WTW,ch4,1.8729887945788264,Mt
SLCP Forward upper,Aviation,1940,WTW,ch4,0.0386343023255814,Mt
SLCP Forward upper,Aviation,1941,WTW,ch4,0.0416447674418604,Mt
SLCP Forward upper,Aviation,1942,WTW,ch4,0.045156976744186,Mt
SLCP Forward upper,Aviation,1943,WTW,ch4,0.0486691860465116,Mt
SLCP Forward upper,Aviation,1944,WTW,ch4,0.0526831395348837,Mt
SLCP Forward upper,Aviation,1945,WTW,ch4,0.0566970930232558,Mt
SLCP Forward upper,Aviation,1946,WTW,ch4,0.0617145348837209,Mt
SLCP Forward upper,Aviation,1947,WTW,ch4,0.0662302325581395,Mt
SLCP Forward upper,Aviation,1948,WTW,ch4,0.0717494186046511,Mt
SLCP Forward upper,Aviation,1949,WTW,ch4,0.0772686046511628,Mt
SLCP Forward upper,Aviation,1950,WTW,ch4,0.0837912790697674,Mt
SLCP Forward upper,Aviation,1951,WTW,ch4,0.0903139534883721,Mt
SLCP Forward upper,Aviation,1952,WTW,ch4,0.0973383720930232,Mt
SLCP Forward upper,Aviation,1953,WTW,ch4,0.1053662790697674,Mt
SLCP Forward upper,Aviation,1954,WTW,ch4,0.1138959302325581,Mt
SLCP Forward upper,Aviation,1955,WTW,ch4,0.1229273255813953,Mt
SLCP Forward upper,Aviation,1956,WTW,ch4,0.1329622093023256,Mt
SLCP Forward upper,Aviation,1957,WTW,ch4,0.1434988372093023,Mt
SLCP Forward upper,Aviation,1958,WTW,ch4,0.1550389534883721,Mt
SLCP Forward upper,Aviation,1959,WTW,ch4,0.1670808139534883,Mt
SLCP Forward upper,Aviation,1960,WTW,ch4,0.1806279069767442,Mt
SLCP Forward upper,Aviation,1961,WTW,ch4,0.1981889534883721,Mt
SLCP Forward upper,Aviation,1962,WTW,ch4,0.2182587209302326,Mt
SLCP Forward upper,Aviation,1963,WTW,ch4,0.2303005813953488,Mt
SLCP Forward upper,Aviation,1964,WTW,ch4,0.2408372093023256,Mt
SLCP Forward upper,Aviation,1965,WTW,ch4,0.2573947674418605,Mt
SLCP Forward upper,Aviation,1966,WTW,ch4,0.2789697674418606,Mt
SLCP Forward upper,Aviation,1967,WTW,ch4,0.3291441860465116,Mt
SLCP Forward upper,Aviation,1968,WTW,ch4,0.3727959302325582,Mt
SLCP Forward upper,Aviation,1969,WTW,ch4,0.390356976744186,Mt
SLCP Forward upper,Aviation,1970,WTW,ch4,0.3913604651162791,Mt
SLCP Forward upper,Aviation,1971,WTW,ch4,0.4515697674418605,Mt
SLCP Forward upper,Aviation,1972,WTW,ch4,0.4816744186046512,Mt
SLCP Forward upper,Aviation,1973,WTW,ch4,0.4987337209302327,Mt
SLCP Forward upper,Aviation,1974,WTW,ch4,0.4816744186046512,Mt
SLCP Forward upper,Aviation,1975,WTW,ch4,0.4821761627906977,Mt
SLCP Forward upper,Aviation,1976,WTW,ch4,0.4836813953488373,Mt
SLCP Forward upper,Aviation,1977,WTW,ch4,0.5122808139534885,Mt
SLCP Forward upper,Aviation,1978,WTW,ch4,0.5303436046511629,Mt
SLCP Forward upper,Aviation,1979,WTW,ch4,0.5524203488372093,Mt
SLCP Forward upper,Aviation,1980,WTW,ch4,0.5564343023255814,Mt
SLCP Forward upper,Aviation,1981,WTW,ch4,0.5484063953488373,Mt
SLCP Forward upper,Aviation,1982,WTW,ch4,0.5544273255813954,Mt
SLCP Forward upper,Aviation,1983,WTW,ch4,0.5619534883720931,Mt
SLCP Forward upper,Aviation,1984,WTW,ch4,0.5995843023255816,Mt
SLCP Forward upper,Aviation,1985,WTW,ch4,0.6191523255813954,Mt
SLCP Forward upper,Aviation,1986,WTW,ch4,0.6517656976744187,Mt
SLCP Forward upper,Aviation,1987,WTW,ch4,0.6803651162790698,Mt
SLCP Forward upper,Aviation,1988,WTW,ch4,0.7094662790697677,Mt
SLCP Forward upper,Aviation,1989,WTW,ch4,0.7350552325581398,Mt
SLCP Forward upper,Aviation,1990,WTW,ch4,0.7505036350000001,Mt
SLCP Forward upper,Aviation,1991,WTW,ch4,0.7257959450000001,Mt
SLCP Forward upper,Aviation,1992,WTW,ch4,0.7274787950000001,Mt
SLCP Forward upper,Aviation,1993,WTW,ch4,0.7314485950000001,Mt
SLCP Forward upper,Aviation,1994,WTW,ch4,0.7663396850000002,Mt
SLCP Forward upper,Aviation,1995,WTW,ch4,0.7849977450000002,Mt
SLCP Forward upper,Aviation,1996,WTW,ch4,0.8205274550000002,Mt
SLCP Forward upper,Aviation,1997,WTW,ch4,0.8455113050000002,Mt
SLCP Forward upper,Aviation,1998,WTW,ch4,0.8621844650000001,Mt
SLCP Forward upper,Aviation,1999,WTW,ch4,0.8899946400000002,Mt
SLCP Forward upper,Aviation,2000,WTW,ch4,0.9360874700000004,Mt
SLCP Forward upper,Aviation,2001,WTW,ch4,0.9004239950000001,Mt
SLCP Forward upper,Aviation,2002,WTW,ch4,0.9022449250000002,Mt
SLCP Forward upper,Aviation,2003,WTW,ch4,0.9016796600000002,Mt
SLCP Forward upper,Aviation,2004,WTW,ch4,0.9584003350000002,Mt
SLCP Forward upper,Aviation,2005,WTW,ch4,1.005502875,Mt
SLCP Forward upper,Aviation,2006,WTW,ch4,1.0172267300000002,Mt
SLCP Forward upper,Aviation,2007,WTW,ch4,1.0467672200000002,Mt
SLCP Forward upper,Aviation,2008,WTW,ch4,1.0419257900000003,Mt
SLCP Forward upper,Aviation,2009,WTW,ch4,0.98806596,Mt
SLCP Forward upper,Aviation,2010,WTW,ch4,1.0379559900000002,Mt
SLCP Forward upper,Aviation,2011,WTW,ch4,1.0687392,Mt
SLCP Forward upper,Aviation,2012,WTW,ch4,1.080307715,Mt
SLCP Forward upper,Aviation,2013,WTW,ch4,1.111013255,Mt
SLCP Forward upper,Aviation,2014,WTW,ch4,1.145964755,Mt
SLCP Forward upper,Aviation,2015,WTW,ch4,1.2085495150000003,Mt
SLCP Forward upper,Aviation,2016,WTW,ch4,1.2670005050000002,Mt
SLCP Forward upper,Aviation,2017,WTW,ch4,1.3417535347950005,Mt
SLCP Forward upper,Aviation,2018,WTW,ch4,1.4115247186043405,Mt
SLCP Forward upper,Aviation,2019,WTW,ch4,1.2621619984125003,Mt
SLCP Forward upper,Aviation,2020,WTW,ch4,0.6836710824195,Mt
SLCP Forward upper,Aviation,2021,WTW,ch4,0.8151462905605001,Mt
SLCP Forward upper,Aviation,2022,WTW,ch4,0.9992115821305,Mt
SLCP Forward upper,Aviation,2023,WTW,ch4,1.1615863382044724,Mt
SLCP Forward upper,Aviation,2024,WTW,ch4,1.2527577231768294,Mt
SLCP Forward upper,Aviation,2025,WTW,ch4,1.3316768302810302,Mt
SLCP Forward upper,Aviation,2026,WTW,ch4,1.3504216993163158,Mt
SLCP Forward upper,Aviation,2027,WTW,ch4,1.371216748942408,Mt
SLCP Forward upper,Aviation,2028,WTW,ch4,1.392930497219892,Mt
SLCP Forward upper,Aviation,2029,WTW,ch4,1.41508750251154,Mt
SLCP Forward upper,Aviation,2030,WTW,ch4,1.437801564945924,Mt
SLCP Forward upper,Aviation,2031,WTW,ch4,1.4579185730634174,Mt
SLCP Forward upper,Aviation,2032,WTW,ch4,1.4785142844557346,Mt
SLCP Forward upper,Aviation,2033,WTW,ch4,1.4996306003872968,Mt
SLCP Forward upper,Aviation,2034,WTW,ch4,1.5213762799850674,Mt
SLCP Forward upper,Aviation,2035,WTW,ch4,1.543704799259749,Mt
SLCP Forward upper,Aviation,2036,WTW,ch4,1.566662053816898,Mt
SLCP Forward upper,Aviation,2037,WTW,ch4,1.5898529917682804,Mt
SLCP Forward upper,Aviation,2038,WTW,ch4,1.6128417299815176,Mt
SLCP Forward upper,Aviation,2039,WTW,ch4,1.6354431740261297,Mt
SLCP Forward upper,Aviation,2040,WTW,ch4,1.6583670750386137,Mt
SLCP Forward upper,Aviation,2041,WTW,ch4,1.6823420363313168,Mt
SLCP Forward upper,Aviation,2042,WTW,ch4,1.7063719712331262,Mt
SLCP Forward upper,Aviation,2043,WTW,ch4,1.7301984125206624,Mt
SLCP Forward upper,Aviation,2044,WTW,ch4,1.7533825669382377,Mt
SLCP Forward upper,Aviation,2045,WTW,ch4,1.7756712023365044,Mt
SLCP Forward upper,Aviation,2046,WTW,ch4,1.7963745973502157,Mt
SLCP Forward upper,Aviation,2047,WTW,ch4,1.815929106047176,Mt
SLCP Forward upper,Aviation,2048,WTW,ch4,1.8344096488569015,Mt
SLCP Forward upper,Aviation,2049,WTW,ch4,1.853129775927282,Mt
SLCP Forward upper,Aviation,2050,WTW,ch4,1.8729887945788264,Mt
Current Commitments,Aviation,1940,WTW,n2o,7.72686046511613e-05,Mt
Current Commitments,Aviation,1941,WTW,n2o,8.328953488371934e-05,Mt
Current Commitments,Aviation,1942,WTW,n2o,9.031395348837036e-05,Mt
Current Commitments,Aviation,1943,WTW,n2o,9.733837209302136e-05,Mt
Current Commitments,Aviation,1944,WTW,n2o,0.0001053662790697,Mt
Current Commitments,Aviation,1945,WTW,n2o,0.0001133941860465,Mt
Current Commitments,Aviation,1946,WTW,n2o,0.0001234290697674,Mt
Current Commitments,Aviation,1947,WTW,n2o,0.0001324604651162,Mt
Current Commitments,Aviation,1948,WTW,n2o,0.0001434988372092,Mt
Current Commitments,Aviation,1949,WTW,n2o,0.0001545372093023,Mt
Current Commitments,Aviation,1950,WTW,n2o,0.0001675825581395,Mt
Current Commitments,Aviation,1951,WTW,n2o,0.0001806279069767,Mt
Current Commitments,Aviation,1952,WTW,n2o,0.000194676744186,Mt
Current Commitments,Aviation,1953,WTW,n2o,0.0002107325581395,Mt
Current Commitments,Aviation,1954,WTW,n2o,0.0002277918604651,Mt
Current Commitments,Aviation,1955,WTW,n2o,0.0002458546511627,Mt
Current Commitments,Aviation,1956,WTW,n2o,0.0002659244186046,Mt
Current Commitments,Aviation,1957,WTW,n2o,0.0002869976744185,Mt
Current Commitments,Aviation,1958,WTW,n2o,0.0003100779069767,Mt
Current Commitments,Aviation,1959,WTW,n2o,0.0003341616279069,Mt
Current Commitments,Aviation,1960,WTW,n2o,0.0003612558139534,Mt
Current Commitments,Aviation,1961,WTW,n2o,0.0003963779069767,Mt
Current Commitments,Aviation,1962,WTW,n2o,0.0004365174418604,Mt
Current Commitments,Aviation,1963,WTW,n2o,0.0004606011627906,Mt
Current Commitments,Aviation,1964,WTW,n2o,0.0004816744186046,Mt
Current Commitments,Aviation,1965,WTW,n2o,0.0005147895348837,Mt
Current Commitments,Aviation,1966,WTW,n2o,0.0005579395348837,Mt
Current Commitments,Aviation,1967,WTW,n2o,0.000658288372093,Mt
Current Commitments,Aviation,1968,WTW,n2o,0.0007455918604651,Mt
Current Commitments,Aviation,1969,WTW,n2o,0.0007807139534883,Mt
Current Commitments,Aviation,1970,WTW,n2o,0.0007827209302325,Mt
Current Commitments,Aviation,1971,WTW,n2o,0.0009031395348837,Mt
Current Commitments,Aviation,1972,WTW,n2o,0.0009633488372092,Mt
Current Commitments,Aviation,1973,WTW,n2o,0.0009974674418604,Mt
Current Commitments,Aviation,1974,WTW,n2o,0.0009633488372092,Mt
Current Commitments,Aviation,1975,WTW,n2o,0.0009643523255813,Mt
Current Commitments,Aviation,1976,WTW,n2o,0.0009673627906976,Mt
Current Commitments,Aviation,1977,WTW,n2o,0.0010245616279069,Mt
Current Commitments,Aviation,1978,WTW,n2o,0.0010606872093023,Mt
Current Commitments,Aviation,1979,WTW,n2o,0.0011048406976743,Mt
Current Commitments,Aviation,1980,WTW,n2o,0.0011128686046511,Mt
Current Commitments,Aviation,1981,WTW,n2o,0.0010968127906976,Mt
Current Commitments,Aviation,1982,WTW,n2o,0.0011088546511627,Mt
Current Commitments,Aviation,1983,WTW,n2o,0.0011239069767441,Mt
Current Commitments,Aviation,1984,WTW,n2o,0.0011991686046511,Mt
Current Commitments,Aviation,1985,WTW,n2o,0.0012383046511627,Mt
Current Commitments,Aviation,1986,WTW,n2o,0.0013035313953488,Mt
Current Commitments,Aviation,1987,WTW,n2o,0.0013607302325581,Mt
Current Commitments,Aviation,1988,WTW,n2o,0.0014189325581395,Mt
Current Commitments,Aviation,1989,WTW,n2o,0.0014701104651162,Mt
Current Commitments,Aviation,1990,WTW,n2o,0.0015010072699999,Mt
Current Commitments,Aviation,1991,WTW,n2o,0.0014515918899999,Mt
Current Commitments,Aviation,1992,WTW,n2o,0.0014549575899999,Mt
Current Commitments,Aviation,1993,WTW,n2o,0.0014628971899999,Mt
Current Commitments,Aviation,1994,WTW,n2o,0.0015326793699999,Mt
Current Commitments,Aviation,1995,WTW,n2o,0.0015699954899999,Mt
Current Commitments,Aviation,1996,WTW,n2o,0.0016410549099999,Mt
Current Commitments,Aviation,1997,WTW,n2o,0.0016910226099999,Mt
Current Commitments,Aviation,1998,WTW,n2o,0.0017243689299999,Mt
Current Commitments,Aviation,1999,WTW,n2o,0.0017799892799999,Mt
Current Commitments,Aviation,2000,WTW,n2o,0.0018721749399999,Mt
Current Commitments,Aviation,2001,WTW,n2o,0.0018008479899999,Mt
Current Commitments,Aviation,2002,WTW,n2o,0.0018044898499999,Mt
Current Commitments,Aviation,2003,WTW,n2o,0.0018033593199999,Mt
Current Commitments,Aviation,2004,WTW,n2o,0.0019168006699999,Mt
Current Commitments,Aviation,2005,WTW,n2o,0.0020110057499999,Mt
Current Commitments,Aviation,2006,WTW,n2o,0.0020344534599999,Mt
Current Commitments,Aviation,2007,WTW,n2o,0.0020935344399999,Mt
Current Commitments,Aviation,2008,WTW,n2o,0.0020838515799999,Mt
Current Commitments,Aviation,2009,WTW,n2o,0.0019761319199999,Mt
Current Commitments,Aviation,2010,WTW,n2o,0.0020759119799999,Mt
Current Commitments,Aviation,2011,WTW,n2o,0.0021374783999999,Mt
Current Commitments,Aviation,2012,WTW,n2o,0.0021606154299999,Mt
Current Commitments,Aviation,2013,WTW,n2o,0.0022220265099999,Mt
Current Commitments,Aviation,2014,WTW,n2o,0.0022919295099999,Mt
Current Commitments,Aviation,2015,WTW,n2o,0.0024170990299999,Mt
Current Commitments,Aviation,2016,WTW,n2o,0.0025340010099999,Mt
Current Commitments,Aviation,2017,WTW,n2o,0.0026835070695899,Mt
Current Commitments,Aviation,2018,WTW,n2o,0.0028230494372086,Mt
Current Commitments,Aviation,2019,WTW,n2o,0.0025243239968249,Mt
Current Commitments,Aviation,2020,WTW,n2o,0.0013673421648389,Mt
Current Commitments,Aviation,2021,WTW,n2o,0.0016302925811209,Mt
Current Commitments,Aviation,2022,WTW,n2o,0.0019984231642609,Mt
Current Commitments,Aviation,2023,WTW,n2o,0.0023231726764089,Mt
Current Commitments,Aviation,2024,WTW,n2o,0.0025034062575308,Mt
Current Commitments,Aviation,2025,WTW,n2o,0.0026612019837851,Mt
Current Commitments,Aviation,2026,WTW,n2o,0.0026977355167504,Mt
Current Commitments,Aviation,2027,WTW,n2o,0.0027383453106219,Mt
Current Commitments,Aviation,2028,WTW,n2o,0.0027806833042538,Mt
Current Commitments,Aviation,2029,WTW,n2o,0.0028245532433366,Mt
Current Commitments,Aviation,2030,WTW,n2o,0.0028695255829563,Mt
Current Commitments,Aviation,2031,WTW,n2o,0.0029228529419627,Mt
Current Commitments,Aviation,2032,WTW,n2o,0.0029774122743349,Mt
Current Commitments,Aviation,2033,WTW,n2o,0.0030332662901476,Mt
Current Commitments,Aviation,2034,WTW,n2o,0.0030905646463987,Mt
Current Commitments,Aviation,2035,WTW,n2o,0.0031491119480753,Mt
Current Commitments,Aviation,2036,WTW,n2o,0.0032086861465284,Mt
Current Commitments,Aviation,2037,WTW,n2o,0.0032680936206905,Mt
Current Commitments,Aviation,2038,WTW,n2o,0.0033264760559443,Mt
Current Commitments,Aviation,2039,WTW,n2o,0.0033837463400586,Mt
Current Commitments,Aviation,2040,WTW,n2o,0.0034419515924312,Mt
Current Commitments,Aviation,2041,WTW,n2o,0.0035023788003349,Mt
Current Commitments,Aviation,2042,WTW,n2o,0.0035633025213958,Mt
Current Commitments,Aviation,2043,WTW,n2o,0.0036240859764981,Mt
Current Commitments,Aviation,2044,WTW,n2o,0.0036838902416599,Mt
Current Commitments,Aviation,2045,WTW,n2o,0.0037423683318069,Mt
Current Commitments,Aviation,2046,WTW,n2o,0.0037981346302408,Mt
Current Commitments,Aviation,2047,WTW,n2o,0.0038520552490847,Mt
Current Commitments,Aviation,2048,WTW,n2o,0.0039041588930122,Mt
Current Commitments,Aviation,2049,WTW,n2o,0.0039570558491569,Mt
Current Commitments,Aviation,2050,WTW,n2o,0.0040125340089718,Mt
Current Commitments lower,Aviation,1940,WTW,n2o,7.72686046511613e-05,Mt
Current Commitments lower,Aviation,1941,WTW,n2o,8.328953488371934e-05,Mt
Current Commitments lower,Aviation,1942,WTW,n2o,9.031395348837036e-05,Mt
Current Commitments lower,Aviation,1943,WTW,n2o,9.733837209302136e-05,Mt
Current Commitments lower,Aviation,1944,WTW,n2o,0.0001053662790697,Mt
Current Commitments lower,Aviation,1945,WTW,n2o,0.0001133941860465,Mt
Current Commitments lower,Aviation,1946,WTW,n2o,0.0001234290697674,Mt
Current Commitments lower,Aviation,1947,WTW,n2o,0.0001324604651162,Mt
Current Commitments lower,Aviation,1948,WTW,n2o,0.0001434988372092,Mt
Current Commitments lower,Aviation,1949,WTW,n2o,0.0001545372093023,Mt
Current Commitments lower,Aviation,1950,WTW,n2o,0.0001675825581395,Mt
Current Commitments lower,Aviation,1951,WTW,n2o,0.0001806279069767,Mt
Current Commitments lower,Aviation,1952,WTW,n2o,0.000194676744186,Mt
Current Commitments lower,Aviation,1953,WTW,n2o,0.0002107325581395,Mt
Current Commitments lower,Aviation,1954,WTW,n2o,0.0002277918604651,Mt
Current Commitments lower,Aviation,1955,WTW,n2o,0.0002458546511627,Mt
Current Commitments lower,Aviation,1956,WTW,n2o,0.0002659244186046,Mt
Current Commitments lower,Aviation,1957,WTW,n2o,0.0002869976744185,Mt
Current Commitments lower,Aviation,1958,WTW,n2o,0.0003100779069767,Mt
Current Commitments lower,Aviation,1959,WTW,n2o,0.0003341616279069,Mt
Current Commitments lower,Aviation,1960,WTW,n2o,0.0003612558139534,Mt
Current Commitments lower,Aviation,1961,WTW,n2o,0.0003963779069767,Mt
Current Commitments lower,Aviation,1962,WTW,n2o,0.0004365174418604,Mt
Current Commitments lower,Aviation,1963,WTW,n2o,0.0004606011627906,Mt
Current Commitments lower,Aviation,1964,WTW,n2o,0.0004816744186046,Mt
Current Commitments lower,Aviation,1965,WTW,n2o,0.0005147895348837,Mt
Current Commitments lower,Aviation,1966,WTW,n2o,0.0005579395348837,Mt
Current Commitments lower,Aviation,1967,WTW,n2o,0.000658288372093,Mt
Current Commitments lower,Aviation,1968,WTW,n2o,0.0007455918604651,Mt
Current Commitments lower,Aviation,1969,WTW,n2o,0.0007807139534883,Mt
Current Commitments lower,Aviation,1970,WTW,n2o,0.0007827209302325,Mt
Current Commitments lower,Aviation,1971,WTW,n2o,0.0009031395348837,Mt
Current Commitments lower,Aviation,1972,WTW,n2o,0.0009633488372092,Mt
Current Commitments lower,Aviation,1973,WTW,n2o,0.0009974674418604,Mt
Current Commitments lower,Aviation,1974,WTW,n2o,0.0009633488372092,Mt
Current Commitments lower,Aviation,1975,WTW,n2o,0.0009643523255813,Mt
Current Commitments lower,Aviation,1976,WTW,n2o,0.0009673627906976,Mt
Current Commitments lower,Aviation,1977,WTW,n2o,0.0010245616279069,Mt
Current Commitments lower,Aviation,1978,WTW,n2o,0.0010606872093023,Mt
Current Commitments lower,Aviation,1979,WTW,n2o,0.0011048406976743,Mt
Current Commitments lower,Aviation,1980,WTW,n2o,0.0011128686046511,Mt
Current Commitments lower,Aviation,1981,WTW,n2o,0.0010968127906976,Mt
Current Commitments lower,Aviation,1982,WTW,n2o,0.0011088546511627,Mt
Current Commitments lower,Aviation,1983,WTW,n2o,0.0011239069767441,Mt
Current Commitments lower,Aviation,1984,WTW,n2o,0.0011991686046511,Mt
Current Commitments lower,Aviation,1985,WTW,n2o,0.0012383046511627,Mt
Current Commitments lower,Aviation,1986,WTW,n2o,0.0013035313953488,Mt
Current Commitments lower,Aviation,1987,WTW,n2o,0.0013607302325581,Mt
Current Commitments lower,Aviation,1988,WTW,n2o,0.0014189325581395,Mt
Current Commitments lower,Aviation,1989,WTW,n2o,0.0014701104651162,Mt
Current Commitments lower,Aviation,1990,WTW,n2o,0.0015010072699999,Mt
Current Commitments lower,Aviation,1991,WTW,n2o,0.0014515918899999,Mt
Current Commitments lower,Aviation,1992,WTW,n2o,0.0014549575899999,Mt
Current Commitments lower,Aviation,1993,WTW,n2o,0.0014628971899999,Mt
Current Commitments lower,Aviation,1994,WTW,n2o,0.0015326793699999,Mt
Current Commitments lower,Aviation,1995,WTW,n2o,0.0015699954899999,Mt
Current Commitments lower,Aviation,1996,WTW,n2o,0.0016410549099999,Mt
Current Commitments lower,Aviation,1997,WTW,n2o,0.0016910226099999,Mt
Current Commitments lower,Aviation,1998,WTW,n2o,0.0017243689299999,Mt
Current Commitments lower,Aviation,1999,WTW,n2o,0.0017799892799999,Mt
Current Commitments lower,Aviation,2000,WTW,n2o,0.0018721749399999,Mt
Current Commitments lower,Aviation,2001,WTW,n2o,0.0018008479899999,Mt
Current Commitments lower,Aviation,2002,WTW,n2o,0.0018044898499999,Mt
Current Commitments lower,Aviation,2003,WTW,n2o,0.0018033593199999,Mt
Current Commitments lower,Aviation,2004,WTW,n2o,0.0019168006699999,Mt
Current Commitments lower,Aviation,2005,WTW,n2o,0.0020110057499999,Mt
Current Commitments lower,Aviation,2006,WTW,n2o,0.0020344534599999,Mt
Current Commitments lower,Aviation,2007,WTW,n2o,0.0020935344399999,Mt
Current Commitments lower,Aviation,2008,WTW,n2o,0.0020838515799999,Mt
Current Commitments lower,Aviation,2009,WTW,n2o,0.0019761319199999,Mt
Current Commitments lower,Aviation,2010,WTW,n2o,0.0020759119799999,Mt
Current Commitments lower,Aviation,2011,WTW,n2o,0.0021374783999999,Mt
Current Commitments lower,Aviation,2012,WTW,n2o,0.0021606154299999,Mt
Current Commitments lower,Aviation,2013,WTW,n2o,0.0022220265099999,Mt
Current Commitments lower,Aviation,2014,WTW,n2o,0.0022919295099999,Mt
Current Commitments lower,Aviation,2015,WTW,n2o,0.0024170990299999,Mt
Current Commitments lower,Aviation,2016,WTW,n2o,0.0025340010099999,Mt
Current Commitments lower,Aviation,2017,WTW,n2o,0.0026835070695899,Mt
Current Commitments lower,Aviation,2018,WTW,n2o,0.0028230494372086,Mt
Current Commitments lower,Aviation,2019,WTW,n2o,0.0025243239968249,Mt
Current Commitments lower,Aviation,2020,WTW,n2o,0.0013673421648389,Mt
Current Commitments lower,Aviation,2021,WTW,n2o,0.0016302925811209,Mt
Current Commitments lower,Aviation,2022,WTW,n2o,0.0019984231642609,Mt
Current Commitments lower,Aviation,2023,WTW,n2o,0.0023231726764089,Mt
Current Commitments lower,Aviation,2024,WTW,n2o,0.0025034062575308,Mt
Current Commitments lower,Aviation,2025,WTW,n2o,0.0026612019837851,Mt
Current Commitments lower,Aviation,2026,WTW,n2o,0.0026977355167504,Mt
Current Commitments lower,Aviation,2027,WTW,n2o,0.0027383453106219,Mt
Current Commitments lower,Aviation,2028,WTW,n2o,0.0027806833042538,Mt
Current Commitments lower,Aviation,2029,WTW,n2o,0.0028245532433366,Mt
Current Commitments lower,Aviation,2030,WTW,n2o,0.0028695255829563,Mt
Current Commitments lower,Aviation,2031,WTW,n2o,0.0029228529419627,Mt
Current Commitments lower,Aviation,2032,WTW,n2o,0.0029774122743349,Mt
Current Commitments lower,Aviation,2033,WTW,n2o,0.0030332662901476,Mt
Current Commitments lower,Aviation,2034,WTW,n2o,0.0030905646463987,Mt
Current Commitments lower,Aviation,2035,WTW,n2o,0.0031491119480753,Mt
Current Commitments lower,Aviation,2036,WTW,n2o,0.0032086861465284,Mt
Current Commitments lower,Aviation,2037,WTW,n2o,0.0032680936206905,Mt
Current Commitments lower,Aviation,2038,WTW,n2o,0.0033264760559443,Mt
Current Commitments lower,Aviation,2039,WTW,n2o,0.0033837463400586,Mt
Current Commitments lower,Aviation,2040,WTW,n2o,0.0034419515924312,Mt
Current Commitments lower,Aviation,2041,WTW,n2o,0.0035023788003349,Mt
Current Commitments lower,Aviation,2042,WTW,n2o,0.0035633025213958,Mt
Current Commitments lower,Aviation,2043,WTW,n2o,0.0036240859764981,Mt
Current Commitments lower,Aviation,2044,WTW,n2o,0.0036838902416599,Mt
Current Commitments lower,Aviation,2045,WTW,n2o,0.0037423683318069,Mt
Current Commitments lower,Aviation,2046,WTW,n2o,0.0037981346302408,Mt
Current Commitments lower,Aviation,2047,WTW,n2o,0.0038520552490847,Mt
Current Commitments lower,Aviation,2048,WTW,n2o,0.0039041588930122,Mt
Current Commitments lower,Aviation,2049,WTW,n2o,0.0039570558491569,Mt
Current Commitments lower,Aviation,2050,WTW,n2o,0.0040125340089718,Mt
Current Commitments upper,Aviation,1940,WTW,n2o,7.72686046511613e-05,Mt
Current Commitments upper,Aviation,1941,WTW,n2o,8.328953488371934e-05,Mt
Current Commitments upper,Aviation,1942,WTW,n2o,9.031395348837036e-05,Mt
Current Commitments upper,Aviation,1943,WTW,n2o,9.733837209302136e-05,Mt
Current Commitments upper,Aviation,1944,WTW,n2o,0.0001053662790697,Mt
Current Commitments upper,Aviation,1945,WTW,n2o,0.0001133941860465,Mt
Current Commitments upper,Aviation,1946,WTW,n2o,0.0001234290697674,Mt
Current Commitments upper,Aviation,1947,WTW,n2o,0.0001324604651162,Mt
Current Commitments upper,Aviation,1948,WTW,n2o,0.0001434988372092,Mt
Current Commitments upper,Aviation,1949,WTW,n2o,0.0001545372093023,Mt
Current Commitments upper,Aviation,1950,WTW,n2o,0.0001675825581395,Mt
Current Commitments upper,Aviation,1951,WTW,n2o,0.0001806279069767,Mt
Current Commitments upper,Aviation,1952,WTW,n2o,0.000194676744186,Mt
Current Commitments upper,Aviation,1953,WTW,n2o,0.0002107325581395,Mt
Current Commitments upper,Aviation,1954,WTW,n2o,0.0002277918604651,Mt
Current Commitments upper,Aviation,1955,WTW,n2o,0.0002458546511627,Mt
Current Commitments upper,Aviation,1956,WTW,n2o,0.0002659244186046,Mt
Current Commitments upper,Aviation,1957,WTW,n2o,0.0002869976744185,Mt
Current Commitments upper,Aviation,1958,WTW,n2o,0.0003100779069767,Mt
Current Commitments upper,Aviation,1959,WTW,n2o,0.0003341616279069,Mt
Current Commitments upper,Aviation,1960,WTW,n2o,0.0003612558139534,Mt
Current Commitments upper,Aviation,1961,WTW,n2o,0.0003963779069767,Mt
Current Commitments upper,Aviation,1962,WTW,n2o,0.0004365174418604,Mt
Current Commitments upper,Aviation,1963,WTW,n2o,0.0004606011627906,Mt
Current Commitments upper,Aviation,1964,WTW,n2o,0.0004816744186046,Mt
Current Commitments upper,Aviation,1965,WTW,n2o,0.0005147895348837,Mt
Current Commitments upper,Aviation,1966,WTW,n2o,0.0005579395348837,Mt
Current Commitments upper,Aviation,1967,WTW,n2o,0.000658288372093,Mt
Current Commitments upper,Aviation,1968,WTW,n2o,0.0007455918604651,Mt
Current Commitments upper,Aviation,1969,WTW,n2o,0.0007807139534883,Mt
Current Commitments upper,Aviation,1970,WTW,n2o,0.0007827209302325,Mt
Current Commitments upper,Aviation,1971,WTW,n2o,0.0009031395348837,Mt
Current Commitments upper,Aviation,1972,WTW,n2o,0.0009633488372092,Mt
Current Commitments upper,Aviation,1973,WTW,n2o,0.0009974674418604,Mt
Current Commitments upper,Aviation,1974,WTW,n2o,0.0009633488372092,Mt
Current Commitments upper,Aviation,1975,WTW,n2o,0.0009643523255813,Mt
Current Commitments upper,Aviation,1976,WTW,n2o,0.0009673627906976,Mt
Current Commitments upper,Aviation,1977,WTW,n2o,0.0010245616279069,Mt
Current Commitments upper,Aviation,1978,WTW,n2o,0.0010606872093023,Mt
Current Commitments upper,Aviation,1979,WTW,n2o,0.0011048406976743,Mt
Current Commitments upper,Aviation,1980,WTW,n2o,0.0011128686046511,Mt
Current Commitments upper,Aviation,1981,WTW,n2o,0.0010968127906976,Mt
Current Commitments upper,Aviation,1982,WTW,n2o,0.0011088546511627,Mt
Current Commitments upper,Aviation,1983,WTW,n2o,0.0011239069767441,Mt
Current Commitments upper,Aviation,1984,WTW,n2o,0.0011991686046511,Mt
Current Commitments upper,Aviation,1985,WTW,n2o,0.0012383046511627,Mt
Current Commitments upper,Aviation,1986,WTW,n2o,0.0013035313953488,Mt
Current Commitments upper,Aviation,1987,WTW,n2o,0.0013607302325581,Mt
Current Commitments upper,Aviation,1988,WTW,n2o,0.0014189325581395,Mt
Current Commitments upper,Aviation,1989,WTW,n2o,0.0014701104651162,Mt
Current Commitments upper,Aviation,1990,WTW,n2o,0.0015010072699999,Mt
Current Commitments upper,Aviation,1991,WTW,n2o,0.0014515918899999,Mt
Current Commitments upper,Aviation,1992,WTW,n2o,0.0014549575899999,Mt
Current Commitments upper,Aviation,1993,WTW,n2o,0.0014628971899999,Mt
Current Commitments upper,Aviation,1994,WTW,n2o,0.0015326793699999,Mt
Current Commitments upper,Aviation,1995,WTW,n2o,0.0015699954899999,Mt
Current Commitments upper,Aviation,1996,WTW,n2o,0.0016410549099999,Mt
Current Commitments upper,Aviation,1997,WTW,n2o,0.0016910226099999,Mt
Current Commitments upper,Aviation,1998,WTW,n2o,0.0017243689299999,Mt
Current Commitments upper,Aviation,1999,WTW,n2o,0.0017799892799999,Mt
Current Commitments upper,Aviation,2000,WTW,n2o,0.0018721749399999,Mt
Current Commitments upper,Aviation,2001,WTW,n2o,0.0018008479899999,Mt
Current Commitments upper,Aviation,2002,WTW,n2o,0.0018044898499999,Mt
Current Commitments upper,Aviation,2003,WTW,n2o,0.0018033593199999,Mt
Current Commitments upper,Aviation,2004,WTW,n2o,0.0019168006699999,Mt
Current Commitments upper,Aviation,2005,WTW,n2o,0.0020110057499999,Mt
Current Commitments upper,Aviation,2006,WTW,n2o,0.0020344534599999,Mt
Current Commitments upper,Aviation,2007,WTW,n2o,0.0020935344399999,Mt
Current Commitments upper,Aviation,2008,WTW,n2o,0.0020838515799999,Mt
Current Commitments upper,Aviation,2009,WTW,n2o,0.0019761319199999,Mt
Current Commitments upper,Aviation,2010,WTW,n2o,0.0020759119799999,Mt
Current Commitments upper,Aviation,2011,WTW,n2o,0.0021374783999999,Mt
Current Commitments upper,Aviation,2012,WTW,n2o,0.0021606154299999,Mt
Current Commitments upper,Aviation,2013,WTW,n2o,0.0022220265099999,Mt
Current Commitments upper,Aviation,2014,WTW,n2o,0.0022919295099999,Mt
Current Commitments upper,Aviation,2015,WTW,n2o,0.0024170990299999,Mt
Current Commitments upper,Aviation,2016,WTW,n2o,0.0025340010099999,Mt
Current Commitments upper,Aviation,2017,WTW,n2o,0.0026835070695899,Mt
Current Commitments upper,Aviation,2018,WTW,n2o,0.0028230494372086,Mt
Current Commitments upper,Aviation,2019,WTW,n2o,0.0025243239968249,Mt
Current Commitments upper,Aviation,2020,WTW,n2o,0.0013673421648389,Mt
Current Commitments upper,Aviation,2021,WTW,n2o,0.0016302925811209,Mt
Current Commitments upper,Aviation,2022,WTW,n2o,0.0019984231642609,Mt
Current Commitments upper,Aviation,2023,WTW,n2o,0.0023231726764089,Mt
Current Commitments upper,Aviation,2024,WTW,n2o,0.0025034062575308,Mt
Current Commitments upper,Aviation,2025,WTW,n2o,0.0026612019837851,Mt
Current Commitments upper,Aviation,2026,WTW,n2o,0.0026977355167504,Mt
Current Commitments upper,Aviation,2027,WTW,n2o,0.0027383453106219,Mt
Current Commitments upper,Aviation,2028,WTW,n2o,0.0027806833042538,Mt
Current Commitments upper,Aviation,2029,WTW,n2o,0.0028245532433366,Mt
Current Commitments upper,Aviation,2030,WTW,n2o,0.0028695255829563,Mt
Current Commitments upper,Aviation,2031,WTW,n2o,0.0029228529419627,Mt
Current Commitments upper,Aviation,2032,WTW,n2o,0.0029774122743349,Mt
Current Commitments upper,Aviation,2033,WTW,n2o,0.0030332662901476,Mt
Current Commitments upper,Aviation,2034,WTW,n2o,0.0030905646463987,Mt
Current Commitments upper,Aviation,2035,WTW,n2o,0.0031491119480753,Mt
Current Commitments upper,Aviation,2036,WTW,n2o,0.0032086861465284,Mt
Current Commitments upper,Aviation,2037,WTW,n2o,0.0032680936206905,Mt
Current Commitments upper,Aviation,2038,WTW,n2o,0.0033264760559443,Mt
Current Commitments upper,Aviation,2039,WTW,n2o,0.0033837463400586,Mt
Current Commitments upper,Aviation,2040,WTW,n2o,0.0034419515924312,Mt
Current Commitments upper,Aviation,2041,WTW,n2o,0.0035023788003349,Mt
Current Commitments upper,Aviation,2042,WTW,n2o,0.0035633025213958,Mt
Current Commitments upper,Aviation,2043,WTW,n2o,0.0036240859764981,Mt
Current Commitments upper,Aviation,2044,WTW,n2o,0.0036838902416599,Mt
Current Commitments upper,Aviation,2045,WTW,n2o,0.0037423683318069,Mt
Current Commitments upper,Aviation,2046,WTW,n2o,0.0037981346302408,Mt
Current Commitments upper,Aviation,2047,WTW,n2o,0.0038520552490847,Mt
Current Commitments upper,Aviation,2048,WTW,n2o,0.0039041588930122,Mt
Current Commitments upper,Aviation,2049,WTW,n2o,0.0039570558491569,Mt
Current Commitments upper,Aviation,2050,WTW,n2o,0.0040125340089718,Mt
Full Breakthrough,Aviation,1940,WTW,n2o,7.72686046511613e-05,Mt
Full Breakthrough,Aviation,1941,WTW,n2o,8.328953488371934e-05,Mt
Full Breakthrough,Aviation,1942,WTW,n2o,9.031395348837036e-05,Mt
Full Breakthrough,Aviation,1943,WTW,n2o,9.733837209302136e-05,Mt
Full Breakthrough,Aviation,1944,WTW,n2o,0.0001053662790697,Mt
Full Breakthrough,Aviation,1945,WTW,n2o,0.0001133941860465,Mt
Full Breakthrough,Aviation,1946,WTW,n2o,0.0001234290697674,Mt
Full Breakthrough,Aviation,1947,WTW,n2o,0.0001324604651162,Mt
Full Breakthrough,Aviation,1948,WTW,n2o,0.0001434988372092,Mt
Full Breakthrough,Aviation,1949,WTW,n2o,0.0001545372093023,Mt
Full Breakthrough,Aviation,1950,WTW,n2o,0.0001675825581395,Mt
Full Breakthrough,Aviation,1951,WTW,n2o,0.0001806279069767,Mt
Full Breakthrough,Aviation,1952,WTW,n2o,0.000194676744186,Mt
Full Breakthrough,Aviation,1953,WTW,n2o,0.0002107325581395,Mt
Full Breakthrough,Aviation,1954,WTW,n2o,0.0002277918604651,Mt
Full Breakthrough,Aviation,1955,WTW,n2o,0.0002458546511627,Mt
Full Breakthrough,Aviation,1956,WTW,n2o,0.0002659244186046,Mt
Full Breakthrough,Aviation,1957,WTW,n2o,0.0002869976744185,Mt
Full Breakthrough,Aviation,1958,WTW,n2o,0.0003100779069767,Mt
Full Breakthrough,Aviation,1959,WTW,n2o,0.0003341616279069,Mt
Full Breakthrough,Aviation,1960,WTW,n2o,0.0003612558139534,Mt
Full Breakthrough,Aviation,1961,WTW,n2o,0.0003963779069767,Mt
Full Breakthrough,Aviation,1962,WTW,n2o,0.0004365174418604,Mt
Full Breakthrough,Aviation,1963,WTW,n2o,0.0004606011627906,Mt
Full Breakthrough,Aviation,1964,WTW,n2o,0.0004816744186046,Mt
Full Breakthrough,Aviation,1965,WTW,n2o,0.0005147895348837,Mt
Full Breakthrough,Aviation,1966,WTW,n2o,0.0005579395348837,Mt
Full Breakthrough,Aviation,1967,WTW,n2o,0.000658288372093,Mt
Full Breakthrough,Aviation,1968,WTW,n2o,0.0007455918604651,Mt
Full Breakthrough,Aviation,1969,WTW,n2o,0.0007807139534883,Mt
Full Breakthrough,Aviation,1970,WTW,n2o,0.0007827209302325,Mt
Full Breakthrough,Aviation,1971,WTW,n2o,0.0009031395348837,Mt
Full Breakthrough,Aviation,1972,WTW,n2o,0.0009633488372092,Mt
Full Breakthrough,Aviation,1973,WTW,n2o,0.0009974674418604,Mt
Full Breakthrough,Aviation,1974,WTW,n2o,0.0009633488372092,Mt
Full Breakthrough,Aviation,1975,WTW,n2o,0.0009643523255813,Mt
Full Breakthrough,Aviation,1976,WTW,n2o,0.0009673627906976,Mt
Full Breakthrough,Aviation,1977,WTW,n2o,0.0010245616279069,Mt
Full Breakthrough,Aviation,1978,WTW,n2o,0.0010606872093023,Mt
Full Breakthrough,Aviation,1979,WTW,n2o,0.0011048406976743,Mt
Full Breakthrough,Aviation,1980,WTW,n2o,0.0011128686046511,Mt
Full Breakthrough,Aviation,1981,WTW,n2o,0.0010968127906976,Mt
Full Breakthrough,Aviation,1982,WTW,n2o,0.0011088546511627,Mt
Full Breakthrough,Aviation,1983,WTW,n2o,0.0011239069767441,Mt
Full Breakthrough,Aviation,1984,WTW,n2o,0.0011991686046511,Mt
Full Breakthrough,Aviation,1985,WTW,n2o,0.0012383046511627,Mt
Full Breakthrough,Aviation,1986,WTW,n2o,0.0013035313953488,Mt
Full Breakthrough,Aviation,1987,WTW,n2o,0.0013607302325581,Mt
Full Breakthrough,Aviation,1988,WTW,n2o,0.0014189325581395,Mt
Full Breakthrough,Aviation,1989,WTW,n2o,0.0014701104651162,Mt
Full Breakthrough,Aviation,1990,WTW,n2o,0.0015010072699999,Mt
Full Breakthrough,Aviation,1991,WTW,n2o,0.0014515918899999,Mt
Full Breakthrough,Aviation,1992,WTW,n2o,0.0014549575899999,Mt
Full Breakthrough,Aviation,1993,WTW,n2o,0.0014628971899999,Mt
Full Breakthrough,Aviation,1994,WTW,n2o,0.0015326793699999,Mt
Full Breakthrough,Aviation,1995,WTW,n2o,0.0015699954899999,Mt
Full Breakthrough,Aviation,1996,WTW,n2o,0.0016410549099999,Mt
Full Breakthrough,Aviation,1997,WTW,n2o,0.0016910226099999,Mt
Full Breakthrough,Aviation,1998,WTW,n2o,0.0017243689299999,Mt
Full Breakthrough,Aviation,1999,WTW,n2o,0.0017799892799999,Mt
Full Breakthrough,Aviation,2000,WTW,n2o,0.0018721749399999,Mt
Full Breakthrough,Aviation,2001,WTW,n2o,0.0018008479899999,Mt
Full Breakthrough,Aviation,2002,WTW,n2o,0.0018044898499999,Mt
Full Breakthrough,Aviation,2003,WTW,n2o,0.0018033593199999,Mt
Full Breakthrough,Aviation,2004,WTW,n2o,0.0019168006699999,Mt
Full Breakthrough,Aviation,2005,WTW,n2o,0.0020110057499999,Mt
Full Breakthrough,Aviation,2006,WTW,n2o,0.0020344534599999,Mt
Full Breakthrough,Aviation,2007,WTW,n2o,0.0020935344399999,Mt
Full Breakthrough,Aviation,2008,WTW,n2o,0.0020838515799999,Mt
Full Breakthrough,Aviation,2009,WTW,n2o,0.0019761319199999,Mt
Full Breakthrough,Aviation,2010,WTW,n2o,0.0020759119799999,Mt
Full Breakthrough,Aviation,2011,WTW,n2o,0.0021374783999999,Mt
Full Breakthrough,Aviation,2012,WTW,n2o,0.0021606154299999,Mt
Full Breakthrough,Aviation,2013,WTW,n2o,0.0022220265099999,Mt
Full Breakthrough,Aviation,2014,WTW,n2o,0.0022919295099999,Mt
Full Breakthrough,Aviation,2015,WTW,n2o,0.0024170990299999,Mt
Full Breakthrough,Aviation,2016,WTW,n2o,0.0025340010099999,Mt
Full Breakthrough,Aviation,2017,WTW,n2o,0.0026835070695899,Mt
Full Breakthrough,Aviation,2018,WTW,n2o,0.0028230494372086,Mt
Full Breakthrough,Aviation,2019,WTW,n2o,0.0025243239968249,Mt
Full Breakthrough,Aviation,2020,WTW,n2o,0.0013673421648389,Mt
Full Breakthrough,Aviation,2021,WTW,n2o,0.0016302925811209,Mt
Full Breakthrough,Aviation,2022,WTW,n2o,0.0019984231642609,Mt
Full Breakthrough,Aviation,2023,WTW,n2o,0.0023231726764089,Mt
Full Breakthrough,Aviation,2024,WTW,n2o,0.0025034062575308,Mt
Full Breakthrough,Aviation,2025,WTW,n2o,0.0026262163647732,Mt
Full Breakthrough,Aviation,2026,WTW,n2o,0.0026401158596952,Mt
Full Breakthrough,Aviation,2027,WTW,n2o,0.0026571852950045,Mt
Full Breakthrough,Aviation,2028,WTW,n2o,0.00267535288117,Mt
Full Breakthrough,Aviation,2029,WTW,n2o,0.0026937515476978,Mt
Full Breakthrough,Aviation,2030,WTW,n2o,0.0027063732595548,Mt
Full Breakthrough,Aviation,2031,WTW,n2o,0.002718911546986,Mt
Full Breakthrough,Aviation,2032,WTW,n2o,0.0027310551107638,Mt
Full Breakthrough,Aviation,2033,WTW,n2o,0.0027428487959869,Mt
Full Breakthrough,Aviation,2034,WTW,n2o,0.0027544540374435,Mt
Full Breakthrough,Aviation,2035,WTW,n2o,0.0027631245253959,Mt
Full Breakthrough,Aviation,2036,WTW,n2o,0.0027671006251265,Mt
Full Breakthrough,Aviation,2037,WTW,n2o,0.0027658327296094,Mt
Full Breakthrough,Aviation,2038,WTW,n2o,0.0027573731242957,Mt
Full Breakthrough,Aviation,2039,WTW,n2o,0.0027418327900263,Mt
Full Breakthrough,Aviation,2040,WTW,n2o,0.0027239756403632,Mt
Full Breakthrough,Aviation,2041,WTW,n2o,0.0028256279827957,Mt
Full Breakthrough,Aviation,2042,WTW,n2o,0.0029267307341891,Mt
Full Breakthrough,Aviation,2043,WTW,n2o,0.0030261304437994,Mt
Full Breakthrough,Aviation,2044,WTW,n2o,0.0031246318705665,Mt
Full Breakthrough,Aviation,2045,WTW,n2o,0.0032222994724767,Mt
Full Breakthrough,Aviation,2046,WTW,n2o,0.0033162397681528,Mt
Full Breakthrough,Aviation,2047,WTW,n2o,0.003408554414653,Mt
Full Breakthrough,Aviation,2048,WTW,n2o,0.0034998015462953,Mt
Full Breakthrough,Aviation,2049,WTW,n2o,0.0035909036263651,Mt
Full Breakthrough,Aviation,2050,WTW,n2o,0.0036828881681568,Mt
Full Breakthrough lower,Aviation,1940,WTW,n2o,7.72686046511613e-05,Mt
Full Breakthrough lower,Aviation,1941,WTW,n2o,8.328953488371934e-05,Mt
Full Breakthrough lower,Aviation,1942,WTW,n2o,9.031395348837036e-05,Mt
Full Breakthrough lower,Aviation,1943,WTW,n2o,9.733837209302136e-05,Mt
Full Breakthrough lower,Aviation,1944,WTW,n2o,0.0001053662790697,Mt
Full Breakthrough lower,Aviation,1945,WTW,n2o,0.0001133941860465,Mt
Full Breakthrough lower,Aviation,1946,WTW,n2o,0.0001234290697674,Mt
Full Breakthrough lower,Aviation,1947,WTW,n2o,0.0001324604651162,Mt
Full Breakthrough lower,Aviation,1948,WTW,n2o,0.0001434988372092,Mt
Full Breakthrough lower,Aviation,1949,WTW,n2o,0.0001545372093023,Mt
Full Breakthrough lower,Aviation,1950,WTW,n2o,0.0001675825581395,Mt
Full Breakthrough lower,Aviation,1951,WTW,n2o,0.0001806279069767,Mt
Full Breakthrough lower,Aviation,1952,WTW,n2o,0.000194676744186,Mt
Full Breakthrough lower,Aviation,1953,WTW,n2o,0.0002107325581395,Mt
Full Breakthrough lower,Aviation,1954,WTW,n2o,0.0002277918604651,Mt
Full Breakthrough lower,Aviation,1955,WTW,n2o,0.0002458546511627,Mt
Full Breakthrough lower,Aviation,1956,WTW,n2o,0.0002659244186046,Mt
Full Breakthrough lower,Aviation,1957,WTW,n2o,0.0002869976744185,Mt
Full Breakthrough lower,Aviation,1958,WTW,n2o,0.0003100779069767,Mt
Full Breakthrough lower,Aviation,1959,WTW,n2o,0.0003341616279069,Mt
Full Breakthrough lower,Aviation,1960,WTW,n2o,0.0003612558139534,Mt
Full Breakthrough lower,Aviation,1961,WTW,n2o,0.0003963779069767,Mt
Full Breakthrough lower,Aviation,1962,WTW,n2o,0.0004365174418604,Mt
Full Breakthrough lower,Aviation,1963,WTW,n2o,0.0004606011627906,Mt
Full Breakthrough lower,Aviation,1964,WTW,n2o,0.0004816744186046,Mt
Full Breakthrough lower,Aviation,1965,WTW,n2o,0.0005147895348837,Mt
Full Breakthrough lower,Aviation,1966,WTW,n2o,0.0005579395348837,Mt
Full Breakthrough lower,Aviation,1967,WTW,n2o,0.000658288372093,Mt
Full Breakthrough lower,Aviation,1968,WTW,n2o,0.0007455918604651,Mt
Full Breakthrough lower,Aviation,1969,WTW,n2o,0.0007807139534883,Mt
Full Breakthrough lower,Aviation,1970,WTW,n2o,0.0007827209302325,Mt
Full Breakthrough lower,Aviation,1971,WTW,n2o,0.0009031395348837,Mt
Full Breakthrough lower,Aviation,1972,WTW,n2o,0.0009633488372092,Mt
Full Breakthrough lower,Aviation,1973,WTW,n2o,0.0009974674418604,Mt
Full Breakthrough lower,Aviation,1974,WTW,n2o,0.0009633488372092,Mt
Full Breakthrough lower,Aviation,1975,WTW,n2o,0.0009643523255813,Mt
Full Breakthrough lower,Aviation,1976,WTW,n2o,0.0009673627906976,Mt
Full Breakthrough lower,Aviation,1977,WTW,n2o,0.0010245616279069,Mt
Full Breakthrough lower,Aviation,1978,WTW,n2o,0.0010606872093023,Mt
Full Breakthrough lower,Aviation,1979,WTW,n2o,0.0011048406976743,Mt
Full Breakthrough lower,Aviation,1980,WTW,n2o,0.0011128686046511,Mt
Full Breakthrough lower,Aviation,1981,WTW,n2o,0.0010968127906976,Mt
Full Breakthrough lower,Aviation,1982,WTW,n2o,0.0011088546511627,Mt
Full Breakthrough lower,Aviation,1983,WTW,n2o,0.0011239069767441,Mt
Full Breakthrough lower,Aviation,1984,WTW,n2o,0.0011991686046511,Mt
Full Breakthrough lower,Aviation,1985,WTW,n2o,0.0012383046511627,Mt
Full Breakthrough lower,Aviation,1986,WTW,n2o,0.0013035313953488,Mt
Full Breakthrough lower,Aviation,1987,WTW,n2o,0.0013607302325581,Mt
Full Breakthrough lower,Aviation,1988,WTW,n2o,0.0014189325581395,Mt
Full Breakthrough lower,Aviation,1989,WTW,n2o,0.0014701104651162,Mt
Full Breakthrough lower,Aviation,1990,WTW,n2o,0.0015010072699999,Mt
Full Breakthrough lower,Aviation,1991,WTW,n2o,0.0014515918899999,Mt
Full Breakthrough lower,Aviation,1992,WTW,n2o,0.0014549575899999,Mt
Full Breakthrough lower,Aviation,1993,WTW,n2o,0.0014628971899999,Mt
Full Breakthrough lower,Aviation,1994,WTW,n2o,0.0015326793699999,Mt
Full Breakthrough lower,Aviation,1995,WTW,n2o,0.0015699954899999,Mt
Full Breakthrough lower,Aviation,1996,WTW,n2o,0.0016410549099999,Mt
Full Breakthrough lower,Aviation,1997,WTW,n2o,0.0016910226099999,Mt
Full Breakthrough lower,Aviation,1998,WTW,n2o,0.0017243689299999,Mt
Full Breakthrough lower,Aviation,1999,WTW,n2o,0.0017799892799999,Mt
Full Breakthrough lower,Aviation,2000,WTW,n2o,0.0018721749399999,Mt
Full Breakthrough lower,Aviation,2001,WTW,n2o,0.0018008479899999,Mt
Full Breakthrough lower,Aviation,2002,WTW,n2o,0.0018044898499999,Mt
Full Breakthrough lower,Aviation,2003,WTW,n2o,0.0018033593199999,Mt
Full Breakthrough lower,Aviation,2004,WTW,n2o,0.0019168006699999,Mt
Full Breakthrough lower,Aviation,2005,WTW,n2o,0.0020110057499999,Mt
Full Breakthrough lower,Aviation,2006,WTW,n2o,0.0020344534599999,Mt
Full Breakthrough lower,Aviation,2007,WTW,n2o,0.0020935344399999,Mt
Full Breakthrough lower,Aviation,2008,WTW,n2o,0.0020838515799999,Mt
Full Breakthrough lower,Aviation,2009,WTW,n2o,0.0019761319199999,Mt
Full Breakthrough lower,Aviation,2010,WTW,n2o,0.0020759119799999,Mt
Full Breakthrough lower,Aviation,2011,WTW,n2o,0.0021374783999999,Mt
Full Breakthrough lower,Aviation,2012,WTW,n2o,0.0021606154299999,Mt
Full Breakthrough lower,Aviation,2013,WTW,n2o,0.0022220265099999,Mt
Full Breakthrough lower,Aviation,2014,WTW,n2o,0.0022919295099999,Mt
Full Breakthrough lower,Aviation,2015,WTW,n2o,0.0024170990299999,Mt
Full Breakthrough lower,Aviation,2016,WTW,n2o,0.0025340010099999,Mt
Full Breakthrough lower,Aviation,2017,WTW,n2o,0.0026835070695899,Mt
Full Breakthrough lower,Aviation,2018,WTW,n2o,0.0028230494372086,Mt
Full Breakthrough lower,Aviation,2019,WTW,n2o,0.0025243239968249,Mt
Full Breakthrough lower,Aviation,2020,WTW,n2o,0.0013673421648389,Mt
Full Breakthrough lower,Aviation,2021,WTW,n2o,0.0016302925811209,Mt
Full Breakthrough lower,Aviation,2022,WTW,n2o,0.0019984231642609,Mt
Full Breakthrough lower,Aviation,2023,WTW,n2o,0.0023231726764089,Mt
Full Breakthrough lower,Aviation,2024,WTW,n2o,0.0025034062575308,Mt
Full Breakthrough lower,Aviation,2025,WTW,n2o,0.0026262163647732,Mt
Full Breakthrough lower,Aviation,2026,WTW,n2o,0.0026401158596952,Mt
Full Breakthrough lower,Aviation,2027,WTW,n2o,0.0026571852950045,Mt
Full Breakthrough lower,Aviation,2028,WTW,n2o,0.00267535288117,Mt
Full Breakthrough lower,Aviation,2029,WTW,n2o,0.0026937515476978,Mt
Full Breakthrough lower,Aviation,2030,WTW,n2o,0.0027063732595548,Mt
Full Breakthrough lower,Aviation,2031,WTW,n2o,0.002718911546986,Mt
Full Breakthrough lower,Aviation,2032,WTW,n2o,0.0027310551107638,Mt
Full Breakthrough lower,Aviation,2033,WTW,n2o,0.0027428487959869,Mt
Full Breakthrough lower,Aviation,2034,WTW,n2o,0.0027544540374435,Mt
Full Breakthrough lower,Aviation,2035,WTW,n2o,0.0027631245253959,Mt
Full Breakthrough lower,Aviation,2036,WTW,n2o,0.0027671006251265,Mt
Full Breakthrough lower,Aviation,2037,WTW,n2o,0.0027658327296094,Mt
Full Breakthrough lower,Aviation,2038,WTW,n2o,0.0027573731242957,Mt
Full Breakthrough lower,Aviation,2039,WTW,n2o,0.0027418327900263,Mt
Full Breakthrough lower,Aviation,2040,WTW,n2o,0.0027239756403632,Mt
Full Breakthrough lower,Aviation,2041,WTW,n2o,0.0028256279827957,Mt
Full Breakthrough lower,Aviation,2042,WTW,n2o,0.0029267307341891,Mt
Full Breakthrough lower,Aviation,2043,WTW,n2o,0.0030261304437994,Mt
Full Breakthrough lower,Aviation,2044,WTW,n2o,0.0031246318705665,Mt
Full Breakthrough lower,Aviation,2045,WTW,n2o,0.0032222994724767,Mt
Full Breakthrough lower,Aviation,2046,WTW,n2o,0.0033162397681528,Mt
Full Breakthrough lower,Aviation,2047,WTW,n2o,0.003408554414653,Mt
Full Breakthrough lower,Aviation,2048,WTW,n2o,0.0034998015462953,Mt
Full Breakthrough lower,Aviation,2049,WTW,n2o,0.0035909036263651,Mt
Full Breakthrough lower,Aviation,2050,WTW,n2o,0.0036828881681568,Mt
Full Breakthrough upper,Aviation,1940,WTW,n2o,7.72686046511613e-05,Mt
Full Breakthrough upper,Aviation,1941,WTW,n2o,8.328953488371934e-05,Mt
Full Breakthrough upper,Aviation,1942,WTW,n2o,9.031395348837036e-05,Mt
Full Breakthrough upper,Aviation,1943,WTW,n2o,9.733837209302136e-05,Mt
Full Breakthrough upper,Aviation,1944,WTW,n2o,0.0001053662790697,Mt
Full Breakthrough upper,Aviation,1945,WTW,n2o,0.0001133941860465,Mt
Full Breakthrough upper,Aviation,1946,WTW,n2o,0.0001234290697674,Mt
Full Breakthrough upper,Aviation,1947,WTW,n2o,0.0001324604651162,Mt
Full Breakthrough upper,Aviation,1948,WTW,n2o,0.0001434988372092,Mt
Full Breakthrough upper,Aviation,1949,WTW,n2o,0.0001545372093023,Mt
Full Breakthrough upper,Aviation,1950,WTW,n2o,0.0001675825581395,Mt
Full Breakthrough upper,Aviation,1951,WTW,n2o,0.0001806279069767,Mt
Full Breakthrough upper,Aviation,1952,WTW,n2o,0.000194676744186,Mt
Full Breakthrough upper,Aviation,1953,WTW,n2o,0.0002107325581395,Mt
Full Breakthrough upper,Aviation,1954,WTW,n2o,0.0002277918604651,Mt
Full Breakthrough upper,Aviation,1955,WTW,n2o,0.0002458546511627,Mt
Full Breakthrough upper,Aviation,1956,WTW,n2o,0.0002659244186046,Mt
Full Breakthrough upper,Aviation,1957,WTW,n2o,0.0002869976744185,Mt
Full Breakthrough upper,Aviation,1958,WTW,n2o,0.0003100779069767,Mt
Full Breakthrough upper,Aviation,1959,WTW,n2o,0.0003341616279069,Mt
Full Breakthrough upper,Aviation,1960,WTW,n2o,0.0003612558139534,Mt
Full Breakthrough upper,Aviation,1961,WTW,n2o,0.0003963779069767,Mt
Full Breakthrough upper,Aviation,1962,WTW,n2o,0.0004365174418604,Mt
Full Breakthrough upper,Aviation,1963,WTW,n2o,0.0004606011627906,Mt
Full Breakthrough upper,Aviation,1964,WTW,n2o,0.0004816744186046,Mt
Full Breakthrough upper,Aviation,1965,WTW,n2o,0.0005147895348837,Mt
Full Breakthrough upper,Aviation,1966,WTW,n2o,0.0005579395348837,Mt
Full Breakthrough upper,Aviation,1967,WTW,n2o,0.000658288372093,Mt
Full Breakthrough upper,Aviation,1968,WTW,n2o,0.0007455918604651,Mt
Full Breakthrough upper,Aviation,1969,WTW,n2o,0.0007807139534883,Mt
Full Breakthrough upper,Aviation,1970,WTW,n2o,0.0007827209302325,Mt
Full Breakthrough upper,Aviation,1971,WTW,n2o,0.0009031395348837,Mt
Full Breakthrough upper,Aviation,1972,WTW,n2o,0.0009633488372092,Mt
Full Breakthrough upper,Aviation,1973,WTW,n2o,0.0009974674418604,Mt
Full Breakthrough upper,Aviation,1974,WTW,n2o,0.0009633488372092,Mt
Full Breakthrough upper,Aviation,1975,WTW,n2o,0.0009643523255813,Mt
Full Breakthrough upper,Aviation,1976,WTW,n2o,0.0009673627906976,Mt
Full Breakthrough upper,Aviation,1977,WTW,n2o,0.0010245616279069,Mt
Full Breakthrough upper,Aviation,1978,WTW,n2o,0.0010606872093023,Mt
Full Breakthrough upper,Aviation,1979,WTW,n2o,0.0011048406976743,Mt
Full Breakthrough upper,Aviation,1980,WTW,n2o,0.0011128686046511,Mt
Full Breakthrough upper,Aviation,1981,WTW,n2o,0.0010968127906976,Mt
Full Breakthrough upper,Aviation,1982,WTW,n2o,0.0011088546511627,Mt
Full Breakthrough upper,Aviation,1983,WTW,n2o,0.0011239069767441,Mt
Full Breakthrough upper,Aviation,1984,WTW,n2o,0.0011991686046511,Mt
Full Breakthrough upper,Aviation,1985,WTW,n2o,0.0012383046511627,Mt
Full Breakthrough upper,Aviation,1986,WTW,n2o,0.0013035313953488,Mt
Full Breakthrough upper,Aviation,1987,WTW,n2o,0.0013607302325581,Mt
Full Breakthrough upper,Aviation,1988,WTW,n2o,0.0014189325581395,Mt
Full Breakthrough upper,Aviation,1989,WTW,n2o,0.0014701104651162,Mt
Full Breakthrough upper,Aviation,1990,WTW,n2o,0.0015010072699999,Mt
Full Breakthrough upper,Aviation,1991,WTW,n2o,0.0014515918899999,Mt
Full Breakthrough upper,Aviation,1992,WTW,n2o,0.0014549575899999,Mt
Full Breakthrough upper,Aviation,1993,WTW,n2o,0.0014628971899999,Mt
Full Breakthrough upper,Aviation,1994,WTW,n2o,0.0015326793699999,Mt
Full Breakthrough upper,Aviation,1995,WTW,n2o,0.0015699954899999,Mt
Full Breakthrough upper,Aviation,1996,WTW,n2o,0.0016410549099999,Mt
Full Breakthrough upper,Aviation,1997,WTW,n2o,0.0016910226099999,Mt
Full Breakthrough upper,Aviation,1998,WTW,n2o,0.0017243689299999,Mt
Full Breakthrough upper,Aviation,1999,WTW,n2o,0.0017799892799999,Mt
Full Breakthrough upper,Aviation,2000,WTW,n2o,0.0018721749399999,Mt
Full Breakthrough upper,Aviation,2001,WTW,n2o,0.0018008479899999,Mt
Full Breakthrough upper,Aviation,2002,WTW,n2o,0.0018044898499999,Mt
Full Breakthrough upper,Aviation,2003,WTW,n2o,0.0018033593199999,Mt
Full Breakthrough upper,Aviation,2004,WTW,n2o,0.0019168006699999,Mt
Full Breakthrough upper,Aviation,2005,WTW,n2o,0.0020110057499999,Mt
Full Breakthrough upper,Aviation,2006,WTW,n2o,0.0020344534599999,Mt
Full Breakthrough upper,Aviation,2007,WTW,n2o,0.0020935344399999,Mt
Full Breakthrough upper,Aviation,2008,WTW,n2o,0.0020838515799999,Mt
Full Breakthrough upper,Aviation,2009,WTW,n2o,0.0019761319199999,Mt
Full Breakthrough upper,Aviation,2010,WTW,n2o,0.0020759119799999,Mt
Full Breakthrough upper,Aviation,2011,WTW,n2o,0.0021374783999999,Mt
Full Breakthrough upper,Aviation,2012,WTW,n2o,0.0021606154299999,Mt
Full Breakthrough upper,Aviation,2013,WTW,n2o,0.0022220265099999,Mt
Full Breakthrough upper,Aviation,2014,WTW,n2o,0.0022919295099999,Mt
Full Breakthrough upper,Aviation,2015,WTW,n2o,0.0024170990299999,Mt
Full Breakthrough upper,Aviation,2016,WTW,n2o,0.0025340010099999,Mt
Full Breakthrough upper,Aviation,2017,WTW,n2o,0.0026835070695899,Mt
Full Breakthrough upper,Aviation,2018,WTW,n2o,0.0028230494372086,Mt
Full Breakthrough upper,Aviation,2019,WTW,n2o,0.0025243239968249,Mt
Full Breakthrough upper,Aviation,2020,WTW,n2o,0.0013673421648389,Mt
Full Breakthrough upper,Aviation,2021,WTW,n2o,0.0016302925811209,Mt
Full Breakthrough upper,Aviation,2022,WTW,n2o,0.0019984231642609,Mt
Full Breakthrough upper,Aviation,2023,WTW,n2o,0.0023231726764089,Mt
Full Breakthrough upper,Aviation,2024,WTW,n2o,0.0025034062575308,Mt
Full Breakthrough upper,Aviation,2025,WTW,n2o,0.0026262163647732,Mt
Full Breakthrough upper,Aviation,2026,WTW,n2o,0.0026401158596952,Mt
Full Breakthrough upper,Aviation,2027,WTW,n2o,0.0026571852950045,Mt
Full Breakthrough upper,Aviation,2028,WTW,n2o,0.00267535288117,Mt
Full Breakthrough upper,Aviation,2029,WTW,n2o,0.0026937515476978,Mt
Full Breakthrough upper,Aviation,2030,WTW,n2o,0.0027063732595548,Mt
Full Breakthrough upper,Aviation,2031,WTW,n2o,0.002718911546986,Mt
Full Breakthrough upper,Aviation,2032,WTW,n2o,0.0027310551107638,Mt
Full Breakthrough upper,Aviation,2033,WTW,n2o,0.0027428487959869,Mt
Full Breakthrough upper,Aviation,2034,WTW,n2o,0.0027544540374435,Mt
Full Breakthrough upper,Aviation,2035,WTW,n2o,0.0027631245253959,Mt
Full Breakthrough upper,Aviation,2036,WTW,n2o,0.0027671006251265,Mt
Full Breakthrough upper,Aviation,2037,WTW,n2o,0.0027658327296094,Mt
Full Breakthrough upper,Aviation,2038,WTW,n2o,0.0027573731242957,Mt
Full Breakthrough upper,Aviation,2039,WTW,n2o,0.0027418327900263,Mt
Full Breakthrough upper,Aviation,2040,WTW,n2o,0.0027239756403632,Mt
Full Breakthrough upper,Aviation,2041,WTW,n2o,0.0028256279827957,Mt
Full Breakthrough upper,Aviation,2042,WTW,n2o,0.0029267307341891,Mt
Full Breakthrough upper,Aviation,2043,WTW,n2o,0.0030261304437994,Mt
Full Breakthrough upper,Aviation,2044,WTW,n2o,0.0031246318705665,Mt
Full Breakthrough upper,Aviation,2045,WTW,n2o,0.0032222994724767,Mt
Full Breakthrough upper,Aviation,2046,WTW,n2o,0.0033162397681528,Mt
Full Breakthrough upper,Aviation,2047,WTW,n2o,0.003408554414653,Mt
Full Breakthrough upper,Aviation,2048,WTW,n2o,0.0034998015462953,Mt
Full Breakthrough upper,Aviation,2049,WTW,n2o,0.0035909036263651,Mt
Full Breakthrough upper,Aviation,2050,WTW,n2o,0.0036828881681568,Mt
GHG Forward,Aviation,1940,WTW,n2o,7.72686046511613e-05,Mt
GHG Forward,Aviation,1941,WTW,n2o,8.328953488371934e-05,Mt
GHG Forward,Aviation,1942,WTW,n2o,9.031395348837036e-05,Mt
GHG Forward,Aviation,1943,WTW,n2o,9.733837209302136e-05,Mt
GHG Forward,Aviation,1944,WTW,n2o,0.0001053662790697,Mt
GHG Forward,Aviation,1945,WTW,n2o,0.0001133941860465,Mt
GHG Forward,Aviation,1946,WTW,n2o,0.0001234290697674,Mt
GHG Forward,Aviation,1947,WTW,n2o,0.0001324604651162,Mt
GHG Forward,Aviation,1948,WTW,n2o,0.0001434988372092,Mt
GHG Forward,Aviation,1949,WTW,n2o,0.0001545372093023,Mt
GHG Forward,Aviation,1950,WTW,n2o,0.0001675825581395,Mt
GHG Forward,Aviation,1951,WTW,n2o,0.0001806279069767,Mt
GHG Forward,Aviation,1952,WTW,n2o,0.000194676744186,Mt
GHG Forward,Aviation,1953,WTW,n2o,0.0002107325581395,Mt
GHG Forward,Aviation,1954,WTW,n2o,0.0002277918604651,Mt
GHG Forward,Aviation,1955,WTW,n2o,0.0002458546511627,Mt
GHG Forward,Aviation,1956,WTW,n2o,0.0002659244186046,Mt
GHG Forward,Aviation,1957,WTW,n2o,0.0002869976744185,Mt
GHG Forward,Aviation,1958,WTW,n2o,0.0003100779069767,Mt
GHG Forward,Aviation,1959,WTW,n2o,0.0003341616279069,Mt
GHG Forward,Aviation,1960,WTW,n2o,0.0003612558139534,Mt
GHG Forward,Aviation,1961,WTW,n2o,0.0003963779069767,Mt
GHG Forward,Aviation,1962,WTW,n2o,0.0004365174418604,Mt
GHG Forward,Aviation,1963,WTW,n2o,0.0004606011627906,Mt
GHG Forward,Aviation,1964,WTW,n2o,0.0004816744186046,Mt
GHG Forward,Aviation,1965,WTW,n2o,0.0005147895348837,Mt
GHG Forward,Aviation,1966,WTW,n2o,0.0005579395348837,Mt
GHG Forward,Aviation,1967,WTW,n2o,0.000658288372093,Mt
GHG Forward,Aviation,1968,WTW,n2o,0.0007455918604651,Mt
GHG Forward,Aviation,1969,WTW,n2o,0.0007807139534883,Mt
GHG Forward,Aviation,1970,WTW,n2o,0.0007827209302325,Mt
GHG Forward,Aviation,1971,WTW,n2o,0.0009031395348837,Mt
GHG Forward,Aviation,1972,WTW,n2o,0.0009633488372092,Mt
GHG Forward,Aviation,1973,WTW,n2o,0.0009974674418604,Mt
GHG Forward,Aviation,1974,WTW,n2o,0.0009633488372092,Mt
GHG Forward,Aviation,1975,WTW,n2o,0.0009643523255813,Mt
GHG Forward,Aviation,1976,WTW,n2o,0.0009673627906976,Mt
GHG Forward,Aviation,1977,WTW,n2o,0.0010245616279069,Mt
GHG Forward,Aviation,1978,WTW,n2o,0.0010606872093023,Mt
GHG Forward,Aviation,1979,WTW,n2o,0.0011048406976743,Mt
GHG Forward,Aviation,1980,WTW,n2o,0.0011128686046511,Mt
GHG Forward,Aviation,1981,WTW,n2o,0.0010968127906976,Mt
GHG Forward,Aviation,1982,WTW,n2o,0.0011088546511627,Mt
GHG Forward,Aviation,1983,WTW,n2o,0.0011239069767441,Mt
GHG Forward,Aviation,1984,WTW,n2o,0.0011991686046511,Mt
GHG Forward,Aviation,1985,WTW,n2o,0.0012383046511627,Mt
GHG Forward,Aviation,1986,WTW,n2o,0.0013035313953488,Mt
GHG Forward,Aviation,1987,WTW,n2o,0.0013607302325581,Mt
GHG Forward,Aviation,1988,WTW,n2o,0.0014189325581395,Mt
GHG Forward,Aviation,1989,WTW,n2o,0.0014701104651162,Mt
GHG Forward,Aviation,1990,WTW,n2o,0.0015010072699999,Mt
GHG Forward,Aviation,1991,WTW,n2o,0.0014515918899999,Mt
GHG Forward,Aviation,1992,WTW,n2o,0.0014549575899999,Mt
GHG Forward,Aviation,1993,WTW,n2o,0.0014628971899999,Mt
GHG Forward,Aviation,1994,WTW,n2o,0.0015326793699999,Mt
GHG Forward,Aviation,1995,WTW,n2o,0.0015699954899999,Mt
GHG Forward,Aviation,1996,WTW,n2o,0.0016410549099999,Mt
GHG Forward,Aviation,1997,WTW,n2o,0.0016910226099999,Mt
GHG Forward,Aviation,1998,WTW,n2o,0.0017243689299999,Mt
GHG Forward,Aviation,1999,WTW,n2o,0.0017799892799999,Mt
GHG Forward,Aviation,2000,WTW,n2o,0.0018721749399999,Mt
GHG Forward,Aviation,2001,WTW,n2o,0.0018008479899999,Mt
GHG Forward,Aviation,2002,WTW,n2o,0.0018044898499999,Mt
GHG Forward,Aviation,2003,WTW,n2o,0.0018033593199999,Mt
GHG Forward,Aviation,2004,WTW,n2o,0.0019168006699999,Mt
GHG Forward,Aviation,2005,WTW,n2o,0.0020110057499999,Mt
GHG Forward,Aviation,2006,WTW,n2o,0.0020344534599999,Mt
GHG Forward,Aviation,2007,WTW,n2o,0.0020935344399999,Mt
GHG Forward,Aviation,2008,WTW,n2o,0.0020838515799999,Mt
GHG Forward,Aviation,2009,WTW,n2o,0.0019761319199999,Mt
GHG Forward,Aviation,2010,WTW,n2o,0.0020759119799999,Mt
GHG Forward,Aviation,2011,WTW,n2o,0.0021374783999999,Mt
GHG Forward,Aviation,2012,WTW,n2o,0.0021606154299999,Mt
GHG Forward,Aviation,2013,WTW,n2o,0.0022220265099999,Mt
GHG Forward,Aviation,2014,WTW,n2o,0.0022919295099999,Mt
GHG Forward,Aviation,2015,WTW,n2o,0.0024170990299999,Mt
GHG Forward,Aviation,2016,WTW,n2o,0.0025340010099999,Mt
GHG Forward,Aviation,2017,WTW,n2o,0.0026835070695899,Mt
GHG Forward,Aviation,2018,WTW,n2o,0.0028230494372086,Mt
GHG Forward,Aviation,2019,WTW,n2o,0.0025243239968249,Mt
GHG Forward,Aviation,2020,WTW,n2o,0.0013673421648389,Mt
GHG Forward,Aviation,2021,WTW,n2o,0.0016302925811209,Mt
GHG Forward,Aviation,2022,WTW,n2o,0.0019984231642609,Mt
GHG Forward,Aviation,2023,WTW,n2o,0.0023231726764089,Mt
GHG Forward,Aviation,2024,WTW,n2o,0.0025034062575308,Mt
GHG Forward,Aviation,2025,WTW,n2o,0.0026262163647732,Mt
GHG Forward,Aviation,2026,WTW,n2o,0.0026401158596952,Mt
GHG Forward,Aviation,2027,WTW,n2o,0.0026571852950045,Mt
GHG Forward,Aviation,2028,WTW,n2o,0.0026753587564373,Mt
GHG Forward,Aviation,2029,WTW,n2o,0.0026937690923192,Mt
GHG Forward,Aviation,2030,WTW,n2o,0.0027064011706949,Mt
GHG Forward,Aviation,2031,WTW,n2o,0.0027189626526057,Mt
GHG Forward,Aviation,2032,WTW,n2o,0.0027311213538663,Mt
GHG Forward,Aviation,2033,WTW,n2o,0.002742897541095,Mt
GHG Forward,Aviation,2034,WTW,n2o,0.0027543870194445,Mt
GHG Forward,Aviation,2035,WTW,n2o,0.0027627024807811,Mt
GHG Forward,Aviation,2036,WTW,n2o,0.0027658275986346,Mt
GHG Forward,Aviation,2037,WTW,n2o,0.0027629258096816,Mt
GHG Forward,Aviation,2038,WTW,n2o,0.0027520527076764,Mt
GHG Forward,Aviation,2039,WTW,n2o,0.0027337484390304,Mt
GHG Forward,Aviation,2040,WTW,n2o,0.0027132749536807,Mt
GHG Forward,Aviation,2041,WTW,n2o,0.0028120802156434,Mt
GHG Forward,Aviation,2042,WTW,n2o,0.0029104132497486,Mt
GHG Forward,Aviation,2043,WTW,n2o,0.0030070864574695,Mt
GHG Forward,Aviation,2044,WTW,n2o,0.0031030085568168,Mt
GHG Forward,Aviation,2045,WTW,n2o,0.0031984404368509,Mt
GHG Forward,Aviation,2046,WTW,n2o,0.0032906086843288,Mt
GHG Forward,Aviation,2047,WTW,n2o,0.0033815835195411,Mt
GHG Forward,Aviation,2048,WTW,n2o,0.0034718395748904,Mt
GHG Forward,Aviation,2049,WTW,n2o,0.0035621930320051,Mt
GHG Forward,Aviation,2050,WTW,n2o,0.003653581137567,Mt
GHG Forward lower,Aviation,1940,WTW,n2o,7.72686046511613e-05,Mt
GHG Forward lower,Aviation,1941,WTW,n2o,8.328953488371934e-05,Mt
GHG Forward lower,Aviation,1942,WTW,n2o,9.031395348837036e-05,Mt
GHG Forward lower,Aviation,1943,WTW,n2o,9.733837209302136e-05,Mt
GHG Forward lower,Aviation,1944,WTW,n2o,0.0001053662790697,Mt
GHG Forward lower,Aviation,1945,WTW,n2o,0.0001133941860465,Mt
GHG Forward lower,Aviation,1946,WTW,n2o,0.0001234290697674,Mt
GHG Forward lower,Aviation,1947,WTW,n2o,0.0001324604651162,Mt
GHG Forward lower,Aviation,1948,WTW,n2o,0.0001434988372092,Mt
GHG Forward lower,Aviation,1949,WTW,n2o,0.0001545372093023,Mt
GHG Forward lower,Aviation,1950,WTW,n2o,0.0001675825581395,Mt
GHG Forward lower,Aviation,1951,WTW,n2o,0.0001806279069767,Mt
GHG Forward lower,Aviation,1952,WTW,n2o,0.000194676744186,Mt
GHG Forward lower,Aviation,1953,WTW,n2o,0.0002107325581395,Mt
GHG Forward lower,Aviation,1954,WTW,n2o,0.0002277918604651,Mt
GHG Forward lower,Aviation,1955,WTW,n2o,0.0002458546511627,Mt
GHG Forward lower,Aviation,1956,WTW,n2o,0.0002659244186046,Mt
GHG Forward lower,Aviation,1957,WTW,n2o,0.0002869976744185,Mt
GHG Forward lower,Aviation,1958,WTW,n2o,0.0003100779069767,Mt
GHG Forward lower,Aviation,1959,WTW,n2o,0.0003341616279069,Mt
GHG Forward lower,Aviation,1960,WTW,n2o,0.0003612558139534,Mt
GHG Forward lower,Aviation,1961,WTW,n2o,0.0003963779069767,Mt
GHG Forward lower,Aviation,1962,WTW,n2o,0.0004365174418604,Mt
GHG Forward lower,Aviation,1963,WTW,n2o,0.0004606011627906,Mt
GHG Forward lower,Aviation,1964,WTW,n2o,0.0004816744186046,Mt
GHG Forward lower,Aviation,1965,WTW,n2o,0.0005147895348837,Mt
GHG Forward lower,Aviation,1966,WTW,n2o,0.0005579395348837,Mt
GHG Forward lower,Aviation,1967,WTW,n2o,0.000658288372093,Mt
GHG Forward lower,Aviation,1968,WTW,n2o,0.0007455918604651,Mt
GHG Forward lower,Aviation,1969,WTW,n2o,0.0007807139534883,Mt
GHG Forward lower,Aviation,1970,WTW,n2o,0.0007827209302325,Mt
GHG Forward lower,Aviation,1971,WTW,n2o,0.0009031395348837,Mt
GHG Forward lower,Aviation,1972,WTW,n2o,0.0009633488372092,Mt
GHG Forward lower,Aviation,1973,WTW,n2o,0.0009974674418604,Mt
GHG Forward lower,Aviation,1974,WTW,n2o,0.0009633488372092,Mt
GHG Forward lower,Aviation,1975,WTW,n2o,0.0009643523255813,Mt
GHG Forward lower,Aviation,1976,WTW,n2o,0.0009673627906976,Mt
GHG Forward lower,Aviation,1977,WTW,n2o,0.0010245616279069,Mt
GHG Forward lower,Aviation,1978,WTW,n2o,0.0010606872093023,Mt
GHG Forward lower,Aviation,1979,WTW,n2o,0.0011048406976743,Mt
GHG Forward lower,Aviation,1980,WTW,n2o,0.0011128686046511,Mt
GHG Forward lower,Aviation,1981,WTW,n2o,0.0010968127906976,Mt
GHG Forward lower,Aviation,1982,WTW,n2o,0.0011088546511627,Mt
GHG Forward lower,Aviation,1983,WTW,n2o,0.0011239069767441,Mt
GHG Forward lower,Aviation,1984,WTW,n2o,0.0011991686046511,Mt
GHG Forward lower,Aviation,1985,WTW,n2o,0.0012383046511627,Mt
GHG Forward lower,Aviation,1986,WTW,n2o,0.0013035313953488,Mt
GHG Forward lower,Aviation,1987,WTW,n2o,0.0013607302325581,Mt
GHG Forward lower,Aviation,1988,WTW,n2o,0.0014189325581395,Mt
GHG Forward lower,Aviation,1989,WTW,n2o,0.0014701104651162,Mt
GHG Forward lower,Aviation,1990,WTW,n2o,0.0015010072699999,Mt
GHG Forward lower,Aviation,1991,WTW,n2o,0.0014515918899999,Mt
GHG Forward lower,Aviation,1992,WTW,n2o,0.0014549575899999,Mt
GHG Forward lower,Aviation,1993,WTW,n2o,0.0014628971899999,Mt
GHG Forward lower,Aviation,1994,WTW,n2o,0.0015326793699999,Mt
GHG Forward lower,Aviation,1995,WTW,n2o,0.0015699954899999,Mt
GHG Forward lower,Aviation,1996,WTW,n2o,0.0016410549099999,Mt
GHG Forward lower,Aviation,1997,WTW,n2o,0.0016910226099999,Mt
GHG Forward lower,Aviation,1998,WTW,n2o,0.0017243689299999,Mt
GHG Forward lower,Aviation,1999,WTW,n2o,0.0017799892799999,Mt
GHG Forward lower,Aviation,2000,WTW,n2o,0.0018721749399999,Mt
GHG Forward lower,Aviation,2001,WTW,n2o,0.0018008479899999,Mt
GHG Forward lower,Aviation,2002,WTW,n2o,0.0018044898499999,Mt
GHG Forward lower,Aviation,2003,WTW,n2o,0.0018033593199999,Mt
GHG Forward lower,Aviation,2004,WTW,n2o,0.0019168006699999,Mt
GHG Forward lower,Aviation,2005,WTW,n2o,0.0020110057499999,Mt
GHG Forward lower,Aviation,2006,WTW,n2o,0.0020344534599999,Mt
GHG Forward lower,Aviation,2007,WTW,n2o,0.0020935344399999,Mt
GHG Forward lower,Aviation,2008,WTW,n2o,0.0020838515799999,Mt
GHG Forward lower,Aviation,2009,WTW,n2o,0.0019761319199999,Mt
GHG Forward lower,Aviation,2010,WTW,n2o,0.0020759119799999,Mt
GHG Forward lower,Aviation,2011,WTW,n2o,0.0021374783999999,Mt
GHG Forward lower,Aviation,2012,WTW,n2o,0.0021606154299999,Mt
GHG Forward lower,Aviation,2013,WTW,n2o,0.0022220265099999,Mt
GHG Forward lower,Aviation,2014,WTW,n2o,0.0022919295099999,Mt
GHG Forward lower,Aviation,2015,WTW,n2o,0.0024170990299999,Mt
GHG Forward lower,Aviation,2016,WTW,n2o,0.0025340010099999,Mt
GHG Forward lower,Aviation,2017,WTW,n2o,0.0026835070695899,Mt
GHG Forward lower,Aviation,2018,WTW,n2o,0.0028230494372086,Mt
GHG Forward lower,Aviation,2019,WTW,n2o,0.0025243239968249,Mt
GHG Forward lower,Aviation,2020,WTW,n2o,0.0013673421648389,Mt
GHG Forward lower,Aviation,2021,WTW,n2o,0.0016302925811209,Mt
GHG Forward lower,Aviation,2022,WTW,n2o,0.0019984231642609,Mt
GHG Forward lower,Aviation,2023,WTW,n2o,0.0023231726764089,Mt
GHG Forward lower,Aviation,2024,WTW,n2o,0.0025034062575308,Mt
GHG Forward lower,Aviation,2025,WTW,n2o,0.0026262163647732,Mt
GHG Forward lower,Aviation,2026,WTW,n2o,0.0026401158596952,Mt
GHG Forward lower,Aviation,2027,WTW,n2o,0.0026571852950045,Mt
GHG Forward lower,Aviation,2028,WTW,n2o,0.0026753587564373,Mt
GHG Forward lower,Aviation,2029,WTW,n2o,0.0026937690923192,Mt
GHG Forward lower,Aviation,2030,WTW,n2o,0.0027064011706949,Mt
GHG Forward lower,Aviation,2031,WTW,n2o,0.0027189626526057,Mt
GHG Forward lower,Aviation,2032,WTW,n2o,0.0027311213538663,Mt
GHG Forward lower,Aviation,2033,WTW,n2o,0.002742897541095,Mt
GHG Forward lower,Aviation,2034,WTW,n2o,0.0027543870194445,Mt
GHG Forward lower,Aviation,2035,WTW,n2o,0.0027627024807811,Mt
GHG Forward lower,Aviation,2036,WTW,n2o,0.0027658275986346,Mt
GHG Forward lower,Aviation,2037,WTW,n2o,0.0027629258096816,Mt
GHG Forward lower,Aviation,2038,WTW,n2o,0.0027520527076764,Mt
GHG Forward lower,Aviation,2039,WTW,n2o,0.0027337484390304,Mt
GHG Forward lower,Aviation,2040,WTW,n2o,0.0027132749536807,Mt
GHG Forward lower,Aviation,2041,WTW,n2o,0.0028120802156434,Mt
GHG Forward lower,Aviation,2042,WTW,n2o,0.0029104132497486,Mt
GHG Forward lower,Aviation,2043,WTW,n2o,0.0030070864574695,Mt
GHG Forward lower,Aviation,2044,WTW,n2o,0.0031030085568168,Mt
GHG Forward lower,Aviation,2045,WTW,n2o,0.0031984404368509,Mt
GHG Forward lower,Aviation,2046,WTW,n2o,0.0032906086843288,Mt
GHG Forward lower,Aviation,2047,WTW,n2o,0.0033815835195411,Mt
GHG Forward lower,Aviation,2048,WTW,n2o,0.0034718395748904,Mt
GHG Forward lower,Aviation,2049,WTW,n2o,0.0035621930320051,Mt
GHG Forward lower,Aviation,2050,WTW,n2o,0.003653581137567,Mt
GHG Forward upper,Aviation,1940,WTW,n2o,7.72686046511613e-05,Mt
GHG Forward upper,Aviation,1941,WTW,n2o,8.328953488371934e-05,Mt
GHG Forward upper,Aviation,1942,WTW,n2o,9.031395348837036e-05,Mt
GHG Forward upper,Aviation,1943,WTW,n2o,9.733837209302136e-05,Mt
GHG Forward upper,Aviation,1944,WTW,n2o,0.0001053662790697,Mt
GHG Forward upper,Aviation,1945,WTW,n2o,0.0001133941860465,Mt
GHG Forward upper,Aviation,1946,WTW,n2o,0.0001234290697674,Mt
GHG Forward upper,Aviation,1947,WTW,n2o,0.0001324604651162,Mt
GHG Forward upper,Aviation,1948,WTW,n2o,0.0001434988372092,Mt
GHG Forward upper,Aviation,1949,WTW,n2o,0.0001545372093023,Mt
GHG Forward upper,Aviation,1950,WTW,n2o,0.0001675825581395,Mt
GHG Forward upper,Aviation,1951,WTW,n2o,0.0001806279069767,Mt
GHG Forward upper,Aviation,1952,WTW,n2o,0.000194676744186,Mt
GHG Forward upper,Aviation,1953,WTW,n2o,0.0002107325581395,Mt
GHG Forward upper,Aviation,1954,WTW,n2o,0.0002277918604651,Mt
GHG Forward upper,Aviation,1955,WTW,n2o,0.0002458546511627,Mt
GHG Forward upper,Aviation,1956,WTW,n2o,0.0002659244186046,Mt
GHG Forward upper,Aviation,1957,WTW,n2o,0.0002869976744185,Mt
GHG Forward upper,Aviation,1958,WTW,n2o,0.0003100779069767,Mt
GHG Forward upper,Aviation,1959,WTW,n2o,0.0003341616279069,Mt
GHG Forward upper,Aviation,1960,WTW,n2o,0.0003612558139534,Mt
GHG Forward upper,Aviation,1961,WTW,n2o,0.0003963779069767,Mt
GHG Forward upper,Aviation,1962,WTW,n2o,0.0004365174418604,Mt
GHG Forward upper,Aviation,1963,WTW,n2o,0.0004606011627906,Mt
GHG Forward upper,Aviation,1964,WTW,n2o,0.0004816744186046,Mt
GHG Forward upper,Aviation,1965,WTW,n2o,0.0005147895348837,Mt
GHG Forward upper,Aviation,1966,WTW,n2o,0.0005579395348837,Mt
GHG Forward upper,Aviation,1967,WTW,n2o,0.000658288372093,Mt
GHG Forward upper,Aviation,1968,WTW,n2o,0.0007455918604651,Mt
GHG Forward upper,Aviation,1969,WTW,n2o,0.0007807139534883,Mt
GHG Forward upper,Aviation,1970,WTW,n2o,0.0007827209302325,Mt
GHG Forward upper,Aviation,1971,WTW,n2o,0.0009031395348837,Mt
GHG Forward upper,Aviation,1972,WTW,n2o,0.0009633488372092,Mt
GHG Forward upper,Aviation,1973,WTW,n2o,0.0009974674418604,Mt
GHG Forward upper,Aviation,1974,WTW,n2o,0.0009633488372092,Mt
GHG Forward upper,Aviation,1975,WTW,n2o,0.0009643523255813,Mt
GHG Forward upper,Aviation,1976,WTW,n2o,0.0009673627906976,Mt
GHG Forward upper,Aviation,1977,WTW,n2o,0.0010245616279069,Mt
GHG Forward upper,Aviation,1978,WTW,n2o,0.0010606872093023,Mt
GHG Forward upper,Aviation,1979,WTW,n2o,0.0011048406976743,Mt
GHG Forward upper,Aviation,1980,WTW,n2o,0.0011128686046511,Mt
GHG Forward upper,Aviation,1981,WTW,n2o,0.0010968127906976,Mt
GHG Forward upper,Aviation,1982,WTW,n2o,0.0011088546511627,Mt
GHG Forward upper,Aviation,1983,WTW,n2o,0.0011239069767441,Mt
GHG Forward upper,Aviation,1984,WTW,n2o,0.0011991686046511,Mt
GHG Forward upper,Aviation,1985,WTW,n2o,0.0012383046511627,Mt
GHG Forward upper,Aviation,1986,WTW,n2o,0.0013035313953488,Mt
GHG Forward upper,Aviation,1987,WTW,n2o,0.0013607302325581,Mt
GHG Forward upper,Aviation,1988,WTW,n2o,0.0014189325581395,Mt
GHG Forward upper,Aviation,1989,WTW,n2o,0.0014701104651162,Mt
GHG Forward upper,Aviation,1990,WTW,n2o,0.0015010072699999,Mt
GHG Forward upper,Aviation,1991,WTW,n2o,0.0014515918899999,Mt
GHG Forward upper,Aviation,1992,WTW,n2o,0.0014549575899999,Mt
GHG Forward upper,Aviation,1993,WTW,n2o,0.0014628971899999,Mt
GHG Forward upper,Aviation,1994,WTW,n2o,0.0015326793699999,Mt
GHG Forward upper,Aviation,1995,WTW,n2o,0.0015699954899999,Mt
GHG Forward upper,Aviation,1996,WTW,n2o,0.0016410549099999,Mt
GHG Forward upper,Aviation,1997,WTW,n2o,0.0016910226099999,Mt
GHG Forward upper,Aviation,1998,WTW,n2o,0.0017243689299999,Mt
GHG Forward upper,Aviation,1999,WTW,n2o,0.0017799892799999,Mt
GHG Forward upper,Aviation,2000,WTW,n2o,0.0018721749399999,Mt
GHG Forward upper,Aviation,2001,WTW,n2o,0.0018008479899999,Mt
GHG Forward upper,Aviation,2002,WTW,n2o,0.0018044898499999,Mt
GHG Forward upper,Aviation,2003,WTW,n2o,0.0018033593199999,Mt
GHG Forward upper,Aviation,2004,WTW,n2o,0.0019168006699999,Mt
GHG Forward upper,Aviation,2005,WTW,n2o,0.0020110057499999,Mt
GHG Forward upper,Aviation,2006,WTW,n2o,0.0020344534599999,Mt
GHG Forward upper,Aviation,2007,WTW,n2o,0.0020935344399999,Mt
GHG Forward upper,Aviation,2008,WTW,n2o,0.0020838515799999,Mt
GHG Forward upper,Aviation,2009,WTW,n2o,0.0019761319199999,Mt
GHG Forward upper,Aviation,2010,WTW,n2o,0.0020759119799999,Mt
GHG Forward upper,Aviation,2011,WTW,n2o,0.0021374783999999,Mt
GHG Forward upper,Aviation,2012,WTW,n2o,0.0021606154299999,Mt
GHG Forward upper,Aviation,2013,WTW,n2o,0.0022220265099999,Mt
GHG Forward upper,Aviation,2014,WTW,n2o,0.0022919295099999,Mt
GHG Forward upper,Aviation,2015,WTW,n2o,0.0024170990299999,Mt
GHG Forward upper,Aviation,2016,WTW,n2o,0.0025340010099999,Mt
GHG Forward upper,Aviation,2017,WTW,n2o,0.0026835070695899,Mt
GHG Forward upper,Aviation,2018,WTW,n2o,0.0028230494372086,Mt
GHG Forward upper,Aviation,2019,WTW,n2o,0.0025243239968249,Mt
GHG Forward upper,Aviation,2020,WTW,n2o,0.0013673421648389,Mt
GHG Forward upper,Aviation,2021,WTW,n2o,0.0016302925811209,Mt
GHG Forward upper,Aviation,2022,WTW,n2o,0.0019984231642609,Mt
GHG Forward upper,Aviation,2023,WTW,n2o,0.0023231726764089,Mt
GHG Forward upper,Aviation,2024,WTW,n2o,0.0025034062575308,Mt
GHG Forward upper,Aviation,2025,WTW,n2o,0.0026262163647732,Mt
GHG Forward upper,Aviation,2026,WTW,n2o,0.0026401158596952,Mt
GHG Forward upper,Aviation,2027,WTW,n2o,0.0026571852950045,Mt
GHG Forward upper,Aviation,2028,WTW,n2o,0.0026753587564373,Mt
GHG Forward upper,Aviation,2029,WTW,n2o,0.0026937690923192,Mt
GHG Forward upper,Aviation,2030,WTW,n2o,0.0027064011706949,Mt
GHG Forward upper,Aviation,2031,WTW,n2o,0.0027189626526057,Mt
GHG Forward upper,Aviation,2032,WTW,n2o,0.0027311213538663,Mt
GHG Forward upper,Aviation,2033,WTW,n2o,0.002742897541095,Mt
GHG Forward upper,Aviation,2034,WTW,n2o,0.0027543870194445,Mt
GHG Forward upper,Aviation,2035,WTW,n2o,0.0027627024807811,Mt
GHG Forward upper,Aviation,2036,WTW,n2o,0.0027658275986346,Mt
GHG Forward upper,Aviation,2037,WTW,n2o,0.0027629258096816,Mt
GHG Forward upper,Aviation,2038,WTW,n2o,0.0027520527076764,Mt
GHG Forward upper,Aviation,2039,WTW,n2o,0.0027337484390304,Mt
GHG Forward upper,Aviation,2040,WTW,n2o,0.0027132749536807,Mt
GHG Forward upper,Aviation,2041,WTW,n2o,0.0028120802156434,Mt
GHG Forward upper,Aviation,2042,WTW,n2o,0.0029104132497486,Mt
GHG Forward upper,Aviation,2043,WTW,n2o,0.0030070864574695,Mt
GHG Forward upper,Aviation,2044,WTW,n2o,0.0031030085568168,Mt
GHG Forward upper,Aviation,2045,WTW,n2o,0.0031984404368509,Mt
GHG Forward upper,Aviation,2046,WTW,n2o,0.0032906086843288,Mt
GHG Forward upper,Aviation,2047,WTW,n2o,0.0033815835195411,Mt
GHG Forward upper,Aviation,2048,WTW,n2o,0.0034718395748904,Mt
GHG Forward upper,Aviation,2049,WTW,n2o,0.0035621930320051,Mt
GHG Forward upper,Aviation,2050,WTW,n2o,0.003653581137567,Mt
BAU,Aviation,1940,WTW,n2o,7.72686046511613e-05,Mt
BAU,Aviation,1941,WTW,n2o,8.328953488371934e-05,Mt
BAU,Aviation,1942,WTW,n2o,9.031395348837036e-05,Mt
BAU,Aviation,1943,WTW,n2o,9.733837209302136e-05,Mt
BAU,Aviation,1944,WTW,n2o,0.0001053662790697,Mt
BAU,Aviation,1945,WTW,n2o,0.0001133941860465,Mt
BAU,Aviation,1946,WTW,n2o,0.0001234290697674,Mt
BAU,Aviation,1947,WTW,n2o,0.0001324604651162,Mt
BAU,Aviation,1948,WTW,n2o,0.0001434988372092,Mt
BAU,Aviation,1949,WTW,n2o,0.0001545372093023,Mt
BAU,Aviation,1950,WTW,n2o,0.0001675825581395,Mt
BAU,Aviation,1951,WTW,n2o,0.0001806279069767,Mt
BAU,Aviation,1952,WTW,n2o,0.000194676744186,Mt
BAU,Aviation,1953,WTW,n2o,0.0002107325581395,Mt
BAU,Aviation,1954,WTW,n2o,0.0002277918604651,Mt
BAU,Aviation,1955,WTW,n2o,0.0002458546511627,Mt
BAU,Aviation,1956,WTW,n2o,0.0002659244186046,Mt
BAU,Aviation,1957,WTW,n2o,0.0002869976744185,Mt
BAU,Aviation,1958,WTW,n2o,0.0003100779069767,Mt
BAU,Aviation,1959,WTW,n2o,0.0003341616279069,Mt
BAU,Aviation,1960,WTW,n2o,0.0003612558139534,Mt
BAU,Aviation,1961,WTW,n2o,0.0003963779069767,Mt
BAU,Aviation,1962,WTW,n2o,0.0004365174418604,Mt
BAU,Aviation,1963,WTW,n2o,0.0004606011627906,Mt
BAU,Aviation,1964,WTW,n2o,0.0004816744186046,Mt
BAU,Aviation,1965,WTW,n2o,0.0005147895348837,Mt
BAU,Aviation,1966,WTW,n2o,0.0005579395348837,Mt
BAU,Aviation,1967,WTW,n2o,0.000658288372093,Mt
BAU,Aviation,1968,WTW,n2o,0.0007455918604651,Mt
BAU,Aviation,1969,WTW,n2o,0.0007807139534883,Mt
BAU,Aviation,1970,WTW,n2o,0.0007827209302325,Mt
BAU,Aviation,1971,WTW,n2o,0.0009031395348837,Mt
BAU,Aviation,1972,WTW,n2o,0.0009633488372092,Mt
BAU,Aviation,1973,WTW,n2o,0.0009974674418604,Mt
BAU,Aviation,1974,WTW,n2o,0.0009633488372092,Mt
BAU,Aviation,1975,WTW,n2o,0.0009643523255813,Mt
BAU,Aviation,1976,WTW,n2o,0.0009673627906976,Mt
BAU,Aviation,1977,WTW,n2o,0.0010245616279069,Mt
BAU,Aviation,1978,WTW,n2o,0.0010606872093023,Mt
BAU,Aviation,1979,WTW,n2o,0.0011048406976743,Mt
BAU,Aviation,1980,WTW,n2o,0.0011128686046511,Mt
BAU,Aviation,1981,WTW,n2o,0.0010968127906976,Mt
BAU,Aviation,1982,WTW,n2o,0.0011088546511627,Mt
BAU,Aviation,1983,WTW,n2o,0.0011239069767441,Mt
BAU,Aviation,1984,WTW,n2o,0.0011991686046511,Mt
BAU,Aviation,1985,WTW,n2o,0.0012383046511627,Mt
BAU,Aviation,1986,WTW,n2o,0.0013035313953488,Mt
BAU,Aviation,1987,WTW,n2o,0.0013607302325581,Mt
BAU,Aviation,1988,WTW,n2o,0.0014189325581395,Mt
BAU,Aviation,1989,WTW,n2o,0.0014701104651162,Mt
BAU,Aviation,1990,WTW,n2o,0.0015010072699999,Mt
BAU,Aviation,1991,WTW,n2o,0.0014515918899999,Mt
BAU,Aviation,1992,WTW,n2o,0.0014549575899999,Mt
BAU,Aviation,1993,WTW,n2o,0.0014628971899999,Mt
BAU,Aviation,1994,WTW,n2o,0.0015326793699999,Mt
BAU,Aviation,1995,WTW,n2o,0.0015699954899999,Mt
BAU,Aviation,1996,WTW,n2o,0.0016410549099999,Mt
BAU,Aviation,1997,WTW,n2o,0.0016910226099999,Mt
BAU,Aviation,1998,WTW,n2o,0.0017243689299999,Mt
BAU,Aviation,1999,WTW,n2o,0.0017799892799999,Mt
BAU,Aviation,2000,WTW,n2o,0.0018721749399999,Mt
BAU,Aviation,2001,WTW,n2o,0.0018008479899999,Mt
BAU,Aviation,2002,WTW,n2o,0.0018044898499999,Mt
BAU,Aviation,2003,WTW,n2o,0.0018033593199999,Mt
BAU,Aviation,2004,WTW,n2o,0.0019168006699999,Mt
BAU,Aviation,2005,WTW,n2o,0.0020110057499999,Mt
BAU,Aviation,2006,WTW,n2o,0.0020344534599999,Mt
BAU,Aviation,2007,WTW,n2o,0.0020935344399999,Mt
BAU,Aviation,2008,WTW,n2o,0.0020838515799999,Mt
BAU,Aviation,2009,WTW,n2o,0.0019761319199999,Mt
BAU,Aviation,2010,WTW,n2o,0.0020759119799999,Mt
BAU,Aviation,2011,WTW,n2o,0.0021374783999999,Mt
BAU,Aviation,2012,WTW,n2o,0.0021606154299999,Mt
BAU,Aviation,2013,WTW,n2o,0.0022220265099999,Mt
BAU,Aviation,2014,WTW,n2o,0.0022919295099999,Mt
BAU,Aviation,2015,WTW,n2o,0.0024170990299999,Mt
BAU,Aviation,2016,WTW,n2o,0.0025340010099999,Mt
BAU,Aviation,2017,WTW,n2o,0.0026835070695899,Mt
BAU,Aviation,2018,WTW,n2o,0.0028230494372086,Mt
BAU,Aviation,2019,WTW,n2o,0.0025243239968249,Mt
BAU,Aviation,2020,WTW,n2o,0.0013673421648389,Mt
BAU,Aviation,2021,WTW,n2o,0.0016302925811209,Mt
BAU,Aviation,2022,WTW,n2o,0.0019984231642609,Mt
BAU,Aviation,2023,WTW,n2o,0.0023231726764089,Mt
BAU,Aviation,2024,WTW,n2o,0.0025159609277197,Mt
BAU,Aviation,2025,WTW,n2o,0.0026868484965148,Mt
BAU,Aviation,2026,WTW,n2o,0.0027382500751151,Mt
BAU,Aviation,2027,WTW,n2o,0.0027943130100031,Mt
BAU,Aviation,2028,WTW,n2o,0.0028530459157944,Mt
BAU,Aviation,2029,WTW,n2o,0.0029136365357104,Mt
BAU,Aviation,2030,WTW,n2o,0.0029760020167579,Mt
BAU,Aviation,2031,WTW,n2o,0.0030400779464504,Mt
BAU,Aviation,2032,WTW,n2o,0.0031058382371006,Mt
BAU,Aviation,2033,WTW,n2o,0.0031733622881337,Mt
BAU,Aviation,2034,WTW,n2o,0.0032428206317512,Mt
BAU,Aviation,2035,WTW,n2o,0.0033144822484356,Mt
BAU,Aviation,2036,WTW,n2o,0.0033886923010243,Mt
BAU,Aviation,2037,WTW,n2o,0.0034658376035542,Mt
BAU,Aviation,2038,WTW,n2o,0.0035462630290299,Mt
BAU,Aviation,2039,WTW,n2o,0.0036302554741818,Mt
BAU,Aviation,2040,WTW,n2o,0.0037179298552611,Mt
BAU,Aviation,2041,WTW,n2o,0.0038092507382725,Mt
BAU,Aviation,2042,WTW,n2o,0.0039039860797045,Mt
BAU,Aviation,2043,WTW,n2o,0.0040018267373525,Mt
BAU,Aviation,2044,WTW,n2o,0.0041024589482325,Mt
BAU,Aviation,2045,WTW,n2o,0.0042056305217422,Mt
BAU,Aviation,2046,WTW,n2o,0.0043112827025455,Mt
BAU,Aviation,2047,WTW,n2o,0.004419557345145,Mt
BAU,Aviation,2048,WTW,n2o,0.0045308031485968,Mt
BAU,Aviation,2049,WTW,n2o,0.0046454503498581,Mt
BAU,Aviation,2050,WTW,n2o,0.0047639205127479,Mt
Historical Trends lower,Aviation,1940,WTW,n2o,7.72686046511613e-05,Mt
Historical Trends lower,Aviation,1941,WTW,n2o,8.328953488371934e-05,Mt
Historical Trends lower,Aviation,1942,WTW,n2o,9.031395348837036e-05,Mt
Historical Trends lower,Aviation,1943,WTW,n2o,9.733837209302136e-05,Mt
Historical Trends lower,Aviation,1944,WTW,n2o,0.0001053662790697,Mt
Historical Trends lower,Aviation,1945,WTW,n2o,0.0001133941860465,Mt
Historical Trends lower,Aviation,1946,WTW,n2o,0.0001234290697674,Mt
Historical Trends lower,Aviation,1947,WTW,n2o,0.0001324604651162,Mt
Historical Trends lower,Aviation,1948,WTW,n2o,0.0001434988372092,Mt
Historical Trends lower,Aviation,1949,WTW,n2o,0.0001545372093023,Mt
Historical Trends lower,Aviation,1950,WTW,n2o,0.0001675825581395,Mt
Historical Trends lower,Aviation,1951,WTW,n2o,0.0001806279069767,Mt
Historical Trends lower,Aviation,1952,WTW,n2o,0.000194676744186,Mt
Historical Trends lower,Aviation,1953,WTW,n2o,0.0002107325581395,Mt
Historical Trends lower,Aviation,1954,WTW,n2o,0.0002277918604651,Mt
Historical Trends lower,Aviation,1955,WTW,n2o,0.0002458546511627,Mt
Historical Trends lower,Aviation,1956,WTW,n2o,0.0002659244186046,Mt
Historical Trends lower,Aviation,1957,WTW,n2o,0.0002869976744185,Mt
Historical Trends lower,Aviation,1958,WTW,n2o,0.0003100779069767,Mt
Historical Trends lower,Aviation,1959,WTW,n2o,0.0003341616279069,Mt
Historical Trends lower,Aviation,1960,WTW,n2o,0.0003612558139534,Mt
Historical Trends lower,Aviation,1961,WTW,n2o,0.0003963779069767,Mt
Historical Trends lower,Aviation,1962,WTW,n2o,0.0004365174418604,Mt
Historical Trends lower,Aviation,1963,WTW,n2o,0.0004606011627906,Mt
Historical Trends lower,Aviation,1964,WTW,n2o,0.0004816744186046,Mt
Historical Trends lower,Aviation,1965,WTW,n2o,0.0005147895348837,Mt
Historical Trends lower,Aviation,1966,WTW,n2o,0.0005579395348837,Mt
Historical Trends lower,Aviation,1967,WTW,n2o,0.000658288372093,Mt
Historical Trends lower,Aviation,1968,WTW,n2o,0.0007455918604651,Mt
Historical Trends lower,Aviation,1969,WTW,n2o,0.0007807139534883,Mt
Historical Trends lower,Aviation,1970,WTW,n2o,0.0007827209302325,Mt
Historical Trends lower,Aviation,1971,WTW,n2o,0.0009031395348837,Mt
Historical Trends lower,Aviation,1972,WTW,n2o,0.0009633488372092,Mt
Historical Trends lower,Aviation,1973,WTW,n2o,0.0009974674418604,Mt
Historical Trends lower,Aviation,1974,WTW,n2o,0.0009633488372092,Mt
Historical Trends lower,Aviation,1975,WTW,n2o,0.0009643523255813,Mt
Historical Trends lower,Aviation,1976,WTW,n2o,0.0009673627906976,Mt
Historical Trends lower,Aviation,1977,WTW,n2o,0.0010245616279069,Mt
Historical Trends lower,Aviation,1978,WTW,n2o,0.0010606872093023,Mt
Historical Trends lower,Aviation,1979,WTW,n2o,0.0011048406976743,Mt
Historical Trends lower,Aviation,1980,WTW,n2o,0.0011128686046511,Mt
Historical Trends lower,Aviation,1981,WTW,n2o,0.0010968127906976,Mt
Historical Trends lower,Aviation,1982,WTW,n2o,0.0011088546511627,Mt
Historical Trends lower,Aviation,1983,WTW,n2o,0.0011239069767441,Mt
Historical Trends lower,Aviation,1984,WTW,n2o,0.0011991686046511,Mt
Historical Trends lower,Aviation,1985,WTW,n2o,0.0012383046511627,Mt
Historical Trends lower,Aviation,1986,WTW,n2o,0.0013035313953488,Mt
Historical Trends lower,Aviation,1987,WTW,n2o,0.0013607302325581,Mt
Historical Trends lower,Aviation,1988,WTW,n2o,0.0014189325581395,Mt
Historical Trends lower,Aviation,1989,WTW,n2o,0.0014701104651162,Mt
Historical Trends lower,Aviation,1990,WTW,n2o,0.0015010072699999,Mt
Historical Trends lower,Aviation,1991,WTW,n2o,0.0014515918899999,Mt
Historical Trends lower,Aviation,1992,WTW,n2o,0.0014549575899999,Mt
Historical Trends lower,Aviation,1993,WTW,n2o,0.0014628971899999,Mt
Historical Trends lower,Aviation,1994,WTW,n2o,0.0015326793699999,Mt
Historical Trends lower,Aviation,1995,WTW,n2o,0.0015699954899999,Mt
Historical Trends lower,Aviation,1996,WTW,n2o,0.0016410549099999,Mt
Historical Trends lower,Aviation,1997,WTW,n2o,0.0016910226099999,Mt
Historical Trends lower,Aviation,1998,WTW,n2o,0.0017243689299999,Mt
Historical Trends lower,Aviation,1999,WTW,n2o,0.0017799892799999,Mt
Historical Trends lower,Aviation,2000,WTW,n2o,0.0018721749399999,Mt
Historical Trends lower,Aviation,2001,WTW,n2o,0.0018008479899999,Mt
Historical Trends lower,Aviation,2002,WTW,n2o,0.0018044898499999,Mt
Historical Trends lower,Aviation,2003,WTW,n2o,0.0018033593199999,Mt
Historical Trends lower,Aviation,2004,WTW,n2o,0.0019168006699999,Mt
Historical Trends lower,Aviation,2005,WTW,n2o,0.0020110057499999,Mt
Historical Trends lower,Aviation,2006,WTW,n2o,0.0020344534599999,Mt
Historical Trends lower,Aviation,2007,WTW,n2o,0.0020935344399999,Mt
Historical Trends lower,Aviation,2008,WTW,n2o,0.0020838515799999,Mt
Historical Trends lower,Aviation,2009,WTW,n2o,0.0019761319199999,Mt
Historical Trends lower,Aviation,2010,WTW,n2o,0.0020759119799999,Mt
Historical Trends lower,Aviation,2011,WTW,n2o,0.0021374783999999,Mt
Historical Trends lower,Aviation,2012,WTW,n2o,0.0021606154299999,Mt
Historical Trends lower,Aviation,2013,WTW,n2o,0.0022220265099999,Mt
Historical Trends lower,Aviation,2014,WTW,n2o,0.0022919295099999,Mt
Historical Trends lower,Aviation,2015,WTW,n2o,0.0024170990299999,Mt
Historical Trends lower,Aviation,2016,WTW,n2o,0.0025340010099999,Mt
Historical Trends lower,Aviation,2017,WTW,n2o,0.0026835070695899,Mt
Historical Trends lower,Aviation,2018,WTW,n2o,0.0028230494372086,Mt
Historical Trends lower,Aviation,2019,WTW,n2o,0.0025243239968249,Mt
Historical Trends lower,Aviation,2020,WTW,n2o,0.0013673421648389,Mt
Historical Trends lower,Aviation,2021,WTW,n2o,0.0016302925811209,Mt
Historical Trends lower,Aviation,2022,WTW,n2o,0.0019984231642609,Mt
Historical Trends lower,Aviation,2023,WTW,n2o,0.0023231726764089,Mt
Historical Trends lower,Aviation,2024,WTW,n2o,0.0025159609277197,Mt
Historical Trends lower,Aviation,2025,WTW,n2o,0.0026868484965148,Mt
Historical Trends lower,Aviation,2026,WTW,n2o,0.0027382500751151,Mt
Historical Trends lower,Aviation,2027,WTW,n2o,0.0027943130100031,Mt
Historical Trends lower,Aviation,2028,WTW,n2o,0.0028530459157944,Mt
Historical Trends lower,Aviation,2029,WTW,n2o,0.0029136365357104,Mt
Historical Trends lower,Aviation,2030,WTW,n2o,0.0029760020167579,Mt
Historical Trends lower,Aviation,2031,WTW,n2o,0.0030400779464504,Mt
Historical Trends lower,Aviation,2032,WTW,n2o,0.0031058382371006,Mt
Historical Trends lower,Aviation,2033,WTW,n2o,0.0031733622881337,Mt
Historical Trends lower,Aviation,2034,WTW,n2o,0.0032428206317512,Mt
Historical Trends lower,Aviation,2035,WTW,n2o,0.0033144822484356,Mt
Historical Trends lower,Aviation,2036,WTW,n2o,0.0033886923010243,Mt
Historical Trends lower,Aviation,2037,WTW,n2o,0.0034658376035542,Mt
Historical Trends lower,Aviation,2038,WTW,n2o,0.0035462630290299,Mt
Historical Trends lower,Aviation,2039,WTW,n2o,0.0036302554741818,Mt
Historical Trends lower,Aviation,2040,WTW,n2o,0.0037179298552611,Mt
Historical Trends lower,Aviation,2041,WTW,n2o,0.0038092507382725,Mt
Historical Trends lower,Aviation,2042,WTW,n2o,0.0039039860797045,Mt
Historical Trends lower,Aviation,2043,WTW,n2o,0.0040018267373525,Mt
Historical Trends lower,Aviation,2044,WTW,n2o,0.0041024589482325,Mt
Historical Trends lower,Aviation,2045,WTW,n2o,0.0042056305217422,Mt
Historical Trends lower,Aviation,2046,WTW,n2o,0.0043112827025455,Mt
Historical Trends lower,Aviation,2047,WTW,n2o,0.004419557345145,Mt
Historical Trends lower,Aviation,2048,WTW,n2o,0.0045308031485968,Mt
Historical Trends lower,Aviation,2049,WTW,n2o,0.0046454503498581,Mt
Historical Trends lower,Aviation,2050,WTW,n2o,0.0047639205127479,Mt
Historical Trends upper,Aviation,1940,WTW,n2o,7.72686046511613e-05,Mt
Historical Trends upper,Aviation,1941,WTW,n2o,8.328953488371934e-05,Mt
Historical Trends upper,Aviation,1942,WTW,n2o,9.031395348837036e-05,Mt
Historical Trends upper,Aviation,1943,WTW,n2o,9.733837209302136e-05,Mt
Historical Trends upper,Aviation,1944,WTW,n2o,0.0001053662790697,Mt
Historical Trends upper,Aviation,1945,WTW,n2o,0.0001133941860465,Mt
Historical Trends upper,Aviation,1946,WTW,n2o,0.0001234290697674,Mt
Historical Trends upper,Aviation,1947,WTW,n2o,0.0001324604651162,Mt
Historical Trends upper,Aviation,1948,WTW,n2o,0.0001434988372092,Mt
Historical Trends upper,Aviation,1949,WTW,n2o,0.0001545372093023,Mt
Historical Trends upper,Aviation,1950,WTW,n2o,0.0001675825581395,Mt
Historical Trends upper,Aviation,1951,WTW,n2o,0.0001806279069767,Mt
Historical Trends upper,Aviation,1952,WTW,n2o,0.000194676744186,Mt
Historical Trends upper,Aviation,1953,WTW,n2o,0.0002107325581395,Mt
Historical Trends upper,Aviation,1954,WTW,n2o,0.0002277918604651,Mt
Historical Trends upper,Aviation,1955,WTW,n2o,0.0002458546511627,Mt
Historical Trends upper,Aviation,1956,WTW,n2o,0.0002659244186046,Mt
Historical Trends upper,Aviation,1957,WTW,n2o,0.0002869976744185,Mt
Historical Trends upper,Aviation,1958,WTW,n2o,0.0003100779069767,Mt
Historical Trends upper,Aviation,1959,WTW,n2o,0.0003341616279069,Mt
Historical Trends upper,Aviation,1960,WTW,n2o,0.0003612558139534,Mt
Historical Trends upper,Aviation,1961,WTW,n2o,0.0003963779069767,Mt
Historical Trends upper,Aviation,1962,WTW,n2o,0.0004365174418604,Mt
Historical Trends upper,Aviation,1963,WTW,n2o,0.0004606011627906,Mt
Historical Trends upper,Aviation,1964,WTW,n2o,0.0004816744186046,Mt
Historical Trends upper,Aviation,1965,WTW,n2o,0.0005147895348837,Mt
Historical Trends upper,Aviation,1966,WTW,n2o,0.0005579395348837,Mt
Historical Trends upper,Aviation,1967,WTW,n2o,0.000658288372093,Mt
Historical Trends upper,Aviation,1968,WTW,n2o,0.0007455918604651,Mt
Historical Trends upper,Aviation,1969,WTW,n2o,0.0007807139534883,Mt
Historical Trends upper,Aviation,1970,WTW,n2o,0.0007827209302325,Mt
Historical Trends upper,Aviation,1971,WTW,n2o,0.0009031395348837,Mt
Historical Trends upper,Aviation,1972,WTW,n2o,0.0009633488372092,Mt
Historical Trends upper,Aviation,1973,WTW,n2o,0.0009974674418604,Mt
Historical Trends upper,Aviation,1974,WTW,n2o,0.0009633488372092,Mt
Historical Trends upper,Aviation,1975,WTW,n2o,0.0009643523255813,Mt
Historical Trends upper,Aviation,1976,WTW,n2o,0.0009673627906976,Mt
Historical Trends upper,Aviation,1977,WTW,n2o,0.0010245616279069,Mt
Historical Trends upper,Aviation,1978,WTW,n2o,0.0010606872093023,Mt
Historical Trends upper,Aviation,1979,WTW,n2o,0.0011048406976743,Mt
Historical Trends upper,Aviation,1980,WTW,n2o,0.0011128686046511,Mt
Historical Trends upper,Aviation,1981,WTW,n2o,0.0010968127906976,Mt
Historical Trends upper,Aviation,1982,WTW,n2o,0.0011088546511627,Mt
Historical Trends upper,Aviation,1983,WTW,n2o,0.0011239069767441,Mt
Historical Trends upper,Aviation,1984,WTW,n2o,0.0011991686046511,Mt
Historical Trends upper,Aviation,1985,WTW,n2o,0.0012383046511627,Mt
Historical Trends upper,Aviation,1986,WTW,n2o,0.0013035313953488,Mt
Historical Trends upper,Aviation,1987,WTW,n2o,0.0013607302325581,Mt
Historical Trends upper,Aviation,1988,WTW,n2o,0.0014189325581395,Mt
Historical Trends upper,Aviation,1989,WTW,n2o,0.0014701104651162,Mt
Historical Trends upper,Aviation,1990,WTW,n2o,0.0015010072699999,Mt
Historical Trends upper,Aviation,1991,WTW,n2o,0.0014515918899999,Mt
Historical Trends upper,Aviation,1992,WTW,n2o,0.0014549575899999,Mt
Historical Trends upper,Aviation,1993,WTW,n2o,0.0014628971899999,Mt
Historical Trends upper,Aviation,1994,WTW,n2o,0.0015326793699999,Mt
Historical Trends upper,Aviation,1995,WTW,n2o,0.0015699954899999,Mt
Historical Trends upper,Aviation,1996,WTW,n2o,0.0016410549099999,Mt
Historical Trends upper,Aviation,1997,WTW,n2o,0.0016910226099999,Mt
Historical Trends upper,Aviation,1998,WTW,n2o,0.0017243689299999,Mt
Historical Trends upper,Aviation,1999,WTW,n2o,0.0017799892799999,Mt
Historical Trends upper,Aviation,2000,WTW,n2o,0.0018721749399999,Mt
Historical Trends upper,Aviation,2001,WTW,n2o,0.0018008479899999,Mt
Historical Trends upper,Aviation,2002,WTW,n2o,0.0018044898499999,Mt
Historical Trends upper,Aviation,2003,WTW,n2o,0.0018033593199999,Mt
Historical Trends upper,Aviation,2004,WTW,n2o,0.0019168006699999,Mt
Historical Trends upper,Aviation,2005,WTW,n2o,0.0020110057499999,Mt
Historical Trends upper,Aviation,2006,WTW,n2o,0.0020344534599999,Mt
Historical Trends upper,Aviation,2007,WTW,n2o,0.0020935344399999,Mt
Historical Trends upper,Aviation,2008,WTW,n2o,0.0020838515799999,Mt
Historical Trends upper,Aviation,2009,WTW,n2o,0.0019761319199999,Mt
Historical Trends upper,Aviation,2010,WTW,n2o,0.0020759119799999,Mt
Historical Trends upper,Aviation,2011,WTW,n2o,0.0021374783999999,Mt
Historical Trends upper,Aviation,2012,WTW,n2o,0.0021606154299999,Mt
Historical Trends upper,Aviation,2013,WTW,n2o,0.0022220265099999,Mt
Historical Trends upper,Aviation,2014,WTW,n2o,0.0022919295099999,Mt
Historical Trends upper,Aviation,2015,WTW,n2o,0.0024170990299999,Mt
Historical Trends upper,Aviation,2016,WTW,n2o,0.0025340010099999,Mt
Historical Trends upper,Aviation,2017,WTW,n2o,0.0026835070695899,Mt
Historical Trends upper,Aviation,2018,WTW,n2o,0.0028230494372086,Mt
Historical Trends upper,Aviation,2019,WTW,n2o,0.0025243239968249,Mt
Historical Trends upper,Aviation,2020,WTW,n2o,0.0013673421648389,Mt
Historical Trends upper,Aviation,2021,WTW,n2o,0.0016302925811209,Mt
Historical Trends upper,Aviation,2022,WTW,n2o,0.0019984231642609,Mt
Historical Trends upper,Aviation,2023,WTW,n2o,0.0023231726764089,Mt
Historical Trends upper,Aviation,2024,WTW,n2o,0.0025159609277197,Mt
Historical Trends upper,Aviation,2025,WTW,n2o,0.0026868484965148,Mt
Historical Trends upper,Aviation,2026,WTW,n2o,0.0027382500751151,Mt
Historical Trends upper,Aviation,2027,WTW,n2o,0.0027943130100031,Mt
Historical Trends upper,Aviation,2028,WTW,n2o,0.0028530459157944,Mt
Historical Trends upper,Aviation,2029,WTW,n2o,0.0029136365357104,Mt
Historical Trends upper,Aviation,2030,WTW,n2o,0.0029760020167579,Mt
Historical Trends upper,Aviation,2031,WTW,n2o,0.0030400779464504,Mt
Historical Trends upper,Aviation,2032,WTW,n2o,0.0031058382371006,Mt
Historical Trends upper,Aviation,2033,WTW,n2o,0.0031733622881337,Mt
Historical Trends upper,Aviation,2034,WTW,n2o,0.0032428206317512,Mt
Historical Trends upper,Aviation,2035,WTW,n2o,0.0033144822484356,Mt
Historical Trends upper,Aviation,2036,WTW,n2o,0.0033886923010243,Mt
Historical Trends upper,Aviation,2037,WTW,n2o,0.0034658376035542,Mt
Historical Trends upper,Aviation,2038,WTW,n2o,0.0035462630290299,Mt
Historical Trends upper,Aviation,2039,WTW,n2o,0.0036302554741818,Mt
Historical Trends upper,Aviation,2040,WTW,n2o,0.0037179298552611,Mt
Historical Trends upper,Aviation,2041,WTW,n2o,0.0038092507382725,Mt
Historical Trends upper,Aviation,2042,WTW,n2o,0.0039039860797045,Mt
Historical Trends upper,Aviation,2043,WTW,n2o,0.0040018267373525,Mt
Historical Trends upper,Aviation,2044,WTW,n2o,0.0041024589482325,Mt
Historical Trends upper,Aviation,2045,WTW,n2o,0.0042056305217422,Mt
Historical Trends upper,Aviation,2046,WTW,n2o,0.0043112827025455,Mt
Historical Trends upper,Aviation,2047,WTW,n2o,0.004419557345145,Mt
Historical Trends upper,Aviation,2048,WTW,n2o,0.0045308031485968,Mt
Historical Trends upper,Aviation,2049,WTW,n2o,0.0046454503498581,Mt
Historical Trends upper,Aviation,2050,WTW,n2o,0.0047639205127479,Mt
SLCP Forward,Aviation,1940,WTW,n2o,7.72686046511613e-05,Mt
SLCP Forward,Aviation,1941,WTW,n2o,8.328953488371934e-05,Mt
SLCP Forward,Aviation,1942,WTW,n2o,9.031395348837036e-05,Mt
SLCP Forward,Aviation,1943,WTW,n2o,9.733837209302136e-05,Mt
SLCP Forward,Aviation,1944,WTW,n2o,0.0001053662790697,Mt
SLCP Forward,Aviation,1945,WTW,n2o,0.0001133941860465,Mt
SLCP Forward,Aviation,1946,WTW,n2o,0.0001234290697674,Mt
SLCP Forward,Aviation,1947,WTW,n2o,0.0001324604651162,Mt
SLCP Forward,Aviation,1948,WTW,n2o,0.0001434988372092,Mt
SLCP Forward,Aviation,1949,WTW,n2o,0.0001545372093023,Mt
SLCP Forward,Aviation,1950,WTW,n2o,0.0001675825581395,Mt
SLCP Forward,Aviation,1951,WTW,n2o,0.0001806279069767,Mt
SLCP Forward,Aviation,1952,WTW,n2o,0.000194676744186,Mt
SLCP Forward,Aviation,1953,WTW,n2o,0.0002107325581395,Mt
SLCP Forward,Aviation,1954,WTW,n2o,0.0002277918604651,Mt
SLCP Forward,Aviation,1955,WTW,n2o,0.0002458546511627,Mt
SLCP Forward,Aviation,1956,WTW,n2o,0.0002659244186046,Mt
SLCP Forward,Aviation,1957,WTW,n2o,0.0002869976744185,Mt
SLCP Forward,Aviation,1958,WTW,n2o,0.0003100779069767,Mt
SLCP Forward,Aviation,1959,WTW,n2o,0.0003341616279069,Mt
SLCP Forward,Aviation,1960,WTW,n2o,0.0003612558139534,Mt
SLCP Forward,Aviation,1961,WTW,n2o,0.0003963779069767,Mt
SLCP Forward,Aviation,1962,WTW,n2o,0.0004365174418604,Mt
SLCP Forward,Aviation,1963,WTW,n2o,0.0004606011627906,Mt
SLCP Forward,Aviation,1964,WTW,n2o,0.0004816744186046,Mt
SLCP Forward,Aviation,1965,WTW,n2o,0.0005147895348837,Mt
SLCP Forward,Aviation,1966,WTW,n2o,0.0005579395348837,Mt
SLCP Forward,Aviation,1967,WTW,n2o,0.000658288372093,Mt
SLCP Forward,Aviation,1968,WTW,n2o,0.0007455918604651,Mt
SLCP Forward,Aviation,1969,WTW,n2o,0.0007807139534883,Mt
SLCP Forward,Aviation,1970,WTW,n2o,0.0007827209302325,Mt
SLCP Forward,Aviation,1971,WTW,n2o,0.0009031395348837,Mt
SLCP Forward,Aviation,1972,WTW,n2o,0.0009633488372092,Mt
SLCP Forward,Aviation,1973,WTW,n2o,0.0009974674418604,Mt
SLCP Forward,Aviation,1974,WTW,n2o,0.0009633488372092,Mt
SLCP Forward,Aviation,1975,WTW,n2o,0.0009643523255813,Mt
SLCP Forward,Aviation,1976,WTW,n2o,0.0009673627906976,Mt
SLCP Forward,Aviation,1977,WTW,n2o,0.0010245616279069,Mt
SLCP Forward,Aviation,1978,WTW,n2o,0.0010606872093023,Mt
SLCP Forward,Aviation,1979,WTW,n2o,0.0011048406976743,Mt
SLCP Forward,Aviation,1980,WTW,n2o,0.0011128686046511,Mt
SLCP Forward,Aviation,1981,WTW,n2o,0.0010968127906976,Mt
SLCP Forward,Aviation,1982,WTW,n2o,0.0011088546511627,Mt
SLCP Forward,Aviation,1983,WTW,n2o,0.0011239069767441,Mt
SLCP Forward,Aviation,1984,WTW,n2o,0.0011991686046511,Mt
SLCP Forward,Aviation,1985,WTW,n2o,0.0012383046511627,Mt
SLCP Forward,Aviation,1986,WTW,n2o,0.0013035313953488,Mt
SLCP Forward,Aviation,1987,WTW,n2o,0.0013607302325581,Mt
SLCP Forward,Aviation,1988,WTW,n2o,0.0014189325581395,Mt
SLCP Forward,Aviation,1989,WTW,n2o,0.0014701104651162,Mt
SLCP Forward,Aviation,1990,WTW,n2o,0.0015010072699999,Mt
SLCP Forward,Aviation,1991,WTW,n2o,0.0014515918899999,Mt
SLCP Forward,Aviation,1992,WTW,n2o,0.0014549575899999,Mt
SLCP Forward,Aviation,1993,WTW,n2o,0.0014628971899999,Mt
SLCP Forward,Aviation,1994,WTW,n2o,0.0015326793699999,Mt
SLCP Forward,Aviation,1995,WTW,n2o,0.0015699954899999,Mt
SLCP Forward,Aviation,1996,WTW,n2o,0.0016410549099999,Mt
SLCP Forward,Aviation,1997,WTW,n2o,0.0016910226099999,Mt
SLCP Forward,Aviation,1998,WTW,n2o,0.0017243689299999,Mt
SLCP Forward,Aviation,1999,WTW,n2o,0.0017799892799999,Mt
SLCP Forward,Aviation,2000,WTW,n2o,0.0018721749399999,Mt
SLCP Forward,Aviation,2001,WTW,n2o,0.0018008479899999,Mt
SLCP Forward,Aviation,2002,WTW,n2o,0.0018044898499999,Mt
SLCP Forward,Aviation,2003,WTW,n2o,0.0018033593199999,Mt
SLCP Forward,Aviation,2004,WTW,n2o,0.0019168006699999,Mt
SLCP Forward,Aviation,2005,WTW,n2o,0.0020110057499999,Mt
SLCP Forward,Aviation,2006,WTW,n2o,0.0020344534599999,Mt
SLCP Forward,Aviation,2007,WTW,n2o,0.0020935344399999,Mt
SLCP Forward,Aviation,2008,WTW,n2o,0.0020838515799999,Mt
SLCP Forward,Aviation,2009,WTW,n2o,0.0019761319199999,Mt
SLCP Forward,Aviation,2010,WTW,n2o,0.0020759119799999,Mt
SLCP Forward,Aviation,2011,WTW,n2o,0.0021374783999999,Mt
SLCP Forward,Aviation,2012,WTW,n2o,0.0021606154299999,Mt
SLCP Forward,Aviation,2013,WTW,n2o,0.0022220265099999,Mt
SLCP Forward,Aviation,2014,WTW,n2o,0.0022919295099999,Mt
SLCP Forward,Aviation,2015,WTW,n2o,0.0024170990299999,Mt
SLCP Forward,Aviation,2016,WTW,n2o,0.0025340010099999,Mt
SLCP Forward,Aviation,2017,WTW,n2o,0.0026835070695899,Mt
SLCP Forward,Aviation,2018,WTW,n2o,0.0028230494372086,Mt
SLCP Forward,Aviation,2019,WTW,n2o,0.0025243239968249,Mt
SLCP Forward,Aviation,2020,WTW,n2o,0.0013673421648389,Mt
SLCP Forward,Aviation,2021,WTW,n2o,0.0016302925811209,Mt
SLCP Forward,Aviation,2022,WTW,n2o,0.0019984231642609,Mt
SLCP Forward,Aviation,2023,WTW,n2o,0.0023231726764089,Mt
SLCP Forward,Aviation,2024,WTW,n2o,0.0025034062575308,Mt
SLCP Forward,Aviation,2025,WTW,n2o,0.0026612019837851,Mt
SLCP Forward,Aviation,2026,WTW,n2o,0.0026977355167504,Mt
SLCP Forward,Aviation,2027,WTW,n2o,0.0027383453106219,Mt
SLCP Forward,Aviation,2028,WTW,n2o,0.0027806771278234,Mt
SLCP Forward,Aviation,2029,WTW,n2o,0.0028245345471104,Mt
SLCP Forward,Aviation,2030,WTW,n2o,0.0028694947584034,Mt
SLCP Forward,Aviation,2031,WTW,n2o,0.0029213555830361,Mt
SLCP Forward,Aviation,2032,WTW,n2o,0.0029744249864685,Mt
SLCP Forward,Aviation,2033,WTW,n2o,0.0030287906121508,Mt
SLCP Forward,Aviation,2034,WTW,n2o,0.0030846769888077,Mt
SLCP Forward,Aviation,2035,WTW,n2o,0.0031420511473098,Mt
SLCP Forward,Aviation,2036,WTW,n2o,0.0032010024876917,Mt
SLCP Forward,Aviation,2037,WTW,n2o,0.0032607186994542,Mt
SLCP Forward,Aviation,2038,WTW,n2o,0.0033204099873584,Mt
SLCP Forward,Aviation,2039,WTW,n2o,0.0033795459727584,Mt
SLCP Forward,Aviation,2040,WTW,n2o,0.003439562485798,Mt
SLCP Forward,Aviation,2041,WTW,n2o,0.0035014784852256,Mt
SLCP Forward,Aviation,2042,WTW,n2o,0.0035636677062363,Mt
SLCP Forward,Aviation,2043,WTW,n2o,0.0036255617830381,Mt
SLCP Forward,Aviation,2044,WTW,n2o,0.0036862099062264,Mt
SLCP Forward,Aviation,2045,WTW,n2o,0.0037450515275386,Mt
SLCP Forward,Aviation,2046,WTW,n2o,0.0038006052176034,Mt
SLCP Forward,Aviation,2047,WTW,n2o,0.0038537789225949,Mt
SLCP Forward,Aviation,2048,WTW,n2o,0.0039047070031477,Mt
SLCP Forward,Aviation,2049,WTW,n2o,0.0039561381159872,Mt
SLCP Forward,Aviation,2050,WTW,n2o,0.0040099700369139,Mt
SLCP Forward lower,Aviation,1940,WTW,n2o,7.72686046511613e-05,Mt
SLCP Forward lower,Aviation,1941,WTW,n2o,8.328953488371934e-05,Mt
SLCP Forward lower,Aviation,1942,WTW,n2o,9.031395348837036e-05,Mt
SLCP Forward lower,Aviation,1943,WTW,n2o,9.733837209302136e-05,Mt
SLCP Forward lower,Aviation,1944,WTW,n2o,0.0001053662790697,Mt
SLCP Forward lower,Aviation,1945,WTW,n2o,0.0001133941860465,Mt
SLCP Forward lower,Aviation,1946,WTW,n2o,0.0001234290697674,Mt
SLCP Forward lower,Aviation,1947,WTW,n2o,0.0001324604651162,Mt
SLCP Forward lower,Aviation,1948,WTW,n2o,0.0001434988372092,Mt
SLCP Forward lower,Aviation,1949,WTW,n2o,0.0001545372093023,Mt
SLCP Forward lower,Aviation,1950,WTW,n2o,0.0001675825581395,Mt
SLCP Forward lower,Aviation,1951,WTW,n2o,0.0001806279069767,Mt
SLCP Forward lower,Aviation,1952,WTW,n2o,0.000194676744186,Mt
SLCP Forward lower,Aviation,1953,WTW,n2o,0.0002107325581395,Mt
SLCP Forward lower,Aviation,1954,WTW,n2o,0.0002277918604651,Mt
SLCP Forward lower,Aviation,1955,WTW,n2o,0.0002458546511627,Mt
SLCP Forward lower,Aviation,1956,WTW,n2o,0.0002659244186046,Mt
SLCP Forward lower,Aviation,1957,WTW,n2o,0.0002869976744185,Mt
SLCP Forward lower,Aviation,1958,WTW,n2o,0.0003100779069767,Mt
SLCP Forward lower,Aviation,1959,WTW,n2o,0.0003341616279069,Mt
SLCP Forward lower,Aviation,1960,WTW,n2o,0.0003612558139534,Mt
SLCP Forward lower,Aviation,1961,WTW,n2o,0.0003963779069767,Mt
SLCP Forward lower,Aviation,1962,WTW,n2o,0.0004365174418604,Mt
SLCP Forward lower,Aviation,1963,WTW,n2o,0.0004606011627906,Mt
SLCP Forward lower,Aviation,1964,WTW,n2o,0.0004816744186046,Mt
SLCP Forward lower,Aviation,1965,WTW,n2o,0.0005147895348837,Mt
SLCP Forward lower,Aviation,1966,WTW,n2o,0.0005579395348837,Mt
SLCP Forward lower,Aviation,1967,WTW,n2o,0.000658288372093,Mt
SLCP Forward lower,Aviation,1968,WTW,n2o,0.0007455918604651,Mt
SLCP Forward lower,Aviation,1969,WTW,n2o,0.0007807139534883,Mt
SLCP Forward lower,Aviation,1970,WTW,n2o,0.0007827209302325,Mt
SLCP Forward lower,Aviation,1971,WTW,n2o,0.0009031395348837,Mt
SLCP Forward lower,Aviation,1972,WTW,n2o,0.0009633488372092,Mt
SLCP Forward lower,Aviation,1973,WTW,n2o,0.0009974674418604,Mt
SLCP Forward lower,Aviation,1974,WTW,n2o,0.0009633488372092,Mt
SLCP Forward lower,Aviation,1975,WTW,n2o,0.0009643523255813,Mt
SLCP Forward lower,Aviation,1976,WTW,n2o,0.0009673627906976,Mt
SLCP Forward lower,Aviation,1977,WTW,n2o,0.0010245616279069,Mt
SLCP Forward lower,Aviation,1978,WTW,n2o,0.0010606872093023,Mt
SLCP Forward lower,Aviation,1979,WTW,n2o,0.0011048406976743,Mt
SLCP Forward lower,Aviation,1980,WTW,n2o,0.0011128686046511,Mt
SLCP Forward lower,Aviation,1981,WTW,n2o,0.0010968127906976,Mt
SLCP Forward lower,Aviation,1982,WTW,n2o,0.0011088546511627,Mt
SLCP Forward lower,Aviation,1983,WTW,n2o,0.0011239069767441,Mt
SLCP Forward lower,Aviation,1984,WTW,n2o,0.0011991686046511,Mt
SLCP Forward lower,Aviation,1985,WTW,n2o,0.0012383046511627,Mt
SLCP Forward lower,Aviation,1986,WTW,n2o,0.0013035313953488,Mt
SLCP Forward lower,Aviation,1987,WTW,n2o,0.0013607302325581,Mt
SLCP Forward lower,Aviation,1988,WTW,n2o,0.0014189325581395,Mt
SLCP Forward lower,Aviation,1989,WTW,n2o,0.0014701104651162,Mt
SLCP Forward lower,Aviation,1990,WTW,n2o,0.0015010072699999,Mt
SLCP Forward lower,Aviation,1991,WTW,n2o,0.0014515918899999,Mt
SLCP Forward lower,Aviation,1992,WTW,n2o,0.0014549575899999,Mt
SLCP Forward lower,Aviation,1993,WTW,n2o,0.0014628971899999,Mt
SLCP Forward lower,Aviation,1994,WTW,n2o,0.0015326793699999,Mt
SLCP Forward lower,Aviation,1995,WTW,n2o,0.0015699954899999,Mt
SLCP Forward lower,Aviation,1996,WTW,n2o,0.0016410549099999,Mt
SLCP Forward lower,Aviation,1997,WTW,n2o,0.0016910226099999,Mt
SLCP Forward lower,Aviation,1998,WTW,n2o,0.0017243689299999,Mt
SLCP Forward lower,Aviation,1999,WTW,n2o,0.0017799892799999,Mt
SLCP Forward lower,Aviation,2000,WTW,n2o,0.0018721749399999,Mt
SLCP Forward lower,Aviation,2001,WTW,n2o,0.0018008479899999,Mt
SLCP Forward lower,Aviation,2002,WTW,n2o,0.0018044898499999,Mt
SLCP Forward lower,Aviation,2003,WTW,n2o,0.0018033593199999,Mt
SLCP Forward lower,Aviation,2004,WTW,n2o,0.0019168006699999,Mt
SLCP Forward lower,Aviation,2005,WTW,n2o,0.0020110057499999,Mt
SLCP Forward lower,Aviation,2006,WTW,n2o,0.0020344534599999,Mt
SLCP Forward lower,Aviation,2007,WTW,n2o,0.0020935344399999,Mt
SLCP Forward lower,Aviation,2008,WTW,n2o,0.0020838515799999,Mt
SLCP Forward lower,Aviation,2009,WTW,n2o,0.0019761319199999,Mt
SLCP Forward lower,Aviation,2010,WTW,n2o,0.0020759119799999,Mt
SLCP Forward lower,Aviation,2011,WTW,n2o,0.0021374783999999,Mt
SLCP Forward lower,Aviation,2012,WTW,n2o,0.0021606154299999,Mt
SLCP Forward lower,Aviation,2013,WTW,n2o,0.0022220265099999,Mt
SLCP Forward lower,Aviation,2014,WTW,n2o,0.0022919295099999,Mt
SLCP Forward lower,Aviation,2015,WTW,n2o,0.0024170990299999,Mt
SLCP Forward lower,Aviation,2016,WTW,n2o,0.0025340010099999,Mt
SLCP Forward lower,Aviation,2017,WTW,n2o,0.0026835070695899,Mt
SLCP Forward lower,Aviation,2018,WTW,n2o,0.0028230494372086,Mt
SLCP Forward lower,Aviation,2019,WTW,n2o,0.0025243239968249,Mt
SLCP Forward lower,Aviation,2020,WTW,n2o,0.0013673421648389,Mt
SLCP Forward lower,Aviation,2021,WTW,n2o,0.0016302925811209,Mt
SLCP Forward lower,Aviation,2022,WTW,n2o,0.0019984231642609,Mt
SLCP Forward lower,Aviation,2023,WTW,n2o,0.0023231726764089,Mt
SLCP Forward lower,Aviation,2024,WTW,n2o,0.0025034062575308,Mt
SLCP Forward lower,Aviation,2025,WTW,n2o,0.0026612019837851,Mt
SLCP Forward lower,Aviation,2026,WTW,n2o,0.0026977355167504,Mt
SLCP Forward lower,Aviation,2027,WTW,n2o,0.0027383453106219,Mt
SLCP Forward lower,Aviation,2028,WTW,n2o,0.0027806771278234,Mt
SLCP Forward lower,Aviation,2029,WTW,n2o,0.0028245345471104,Mt
SLCP Forward lower,Aviation,2030,WTW,n2o,0.0028694947584034,Mt
SLCP Forward lower,Aviation,2031,WTW,n2o,0.0029213555830361,Mt
SLCP Forward lower,Aviation,2032,WTW,n2o,0.0029744249864685,Mt
SLCP Forward lower,Aviation,2033,WTW,n2o,0.0030287906121508,Mt
SLCP Forward lower,Aviation,2034,WTW,n2o,0.0030846769888077,Mt
SLCP Forward lower,Aviation,2035,WTW,n2o,0.0031420511473098,Mt
SLCP Forward lower,Aviation,2036,WTW,n2o,0.0032010024876917,Mt
SLCP Forward lower,Aviation,2037,WTW,n2o,0.0032607186994542,Mt
SLCP Forward lower,Aviation,2038,WTW,n2o,0.0033204099873584,Mt
SLCP Forward lower,Aviation,2039,WTW,n2o,0.0033795459727584,Mt
SLCP Forward lower,Aviation,2040,WTW,n2o,0.003439562485798,Mt
SLCP Forward lower,Aviation,2041,WTW,n2o,0.0035014784852256,Mt
SLCP Forward lower,Aviation,2042,WTW,n2o,0.0035636677062363,Mt
SLCP Forward lower,Aviation,2043,WTW,n2o,0.0036255617830381,Mt
SLCP Forward lower,Aviation,2044,WTW,n2o,0.0036862099062264,Mt
SLCP Forward lower,Aviation,2045,WTW,n2o,0.0037450515275386,Mt
SLCP Forward lower,Aviation,2046,WTW,n2o,0.0038006052176034,Mt
SLCP Forward lower,Aviation,2047,WTW,n2o,0.0038537789225949,Mt
SLCP Forward lower,Aviation,2048,WTW,n2o,0.0039047070031477,Mt
SLCP Forward lower,Aviation,2049,WTW,n2o,0.0039561381159872,Mt
SLCP Forward lower,Aviation,2050,WTW,n2o,0.0040099700369139,Mt
SLCP Forward upper,Aviation,1940,WTW,n2o,7.72686046511613e-05,Mt
SLCP Forward upper,Aviation,1941,WTW,n2o,8.328953488371934e-05,Mt
SLCP Forward upper,Aviation,1942,WTW,n2o,9.031395348837036e-05,Mt
SLCP Forward upper,Aviation,1943,WTW,n2o,9.733837209302136e-05,Mt
SLCP Forward upper,Aviation,1944,WTW,n2o,0.0001053662790697,Mt
SLCP Forward upper,Aviation,1945,WTW,n2o,0.0001133941860465,Mt
SLCP Forward upper,Aviation,1946,WTW,n2o,0.0001234290697674,Mt
SLCP Forward upper,Aviation,1947,WTW,n2o,0.0001324604651162,Mt
SLCP Forward upper,Aviation,1948,WTW,n2o,0.0001434988372092,Mt
SLCP Forward upper,Aviation,1949,WTW,n2o,0.0001545372093023,Mt
SLCP Forward upper,Aviation,1950,WTW,n2o,0.0001675825581395,Mt
SLCP Forward upper,Aviation,1951,WTW,n2o,0.0001806279069767,Mt
SLCP Forward upper,Aviation,1952,WTW,n2o,0.000194676744186,Mt
SLCP Forward upper,Aviation,1953,WTW,n2o,0.0002107325581395,Mt
SLCP Forward upper,Aviation,1954,WTW,n2o,0.0002277918604651,Mt
SLCP Forward upper,Aviation,1955,WTW,n2o,0.0002458546511627,Mt
SLCP Forward upper,Aviation,1956,WTW,n2o,0.0002659244186046,Mt
SLCP Forward upper,Aviation,1957,WTW,n2o,0.0002869976744185,Mt
SLCP Forward upper,Aviation,1958,WTW,n2o,0.0003100779069767,Mt
SLCP Forward upper,Aviation,1959,WTW,n2o,0.0003341616279069,Mt
SLCP Forward upper,Aviation,1960,WTW,n2o,0.0003612558139534,Mt
SLCP Forward upper,Aviation,1961,WTW,n2o,0.0003963779069767,Mt
SLCP Forward upper,Aviation,1962,WTW,n2o,0.0004365174418604,Mt
SLCP Forward upper,Aviation,1963,WTW,n2o,0.0004606011627906,Mt
SLCP Forward upper,Aviation,1964,WTW,n2o,0.0004816744186046,Mt
SLCP Forward upper,Aviation,1965,WTW,n2o,0.0005147895348837,Mt
SLCP Forward upper,Aviation,1966,WTW,n2o,0.0005579395348837,Mt
SLCP Forward upper,Aviation,1967,WTW,n2o,0.000658288372093,Mt
SLCP Forward upper,Aviation,1968,WTW,n2o,0.0007455918604651,Mt
SLCP Forward upper,Aviation,1969,WTW,n2o,0.0007807139534883,Mt
SLCP Forward upper,Aviation,1970,WTW,n2o,0.0007827209302325,Mt
SLCP Forward upper,Aviation,1971,WTW,n2o,0.0009031395348837,Mt
SLCP Forward upper,Aviation,1972,WTW,n2o,0.0009633488372092,Mt
SLCP Forward upper,Aviation,1973,WTW,n2o,0.0009974674418604,Mt
SLCP Forward upper,Aviation,1974,WTW,n2o,0.0009633488372092,Mt
SLCP Forward upper,Aviation,1975,WTW,n2o,0.0009643523255813,Mt
SLCP Forward upper,Aviation,1976,WTW,n2o,0.0009673627906976,Mt
SLCP Forward upper,Aviation,1977,WTW,n2o,0.0010245616279069,Mt
SLCP Forward upper,Aviation,1978,WTW,n2o,0.0010606872093023,Mt
SLCP Forward upper,Aviation,1979,WTW,n2o,0.0011048406976743,Mt
SLCP Forward upper,Aviation,1980,WTW,n2o,0.0011128686046511,Mt
SLCP Forward upper,Aviation,1981,WTW,n2o,0.0010968127906976,Mt
SLCP Forward upper,Aviation,1982,WTW,n2o,0.0011088546511627,Mt
SLCP Forward upper,Aviation,1983,WTW,n2o,0.0011239069767441,Mt
SLCP Forward upper,Aviation,1984,WTW,n2o,0.0011991686046511,Mt
SLCP Forward upper,Aviation,1985,WTW,n2o,0.0012383046511627,Mt
SLCP Forward upper,Aviation,1986,WTW,n2o,0.0013035313953488,Mt
SLCP Forward upper,Aviation,1987,WTW,n2o,0.0013607302325581,Mt
SLCP Forward upper,Aviation,1988,WTW,n2o,0.0014189325581395,Mt
SLCP Forward upper,Aviation,1989,WTW,n2o,0.0014701104651162,Mt
SLCP Forward upper,Aviation,1990,WTW,n2o,0.0015010072699999,Mt
SLCP Forward upper,Aviation,1991,WTW,n2o,0.0014515918899999,Mt
SLCP Forward upper,Aviation,1992,WTW,n2o,0.0014549575899999,Mt
SLCP Forward upper,Aviation,1993,WTW,n2o,0.0014628971899999,Mt
SLCP Forward upper,Aviation,1994,WTW,n2o,0.0015326793699999,Mt
SLCP Forward upper,Aviation,1995,WTW,n2o,0.0015699954899999,Mt
SLCP Forward upper,Aviation,1996,WTW,n2o,0.0016410549099999,Mt
SLCP Forward upper,Aviation,1997,WTW,n2o,0.0016910226099999,Mt
SLCP Forward upper,Aviation,1998,WTW,n2o,0.0017243689299999,Mt
SLCP Forward upper,Aviation,1999,WTW,n2o,0.0017799892799999,Mt
SLCP Forward upper,Aviation,2000,WTW,n2o,0.0018721749399999,Mt
SLCP Forward upper,Aviation,2001,WTW,n2o,0.0018008479899999,Mt
SLCP Forward upper,Aviation,2002,WTW,n2o,0.0018044898499999,Mt
SLCP Forward upper,Aviation,2003,WTW,n2o,0.0018033593199999,Mt
SLCP Forward upper,Aviation,2004,WTW,n2o,0.0019168006699999,Mt
SLCP Forward upper,Aviation,2005,WTW,n2o,0.0020110057499999,Mt
SLCP Forward upper,Aviation,2006,WTW,n2o,0.0020344534599999,Mt
SLCP Forward upper,Aviation,2007,WTW,n2o,0.0020935344399999,Mt
SLCP Forward upper,Aviation,2008,WTW,n2o,0.0020838515799999,Mt
SLCP Forward upper,Aviation,2009,WTW,n2o,0.0019761319199999,Mt
SLCP Forward upper,Aviation,2010,WTW,n2o,0.0020759119799999,Mt
SLCP Forward upper,Aviation,2011,WTW,n2o,0.0021374783999999,Mt
SLCP Forward upper,Aviation,2012,WTW,n2o,0.0021606154299999,Mt
SLCP Forward upper,Aviation,2013,WTW,n2o,0.0022220265099999,Mt
SLCP Forward upper,Aviation,2014,WTW,n2o,0.0022919295099999,Mt
SLCP Forward upper,Aviation,2015,WTW,n2o,0.0024170990299999,Mt
SLCP Forward upper,Aviation,2016,WTW,n2o,0.0025340010099999,Mt
SLCP Forward upper,Aviation,2017,WTW,n2o,0.0026835070695899,Mt
SLCP Forward upper,Aviation,2018,WTW,n2o,0.0028230494372086,Mt
SLCP Forward upper,Aviation,2019,WTW,n2o,0.0025243239968249,Mt
SLCP Forward upper,Aviation,2020,WTW,n2o,0.0013673421648389,Mt
SLCP Forward upper,Aviation,2021,WTW,n2o,0.0016302925811209,Mt
SLCP Forward upper,Aviation,2022,WTW,n2o,0.0019984231642609,Mt
SLCP Forward upper,Aviation,2023,WTW,n2o,0.0023231726764089,Mt
SLCP Forward upper,Aviation,2024,WTW,n2o,0.0025034062575308,Mt
SLCP Forward upper,Aviation,2025,WTW,n2o,0.0026612019837851,Mt
SLCP Forward upper,Aviation,2026,WTW,n2o,0.0026977355167504,Mt
SLCP Forward upper,Aviation,2027,WTW,n2o,0.0027383453106219,Mt
SLCP Forward upper,Aviation,2028,WTW,n2o,0.0027806771278234,Mt
SLCP Forward upper,Aviation,2029,WTW,n2o,0.0028245345471104,Mt
SLCP Forward upper,Aviation,2030,WTW,n2o,0.0028694947584034,Mt
SLCP Forward upper,Aviation,2031,WTW,n2o,0.0029213555830361,Mt
SLCP Forward upper,Aviation,2032,WTW,n2o,0.0029744249864685,Mt
SLCP Forward upper,Aviation,2033,WTW,n2o,0.0030287906121508,Mt
SLCP Forward upper,Aviation,2034,WTW,n2o,0.0030846769888077,Mt
SLCP Forward upper,Aviation,2035,WTW,n2o,0.0031420511473098,Mt
SLCP Forward upper,Aviation,2036,WTW,n2o,0.0032010024876917,Mt
SLCP Forward upper,Aviation,2037,WTW,n2o,0.0032607186994542,Mt
SLCP Forward upper,Aviation,2038,WTW,n2o,0.0033204099873584,Mt
SLCP Forward upper,Aviation,2039,WTW,n2o,0.0033795459727584,Mt
SLCP Forward upper,Aviation,2040,WTW,n2o,0.003439562485798,Mt
SLCP Forward upper,Aviation,2041,WTW,n2o,0.0035014784852256,Mt
SLCP Forward upper,Aviation,2042,WTW,n2o,0.0035636677062363,Mt
SLCP Forward upper,Aviation,2043,WTW,n2o,0.0036255617830381,Mt
SLCP Forward upper,Aviation,2044,WTW,n2o,0.0036862099062264,Mt
SLCP Forward upper,Aviation,2045,WTW,n2o,0.0037450515275386,Mt
SLCP Forward upper,Aviation,2046,WTW,n2o,0.0038006052176034,Mt
SLCP Forward upper,Aviation,2047,WTW,n2o,0.0038537789225949,Mt
SLCP Forward upper,Aviation,2048,WTW,n2o,0.0039047070031477,Mt
SLCP Forward upper,Aviation,2049,WTW,n2o,0.0039561381159872,Mt
SLCP Forward upper,Aviation,2050,WTW,n2o,0.0040099700369139,Mt
Current Commitments,Aviation,1940,WTW,bc,0.0007991461167132,Mt
Current Commitments,Aviation,1941,WTW,bc,0.0008614172426909,Mt
Current Commitments,Aviation,1942,WTW,bc,0.0009340668896648,Mt
Current Commitments,Aviation,1943,WTW,bc,0.0010067165366387,Mt
Current Commitments,Aviation,1944,WTW,bc,0.0010897447046089,Mt
Current Commitments,Aviation,1945,WTW,bc,0.0011727728725791,Mt
Current Commitments,Aviation,1946,WTW,bc,0.0012765580825419,Mt
Current Commitments,Aviation,1947,WTW,bc,0.0013699647715084,Mt
Current Commitments,Aviation,1948,WTW,bc,0.0014841285024674,Mt
Current Commitments,Aviation,1949,WTW,bc,0.0015982922334264,Mt
Current Commitments,Aviation,1950,WTW,bc,0.001733213006378,Mt
Current Commitments,Aviation,1951,WTW,bc,0.0018681337793296,Mt
Current Commitments,Aviation,1952,WTW,bc,0.0020134330732775,Mt
Current Commitments,Aviation,1953,WTW,bc,0.0021794894092179,Mt
Current Commitments,Aviation,1954,WTW,bc,0.0023559242661546,Mt
Current Commitments,Aviation,1955,WTW,bc,0.0025427376440876,Mt
Current Commitments,Aviation,1956,WTW,bc,0.0027503080640131,Mt
Current Commitments,Aviation,1957,WTW,bc,0.0029682570049349,Mt
Current Commitments,Aviation,1958,WTW,bc,0.0032069629878492,Mt
Current Commitments,Aviation,1959,WTW,bc,0.0034560474917598,Mt
Current Commitments,Aviation,1960,WTW,bc,0.0037362675586593,Mt
Current Commitments,Aviation,1961,WTW,bc,0.0040995157935289,Mt
Current Commitments,Aviation,1962,WTW,bc,0.00451465663338,Mt
Current Commitments,Aviation,1963,WTW,bc,0.0047637411372906,Mt
Current Commitments,Aviation,1964,WTW,bc,0.0049816900782124,Mt
Current Commitments,Aviation,1965,WTW,bc,0.0053241812710895,Mt
Current Commitments,Aviation,1966,WTW,bc,0.0057704576739294,Mt
Current Commitments,Aviation,1967,WTW,bc,0.006808309773557,Mt
Current Commitments,Aviation,1968,WTW,bc,0.007711241100233,Mt
Current Commitments,Aviation,1969,WTW,bc,0.0080744893351026,Mt
Current Commitments,Aviation,1970,WTW,bc,0.0080952463770952,Mt
Current Commitments,Aviation,1971,WTW,bc,0.0093406688966483,Mt
Current Commitments,Aviation,1972,WTW,bc,0.0099633801564248,Mt
Current Commitments,Aviation,1973,WTW,bc,0.0103162498702982,Mt
Current Commitments,Aviation,1974,WTW,bc,0.0099633801564248,Mt
Current Commitments,Aviation,1975,WTW,bc,0.0099737586774211,Mt
Current Commitments,Aviation,1976,WTW,bc,0.0100048942404099,Mt
Current Commitments,Aviation,1977,WTW,bc,0.0105964699371977,Mt
Current Commitments,Aviation,1978,WTW,bc,0.0109700966930636,Mt
Current Commitments,Aviation,1979,WTW,bc,0.0114267516168997,Mt
Current Commitments,Aviation,1980,WTW,bc,0.01150977978487,Mt
Current Commitments,Aviation,1981,WTW,bc,0.0113437234489295,Mt
Current Commitments,Aviation,1982,WTW,bc,0.0114682657008849,Mt
Current Commitments,Aviation,1983,WTW,bc,0.011623943515829,Mt
Current Commitments,Aviation,1984,WTW,bc,0.0124023325905497,Mt
Current Commitments,Aviation,1985,WTW,bc,0.0128070949094044,Mt
Current Commitments,Aviation,1986,WTW,bc,0.0134816987741624,Mt
Current Commitments,Aviation,1987,WTW,bc,0.0140732744709501,Mt
Current Commitments,Aviation,1988,WTW,bc,0.0146752286887341,Mt
Current Commitments,Aviation,1989,WTW,bc,0.0152045332595442,Mt
Current Commitments,Aviation,1990,WTW,bc,0.0155240816939069,Mt
Current Commitments,Aviation,1991,WTW,bc,0.0150130059573747,Mt
Current Commitments,Aviation,1992,WTW,bc,0.0150478155167962,Mt
Current Commitments,Aviation,1993,WTW,bc,0.0151299303749188,Mt
Current Commitments,Aviation,1994,WTW,bc,0.0158516485735914,Mt
Current Commitments,Aviation,1995,WTW,bc,0.0162375884067673,Mt
Current Commitments,Aviation,1996,WTW,bc,0.016972516386964,Mt
Current Commitments,Aviation,1997,WTW,bc,0.0174893044614526,Mt
Current Commitments,Aviation,1998,WTW,bc,0.0178341868655672,Mt
Current Commitments,Aviation,1999,WTW,bc,0.0184094371488278,Mt
Current Commitments,Aviation,2000,WTW,bc,0.0193628620558549,Mt
Current Commitments,Aviation,2001,WTW,bc,0.0186251671619606,Mt
Current Commitments,Aviation,2002,WTW,bc,0.0186628328903603,Mt
Current Commitments,Aviation,2003,WTW,bc,0.0186511404486059,Mt
Current Commitments,Aviation,2004,WTW,bc,0.0198244011116719,Mt
Current Commitments,Aviation,2005,WTW,bc,0.0207987117543519,Mt
Current Commitments,Aviation,2006,WTW,bc,0.021041218351655,Mt
Current Commitments,Aviation,2007,WTW,bc,0.0216522600024234,Mt
Current Commitments,Aviation,2008,WTW,bc,0.0215521155776261,Mt
Current Commitments,Aviation,2009,WTW,bc,0.0204380311655767,Mt
Current Commitments,Aviation,2010,WTW,bc,0.0214700007195036,Mt
Current Commitments,Aviation,2011,WTW,bc,0.0221067478910755,Mt
Current Commitments,Aviation,2012,WTW,bc,0.0223460412982782,Mt
Current Commitments,Aviation,2013,WTW,bc,0.0229811818747999,Mt
Current Commitments,Aviation,2014,WTW,bc,0.0237041496474005,Mt
Current Commitments,Aviation,2015,WTW,bc,0.0249987082367584,Mt
Current Commitments,Aviation,2016,WTW,bc,0.0262077602673322,Mt
Current Commitments,Aviation,2017,WTW,bc,0.0277540181231048,Mt
Current Commitments,Aviation,2018,WTW,bc,0.0291972270655062,Mt
Current Commitments,Aviation,2019,WTW,bc,0.0261076763129875,Mt
Current Commitments,Aviation,2020,WTW,bc,0.0141416580017525,Mt
Current Commitments,Aviation,2021,WTW,bc,0.0168612076171309,Mt
Current Commitments,Aviation,2022,WTW,bc,0.0206685770822308,Mt
Current Commitments,Aviation,2023,WTW,bc,0.0240272803059941,Mt
Current Commitments,Aviation,2024,WTW,bc,0.0258831686381518,Mt
Current Commitments,Aviation,2025,WTW,bc,0.027527677436489,Mt
Current Commitments,Aviation,2026,WTW,bc,0.0279013025499742,Mt
Current Commitments,Aviation,2027,WTW,bc,0.0283179632321455,Mt
Current Commitments,Aviation,2028,WTW,bc,0.0287552180225358,Mt
Current Commitments,Aviation,2029,WTW,bc,0.0292037548326021,Mt
Current Commitments,Aviation,2030,WTW,bc,0.0296634428001491,Mt
Current Commitments,Aviation,2031,WTW,bc,0.0300921256506854,Mt
Current Commitments,Aviation,2032,WTW,bc,0.0305302784723961,Mt
Current Commitments,Aviation,2033,WTW,bc,0.0309786375856249,Mt
Current Commitments,Aviation,2034,WTW,bc,0.0314387967839116,Mt
Current Commitments,Aviation,2035,WTW,bc,0.0319068595107821,Mt
Current Commitments,Aviation,2036,WTW,bc,0.0323812162706286,Mt
Current Commitments,Aviation,2037,WTW,bc,0.0328507553122563,Mt
Current Commitments,Aviation,2038,WTW,bc,0.0333075441020043,Mt
Current Commitments,Aviation,2039,WTW,bc,0.0337520469354177,Mt
Current Commitments,Aviation,2040,WTW,bc,0.0342035858034189,Mt
Current Commitments,Aviation,2041,WTW,bc,0.0346813474484172,Mt
Current Commitments,Aviation,2042,WTW,bc,0.0351621310870378,Mt
Current Commitments,Aviation,2043,WTW,bc,0.035640030995093,Mt
Current Commitments,Aviation,2044,WTW,bc,0.0361069676858237,Mt
Current Commitments,Aviation,2045,WTW,bc,0.0365611053651149,Mt
Current Commitments,Aviation,2046,WTW,bc,0.0369905366087519,Mt
Current Commitments,Aviation,2047,WTW,bc,0.0374089987418232,Mt
Current Commitments,Aviation,2048,WTW,bc,0.0378181042923802,Mt
Current Commitments,Aviation,2049,WTW,bc,0.0382407641767013,Mt
Current Commitments,Aviation,2050,WTW,bc,0.0386927715501852,Mt
Current Commitments lower,Aviation,1940,WTW,bc,0.0007991461167132,Mt
Current Commitments lower,Aviation,1941,WTW,bc,0.0008614172426909,Mt
Current Commitments lower,Aviation,1942,WTW,bc,0.0009340668896648,Mt
Current Commitments lower,Aviation,1943,WTW,bc,0.0010067165366387,Mt
Current Commitments lower,Aviation,1944,WTW,bc,0.0010897447046089,Mt
Current Commitments lower,Aviation,1945,WTW,bc,0.0011727728725791,Mt
Current Commitments lower,Aviation,1946,WTW,bc,0.0012765580825419,Mt
Current Commitments lower,Aviation,1947,WTW,bc,0.0013699647715084,Mt
Current Commitments lower,Aviation,1948,WTW,bc,0.0014841285024674,Mt
Current Commitments lower,Aviation,1949,WTW,bc,0.0015982922334264,Mt
Current Commitments lower,Aviation,1950,WTW,bc,0.001733213006378,Mt
Current Commitments lower,Aviation,1951,WTW,bc,0.0018681337793296,Mt
Current Commitments lower,Aviation,1952,WTW,bc,0.0020134330732775,Mt
Current Commitments lower,Aviation,1953,WTW,bc,0.0021794894092179,Mt
Current Commitments lower,Aviation,1954,WTW,bc,0.0023559242661546,Mt
Current Commitments lower,Aviation,1955,WTW,bc,0.0025427376440876,Mt
Current Commitments lower,Aviation,1956,WTW,bc,0.0027503080640131,Mt
Current Commitments lower,Aviation,1957,WTW,bc,0.0029682570049349,Mt
Current Commitments lower,Aviation,1958,WTW,bc,0.0032069629878492,Mt
Current Commitments lower,Aviation,1959,WTW,bc,0.0034560474917598,Mt
Current Commitments lower,Aviation,1960,WTW,bc,0.0037362675586593,Mt
Current Commitments lower,Aviation,1961,WTW,bc,0.0040995157935289,Mt
Current Commitments lower,Aviation,1962,WTW,bc,0.00451465663338,Mt
Current Commitments lower,Aviation,1963,WTW,bc,0.0047637411372906,Mt
Current Commitments lower,Aviation,1964,WTW,bc,0.0049816900782124,Mt
Current Commitments lower,Aviation,1965,WTW,bc,0.0053241812710895,Mt
Current Commitments lower,Aviation,1966,WTW,bc,0.0057704576739294,Mt
Current Commitments lower,Aviation,1967,WTW,bc,0.006808309773557,Mt
Current Commitments lower,Aviation,1968,WTW,bc,0.007711241100233,Mt
Current Commitments lower,Aviation,1969,WTW,bc,0.0080744893351026,Mt
Current Commitments lower,Aviation,1970,WTW,bc,0.0080952463770952,Mt
Current Commitments lower,Aviation,1971,WTW,bc,0.0093406688966483,Mt
Current Commitments lower,Aviation,1972,WTW,bc,0.0099633801564248,Mt
Current Commitments lower,Aviation,1973,WTW,bc,0.0103162498702982,Mt
Current Commitments lower,Aviation,1974,WTW,bc,0.0099633801564248,Mt
Current Commitments lower,Aviation,1975,WTW,bc,0.0099737586774211,Mt
Current Commitments lower,Aviation,1976,WTW,bc,0.0100048942404099,Mt
Current Commitments lower,Aviation,1977,WTW,bc,0.0105964699371977,Mt
Current Commitments lower,Aviation,1978,WTW,bc,0.0109700966930636,Mt
Current Commitments lower,Aviation,1979,WTW,bc,0.0114267516168997,Mt
Current Commitments lower,Aviation,1980,WTW,bc,0.01150977978487,Mt
Current Commitments lower,Aviation,1981,WTW,bc,0.0113437234489295,Mt
Current Commitments lower,Aviation,1982,WTW,bc,0.0114682657008849,Mt
Current Commitments lower,Aviation,1983,WTW,bc,0.011623943515829,Mt
Current Commitments lower,Aviation,1984,WTW,bc,0.0124023325905497,Mt
Current Commitments lower,Aviation,1985,WTW,bc,0.0128070949094044,Mt
Current Commitments lower,Aviation,1986,WTW,bc,0.0134816987741624,Mt
Current Commitments lower,Aviation,1987,WTW,bc,0.0140732744709501,Mt
Current Commitments lower,Aviation,1988,WTW,bc,0.0146752286887341,Mt
Current Commitments lower,Aviation,1989,WTW,bc,0.0152045332595442,Mt
Current Commitments lower,Aviation,1990,WTW,bc,0.0155240816939069,Mt
Current Commitments lower,Aviation,1991,WTW,bc,0.0150130059573747,Mt
Current Commitments lower,Aviation,1992,WTW,bc,0.0150478155167962,Mt
Current Commitments lower,Aviation,1993,WTW,bc,0.0151299303749188,Mt
Current Commitments lower,Aviation,1994,WTW,bc,0.0158516485735914,Mt
Current Commitments lower,Aviation,1995,WTW,bc,0.0162375884067673,Mt
Current Commitments lower,Aviation,1996,WTW,bc,0.016972516386964,Mt
Current Commitments lower,Aviation,1997,WTW,bc,0.0174893044614526,Mt
Current Commitments lower,Aviation,1998,WTW,bc,0.0178341868655672,Mt
Current Commitments lower,Aviation,1999,WTW,bc,0.0184094371488278,Mt
Current Commitments lower,Aviation,2000,WTW,bc,0.0193628620558549,Mt
Current Commitments lower,Aviation,2001,WTW,bc,0.0186251671619606,Mt
Current Commitments lower,Aviation,2002,WTW,bc,0.0186628328903603,Mt
Current Commitments lower,Aviation,2003,WTW,bc,0.0186511404486059,Mt
Current Commitments lower,Aviation,2004,WTW,bc,0.0198244011116719,Mt
Current Commitments lower,Aviation,2005,WTW,bc,0.0207987117543519,Mt
Current Commitments lower,Aviation,2006,WTW,bc,0.021041218351655,Mt
Current Commitments lower,Aviation,2007,WTW,bc,0.0216522600024234,Mt
Current Commitments lower,Aviation,2008,WTW,bc,0.0215521155776261,Mt
Current Commitments lower,Aviation,2009,WTW,bc,0.0204380311655767,Mt
Current Commitments lower,Aviation,2010,WTW,bc,0.0214700007195036,Mt
Current Commitments lower,Aviation,2011,WTW,bc,0.0221067478910755,Mt
Current Commitments lower,Aviation,2012,WTW,bc,0.0223460412982782,Mt
Current Commitments lower,Aviation,2013,WTW,bc,0.0229811818747999,Mt
Current Commitments lower,Aviation,2014,WTW,bc,0.0237041496474005,Mt
Current Commitments lower,Aviation,2015,WTW,bc,0.0249987082367584,Mt
Current Commitments lower,Aviation,2016,WTW,bc,0.0262077602673322,Mt
Current Commitments lower,Aviation,2017,WTW,bc,0.0277540181231048,Mt
Current Commitments lower,Aviation,2018,WTW,bc,0.0291972270655062,Mt
Current Commitments lower,Aviation,2019,WTW,bc,0.0261076763129875,Mt
Current Commitments lower,Aviation,2020,WTW,bc,0.0141416580017525,Mt
Current Commitments lower,Aviation,2021,WTW,bc,0.0168612076171309,Mt
Current Commitments lower,Aviation,2022,WTW,bc,0.0206685770822308,Mt
Current Commitments lower,Aviation,2023,WTW,bc,0.0240272803059941,Mt
Current Commitments lower,Aviation,2024,WTW,bc,0.0258831686381518,Mt
Current Commitments lower,Aviation,2025,WTW,bc,0.027527677436489,Mt
Current Commitments lower,Aviation,2026,WTW,bc,0.0279013025499742,Mt
Current Commitments lower,Aviation,2027,WTW,bc,0.0283179632321455,Mt
Current Commitments lower,Aviation,2028,WTW,bc,0.0287552180225358,Mt
Current Commitments lower,Aviation,2029,WTW,bc,0.0292037548326021,Mt
Current Commitments lower,Aviation,2030,WTW,bc,0.0296634428001491,Mt
Current Commitments lower,Aviation,2031,WTW,bc,0.0300921256506854,Mt
Current Commitments lower,Aviation,2032,WTW,bc,0.0305302784723961,Mt
Current Commitments lower,Aviation,2033,WTW,bc,0.0309786375856249,Mt
Current Commitments lower,Aviation,2034,WTW,bc,0.0314387967839116,Mt
Current Commitments lower,Aviation,2035,WTW,bc,0.0319068595107821,Mt
Current Commitments lower,Aviation,2036,WTW,bc,0.0323812162706286,Mt
Current Commitments lower,Aviation,2037,WTW,bc,0.0328507553122563,Mt
Current Commitments lower,Aviation,2038,WTW,bc,0.0333075441020043,Mt
Current Commitments lower,Aviation,2039,WTW,bc,0.0337520469354177,Mt
Current Commitments lower,Aviation,2040,WTW,bc,0.0342035858034189,Mt
Current Commitments lower,Aviation,2041,WTW,bc,0.0346813474484172,Mt
Current Commitments lower,Aviation,2042,WTW,bc,0.0351621310870378,Mt
Current Commitments lower,Aviation,2043,WTW,bc,0.035640030995093,Mt
Current Commitments lower,Aviation,2044,WTW,bc,0.0361069676858237,Mt
Current Commitments lower,Aviation,2045,WTW,bc,0.0365611053651149,Mt
Current Commitments lower,Aviation,2046,WTW,bc,0.0369905366087519,Mt
Current Commitments lower,Aviation,2047,WTW,bc,0.0374089987418232,Mt
Current Commitments lower,Aviation,2048,WTW,bc,0.0378181042923802,Mt
Current Commitments lower,Aviation,2049,WTW,bc,0.0382407641767013,Mt
Current Commitments lower,Aviation,2050,WTW,bc,0.0386927715501852,Mt
Current Commitments upper,Aviation,1940,WTW,bc,0.0007991461167132,Mt
Current Commitments upper,Aviation,1941,WTW,bc,0.0008614172426909,Mt
Current Commitments upper,Aviation,1942,WTW,bc,0.0009340668896648,Mt
Current Commitments upper,Aviation,1943,WTW,bc,0.0010067165366387,Mt
Current Commitments upper,Aviation,1944,WTW,bc,0.0010897447046089,Mt
Current Commitments upper,Aviation,1945,WTW,bc,0.0011727728725791,Mt
Current Commitments upper,Aviation,1946,WTW,bc,0.0012765580825419,Mt
Current Commitments upper,Aviation,1947,WTW,bc,0.0013699647715084,Mt
Current Commitments upper,Aviation,1948,WTW,bc,0.0014841285024674,Mt
Current Commitments upper,Aviation,1949,WTW,bc,0.0015982922334264,Mt
Current Commitments upper,Aviation,1950,WTW,bc,0.001733213006378,Mt
Current Commitments upper,Aviation,1951,WTW,bc,0.0018681337793296,Mt
Current Commitments upper,Aviation,1952,WTW,bc,0.0020134330732775,Mt
Current Commitments upper,Aviation,1953,WTW,bc,0.0021794894092179,Mt
Current Commitments upper,Aviation,1954,WTW,bc,0.0023559242661546,Mt
Current Commitments upper,Aviation,1955,WTW,bc,0.0025427376440876,Mt
Current Commitments upper,Aviation,1956,WTW,bc,0.0027503080640131,Mt
Current Commitments upper,Aviation,1957,WTW,bc,0.0029682570049349,Mt
Current Commitments upper,Aviation,1958,WTW,bc,0.0032069629878492,Mt
Current Commitments upper,Aviation,1959,WTW,bc,0.0034560474917598,Mt
Current Commitments upper,Aviation,1960,WTW,bc,0.0037362675586593,Mt
Current Commitments upper,Aviation,1961,WTW,bc,0.0040995157935289,Mt
Current Commitments upper,Aviation,1962,WTW,bc,0.00451465663338,Mt
Current Commitments upper,Aviation,1963,WTW,bc,0.0047637411372906,Mt
Current Commitments upper,Aviation,1964,WTW,bc,0.0049816900782124,Mt
Current Commitments upper,Aviation,1965,WTW,bc,0.0053241812710895,Mt
Current Commitments upper,Aviation,1966,WTW,bc,0.0057704576739294,Mt
Current Commitments upper,Aviation,1967,WTW,bc,0.006808309773557,Mt
Current Commitments upper,Aviation,1968,WTW,bc,0.007711241100233,Mt
Current Commitments upper,Aviation,1969,WTW,bc,0.0080744893351026,Mt
Current Commitments upper,Aviation,1970,WTW,bc,0.0080952463770952,Mt
Current Commitments upper,Aviation,1971,WTW,bc,0.0093406688966483,Mt
Current Commitments upper,Aviation,1972,WTW,bc,0.0099633801564248,Mt
Current Commitments upper,Aviation,1973,WTW,bc,0.0103162498702982,Mt
Current Commitments upper,Aviation,1974,WTW,bc,0.0099633801564248,Mt
Current Commitments upper,Aviation,1975,WTW,bc,0.0099737586774211,Mt
Current Commitments upper,Aviation,1976,WTW,bc,0.0100048942404099,Mt
Current Commitments upper,Aviation,1977,WTW,bc,0.0105964699371977,Mt
Current Commitments upper,Aviation,1978,WTW,bc,0.0109700966930636,Mt
Current Commitments upper,Aviation,1979,WTW,bc,0.0114267516168997,Mt
Current Commitments upper,Aviation,1980,WTW,bc,0.01150977978487,Mt
Current Commitments upper,Aviation,1981,WTW,bc,0.0113437234489295,Mt
Current Commitments upper,Aviation,1982,WTW,bc,0.0114682657008849,Mt
Current Commitments upper,Aviation,1983,WTW,bc,0.011623943515829,Mt
Current Commitments upper,Aviation,1984,WTW,bc,0.0124023325905497,Mt
Current Commitments upper,Aviation,1985,WTW,bc,0.0128070949094044,Mt
Current Commitments upper,Aviation,1986,WTW,bc,0.0134816987741624,Mt
Current Commitments upper,Aviation,1987,WTW,bc,0.0140732744709501,Mt
Current Commitments upper,Aviation,1988,WTW,bc,0.0146752286887341,Mt
Current Commitments upper,Aviation,1989,WTW,bc,0.0152045332595442,Mt
Current Commitments upper,Aviation,1990,WTW,bc,0.0155240816939069,Mt
Current Commitments upper,Aviation,1991,WTW,bc,0.0150130059573747,Mt
Current Commitments upper,Aviation,1992,WTW,bc,0.0150478155167962,Mt
Current Commitments upper,Aviation,1993,WTW,bc,0.0151299303749188,Mt
Current Commitments upper,Aviation,1994,WTW,bc,0.0158516485735914,Mt
Current Commitments upper,Aviation,1995,WTW,bc,0.0162375884067673,Mt
Current Commitments upper,Aviation,1996,WTW,bc,0.016972516386964,Mt
Current Commitments upper,Aviation,1997,WTW,bc,0.0174893044614526,Mt
Current Commitments upper,Aviation,1998,WTW,bc,0.0178341868655672,Mt
Current Commitments upper,Aviation,1999,WTW,bc,0.0184094371488278,Mt
Current Commitments upper,Aviation,2000,WTW,bc,0.0193628620558549,Mt
Current Commitments upper,Aviation,2001,WTW,bc,0.0186251671619606,Mt
Current Commitments upper,Aviation,2002,WTW,bc,0.0186628328903603,Mt
Current Commitments upper,Aviation,2003,WTW,bc,0.0186511404486059,Mt
Current Commitments upper,Aviation,2004,WTW,bc,0.0198244011116719,Mt
Current Commitments upper,Aviation,2005,WTW,bc,0.0207987117543519,Mt
Current Commitments upper,Aviation,2006,WTW,bc,0.021041218351655,Mt
Current Commitments upper,Aviation,2007,WTW,bc,0.0216522600024234,Mt
Current Commitments upper,Aviation,2008,WTW,bc,0.0215521155776261,Mt
Current Commitments upper,Aviation,2009,WTW,bc,0.0204380311655767,Mt
Current Commitments upper,Aviation,2010,WTW,bc,0.0214700007195036,Mt
Current Commitments upper,Aviation,2011,WTW,bc,0.0221067478910755,Mt
Current Commitments upper,Aviation,2012,WTW,bc,0.0223460412982782,Mt
Current Commitments upper,Aviation,2013,WTW,bc,0.0229811818747999,Mt
Current Commitments upper,Aviation,2014,WTW,bc,0.0237041496474005,Mt
Current Commitments upper,Aviation,2015,WTW,bc,0.0249987082367584,Mt
Current Commitments upper,Aviation,2016,WTW,bc,0.0262077602673322,Mt
Current Commitments upper,Aviation,2017,WTW,bc,0.0277540181231048,Mt
Current Commitments upper,Aviation,2018,WTW,bc,0.0291972270655062,Mt
Current Commitments upper,Aviation,2019,WTW,bc,0.0261076763129875,Mt
Current Commitments upper,Aviation,2020,WTW,bc,0.0141416580017525,Mt
Current Commitments upper,Aviation,2021,WTW,bc,0.0168612076171309,Mt
Current Commitments upper,Aviation,2022,WTW,bc,0.0206685770822308,Mt
Current Commitments upper,Aviation,2023,WTW,bc,0.0240272803059941,Mt
Current Commitments upper,Aviation,2024,WTW,bc,0.0258831686381518,Mt
Current Commitments upper,Aviation,2025,WTW,bc,0.027527677436489,Mt
Current Commitments upper,Aviation,2026,WTW,bc,0.0279013025499742,Mt
Current Commitments upper,Aviation,2027,WTW,bc,0.0283179632321455,Mt
Current Commitments upper,Aviation,2028,WTW,bc,0.0287552180225358,Mt
Current Commitments upper,Aviation,2029,WTW,bc,0.0292037548326021,Mt
Current Commitments upper,Aviation,2030,WTW,bc,0.0296634428001491,Mt
Current Commitments upper,Aviation,2031,WTW,bc,0.0300921256506854,Mt
Current Commitments upper,Aviation,2032,WTW,bc,0.0305302784723961,Mt
Current Commitments upper,Aviation,2033,WTW,bc,0.0309786375856249,Mt
Current Commitments upper,Aviation,2034,WTW,bc,0.0314387967839116,Mt
Current Commitments upper,Aviation,2035,WTW,bc,0.0319068595107821,Mt
Current Commitments upper,Aviation,2036,WTW,bc,0.0323812162706286,Mt
Current Commitments upper,Aviation,2037,WTW,bc,0.0328507553122563,Mt
Current Commitments upper,Aviation,2038,WTW,bc,0.0333075441020043,Mt
Current Commitments upper,Aviation,2039,WTW,bc,0.0337520469354177,Mt
Current Commitments upper,Aviation,2040,WTW,bc,0.0342035858034189,Mt
Current Commitments upper,Aviation,2041,WTW,bc,0.0346813474484172,Mt
Current Commitments upper,Aviation,2042,WTW,bc,0.0351621310870378,Mt
Current Commitments upper,Aviation,2043,WTW,bc,0.035640030995093,Mt
Current Commitments upper,Aviation,2044,WTW,bc,0.0361069676858237,Mt
Current Commitments upper,Aviation,2045,WTW,bc,0.0365611053651149,Mt
Current Commitments upper,Aviation,2046,WTW,bc,0.0369905366087519,Mt
Current Commitments upper,Aviation,2047,WTW,bc,0.0374089987418232,Mt
Current Commitments upper,Aviation,2048,WTW,bc,0.0378181042923802,Mt
Current Commitments upper,Aviation,2049,WTW,bc,0.0382407641767013,Mt
Current Commitments upper,Aviation,2050,WTW,bc,0.0386927715501852,Mt
Full Breakthrough,Aviation,1940,WTW,bc,0.0007991461167132,Mt
Full Breakthrough,Aviation,1941,WTW,bc,0.0008614172426909,Mt
Full Breakthrough,Aviation,1942,WTW,bc,0.0009340668896648,Mt
Full Breakthrough,Aviation,1943,WTW,bc,0.0010067165366387,Mt
Full Breakthrough,Aviation,1944,WTW,bc,0.0010897447046089,Mt
Full Breakthrough,Aviation,1945,WTW,bc,0.0011727728725791,Mt
Full Breakthrough,Aviation,1946,WTW,bc,0.0012765580825419,Mt
Full Breakthrough,Aviation,1947,WTW,bc,0.0013699647715084,Mt
Full Breakthrough,Aviation,1948,WTW,bc,0.0014841285024674,Mt
Full Breakthrough,Aviation,1949,WTW,bc,0.0015982922334264,Mt
Full Breakthrough,Aviation,1950,WTW,bc,0.001733213006378,Mt
Full Breakthrough,Aviation,1951,WTW,bc,0.0018681337793296,Mt
Full Breakthrough,Aviation,1952,WTW,bc,0.0020134330732775,Mt
Full Breakthrough,Aviation,1953,WTW,bc,0.0021794894092179,Mt
Full Breakthrough,Aviation,1954,WTW,bc,0.0023559242661546,Mt
Full Breakthrough,Aviation,1955,WTW,bc,0.0025427376440876,Mt
Full Breakthrough,Aviation,1956,WTW,bc,0.0027503080640131,Mt
Full Breakthrough,Aviation,1957,WTW,bc,0.0029682570049349,Mt
Full Breakthrough,Aviation,1958,WTW,bc,0.0032069629878492,Mt
Full Breakthrough,Aviation,1959,WTW,bc,0.0034560474917598,Mt
Full Breakthrough,Aviation,1960,WTW,bc,0.0037362675586593,Mt
Full Breakthrough,Aviation,1961,WTW,bc,0.0040995157935289,Mt
Full Breakthrough,Aviation,1962,WTW,bc,0.00451465663338,Mt
Full Breakthrough,Aviation,1963,WTW,bc,0.0047637411372906,Mt
Full Breakthrough,Aviation,1964,WTW,bc,0.0049816900782124,Mt
Full Breakthrough,Aviation,1965,WTW,bc,0.0053241812710895,Mt
Full Breakthrough,Aviation,1966,WTW,bc,0.0057704576739294,Mt
Full Breakthrough,Aviation,1967,WTW,bc,0.006808309773557,Mt
Full Breakthrough,Aviation,1968,WTW,bc,0.007711241100233,Mt
Full Breakthrough,Aviation,1969,WTW,bc,0.0080744893351026,Mt
Full Breakthrough,Aviation,1970,WTW,bc,0.0080952463770952,Mt
Full Breakthrough,Aviation,1971,WTW,bc,0.0093406688966483,Mt
Full Breakthrough,Aviation,1972,WTW,bc,0.0099633801564248,Mt
Full Breakthrough,Aviation,1973,WTW,bc,0.0103162498702982,Mt
Full Breakthrough,Aviation,1974,WTW,bc,0.0099633801564248,Mt
Full Breakthrough,Aviation,1975,WTW,bc,0.0099737586774211,Mt
Full Breakthrough,Aviation,1976,WTW,bc,0.0100048942404099,Mt
Full Breakthrough,Aviation,1977,WTW,bc,0.0105964699371977,Mt
Full Breakthrough,Aviation,1978,WTW,bc,0.0109700966930636,Mt
Full Breakthrough,Aviation,1979,WTW,bc,0.0114267516168997,Mt
Full Breakthrough,Aviation,1980,WTW,bc,0.01150977978487,Mt
Full Breakthrough,Aviation,1981,WTW,bc,0.0113437234489295,Mt
Full Breakthrough,Aviation,1982,WTW,bc,0.0114682657008849,Mt
Full Breakthrough,Aviation,1983,WTW,bc,0.011623943515829,Mt
Full Breakthrough,Aviation,1984,WTW,bc,0.0124023325905497,Mt
Full Breakthrough,Aviation,1985,WTW,bc,0.0128070949094044,Mt
Full Breakthrough,Aviation,1986,WTW,bc,0.0134816987741624,Mt
Full Breakthrough,Aviation,1987,WTW,bc,0.0140732744709501,Mt
Full Breakthrough,Aviation,1988,WTW,bc,0.0146752286887341,Mt
Full Breakthrough,Aviation,1989,WTW,bc,0.0152045332595442,Mt
Full Breakthrough,Aviation,1990,WTW,bc,0.0155240816939069,Mt
Full Breakthrough,Aviation,1991,WTW,bc,0.0150130059573747,Mt
Full Breakthrough,Aviation,1992,WTW,bc,0.0150478155167962,Mt
Full Breakthrough,Aviation,1993,WTW,bc,0.0151299303749188,Mt
Full Breakthrough,Aviation,1994,WTW,bc,0.0158516485735914,Mt
Full Breakthrough,Aviation,1995,WTW,bc,0.0162375884067673,Mt
Full Breakthrough,Aviation,1996,WTW,bc,0.016972516386964,Mt
Full Breakthrough,Aviation,1997,WTW,bc,0.0174893044614526,Mt
Full Breakthrough,Aviation,1998,WTW,bc,0.0178341868655672,Mt
Full Breakthrough,Aviation,1999,WTW,bc,0.0184094371488278,Mt
Full Breakthrough,Aviation,2000,WTW,bc,0.0193628620558549,Mt
Full Breakthrough,Aviation,2001,WTW,bc,0.0186251671619606,Mt
Full Breakthrough,Aviation,2002,WTW,bc,0.0186628328903603,Mt
Full Breakthrough,Aviation,2003,WTW,bc,0.0186511404486059,Mt
Full Breakthrough,Aviation,2004,WTW,bc,0.0198244011116719,Mt
Full Breakthrough,Aviation,2005,WTW,bc,0.0207987117543519,Mt
Full Breakthrough,Aviation,2006,WTW,bc,0.021041218351655,Mt
Full Breakthrough,Aviation,2007,WTW,bc,0.0216522600024234,Mt
Full Breakthrough,Aviation,2008,WTW,bc,0.0215521155776261,Mt
Full Breakthrough,Aviation,2009,WTW,bc,0.0204380311655767,Mt
Full Breakthrough,Aviation,2010,WTW,bc,0.0214700007195036,Mt
Full Breakthrough,Aviation,2011,WTW,bc,0.0221067478910755,Mt
Full Breakthrough,Aviation,2012,WTW,bc,0.0223460412982782,Mt
Full Breakthrough,Aviation,2013,WTW,bc,0.0229811818747999,Mt
Full Breakthrough,Aviation,2014,WTW,bc,0.0237041496474005,Mt
Full Breakthrough,Aviation,2015,WTW,bc,0.0249987082367584,Mt
Full Breakthrough,Aviation,2016,WTW,bc,0.0262077602673322,Mt
Full Breakthrough,Aviation,2017,WTW,bc,0.0277540181231048,Mt
Full Breakthrough,Aviation,2018,WTW,bc,0.0291972270655062,Mt
Full Breakthrough,Aviation,2019,WTW,bc,0.0261076763129875,Mt
Full Breakthrough,Aviation,2020,WTW,bc,0.0141416580017525,Mt
Full Breakthrough,Aviation,2021,WTW,bc,0.0168612076171309,Mt
Full Breakthrough,Aviation,2022,WTW,bc,0.0206685770822308,Mt
Full Breakthrough,Aviation,2023,WTW,bc,0.0240272803059941,Mt
Full Breakthrough,Aviation,2024,WTW,bc,0.0258831686381518,Mt
Full Breakthrough,Aviation,2025,WTW,bc,0.0270694772783287,Mt
Full Breakthrough,Aviation,2026,WTW,bc,0.0271682415051814,Mt
Full Breakthrough,Aviation,2027,WTW,bc,0.0268533614630218,Mt
Full Breakthrough,Aviation,2028,WTW,bc,0.0265632555006376,Mt
Full Breakthrough,Aviation,2029,WTW,bc,0.0256315754711914,Mt
Full Breakthrough,Aviation,2030,WTW,bc,0.0247138146193211,Mt
Full Breakthrough,Aviation,2031,WTW,bc,0.0234620749308045,Mt
Full Breakthrough,Aviation,2032,WTW,bc,0.0220718089897256,Mt
Full Breakthrough,Aviation,2033,WTW,bc,0.0208959691699044,Mt
Full Breakthrough,Aviation,2034,WTW,bc,0.0196525710949829,Mt
Full Breakthrough,Aviation,2035,WTW,bc,0.0186926096973777,Mt
Full Breakthrough,Aviation,2036,WTW,bc,0.0182232210158451,Mt
Full Breakthrough,Aviation,2037,WTW,bc,0.0177227425937447,Mt
Full Breakthrough,Aviation,2038,WTW,bc,0.0171570548152249,Mt
Full Breakthrough,Aviation,2039,WTW,bc,0.016463682852646,Mt
Full Breakthrough,Aviation,2040,WTW,bc,0.0156883175006607,Mt
Full Breakthrough,Aviation,2041,WTW,bc,0.0148562485247712,Mt
Full Breakthrough,Aviation,2042,WTW,bc,0.0140022862588242,Mt
Full Breakthrough,Aviation,2043,WTW,bc,0.0131106430405729,Mt
Full Breakthrough,Aviation,2044,WTW,bc,0.0122036961106062,Mt
Full Breakthrough,Aviation,2045,WTW,bc,0.0112929862655331,Mt
Full Breakthrough,Aviation,2046,WTW,bc,0.0103707714340025,Mt
Full Breakthrough,Aviation,2047,WTW,bc,0.0094561582968394,Mt
Full Breakthrough,Aviation,2048,WTW,bc,0.0085622291434285,Mt
Full Breakthrough,Aviation,2049,WTW,bc,0.0077035668968774,Mt
Full Breakthrough,Aviation,2050,WTW,bc,0.0068903516967468,Mt
Full Breakthrough lower,Aviation,1940,WTW,bc,0.0007991461167132,Mt
Full Breakthrough lower,Aviation,1941,WTW,bc,0.0008614172426909,Mt
Full Breakthrough lower,Aviation,1942,WTW,bc,0.0009340668896648,Mt
Full Breakthrough lower,Aviation,1943,WTW,bc,0.0010067165366387,Mt
Full Breakthrough lower,Aviation,1944,WTW,bc,0.0010897447046089,Mt
Full Breakthrough lower,Aviation,1945,WTW,bc,0.0011727728725791,Mt
Full Breakthrough lower,Aviation,1946,WTW,bc,0.0012765580825419,Mt
Full Breakthrough lower,Aviation,1947,WTW,bc,0.0013699647715084,Mt
Full Breakthrough lower,Aviation,1948,WTW,bc,0.0014841285024674,Mt
Full Breakthrough lower,Aviation,1949,WTW,bc,0.0015982922334264,Mt
Full Breakthrough lower,Aviation,1950,WTW,bc,0.001733213006378,Mt
Full Breakthrough lower,Aviation,1951,WTW,bc,0.0018681337793296,Mt
Full Breakthrough lower,Aviation,1952,WTW,bc,0.0020134330732775,Mt
Full Breakthrough lower,Aviation,1953,WTW,bc,0.0021794894092179,Mt
Full Breakthrough lower,Aviation,1954,WTW,bc,0.0023559242661546,Mt
Full Breakthrough lower,Aviation,1955,WTW,bc,0.0025427376440876,Mt
Full Breakthrough lower,Aviation,1956,WTW,bc,0.0027503080640131,Mt
Full Breakthrough lower,Aviation,1957,WTW,bc,0.0029682570049349,Mt
Full Breakthrough lower,Aviation,1958,WTW,bc,0.0032069629878492,Mt
Full Breakthrough lower,Aviation,1959,WTW,bc,0.0034560474917598,Mt
Full Breakthrough lower,Aviation,1960,WTW,bc,0.0037362675586593,Mt
Full Breakthrough lower,Aviation,1961,WTW,bc,0.0040995157935289,Mt
Full Breakthrough lower,Aviation,1962,WTW,bc,0.00451465663338,Mt
Full Breakthrough lower,Aviation,1963,WTW,bc,0.0047637411372906,Mt
Full Breakthrough lower,Aviation,1964,WTW,bc,0.0049816900782124,Mt
Full Breakthrough lower,Aviation,1965,WTW,bc,0.0053241812710895,Mt
Full Breakthrough lower,Aviation,1966,WTW,bc,0.0057704576739294,Mt
Full Breakthrough lower,Aviation,1967,WTW,bc,0.006808309773557,Mt
Full Breakthrough lower,Aviation,1968,WTW,bc,0.007711241100233,Mt
Full Breakthrough lower,Aviation,1969,WTW,bc,0.0080744893351026,Mt
Full Breakthrough lower,Aviation,1970,WTW,bc,0.0080952463770952,Mt
Full Breakthrough lower,Aviation,1971,WTW,bc,0.0093406688966483,Mt
Full Breakthrough lower,Aviation,1972,WTW,bc,0.0099633801564248,Mt
Full Breakthrough lower,Aviation,1973,WTW,bc,0.0103162498702982,Mt
Full Breakthrough lower,Aviation,1974,WTW,bc,0.0099633801564248,Mt
Full Breakthrough lower,Aviation,1975,WTW,bc,0.0099737586774211,Mt
Full Breakthrough lower,Aviation,1976,WTW,bc,0.0100048942404099,Mt
Full Breakthrough lower,Aviation,1977,WTW,bc,0.0105964699371977,Mt
Full Breakthrough lower,Aviation,1978,WTW,bc,0.0109700966930636,Mt
Full Breakthrough lower,Aviation,1979,WTW,bc,0.0114267516168997,Mt
Full Breakthrough lower,Aviation,1980,WTW,bc,0.01150977978487,Mt
Full Breakthrough lower,Aviation,1981,WTW,bc,0.0113437234489295,Mt
Full Breakthrough lower,Aviation,1982,WTW,bc,0.0114682657008849,Mt
Full Breakthrough lower,Aviation,1983,WTW,bc,0.011623943515829,Mt
Full Breakthrough lower,Aviation,1984,WTW,bc,0.0124023325905497,Mt
Full Breakthrough lower,Aviation,1985,WTW,bc,0.0128070949094044,Mt
Full Breakthrough lower,Aviation,1986,WTW,bc,0.0134816987741624,Mt
Full Breakthrough lower,Aviation,1987,WTW,bc,0.0140732744709501,Mt
Full Breakthrough lower,Aviation,1988,WTW,bc,0.0146752286887341,Mt
Full Breakthrough lower,Aviation,1989,WTW,bc,0.0152045332595442,Mt
Full Breakthrough lower,Aviation,1990,WTW,bc,0.0155240816939069,Mt
Full Breakthrough lower,Aviation,1991,WTW,bc,0.0150130059573747,Mt
Full Breakthrough lower,Aviation,1992,WTW,bc,0.0150478155167962,Mt
Full Breakthrough lower,Aviation,1993,WTW,bc,0.0151299303749188,Mt
Full Breakthrough lower,Aviation,1994,WTW,bc,0.0158516485735914,Mt
Full Breakthrough lower,Aviation,1995,WTW,bc,0.0162375884067673,Mt
Full Breakthrough lower,Aviation,1996,WTW,bc,0.016972516386964,Mt
Full Breakthrough lower,Aviation,1997,WTW,bc,0.0174893044614526,Mt
Full Breakthrough lower,Aviation,1998,WTW,bc,0.0178341868655672,Mt
Full Breakthrough lower,Aviation,1999,WTW,bc,0.0184094371488278,Mt
Full Breakthrough lower,Aviation,2000,WTW,bc,0.0193628620558549,Mt
Full Breakthrough lower,Aviation,2001,WTW,bc,0.0186251671619606,Mt
Full Breakthrough lower,Aviation,2002,WTW,bc,0.0186628328903603,Mt
Full Breakthrough lower,Aviation,2003,WTW,bc,0.0186511404486059,Mt
Full Breakthrough lower,Aviation,2004,WTW,bc,0.0198244011116719,Mt
Full Breakthrough lower,Aviation,2005,WTW,bc,0.0207987117543519,Mt
Full Breakthrough lower,Aviation,2006,WTW,bc,0.021041218351655,Mt
Full Breakthrough lower,Aviation,2007,WTW,bc,0.0216522600024234,Mt
Full Breakthrough lower,Aviation,2008,WTW,bc,0.0215521155776261,Mt
Full Breakthrough lower,Aviation,2009,WTW,bc,0.0204380311655767,Mt
Full Breakthrough lower,Aviation,2010,WTW,bc,0.0214700007195036,Mt
Full Breakthrough lower,Aviation,2011,WTW,bc,0.0221067478910755,Mt
Full Breakthrough lower,Aviation,2012,WTW,bc,0.0223460412982782,Mt
Full Breakthrough lower,Aviation,2013,WTW,bc,0.0229811818747999,Mt
Full Breakthrough lower,Aviation,2014,WTW,bc,0.0237041496474005,Mt
Full Breakthrough lower,Aviation,2015,WTW,bc,0.0249987082367584,Mt
Full Breakthrough lower,Aviation,2016,WTW,bc,0.0262077602673322,Mt
Full Breakthrough lower,Aviation,2017,WTW,bc,0.0277540181231048,Mt
Full Breakthrough lower,Aviation,2018,WTW,bc,0.0291972270655062,Mt
Full Breakthrough lower,Aviation,2019,WTW,bc,0.0261076763129875,Mt
Full Breakthrough lower,Aviation,2020,WTW,bc,0.0141416580017525,Mt
Full Breakthrough lower,Aviation,2021,WTW,bc,0.0168612076171309,Mt
Full Breakthrough lower,Aviation,2022,WTW,bc,0.0206685770822308,Mt
Full Breakthrough lower,Aviation,2023,WTW,bc,0.0240272803059941,Mt
Full Breakthrough lower,Aviation,2024,WTW,bc,0.0258831686381518,Mt
Full Breakthrough lower,Aviation,2025,WTW,bc,0.0270694772783287,Mt
Full Breakthrough lower,Aviation,2026,WTW,bc,0.0271682415051814,Mt
Full Breakthrough lower,Aviation,2027,WTW,bc,0.0268533614630218,Mt
Full Breakthrough lower,Aviation,2028,WTW,bc,0.0265632555006376,Mt
Full Breakthrough lower,Aviation,2029,WTW,bc,0.0256315754711914,Mt
Full Breakthrough lower,Aviation,2030,WTW,bc,0.0247138146193211,Mt
Full Breakthrough lower,Aviation,2031,WTW,bc,0.0234620749308045,Mt
Full Breakthrough lower,Aviation,2032,WTW,bc,0.0220718089897256,Mt
Full Breakthrough lower,Aviation,2033,WTW,bc,0.0208959691699044,Mt
Full Breakthrough lower,Aviation,2034,WTW,bc,0.0196525710949829,Mt
Full Breakthrough lower,Aviation,2035,WTW,bc,0.0186926096973777,Mt
Full Breakthrough lower,Aviation,2036,WTW,bc,0.0182232210158451,Mt
Full Breakthrough lower,Aviation,2037,WTW,bc,0.0177227425937447,Mt
Full Breakthrough lower,Aviation,2038,WTW,bc,0.0171570548152249,Mt
Full Breakthrough lower,Aviation,2039,WTW,bc,0.016463682852646,Mt
Full Breakthrough lower,Aviation,2040,WTW,bc,0.0156883175006607,Mt
Full Breakthrough lower,Aviation,2041,WTW,bc,0.0148562485247712,Mt
Full Breakthrough lower,Aviation,2042,WTW,bc,0.0140022862588242,Mt
Full Breakthrough lower,Aviation,2043,WTW,bc,0.0131106430405729,Mt
Full Breakthrough lower,Aviation,2044,WTW,bc,0.0122036961106062,Mt
Full Breakthrough lower,Aviation,2045,WTW,bc,0.0112929862655331,Mt
Full Breakthrough lower,Aviation,2046,WTW,bc,0.0103707714340025,Mt
Full Breakthrough lower,Aviation,2047,WTW,bc,0.0094561582968394,Mt
Full Breakthrough lower,Aviation,2048,WTW,bc,0.0085622291434285,Mt
Full Breakthrough lower,Aviation,2049,WTW,bc,0.0077035668968774,Mt
Full Breakthrough lower,Aviation,2050,WTW,bc,0.0068903516967468,Mt
Full Breakthrough upper,Aviation,1940,WTW,bc,0.0007991461167132,Mt
Full Breakthrough upper,Aviation,1941,WTW,bc,0.0008614172426909,Mt
Full Breakthrough upper,Aviation,1942,WTW,bc,0.0009340668896648,Mt
Full Breakthrough upper,Aviation,1943,WTW,bc,0.0010067165366387,Mt
Full Breakthrough upper,Aviation,1944,WTW,bc,0.0010897447046089,Mt
Full Breakthrough upper,Aviation,1945,WTW,bc,0.0011727728725791,Mt
Full Breakthrough upper,Aviation,1946,WTW,bc,0.0012765580825419,Mt
Full Breakthrough upper,Aviation,1947,WTW,bc,0.0013699647715084,Mt
Full Breakthrough upper,Aviation,1948,WTW,bc,0.0014841285024674,Mt
Full Breakthrough upper,Aviation,1949,WTW,bc,0.0015982922334264,Mt
Full Breakthrough upper,Aviation,1950,WTW,bc,0.001733213006378,Mt
Full Breakthrough upper,Aviation,1951,WTW,bc,0.0018681337793296,Mt
Full Breakthrough upper,Aviation,1952,WTW,bc,0.0020134330732775,Mt
Full Breakthrough upper,Aviation,1953,WTW,bc,0.0021794894092179,Mt
Full Breakthrough upper,Aviation,1954,WTW,bc,0.0023559242661546,Mt
Full Breakthrough upper,Aviation,1955,WTW,bc,0.0025427376440876,Mt
Full Breakthrough upper,Aviation,1956,WTW,bc,0.0027503080640131,Mt
Full Breakthrough upper,Aviation,1957,WTW,bc,0.0029682570049349,Mt
Full Breakthrough upper,Aviation,1958,WTW,bc,0.0032069629878492,Mt
Full Breakthrough upper,Aviation,1959,WTW,bc,0.0034560474917598,Mt
Full Breakthrough upper,Aviation,1960,WTW,bc,0.0037362675586593,Mt
Full Breakthrough upper,Aviation,1961,WTW,bc,0.0040995157935289,Mt
Full Breakthrough upper,Aviation,1962,WTW,bc,0.00451465663338,Mt
Full Breakthrough upper,Aviation,1963,WTW,bc,0.0047637411372906,Mt
Full Breakthrough upper,Aviation,1964,WTW,bc,0.0049816900782124,Mt
Full Breakthrough upper,Aviation,1965,WTW,bc,0.0053241812710895,Mt
Full Breakthrough upper,Aviation,1966,WTW,bc,0.0057704576739294,Mt
Full Breakthrough upper,Aviation,1967,WTW,bc,0.006808309773557,Mt
Full Breakthrough upper,Aviation,1968,WTW,bc,0.007711241100233,Mt
Full Breakthrough upper,Aviation,1969,WTW,bc,0.0080744893351026,Mt
Full Breakthrough upper,Aviation,1970,WTW,bc,0.0080952463770952,Mt
Full Breakthrough upper,Aviation,1971,WTW,bc,0.0093406688966483,Mt
Full Breakthrough upper,Aviation,1972,WTW,bc,0.0099633801564248,Mt
Full Breakthrough upper,Aviation,1973,WTW,bc,0.0103162498702982,Mt
Full Breakthrough upper,Aviation,1974,WTW,bc,0.0099633801564248,Mt
Full Breakthrough upper,Aviation,1975,WTW,bc,0.0099737586774211,Mt
Full Breakthrough upper,Aviation,1976,WTW,bc,0.0100048942404099,Mt
Full Breakthrough upper,Aviation,1977,WTW,bc,0.0105964699371977,Mt
Full Breakthrough upper,Aviation,1978,WTW,bc,0.0109700966930636,Mt
Full Breakthrough upper,Aviation,1979,WTW,bc,0.0114267516168997,Mt
Full Breakthrough upper,Aviation,1980,WTW,bc,0.01150977978487,Mt
Full Breakthrough upper,Aviation,1981,WTW,bc,0.0113437234489295,Mt
Full Breakthrough upper,Aviation,1982,WTW,bc,0.0114682657008849,Mt
Full Breakthrough upper,Aviation,1983,WTW,bc,0.011623943515829,Mt
Full Breakthrough upper,Aviation,1984,WTW,bc,0.0124023325905497,Mt
Full Breakthrough upper,Aviation,1985,WTW,bc,0.0128070949094044,Mt
Full Breakthrough upper,Aviation,1986,WTW,bc,0.0134816987741624,Mt
Full Breakthrough upper,Aviation,1987,WTW,bc,0.0140732744709501,Mt
Full Breakthrough upper,Aviation,1988,WTW,bc,0.0146752286887341,Mt
Full Breakthrough upper,Aviation,1989,WTW,bc,0.0152045332595442,Mt
Full Breakthrough upper,Aviation,1990,WTW,bc,0.0155240816939069,Mt
Full Breakthrough upper,Aviation,1991,WTW,bc,0.0150130059573747,Mt
Full Breakthrough upper,Aviation,1992,WTW,bc,0.0150478155167962,Mt
Full Breakthrough upper,Aviation,1993,WTW,bc,0.0151299303749188,Mt
Full Breakthrough upper,Aviation,1994,WTW,bc,0.0158516485735914,Mt
Full Breakthrough upper,Aviation,1995,WTW,bc,0.0162375884067673,Mt
Full Breakthrough upper,Aviation,1996,WTW,bc,0.016972516386964,Mt
Full Breakthrough upper,Aviation,1997,WTW,bc,0.0174893044614526,Mt
Full Breakthrough upper,Aviation,1998,WTW,bc,0.0178341868655672,Mt
Full Breakthrough upper,Aviation,1999,WTW,bc,0.0184094371488278,Mt
Full Breakthrough upper,Aviation,2000,WTW,bc,0.0193628620558549,Mt
Full Breakthrough upper,Aviation,2001,WTW,bc,0.0186251671619606,Mt
Full Breakthrough upper,Aviation,2002,WTW,bc,0.0186628328903603,Mt
Full Breakthrough upper,Aviation,2003,WTW,bc,0.0186511404486059,Mt
Full Breakthrough upper,Aviation,2004,WTW,bc,0.0198244011116719,Mt
Full Breakthrough upper,Aviation,2005,WTW,bc,0.0207987117543519,Mt
Full Breakthrough upper,Aviation,2006,WTW,bc,0.021041218351655,Mt
Full Breakthrough upper,Aviation,2007,WTW,bc,0.0216522600024234,Mt
Full Breakthrough upper,Aviation,2008,WTW,bc,0.0215521155776261,Mt
Full Breakthrough upper,Aviation,2009,WTW,bc,0.0204380311655767,Mt
Full Breakthrough upper,Aviation,2010,WTW,bc,0.0214700007195036,Mt
Full Breakthrough upper,Aviation,2011,WTW,bc,0.0221067478910755,Mt
Full Breakthrough upper,Aviation,2012,WTW,bc,0.0223460412982782,Mt
Full Breakthrough upper,Aviation,2013,WTW,bc,0.0229811818747999,Mt
Full Breakthrough upper,Aviation,2014,WTW,bc,0.0237041496474005,Mt
Full Breakthrough upper,Aviation,2015,WTW,bc,0.0249987082367584,Mt
Full Breakthrough upper,Aviation,2016,WTW,bc,0.0262077602673322,Mt
Full Breakthrough upper,Aviation,2017,WTW,bc,0.0277540181231048,Mt
Full Breakthrough upper,Aviation,2018,WTW,bc,0.0291972270655062,Mt
Full Breakthrough upper,Aviation,2019,WTW,bc,0.0261076763129875,Mt
Full Breakthrough upper,Aviation,2020,WTW,bc,0.0141416580017525,Mt
Full Breakthrough upper,Aviation,2021,WTW,bc,0.0168612076171309,Mt
Full Breakthrough upper,Aviation,2022,WTW,bc,0.0206685770822308,Mt
Full Breakthrough upper,Aviation,2023,WTW,bc,0.0240272803059941,Mt
Full Breakthrough upper,Aviation,2024,WTW,bc,0.0258831686381518,Mt
Full Breakthrough upper,Aviation,2025,WTW,bc,0.0270694772783287,Mt
Full Breakthrough upper,Aviation,2026,WTW,bc,0.0271682415051814,Mt
Full Breakthrough upper,Aviation,2027,WTW,bc,0.0268533614630218,Mt
Full Breakthrough upper,Aviation,2028,WTW,bc,0.0265632555006376,Mt
Full Breakthrough upper,Aviation,2029,WTW,bc,0.0256315754711914,Mt
Full Breakthrough upper,Aviation,2030,WTW,bc,0.0247138146193211,Mt
Full Breakthrough upper,Aviation,2031,WTW,bc,0.0234620749308045,Mt
Full Breakthrough upper,Aviation,2032,WTW,bc,0.0220718089897256,Mt
Full Breakthrough upper,Aviation,2033,WTW,bc,0.0208959691699044,Mt
Full Breakthrough upper,Aviation,2034,WTW,bc,0.0196525710949829,Mt
Full Breakthrough upper,Aviation,2035,WTW,bc,0.0186926096973777,Mt
Full Breakthrough upper,Aviation,2036,WTW,bc,0.0182232210158451,Mt
Full Breakthrough upper,Aviation,2037,WTW,bc,0.0177227425937447,Mt
Full Breakthrough upper,Aviation,2038,WTW,bc,0.0171570548152249,Mt
Full Breakthrough upper,Aviation,2039,WTW,bc,0.016463682852646,Mt
Full Breakthrough upper,Aviation,2040,WTW,bc,0.0156883175006607,Mt
Full Breakthrough upper,Aviation,2041,WTW,bc,0.0148562485247712,Mt
Full Breakthrough upper,Aviation,2042,WTW,bc,0.0140022862588242,Mt
Full Breakthrough upper,Aviation,2043,WTW,bc,0.0131106430405729,Mt
Full Breakthrough upper,Aviation,2044,WTW,bc,0.0122036961106062,Mt
Full Breakthrough upper,Aviation,2045,WTW,bc,0.0112929862655331,Mt
Full Breakthrough upper,Aviation,2046,WTW,bc,0.0103707714340025,Mt
Full Breakthrough upper,Aviation,2047,WTW,bc,0.0094561582968394,Mt
Full Breakthrough upper,Aviation,2048,WTW,bc,0.0085622291434285,Mt
Full Breakthrough upper,Aviation,2049,WTW,bc,0.0077035668968774,Mt
Full Breakthrough upper,Aviation,2050,WTW,bc,0.0068903516967468,Mt
GHG Forward,Aviation,1940,WTW,bc,0.0007991461167132,Mt
GHG Forward,Aviation,1941,WTW,bc,0.0008614172426909,Mt
GHG Forward,Aviation,1942,WTW,bc,0.0009340668896648,Mt
GHG Forward,Aviation,1943,WTW,bc,0.0010067165366387,Mt
GHG Forward,Aviation,1944,WTW,bc,0.0010897447046089,Mt
GHG Forward,Aviation,1945,WTW,bc,0.0011727728725791,Mt
GHG Forward,Aviation,1946,WTW,bc,0.0012765580825419,Mt
GHG Forward,Aviation,1947,WTW,bc,0.0013699647715084,Mt
GHG Forward,Aviation,1948,WTW,bc,0.0014841285024674,Mt
GHG Forward,Aviation,1949,WTW,bc,0.0015982922334264,Mt
GHG Forward,Aviation,1950,WTW,bc,0.001733213006378,Mt
GHG Forward,Aviation,1951,WTW,bc,0.0018681337793296,Mt
GHG Forward,Aviation,1952,WTW,bc,0.0020134330732775,Mt
GHG Forward,Aviation,1953,WTW,bc,0.0021794894092179,Mt
GHG Forward,Aviation,1954,WTW,bc,0.0023559242661546,Mt
GHG Forward,Aviation,1955,WTW,bc,0.0025427376440876,Mt
GHG Forward,Aviation,1956,WTW,bc,0.0027503080640131,Mt
GHG Forward,Aviation,1957,WTW,bc,0.0029682570049349,Mt
GHG Forward,Aviation,1958,WTW,bc,0.0032069629878492,Mt
GHG Forward,Aviation,1959,WTW,bc,0.0034560474917598,Mt
GHG Forward,Aviation,1960,WTW,bc,0.0037362675586593,Mt
GHG Forward,Aviation,1961,WTW,bc,0.0040995157935289,Mt
GHG Forward,Aviation,1962,WTW,bc,0.00451465663338,Mt
GHG Forward,Aviation,1963,WTW,bc,0.0047637411372906,Mt
GHG Forward,Aviation,1964,WTW,bc,0.0049816900782124,Mt
GHG Forward,Aviation,1965,WTW,bc,0.0053241812710895,Mt
GHG Forward,Aviation,1966,WTW,bc,0.0057704576739294,Mt
GHG Forward,Aviation,1967,WTW,bc,0.006808309773557,Mt
GHG Forward,Aviation,1968,WTW,bc,0.007711241100233,Mt
GHG Forward,Aviation,1969,WTW,bc,0.0080744893351026,Mt
GHG Forward,Aviation,1970,WTW,bc,0.0080952463770952,Mt
GHG Forward,Aviation,1971,WTW,bc,0.0093406688966483,Mt
GHG Forward,Aviation,1972,WTW,bc,0.0099633801564248,Mt
GHG Forward,Aviation,1973,WTW,bc,0.0103162498702982,Mt
GHG Forward,Aviation,1974,WTW,bc,0.0099633801564248,Mt
GHG Forward,Aviation,1975,WTW,bc,0.0099737586774211,Mt
GHG Forward,Aviation,1976,WTW,bc,0.0100048942404099,Mt
GHG Forward,Aviation,1977,WTW,bc,0.0105964699371977,Mt
GHG Forward,Aviation,1978,WTW,bc,0.0109700966930636,Mt
GHG Forward,Aviation,1979,WTW,bc,0.0114267516168997,Mt
GHG Forward,Aviation,1980,WTW,bc,0.01150977978487,Mt
GHG Forward,Aviation,1981,WTW,bc,0.0113437234489295,Mt
GHG Forward,Aviation,1982,WTW,bc,0.0114682657008849,Mt
GHG Forward,Aviation,1983,WTW,bc,0.011623943515829,Mt
GHG Forward,Aviation,1984,WTW,bc,0.0124023325905497,Mt
GHG Forward,Aviation,1985,WTW,bc,0.0128070949094044,Mt
GHG Forward,Aviation,1986,WTW,bc,0.0134816987741624,Mt
GHG Forward,Aviation,1987,WTW,bc,0.0140732744709501,Mt
GHG Forward,Aviation,1988,WTW,bc,0.0146752286887341,Mt
GHG Forward,Aviation,1989,WTW,bc,0.0152045332595442,Mt
GHG Forward,Aviation,1990,WTW,bc,0.0155240816939069,Mt
GHG Forward,Aviation,1991,WTW,bc,0.0150130059573747,Mt
GHG Forward,Aviation,1992,WTW,bc,0.0150478155167962,Mt
GHG Forward,Aviation,1993,WTW,bc,0.0151299303749188,Mt
GHG Forward,Aviation,1994,WTW,bc,0.0158516485735914,Mt
GHG Forward,Aviation,1995,WTW,bc,0.0162375884067673,Mt
GHG Forward,Aviation,1996,WTW,bc,0.016972516386964,Mt
GHG Forward,Aviation,1997,WTW,bc,0.0174893044614526,Mt
GHG Forward,Aviation,1998,WTW,bc,0.0178341868655672,Mt
GHG Forward,Aviation,1999,WTW,bc,0.0184094371488278,Mt
GHG Forward,Aviation,2000,WTW,bc,0.0193628620558549,Mt
GHG Forward,Aviation,2001,WTW,bc,0.0186251671619606,Mt
GHG Forward,Aviation,2002,WTW,bc,0.0186628328903603,Mt
GHG Forward,Aviation,2003,WTW,bc,0.0186511404486059,Mt
GHG Forward,Aviation,2004,WTW,bc,0.0198244011116719,Mt
GHG Forward,Aviation,2005,WTW,bc,0.0207987117543519,Mt
GHG Forward,Aviation,2006,WTW,bc,0.021041218351655,Mt
GHG Forward,Aviation,2007,WTW,bc,0.0216522600024234,Mt
GHG Forward,Aviation,2008,WTW,bc,0.0215521155776261,Mt
GHG Forward,Aviation,2009,WTW,bc,0.0204380311655767,Mt
GHG Forward,Aviation,2010,WTW,bc,0.0214700007195036,Mt
GHG Forward,Aviation,2011,WTW,bc,0.0221067478910755,Mt
GHG Forward,Aviation,2012,WTW,bc,0.0223460412982782,Mt
GHG Forward,Aviation,2013,WTW,bc,0.0229811818747999,Mt
GHG Forward,Aviation,2014,WTW,bc,0.0237041496474005,Mt
GHG Forward,Aviation,2015,WTW,bc,0.0249987082367584,Mt
GHG Forward,Aviation,2016,WTW,bc,0.0262077602673322,Mt
GHG Forward,Aviation,2017,WTW,bc,0.0277540181231048,Mt
GHG Forward,Aviation,2018,WTW,bc,0.0291972270655062,Mt
GHG Forward,Aviation,2019,WTW,bc,0.0261076763129875,Mt
GHG Forward,Aviation,2020,WTW,bc,0.0141416580017525,Mt
GHG Forward,Aviation,2021,WTW,bc,0.0168612076171309,Mt
GHG Forward,Aviation,2022,WTW,bc,0.0206685770822308,Mt
GHG Forward,Aviation,2023,WTW,bc,0.0240272803059941,Mt
GHG Forward,Aviation,2024,WTW,bc,0.0258831686381518,Mt
GHG Forward,Aviation,2025,WTW,bc,0.0270694772783287,Mt
GHG Forward,Aviation,2026,WTW,bc,0.0271682415051814,Mt
GHG Forward,Aviation,2027,WTW,bc,0.0273024520163115,Mt
GHG Forward,Aviation,2028,WTW,bc,0.0274523324502766,Mt
GHG Forward,Aviation,2029,WTW,bc,0.0276085865876065,Mt
GHG Forward,Aviation,2030,WTW,bc,0.0277082857348559,Mt
GHG Forward,Aviation,2031,WTW,bc,0.0273003322699241,Mt
GHG Forward,Aviation,2032,WTW,bc,0.026901737934038,Mt
GHG Forward,Aviation,2033,WTW,bc,0.0265137315217494,Mt
GHG Forward,Aviation,2034,WTW,bc,0.0261382131699679,Mt
GHG Forward,Aviation,2035,WTW,bc,0.0257459758296987,Mt
GHG Forward,Aviation,2036,WTW,bc,0.0253224254986393,Mt
GHG Forward,Aviation,2037,WTW,bc,0.0248628459703207,Mt
GHG Forward,Aviation,2038,WTW,bc,0.0243542129901038,Mt
GHG Forward,Aviation,2039,WTW,bc,0.0238054494890765,Mt
GHG Forward,Aviation,2040,WTW,bc,0.0232654627842233,Mt
GHG Forward,Aviation,2041,WTW,bc,0.0227822624147024,Mt
GHG Forward,Aviation,2042,WTW,bc,0.0223175667331168,Mt
GHG Forward,Aviation,2043,WTW,bc,0.0218640851792652,Mt
GHG Forward,Aviation,2044,WTW,bc,0.0214289948622372,Mt
GHG Forward,Aviation,2045,WTW,bc,0.0210122666574601,Mt
GHG Forward,Aviation,2046,WTW,bc,0.0206002401215527,Mt
GHG Forward,Aviation,2047,WTW,bc,0.0202068925258745,Mt
GHG Forward,Aviation,2048,WTW,bc,0.0198380457110029,Mt
GHG Forward,Aviation,2049,WTW,bc,0.019500063163725,Mt
GHG Forward,Aviation,2050,WTW,bc,0.0191983568631101,Mt
GHG Forward lower,Aviation,1940,WTW,bc,0.0007991461167132,Mt
GHG Forward lower,Aviation,1941,WTW,bc,0.0008614172426909,Mt
GHG Forward lower,Aviation,1942,WTW,bc,0.0009340668896648,Mt
GHG Forward lower,Aviation,1943,WTW,bc,0.0010067165366387,Mt
GHG Forward lower,Aviation,1944,WTW,bc,0.0010897447046089,Mt
GHG Forward lower,Aviation,1945,WTW,bc,0.0011727728725791,Mt
GHG Forward lower,Aviation,1946,WTW,bc,0.0012765580825419,Mt
GHG Forward lower,Aviation,1947,WTW,bc,0.0013699647715084,Mt
GHG Forward lower,Aviation,1948,WTW,bc,0.0014841285024674,Mt
GHG Forward lower,Aviation,1949,WTW,bc,0.0015982922334264,Mt
GHG Forward lower,Aviation,1950,WTW,bc,0.001733213006378,Mt
GHG Forward lower,Aviation,1951,WTW,bc,0.0018681337793296,Mt
GHG Forward lower,Aviation,1952,WTW,bc,0.0020134330732775,Mt
GHG Forward lower,Aviation,1953,WTW,bc,0.0021794894092179,Mt
GHG Forward lower,Aviation,1954,WTW,bc,0.0023559242661546,Mt
GHG Forward lower,Aviation,1955,WTW,bc,0.0025427376440876,Mt
GHG Forward lower,Aviation,1956,WTW,bc,0.0027503080640131,Mt
GHG Forward lower,Aviation,1957,WTW,bc,0.0029682570049349,Mt
GHG Forward lower,Aviation,1958,WTW,bc,0.0032069629878492,Mt
GHG Forward lower,Aviation,1959,WTW,bc,0.0034560474917598,Mt
GHG Forward lower,Aviation,1960,WTW,bc,0.0037362675586593,Mt
GHG Forward lower,Aviation,1961,WTW,bc,0.0040995157935289,Mt
GHG Forward lower,Aviation,1962,WTW,bc,0.00451465663338,Mt
GHG Forward lower,Aviation,1963,WTW,bc,0.0047637411372906,Mt
GHG Forward lower,Aviation,1964,WTW,bc,0.0049816900782124,Mt
GHG Forward lower,Aviation,1965,WTW,bc,0.0053241812710895,Mt
GHG Forward lower,Aviation,1966,WTW,bc,0.0057704576739294,Mt
GHG Forward lower,Aviation,1967,WTW,bc,0.006808309773557,Mt
GHG Forward lower,Aviation,1968,WTW,bc,0.007711241100233,Mt
GHG Forward lower,Aviation,1969,WTW,bc,0.0080744893351026,Mt
GHG Forward lower,Aviation,1970,WTW,bc,0.0080952463770952,Mt
GHG Forward lower,Aviation,1971,WTW,bc,0.0093406688966483,Mt
GHG Forward lower,Aviation,1972,WTW,bc,0.0099633801564248,Mt
GHG Forward lower,Aviation,1973,WTW,bc,0.0103162498702982,Mt
GHG Forward lower,Aviation,1974,WTW,bc,0.0099633801564248,Mt
GHG Forward lower,Aviation,1975,WTW,bc,0.0099737586774211,Mt
GHG Forward lower,Aviation,1976,WTW,bc,0.0100048942404099,Mt
GHG Forward lower,Aviation,1977,WTW,bc,0.0105964699371977,Mt
GHG Forward lower,Aviation,1978,WTW,bc,0.0109700966930636,Mt
GHG Forward lower,Aviation,1979,WTW,bc,0.0114267516168997,Mt
GHG Forward lower,Aviation,1980,WTW,bc,0.01150977978487,Mt
GHG Forward lower,Aviation,1981,WTW,bc,0.0113437234489295,Mt
GHG Forward lower,Aviation,1982,WTW,bc,0.0114682657008849,Mt
GHG Forward lower,Aviation,1983,WTW,bc,0.011623943515829,Mt
GHG Forward lower,Aviation,1984,WTW,bc,0.0124023325905497,Mt
GHG Forward lower,Aviation,1985,WTW,bc,0.0128070949094044,Mt
GHG Forward lower,Aviation,1986,WTW,bc,0.0134816987741624,Mt
GHG Forward lower,Aviation,1987,WTW,bc,0.0140732744709501,Mt
GHG Forward lower,Aviation,1988,WTW,bc,0.0146752286887341,Mt
GHG Forward lower,Aviation,1989,WTW,bc,0.0152045332595442,Mt
GHG Forward lower,Aviation,1990,WTW,bc,0.0155240816939069,Mt
GHG Forward lower,Aviation,1991,WTW,bc,0.0150130059573747,Mt
GHG Forward lower,Aviation,1992,WTW,bc,0.0150478155167962,Mt
GHG Forward lower,Aviation,1993,WTW,bc,0.0151299303749188,Mt
GHG Forward lower,Aviation,1994,WTW,bc,0.0158516485735914,Mt
GHG Forward lower,Aviation,1995,WTW,bc,0.0162375884067673,Mt
GHG Forward lower,Aviation,1996,WTW,bc,0.016972516386964,Mt
GHG Forward lower,Aviation,1997,WTW,bc,0.0174893044614526,Mt
GHG Forward lower,Aviation,1998,WTW,bc,0.0178341868655672,Mt
GHG Forward lower,Aviation,1999,WTW,bc,0.0184094371488278,Mt
GHG Forward lower,Aviation,2000,WTW,bc,0.0193628620558549,Mt
GHG Forward lower,Aviation,2001,WTW,bc,0.0186251671619606,Mt
GHG Forward lower,Aviation,2002,WTW,bc,0.0186628328903603,Mt
GHG Forward lower,Aviation,2003,WTW,bc,0.0186511404486059,Mt
GHG Forward lower,Aviation,2004,WTW,bc,0.0198244011116719,Mt
GHG Forward lower,Aviation,2005,WTW,bc,0.0207987117543519,Mt
GHG Forward lower,Aviation,2006,WTW,bc,0.021041218351655,Mt
GHG Forward lower,Aviation,2007,WTW,bc,0.0216522600024234,Mt
GHG Forward lower,Aviation,2008,WTW,bc,0.0215521155776261,Mt
GHG Forward lower,Aviation,2009,WTW,bc,0.0204380311655767,Mt
GHG Forward lower,Aviation,2010,WTW,bc,0.0214700007195036,Mt
GHG Forward lower,Aviation,2011,WTW,bc,0.0221067478910755,Mt
GHG Forward lower,Aviation,2012,WTW,bc,0.0223460412982782,Mt
GHG Forward lower,Aviation,2013,WTW,bc,0.0229811818747999,Mt
GHG Forward lower,Aviation,2014,WTW,bc,0.0237041496474005,Mt
GHG Forward lower,Aviation,2015,WTW,bc,0.0249987082367584,Mt
GHG Forward lower,Aviation,2016,WTW,bc,0.0262077602673322,Mt
GHG Forward lower,Aviation,2017,WTW,bc,0.0277540181231048,Mt
GHG Forward lower,Aviation,2018,WTW,bc,0.0291972270655062,Mt
GHG Forward lower,Aviation,2019,WTW,bc,0.0261076763129875,Mt
GHG Forward lower,Aviation,2020,WTW,bc,0.0141416580017525,Mt
GHG Forward lower,Aviation,2021,WTW,bc,0.0168612076171309,Mt
GHG Forward lower,Aviation,2022,WTW,bc,0.0206685770822308,Mt
GHG Forward lower,Aviation,2023,WTW,bc,0.0240272803059941,Mt
GHG Forward lower,Aviation,2024,WTW,bc,0.0258831686381518,Mt
GHG Forward lower,Aviation,2025,WTW,bc,0.0270694772783287,Mt
GHG Forward lower,Aviation,2026,WTW,bc,0.0271682415051814,Mt
GHG Forward lower,Aviation,2027,WTW,bc,0.0273024520163115,Mt
GHG Forward lower,Aviation,2028,WTW,bc,0.0274523324502766,Mt
GHG Forward lower,Aviation,2029,WTW,bc,0.0276085865876065,Mt
GHG Forward lower,Aviation,2030,WTW,bc,0.0277082857348559,Mt
GHG Forward lower,Aviation,2031,WTW,bc,0.0273003322699241,Mt
GHG Forward lower,Aviation,2032,WTW,bc,0.026901737934038,Mt
GHG Forward lower,Aviation,2033,WTW,bc,0.0265137315217494,Mt
GHG Forward lower,Aviation,2034,WTW,bc,0.0261382131699679,Mt
GHG Forward lower,Aviation,2035,WTW,bc,0.0257459758296987,Mt
GHG Forward lower,Aviation,2036,WTW,bc,0.0253224254986393,Mt
GHG Forward lower,Aviation,2037,WTW,bc,0.0248628459703207,Mt
GHG Forward lower,Aviation,2038,WTW,bc,0.0243542129901038,Mt
GHG Forward lower,Aviation,2039,WTW,bc,0.0238054494890765,Mt
GHG Forward lower,Aviation,2040,WTW,bc,0.0232654627842233,Mt
GHG Forward lower,Aviation,2041,WTW,bc,0.0227822624147024,Mt
GHG Forward lower,Aviation,2042,WTW,bc,0.0223175667331168,Mt
GHG Forward lower,Aviation,2043,WTW,bc,0.0218640851792652,Mt
GHG Forward lower,Aviation,2044,WTW,bc,0.0214289948622372,Mt
GHG Forward lower,Aviation,2045,WTW,bc,0.0210122666574601,Mt
GHG Forward lower,Aviation,2046,WTW,bc,0.0206002401215527,Mt
GHG Forward lower,Aviation,2047,WTW,bc,0.0202068925258745,Mt
GHG Forward lower,Aviation,2048,WTW,bc,0.0198380457110029,Mt
GHG Forward lower,Aviation,2049,WTW,bc,0.019500063163725,Mt
GHG Forward lower,Aviation,2050,WTW,bc,0.0191983568631101,Mt
GHG Forward upper,Aviation,1940,WTW,bc,0.0007991461167132,Mt
GHG Forward upper,Aviation,1941,WTW,bc,0.0008614172426909,Mt
GHG Forward upper,Aviation,1942,WTW,bc,0.0009340668896648,Mt
GHG Forward upper,Aviation,1943,WTW,bc,0.0010067165366387,Mt
GHG Forward upper,Aviation,1944,WTW,bc,0.0010897447046089,Mt
GHG Forward upper,Aviation,1945,WTW,bc,0.0011727728725791,Mt
GHG Forward upper,Aviation,1946,WTW,bc,0.0012765580825419,Mt
GHG Forward upper,Aviation,1947,WTW,bc,0.0013699647715084,Mt
GHG Forward upper,Aviation,1948,WTW,bc,0.0014841285024674,Mt
GHG Forward upper,Aviation,1949,WTW,bc,0.0015982922334264,Mt
GHG Forward upper,Aviation,1950,WTW,bc,0.001733213006378,Mt
GHG Forward upper,Aviation,1951,WTW,bc,0.0018681337793296,Mt
GHG Forward upper,Aviation,1952,WTW,bc,0.0020134330732775,Mt
GHG Forward upper,Aviation,1953,WTW,bc,0.0021794894092179,Mt
GHG Forward upper,Aviation,1954,WTW,bc,0.0023559242661546,Mt
GHG Forward upper,Aviation,1955,WTW,bc,0.0025427376440876,Mt
GHG Forward upper,Aviation,1956,WTW,bc,0.0027503080640131,Mt
GHG Forward upper,Aviation,1957,WTW,bc,0.0029682570049349,Mt
GHG Forward upper,Aviation,1958,WTW,bc,0.0032069629878492,Mt
GHG Forward upper,Aviation,1959,WTW,bc,0.0034560474917598,Mt
GHG Forward upper,Aviation,1960,WTW,bc,0.0037362675586593,Mt
GHG Forward upper,Aviation,1961,WTW,bc,0.0040995157935289,Mt
GHG Forward upper,Aviation,1962,WTW,bc,0.00451465663338,Mt
GHG Forward upper,Aviation,1963,WTW,bc,0.0047637411372906,Mt
GHG Forward upper,Aviation,1964,WTW,bc,0.0049816900782124,Mt
GHG Forward upper,Aviation,1965,WTW,bc,0.0053241812710895,Mt
GHG Forward upper,Aviation,1966,WTW,bc,0.0057704576739294,Mt
GHG Forward upper,Aviation,1967,WTW,bc,0.006808309773557,Mt
GHG Forward upper,Aviation,1968,WTW,bc,0.007711241100233,Mt
GHG Forward upper,Aviation,1969,WTW,bc,0.0080744893351026,Mt
GHG Forward upper,Aviation,1970,WTW,bc,0.0080952463770952,Mt
GHG Forward upper,Aviation,1971,WTW,bc,0.0093406688966483,Mt
GHG Forward upper,Aviation,1972,WTW,bc,0.0099633801564248,Mt
GHG Forward upper,Aviation,1973,WTW,bc,0.0103162498702982,Mt
GHG Forward upper,Aviation,1974,WTW,bc,0.0099633801564248,Mt
GHG Forward upper,Aviation,1975,WTW,bc,0.0099737586774211,Mt
GHG Forward upper,Aviation,1976,WTW,bc,0.0100048942404099,Mt
GHG Forward upper,Aviation,1977,WTW,bc,0.0105964699371977,Mt
GHG Forward upper,Aviation,1978,WTW,bc,0.0109700966930636,Mt
GHG Forward upper,Aviation,1979,WTW,bc,0.0114267516168997,Mt
GHG Forward upper,Aviation,1980,WTW,bc,0.01150977978487,Mt
GHG Forward upper,Aviation,1981,WTW,bc,0.0113437234489295,Mt
GHG Forward upper,Aviation,1982,WTW,bc,0.0114682657008849,Mt
GHG Forward upper,Aviation,1983,WTW,bc,0.011623943515829,Mt
GHG Forward upper,Aviation,1984,WTW,bc,0.0124023325905497,Mt
GHG Forward upper,Aviation,1985,WTW,bc,0.0128070949094044,Mt
GHG Forward upper,Aviation,1986,WTW,bc,0.0134816987741624,Mt
GHG Forward upper,Aviation,1987,WTW,bc,0.0140732744709501,Mt
GHG Forward upper,Aviation,1988,WTW,bc,0.0146752286887341,Mt
GHG Forward upper,Aviation,1989,WTW,bc,0.0152045332595442,Mt
GHG Forward upper,Aviation,1990,WTW,bc,0.0155240816939069,Mt
GHG Forward upper,Aviation,1991,WTW,bc,0.0150130059573747,Mt
GHG Forward upper,Aviation,1992,WTW,bc,0.0150478155167962,Mt
GHG Forward upper,Aviation,1993,WTW,bc,0.0151299303749188,Mt
GHG Forward upper,Aviation,1994,WTW,bc,0.0158516485735914,Mt
GHG Forward upper,Aviation,1995,WTW,bc,0.0162375884067673,Mt
GHG Forward upper,Aviation,1996,WTW,bc,0.016972516386964,Mt
GHG Forward upper,Aviation,1997,WTW,bc,0.0174893044614526,Mt
GHG Forward upper,Aviation,1998,WTW,bc,0.0178341868655672,Mt
GHG Forward upper,Aviation,1999,WTW,bc,0.0184094371488278,Mt
GHG Forward upper,Aviation,2000,WTW,bc,0.0193628620558549,Mt
GHG Forward upper,Aviation,2001,WTW,bc,0.0186251671619606,Mt
GHG Forward upper,Aviation,2002,WTW,bc,0.0186628328903603,Mt
GHG Forward upper,Aviation,2003,WTW,bc,0.0186511404486059,Mt
GHG Forward upper,Aviation,2004,WTW,bc,0.0198244011116719,Mt
GHG Forward upper,Aviation,2005,WTW,bc,0.0207987117543519,Mt
GHG Forward upper,Aviation,2006,WTW,bc,0.021041218351655,Mt
GHG Forward upper,Aviation,2007,WTW,bc,0.0216522600024234,Mt
GHG Forward upper,Aviation,2008,WTW,bc,0.0215521155776261,Mt
GHG Forward upper,Aviation,2009,WTW,bc,0.0204380311655767,Mt
GHG Forward upper,Aviation,2010,WTW,bc,0.0214700007195036,Mt
GHG Forward upper,Aviation,2011,WTW,bc,0.0221067478910755,Mt
GHG Forward upper,Aviation,2012,WTW,bc,0.0223460412982782,Mt
GHG Forward upper,Aviation,2013,WTW,bc,0.0229811818747999,Mt
GHG Forward upper,Aviation,2014,WTW,bc,0.0237041496474005,Mt
GHG Forward upper,Aviation,2015,WTW,bc,0.0249987082367584,Mt
GHG Forward upper,Aviation,2016,WTW,bc,0.0262077602673322,Mt
GHG Forward upper,Aviation,2017,WTW,bc,0.0277540181231048,Mt
GHG Forward upper,Aviation,2018,WTW,bc,0.0291972270655062,Mt
GHG Forward upper,Aviation,2019,WTW,bc,0.0261076763129875,Mt
GHG Forward upper,Aviation,2020,WTW,bc,0.0141416580017525,Mt
GHG Forward upper,Aviation,2021,WTW,bc,0.0168612076171309,Mt
GHG Forward upper,Aviation,2022,WTW,bc,0.0206685770822308,Mt
GHG Forward upper,Aviation,2023,WTW,bc,0.0240272803059941,Mt
GHG Forward upper,Aviation,2024,WTW,bc,0.0258831686381518,Mt
GHG Forward upper,Aviation,2025,WTW,bc,0.0270694772783287,Mt
GHG Forward upper,Aviation,2026,WTW,bc,0.0271682415051814,Mt
GHG Forward upper,Aviation,2027,WTW,bc,0.0273024520163115,Mt
GHG Forward upper,Aviation,2028,WTW,bc,0.0274523324502766,Mt
GHG Forward upper,Aviation,2029,WTW,bc,0.0276085865876065,Mt
GHG Forward upper,Aviation,2030,WTW,bc,0.0277082857348559,Mt
GHG Forward upper,Aviation,2031,WTW,bc,0.0273003322699241,Mt
GHG Forward upper,Aviation,2032,WTW,bc,0.026901737934038,Mt
GHG Forward upper,Aviation,2033,WTW,bc,0.0265137315217494,Mt
GHG Forward upper,Aviation,2034,WTW,bc,0.0261382131699679,Mt
GHG Forward upper,Aviation,2035,WTW,bc,0.0257459758296987,Mt
GHG Forward upper,Aviation,2036,WTW,bc,0.0253224254986393,Mt
GHG Forward upper,Aviation,2037,WTW,bc,0.0248628459703207,Mt
GHG Forward upper,Aviation,2038,WTW,bc,0.0243542129901038,Mt
GHG Forward upper,Aviation,2039,WTW,bc,0.0238054494890765,Mt
GHG Forward upper,Aviation,2040,WTW,bc,0.0232654627842233,Mt
GHG Forward upper,Aviation,2041,WTW,bc,0.0227822624147024,Mt
GHG Forward upper,Aviation,2042,WTW,bc,0.0223175667331168,Mt
GHG Forward upper,Aviation,2043,WTW,bc,0.0218640851792652,Mt
GHG Forward upper,Aviation,2044,WTW,bc,0.0214289948622372,Mt
GHG Forward upper,Aviation,2045,WTW,bc,0.0210122666574601,Mt
GHG Forward upper,Aviation,2046,WTW,bc,0.0206002401215527,Mt
GHG Forward upper,Aviation,2047,WTW,bc,0.0202068925258745,Mt
GHG Forward upper,Aviation,2048,WTW,bc,0.0198380457110029,Mt
GHG Forward upper,Aviation,2049,WTW,bc,0.019500063163725,Mt
GHG Forward upper,Aviation,2050,WTW,bc,0.0191983568631101,Mt
BAU,Aviation,1940,WTW,bc,0.0007991461167132,Mt
BAU,Aviation,1941,WTW,bc,0.0008614172426909,Mt
BAU,Aviation,1942,WTW,bc,0.0009340668896648,Mt
BAU,Aviation,1943,WTW,bc,0.0010067165366387,Mt
BAU,Aviation,1944,WTW,bc,0.0010897447046089,Mt
BAU,Aviation,1945,WTW,bc,0.0011727728725791,Mt
BAU,Aviation,1946,WTW,bc,0.0012765580825419,Mt
BAU,Aviation,1947,WTW,bc,0.0013699647715084,Mt
BAU,Aviation,1948,WTW,bc,0.0014841285024674,Mt
BAU,Aviation,1949,WTW,bc,0.0015982922334264,Mt
BAU,Aviation,1950,WTW,bc,0.001733213006378,Mt
BAU,Aviation,1951,WTW,bc,0.0018681337793296,Mt
BAU,Aviation,1952,WTW,bc,0.0020134330732775,Mt
BAU,Aviation,1953,WTW,bc,0.0021794894092179,Mt
BAU,Aviation,1954,WTW,bc,0.0023559242661546,Mt
BAU,Aviation,1955,WTW,bc,0.0025427376440876,Mt
BAU,Aviation,1956,WTW,bc,0.0027503080640131,Mt
BAU,Aviation,1957,WTW,bc,0.0029682570049349,Mt
BAU,Aviation,1958,WTW,bc,0.0032069629878492,Mt
BAU,Aviation,1959,WTW,bc,0.0034560474917598,Mt
BAU,Aviation,1960,WTW,bc,0.0037362675586593,Mt
BAU,Aviation,1961,WTW,bc,0.0040995157935289,Mt
BAU,Aviation,1962,WTW,bc,0.00451465663338,Mt
BAU,Aviation,1963,WTW,bc,0.0047637411372906,Mt
BAU,Aviation,1964,WTW,bc,0.0049816900782124,Mt
BAU,Aviation,1965,WTW,bc,0.0053241812710895,Mt
BAU,Aviation,1966,WTW,bc,0.0057704576739294,Mt
BAU,Aviation,1967,WTW,bc,0.006808309773557,Mt
BAU,Aviation,1968,WTW,bc,0.007711241100233,Mt
BAU,Aviation,1969,WTW,bc,0.0080744893351026,Mt
BAU,Aviation,1970,WTW,bc,0.0080952463770952,Mt
BAU,Aviation,1971,WTW,bc,0.0093406688966483,Mt
BAU,Aviation,1972,WTW,bc,0.0099633801564248,Mt
BAU,Aviation,1973,WTW,bc,0.0103162498702982,Mt
BAU,Aviation,1974,WTW,bc,0.0099633801564248,Mt
BAU,Aviation,1975,WTW,bc,0.0099737586774211,Mt
BAU,Aviation,1976,WTW,bc,0.0100048942404099,Mt
BAU,Aviation,1977,WTW,bc,0.0105964699371977,Mt
BAU,Aviation,1978,WTW,bc,0.0109700966930636,Mt
BAU,Aviation,1979,WTW,bc,0.0114267516168997,Mt
BAU,Aviation,1980,WTW,bc,0.01150977978487,Mt
BAU,Aviation,1981,WTW,bc,0.0113437234489295,Mt
BAU,Aviation,1982,WTW,bc,0.0114682657008849,Mt
BAU,Aviation,1983,WTW,bc,0.011623943515829,Mt
BAU,Aviation,1984,WTW,bc,0.0124023325905497,Mt
BAU,Aviation,1985,WTW,bc,0.0128070949094044,Mt
BAU,Aviation,1986,WTW,bc,0.0134816987741624,Mt
BAU,Aviation,1987,WTW,bc,0.0140732744709501,Mt
BAU,Aviation,1988,WTW,bc,0.0146752286887341,Mt
BAU,Aviation,1989,WTW,bc,0.0152045332595442,Mt
BAU,Aviation,1990,WTW,bc,0.0155240816939069,Mt
BAU,Aviation,1991,WTW,bc,0.0150130059573747,Mt
BAU,Aviation,1992,WTW,bc,0.0150478155167962,Mt
BAU,Aviation,1993,WTW,bc,0.0151299303749188,Mt
BAU,Aviation,1994,WTW,bc,0.0158516485735914,Mt
BAU,Aviation,1995,WTW,bc,0.0162375884067673,Mt
BAU,Aviation,1996,WTW,bc,0.016972516386964,Mt
BAU,Aviation,1997,WTW,bc,0.0174893044614526,Mt
BAU,Aviation,1998,WTW,bc,0.0178341868655672,Mt
BAU,Aviation,1999,WTW,bc,0.0184094371488278,Mt
BAU,Aviation,2000,WTW,bc,0.0193628620558549,Mt
BAU,Aviation,2001,WTW,bc,0.0186251671619606,Mt
BAU,Aviation,2002,WTW,bc,0.0186628328903603,Mt
BAU,Aviation,2003,WTW,bc,0.0186511404486059,Mt
BAU,Aviation,2004,WTW,bc,0.0198244011116719,Mt
BAU,Aviation,2005,WTW,bc,0.0207987117543519,Mt
BAU,Aviation,2006,WTW,bc,0.021041218351655,Mt
BAU,Aviation,2007,WTW,bc,0.0216522600024234,Mt
BAU,Aviation,2008,WTW,bc,0.0215521155776261,Mt
BAU,Aviation,2009,WTW,bc,0.0204380311655767,Mt
BAU,Aviation,2010,WTW,bc,0.0214700007195036,Mt
BAU,Aviation,2011,WTW,bc,0.0221067478910755,Mt
BAU,Aviation,2012,WTW,bc,0.0223460412982782,Mt
BAU,Aviation,2013,WTW,bc,0.0229811818747999,Mt
BAU,Aviation,2014,WTW,bc,0.0237041496474005,Mt
BAU,Aviation,2015,WTW,bc,0.0249987082367584,Mt
BAU,Aviation,2016,WTW,bc,0.0262077602673322,Mt
BAU,Aviation,2017,WTW,bc,0.0277540181231048,Mt
BAU,Aviation,2018,WTW,bc,0.0291972270655062,Mt
BAU,Aviation,2019,WTW,bc,0.0261076763129875,Mt
BAU,Aviation,2020,WTW,bc,0.0141416580017525,Mt
BAU,Aviation,2021,WTW,bc,0.0168612076171309,Mt
BAU,Aviation,2022,WTW,bc,0.0206685770822308,Mt
BAU,Aviation,2023,WTW,bc,0.0240272803059941,Mt
BAU,Aviation,2024,WTW,bc,0.0260129736367288,Mt
BAU,Aviation,2025,WTW,bc,0.0277946459237379,Mt
BAU,Aviation,2026,WTW,bc,0.0283276701575079,Mt
BAU,Aviation,2027,WTW,bc,0.0289097457769046,Mt
BAU,Aviation,2028,WTW,bc,0.0295218999343787,Mt
BAU,Aviation,2029,WTW,bc,0.030155337077876,Mt
BAU,Aviation,2030,WTW,bc,0.0308070151473011,Mt
BAU,Aviation,2031,WTW,bc,0.0314755560241675,Mt
BAU,Aviation,2032,WTW,bc,0.0321608497773999,Mt
BAU,Aviation,2033,WTW,bc,0.0328638441252393,Mt
BAU,Aviation,2034,WTW,bc,0.0335864073469575,Mt
BAU,Aviation,2035,WTW,bc,0.0343314576794109,Mt
BAU,Aviation,2036,WTW,bc,0.0351027619573533,Mt
BAU,Aviation,2037,WTW,bc,0.0359045563810704,Mt
BAU,Aviation,2038,WTW,bc,0.0367406634936961,Mt
BAU,Aviation,2039,WTW,bc,0.0376143040737958,Mt
BAU,Aviation,2040,WTW,bc,0.0385268621577452,Mt
BAU,Aviation,2041,WTW,bc,0.0394781075677056,Mt
BAU,Aviation,2042,WTW,bc,0.0404657038233013,Mt
BAU,Aviation,2043,WTW,bc,0.0414864931966305,Mt
BAU,Aviation,2044,WTW,bc,0.0425372727438519,Mt
BAU,Aviation,2045,WTW,bc,0.0436154872895967,Mt
BAU,Aviation,2046,WTW,bc,0.0447206030086341,Mt
BAU,Aviation,2047,WTW,bc,0.0458541657560174,Mt
BAU,Aviation,2048,WTW,bc,0.0470197915155651,Mt
BAU,Aviation,2049,WTW,bc,0.0482217776084982,Mt
BAU,Aviation,2050,WTW,bc,0.049464075987286,Mt
Historical Trends lower,Aviation,1940,WTW,bc,0.0007991461167132,Mt
Historical Trends lower,Aviation,1941,WTW,bc,0.0008614172426909,Mt
Historical Trends lower,Aviation,1942,WTW,bc,0.0009340668896648,Mt
Historical Trends lower,Aviation,1943,WTW,bc,0.0010067165366387,Mt
Historical Trends lower,Aviation,1944,WTW,bc,0.0010897447046089,Mt
Historical Trends lower,Aviation,1945,WTW,bc,0.0011727728725791,Mt
Historical Trends lower,Aviation,1946,WTW,bc,0.0012765580825419,Mt
Historical Trends lower,Aviation,1947,WTW,bc,0.0013699647715084,Mt
Historical Trends lower,Aviation,1948,WTW,bc,0.0014841285024674,Mt
Historical Trends lower,Aviation,1949,WTW,bc,0.0015982922334264,Mt
Historical Trends lower,Aviation,1950,WTW,bc,0.001733213006378,Mt
Historical Trends lower,Aviation,1951,WTW,bc,0.0018681337793296,Mt
Historical Trends lower,Aviation,1952,WTW,bc,0.0020134330732775,Mt
Historical Trends lower,Aviation,1953,WTW,bc,0.0021794894092179,Mt
Historical Trends lower,Aviation,1954,WTW,bc,0.0023559242661546,Mt
Historical Trends lower,Aviation,1955,WTW,bc,0.0025427376440876,Mt
Historical Trends lower,Aviation,1956,WTW,bc,0.0027503080640131,Mt
Historical Trends lower,Aviation,1957,WTW,bc,0.0029682570049349,Mt
Historical Trends lower,Aviation,1958,WTW,bc,0.0032069629878492,Mt
Historical Trends lower,Aviation,1959,WTW,bc,0.0034560474917598,Mt
Historical Trends lower,Aviation,1960,WTW,bc,0.0037362675586593,Mt
Historical Trends lower,Aviation,1961,WTW,bc,0.0040995157935289,Mt
Historical Trends lower,Aviation,1962,WTW,bc,0.00451465663338,Mt
Historical Trends lower,Aviation,1963,WTW,bc,0.0047637411372906,Mt
Historical Trends lower,Aviation,1964,WTW,bc,0.0049816900782124,Mt
Historical Trends lower,Aviation,1965,WTW,bc,0.0053241812710895,Mt
Historical Trends lower,Aviation,1966,WTW,bc,0.0057704576739294,Mt
Historical Trends lower,Aviation,1967,WTW,bc,0.006808309773557,Mt
Historical Trends lower,Aviation,1968,WTW,bc,0.007711241100233,Mt
Historical Trends lower,Aviation,1969,WTW,bc,0.0080744893351026,Mt
Historical Trends lower,Aviation,1970,WTW,bc,0.0080952463770952,Mt
Historical Trends lower,Aviation,1971,WTW,bc,0.0093406688966483,Mt
Historical Trends lower,Aviation,1972,WTW,bc,0.0099633801564248,Mt
Historical Trends lower,Aviation,1973,WTW,bc,0.0103162498702982,Mt
Historical Trends lower,Aviation,1974,WTW,bc,0.0099633801564248,Mt
Historical Trends lower,Aviation,1975,WTW,bc,0.0099737586774211,Mt
Historical Trends lower,Aviation,1976,WTW,bc,0.0100048942404099,Mt
Historical Trends lower,Aviation,1977,WTW,bc,0.0105964699371977,Mt
Historical Trends lower,Aviation,1978,WTW,bc,0.0109700966930636,Mt
Historical Trends lower,Aviation,1979,WTW,bc,0.0114267516168997,Mt
Historical Trends lower,Aviation,1980,WTW,bc,0.01150977978487,Mt
Historical Trends lower,Aviation,1981,WTW,bc,0.0113437234489295,Mt
Historical Trends lower,Aviation,1982,WTW,bc,0.0114682657008849,Mt
Historical Trends lower,Aviation,1983,WTW,bc,0.011623943515829,Mt
Historical Trends lower,Aviation,1984,WTW,bc,0.0124023325905497,Mt
Historical Trends lower,Aviation,1985,WTW,bc,0.0128070949094044,Mt
Historical Trends lower,Aviation,1986,WTW,bc,0.0134816987741624,Mt
Historical Trends lower,Aviation,1987,WTW,bc,0.0140732744709501,Mt
Historical Trends lower,Aviation,1988,WTW,bc,0.0146752286887341,Mt
Historical Trends lower,Aviation,1989,WTW,bc,0.0152045332595442,Mt
Historical Trends lower,Aviation,1990,WTW,bc,0.0155240816939069,Mt
Historical Trends lower,Aviation,1991,WTW,bc,0.0150130059573747,Mt
Historical Trends lower,Aviation,1992,WTW,bc,0.0150478155167962,Mt
Historical Trends lower,Aviation,1993,WTW,bc,0.0151299303749188,Mt
Historical Trends lower,Aviation,1994,WTW,bc,0.0158516485735914,Mt
Historical Trends lower,Aviation,1995,WTW,bc,0.0162375884067673,Mt
Historical Trends lower,Aviation,1996,WTW,bc,0.016972516386964,Mt
Historical Trends lower,Aviation,1997,WTW,bc,0.0174893044614526,Mt
Historical Trends lower,Aviation,1998,WTW,bc,0.0178341868655672,Mt
Historical Trends lower,Aviation,1999,WTW,bc,0.0184094371488278,Mt
Historical Trends lower,Aviation,2000,WTW,bc,0.0193628620558549,Mt
Historical Trends lower,Aviation,2001,WTW,bc,0.0186251671619606,Mt
Historical Trends lower,Aviation,2002,WTW,bc,0.0186628328903603,Mt
Historical Trends lower,Aviation,2003,WTW,bc,0.0186511404486059,Mt
Historical Trends lower,Aviation,2004,WTW,bc,0.0198244011116719,Mt
Historical Trends lower,Aviation,2005,WTW,bc,0.0207987117543519,Mt
Historical Trends lower,Aviation,2006,WTW,bc,0.021041218351655,Mt
Historical Trends lower,Aviation,2007,WTW,bc,0.0216522600024234,Mt
Historical Trends lower,Aviation,2008,WTW,bc,0.0215521155776261,Mt
Historical Trends lower,Aviation,2009,WTW,bc,0.0204380311655767,Mt
Historical Trends lower,Aviation,2010,WTW,bc,0.0214700007195036,Mt
Historical Trends lower,Aviation,2011,WTW,bc,0.0221067478910755,Mt
Historical Trends lower,Aviation,2012,WTW,bc,0.0223460412982782,Mt
Historical Trends lower,Aviation,2013,WTW,bc,0.0229811818747999,Mt
Historical Trends lower,Aviation,2014,WTW,bc,0.0237041496474005,Mt
Historical Trends lower,Aviation,2015,WTW,bc,0.0249987082367584,Mt
Historical Trends lower,Aviation,2016,WTW,bc,0.0262077602673322,Mt
Historical Trends lower,Aviation,2017,WTW,bc,0.0277540181231048,Mt
Historical Trends lower,Aviation,2018,WTW,bc,0.0291972270655062,Mt
Historical Trends lower,Aviation,2019,WTW,bc,0.0261076763129875,Mt
Historical Trends lower,Aviation,2020,WTW,bc,0.0141416580017525,Mt
Historical Trends lower,Aviation,2021,WTW,bc,0.0168612076171309,Mt
Historical Trends lower,Aviation,2022,WTW,bc,0.0206685770822308,Mt
Historical Trends lower,Aviation,2023,WTW,bc,0.0240272803059941,Mt
Historical Trends lower,Aviation,2024,WTW,bc,0.0260129736367288,Mt
Historical Trends lower,Aviation,2025,WTW,bc,0.0277946459237379,Mt
Historical Trends lower,Aviation,2026,WTW,bc,0.0283276701575079,Mt
Historical Trends lower,Aviation,2027,WTW,bc,0.0289097457769046,Mt
Historical Trends lower,Aviation,2028,WTW,bc,0.0295218999343787,Mt
Historical Trends lower,Aviation,2029,WTW,bc,0.030155337077876,Mt
Historical Trends lower,Aviation,2030,WTW,bc,0.0308070151473011,Mt
Historical Trends lower,Aviation,2031,WTW,bc,0.0314755560241675,Mt
Historical Trends lower,Aviation,2032,WTW,bc,0.0321608497773999,Mt
Historical Trends lower,Aviation,2033,WTW,bc,0.0328638441252393,Mt
Historical Trends lower,Aviation,2034,WTW,bc,0.0335864073469575,Mt
Historical Trends lower,Aviation,2035,WTW,bc,0.0343314576794109,Mt
Historical Trends lower,Aviation,2036,WTW,bc,0.0351027619573533,Mt
Historical Trends lower,Aviation,2037,WTW,bc,0.0359045563810704,Mt
Historical Trends lower,Aviation,2038,WTW,bc,0.0367406634936961,Mt
Historical Trends lower,Aviation,2039,WTW,bc,0.0376143040737958,Mt
Historical Trends lower,Aviation,2040,WTW,bc,0.0385268621577452,Mt
Historical Trends lower,Aviation,2041,WTW,bc,0.0394781075677056,Mt
Historical Trends lower,Aviation,2042,WTW,bc,0.0404657038233013,Mt
Historical Trends lower,Aviation,2043,WTW,bc,0.0414864931966305,Mt
Historical Trends lower,Aviation,2044,WTW,bc,0.0425372727438519,Mt
Historical Trends lower,Aviation,2045,WTW,bc,0.0436154872895967,Mt
Historical Trends lower,Aviation,2046,WTW,bc,0.0447206030086341,Mt
Historical Trends lower,Aviation,2047,WTW,bc,0.0458541657560174,Mt
Historical Trends lower,Aviation,2048,WTW,bc,0.0470197915155651,Mt
Historical Trends lower,Aviation,2049,WTW,bc,0.0482217776084982,Mt
Historical Trends lower,Aviation,2050,WTW,bc,0.049464075987286,Mt
Historical Trends upper,Aviation,1940,WTW,bc,0.0007991461167132,Mt
Historical Trends upper,Aviation,1941,WTW,bc,0.0008614172426909,Mt
Historical Trends upper,Aviation,1942,WTW,bc,0.0009340668896648,Mt
Historical Trends upper,Aviation,1943,WTW,bc,0.0010067165366387,Mt
Historical Trends upper,Aviation,1944,WTW,bc,0.0010897447046089,Mt
Historical Trends upper,Aviation,1945,WTW,bc,0.0011727728725791,Mt
Historical Trends upper,Aviation,1946,WTW,bc,0.0012765580825419,Mt
Historical Trends upper,Aviation,1947,WTW,bc,0.0013699647715084,Mt
Historical Trends upper,Aviation,1948,WTW,bc,0.0014841285024674,Mt
Historical Trends upper,Aviation,1949,WTW,bc,0.0015982922334264,Mt
Historical Trends upper,Aviation,1950,WTW,bc,0.001733213006378,Mt
Historical Trends upper,Aviation,1951,WTW,bc,0.0018681337793296,Mt
Historical Trends upper,Aviation,1952,WTW,bc,0.0020134330732775,Mt
Historical Trends upper,Aviation,1953,WTW,bc,0.0021794894092179,Mt
Historical Trends upper,Aviation,1954,WTW,bc,0.0023559242661546,Mt
Historical Trends upper,Aviation,1955,WTW,bc,0.0025427376440876,Mt
Historical Trends upper,Aviation,1956,WTW,bc,0.0027503080640131,Mt
Historical Trends upper,Aviation,1957,WTW,bc,0.0029682570049349,Mt
Historical Trends upper,Aviation,1958,WTW,bc,0.0032069629878492,Mt
Historical Trends upper,Aviation,1959,WTW,bc,0.0034560474917598,Mt
Historical Trends upper,Aviation,1960,WTW,bc,0.0037362675586593,Mt
Historical Trends upper,Aviation,1961,WTW,bc,0.0040995157935289,Mt
Historical Trends upper,Aviation,1962,WTW,bc,0.00451465663338,Mt
Historical Trends upper,Aviation,1963,WTW,bc,0.0047637411372906,Mt
Historical Trends upper,Aviation,1964,WTW,bc,0.0049816900782124,Mt
Historical Trends upper,Aviation,1965,WTW,bc,0.0053241812710895,Mt
Historical Trends upper,Aviation,1966,WTW,bc,0.0057704576739294,Mt
Historical Trends upper,Aviation,1967,WTW,bc,0.006808309773557,Mt
Historical Trends upper,Aviation,1968,WTW,bc,0.007711241100233,Mt
Historical Trends upper,Aviation,1969,WTW,bc,0.0080744893351026,Mt
Historical Trends upper,Aviation,1970,WTW,bc,0.0080952463770952,Mt
Historical Trends upper,Aviation,1971,WTW,bc,0.0093406688966483,Mt
Historical Trends upper,Aviation,1972,WTW,bc,0.0099633801564248,Mt
Historical Trends upper,Aviation,1973,WTW,bc,0.0103162498702982,Mt
Historical Trends upper,Aviation,1974,WTW,bc,0.0099633801564248,Mt
Historical Trends upper,Aviation,1975,WTW,bc,0.0099737586774211,Mt
Historical Trends upper,Aviation,1976,WTW,bc,0.0100048942404099,Mt
Historical Trends upper,Aviation,1977,WTW,bc,0.0105964699371977,Mt
Historical Trends upper,Aviation,1978,WTW,bc,0.0109700966930636,Mt
Historical Trends upper,Aviation,1979,WTW,bc,0.0114267516168997,Mt
Historical Trends upper,Aviation,1980,WTW,bc,0.01150977978487,Mt
Historical Trends upper,Aviation,1981,WTW,bc,0.0113437234489295,Mt
Historical Trends upper,Aviation,1982,WTW,bc,0.0114682657008849,Mt
Historical Trends upper,Aviation,1983,WTW,bc,0.011623943515829,Mt
Historical Trends upper,Aviation,1984,WTW,bc,0.0124023325905497,Mt
Historical Trends upper,Aviation,1985,WTW,bc,0.0128070949094044,Mt
Historical Trends upper,Aviation,1986,WTW,bc,0.0134816987741624,Mt
Historical Trends upper,Aviation,1987,WTW,bc,0.0140732744709501,Mt
Historical Trends upper,Aviation,1988,WTW,bc,0.0146752286887341,Mt
Historical Trends upper,Aviation,1989,WTW,bc,0.0152045332595442,Mt
Historical Trends upper,Aviation,1990,WTW,bc,0.0155240816939069,Mt
Historical Trends upper,Aviation,1991,WTW,bc,0.0150130059573747,Mt
Historical Trends upper,Aviation,1992,WTW,bc,0.0150478155167962,Mt
Historical Trends upper,Aviation,1993,WTW,bc,0.0151299303749188,Mt
Historical Trends upper,Aviation,1994,WTW,bc,0.0158516485735914,Mt
Historical Trends upper,Aviation,1995,WTW,bc,0.0162375884067673,Mt
Historical Trends upper,Aviation,1996,WTW,bc,0.016972516386964,Mt
Historical Trends upper,Aviation,1997,WTW,bc,0.0174893044614526,Mt
Historical Trends upper,Aviation,1998,WTW,bc,0.0178341868655672,Mt
Historical Trends upper,Aviation,1999,WTW,bc,0.0184094371488278,Mt
Historical Trends upper,Aviation,2000,WTW,bc,0.0193628620558549,Mt
Historical Trends upper,Aviation,2001,WTW,bc,0.0186251671619606,Mt
Historical Trends upper,Aviation,2002,WTW,bc,0.0186628328903603,Mt
Historical Trends upper,Aviation,2003,WTW,bc,0.0186511404486059,Mt
Historical Trends upper,Aviation,2004,WTW,bc,0.0198244011116719,Mt
Historical Trends upper,Aviation,2005,WTW,bc,0.0207987117543519,Mt
Historical Trends upper,Aviation,2006,WTW,bc,0.021041218351655,Mt
Historical Trends upper,Aviation,2007,WTW,bc,0.0216522600024234,Mt
Historical Trends upper,Aviation,2008,WTW,bc,0.0215521155776261,Mt
Historical Trends upper,Aviation,2009,WTW,bc,0.0204380311655767,Mt
Historical Trends upper,Aviation,2010,WTW,bc,0.0214700007195036,Mt
Historical Trends upper,Aviation,2011,WTW,bc,0.0221067478910755,Mt
Historical Trends upper,Aviation,2012,WTW,bc,0.0223460412982782,Mt
Historical Trends upper,Aviation,2013,WTW,bc,0.0229811818747999,Mt
Historical Trends upper,Aviation,2014,WTW,bc,0.0237041496474005,Mt
Historical Trends upper,Aviation,2015,WTW,bc,0.0249987082367584,Mt
Historical Trends upper,Aviation,2016,WTW,bc,0.0262077602673322,Mt
Historical Trends upper,Aviation,2017,WTW,bc,0.0277540181231048,Mt
Historical Trends upper,Aviation,2018,WTW,bc,0.0291972270655062,Mt
Historical Trends upper,Aviation,2019,WTW,bc,0.0261076763129875,Mt
Historical Trends upper,Aviation,2020,WTW,bc,0.0141416580017525,Mt
Historical Trends upper,Aviation,2021,WTW,bc,0.0168612076171309,Mt
Historical Trends upper,Aviation,2022,WTW,bc,0.0206685770822308,Mt
Historical Trends upper,Aviation,2023,WTW,bc,0.0240272803059941,Mt
Historical Trends upper,Aviation,2024,WTW,bc,0.0260129736367288,Mt
Historical Trends upper,Aviation,2025,WTW,bc,0.0277946459237379,Mt
Historical Trends upper,Aviation,2026,WTW,bc,0.0283276701575079,Mt
Historical Trends upper,Aviation,2027,WTW,bc,0.0289097457769046,Mt
Historical Trends upper,Aviation,2028,WTW,bc,0.0295218999343787,Mt
Historical Trends upper,Aviation,2029,WTW,bc,0.030155337077876,Mt
Historical Trends upper,Aviation,2030,WTW,bc,0.0308070151473011,Mt
Historical Trends upper,Aviation,2031,WTW,bc,0.0314755560241675,Mt
Historical Trends upper,Aviation,2032,WTW,bc,0.0321608497773999,Mt
Historical Trends upper,Aviation,2033,WTW,bc,0.0328638441252393,Mt
Historical Trends upper,Aviation,2034,WTW,bc,0.0335864073469575,Mt
Historical Trends upper,Aviation,2035,WTW,bc,0.0343314576794109,Mt
Historical Trends upper,Aviation,2036,WTW,bc,0.0351027619573533,Mt
Historical Trends upper,Aviation,2037,WTW,bc,0.0359045563810704,Mt
Historical Trends upper,Aviation,2038,WTW,bc,0.0367406634936961,Mt
Historical Trends upper,Aviation,2039,WTW,bc,0.0376143040737958,Mt
Historical Trends upper,Aviation,2040,WTW,bc,0.0385268621577452,Mt
Historical Trends upper,Aviation,2041,WTW,bc,0.0394781075677056,Mt
Historical Trends upper,Aviation,2042,WTW,bc,0.0404657038233013,Mt
Historical Trends upper,Aviation,2043,WTW,bc,0.0414864931966305,Mt
Historical Trends upper,Aviation,2044,WTW,bc,0.0425372727438519,Mt
Historical Trends upper,Aviation,2045,WTW,bc,0.0436154872895967,Mt
Historical Trends upper,Aviation,2046,WTW,bc,0.0447206030086341,Mt
Historical Trends upper,Aviation,2047,WTW,bc,0.0458541657560174,Mt
Historical Trends upper,Aviation,2048,WTW,bc,0.0470197915155651,Mt
Historical Trends upper,Aviation,2049,WTW,bc,0.0482217776084982,Mt
Historical Trends upper,Aviation,2050,WTW,bc,0.049464075987286,Mt
SLCP Forward,Aviation,1940,WTW,bc,0.0007991461167132,Mt
SLCP Forward,Aviation,1941,WTW,bc,0.0008614172426909,Mt
SLCP Forward,Aviation,1942,WTW,bc,0.0009340668896648,Mt
SLCP Forward,Aviation,1943,WTW,bc,0.0010067165366387,Mt
SLCP Forward,Aviation,1944,WTW,bc,0.0010897447046089,Mt
SLCP Forward,Aviation,1945,WTW,bc,0.0011727728725791,Mt
SLCP Forward,Aviation,1946,WTW,bc,0.0012765580825419,Mt
SLCP Forward,Aviation,1947,WTW,bc,0.0013699647715084,Mt
SLCP Forward,Aviation,1948,WTW,bc,0.0014841285024674,Mt
SLCP Forward,Aviation,1949,WTW,bc,0.0015982922334264,Mt
SLCP Forward,Aviation,1950,WTW,bc,0.001733213006378,Mt
SLCP Forward,Aviation,1951,WTW,bc,0.0018681337793296,Mt
SLCP Forward,Aviation,1952,WTW,bc,0.0020134330732775,Mt
SLCP Forward,Aviation,1953,WTW,bc,0.0021794894092179,Mt
SLCP Forward,Aviation,1954,WTW,bc,0.0023559242661546,Mt
SLCP Forward,Aviation,1955,WTW,bc,0.0025427376440876,Mt
SLCP Forward,Aviation,1956,WTW,bc,0.0027503080640131,Mt
SLCP Forward,Aviation,1957,WTW,bc,0.0029682570049349,Mt
SLCP Forward,Aviation,1958,WTW,bc,0.0032069629878492,Mt
SLCP Forward,Aviation,1959,WTW,bc,0.0034560474917598,Mt
SLCP Forward,Aviation,1960,WTW,bc,0.0037362675586593,Mt
SLCP Forward,Aviation,1961,WTW,bc,0.0040995157935289,Mt
SLCP Forward,Aviation,1962,WTW,bc,0.00451465663338,Mt
SLCP Forward,Aviation,1963,WTW,bc,0.0047637411372906,Mt
SLCP Forward,Aviation,1964,WTW,bc,0.0049816900782124,Mt
SLCP Forward,Aviation,1965,WTW,bc,0.0053241812710895,Mt
SLCP Forward,Aviation,1966,WTW,bc,0.0057704576739294,Mt
SLCP Forward,Aviation,1967,WTW,bc,0.006808309773557,Mt
SLCP Forward,Aviation,1968,WTW,bc,0.007711241100233,Mt
SLCP Forward,Aviation,1969,WTW,bc,0.0080744893351026,Mt
SLCP Forward,Aviation,1970,WTW,bc,0.0080952463770952,Mt
SLCP Forward,Aviation,1971,WTW,bc,0.0093406688966483,Mt
SLCP Forward,Aviation,1972,WTW,bc,0.0099633801564248,Mt
SLCP Forward,Aviation,1973,WTW,bc,0.0103162498702982,Mt
SLCP Forward,Aviation,1974,WTW,bc,0.0099633801564248,Mt
SLCP Forward,Aviation,1975,WTW,bc,0.0099737586774211,Mt
SLCP Forward,Aviation,1976,WTW,bc,0.0100048942404099,Mt
SLCP Forward,Aviation,1977,WTW,bc,0.0105964699371977,Mt
SLCP Forward,Aviation,1978,WTW,bc,0.0109700966930636,Mt
SLCP Forward,Aviation,1979,WTW,bc,0.0114267516168997,Mt
SLCP Forward,Aviation,1980,WTW,bc,0.01150977978487,Mt
SLCP Forward,Aviation,1981,WTW,bc,0.0113437234489295,Mt
SLCP Forward,Aviation,1982,WTW,bc,0.0114682657008849,Mt
SLCP Forward,Aviation,1983,WTW,bc,0.011623943515829,Mt
SLCP Forward,Aviation,1984,WTW,bc,0.0124023325905497,Mt
SLCP Forward,Aviation,1985,WTW,bc,0.0128070949094044,Mt
SLCP Forward,Aviation,1986,WTW,bc,0.0134816987741624,Mt
SLCP Forward,Aviation,1987,WTW,bc,0.0140732744709501,Mt
SLCP Forward,Aviation,1988,WTW,bc,0.0146752286887341,Mt
SLCP Forward,Aviation,1989,WTW,bc,0.0152045332595442,Mt
SLCP Forward,Aviation,1990,WTW,bc,0.0155240816939069,Mt
SLCP Forward,Aviation,1991,WTW,bc,0.0150130059573747,Mt
SLCP Forward,Aviation,1992,WTW,bc,0.0150478155167962,Mt
SLCP Forward,Aviation,1993,WTW,bc,0.0151299303749188,Mt
SLCP Forward,Aviation,1994,WTW,bc,0.0158516485735914,Mt
SLCP Forward,Aviation,1995,WTW,bc,0.0162375884067673,Mt
SLCP Forward,Aviation,1996,WTW,bc,0.016972516386964,Mt
SLCP Forward,Aviation,1997,WTW,bc,0.0174893044614526,Mt
SLCP Forward,Aviation,1998,WTW,bc,0.0178341868655672,Mt
SLCP Forward,Aviation,1999,WTW,bc,0.0184094371488278,Mt
SLCP Forward,Aviation,2000,WTW,bc,0.0193628620558549,Mt
SLCP Forward,Aviation,2001,WTW,bc,0.0186251671619606,Mt
SLCP Forward,Aviation,2002,WTW,bc,0.0186628328903603,Mt
SLCP Forward,Aviation,2003,WTW,bc,0.0186511404486059,Mt
SLCP Forward,Aviation,2004,WTW,bc,0.0198244011116719,Mt
SLCP Forward,Aviation,2005,WTW,bc,0.0207987117543519,Mt
SLCP Forward,Aviation,2006,WTW,bc,0.021041218351655,Mt
SLCP Forward,Aviation,2007,WTW,bc,0.0216522600024234,Mt
SLCP Forward,Aviation,2008,WTW,bc,0.0215521155776261,Mt
SLCP Forward,Aviation,2009,WTW,bc,0.0204380311655767,Mt
SLCP Forward,Aviation,2010,WTW,bc,0.0214700007195036,Mt
SLCP Forward,Aviation,2011,WTW,bc,0.0221067478910755,Mt
SLCP Forward,Aviation,2012,WTW,bc,0.0223460412982782,Mt
SLCP Forward,Aviation,2013,WTW,bc,0.0229811818747999,Mt
SLCP Forward,Aviation,2014,WTW,bc,0.0237041496474005,Mt
SLCP Forward,Aviation,2015,WTW,bc,0.0249987082367584,Mt
SLCP Forward,Aviation,2016,WTW,bc,0.0262077602673322,Mt
SLCP Forward,Aviation,2017,WTW,bc,0.0277540181231048,Mt
SLCP Forward,Aviation,2018,WTW,bc,0.0291972270655062,Mt
SLCP Forward,Aviation,2019,WTW,bc,0.0261076763129875,Mt
SLCP Forward,Aviation,2020,WTW,bc,0.0141416580017525,Mt
SLCP Forward,Aviation,2021,WTW,bc,0.0168612076171309,Mt
SLCP Forward,Aviation,2022,WTW,bc,0.0206685770822308,Mt
SLCP Forward,Aviation,2023,WTW,bc,0.0240272803059941,Mt
SLCP Forward,Aviation,2024,WTW,bc,0.0258831686381518,Mt
SLCP Forward,Aviation,2025,WTW,bc,0.027527677436489,Mt
SLCP Forward,Aviation,2026,WTW,bc,0.0279013025499742,Mt
SLCP Forward,Aviation,2027,WTW,bc,0.027849276338364,Mt
SLCP Forward,Aviation,2028,WTW,bc,0.0278160382726365,Mt
SLCP Forward,Aviation,2029,WTW,bc,0.027087422092352,Mt
SLCP Forward,Aviation,2030,WTW,bc,0.0264053361778512,Mt
SLCP Forward,Aviation,2031,WTW,bc,0.0257235769453088,Mt
SLCP Forward,Aviation,2032,WTW,bc,0.0247568140969338,Mt
SLCP Forward,Aviation,2033,WTW,bc,0.0238871969468608,Mt
SLCP Forward,Aviation,2034,WTW,bc,0.0226888429250669,Mt
SLCP Forward,Aviation,2035,WTW,bc,0.021667584421311,Mt
SLCP Forward,Aviation,2036,WTW,bc,0.0213527709087479,Mt
SLCP Forward,Aviation,2037,WTW,bc,0.020976357626033,Mt
SLCP Forward,Aviation,2038,WTW,bc,0.0204865391649324,Mt
SLCP Forward,Aviation,2039,WTW,bc,0.0199045397304413,Mt
SLCP Forward,Aviation,2040,WTW,bc,0.0193143677565597,Mt
SLCP Forward,Aviation,2041,WTW,bc,0.0189933143982568,Mt
SLCP Forward,Aviation,2042,WTW,bc,0.0186122090737012,Mt
SLCP Forward,Aviation,2043,WTW,bc,0.0181586954316323,Mt
SLCP Forward,Aviation,2044,WTW,bc,0.0176137364664797,Mt
SLCP Forward,Aviation,2045,WTW,bc,0.0169790835292586,Mt
SLCP Forward,Aviation,2046,WTW,bc,0.0162211394601733,Mt
SLCP Forward,Aviation,2047,WTW,bc,0.0153941289926945,Mt
SLCP Forward,Aviation,2048,WTW,bc,0.0145017151706631,Mt
SLCP Forward,Aviation,2049,WTW,bc,0.0136040757993542,Mt
SLCP Forward,Aviation,2050,WTW,bc,0.0127398765836023,Mt
SLCP Forward lower,Aviation,1940,WTW,bc,0.0007991461167132,Mt
SLCP Forward lower,Aviation,1941,WTW,bc,0.0008614172426909,Mt
SLCP Forward lower,Aviation,1942,WTW,bc,0.0009340668896648,Mt
SLCP Forward lower,Aviation,1943,WTW,bc,0.0010067165366387,Mt
SLCP Forward lower,Aviation,1944,WTW,bc,0.0010897447046089,Mt
SLCP Forward lower,Aviation,1945,WTW,bc,0.0011727728725791,Mt
SLCP Forward lower,Aviation,1946,WTW,bc,0.0012765580825419,Mt
SLCP Forward lower,Aviation,1947,WTW,bc,0.0013699647715084,Mt
SLCP Forward lower,Aviation,1948,WTW,bc,0.0014841285024674,Mt
SLCP Forward lower,Aviation,1949,WTW,bc,0.0015982922334264,Mt
SLCP Forward lower,Aviation,1950,WTW,bc,0.001733213006378,Mt
SLCP Forward lower,Aviation,1951,WTW,bc,0.0018681337793296,Mt
SLCP Forward lower,Aviation,1952,WTW,bc,0.0020134330732775,Mt
SLCP Forward lower,Aviation,1953,WTW,bc,0.0021794894092179,Mt
SLCP Forward lower,Aviation,1954,WTW,bc,0.0023559242661546,Mt
SLCP Forward lower,Aviation,1955,WTW,bc,0.0025427376440876,Mt
SLCP Forward lower,Aviation,1956,WTW,bc,0.0027503080640131,Mt
SLCP Forward lower,Aviation,1957,WTW,bc,0.0029682570049349,Mt
SLCP Forward lower,Aviation,1958,WTW,bc,0.0032069629878492,Mt
SLCP Forward lower,Aviation,1959,WTW,bc,0.0034560474917598,Mt
SLCP Forward lower,Aviation,1960,WTW,bc,0.0037362675586593,Mt
SLCP Forward lower,Aviation,1961,WTW,bc,0.0040995157935289,Mt
SLCP Forward lower,Aviation,1962,WTW,bc,0.00451465663338,Mt
SLCP Forward lower,Aviation,1963,WTW,bc,0.0047637411372906,Mt
SLCP Forward lower,Aviation,1964,WTW,bc,0.0049816900782124,Mt
SLCP Forward lower,Aviation,1965,WTW,bc,0.0053241812710895,Mt
SLCP Forward lower,Aviation,1966,WTW,bc,0.0057704576739294,Mt
SLCP Forward lower,Aviation,1967,WTW,bc,0.006808309773557,Mt
SLCP Forward lower,Aviation,1968,WTW,bc,0.007711241100233,Mt
SLCP Forward lower,Aviation,1969,WTW,bc,0.0080744893351026,Mt
SLCP Forward lower,Aviation,1970,WTW,bc,0.0080952463770952,Mt
SLCP Forward lower,Aviation,1971,WTW,bc,0.0093406688966483,Mt
SLCP Forward lower,Aviation,1972,WTW,bc,0.0099633801564248,Mt
SLCP Forward lower,Aviation,1973,WTW,bc,0.0103162498702982,Mt
SLCP Forward lower,Aviation,1974,WTW,bc,0.0099633801564248,Mt
SLCP Forward lower,Aviation,1975,WTW,bc,0.0099737586774211,Mt
SLCP Forward lower,Aviation,1976,WTW,bc,0.0100048942404099,Mt
SLCP Forward lower,Aviation,1977,WTW,bc,0.0105964699371977,Mt
SLCP Forward lower,Aviation,1978,WTW,bc,0.0109700966930636,Mt
SLCP Forward lower,Aviation,1979,WTW,bc,0.0114267516168997,Mt
SLCP Forward lower,Aviation,1980,WTW,bc,0.01150977978487,Mt
SLCP Forward lower,Aviation,1981,WTW,bc,0.0113437234489295,Mt
SLCP Forward lower,Aviation,1982,WTW,bc,0.0114682657008849,Mt
SLCP Forward lower,Aviation,1983,WTW,bc,0.011623943515829,Mt
SLCP Forward lower,Aviation,1984,WTW,bc,0.0124023325905497,Mt
SLCP Forward lower,Aviation,1985,WTW,bc,0.0128070949094044,Mt
SLCP Forward lower,Aviation,1986,WTW,bc,0.0134816987741624,Mt
SLCP Forward lower,Aviation,1987,WTW,bc,0.0140732744709501,Mt
SLCP Forward lower,Aviation,1988,WTW,bc,0.0146752286887341,Mt
SLCP Forward lower,Aviation,1989,WTW,bc,0.0152045332595442,Mt
SLCP Forward lower,Aviation,1990,WTW,bc,0.0155240816939069,Mt
SLCP Forward lower,Aviation,1991,WTW,bc,0.0150130059573747,Mt
SLCP Forward lower,Aviation,1992,WTW,bc,0.0150478155167962,Mt
SLCP Forward lower,Aviation,1993,WTW,bc,0.0151299303749188,Mt
SLCP Forward lower,Aviation,1994,WTW,bc,0.0158516485735914,Mt
SLCP Forward lower,Aviation,1995,WTW,bc,0.0162375884067673,Mt
SLCP Forward lower,Aviation,1996,WTW,bc,0.016972516386964,Mt
SLCP Forward lower,Aviation,1997,WTW,bc,0.0174893044614526,Mt
SLCP Forward lower,Aviation,1998,WTW,bc,0.0178341868655672,Mt
SLCP Forward lower,Aviation,1999,WTW,bc,0.0184094371488278,Mt
SLCP Forward lower,Aviation,2000,WTW,bc,0.0193628620558549,Mt
SLCP Forward lower,Aviation,2001,WTW,bc,0.0186251671619606,Mt
SLCP Forward lower,Aviation,2002,WTW,bc,0.0186628328903603,Mt
SLCP Forward lower,Aviation,2003,WTW,bc,0.0186511404486059,Mt
SLCP Forward lower,Aviation,2004,WTW,bc,0.0198244011116719,Mt
SLCP Forward lower,Aviation,2005,WTW,bc,0.0207987117543519,Mt
SLCP Forward lower,Aviation,2006,WTW,bc,0.021041218351655,Mt
SLCP Forward lower,Aviation,2007,WTW,bc,0.0216522600024234,Mt
SLCP Forward lower,Aviation,2008,WTW,bc,0.0215521155776261,Mt
SLCP Forward lower,Aviation,2009,WTW,bc,0.0204380311655767,Mt
SLCP Forward lower,Aviation,2010,WTW,bc,0.0214700007195036,Mt
SLCP Forward lower,Aviation,2011,WTW,bc,0.0221067478910755,Mt
SLCP Forward lower,Aviation,2012,WTW,bc,0.0223460412982782,Mt
SLCP Forward lower,Aviation,2013,WTW,bc,0.0229811818747999,Mt
SLCP Forward lower,Aviation,2014,WTW,bc,0.0237041496474005,Mt
SLCP Forward lower,Aviation,2015,WTW,bc,0.0249987082367584,Mt
SLCP Forward lower,Aviation,2016,WTW,bc,0.0262077602673322,Mt
SLCP Forward lower,Aviation,2017,WTW,bc,0.0277540181231048,Mt
SLCP Forward lower,Aviation,2018,WTW,bc,0.0291972270655062,Mt
SLCP Forward lower,Aviation,2019,WTW,bc,0.0261076763129875,Mt
SLCP Forward lower,Aviation,2020,WTW,bc,0.0141416580017525,Mt
SLCP Forward lower,Aviation,2021,WTW,bc,0.0168612076171309,Mt
SLCP Forward lower,Aviation,2022,WTW,bc,0.0206685770822308,Mt
SLCP Forward lower,Aviation,2023,WTW,bc,0.0240272803059941,Mt
SLCP Forward lower,Aviation,2024,WTW,bc,0.0258831686381518,Mt
SLCP Forward lower,Aviation,2025,WTW,bc,0.027527677436489,Mt
SLCP Forward lower,Aviation,2026,WTW,bc,0.0279013025499742,Mt
SLCP Forward lower,Aviation,2027,WTW,bc,0.027849276338364,Mt
SLCP Forward lower,Aviation,2028,WTW,bc,0.0278160382726365,Mt
SLCP Forward lower,Aviation,2029,WTW,bc,0.027087422092352,Mt
SLCP Forward lower,Aviation,2030,WTW,bc,0.0264053361778512,Mt
SLCP Forward lower,Aviation,2031,WTW,bc,0.0257235769453088,Mt
SLCP Forward lower,Aviation,2032,WTW,bc,0.0247568140969338,Mt
SLCP Forward lower,Aviation,2033,WTW,bc,0.0238871969468608,Mt
SLCP Forward lower,Aviation,2034,WTW,bc,0.0226888429250669,Mt
SLCP Forward lower,Aviation,2035,WTW,bc,0.021667584421311,Mt
SLCP Forward lower,Aviation,2036,WTW,bc,0.0213527709087479,Mt
SLCP Forward lower,Aviation,2037,WTW,bc,0.020976357626033,Mt
SLCP Forward lower,Aviation,2038,WTW,bc,0.0204865391649324,Mt
SLCP Forward lower,Aviation,2039,WTW,bc,0.0199045397304413,Mt
SLCP Forward lower,Aviation,2040,WTW,bc,0.0193143677565597,Mt
SLCP Forward lower,Aviation,2041,WTW,bc,0.0189933143982568,Mt
SLCP Forward lower,Aviation,2042,WTW,bc,0.0186122090737012,Mt
SLCP Forward lower,Aviation,2043,WTW,bc,0.0181586954316323,Mt
SLCP Forward lower,Aviation,2044,WTW,bc,0.0176137364664797,Mt
SLCP Forward lower,Aviation,2045,WTW,bc,0.0169790835292586,Mt
SLCP Forward lower,Aviation,2046,WTW,bc,0.0162211394601733,Mt
SLCP Forward lower,Aviation,2047,WTW,bc,0.0153941289926945,Mt
SLCP Forward lower,Aviation,2048,WTW,bc,0.0145017151706631,Mt
SLCP Forward lower,Aviation,2049,WTW,bc,0.0136040757993542,Mt
SLCP Forward lower,Aviation,2050,WTW,bc,0.0127398765836023,Mt
SLCP Forward upper,Aviation,1940,WTW,bc,0.0007991461167132,Mt
SLCP Forward upper,Aviation,1941,WTW,bc,0.0008614172426909,Mt
SLCP Forward upper,Aviation,1942,WTW,bc,0.0009340668896648,Mt
SLCP Forward upper,Aviation,1943,WTW,bc,0.0010067165366387,Mt
SLCP Forward upper,Aviation,1944,WTW,bc,0.0010897447046089,Mt
SLCP Forward upper,Aviation,1945,WTW,bc,0.0011727728725791,Mt
SLCP Forward upper,Aviation,1946,WTW,bc,0.0012765580825419,Mt
SLCP Forward upper,Aviation,1947,WTW,bc,0.0013699647715084,Mt
SLCP Forward upper,Aviation,1948,WTW,bc,0.0014841285024674,Mt
SLCP Forward upper,Aviation,1949,WTW,bc,0.0015982922334264,Mt
SLCP Forward upper,Aviation,1950,WTW,bc,0.001733213006378,Mt
SLCP Forward upper,Aviation,1951,WTW,bc,0.0018681337793296,Mt
SLCP Forward upper,Aviation,1952,WTW,bc,0.0020134330732775,Mt
SLCP Forward upper,Aviation,1953,WTW,bc,0.0021794894092179,Mt
SLCP Forward upper,Aviation,1954,WTW,bc,0.0023559242661546,Mt
SLCP Forward upper,Aviation,1955,WTW,bc,0.0025427376440876,Mt
SLCP Forward upper,Aviation,1956,WTW,bc,0.0027503080640131,Mt
SLCP Forward upper,Aviation,1957,WTW,bc,0.0029682570049349,Mt
SLCP Forward upper,Aviation,1958,WTW,bc,0.0032069629878492,Mt
SLCP Forward upper,Aviation,1959,WTW,bc,0.0034560474917598,Mt
SLCP Forward upper,Aviation,1960,WTW,bc,0.0037362675586593,Mt
SLCP Forward upper,Aviation,1961,WTW,bc,0.0040995157935289,Mt
SLCP Forward upper,Aviation,1962,WTW,bc,0.00451465663338,Mt
SLCP Forward upper,Aviation,1963,WTW,bc,0.0047637411372906,Mt
SLCP Forward upper,Aviation,1964,WTW,bc,0.0049816900782124,Mt
SLCP Forward upper,Aviation,1965,WTW,bc,0.0053241812710895,Mt
SLCP Forward upper,Aviation,1966,WTW,bc,0.0057704576739294,Mt
SLCP Forward upper,Aviation,1967,WTW,bc,0.006808309773557,Mt
SLCP Forward upper,Aviation,1968,WTW,bc,0.007711241100233,Mt
SLCP Forward upper,Aviation,1969,WTW,bc,0.0080744893351026,Mt
SLCP Forward upper,Aviation,1970,WTW,bc,0.0080952463770952,Mt
SLCP Forward upper,Aviation,1971,WTW,bc,0.0093406688966483,Mt
SLCP Forward upper,Aviation,1972,WTW,bc,0.0099633801564248,Mt
SLCP Forward upper,Aviation,1973,WTW,bc,0.0103162498702982,Mt
SLCP Forward upper,Aviation,1974,WTW,bc,0.0099633801564248,Mt
SLCP Forward upper,Aviation,1975,WTW,bc,0.0099737586774211,Mt
SLCP Forward upper,Aviation,1976,WTW,bc,0.0100048942404099,Mt
SLCP Forward upper,Aviation,1977,WTW,bc,0.0105964699371977,Mt
SLCP Forward upper,Aviation,1978,WTW,bc,0.0109700966930636,Mt
SLCP Forward upper,Aviation,1979,WTW,bc,0.0114267516168997,Mt
SLCP Forward upper,Aviation,1980,WTW,bc,0.01150977978487,Mt
SLCP Forward upper,Aviation,1981,WTW,bc,0.0113437234489295,Mt
SLCP Forward upper,Aviation,1982,WTW,bc,0.0114682657008849,Mt
SLCP Forward upper,Aviation,1983,WTW,bc,0.011623943515829,Mt
SLCP Forward upper,Aviation,1984,WTW,bc,0.0124023325905497,Mt
SLCP Forward upper,Aviation,1985,WTW,bc,0.0128070949094044,Mt
SLCP Forward upper,Aviation,1986,WTW,bc,0.0134816987741624,Mt
SLCP Forward upper,Aviation,1987,WTW,bc,0.0140732744709501,Mt
SLCP Forward upper,Aviation,1988,WTW,bc,0.0146752286887341,Mt
SLCP Forward upper,Aviation,1989,WTW,bc,0.0152045332595442,Mt
SLCP Forward upper,Aviation,1990,WTW,bc,0.0155240816939069,Mt
SLCP Forward upper,Aviation,1991,WTW,bc,0.0150130059573747,Mt
SLCP Forward upper,Aviation,1992,WTW,bc,0.0150478155167962,Mt
SLCP Forward upper,Aviation,1993,WTW,bc,0.0151299303749188,Mt
SLCP Forward upper,Aviation,1994,WTW,bc,0.0158516485735914,Mt
SLCP Forward upper,Aviation,1995,WTW,bc,0.0162375884067673,Mt
SLCP Forward upper,Aviation,1996,WTW,bc,0.016972516386964,Mt
SLCP Forward upper,Aviation,1997,WTW,bc,0.0174893044614526,Mt
SLCP Forward upper,Aviation,1998,WTW,bc,0.0178341868655672,Mt
SLCP Forward upper,Aviation,1999,WTW,bc,0.0184094371488278,Mt
SLCP Forward upper,Aviation,2000,WTW,bc,0.0193628620558549,Mt
SLCP Forward upper,Aviation,2001,WTW,bc,0.0186251671619606,Mt
SLCP Forward upper,Aviation,2002,WTW,bc,0.0186628328903603,Mt
SLCP Forward upper,Aviation,2003,WTW,bc,0.0186511404486059,Mt
SLCP Forward upper,Aviation,2004,WTW,bc,0.0198244011116719,Mt
SLCP Forward upper,Aviation,2005,WTW,bc,0.0207987117543519,Mt
SLCP Forward upper,Aviation,2006,WTW,bc,0.021041218351655,Mt
SLCP Forward upper,Aviation,2007,WTW,bc,0.0216522600024234,Mt
SLCP Forward upper,Aviation,2008,WTW,bc,0.0215521155776261,Mt
SLCP Forward upper,Aviation,2009,WTW,bc,0.0204380311655767,Mt
SLCP Forward upper,Aviation,2010,WTW,bc,0.0214700007195036,Mt
SLCP Forward upper,Aviation,2011,WTW,bc,0.0221067478910755,Mt
SLCP Forward upper,Aviation,2012,WTW,bc,0.0223460412982782,Mt
SLCP Forward upper,Aviation,2013,WTW,bc,0.0229811818747999,Mt
SLCP Forward upper,Aviation,2014,WTW,bc,0.0237041496474005,Mt
SLCP Forward upper,Aviation,2015,WTW,bc,0.0249987082367584,Mt
SLCP Forward upper,Aviation,2016,WTW,bc,0.0262077602673322,Mt
SLCP Forward upper,Aviation,2017,WTW,bc,0.0277540181231048,Mt
SLCP Forward upper,Aviation,2018,WTW,bc,0.0291972270655062,Mt
SLCP Forward upper,Aviation,2019,WTW,bc,0.0261076763129875,Mt
SLCP Forward upper,Aviation,2020,WTW,bc,0.0141416580017525,Mt
SLCP Forward upper,Aviation,2021,WTW,bc,0.0168612076171309,Mt
SLCP Forward upper,Aviation,2022,WTW,bc,0.0206685770822308,Mt
SLCP Forward upper,Aviation,2023,WTW,bc,0.0240272803059941,Mt
SLCP Forward upper,Aviation,2024,WTW,bc,0.0258831686381518,Mt
SLCP Forward upper,Aviation,2025,WTW,bc,0.027527677436489,Mt
SLCP Forward upper,Aviation,2026,WTW,bc,0.0279013025499742,Mt
SLCP Forward upper,Aviation,2027,WTW,bc,0.027849276338364,Mt
SLCP Forward upper,Aviation,2028,WTW,bc,0.0278160382726365,Mt
SLCP Forward upper,Aviation,2029,WTW,bc,0.027087422092352,Mt
SLCP Forward upper,Aviation,2030,WTW,bc,0.0264053361778512,Mt
SLCP Forward upper,Aviation,2031,WTW,bc,0.0257235769453088,Mt
SLCP Forward upper,Aviation,2032,WTW,bc,0.0247568140969338,Mt
SLCP Forward upper,Aviation,2033,WTW,bc,0.0238871969468608,Mt
SLCP Forward upper,Aviation,2034,WTW,bc,0.0226888429250669,Mt
SLCP Forward upper,Aviation,2035,WTW,bc,0.021667584421311,Mt
SLCP Forward upper,Aviation,2036,WTW,bc,0.0213527709087479,Mt
SLCP Forward upper,Aviation,2037,WTW,bc,0.020976357626033,Mt
SLCP Forward upper,Aviation,2038,WTW,bc,0.0204865391649324,Mt
SLCP Forward upper,Aviation,2039,WTW,bc,0.0199045397304413,Mt
SLCP Forward upper,Aviation,2040,WTW,bc,0.0193143677565597,Mt
SLCP Forward upper,Aviation,2041,WTW,bc,0.0189933143982568,Mt
SLCP Forward upper,Aviation,2042,WTW,bc,0.0186122090737012,Mt
SLCP Forward upper,Aviation,2043,WTW,bc,0.0181586954316323,Mt
SLCP Forward upper,Aviation,2044,WTW,bc,0.0176137364664797,Mt
SLCP Forward upper,Aviation,2045,WTW,bc,0.0169790835292586,Mt
SLCP Forward upper,Aviation,2046,WTW,bc,0.0162211394601733,Mt
SLCP Forward upper,Aviation,2047,WTW,bc,0.0153941289926945,Mt
SLCP Forward upper,Aviation,2048,WTW,bc,0.0145017151706631,Mt
SLCP Forward upper,Aviation,2049,WTW,bc,0.0136040757993542,Mt
SLCP Forward upper,Aviation,2050,WTW,bc,0.0127398765836023,Mt
Current Commitments,Aviation,1940,WTW,contrails,0.0003785269780926,W/m2
Current Commitments,Aviation,1941,WTW,contrails,0.0004118809939769,W/m2
Current Commitments,Aviation,1942,WTW,contrails,0.00045088164301,W/m2
Current Commitments,Aviation,1943,WTW,contrails,0.0004906341192486,W/m2
Current Commitments,Aviation,1944,WTW,contrails,0.0005362676853613,W/m2
Current Commitments,Aviation,1945,WTW,contrails,0.000582798234828,W/m2
Current Commitments,Aviation,1946,WTW,contrails,0.0006406698734194,W/m2
Current Commitments,Aviation,1947,WTW,contrails,0.0006944409413776,W/m2
Current Commitments,Aviation,1948,WTW,contrails,0.0007599294387432,W/m2
Current Commitments,Aviation,1949,WTW,contrails,0.0008267578683348,W/m2
Current Commitments,Aviation,1950,WTW,contrails,0.0009058158731703,W/m2
Current Commitments,Aviation,1951,WTW,contrails,0.0009865252379103,W/m2
Current Commitments,Aviation,1952,WTW,contrails,0.0010744767890749,W/m2
Current Commitments,Aviation,1953,WTW,contrails,0.0011754998977369,W/m2
Current Commitments,Aviation,1954,WTW,contrails,0.0012843593973822,W/m2
Current Commitments,Aviation,1955,WTW,contrails,0.0014013115216557,W/m2
Current Commitments,Aviation,1956,WTW,contrails,0.0015324064642783,W/m2
Current Commitments,Aviation,1957,WTW,contrails,0.0016722698736622,W/m2
Current Commitments,Aviation,1958,WTW,contrails,0.0018271111331376,W/m2
Current Commitments,Aviation,1959,WTW,contrails,0.0019914619457638,W/m2
Current Commitments,Aviation,1960,WTW,contrails,0.0021777497859958,W/m2
Current Commitments,Aviation,1961,WTW,contrails,0.0024173413974339,W/m2
Current Commitments,Aviation,1962,WTW,contrails,0.0026935474727047,W/m2
Current Commitments,Aviation,1963,WTW,contrails,0.0028760936087263,W/m2
Current Commitments,Aviation,1964,WTW,contrails,0.0030440266244743,W/m2
Current Commitments,Aviation,1965,WTW,contrails,0.0032930997173151,W/m2
Current Commitments,Aviation,1966,WTW,contrails,0.0036133298284239,W/m2
Current Commitments,Aviation,1967,WTW,contrails,0.0043166671543403,W/m2
Current Commitments,Aviation,1968,WTW,contrails,0.0049512372568103,W/m2
Current Commitments,Aviation,1969,WTW,contrails,0.0052511540451947,W/m2
Current Commitments,Aviation,1970,WTW,contrails,0.0053332489059642,W/m2
Current Commitments,Aviation,1971,WTW,contrails,0.0062349874495641,W/m2
Current Commitments,Aviation,1972,WTW,contrails,0.0067396264559515,W/m2
Current Commitments,Aviation,1973,WTW,contrails,0.0070729441906113,W/m2
Current Commitments,Aviation,1974,WTW,contrails,0.0069249109066263,W/m2
Current Commitments,Aviation,1975,WTW,contrails,0.0070287407162799,W/m2
Current Commitments,Aviation,1976,WTW,contrails,0.0071503404181236,W/m2
Current Commitments,Aviation,1977,WTW,contrails,0.0076817072039234,W/m2
Current Commitments,Aviation,1978,WTW,contrails,0.0080682360830917,W/m2
Current Commitments,Aviation,1979,WTW,contrails,0.0085281421008254,W/m2
Current Commitments,Aviation,1980,WTW,contrails,0.0087188013712514,W/m2
Current Commitments,Aviation,1981,WTW,contrails,0.0087237058708229,W/m2
Current Commitments,Aviation,1982,WTW,contrails,0.0089556934621805,W/m2
Current Commitments,Aviation,1983,WTW,contrails,0.0092196547169378,W/m2
Current Commitments,Aviation,1984,WTW,contrails,0.0099938104977595,W/m2
Current Commitments,Aviation,1985,WTW,contrails,0.0104870961112823,W/m2
Current Commitments,Aviation,1986,WTW,contrails,0.0112212190028809,W/m2
Current Commitments,Aviation,1987,WTW,contrails,0.0119096520355068,W/m2
Current Commitments,Aviation,1988,WTW,contrails,0.0126304539257372,W/m2
Current Commitments,Aviation,1989,WTW,contrails,0.0133126093597443,W/m2
Current Commitments,Aviation,1990,WTW,contrails,0.012060272305023,W/m2
Current Commitments,Aviation,1991,WTW,contrails,0.0119687985257976,W/m2
Current Commitments,Aviation,1992,WTW,contrails,0.0131671889545481,W/m2
Current Commitments,Aviation,1993,WTW,contrails,0.0143655793832986,W/m2
Current Commitments,Aviation,1994,WTW,contrails,0.0153147247438845,W/m2
Current Commitments,Aviation,1995,WTW,contrails,0.0163393989130052,W/m2
Current Commitments,Aviation,1996,WTW,contrails,0.0172885442735912,W/m2
Current Commitments,Aviation,1997,WTW,contrails,0.0181520903178378,W/m2
Current Commitments,Aviation,1998,WTW,contrails,0.0188301711766826,W/m2
Current Commitments,Aviation,1999,WTW,contrails,0.019924499691452,W/m2
Current Commitments,Aviation,2000,WTW,contrails,0.021803955192291,W/m2
Current Commitments,Aviation,2001,WTW,contrails,0.0219512792138613,W/m2
Current Commitments,Aviation,2002,WTW,contrails,0.0214053137221618,W/m2
Current Commitments,Aviation,2003,WTW,contrails,0.0222892578515793,W/m2
Current Commitments,Aviation,2004,WTW,contrails,0.0252790688775496,W/m2
Current Commitments,Aviation,2005,WTW,contrails,0.0267349768554127,W/m2
Current Commitments,Aviation,2006,WTW,contrails,0.0278442400766427,W/m2
Current Commitments,Aviation,2007,WTW,contrails,0.0293174802923379,W/m2
Current Commitments,Aviation,2008,WTW,contrails,0.030017508649764,W/m2
Current Commitments,Aviation,2009,WTW,contrails,0.0292611695050098,W/m2
Current Commitments,Aviation,2010,WTW,contrails,0.0321973107723986,W/m2
Current Commitments,Aviation,2011,WTW,contrails,0.0339380861682967,W/m2
Current Commitments,Aviation,2012,WTW,contrails,0.0347881970330693,W/m2
Current Commitments,Aviation,2013,WTW,contrails,0.0358676482629091,W/m2
Current Commitments,Aviation,2014,WTW,contrails,0.0373115694853914,W/m2
Current Commitments,Aviation,2015,WTW,contrails,0.0391942815680547,W/m2
Current Commitments,Aviation,2016,WTW,contrails,0.0412920568930729,W/m2
Current Commitments,Aviation,2017,WTW,contrails,0.0432934209549836,W/m2
Current Commitments,Aviation,2018,WTW,contrails,0.0441512881588368,W/m2
Current Commitments,Aviation,2019,WTW,contrails,0.0438683554878647,W/m2
Current Commitments,Aviation,2020,WTW,contrails,0.0248352193031068,W/m2
Current Commitments,Aviation,2021,WTW,contrails,0.030162193878266,W/m2
Current Commitments,Aviation,2022,WTW,contrails,0.0369730118564432,W/m2
Current Commitments,Aviation,2023,WTW,contrails,0.0409175141854956,W/m2
Current Commitments,Aviation,2024,WTW,contrails,0.0452139231806048,W/m2
Current Commitments,Aviation,2025,WTW,contrails,0.0487001745204602,W/m2
Current Commitments,Aviation,2026,WTW,contrails,0.0497683322593034,W/m2
Current Commitments,Aviation,2027,WTW,contrails,0.0508632964502655,W/m2
Current Commitments,Aviation,2028,WTW,contrails,0.0519821857812978,W/m2
Current Commitments,Aviation,2029,WTW,contrails,0.0531253212932744,W/m2
Current Commitments,Aviation,2030,WTW,contrails,0.0542969817927935,W/m2
Current Commitments,Aviation,2031,WTW,contrails,0.055452053543732,W/m2
Current Commitments,Aviation,2032,WTW,contrails,0.0566384661700559,W/m2
Current Commitments,Aviation,2033,WTW,contrails,0.0578573003727681,W/m2
Current Commitments,Aviation,2034,WTW,contrails,0.0591097197590663,W/m2
Current Commitments,Aviation,2035,WTW,contrails,0.0603969183473599,W/m2
Current Commitments,Aviation,2036,WTW,contrails,0.0617201512819805,W/m2
Current Commitments,Aviation,2037,WTW,contrails,0.0630809720287049,W/m2
Current Commitments,Aviation,2038,WTW,contrails,0.0644858704717503,W/m2
Current Commitments,Aviation,2039,WTW,contrails,0.0659316124452922,W/m2
Current Commitments,Aviation,2040,WTW,contrails,0.0674198975359058,W/m2
Current Commitments,Aviation,2041,WTW,contrails,0.0689694108326793,W/m2
Current Commitments,Aviation,2042,WTW,contrails,0.0705639105103919,W/m2
Current Commitments,Aviation,2043,WTW,contrails,0.0722052660637428,W/m2
Current Commitments,Aviation,2044,WTW,contrails,0.073895399817186,W/m2
Current Commitments,Aviation,2045,WTW,contrails,0.0756362855890859,W/m2
Current Commitments,Aviation,2046,WTW,contrails,0.0774299438474702,W/m2
Current Commitments,Aviation,2047,WTW,contrails,0.0792782481609224,W/m2
Current Commitments,Aviation,2048,WTW,contrails,0.0811833170858932,W/m2
Current Commitments,Aviation,2049,WTW,contrails,0.0831477265851867,W/m2
Current Commitments,Aviation,2050,WTW,contrails,0.0851739886563497,W/m2
Current Commitments lower,Aviation,1940,WTW,contrails,6.398432532486963e-05,W/m2
Current Commitments lower,Aviation,1941,WTW,contrails,6.962232294921616e-05,W/m2
Current Commitments lower,Aviation,1942,WTW,contrails,7.621479947014026e-05,W/m2
Current Commitments lower,Aviation,1943,WTW,contrails,8.293436113767916e-05,W/m2
Current Commitments lower,Aviation,1944,WTW,contrails,9.06480331052674e-05,W/m2
Current Commitments lower,Aviation,1945,WTW,contrails,9.85133266957682e-05,W/m2
Current Commitments lower,Aviation,1946,WTW,contrails,0.0001082956618132,W/m2
Current Commitments lower,Aviation,1947,WTW,contrails,0.0001173848567832,W/m2
Current Commitments lower,Aviation,1948,WTW,contrails,0.0001284547079774,W/m2
Current Commitments lower,Aviation,1949,WTW,contrails,0.0001397510546777,W/m2
Current Commitments lower,Aviation,1950,WTW,contrails,0.0001531146281974,W/m2
Current Commitments lower,Aviation,1951,WTW,contrails,0.0001667573394153,W/m2
Current Commitments lower,Aviation,1952,WTW,contrails,0.0001816242339518,W/m2
Current Commitments lower,Aviation,1953,WTW,contrails,0.0001987006798171,W/m2
Current Commitments lower,Aviation,1954,WTW,contrails,0.0002171017503963,W/m2
Current Commitments lower,Aviation,1955,WTW,contrails,0.0002368707581555,W/m2
Current Commitments lower,Aviation,1956,WTW,contrails,0.0002590303978712,W/m2
Current Commitments lower,Aviation,1957,WTW,contrails,0.0002826722157732,W/m2
Current Commitments lower,Aviation,1958,WTW,contrails,0.0003088458152612,W/m2
Current Commitments lower,Aviation,1959,WTW,contrails,0.0003366268625077,W/m2
Current Commitments lower,Aviation,1960,WTW,contrails,0.0003681160362346,W/m2
Current Commitments lower,Aviation,1961,WTW,contrails,0.0004086154154033,W/m2
Current Commitments lower,Aviation,1962,WTW,contrails,0.0004553039221668,W/m2
Current Commitments lower,Aviation,1963,WTW,contrails,0.0004861606167486,W/m2
Current Commitments lower,Aviation,1964,WTW,contrails,0.0005145471818663,W/m2
Current Commitments lower,Aviation,1965,WTW,contrails,0.0005566492636843,W/m2
Current Commitments lower,Aviation,1966,WTW,contrails,0.0006107793753906,W/m2
Current Commitments lower,Aviation,1967,WTW,contrails,0.0007296680329477,W/m2
Current Commitments lower,Aviation,1968,WTW,contrails,0.0008369326196952,W/m2
Current Commitments lower,Aviation,1969,WTW,contrails,0.0008876290679512,W/m2
Current Commitments lower,Aviation,1970,WTW,contrails,0.0009015059765547,W/m2
Current Commitments lower,Aviation,1971,WTW,contrails,0.0010539313931589,W/m2
Current Commitments lower,Aviation,1972,WTW,contrails,0.0011392330710446,W/m2
Current Commitments lower,Aviation,1973,WTW,contrails,0.0011955754498058,W/m2
Current Commitments lower,Aviation,1974,WTW,contrails,0.0011705526367711,W/m2
Current Commitments lower,Aviation,1975,WTW,contrails,0.0011881035134689,W/m2
Current Commitments lower,Aviation,1976,WTW,contrails,0.0012086581247185,W/m2
Current Commitments lower,Aviation,1977,WTW,contrails,0.0012984777340387,W/m2
Current Commitments lower,Aviation,1978,WTW,contrails,0.0013638146610836,W/m2
Current Commitments lower,Aviation,1979,WTW,contrails,0.0014415548961543,W/m2
Current Commitments lower,Aviation,1980,WTW,contrails,0.0014737829947871,W/m2
Current Commitments lower,Aviation,1981,WTW,contrails,0.0014746120271,W/m2
Current Commitments lower,Aviation,1982,WTW,contrails,0.0015138260603812,W/m2
Current Commitments lower,Aviation,1983,WTW,contrails,0.0015584447633404,W/m2
Current Commitments lower,Aviation,1984,WTW,contrails,0.001689304221712,W/m2
Current Commitments lower,Aviation,1985,WTW,contrails,0.0017726867783074,W/m2
Current Commitments lower,Aviation,1986,WTW,contrails,0.0018967792753896,W/m2
Current Commitments lower,Aviation,1987,WTW,contrails,0.002013148585038,W/m2
Current Commitments lower,Aviation,1988,WTW,contrails,0.0021349893660351,W/m2
Current Commitments lower,Aviation,1989,WTW,contrails,0.0022502975415093,W/m2
Current Commitments lower,Aviation,1990,WTW,contrails,0.0020386086892921,W/m2
Current Commitments lower,Aviation,1991,WTW,contrails,0.0020231464147717,W/m2
Current Commitments lower,Aviation,1992,WTW,contrails,0.0022257163965621,W/m2
Current Commitments lower,Aviation,1993,WTW,contrails,0.0024282863783524,W/m2
Current Commitments lower,Aviation,1994,WTW,contrails,0.0025887252084679,W/m2
Current Commitments lower,Aviation,1995,WTW,contrails,0.0027619310542424,W/m2
Current Commitments lower,Aviation,1996,WTW,contrails,0.0029223698843579,W/m2
Current Commitments lower,Aviation,1997,WTW,contrails,0.0030683394300598,W/m2
Current Commitments lower,Aviation,1998,WTW,contrails,0.0031829588595322,W/m2
Current Commitments lower,Aviation,1999,WTW,contrails,0.0033679387308589,W/m2
Current Commitments lower,Aviation,2000,WTW,contrails,0.003685632578746,W/m2
Current Commitments lower,Aviation,2001,WTW,contrails,0.0037105355015755,W/m2
Current Commitments lower,Aviation,2002,WTW,contrails,0.0036182481993254,W/m2
Current Commitments lower,Aviation,2003,WTW,contrails,0.0037676657363016,W/m2
Current Commitments lower,Aviation,2004,WTW,contrails,0.0042730485819564,W/m2
Current Commitments lower,Aviation,2005,WTW,contrails,0.004519148054623,W/m2
Current Commitments lower,Aviation,2006,WTW,contrails,0.0047066524147501,W/m2
Current Commitments lower,Aviation,2007,WTW,contrails,0.0049556816430437,W/m2
Current Commitments lower,Aviation,2008,WTW,contrails,0.0050740109689583,W/m2
Current Commitments lower,Aviation,2009,WTW,contrails,0.004946163146492,W/m2
Current Commitments lower,Aviation,2010,WTW,contrails,0.005442473922012,W/m2
Current Commitments lower,Aviation,2011,WTW,contrails,0.0057367259719185,W/m2
Current Commitments lower,Aviation,2012,WTW,contrails,0.0058804245014339,W/m2
Current Commitments lower,Aviation,2013,WTW,contrails,0.0060628895902116,W/m2
Current Commitments lower,Aviation,2014,WTW,contrails,0.0063069628811256,W/m2
Current Commitments lower,Aviation,2015,WTW,contrails,0.0066252072054725,W/m2
Current Commitments lower,Aviation,2016,WTW,contrails,0.0069798047549809,W/m2
Current Commitments lower,Aviation,2017,WTW,contrails,0.0073181054221515,W/m2
Current Commitments lower,Aviation,2018,WTW,contrails,0.0074631150448037,W/m2
Current Commitments lower,Aviation,2019,WTW,contrails,0.0074152895076234,W/m2
Current Commitments lower,Aviation,2020,WTW,contrails,0.0041980224485232,W/m2
Current Commitments lower,Aviation,2021,WTW,contrails,0.0050984678432789,W/m2
Current Commitments lower,Aviation,2022,WTW,contrails,0.0062497347765899,W/m2
Current Commitments lower,Aviation,2023,WTW,contrails,0.0069164939110077,W/m2
Current Commitments lower,Aviation,2024,WTW,contrails,0.0076427376050688,W/m2
Current Commitments lower,Aviation,2025,WTW,contrails,0.0082320362622414,W/m2
Current Commitments lower,Aviation,2026,WTW,contrails,0.0084125923552439,W/m2
Current Commitments lower,Aviation,2027,WTW,contrails,0.0085976796781254,W/m2
Current Commitments lower,Aviation,2028,WTW,contrails,0.0087868111881701,W/m2
Current Commitments lower,Aviation,2029,WTW,contrails,0.0089800411525369,W/m2
Current Commitments lower,Aviation,2030,WTW,contrails,0.009178092839498,W/m2
Current Commitments lower,Aviation,2031,WTW,contrails,0.0093733404465722,W/m2
Current Commitments lower,Aviation,2032,WTW,contrails,0.009573885759973,W/m2
Current Commitments lower,Aviation,2033,WTW,contrails,0.0097799114560446,W/m2
Current Commitments lower,Aviation,2034,WTW,contrails,0.0099916142251838,W/m2
Current Commitments lower,Aviation,2035,WTW,contrails,0.0102091958983477,W/m2
Current Commitments lower,Aviation,2036,WTW,contrails,0.0104328686389169,W/m2
Current Commitments lower,Aviation,2037,WTW,contrails,0.0106628950370511,W/m2
Current Commitments lower,Aviation,2038,WTW,contrails,0.0109003721106303,W/m2
Current Commitments lower,Aviation,2039,WTW,contrails,0.0111447531722842,W/m2
Current Commitments lower,Aviation,2040,WTW,contrails,0.0113963255117085,W/m2
Current Commitments lower,Aviation,2041,WTW,contrails,0.0116582475638052,W/m2
Current Commitments lower,Aviation,2042,WTW,contrails,0.0119277738908936,W/m2
Current Commitments lower,Aviation,2043,WTW,contrails,0.012205220503097,W/m2
Current Commitments lower,Aviation,2044,WTW,contrails,0.0124909123406188,W/m2
Current Commitments lower,Aviation,2045,WTW,contrails,0.0127851830479379,W/m2
Current Commitments lower,Aviation,2046,WTW,contrails,0.0130883741549612,W/m2
Current Commitments lower,Aviation,2047,WTW,contrails,0.0134008023604414,W/m2
Current Commitments lower,Aviation,2048,WTW,contrails,0.0137228257746663,W/m2
Current Commitments lower,Aviation,2049,WTW,contrails,0.0140548798256283,W/m2
Current Commitments lower,Aviation,2050,WTW,contrails,0.0143973891289494,W/m2
Current Commitments upper,Aviation,1940,WTW,contrails,0.0010578585596153,W/m2
Current Commitments upper,Aviation,1941,WTW,contrails,0.0011510720773905,W/m2
Current Commitments upper,Aviation,1942,WTW,contrails,0.0012600660799265,W/m2
Current Commitments upper,Aviation,1943,WTW,contrails,0.0013711611925307,W/m2
Current Commitments upper,Aviation,1944,WTW,contrails,0.0014986920194253,W/m2
Current Commitments upper,Aviation,1945,WTW,contrails,0.0016287296201401,W/m2
Current Commitments upper,Aviation,1946,WTW,contrails,0.0017904618394692,W/m2
Current Commitments upper,Aviation,1947,WTW,contrails,0.0019407343108946,W/m2
Current Commitments upper,Aviation,1948,WTW,contrails,0.002123753148399,W/m2
Current Commitments upper,Aviation,1949,WTW,contrails,0.0023105166563142,W/m2
Current Commitments upper,Aviation,1950,WTW,contrails,0.0025314578096841,W/m2
Current Commitments upper,Aviation,1951,WTW,contrails,0.0027570139715237,W/m2
Current Commitments upper,Aviation,1952,WTW,contrails,0.0030028096653993,W/m2
Current Commitments upper,Aviation,1953,WTW,contrails,0.0032851360685411,W/m2
Current Commitments upper,Aviation,1954,WTW,contrails,0.0035893626102675,W/m2
Current Commitments upper,Aviation,1955,WTW,contrails,0.0039162053794443,W/m2
Current Commitments upper,Aviation,1956,WTW,contrails,0.0042825726800642,W/m2
Current Commitments upper,Aviation,1957,WTW,contrails,0.0046734449648859,W/m2
Current Commitments upper,Aviation,1958,WTW,contrails,0.0051061754205673,W/m2
Current Commitments upper,Aviation,1959,WTW,contrails,0.0055654819534659,W/m2
Current Commitments upper,Aviation,1960,WTW,contrails,0.006086095272323,W/m2
Current Commitments upper,Aviation,1961,WTW,contrails,0.0067556751216879,W/m2
Current Commitments upper,Aviation,1962,WTW,contrails,0.0075275803698034,W/m2
Current Commitments upper,Aviation,1963,WTW,contrails,0.0080377368545226,W/m2
Current Commitments upper,Aviation,1964,WTW,contrails,0.0085070544684116,W/m2
Current Commitments upper,Aviation,1965,WTW,contrails,0.0092031319436794,W/m2
Current Commitments upper,Aviation,1966,WTW,contrails,0.0100980699102942,W/m2
Current Commitments upper,Aviation,1967,WTW,contrails,0.0120636666935586,W/m2
Current Commitments upper,Aviation,1968,WTW,contrails,0.0138370816769672,W/m2
Current Commitments upper,Aviation,1969,WTW,contrails,0.0146752505793885,W/m2
Current Commitments upper,Aviation,1970,WTW,contrails,0.0149046787475024,W/m2
Current Commitments upper,Aviation,1971,WTW,contrails,0.0174247417604189,W/m2
Current Commitments upper,Aviation,1972,WTW,contrails,0.0188350420119694,W/m2
Current Commitments upper,Aviation,1973,WTW,contrails,0.0197665555871925,W/m2
Current Commitments upper,Aviation,1974,WTW,contrails,0.019352851186622,W/m2
Current Commitments upper,Aviation,1975,WTW,contrails,0.0196430213970488,W/m2
Current Commitments upper,Aviation,1976,WTW,contrails,0.0199828526188292,W/m2
Current Commitments upper,Aviation,1977,WTW,contrails,0.0214678482339,W/m2
Current Commitments upper,Aviation,1978,WTW,contrails,0.022548069478439,W/m2
Current Commitments upper,Aviation,1979,WTW,contrails,0.0238333557212575,W/m2
Current Commitments upper,Aviation,1980,WTW,contrails,0.0243661857515147,W/m2
Current Commitments upper,Aviation,1981,WTW,contrails,0.0243798922167142,W/m2
Current Commitments upper,Aviation,1982,WTW,contrails,0.0250282213278354,W/m2
Current Commitments upper,Aviation,1983,WTW,contrails,0.0257659063249757,W/m2
Current Commitments upper,Aviation,1984,WTW,contrails,0.0279294174262045,W/m2
Current Commitments upper,Aviation,1985,WTW,contrails,0.0293079886742291,W/m2
Current Commitments upper,Aviation,1986,WTW,contrails,0.0313596210006764,W/m2
Current Commitments upper,Aviation,1987,WTW,contrails,0.0332835651801768,W/m2
Current Commitments upper,Aviation,1988,WTW,contrails,0.0352979696836799,W/m2
Current Commitments upper,Aviation,1989,WTW,contrails,0.0372043700371996,W/m2
Current Commitments upper,Aviation,1990,WTW,contrails,0.0337044993554955,W/m2
Current Commitments upper,Aviation,1991,WTW,contrails,0.0334488601912238,W/m2
Current Commitments upper,Aviation,1992,WTW,contrails,0.0367979677745268,W/m2
Current Commitments upper,Aviation,1993,WTW,contrails,0.0401470753578298,W/m2
Current Commitments upper,Aviation,1994,WTW,contrails,0.0427996248513282,W/m2
Current Commitments upper,Aviation,1995,WTW,contrails,0.0456632525538583,W/m2
Current Commitments upper,Aviation,1996,WTW,contrails,0.0483158020473567,W/m2
Current Commitments upper,Aviation,1997,WTW,contrails,0.0507291295706192,W/m2
Current Commitments upper,Aviation,1998,WTW,contrails,0.0526241428250371,W/m2
Current Commitments upper,Aviation,1999,WTW,contrails,0.0556824315425631,W/m2
Current Commitments upper,Aviation,2000,WTW,contrails,0.0609348922760018,W/m2
Current Commitments upper,Aviation,2001,WTW,contrails,0.061346614521112,W/m2
Current Commitments upper,Aviation,2002,WTW,contrails,0.0598208203186509,W/m2
Current Commitments upper,Aviation,2003,WTW,contrails,0.0622911537893003,W/m2
Current Commitments upper,Aviation,2004,WTW,contrails,0.0706466934694367,W/m2
Current Commitments upper,Aviation,2005,WTW,contrails,0.0747154780093274,W/m2
Current Commitments upper,Aviation,2006,WTW,contrails,0.0778155043254371,W/m2
Current Commitments upper,Aviation,2007,WTW,contrails,0.0819327267765178,W/m2
Current Commitments upper,Aviation,2008,WTW,contrails,0.0838890760798308,W/m2
Current Commitments upper,Aviation,2009,WTW,contrails,0.0817753566237379,W/m2
Current Commitments upper,Aviation,2010,WTW,contrails,0.089980906958877,W/m2
Current Commitments upper,Aviation,2011,WTW,contrails,0.0948458023547029,W/m2
Current Commitments upper,Aviation,2012,WTW,contrails,0.0972215829647223,W/m2
Current Commitments upper,Aviation,2013,WTW,contrails,0.1002382945579813,W/m2
Current Commitments upper,Aviation,2014,WTW,contrails,0.1042735800541697,W/m2
Current Commitments upper,Aviation,2015,WTW,contrails,0.1095351418640368,W/m2
Current Commitments upper,Aviation,2016,WTW,contrails,0.1153977347891238,W/m2
Current Commitments upper,Aviation,2017,WTW,contrails,0.1209908899044264,W/m2
Current Commitments upper,Aviation,2018,WTW,contrails,0.1233883469342589,W/m2
Current Commitments upper,Aviation,2019,WTW,contrails,0.1225976430608099,W/m2
Current Commitments upper,Aviation,2020,WTW,contrails,0.0694062797111575,W/m2
Current Commitments upper,Aviation,2021,WTW,contrails,0.084293423765145,W/m2
Current Commitments upper,Aviation,2022,WTW,contrails,0.1033274226956884,W/m2
Current Commitments upper,Aviation,2023,WTW,contrails,0.1143510109567864,W/m2
Current Commitments upper,Aviation,2024,WTW,contrails,0.1263580627499945,W/m2
Current Commitments upper,Aviation,2025,WTW,contrails,0.1361009900293655,W/m2
Current Commitments upper,Aviation,2026,WTW,contrails,0.1390861400251424,W/m2
Current Commitments upper,Aviation,2027,WTW,contrails,0.1421462052488109,W/m2
Current Commitments upper,Aviation,2028,WTW,contrails,0.1452731333796909,W/m2
Current Commitments upper,Aviation,2029,WTW,contrails,0.1484678216215651,W/m2
Current Commitments upper,Aviation,2030,WTW,contrails,0.1517422278333099,W/m2
Current Commitments upper,Aviation,2031,WTW,contrails,0.1549702739420899,W/m2
Current Commitments upper,Aviation,2032,WTW,contrails,0.1582859075022568,W/m2
Current Commitments upper,Aviation,2033,WTW,contrails,0.1616921487181091,W/m2
Current Commitments upper,Aviation,2034,WTW,contrails,0.165192249489525,W/m2
Current Commitments upper,Aviation,2035,WTW,contrails,0.1687895467057301,W/m2
Current Commitments upper,Aviation,2036,WTW,contrails,0.1724875480828232,W/m2
Current Commitments upper,Aviation,2037,WTW,contrails,0.1762905950473444,W/m2
Current Commitments upper,Aviation,2038,WTW,contrails,0.1802168246937876,W/m2
Current Commitments upper,Aviation,2039,WTW,contrails,0.1842571985910801,W/m2
Current Commitments upper,Aviation,2040,WTW,contrails,0.1884164665253943,W/m2
Current Commitments upper,Aviation,2041,WTW,contrails,0.1927468471827765,W/m2
Current Commitments upper,Aviation,2042,WTW,contrails,0.1972029499970901,W/m2
Current Commitments upper,Aviation,2043,WTW,contrails,0.2017899995919003,W/m2
Current Commitments upper,Aviation,2044,WTW,contrails,0.2065133682325819,W/m2
Current Commitments upper,Aviation,2045,WTW,contrails,0.2113785720930747,W/m2
Current Commitments upper,Aviation,2046,WTW,contrails,0.2163912577178026,W/m2
Current Commitments upper,Aviation,2047,WTW,contrails,0.221556661115499,W/m2
Current Commitments upper,Aviation,2048,WTW,contrails,0.2268807029555087,W/m2
Current Commitments upper,Aviation,2049,WTW,contrails,0.2323705822076787,W/m2
Current Commitments upper,Aviation,2050,WTW,contrails,0.2380333190799743,W/m2
Full Breakthrough,Aviation,1940,WTW,contrails,0.0003785269780926,W/m2
Full Breakthrough,Aviation,1941,WTW,contrails,0.0004118809939769,W/m2
Full Breakthrough,Aviation,1942,WTW,contrails,0.00045088164301,W/m2
Full Breakthrough,Aviation,1943,WTW,contrails,0.0004906341192486,W/m2
Full Breakthrough,Aviation,1944,WTW,contrails,0.0005362676853613,W/m2
Full Breakthrough,Aviation,1945,WTW,contrails,0.000582798234828,W/m2
Full Breakthrough,Aviation,1946,WTW,contrails,0.0006406698734194,W/m2
Full Breakthrough,Aviation,1947,WTW,contrails,0.0006944409413776,W/m2
Full Breakthrough,Aviation,1948,WTW,contrails,0.0007599294387432,W/m2
Full Breakthrough,Aviation,1949,WTW,contrails,0.0008267578683348,W/m2
Full Breakthrough,Aviation,1950,WTW,contrails,0.0009058158731703,W/m2
Full Breakthrough,Aviation,1951,WTW,contrails,0.0009865252379103,W/m2
Full Breakthrough,Aviation,1952,WTW,contrails,0.0010744767890749,W/m2
Full Breakthrough,Aviation,1953,WTW,contrails,0.0011754998977369,W/m2
Full Breakthrough,Aviation,1954,WTW,contrails,0.0012843593973822,W/m2
Full Breakthrough,Aviation,1955,WTW,contrails,0.0014013115216557,W/m2
Full Breakthrough,Aviation,1956,WTW,contrails,0.0015324064642783,W/m2
Full Breakthrough,Aviation,1957,WTW,contrails,0.0016722698736622,W/m2
Full Breakthrough,Aviation,1958,WTW,contrails,0.0018271111331376,W/m2
Full Breakthrough,Aviation,1959,WTW,contrails,0.0019914619457638,W/m2
Full Breakthrough,Aviation,1960,WTW,contrails,0.0021777497859958,W/m2
Full Breakthrough,Aviation,1961,WTW,contrails,0.0024173413974339,W/m2
Full Breakthrough,Aviation,1962,WTW,contrails,0.0026935474727047,W/m2
Full Breakthrough,Aviation,1963,WTW,contrails,0.0028760936087263,W/m2
Full Breakthrough,Aviation,1964,WTW,contrails,0.0030440266244743,W/m2
Full Breakthrough,Aviation,1965,WTW,contrails,0.0032930997173151,W/m2
Full Breakthrough,Aviation,1966,WTW,contrails,0.0036133298284239,W/m2
Full Breakthrough,Aviation,1967,WTW,contrails,0.0043166671543403,W/m2
Full Breakthrough,Aviation,1968,WTW,contrails,0.0049512372568103,W/m2
Full Breakthrough,Aviation,1969,WTW,contrails,0.0052511540451947,W/m2
Full Breakthrough,Aviation,1970,WTW,contrails,0.0053332489059642,W/m2
Full Breakthrough,Aviation,1971,WTW,contrails,0.0062349874495641,W/m2
Full Breakthrough,Aviation,1972,WTW,contrails,0.0067396264559515,W/m2
Full Breakthrough,Aviation,1973,WTW,contrails,0.0070729441906113,W/m2
Full Breakthrough,Aviation,1974,WTW,contrails,0.0069249109066263,W/m2
Full Breakthrough,Aviation,1975,WTW,contrails,0.0070287407162799,W/m2
Full Breakthrough,Aviation,1976,WTW,contrails,0.0071503404181236,W/m2
Full Breakthrough,Aviation,1977,WTW,contrails,0.0076817072039234,W/m2
Full Breakthrough,Aviation,1978,WTW,contrails,0.0080682360830917,W/m2
Full Breakthrough,Aviation,1979,WTW,contrails,0.0085281421008254,W/m2
Full Breakthrough,Aviation,1980,WTW,contrails,0.0087188013712514,W/m2
Full Breakthrough,Aviation,1981,WTW,contrails,0.0087237058708229,W/m2
Full Breakthrough,Aviation,1982,WTW,contrails,0.0089556934621805,W/m2
Full Breakthrough,Aviation,1983,WTW,contrails,0.0092196547169378,W/m2
Full Breakthrough,Aviation,1984,WTW,contrails,0.0099938104977595,W/m2
Full Breakthrough,Aviation,1985,WTW,contrails,0.0104870961112823,W/m2
Full Breakthrough,Aviation,1986,WTW,contrails,0.0112212190028809,W/m2
Full Breakthrough,Aviation,1987,WTW,contrails,0.0119096520355068,W/m2
Full Breakthrough,Aviation,1988,WTW,contrails,0.0126304539257372,W/m2
Full Breakthrough,Aviation,1989,WTW,contrails,0.0133126093597443,W/m2
Full Breakthrough,Aviation,1990,WTW,contrails,0.012060272305023,W/m2
Full Breakthrough,Aviation,1991,WTW,contrails,0.0119687985257976,W/m2
Full Breakthrough,Aviation,1992,WTW,contrails,0.0131671889545481,W/m2
Full Breakthrough,Aviation,1993,WTW,contrails,0.0143655793832986,W/m2
Full Breakthrough,Aviation,1994,WTW,contrails,0.0153147247438845,W/m2
Full Breakthrough,Aviation,1995,WTW,contrails,0.0163393989130052,W/m2
Full Breakthrough,Aviation,1996,WTW,contrails,0.0172885442735912,W/m2
Full Breakthrough,Aviation,1997,WTW,contrails,0.0181520903178378,W/m2
Full Breakthrough,Aviation,1998,WTW,contrails,0.0188301711766826,W/m2
Full Breakthrough,Aviation,1999,WTW,contrails,0.019924499691452,W/m2
Full Breakthrough,Aviation,2000,WTW,contrails,0.021803955192291,W/m2
Full Breakthrough,Aviation,2001,WTW,contrails,0.0219512792138613,W/m2
Full Breakthrough,Aviation,2002,WTW,contrails,0.0214053137221618,W/m2
Full Breakthrough,Aviation,2003,WTW,contrails,0.0222892578515793,W/m2
Full Breakthrough,Aviation,2004,WTW,contrails,0.0252790688775496,W/m2
Full Breakthrough,Aviation,2005,WTW,contrails,0.0267349768554127,W/m2
Full Breakthrough,Aviation,2006,WTW,contrails,0.0278442400766427,W/m2
Full Breakthrough,Aviation,2007,WTW,contrails,0.0293174802923379,W/m2
Full Breakthrough,Aviation,2008,WTW,contrails,0.030017508649764,W/m2
Full Breakthrough,Aviation,2009,WTW,contrails,0.0292611695050098,W/m2
Full Breakthrough,Aviation,2010,WTW,contrails,0.0321973107723986,W/m2
Full Breakthrough,Aviation,2011,WTW,contrails,0.0339380861682967,W/m2
Full Breakthrough,Aviation,2012,WTW,contrails,0.0347881970330693,W/m2
Full Breakthrough,Aviation,2013,WTW,contrails,0.0358676482629091,W/m2
Full Breakthrough,Aviation,2014,WTW,contrails,0.0373115694853914,W/m2
Full Breakthrough,Aviation,2015,WTW,contrails,0.0391942815680547,W/m2
Full Breakthrough,Aviation,2016,WTW,contrails,0.0412920568930729,W/m2
Full Breakthrough,Aviation,2017,WTW,contrails,0.0432934209549836,W/m2
Full Breakthrough,Aviation,2018,WTW,contrails,0.0441512881588368,W/m2
Full Breakthrough,Aviation,2019,WTW,contrails,0.0438683554878647,W/m2
Full Breakthrough,Aviation,2020,WTW,contrails,0.0248352193031068,W/m2
Full Breakthrough,Aviation,2021,WTW,contrails,0.030162193878266,W/m2
Full Breakthrough,Aviation,2022,WTW,contrails,0.0369730118564432,W/m2
Full Breakthrough,Aviation,2023,WTW,contrails,0.0409175141854956,W/m2
Full Breakthrough,Aviation,2024,WTW,contrails,0.0452139231806048,W/m2
Full Breakthrough,Aviation,2025,WTW,contrails,0.0481960843213446,W/m2
Full Breakthrough,Aviation,2026,WTW,contrails,0.0489162596967415,W/m2
Full Breakthrough,Aviation,2027,WTW,contrails,0.0490800772101843,W/m2
Full Breakthrough,Aviation,2028,WTW,contrails,0.0492602810266615,W/m2
Full Breakthrough,Aviation,2029,WTW,contrails,0.0486139662169416,W/m2
Full Breakthrough,Aviation,2030,WTW,contrails,0.0476998433195494,W/m2
Full Breakthrough,Aviation,2031,WTW,contrails,0.0464037873339409,W/m2
Full Breakthrough,Aviation,2032,WTW,contrails,0.0446475582622509,W/m2
Full Breakthrough,Aviation,2033,WTW,contrails,0.0426880693325794,W/m2
Full Breakthrough,Aviation,2034,WTW,contrails,0.0398728136009228,W/m2
Full Breakthrough,Aviation,2035,WTW,contrails,0.0364162578526598,W/m2
Full Breakthrough,Aviation,2036,WTW,contrails,0.0322912108825992,W/m2
Full Breakthrough,Aviation,2037,WTW,contrails,0.0272052764423064,W/m2
Full Breakthrough,Aviation,2038,WTW,contrails,0.0220479852432821,W/m2
Full Breakthrough,Aviation,2039,WTW,contrails,0.0176535375430065,W/m2
Full Breakthrough,Aviation,2040,WTW,contrails,0.0142741497660541,W/m2
Full Breakthrough,Aviation,2041,WTW,contrails,0.0117066074561544,W/m2
Full Breakthrough,Aviation,2042,WTW,contrails,0.0096638232563856,W/m2
Full Breakthrough,Aviation,2043,WTW,contrails,0.0080508001285549,W/m2
Full Breakthrough,Aviation,2044,WTW,contrails,0.0068976826996972,W/m2
Full Breakthrough,Aviation,2045,WTW,contrails,0.0061878347686088,W/m2
Full Breakthrough,Aviation,2046,WTW,contrails,0.0058249537172362,W/m2
Full Breakthrough,Aviation,2047,WTW,contrails,0.0056932144506674,W/m2
Full Breakthrough,Aviation,2048,WTW,contrails,0.0057022911128821,W/m2
Full Breakthrough,Aviation,2049,WTW,contrails,0.0057939511297617,W/m2
Full Breakthrough,Aviation,2050,WTW,contrails,0.0059343056799934,W/m2
Full Breakthrough lower,Aviation,1940,WTW,contrails,6.398432532486963e-05,W/m2
Full Breakthrough lower,Aviation,1941,WTW,contrails,6.962232294921616e-05,W/m2
Full Breakthrough lower,Aviation,1942,WTW,contrails,7.621479947014026e-05,W/m2
Full Breakthrough lower,Aviation,1943,WTW,contrails,8.293436113767916e-05,W/m2
Full Breakthrough lower,Aviation,1944,WTW,contrails,9.06480331052674e-05,W/m2
Full Breakthrough lower,Aviation,1945,WTW,contrails,9.85133266957682e-05,W/m2
Full Breakthrough lower,Aviation,1946,WTW,contrails,0.0001082956618132,W/m2
Full Breakthrough lower,Aviation,1947,WTW,contrails,0.0001173848567832,W/m2
Full Breakthrough lower,Aviation,1948,WTW,contrails,0.0001284547079774,W/m2
Full Breakthrough lower,Aviation,1949,WTW,contrails,0.0001397510546777,W/m2
Full Breakthrough lower,Aviation,1950,WTW,contrails,0.0001531146281974,W/m2
Full Breakthrough lower,Aviation,1951,WTW,contrails,0.0001667573394153,W/m2
Full Breakthrough lower,Aviation,1952,WTW,contrails,0.0001816242339518,W/m2
Full Breakthrough lower,Aviation,1953,WTW,contrails,0.0001987006798171,W/m2
Full Breakthrough lower,Aviation,1954,WTW,contrails,0.0002171017503963,W/m2
Full Breakthrough lower,Aviation,1955,WTW,contrails,0.0002368707581555,W/m2
Full Breakthrough lower,Aviation,1956,WTW,contrails,0.0002590303978712,W/m2
Full Breakthrough lower,Aviation,1957,WTW,contrails,0.0002826722157732,W/m2
Full Breakthrough lower,Aviation,1958,WTW,contrails,0.0003088458152612,W/m2
Full Breakthrough lower,Aviation,1959,WTW,contrails,0.0003366268625077,W/m2
Full Breakthrough lower,Aviation,1960,WTW,contrails,0.0003681160362346,W/m2
Full Breakthrough lower,Aviation,1961,WTW,contrails,0.0004086154154033,W/m2
Full Breakthrough lower,Aviation,1962,WTW,contrails,0.0004553039221668,W/m2
Full Breakthrough lower,Aviation,1963,WTW,contrails,0.0004861606167486,W/m2
Full Breakthrough lower,Aviation,1964,WTW,contrails,0.0005145471818663,W/m2
Full Breakthrough lower,Aviation,1965,WTW,contrails,0.0005566492636843,W/m2
Full Breakthrough lower,Aviation,1966,WTW,contrails,0.0006107793753906,W/m2
Full Breakthrough lower,Aviation,1967,WTW,contrails,0.0007296680329477,W/m2
Full Breakthrough lower,Aviation,1968,WTW,contrails,0.0008369326196952,W/m2
Full Breakthrough lower,Aviation,1969,WTW,contrails,0.0008876290679512,W/m2
Full Breakthrough lower,Aviation,1970,WTW,contrails,0.0009015059765547,W/m2
Full Breakthrough lower,Aviation,1971,WTW,contrails,0.0010539313931589,W/m2
Full Breakthrough lower,Aviation,1972,WTW,contrails,0.0011392330710446,W/m2
Full Breakthrough lower,Aviation,1973,WTW,contrails,0.0011955754498058,W/m2
Full Breakthrough lower,Aviation,1974,WTW,contrails,0.0011705526367711,W/m2
Full Breakthrough lower,Aviation,1975,WTW,contrails,0.0011881035134689,W/m2
Full Breakthrough lower,Aviation,1976,WTW,contrails,0.0012086581247185,W/m2
Full Breakthrough lower,Aviation,1977,WTW,contrails,0.0012984777340387,W/m2
Full Breakthrough lower,Aviation,1978,WTW,contrails,0.0013638146610836,W/m2
Full Breakthrough lower,Aviation,1979,WTW,contrails,0.0014415548961543,W/m2
Full Breakthrough lower,Aviation,1980,WTW,contrails,0.0014737829947871,W/m2
Full Breakthrough lower,Aviation,1981,WTW,contrails,0.0014746120271,W/m2
Full Breakthrough lower,Aviation,1982,WTW,contrails,0.0015138260603812,W/m2
Full Breakthrough lower,Aviation,1983,WTW,contrails,0.0015584447633404,W/m2
Full Breakthrough lower,Aviation,1984,WTW,contrails,0.001689304221712,W/m2
Full Breakthrough lower,Aviation,1985,WTW,contrails,0.0017726867783074,W/m2
Full Breakthrough lower,Aviation,1986,WTW,contrails,0.0018967792753896,W/m2
Full Breakthrough lower,Aviation,1987,WTW,contrails,0.002013148585038,W/m2
Full Breakthrough lower,Aviation,1988,WTW,contrails,0.0021349893660351,W/m2
Full Breakthrough lower,Aviation,1989,WTW,contrails,0.0022502975415093,W/m2
Full Breakthrough lower,Aviation,1990,WTW,contrails,0.0020386086892921,W/m2
Full Breakthrough lower,Aviation,1991,WTW,contrails,0.0020231464147717,W/m2
Full Breakthrough lower,Aviation,1992,WTW,contrails,0.0022257163965621,W/m2
Full Breakthrough lower,Aviation,1993,WTW,contrails,0.0024282863783524,W/m2
Full Breakthrough lower,Aviation,1994,WTW,contrails,0.0025887252084679,W/m2
Full Breakthrough lower,Aviation,1995,WTW,contrails,0.0027619310542424,W/m2
Full Breakthrough lower,Aviation,1996,WTW,contrails,0.0029223698843579,W/m2
Full Breakthrough lower,Aviation,1997,WTW,contrails,0.0030683394300598,W/m2
Full Breakthrough lower,Aviation,1998,WTW,contrails,0.0031829588595322,W/m2
Full Breakthrough lower,Aviation,1999,WTW,contrails,0.0033679387308589,W/m2
Full Breakthrough lower,Aviation,2000,WTW,contrails,0.003685632578746,W/m2
Full Breakthrough lower,Aviation,2001,WTW,contrails,0.0037105355015755,W/m2
Full Breakthrough lower,Aviation,2002,WTW,contrails,0.0036182481993254,W/m2
Full Breakthrough lower,Aviation,2003,WTW,contrails,0.0037676657363016,W/m2
Full Breakthrough lower,Aviation,2004,WTW,contrails,0.0042730485819564,W/m2
Full Breakthrough lower,Aviation,2005,WTW,contrails,0.004519148054623,W/m2
Full Breakthrough lower,Aviation,2006,WTW,contrails,0.0047066524147501,W/m2
Full Breakthrough lower,Aviation,2007,WTW,contrails,0.0049556816430437,W/m2
Full Breakthrough lower,Aviation,2008,WTW,contrails,0.0050740109689583,W/m2
Full Breakthrough lower,Aviation,2009,WTW,contrails,0.004946163146492,W/m2
Full Breakthrough lower,Aviation,2010,WTW,contrails,0.005442473922012,W/m2
Full Breakthrough lower,Aviation,2011,WTW,contrails,0.0057367259719185,W/m2
Full Breakthrough lower,Aviation,2012,WTW,contrails,0.0058804245014339,W/m2
Full Breakthrough lower,Aviation,2013,WTW,contrails,0.0060628895902116,W/m2
Full Breakthrough lower,Aviation,2014,WTW,contrails,0.0063069628811256,W/m2
Full Breakthrough lower,Aviation,2015,WTW,contrails,0.0066252072054725,W/m2
Full Breakthrough lower,Aviation,2016,WTW,contrails,0.0069798047549809,W/m2
Full Breakthrough lower,Aviation,2017,WTW,contrails,0.0073181054221515,W/m2
Full Breakthrough lower,Aviation,2018,WTW,contrails,0.0074631150448037,W/m2
Full Breakthrough lower,Aviation,2019,WTW,contrails,0.0074152895076234,W/m2
Full Breakthrough lower,Aviation,2020,WTW,contrails,0.0041980224485232,W/m2
Full Breakthrough lower,Aviation,2021,WTW,contrails,0.0050984678432789,W/m2
Full Breakthrough lower,Aviation,2022,WTW,contrails,0.0062497347765899,W/m2
Full Breakthrough lower,Aviation,2023,WTW,contrails,0.0069164939110077,W/m2
Full Breakthrough lower,Aviation,2024,WTW,contrails,0.0076427376050688,W/m2
Full Breakthrough lower,Aviation,2025,WTW,contrails,0.0081468273520184,W/m2
Full Breakthrough lower,Aviation,2026,WTW,contrails,0.0082685622300515,W/m2
Full Breakthrough lower,Aviation,2027,WTW,contrails,0.0082962531310458,W/m2
Full Breakthrough lower,Aviation,2028,WTW,contrails,0.0083267138915347,W/m2
Full Breakthrough lower,Aviation,2029,WTW,contrails,0.0082174640376517,W/m2
Full Breakthrough lower,Aviation,2030,WTW,contrails,0.008062945231229,W/m2
Full Breakthrough lower,Aviation,2031,WTW,contrails,0.0078438663474985,W/m2
Full Breakthrough lower,Aviation,2032,WTW,contrails,0.0075470020847866,W/m2
Full Breakthrough lower,Aviation,2033,WTW,contrails,0.0072157797825392,W/m2
Full Breakthrough lower,Aviation,2034,WTW,contrails,0.006739902899167,W/m2
Full Breakthrough lower,Aviation,2035,WTW,contrails,0.0061556238376986,W/m2
Full Breakthrough lower,Aviation,2036,WTW,contrails,0.0054583463315016,W/m2
Full Breakthrough lower,Aviation,2037,WTW,contrails,0.0045986451671396,W/m2
Full Breakthrough lower,Aviation,2038,WTW,contrails,0.0037268822097508,W/m2
Full Breakthrough lower,Aviation,2039,WTW,contrails,0.0029840665386079,W/m2
Full Breakthrough lower,Aviation,2040,WTW,contrails,0.0024128315687545,W/m2
Full Breakthrough lower,Aviation,2041,WTW,contrails,0.0019788269351355,W/m2
Full Breakthrough lower,Aviation,2042,WTW,contrails,0.0016335248130381,W/m2
Full Breakthrough lower,Aviation,2043,WTW,contrails,0.0013608673736986,W/m2
Full Breakthrough lower,Aviation,2044,WTW,contrails,0.0011659501155481,W/m2
Full Breakthrough lower,Aviation,2045,WTW,contrails,0.0010459609375433,W/m2
Full Breakthrough lower,Aviation,2046,WTW,contrails,0.0009846213221683,W/m2
Full Breakthrough lower,Aviation,2047,WTW,contrails,0.0009623527691244,W/m2
Full Breakthrough lower,Aviation,2048,WTW,contrails,0.0009638870431435,W/m2
Full Breakthrough lower,Aviation,2049,WTW,contrails,0.0009793807983545,W/m2
Full Breakthrough lower,Aviation,2050,WTW,contrails,0.0010031056362725,W/m2
Full Breakthrough upper,Aviation,1940,WTW,contrails,0.0010578585596153,W/m2
Full Breakthrough upper,Aviation,1941,WTW,contrails,0.0011510720773905,W/m2
Full Breakthrough upper,Aviation,1942,WTW,contrails,0.0012600660799265,W/m2
Full Breakthrough upper,Aviation,1943,WTW,contrails,0.0013711611925307,W/m2
Full Breakthrough upper,Aviation,1944,WTW,contrails,0.0014986920194253,W/m2
Full Breakthrough upper,Aviation,1945,WTW,contrails,0.0016287296201401,W/m2
Full Breakthrough upper,Aviation,1946,WTW,contrails,0.0017904618394692,W/m2
Full Breakthrough upper,Aviation,1947,WTW,contrails,0.0019407343108946,W/m2
Full Breakthrough upper,Aviation,1948,WTW,contrails,0.002123753148399,W/m2
Full Breakthrough upper,Aviation,1949,WTW,contrails,0.0023105166563142,W/m2
Full Breakthrough upper,Aviation,1950,WTW,contrails,0.0025314578096841,W/m2
Full Breakthrough upper,Aviation,1951,WTW,contrails,0.0027570139715237,W/m2
Full Breakthrough upper,Aviation,1952,WTW,contrails,0.0030028096653993,W/m2
Full Breakthrough upper,Aviation,1953,WTW,contrails,0.0032851360685411,W/m2
Full Breakthrough upper,Aviation,1954,WTW,contrails,0.0035893626102675,W/m2
Full Breakthrough upper,Aviation,1955,WTW,contrails,0.0039162053794443,W/m2
Full Breakthrough upper,Aviation,1956,WTW,contrails,0.0042825726800642,W/m2
Full Breakthrough upper,Aviation,1957,WTW,contrails,0.0046734449648859,W/m2
Full Breakthrough upper,Aviation,1958,WTW,contrails,0.0051061754205673,W/m2
Full Breakthrough upper,Aviation,1959,WTW,contrails,0.0055654819534659,W/m2
Full Breakthrough upper,Aviation,1960,WTW,contrails,0.006086095272323,W/m2
Full Breakthrough upper,Aviation,1961,WTW,contrails,0.0067556751216879,W/m2
Full Breakthrough upper,Aviation,1962,WTW,contrails,0.0075275803698034,W/m2
Full Breakthrough upper,Aviation,1963,WTW,contrails,0.0080377368545226,W/m2
Full Breakthrough upper,Aviation,1964,WTW,contrails,0.0085070544684116,W/m2
Full Breakthrough upper,Aviation,1965,WTW,contrails,0.0092031319436794,W/m2
Full Breakthrough upper,Aviation,1966,WTW,contrails,0.0100980699102942,W/m2
Full Breakthrough upper,Aviation,1967,WTW,contrails,0.0120636666935586,W/m2
Full Breakthrough upper,Aviation,1968,WTW,contrails,0.0138370816769672,W/m2
Full Breakthrough upper,Aviation,1969,WTW,contrails,0.0146752505793885,W/m2
Full Breakthrough upper,Aviation,1970,WTW,contrails,0.0149046787475024,W/m2
Full Breakthrough upper,Aviation,1971,WTW,contrails,0.0174247417604189,W/m2
Full Breakthrough upper,Aviation,1972,WTW,contrails,0.0188350420119694,W/m2
Full Breakthrough upper,Aviation,1973,WTW,contrails,0.0197665555871925,W/m2
Full Breakthrough upper,Aviation,1974,WTW,contrails,0.019352851186622,W/m2
Full Breakthrough upper,Aviation,1975,WTW,contrails,0.0196430213970488,W/m2
Full Breakthrough upper,Aviation,1976,WTW,contrails,0.0199828526188292,W/m2
Full Breakthrough upper,Aviation,1977,WTW,contrails,0.0214678482339,W/m2
Full Breakthrough upper,Aviation,1978,WTW,contrails,0.022548069478439,W/m2
Full Breakthrough upper,Aviation,1979,WTW,contrails,0.0238333557212575,W/m2
Full Breakthrough upper,Aviation,1980,WTW,contrails,0.0243661857515147,W/m2
Full Breakthrough upper,Aviation,1981,WTW,contrails,0.0243798922167142,W/m2
Full Breakthrough upper,Aviation,1982,WTW,contrails,0.0250282213278354,W/m2
Full Breakthrough upper,Aviation,1983,WTW,contrails,0.0257659063249757,W/m2
Full Breakthrough upper,Aviation,1984,WTW,contrails,0.0279294174262045,W/m2
Full Breakthrough upper,Aviation,1985,WTW,contrails,0.0293079886742291,W/m2
Full Breakthrough upper,Aviation,1986,WTW,contrails,0.0313596210006764,W/m2
Full Breakthrough upper,Aviation,1987,WTW,contrails,0.0332835651801768,W/m2
Full Breakthrough upper,Aviation,1988,WTW,contrails,0.0352979696836799,W/m2
Full Breakthrough upper,Aviation,1989,WTW,contrails,0.0372043700371996,W/m2
Full Breakthrough upper,Aviation,1990,WTW,contrails,0.0337044993554955,W/m2
Full Breakthrough upper,Aviation,1991,WTW,contrails,0.0334488601912238,W/m2
Full Breakthrough upper,Aviation,1992,WTW,contrails,0.0367979677745268,W/m2
Full Breakthrough upper,Aviation,1993,WTW,contrails,0.0401470753578298,W/m2
Full Breakthrough upper,Aviation,1994,WTW,contrails,0.0427996248513282,W/m2
Full Breakthrough upper,Aviation,1995,WTW,contrails,0.0456632525538583,W/m2
Full Breakthrough upper,Aviation,1996,WTW,contrails,0.0483158020473567,W/m2
Full Breakthrough upper,Aviation,1997,WTW,contrails,0.0507291295706192,W/m2
Full Breakthrough upper,Aviation,1998,WTW,contrails,0.0526241428250371,W/m2
Full Breakthrough upper,Aviation,1999,WTW,contrails,0.0556824315425631,W/m2
Full Breakthrough upper,Aviation,2000,WTW,contrails,0.0609348922760018,W/m2
Full Breakthrough upper,Aviation,2001,WTW,contrails,0.061346614521112,W/m2
Full Breakthrough upper,Aviation,2002,WTW,contrails,0.0598208203186509,W/m2
Full Breakthrough upper,Aviation,2003,WTW,contrails,0.0622911537893003,W/m2
Full Breakthrough upper,Aviation,2004,WTW,contrails,0.0706466934694367,W/m2
Full Breakthrough upper,Aviation,2005,WTW,contrails,0.0747154780093274,W/m2
Full Breakthrough upper,Aviation,2006,WTW,contrails,0.0778155043254371,W/m2
Full Breakthrough upper,Aviation,2007,WTW,contrails,0.0819327267765178,W/m2
Full Breakthrough upper,Aviation,2008,WTW,contrails,0.0838890760798308,W/m2
Full Breakthrough upper,Aviation,2009,WTW,contrails,0.0817753566237379,W/m2
Full Breakthrough upper,Aviation,2010,WTW,contrails,0.089980906958877,W/m2
Full Breakthrough upper,Aviation,2011,WTW,contrails,0.0948458023547029,W/m2
Full Breakthrough upper,Aviation,2012,WTW,contrails,0.0972215829647223,W/m2
Full Breakthrough upper,Aviation,2013,WTW,contrails,0.1002382945579813,W/m2
Full Breakthrough upper,Aviation,2014,WTW,contrails,0.1042735800541697,W/m2
Full Breakthrough upper,Aviation,2015,WTW,contrails,0.1095351418640368,W/m2
Full Breakthrough upper,Aviation,2016,WTW,contrails,0.1153977347891238,W/m2
Full Breakthrough upper,Aviation,2017,WTW,contrails,0.1209908899044264,W/m2
Full Breakthrough upper,Aviation,2018,WTW,contrails,0.1233883469342589,W/m2
Full Breakthrough upper,Aviation,2019,WTW,contrails,0.1225976430608099,W/m2
Full Breakthrough upper,Aviation,2020,WTW,contrails,0.0694062797111575,W/m2
Full Breakthrough upper,Aviation,2021,WTW,contrails,0.084293423765145,W/m2
Full Breakthrough upper,Aviation,2022,WTW,contrails,0.1033274226956884,W/m2
Full Breakthrough upper,Aviation,2023,WTW,contrails,0.1143510109567864,W/m2
Full Breakthrough upper,Aviation,2024,WTW,contrails,0.1263580627499945,W/m2
Full Breakthrough upper,Aviation,2025,WTW,contrails,0.1346922235138593,W/m2
Full Breakthrough upper,Aviation,2026,WTW,contrails,0.1367048771142095,W/m2
Full Breakthrough upper,Aviation,2027,WTW,contrails,0.1371626932510767,W/m2
Full Breakthrough upper,Aviation,2028,WTW,contrails,0.1376663037221091,W/m2
Full Breakthrough upper,Aviation,2029,WTW,contrails,0.1358600661400125,W/m2
Full Breakthrough upper,Aviation,2030,WTW,contrails,0.1333053929264429,W/m2
Full Breakthrough upper,Aviation,2031,WTW,contrails,0.1296833421943516,W/m2
Full Breakthrough upper,Aviation,2032,WTW,contrails,0.1247752588511403,W/m2
Full Breakthrough upper,Aviation,2033,WTW,contrails,0.1192991309746819,W/m2
Full Breakthrough upper,Aviation,2034,WTW,contrails,0.1114314160016415,W/m2
Full Breakthrough upper,Aviation,2035,WTW,contrails,0.1017714781459231,W/m2
Full Breakthrough upper,Aviation,2036,WTW,contrails,0.0902433269211875,W/m2
Full Breakthrough upper,Aviation,2037,WTW,contrails,0.0760298108637144,W/m2
Full Breakthrough upper,Aviation,2038,WTW,contrails,0.0616168761059129,W/m2
Full Breakthrough upper,Aviation,2039,WTW,contrails,0.0493358383369722,W/m2
Full Breakthrough upper,Aviation,2040,WTW,contrails,0.0398915596117877,W/m2
Full Breakthrough upper,Aviation,2041,WTW,contrails,0.0327161222799806,W/m2
Full Breakthrough upper,Aviation,2042,WTW,contrails,0.0270072114856656,W/m2
Full Breakthrough upper,Aviation,2043,WTW,contrails,0.0224993417131292,W/m2
Full Breakthrough upper,Aviation,2044,WTW,contrails,0.0192767572925804,W/m2
Full Breakthrough upper,Aviation,2045,WTW,contrails,0.0172929655065605,W/m2
Full Breakthrough upper,Aviation,2046,WTW,contrails,0.0162788321725216,W/m2
Full Breakthrough upper,Aviation,2047,WTW,contrails,0.015910664198129,W/m2
Full Breakthrough upper,Aviation,2048,WTW,contrails,0.0159360304873828,W/m2
Full Breakthrough upper,Aviation,2049,WTW,contrails,0.0161921901247198,W/m2
Full Breakthrough upper,Aviation,2050,WTW,contrails,0.0165844349868739,W/m2
GHG Forward,Aviation,1940,WTW,contrails,0.0003785269780926,W/m2
GHG Forward,Aviation,1941,WTW,contrails,0.0004118809939769,W/m2
GHG Forward,Aviation,1942,WTW,contrails,0.00045088164301,W/m2
GHG Forward,Aviation,1943,WTW,contrails,0.0004906341192486,W/m2
GHG Forward,Aviation,1944,WTW,contrails,0.0005362676853613,W/m2
GHG Forward,Aviation,1945,WTW,contrails,0.000582798234828,W/m2
GHG Forward,Aviation,1946,WTW,contrails,0.0006406698734194,W/m2
GHG Forward,Aviation,1947,WTW,contrails,0.0006944409413776,W/m2
GHG Forward,Aviation,1948,WTW,contrails,0.0007599294387432,W/m2
GHG Forward,Aviation,1949,WTW,contrails,0.0008267578683348,W/m2
GHG Forward,Aviation,1950,WTW,contrails,0.0009058158731703,W/m2
GHG Forward,Aviation,1951,WTW,contrails,0.0009865252379103,W/m2
GHG Forward,Aviation,1952,WTW,contrails,0.0010744767890749,W/m2
GHG Forward,Aviation,1953,WTW,contrails,0.0011754998977369,W/m2
GHG Forward,Aviation,1954,WTW,contrails,0.0012843593973822,W/m2
GHG Forward,Aviation,1955,WTW,contrails,0.0014013115216557,W/m2
GHG Forward,Aviation,1956,WTW,contrails,0.0015324064642783,W/m2
GHG Forward,Aviation,1957,WTW,contrails,0.0016722698736622,W/m2
GHG Forward,Aviation,1958,WTW,contrails,0.0018271111331376,W/m2
GHG Forward,Aviation,1959,WTW,contrails,0.0019914619457638,W/m2
GHG Forward,Aviation,1960,WTW,contrails,0.0021777497859958,W/m2
GHG Forward,Aviation,1961,WTW,contrails,0.0024173413974339,W/m2
GHG Forward,Aviation,1962,WTW,contrails,0.0026935474727047,W/m2
GHG Forward,Aviation,1963,WTW,contrails,0.0028760936087263,W/m2
GHG Forward,Aviation,1964,WTW,contrails,0.0030440266244743,W/m2
GHG Forward,Aviation,1965,WTW,contrails,0.0032930997173151,W/m2
GHG Forward,Aviation,1966,WTW,contrails,0.0036133298284239,W/m2
GHG Forward,Aviation,1967,WTW,contrails,0.0043166671543403,W/m2
GHG Forward,Aviation,1968,WTW,contrails,0.0049512372568103,W/m2
GHG Forward,Aviation,1969,WTW,contrails,0.0052511540451947,W/m2
GHG Forward,Aviation,1970,WTW,contrails,0.0053332489059642,W/m2
GHG Forward,Aviation,1971,WTW,contrails,0.0062349874495641,W/m2
GHG Forward,Aviation,1972,WTW,contrails,0.0067396264559515,W/m2
GHG Forward,Aviation,1973,WTW,contrails,0.0070729441906113,W/m2
GHG Forward,Aviation,1974,WTW,contrails,0.0069249109066263,W/m2
GHG Forward,Aviation,1975,WTW,contrails,0.0070287407162799,W/m2
GHG Forward,Aviation,1976,WTW,contrails,0.0071503404181236,W/m2
GHG Forward,Aviation,1977,WTW,contrails,0.0076817072039234,W/m2
GHG Forward,Aviation,1978,WTW,contrails,0.0080682360830917,W/m2
GHG Forward,Aviation,1979,WTW,contrails,0.0085281421008254,W/m2
GHG Forward,Aviation,1980,WTW,contrails,0.0087188013712514,W/m2
GHG Forward,Aviation,1981,WTW,contrails,0.0087237058708229,W/m2
GHG Forward,Aviation,1982,WTW,contrails,0.0089556934621805,W/m2
GHG Forward,Aviation,1983,WTW,contrails,0.0092196547169378,W/m2
GHG Forward,Aviation,1984,WTW,contrails,0.0099938104977595,W/m2
GHG Forward,Aviation,1985,WTW,contrails,0.0104870961112823,W/m2
GHG Forward,Aviation,1986,WTW,contrails,0.0112212190028809,W/m2
GHG Forward,Aviation,1987,WTW,contrails,0.0119096520355068,W/m2
GHG Forward,Aviation,1988,WTW,contrails,0.0126304539257372,W/m2
GHG Forward,Aviation,1989,WTW,contrails,0.0133126093597443,W/m2
GHG Forward,Aviation,1990,WTW,contrails,0.012060272305023,W/m2
GHG Forward,Aviation,1991,WTW,contrails,0.0119687985257976,W/m2
GHG Forward,Aviation,1992,WTW,contrails,0.0131671889545481,W/m2
GHG Forward,Aviation,1993,WTW,contrails,0.0143655793832986,W/m2
GHG Forward,Aviation,1994,WTW,contrails,0.0153147247438845,W/m2
GHG Forward,Aviation,1995,WTW,contrails,0.0163393989130052,W/m2
GHG Forward,Aviation,1996,WTW,contrails,0.0172885442735912,W/m2
GHG Forward,Aviation,1997,WTW,contrails,0.0181520903178378,W/m2
GHG Forward,Aviation,1998,WTW,contrails,0.0188301711766826,W/m2
GHG Forward,Aviation,1999,WTW,contrails,0.019924499691452,W/m2
GHG Forward,Aviation,2000,WTW,contrails,0.021803955192291,W/m2
GHG Forward,Aviation,2001,WTW,contrails,0.0219512792138613,W/m2
GHG Forward,Aviation,2002,WTW,contrails,0.0214053137221618,W/m2
GHG Forward,Aviation,2003,WTW,contrails,0.0222892578515793,W/m2
GHG Forward,Aviation,2004,WTW,contrails,0.0252790688775496,W/m2
GHG Forward,Aviation,2005,WTW,contrails,0.0267349768554127,W/m2
GHG Forward,Aviation,2006,WTW,contrails,0.0278442400766427,W/m2
GHG Forward,Aviation,2007,WTW,contrails,0.0293174802923379,W/m2
GHG Forward,Aviation,2008,WTW,contrails,0.030017508649764,W/m2
GHG Forward,Aviation,2009,WTW,contrails,0.0292611695050098,W/m2
GHG Forward,Aviation,2010,WTW,contrails,0.0321973107723986,W/m2
GHG Forward,Aviation,2011,WTW,contrails,0.0339380861682967,W/m2
GHG Forward,Aviation,2012,WTW,contrails,0.0347881970330693,W/m2
GHG Forward,Aviation,2013,WTW,contrails,0.0358676482629091,W/m2
GHG Forward,Aviation,2014,WTW,contrails,0.0373115694853914,W/m2
GHG Forward,Aviation,2015,WTW,contrails,0.0391942815680547,W/m2
GHG Forward,Aviation,2016,WTW,contrails,0.0412920568930729,W/m2
GHG Forward,Aviation,2017,WTW,contrails,0.0432934209549836,W/m2
GHG Forward,Aviation,2018,WTW,contrails,0.0441512881588368,W/m2
GHG Forward,Aviation,2019,WTW,contrails,0.0438683554878647,W/m2
GHG Forward,Aviation,2020,WTW,contrails,0.0248352193031068,W/m2
GHG Forward,Aviation,2021,WTW,contrails,0.030162193878266,W/m2
GHG Forward,Aviation,2022,WTW,contrails,0.0369730118564432,W/m2
GHG Forward,Aviation,2023,WTW,contrails,0.0409175141854956,W/m2
GHG Forward,Aviation,2024,WTW,contrails,0.0452139231806048,W/m2
GHG Forward,Aviation,2025,WTW,contrails,0.0481960843213446,W/m2
GHG Forward,Aviation,2026,WTW,contrails,0.0489162596967415,W/m2
GHG Forward,Aviation,2027,WTW,contrails,0.0496490123371178,W/m2
GHG Forward,Aviation,2028,WTW,contrails,0.0503941256689218,W/m2
GHG Forward,Aviation,2029,WTW,contrails,0.0511515095635343,W/m2
GHG Forward,Aviation,2030,WTW,contrails,0.0519211280499101,W/m2
GHG Forward,Aviation,2031,WTW,contrails,0.0520711115978239,W/m2
GHG Forward,Aviation,2032,WTW,contrails,0.0522339229262496,W/m2
GHG Forward,Aviation,2033,WTW,contrails,0.0524114108809402,W/m2
GHG Forward,Aviation,2034,WTW,contrails,0.052605398938722,W/m2
GHG Forward,Aviation,2035,WTW,contrails,0.0528177585705816,W/m2
GHG Forward,Aviation,2036,WTW,contrails,0.0530506363988442,W/m2
GHG Forward,Aviation,2037,WTW,contrails,0.05330740253249,W/m2
GHG Forward,Aviation,2038,WTW,contrails,0.0535907068714032,W/m2
GHG Forward,Aviation,2039,WTW,contrails,0.053903431476178,W/m2
GHG Forward,Aviation,2040,WTW,contrails,0.0542485422086622,W/m2
GHG Forward,Aviation,2041,WTW,contrails,0.0546970588015277,W/m2
GHG Forward,Aviation,2042,WTW,contrails,0.0551869527673799,W/m2
GHG Forward,Aviation,2043,WTW,contrails,0.0557207468850938,W/m2
GHG Forward,Aviation,2044,WTW,contrails,0.0563013035139266,W/m2
GHG Forward,Aviation,2045,WTW,contrails,0.0569315318680401,W/m2
GHG Forward,Aviation,2046,WTW,contrails,0.0576144979826859,W/m2
GHG Forward,Aviation,2047,WTW,contrails,0.0583474818831862,W/m2
GHG Forward,Aviation,2048,WTW,contrails,0.0591339816065904,W/m2
GHG Forward,Aviation,2049,WTW,contrails,0.0599774802655127,W/m2
GHG Forward,Aviation,2050,WTW,contrails,0.0608815623847867,W/m2
GHG Forward lower,Aviation,1940,WTW,contrails,6.398432532486963e-05,W/m2
GHG Forward lower,Aviation,1941,WTW,contrails,6.962232294921616e-05,W/m2
GHG Forward lower,Aviation,1942,WTW,contrails,7.621479947014026e-05,W/m2
GHG Forward lower,Aviation,1943,WTW,contrails,8.293436113767916e-05,W/m2
GHG Forward lower,Aviation,1944,WTW,contrails,9.06480331052674e-05,W/m2
GHG Forward lower,Aviation,1945,WTW,contrails,9.85133266957682e-05,W/m2
GHG Forward lower,Aviation,1946,WTW,contrails,0.0001082956618132,W/m2
GHG Forward lower,Aviation,1947,WTW,contrails,0.0001173848567832,W/m2
GHG Forward lower,Aviation,1948,WTW,contrails,0.0001284547079774,W/m2
GHG Forward lower,Aviation,1949,WTW,contrails,0.0001397510546777,W/m2
GHG Forward lower,Aviation,1950,WTW,contrails,0.0001531146281974,W/m2
GHG Forward lower,Aviation,1951,WTW,contrails,0.0001667573394153,W/m2
GHG Forward lower,Aviation,1952,WTW,contrails,0.0001816242339518,W/m2
GHG Forward lower,Aviation,1953,WTW,contrails,0.0001987006798171,W/m2
GHG Forward lower,Aviation,1954,WTW,contrails,0.0002171017503963,W/m2
GHG Forward lower,Aviation,1955,WTW,contrails,0.0002368707581555,W/m2
GHG Forward lower,Aviation,1956,WTW,contrails,0.0002590303978712,W/m2
GHG Forward lower,Aviation,1957,WTW,contrails,0.0002826722157732,W/m2
GHG Forward lower,Aviation,1958,WTW,contrails,0.0003088458152612,W/m2
GHG Forward lower,Aviation,1959,WTW,contrails,0.0003366268625077,W/m2
GHG Forward lower,Aviation,1960,WTW,contrails,0.0003681160362346,W/m2
GHG Forward lower,Aviation,1961,WTW,contrails,0.0004086154154033,W/m2
GHG Forward lower,Aviation,1962,WTW,contrails,0.0004553039221668,W/m2
GHG Forward lower,Aviation,1963,WTW,contrails,0.0004861606167486,W/m2
GHG Forward lower,Aviation,1964,WTW,contrails,0.0005145471818663,W/m2
GHG Forward lower,Aviation,1965,WTW,contrails,0.0005566492636843,W/m2
GHG Forward lower,Aviation,1966,WTW,contrails,0.0006107793753906,W/m2
GHG Forward lower,Aviation,1967,WTW,contrails,0.0007296680329477,W/m2
GHG Forward lower,Aviation,1968,WTW,contrails,0.0008369326196952,W/m2
GHG Forward lower,Aviation,1969,WTW,contrails,0.0008876290679512,W/m2
GHG Forward lower,Aviation,1970,WTW,contrails,0.0009015059765547,W/m2
GHG Forward lower,Aviation,1971,WTW,contrails,0.0010539313931589,W/m2
GHG Forward lower,Aviation,1972,WTW,contrails,0.0011392330710446,W/m2
GHG Forward lower,Aviation,1973,WTW,contrails,0.0011955754498058,W/m2
GHG Forward lower,Aviation,1974,WTW,contrails,0.0011705526367711,W/m2
GHG Forward lower,Aviation,1975,WTW,contrails,0.0011881035134689,W/m2
GHG Forward lower,Aviation,1976,WTW,contrails,0.0012086581247185,W/m2
GHG Forward lower,Aviation,1977,WTW,contrails,0.0012984777340387,W/m2
GHG Forward lower,Aviation,1978,WTW,contrails,0.0013638146610836,W/m2
GHG Forward lower,Aviation,1979,WTW,contrails,0.0014415548961543,W/m2
GHG Forward lower,Aviation,1980,WTW,contrails,0.0014737829947871,W/m2
GHG Forward lower,Aviation,1981,WTW,contrails,0.0014746120271,W/m2
GHG Forward lower,Aviation,1982,WTW,contrails,0.0015138260603812,W/m2
GHG Forward lower,Aviation,1983,WTW,contrails,0.0015584447633404,W/m2
GHG Forward lower,Aviation,1984,WTW,contrails,0.001689304221712,W/m2
GHG Forward lower,Aviation,1985,WTW,contrails,0.0017726867783074,W/m2
GHG Forward lower,Aviation,1986,WTW,contrails,0.0018967792753896,W/m2
GHG Forward lower,Aviation,1987,WTW,contrails,0.002013148585038,W/m2
GHG Forward lower,Aviation,1988,WTW,contrails,0.0021349893660351,W/m2
GHG Forward lower,Aviation,1989,WTW,contrails,0.0022502975415093,W/m2
GHG Forward lower,Aviation,1990,WTW,contrails,0.0020386086892921,W/m2
GHG Forward lower,Aviation,1991,WTW,contrails,0.0020231464147717,W/m2
GHG Forward lower,Aviation,1992,WTW,contrails,0.0022257163965621,W/m2
GHG Forward lower,Aviation,1993,WTW,contrails,0.0024282863783524,W/m2
GHG Forward lower,Aviation,1994,WTW,contrails,0.0025887252084679,W/m2
GHG Forward lower,Aviation,1995,WTW,contrails,0.0027619310542424,W/m2
GHG Forward lower,Aviation,1996,WTW,contrails,0.0029223698843579,W/m2
GHG Forward lower,Aviation,1997,WTW,contrails,0.0030683394300598,W/m2
GHG Forward lower,Aviation,1998,WTW,contrails,0.0031829588595322,W/m2
GHG Forward lower,Aviation,1999,WTW,contrails,0.0033679387308589,W/m2
GHG Forward lower,Aviation,2000,WTW,contrails,0.003685632578746,W/m2
GHG Forward lower,Aviation,2001,WTW,contrails,0.0037105355015755,W/m2
GHG Forward lower,Aviation,2002,WTW,contrails,0.0036182481993254,W/m2
GHG Forward lower,Aviation,2003,WTW,contrails,0.0037676657363016,W/m2
GHG Forward lower,Aviation,2004,WTW,contrails,0.0042730485819564,W/m2
GHG Forward lower,Aviation,2005,WTW,contrails,0.004519148054623,W/m2
GHG Forward lower,Aviation,2006,WTW,contrails,0.0047066524147501,W/m2
GHG Forward lower,Aviation,2007,WTW,contrails,0.0049556816430437,W/m2
GHG Forward lower,Aviation,2008,WTW,contrails,0.0050740109689583,W/m2
GHG Forward lower,Aviation,2009,WTW,contrails,0.004946163146492,W/m2
GHG Forward lower,Aviation,2010,WTW,contrails,0.005442473922012,W/m2
GHG Forward lower,Aviation,2011,WTW,contrails,0.0057367259719185,W/m2
GHG Forward lower,Aviation,2012,WTW,contrails,0.0058804245014339,W/m2
GHG Forward lower,Aviation,2013,WTW,contrails,0.0060628895902116,W/m2
GHG Forward lower,Aviation,2014,WTW,contrails,0.0063069628811256,W/m2
GHG Forward lower,Aviation,2015,WTW,contrails,0.0066252072054725,W/m2
GHG Forward lower,Aviation,2016,WTW,contrails,0.0069798047549809,W/m2
GHG Forward lower,Aviation,2017,WTW,contrails,0.0073181054221515,W/m2
GHG Forward lower,Aviation,2018,WTW,contrails,0.0074631150448037,W/m2
GHG Forward lower,Aviation,2019,WTW,contrails,0.0074152895076234,W/m2
GHG Forward lower,Aviation,2020,WTW,contrails,0.0041980224485232,W/m2
GHG Forward lower,Aviation,2021,WTW,contrails,0.0050984678432789,W/m2
GHG Forward lower,Aviation,2022,WTW,contrails,0.0062497347765899,W/m2
GHG Forward lower,Aviation,2023,WTW,contrails,0.0069164939110077,W/m2
GHG Forward lower,Aviation,2024,WTW,contrails,0.0076427376050688,W/m2
GHG Forward lower,Aviation,2025,WTW,contrails,0.0081468273520184,W/m2
GHG Forward lower,Aviation,2026,WTW,contrails,0.0082685622300515,W/m2
GHG Forward lower,Aviation,2027,WTW,contrails,0.0083924231066547,W/m2
GHG Forward lower,Aviation,2028,WTW,contrails,0.0085183733733075,W/m2
GHG Forward lower,Aviation,2029,WTW,contrails,0.0086463977951146,W/m2
GHG Forward lower,Aviation,2030,WTW,contrails,0.0087764902917087,W/m2
GHG Forward lower,Aviation,2031,WTW,contrails,0.0088018427676973,W/m2
GHG Forward lower,Aviation,2032,WTW,contrails,0.0088293635881605,W/m2
GHG Forward lower,Aviation,2033,WTW,contrails,0.0088593652728261,W/m2
GHG Forward lower,Aviation,2034,WTW,contrails,0.0088921560531842,W/m2
GHG Forward lower,Aviation,2035,WTW,contrails,0.0089280522734199,W/m2
GHG Forward lower,Aviation,2036,WTW,contrails,0.0089674167879377,W/m2
GHG Forward lower,Aviation,2037,WTW,contrails,0.0090108192632656,W/m2
GHG Forward lower,Aviation,2038,WTW,contrails,0.0090587076253536,W/m2
GHG Forward lower,Aviation,2039,WTW,contrails,0.0091115690434481,W/m2
GHG Forward lower,Aviation,2040,WTW,contrails,0.0091699048521443,W/m2
GHG Forward lower,Aviation,2041,WTW,contrails,0.0092457198752534,W/m2
GHG Forward lower,Aviation,2042,WTW,contrails,0.0093285291245273,W/m2
GHG Forward lower,Aviation,2043,WTW,contrails,0.0094187590380104,W/m2
GHG Forward lower,Aviation,2044,WTW,contrails,0.0095168934547326,W/m2
GHG Forward lower,Aviation,2045,WTW,contrails,0.009623424133845,W/m2
GHG Forward lower,Aviation,2046,WTW,contrails,0.0097388693427586,W/m2
GHG Forward lower,Aviation,2047,WTW,contrails,0.0098627693104276,W/m2
GHG Forward lower,Aviation,2048,WTW,contrails,0.009995715327707,W/m2
GHG Forward lower,Aviation,2049,WTW,contrails,0.0101382961626993,W/m2
GHG Forward lower,Aviation,2050,WTW,contrails,0.0102911177257264,W/m2
GHG Forward upper,Aviation,1940,WTW,contrails,0.0010578585596153,W/m2
GHG Forward upper,Aviation,1941,WTW,contrails,0.0011510720773905,W/m2
GHG Forward upper,Aviation,1942,WTW,contrails,0.0012600660799265,W/m2
GHG Forward upper,Aviation,1943,WTW,contrails,0.0013711611925307,W/m2
GHG Forward upper,Aviation,1944,WTW,contrails,0.0014986920194253,W/m2
GHG Forward upper,Aviation,1945,WTW,contrails,0.0016287296201401,W/m2
GHG Forward upper,Aviation,1946,WTW,contrails,0.0017904618394692,W/m2
GHG Forward upper,Aviation,1947,WTW,contrails,0.0019407343108946,W/m2
GHG Forward upper,Aviation,1948,WTW,contrails,0.002123753148399,W/m2
GHG Forward upper,Aviation,1949,WTW,contrails,0.0023105166563142,W/m2
GHG Forward upper,Aviation,1950,WTW,contrails,0.0025314578096841,W/m2
GHG Forward upper,Aviation,1951,WTW,contrails,0.0027570139715237,W/m2
GHG Forward upper,Aviation,1952,WTW,contrails,0.0030028096653993,W/m2
GHG Forward upper,Aviation,1953,WTW,contrails,0.0032851360685411,W/m2
GHG Forward upper,Aviation,1954,WTW,contrails,0.0035893626102675,W/m2
GHG Forward upper,Aviation,1955,WTW,contrails,0.0039162053794443,W/m2
GHG Forward upper,Aviation,1956,WTW,contrails,0.0042825726800642,W/m2
GHG Forward upper,Aviation,1957,WTW,contrails,0.0046734449648859,W/m2
GHG Forward upper,Aviation,1958,WTW,contrails,0.0051061754205673,W/m2
GHG Forward upper,Aviation,1959,WTW,contrails,0.0055654819534659,W/m2
GHG Forward upper,Aviation,1960,WTW,contrails,0.006086095272323,W/m2
GHG Forward upper,Aviation,1961,WTW,contrails,0.0067556751216879,W/m2
GHG Forward upper,Aviation,1962,WTW,contrails,0.0075275803698034,W/m2
GHG Forward upper,Aviation,1963,WTW,contrails,0.0080377368545226,W/m2
GHG Forward upper,Aviation,1964,WTW,contrails,0.0085070544684116,W/m2
GHG Forward upper,Aviation,1965,WTW,contrails,0.0092031319436794,W/m2
GHG Forward upper,Aviation,1966,WTW,contrails,0.0100980699102942,W/m2
GHG Forward upper,Aviation,1967,WTW,contrails,0.0120636666935586,W/m2
GHG Forward upper,Aviation,1968,WTW,contrails,0.0138370816769672,W/m2
GHG Forward upper,Aviation,1969,WTW,contrails,0.0146752505793885,W/m2
GHG Forward upper,Aviation,1970,WTW,contrails,0.0149046787475024,W/m2
GHG Forward upper,Aviation,1971,WTW,contrails,0.0174247417604189,W/m2
GHG Forward upper,Aviation,1972,WTW,contrails,0.0188350420119694,W/m2
GHG Forward upper,Aviation,1973,WTW,contrails,0.0197665555871925,W/m2
GHG Forward upper,Aviation,1974,WTW,contrails,0.019352851186622,W/m2
GHG Forward upper,Aviation,1975,WTW,contrails,0.0196430213970488,W/m2
GHG Forward upper,Aviation,1976,WTW,contrails,0.0199828526188292,W/m2
GHG Forward upper,Aviation,1977,WTW,contrails,0.0214678482339,W/m2
GHG Forward upper,Aviation,1978,WTW,contrails,0.022548069478439,W/m2
GHG Forward upper,Aviation,1979,WTW,contrails,0.0238333557212575,W/m2
GHG Forward upper,Aviation,1980,WTW,contrails,0.0243661857515147,W/m2
GHG Forward upper,Aviation,1981,WTW,contrails,0.0243798922167142,W/m2
GHG Forward upper,Aviation,1982,WTW,contrails,0.0250282213278354,W/m2
GHG Forward upper,Aviation,1983,WTW,contrails,0.0257659063249757,W/m2
GHG Forward upper,Aviation,1984,WTW,contrails,0.0279294174262045,W/m2
GHG Forward upper,Aviation,1985,WTW,contrails,0.0293079886742291,W/m2
GHG Forward upper,Aviation,1986,WTW,contrails,0.0313596210006764,W/m2
GHG Forward upper,Aviation,1987,WTW,contrails,0.0332835651801768,W/m2
GHG Forward upper,Aviation,1988,WTW,contrails,0.0352979696836799,W/m2
GHG Forward upper,Aviation,1989,WTW,contrails,0.0372043700371996,W/m2
GHG Forward upper,Aviation,1990,WTW,contrails,0.0337044993554955,W/m2
GHG Forward upper,Aviation,1991,WTW,contrails,0.0334488601912238,W/m2
GHG Forward upper,Aviation,1992,WTW,contrails,0.0367979677745268,W/m2
GHG Forward upper,Aviation,1993,WTW,contrails,0.0401470753578298,W/m2
GHG Forward upper,Aviation,1994,WTW,contrails,0.0427996248513282,W/m2
GHG Forward upper,Aviation,1995,WTW,contrails,0.0456632525538583,W/m2
GHG Forward upper,Aviation,1996,WTW,contrails,0.0483158020473567,W/m2
GHG Forward upper,Aviation,1997,WTW,contrails,0.0507291295706192,W/m2
GHG Forward upper,Aviation,1998,WTW,contrails,0.0526241428250371,W/m2
GHG Forward upper,Aviation,1999,WTW,contrails,0.0556824315425631,W/m2
GHG Forward upper,Aviation,2000,WTW,contrails,0.0609348922760018,W/m2
GHG Forward upper,Aviation,2001,WTW,contrails,0.061346614521112,W/m2
GHG Forward upper,Aviation,2002,WTW,contrails,0.0598208203186509,W/m2
GHG Forward upper,Aviation,2003,WTW,contrails,0.0622911537893003,W/m2
GHG Forward upper,Aviation,2004,WTW,contrails,0.0706466934694367,W/m2
GHG Forward upper,Aviation,2005,WTW,contrails,0.0747154780093274,W/m2
GHG Forward upper,Aviation,2006,WTW,contrails,0.0778155043254371,W/m2
GHG Forward upper,Aviation,2007,WTW,contrails,0.0819327267765178,W/m2
GHG Forward upper,Aviation,2008,WTW,contrails,0.0838890760798308,W/m2
GHG Forward upper,Aviation,2009,WTW,contrails,0.0817753566237379,W/m2
GHG Forward upper,Aviation,2010,WTW,contrails,0.089980906958877,W/m2
GHG Forward upper,Aviation,2011,WTW,contrails,0.0948458023547029,W/m2
GHG Forward upper,Aviation,2012,WTW,contrails,0.0972215829647223,W/m2
GHG Forward upper,Aviation,2013,WTW,contrails,0.1002382945579813,W/m2
GHG Forward upper,Aviation,2014,WTW,contrails,0.1042735800541697,W/m2
GHG Forward upper,Aviation,2015,WTW,contrails,0.1095351418640368,W/m2
GHG Forward upper,Aviation,2016,WTW,contrails,0.1153977347891238,W/m2
GHG Forward upper,Aviation,2017,WTW,contrails,0.1209908899044264,W/m2
GHG Forward upper,Aviation,2018,WTW,contrails,0.1233883469342589,W/m2
GHG Forward upper,Aviation,2019,WTW,contrails,0.1225976430608099,W/m2
GHG Forward upper,Aviation,2020,WTW,contrails,0.0694062797111575,W/m2
GHG Forward upper,Aviation,2021,WTW,contrails,0.084293423765145,W/m2
GHG Forward upper,Aviation,2022,WTW,contrails,0.1033274226956884,W/m2
GHG Forward upper,Aviation,2023,WTW,contrails,0.1143510109567864,W/m2
GHG Forward upper,Aviation,2024,WTW,contrails,0.1263580627499945,W/m2
GHG Forward upper,Aviation,2025,WTW,contrails,0.1346922235138593,W/m2
GHG Forward upper,Aviation,2026,WTW,contrails,0.1367048771142095,W/m2
GHG Forward upper,Aviation,2027,WTW,contrails,0.1387526800386106,W/m2
GHG Forward upper,Aviation,2028,WTW,contrails,0.1408350270351291,W/m2
GHG Forward upper,Aviation,2029,WTW,contrails,0.1429516662238809,W/m2
GHG Forward upper,Aviation,2030,WTW,contrails,0.145102497077611,W/m2
GHG Forward upper,Aviation,2031,WTW,contrails,0.1455216518252108,W/m2
GHG Forward upper,Aviation,2032,WTW,contrails,0.1459766560054818,W/m2
GHG Forward upper,Aviation,2033,WTW,contrails,0.1464726765349672,W/m2
GHG Forward upper,Aviation,2034,WTW,contrails,0.1470148094323941,W/m2
GHG Forward upper,Aviation,2035,WTW,contrails,0.1476082848444015,W/m2
GHG Forward upper,Aviation,2036,WTW,contrails,0.1482591018752341,W/m2
GHG Forward upper,Aviation,2037,WTW,contrails,0.1489766788724279,W/m2
GHG Forward upper,Aviation,2038,WTW,contrails,0.1497684214356811,W/m2
GHG Forward upper,Aviation,2039,WTW,contrails,0.150642383977612,W/m2
GHG Forward upper,Aviation,2040,WTW,contrails,0.1516068551078156,W/m2
GHG Forward upper,Aviation,2041,WTW,contrails,0.152860311649495,W/m2
GHG Forward upper,Aviation,2042,WTW,contrails,0.1542294043564192,W/m2
GHG Forward upper,Aviation,2043,WTW,contrails,0.1557211835668239,W/m2
GHG Forward upper,Aviation,2044,WTW,contrails,0.1573436486345633,W/m2
GHG Forward upper,Aviation,2045,WTW,contrails,0.1591049298575575,W/m2
GHG Forward upper,Aviation,2046,WTW,contrails,0.1610135957971578,W/m2
GHG Forward upper,Aviation,2047,WTW,contrails,0.1630620450176379,W/m2
GHG Forward upper,Aviation,2048,WTW,contrails,0.1652600533834635,W/m2
GHG Forward upper,Aviation,2049,WTW,contrails,0.1676173550502066,W/m2
GHG Forward upper,Aviation,2050,WTW,contrails,0.1701439675872798,W/m2
BAU,Aviation,1940,WTW,contrails,0.0003785269780926,W/m2
BAU,Aviation,1941,WTW,contrails,0.0004118809939769,W/m2
BAU,Aviation,1942,WTW,contrails,0.00045088164301,W/m2
BAU,Aviation,1943,WTW,contrails,0.0004906341192486,W/m2
BAU,Aviation,1944,WTW,contrails,0.0005362676853613,W/m2
BAU,Aviation,1945,WTW,contrails,0.000582798234828,W/m2
BAU,Aviation,1946,WTW,contrails,0.0006406698734194,W/m2
BAU,Aviation,1947,WTW,contrails,0.0006944409413776,W/m2
BAU,Aviation,1948,WTW,contrails,0.0007599294387432,W/m2
BAU,Aviation,1949,WTW,contrails,0.0008267578683348,W/m2
BAU,Aviation,1950,WTW,contrails,0.0009058158731703,W/m2
BAU,Aviation,1951,WTW,contrails,0.0009865252379103,W/m2
BAU,Aviation,1952,WTW,contrails,0.0010744767890749,W/m2
BAU,Aviation,1953,WTW,contrails,0.0011754998977369,W/m2
BAU,Aviation,1954,WTW,contrails,0.0012843593973822,W/m2
BAU,Aviation,1955,WTW,contrails,0.0014013115216557,W/m2
BAU,Aviation,1956,WTW,contrails,0.0015324064642783,W/m2
BAU,Aviation,1957,WTW,contrails,0.0016722698736622,W/m2
BAU,Aviation,1958,WTW,contrails,0.0018271111331376,W/m2
BAU,Aviation,1959,WTW,contrails,0.0019914619457638,W/m2
BAU,Aviation,1960,WTW,contrails,0.0021777497859958,W/m2
BAU,Aviation,1961,WTW,contrails,0.0024173413974339,W/m2
BAU,Aviation,1962,WTW,contrails,0.0026935474727047,W/m2
BAU,Aviation,1963,WTW,contrails,0.0028760936087263,W/m2
BAU,Aviation,1964,WTW,contrails,0.0030440266244743,W/m2
BAU,Aviation,1965,WTW,contrails,0.0032930997173151,W/m2
BAU,Aviation,1966,WTW,contrails,0.0036133298284239,W/m2
BAU,Aviation,1967,WTW,contrails,0.0043166671543403,W/m2
BAU,Aviation,1968,WTW,contrails,0.0049512372568103,W/m2
BAU,Aviation,1969,WTW,contrails,0.0052511540451947,W/m2
BAU,Aviation,1970,WTW,contrails,0.0053332489059642,W/m2
BAU,Aviation,1971,WTW,contrails,0.0062349874495641,W/m2
BAU,Aviation,1972,WTW,contrails,0.0067396264559515,W/m2
BAU,Aviation,1973,WTW,contrails,0.0070729441906113,W/m2
BAU,Aviation,1974,WTW,contrails,0.0069249109066263,W/m2
BAU,Aviation,1975,WTW,contrails,0.0070287407162799,W/m2
BAU,Aviation,1976,WTW,contrails,0.0071503404181236,W/m2
BAU,Aviation,1977,WTW,contrails,0.0076817072039234,W/m2
BAU,Aviation,1978,WTW,contrails,0.0080682360830917,W/m2
BAU,Aviation,1979,WTW,contrails,0.0085281421008254,W/m2
BAU,Aviation,1980,WTW,contrails,0.0087188013712514,W/m2
BAU,Aviation,1981,WTW,contrails,0.0087237058708229,W/m2
BAU,Aviation,1982,WTW,contrails,0.0089556934621805,W/m2
BAU,Aviation,1983,WTW,contrails,0.0092196547169378,W/m2
BAU,Aviation,1984,WTW,contrails,0.0099938104977595,W/m2
BAU,Aviation,1985,WTW,contrails,0.0104870961112823,W/m2
BAU,Aviation,1986,WTW,contrails,0.0112212190028809,W/m2
BAU,Aviation,1987,WTW,contrails,0.0119096520355068,W/m2
BAU,Aviation,1988,WTW,contrails,0.0126304539257372,W/m2
BAU,Aviation,1989,WTW,contrails,0.0133126093597443,W/m2
BAU,Aviation,1990,WTW,contrails,0.012060272305023,W/m2
BAU,Aviation,1991,WTW,contrails,0.0119687985257976,W/m2
BAU,Aviation,1992,WTW,contrails,0.0131671889545481,W/m2
BAU,Aviation,1993,WTW,contrails,0.0143655793832986,W/m2
BAU,Aviation,1994,WTW,contrails,0.0153147247438845,W/m2
BAU,Aviation,1995,WTW,contrails,0.0163393989130052,W/m2
BAU,Aviation,1996,WTW,contrails,0.0172885442735912,W/m2
BAU,Aviation,1997,WTW,contrails,0.0181520903178378,W/m2
BAU,Aviation,1998,WTW,contrails,0.0188301711766826,W/m2
BAU,Aviation,1999,WTW,contrails,0.019924499691452,W/m2
BAU,Aviation,2000,WTW,contrails,0.021803955192291,W/m2
BAU,Aviation,2001,WTW,contrails,0.0219512792138613,W/m2
BAU,Aviation,2002,WTW,contrails,0.0214053137221618,W/m2
BAU,Aviation,2003,WTW,contrails,0.0222892578515793,W/m2
BAU,Aviation,2004,WTW,contrails,0.0252790688775496,W/m2
BAU,Aviation,2005,WTW,contrails,0.0267349768554127,W/m2
BAU,Aviation,2006,WTW,contrails,0.0278442400766427,W/m2
BAU,Aviation,2007,WTW,contrails,0.0293174802923379,W/m2
BAU,Aviation,2008,WTW,contrails,0.030017508649764,W/m2
BAU,Aviation,2009,WTW,contrails,0.0292611695050098,W/m2
BAU,Aviation,2010,WTW,contrails,0.0321973107723986,W/m2
BAU,Aviation,2011,WTW,contrails,0.0339380861682967,W/m2
BAU,Aviation,2012,WTW,contrails,0.0347881970330693,W/m2
BAU,Aviation,2013,WTW,contrails,0.0358676482629091,W/m2
BAU,Aviation,2014,WTW,contrails,0.0373115694853914,W/m2
BAU,Aviation,2015,WTW,contrails,0.0391942815680547,W/m2
BAU,Aviation,2016,WTW,contrails,0.0412920568930729,W/m2
BAU,Aviation,2017,WTW,contrails,0.0432934209549836,W/m2
BAU,Aviation,2018,WTW,contrails,0.0441512881588368,W/m2
BAU,Aviation,2019,WTW,contrails,0.0438683554878647,W/m2
BAU,Aviation,2020,WTW,contrails,0.0248352193031068,W/m2
BAU,Aviation,2021,WTW,contrails,0.030162193878266,W/m2
BAU,Aviation,2022,WTW,contrails,0.0369730118564432,W/m2
BAU,Aviation,2023,WTW,contrails,0.0409175141854956,W/m2
BAU,Aviation,2024,WTW,contrails,0.0454406725912419,W/m2
BAU,Aviation,2025,WTW,contrails,0.0490903038511385,W/m2
BAU,Aviation,2026,WTW,contrails,0.0503916747843689,W/m2
BAU,Aviation,2027,WTW,contrails,0.0517318864531767,W/m2
BAU,Aviation,2028,WTW,contrails,0.0531122665382175,W/m2
BAU,Aviation,2029,WTW,contrails,0.0545341946412216,W/m2
BAU,Aviation,2030,WTW,contrails,0.0559991047422738,W/m2
BAU,Aviation,2031,WTW,contrails,0.0575084874483454,W/m2
BAU,Aviation,2032,WTW,contrails,0.0590638925105209,W/m2
BAU,Aviation,2033,WTW,contrails,0.0606669316499688,W/m2
BAU,Aviation,2034,WTW,contrails,0.0623192810377461,W/m2
BAU,Aviation,2035,WTW,contrails,0.0640226847091101,W/m2
BAU,Aviation,2036,WTW,contrails,0.0657789569995062,W/m2
BAU,Aviation,2037,WTW,contrails,0.0675899861984449,W/m2
BAU,Aviation,2038,WTW,contrails,0.0694577378746525,W/m2
BAU,Aviation,2039,WTW,contrails,0.0713842582864577,W/m2
BAU,Aviation,2040,WTW,contrails,0.0733716781734971,W/m2
BAU,Aviation,2041,WTW,contrails,0.0754222166717625,W/m2
BAU,Aviation,2042,WTW,contrails,0.0775381855084494,W/m2
BAU,Aviation,2043,WTW,contrails,0.0797219930892706,W/m2
BAU,Aviation,2044,WTW,contrails,0.0819761493623129,W/m2
BAU,Aviation,2045,WTW,contrails,0.084303270358446,W/m2
BAU,Aviation,2046,WTW,contrails,0.0867060833871094,W/m2
BAU,Aviation,2047,WTW,contrails,0.0891874321497444,W/m2
BAU,Aviation,2048,WTW,contrails,0.09175028238483,W/m2
BAU,Aviation,2049,WTW,contrails,0.0943977278198511,W/m2
BAU,Aviation,2050,WTW,contrails,0.0971329961398738,W/m2
Historical Trends lower,Aviation,1940,WTW,contrails,6.398432532486963e-05,W/m2
Historical Trends lower,Aviation,1941,WTW,contrails,6.962232294921616e-05,W/m2
Historical Trends lower,Aviation,1942,WTW,contrails,7.621479947014026e-05,W/m2
Historical Trends lower,Aviation,1943,WTW,contrails,8.293436113767916e-05,W/m2
Historical Trends lower,Aviation,1944,WTW,contrails,9.06480331052674e-05,W/m2
Historical Trends lower,Aviation,1945,WTW,contrails,9.85133266957682e-05,W/m2
Historical Trends lower,Aviation,1946,WTW,contrails,0.0001082956618132,W/m2
Historical Trends lower,Aviation,1947,WTW,contrails,0.0001173848567832,W/m2
Historical Trends lower,Aviation,1948,WTW,contrails,0.0001284547079774,W/m2
Historical Trends lower,Aviation,1949,WTW,contrails,0.0001397510546777,W/m2
Historical Trends lower,Aviation,1950,WTW,contrails,0.0001531146281974,W/m2
Historical Trends lower,Aviation,1951,WTW,contrails,0.0001667573394153,W/m2
Historical Trends lower,Aviation,1952,WTW,contrails,0.0001816242339518,W/m2
Historical Trends lower,Aviation,1953,WTW,contrails,0.0001987006798171,W/m2
Historical Trends lower,Aviation,1954,WTW,contrails,0.0002171017503963,W/m2
Historical Trends lower,Aviation,1955,WTW,contrails,0.0002368707581555,W/m2
Historical Trends lower,Aviation,1956,WTW,contrails,0.0002590303978712,W/m2
Historical Trends lower,Aviation,1957,WTW,contrails,0.0002826722157732,W/m2
Historical Trends lower,Aviation,1958,WTW,contrails,0.0003088458152612,W/m2
Historical Trends lower,Aviation,1959,WTW,contrails,0.0003366268625077,W/m2
Historical Trends lower,Aviation,1960,WTW,contrails,0.0003681160362346,W/m2
Historical Trends lower,Aviation,1961,WTW,contrails,0.0004086154154033,W/m2
Historical Trends lower,Aviation,1962,WTW,contrails,0.0004553039221668,W/m2
Historical Trends lower,Aviation,1963,WTW,contrails,0.0004861606167486,W/m2
Historical Trends lower,Aviation,1964,WTW,contrails,0.0005145471818663,W/m2
Historical Trends lower,Aviation,1965,WTW,contrails,0.0005566492636843,W/m2
Historical Trends lower,Aviation,1966,WTW,contrails,0.0006107793753906,W/m2
Historical Trends lower,Aviation,1967,WTW,contrails,0.0007296680329477,W/m2
Historical Trends lower,Aviation,1968,WTW,contrails,0.0008369326196952,W/m2
Historical Trends lower,Aviation,1969,WTW,contrails,0.0008876290679512,W/m2
Historical Trends lower,Aviation,1970,WTW,contrails,0.0009015059765547,W/m2
Historical Trends lower,Aviation,1971,WTW,contrails,0.0010539313931589,W/m2
Historical Trends lower,Aviation,1972,WTW,contrails,0.0011392330710446,W/m2
Historical Trends lower,Aviation,1973,WTW,contrails,0.0011955754498058,W/m2
Historical Trends lower,Aviation,1974,WTW,contrails,0.0011705526367711,W/m2
Historical Trends lower,Aviation,1975,WTW,contrails,0.0011881035134689,W/m2
Historical Trends lower,Aviation,1976,WTW,contrails,0.0012086581247185,W/m2
Historical Trends lower,Aviation,1977,WTW,contrails,0.0012984777340387,W/m2
Historical Trends lower,Aviation,1978,WTW,contrails,0.0013638146610836,W/m2
Historical Trends lower,Aviation,1979,WTW,contrails,0.0014415548961543,W/m2
Historical Trends lower,Aviation,1980,WTW,contrails,0.0014737829947871,W/m2
Historical Trends lower,Aviation,1981,WTW,contrails,0.0014746120271,W/m2
Historical Trends lower,Aviation,1982,WTW,contrails,0.0015138260603812,W/m2
Historical Trends lower,Aviation,1983,WTW,contrails,0.0015584447633404,W/m2
Historical Trends lower,Aviation,1984,WTW,contrails,0.001689304221712,W/m2
Historical Trends lower,Aviation,1985,WTW,contrails,0.0017726867783074,W/m2
Historical Trends lower,Aviation,1986,WTW,contrails,0.0018967792753896,W/m2
Historical Trends lower,Aviation,1987,WTW,contrails,0.002013148585038,W/m2
Historical Trends lower,Aviation,1988,WTW,contrails,0.0021349893660351,W/m2
Historical Trends lower,Aviation,1989,WTW,contrails,0.0022502975415093,W/m2
Historical Trends lower,Aviation,1990,WTW,contrails,0.0020386086892921,W/m2
Historical Trends lower,Aviation,1991,WTW,contrails,0.0020231464147717,W/m2
Historical Trends lower,Aviation,1992,WTW,contrails,0.0022257163965621,W/m2
Historical Trends lower,Aviation,1993,WTW,contrails,0.0024282863783524,W/m2
Historical Trends lower,Aviation,1994,WTW,contrails,0.0025887252084679,W/m2
Historical Trends lower,Aviation,1995,WTW,contrails,0.0027619310542424,W/m2
Historical Trends lower,Aviation,1996,WTW,contrails,0.0029223698843579,W/m2
Historical Trends lower,Aviation,1997,WTW,contrails,0.0030683394300598,W/m2
Historical Trends lower,Aviation,1998,WTW,contrails,0.0031829588595322,W/m2
Historical Trends lower,Aviation,1999,WTW,contrails,0.0033679387308589,W/m2
Historical Trends lower,Aviation,2000,WTW,contrails,0.003685632578746,W/m2
Historical Trends lower,Aviation,2001,WTW,contrails,0.0037105355015755,W/m2
Historical Trends lower,Aviation,2002,WTW,contrails,0.0036182481993254,W/m2
Historical Trends lower,Aviation,2003,WTW,contrails,0.0037676657363016,W/m2
Historical Trends lower,Aviation,2004,WTW,contrails,0.0042730485819564,W/m2
Historical Trends lower,Aviation,2005,WTW,contrails,0.004519148054623,W/m2
Historical Trends lower,Aviation,2006,WTW,contrails,0.0047066524147501,W/m2
Historical Trends lower,Aviation,2007,WTW,contrails,0.0049556816430437,W/m2
Historical Trends lower,Aviation,2008,WTW,contrails,0.0050740109689583,W/m2
Historical Trends lower,Aviation,2009,WTW,contrails,0.004946163146492,W/m2
Historical Trends lower,Aviation,2010,WTW,contrails,0.005442473922012,W/m2
Historical Trends lower,Aviation,2011,WTW,contrails,0.0057367259719185,W/m2
Historical Trends lower,Aviation,2012,WTW,contrails,0.0058804245014339,W/m2
Historical Trends lower,Aviation,2013,WTW,contrails,0.0060628895902116,W/m2
Historical Trends lower,Aviation,2014,WTW,contrails,0.0063069628811256,W/m2
Historical Trends lower,Aviation,2015,WTW,contrails,0.0066252072054725,W/m2
Historical Trends lower,Aviation,2016,WTW,contrails,0.0069798047549809,W/m2
Historical Trends lower,Aviation,2017,WTW,contrails,0.0073181054221515,W/m2
Historical Trends lower,Aviation,2018,WTW,contrails,0.0074631150448037,W/m2
Historical Trends lower,Aviation,2019,WTW,contrails,0.0074152895076234,W/m2
Historical Trends lower,Aviation,2020,WTW,contrails,0.0041980224485232,W/m2
Historical Trends lower,Aviation,2021,WTW,contrails,0.0050984678432789,W/m2
Historical Trends lower,Aviation,2022,WTW,contrails,0.0062497347765899,W/m2
Historical Trends lower,Aviation,2023,WTW,contrails,0.0069164939110077,W/m2
Historical Trends lower,Aviation,2024,WTW,contrails,0.0076810662022286,W/m2
Historical Trends lower,Aviation,2025,WTW,contrails,0.0082979817917746,W/m2
Historical Trends lower,Aviation,2026,WTW,contrails,0.0085179590879232,W/m2
Historical Trends lower,Aviation,2027,WTW,contrails,0.0087445018296144,W/m2
Historical Trends lower,Aviation,2028,WTW,contrails,0.0089778344414094,W/m2
Historical Trends lower,Aviation,2029,WTW,contrails,0.0092181901243508,W/m2
Historical Trends lower,Aviation,2030,WTW,contrails,0.0094658112713288,W/m2
Historical Trends lower,Aviation,2031,WTW,contrails,0.0097209498471621,W/m2
Historical Trends lower,Aviation,2032,WTW,contrails,0.0099838678140972,W/m2
Historical Trends lower,Aviation,2033,WTW,contrails,0.0102548376094966,W/m2
Historical Trends lower,Aviation,2034,WTW,contrails,0.010534142565013,W/m2
Historical Trends lower,Aviation,2035,WTW,contrails,0.0108220774837269,W/m2
Historical Trends lower,Aviation,2036,WTW,contrails,0.0111189490519148,W/m2
Historical Trends lower,Aviation,2037,WTW,contrails,0.0114250764566816,W/m2
Historical Trends lower,Aviation,2038,WTW,contrails,0.0117407919480285,W/m2
Historical Trends lower,Aviation,2039,WTW,contrails,0.0120664414153269,W/m2
Historical Trends lower,Aviation,2040,WTW,contrails,0.0124023850282504,W/m2
Historical Trends lower,Aviation,2041,WTW,contrails,0.0127489978985544,W/m2
Historical Trends lower,Aviation,2042,WTW,contrails,0.0131066707891528,W/m2
Historical Trends lower,Aviation,2043,WTW,contrails,0.0134758108050171,W/m2
Historical Trends lower,Aviation,2044,WTW,contrails,0.0138568422153388,W/m2
Historical Trends lower,Aviation,2045,WTW,contrails,0.0142502072210174,W/m2
Historical Trends lower,Aviation,2046,WTW,contrails,0.0146563668329308,W/m2
Historical Trends lower,Aviation,2047,WTW,contrails,0.0150758017362841,W/m2
Historical Trends lower,Aviation,2048,WTW,contrails,0.015509013244819,W/m2
Historical Trends lower,Aviation,2049,WTW,contrails,0.0159565243069045,W/m2
Historical Trends lower,Aviation,2050,WTW,contrails,0.0164188805144356,W/m2
Historical Trends upper,Aviation,1940,WTW,contrails,0.0010578585596153,W/m2
Historical Trends upper,Aviation,1941,WTW,contrails,0.0011510720773905,W/m2
Historical Trends upper,Aviation,1942,WTW,contrails,0.0012600660799265,W/m2
Historical Trends upper,Aviation,1943,WTW,contrails,0.0013711611925307,W/m2
Historical Trends upper,Aviation,1944,WTW,contrails,0.0014986920194253,W/m2
Historical Trends upper,Aviation,1945,WTW,contrails,0.0016287296201401,W/m2
Historical Trends upper,Aviation,1946,WTW,contrails,0.0017904618394692,W/m2
Historical Trends upper,Aviation,1947,WTW,contrails,0.0019407343108946,W/m2
Historical Trends upper,Aviation,1948,WTW,contrails,0.002123753148399,W/m2
Historical Trends upper,Aviation,1949,WTW,contrails,0.0023105166563142,W/m2
Historical Trends upper,Aviation,1950,WTW,contrails,0.0025314578096841,W/m2
Historical Trends upper,Aviation,1951,WTW,contrails,0.0027570139715237,W/m2
Historical Trends upper,Aviation,1952,WTW,contrails,0.0030028096653993,W/m2
Historical Trends upper,Aviation,1953,WTW,contrails,0.0032851360685411,W/m2
Historical Trends upper,Aviation,1954,WTW,contrails,0.0035893626102675,W/m2
Historical Trends upper,Aviation,1955,WTW,contrails,0.0039162053794443,W/m2
Historical Trends upper,Aviation,1956,WTW,contrails,0.0042825726800642,W/m2
Historical Trends upper,Aviation,1957,WTW,contrails,0.0046734449648859,W/m2
Historical Trends upper,Aviation,1958,WTW,contrails,0.0051061754205673,W/m2
Historical Trends upper,Aviation,1959,WTW,contrails,0.0055654819534659,W/m2
Historical Trends upper,Aviation,1960,WTW,contrails,0.006086095272323,W/m2
Historical Trends upper,Aviation,1961,WTW,contrails,0.0067556751216879,W/m2
Historical Trends upper,Aviation,1962,WTW,contrails,0.0075275803698034,W/m2
Historical Trends upper,Aviation,1963,WTW,contrails,0.0080377368545226,W/m2
Historical Trends upper,Aviation,1964,WTW,contrails,0.0085070544684116,W/m2
Historical Trends upper,Aviation,1965,WTW,contrails,0.0092031319436794,W/m2
Historical Trends upper,Aviation,1966,WTW,contrails,0.0100980699102942,W/m2
Historical Trends upper,Aviation,1967,WTW,contrails,0.0120636666935586,W/m2
Historical Trends upper,Aviation,1968,WTW,contrails,0.0138370816769672,W/m2
Historical Trends upper,Aviation,1969,WTW,contrails,0.0146752505793885,W/m2
Historical Trends upper,Aviation,1970,WTW,contrails,0.0149046787475024,W/m2
Historical Trends upper,Aviation,1971,WTW,contrails,0.0174247417604189,W/m2
Historical Trends upper,Aviation,1972,WTW,contrails,0.0188350420119694,W/m2
Historical Trends upper,Aviation,1973,WTW,contrails,0.0197665555871925,W/m2
Historical Trends upper,Aviation,1974,WTW,contrails,0.019352851186622,W/m2
Historical Trends upper,Aviation,1975,WTW,contrails,0.0196430213970488,W/m2
Historical Trends upper,Aviation,1976,WTW,contrails,0.0199828526188292,W/m2
Historical Trends upper,Aviation,1977,WTW,contrails,0.0214678482339,W/m2
Historical Trends upper,Aviation,1978,WTW,contrails,0.022548069478439,W/m2
Historical Trends upper,Aviation,1979,WTW,contrails,0.0238333557212575,W/m2
Historical Trends upper,Aviation,1980,WTW,contrails,0.0243661857515147,W/m2
Historical Trends upper,Aviation,1981,WTW,contrails,0.0243798922167142,W/m2
Historical Trends upper,Aviation,1982,WTW,contrails,0.0250282213278354,W/m2
Historical Trends upper,Aviation,1983,WTW,contrails,0.0257659063249757,W/m2
Historical Trends upper,Aviation,1984,WTW,contrails,0.0279294174262045,W/m2
Historical Trends upper,Aviation,1985,WTW,contrails,0.0293079886742291,W/m2
Historical Trends upper,Aviation,1986,WTW,contrails,0.0313596210006764,W/m2
Historical Trends upper,Aviation,1987,WTW,contrails,0.0332835651801768,W/m2
Historical Trends upper,Aviation,1988,WTW,contrails,0.0352979696836799,W/m2
Historical Trends upper,Aviation,1989,WTW,contrails,0.0372043700371996,W/m2
Historical Trends upper,Aviation,1990,WTW,contrails,0.0337044993554955,W/m2
Historical Trends upper,Aviation,1991,WTW,contrails,0.0334488601912238,W/m2
Historical Trends upper,Aviation,1992,WTW,contrails,0.0367979677745268,W/m2
Historical Trends upper,Aviation,1993,WTW,contrails,0.0401470753578298,W/m2
Historical Trends upper,Aviation,1994,WTW,contrails,0.0427996248513282,W/m2
Historical Trends upper,Aviation,1995,WTW,contrails,0.0456632525538583,W/m2
Historical Trends upper,Aviation,1996,WTW,contrails,0.0483158020473567,W/m2
Historical Trends upper,Aviation,1997,WTW,contrails,0.0507291295706192,W/m2
Historical Trends upper,Aviation,1998,WTW,contrails,0.0526241428250371,W/m2
Historical Trends upper,Aviation,1999,WTW,contrails,0.0556824315425631,W/m2
Historical Trends upper,Aviation,2000,WTW,contrails,0.0609348922760018,W/m2
Historical Trends upper,Aviation,2001,WTW,contrails,0.061346614521112,W/m2
Historical Trends upper,Aviation,2002,WTW,contrails,0.0598208203186509,W/m2
Historical Trends upper,Aviation,2003,WTW,contrails,0.0622911537893003,W/m2
Historical Trends upper,Aviation,2004,WTW,contrails,0.0706466934694367,W/m2
Historical Trends upper,Aviation,2005,WTW,contrails,0.0747154780093274,W/m2
Historical Trends upper,Aviation,2006,WTW,contrails,0.0778155043254371,W/m2
Historical Trends upper,Aviation,2007,WTW,contrails,0.0819327267765178,W/m2
Historical Trends upper,Aviation,2008,WTW,contrails,0.0838890760798308,W/m2
Historical Trends upper,Aviation,2009,WTW,contrails,0.0817753566237379,W/m2
Historical Trends upper,Aviation,2010,WTW,contrails,0.089980906958877,W/m2
Historical Trends upper,Aviation,2011,WTW,contrails,0.0948458023547029,W/m2
Historical Trends upper,Aviation,2012,WTW,contrails,0.0972215829647223,W/m2
Historical Trends upper,Aviation,2013,WTW,contrails,0.1002382945579813,W/m2
Historical Trends upper,Aviation,2014,WTW,contrails,0.1042735800541697,W/m2
Historical Trends upper,Aviation,2015,WTW,contrails,0.1095351418640368,W/m2
Historical Trends upper,Aviation,2016,WTW,contrails,0.1153977347891238,W/m2
Historical Trends upper,Aviation,2017,WTW,contrails,0.1209908899044264,W/m2
Historical Trends upper,Aviation,2018,WTW,contrails,0.1233883469342589,W/m2
Historical Trends upper,Aviation,2019,WTW,contrails,0.1225976430608099,W/m2
Historical Trends upper,Aviation,2020,WTW,contrails,0.0694062797111575,W/m2
Historical Trends upper,Aviation,2021,WTW,contrails,0.084293423765145,W/m2
Historical Trends upper,Aviation,2022,WTW,contrails,0.1033274226956884,W/m2
Historical Trends upper,Aviation,2023,WTW,contrails,0.1143510109567864,W/m2
Historical Trends upper,Aviation,2024,WTW,contrails,0.126991752866717,W/m2
Historical Trends upper,Aviation,2025,WTW,contrails,0.1371912733531451,W/m2
Historical Trends upper,Aviation,2026,WTW,contrails,0.1408281776179065,W/m2
Historical Trends upper,Aviation,2027,WTW,contrails,0.1445736289796265,W/m2
Historical Trends upper,Aviation,2028,WTW,contrails,0.1484313378696006,W/m2
Historical Trends upper,Aviation,2029,WTW,contrails,0.1524051598214733,W/m2
Historical Trends upper,Aviation,2030,WTW,contrails,0.1564991023385264,W/m2
Historical Trends upper,Aviation,2031,WTW,contrails,0.1607173311775883,W/m2
Historical Trends upper,Aviation,2032,WTW,contrails,0.1650641773838544,W/m2
Historical Trends upper,Aviation,2033,WTW,contrails,0.1695441451885494,W/m2
Historical Trends upper,Aviation,2034,WTW,contrails,0.1741619189391635,W/m2
Historical Trends upper,Aviation,2035,WTW,contrails,0.1789223726413346,W/m2
Historical Trends upper,Aviation,2036,WTW,contrails,0.1838305767666322,W/m2
Historical Trends upper,Aviation,2037,WTW,contrails,0.1888918084639457,W/m2
Historical Trends upper,Aviation,2038,WTW,contrails,0.1941115608521854,W/m2
Historical Trends upper,Aviation,2039,WTW,contrails,0.1994955525511949,W/m2
Historical Trends upper,Aviation,2040,WTW,contrails,0.2050497382783213,W/m2
Historical Trends upper,Aviation,2041,WTW,contrails,0.2107803197896875,W/m2
Historical Trends upper,Aviation,2042,WTW,contrails,0.2166937576034139,W/m2
Historical Trends upper,Aviation,2043,WTW,contrails,0.2227967824223193,W/m2
Historical Trends upper,Aviation,2044,WTW,contrails,0.2290964087268015,W/m2
Historical Trends upper,Aviation,2045,WTW,contrails,0.2355999474637885,W/m2
Historical Trends upper,Aviation,2046,WTW,contrails,0.2423150205672566,W/m2
Historical Trends upper,Aviation,2047,WTW,contrails,0.2492495752485932,W/m2
Historical Trends upper,Aviation,2048,WTW,contrails,0.2564118997726172,W/m2
Historical Trends upper,Aviation,2049,WTW,contrails,0.2638106400913756,W/m2
Historical Trends upper,Aviation,2050,WTW,contrails,0.2714548165243501,W/m2
SLCP Forward,Aviation,1940,WTW,contrails,0.0003785269780926,W/m2
SLCP Forward,Aviation,1941,WTW,contrails,0.0004118809939769,W/m2
SLCP Forward,Aviation,1942,WTW,contrails,0.00045088164301,W/m2
SLCP Forward,Aviation,1943,WTW,contrails,0.0004906341192486,W/m2
SLCP Forward,Aviation,1944,WTW,contrails,0.0005362676853613,W/m2
SLCP Forward,Aviation,1945,WTW,contrails,0.000582798234828,W/m2
SLCP Forward,Aviation,1946,WTW,contrails,0.0006406698734194,W/m2
SLCP Forward,Aviation,1947,WTW,contrails,0.0006944409413776,W/m2
SLCP Forward,Aviation,1948,WTW,contrails,0.0007599294387432,W/m2
SLCP Forward,Aviation,1949,WTW,contrails,0.0008267578683348,W/m2
SLCP Forward,Aviation,1950,WTW,contrails,0.0009058158731703,W/m2
SLCP Forward,Aviation,1951,WTW,contrails,0.0009865252379103,W/m2
SLCP Forward,Aviation,1952,WTW,contrails,0.0010744767890749,W/m2
SLCP Forward,Aviation,1953,WTW,contrails,0.0011754998977369,W/m2
SLCP Forward,Aviation,1954,WTW,contrails,0.0012843593973822,W/m2
SLCP Forward,Aviation,1955,WTW,contrails,0.0014013115216557,W/m2
SLCP Forward,Aviation,1956,WTW,contrails,0.0015324064642783,W/m2
SLCP Forward,Aviation,1957,WTW,contrails,0.0016722698736622,W/m2
SLCP Forward,Aviation,1958,WTW,contrails,0.0018271111331376,W/m2
SLCP Forward,Aviation,1959,WTW,contrails,0.0019914619457638,W/m2
SLCP Forward,Aviation,1960,WTW,contrails,0.0021777497859958,W/m2
SLCP Forward,Aviation,1961,WTW,contrails,0.0024173413974339,W/m2
SLCP Forward,Aviation,1962,WTW,contrails,0.0026935474727047,W/m2
SLCP Forward,Aviation,1963,WTW,contrails,0.0028760936087263,W/m2
SLCP Forward,Aviation,1964,WTW,contrails,0.0030440266244743,W/m2
SLCP Forward,Aviation,1965,WTW,contrails,0.0032930997173151,W/m2
SLCP Forward,Aviation,1966,WTW,contrails,0.0036133298284239,W/m2
SLCP Forward,Aviation,1967,WTW,contrails,0.0043166671543403,W/m2
SLCP Forward,Aviation,1968,WTW,contrails,0.0049512372568103,W/m2
SLCP Forward,Aviation,1969,WTW,contrails,0.0052511540451947,W/m2
SLCP Forward,Aviation,1970,WTW,contrails,0.0053332489059642,W/m2
SLCP Forward,Aviation,1971,WTW,contrails,0.0062349874495641,W/m2
SLCP Forward,Aviation,1972,WTW,contrails,0.0067396264559515,W/m2
SLCP Forward,Aviation,1973,WTW,contrails,0.0070729441906113,W/m2
SLCP Forward,Aviation,1974,WTW,contrails,0.0069249109066263,W/m2
SLCP Forward,Aviation,1975,WTW,contrails,0.0070287407162799,W/m2
SLCP Forward,Aviation,1976,WTW,contrails,0.0071503404181236,W/m2
SLCP Forward,Aviation,1977,WTW,contrails,0.0076817072039234,W/m2
SLCP Forward,Aviation,1978,WTW,contrails,0.0080682360830917,W/m2
SLCP Forward,Aviation,1979,WTW,contrails,0.0085281421008254,W/m2
SLCP Forward,Aviation,1980,WTW,contrails,0.0087188013712514,W/m2
SLCP Forward,Aviation,1981,WTW,contrails,0.0087237058708229,W/m2
SLCP Forward,Aviation,1982,WTW,contrails,0.0089556934621805,W/m2
SLCP Forward,Aviation,1983,WTW,contrails,0.0092196547169378,W/m2
SLCP Forward,Aviation,1984,WTW,contrails,0.0099938104977595,W/m2
SLCP Forward,Aviation,1985,WTW,contrails,0.0104870961112823,W/m2
SLCP Forward,Aviation,1986,WTW,contrails,0.0112212190028809,W/m2
SLCP Forward,Aviation,1987,WTW,contrails,0.0119096520355068,W/m2
SLCP Forward,Aviation,1988,WTW,contrails,0.0126304539257372,W/m2
SLCP Forward,Aviation,1989,WTW,contrails,0.0133126093597443,W/m2
SLCP Forward,Aviation,1990,WTW,contrails,0.012060272305023,W/m2
SLCP Forward,Aviation,1991,WTW,contrails,0.0119687985257976,W/m2
SLCP Forward,Aviation,1992,WTW,contrails,0.0131671889545481,W/m2
SLCP Forward,Aviation,1993,WTW,contrails,0.0143655793832986,W/m2
SLCP Forward,Aviation,1994,WTW,contrails,0.0153147247438845,W/m2
SLCP Forward,Aviation,1995,WTW,contrails,0.0163393989130052,W/m2
SLCP Forward,Aviation,1996,WTW,contrails,0.0172885442735912,W/m2
SLCP Forward,Aviation,1997,WTW,contrails,0.0181520903178378,W/m2
SLCP Forward,Aviation,1998,WTW,contrails,0.0188301711766826,W/m2
SLCP Forward,Aviation,1999,WTW,contrails,0.019924499691452,W/m2
SLCP Forward,Aviation,2000,WTW,contrails,0.021803955192291,W/m2
SLCP Forward,Aviation,2001,WTW,contrails,0.0219512792138613,W/m2
SLCP Forward,Aviation,2002,WTW,contrails,0.0214053137221618,W/m2
SLCP Forward,Aviation,2003,WTW,contrails,0.0222892578515793,W/m2
SLCP Forward,Aviation,2004,WTW,contrails,0.0252790688775496,W/m2
SLCP Forward,Aviation,2005,WTW,contrails,0.0267349768554127,W/m2
SLCP Forward,Aviation,2006,WTW,contrails,0.0278442400766427,W/m2
SLCP Forward,Aviation,2007,WTW,contrails,0.0293174802923379,W/m2
SLCP Forward,Aviation,2008,WTW,contrails,0.030017508649764,W/m2
SLCP Forward,Aviation,2009,WTW,contrails,0.0292611695050098,W/m2
SLCP Forward,Aviation,2010,WTW,contrails,0.0321973107723986,W/m2
SLCP Forward,Aviation,2011,WTW,contrails,0.0339380861682967,W/m2
SLCP Forward,Aviation,2012,WTW,contrails,0.0347881970330693,W/m2
SLCP Forward,Aviation,2013,WTW,contrails,0.0358676482629091,W/m2
SLCP Forward,Aviation,2014,WTW,contrails,0.0373115694853914,W/m2
SLCP Forward,Aviation,2015,WTW,contrails,0.0391942815680547,W/m2
SLCP Forward,Aviation,2016,WTW,contrails,0.0412920568930729,W/m2
SLCP Forward,Aviation,2017,WTW,contrails,0.0432934209549836,W/m2
SLCP Forward,Aviation,2018,WTW,contrails,0.0441512881588368,W/m2
SLCP Forward,Aviation,2019,WTW,contrails,0.0438683554878647,W/m2
SLCP Forward,Aviation,2020,WTW,contrails,0.0248352193031068,W/m2
SLCP Forward,Aviation,2021,WTW,contrails,0.030162193878266,W/m2
SLCP Forward,Aviation,2022,WTW,contrails,0.0369730118564432,W/m2
SLCP Forward,Aviation,2023,WTW,contrails,0.0409175141854956,W/m2
SLCP Forward,Aviation,2024,WTW,contrails,0.0452139231806048,W/m2
SLCP Forward,Aviation,2025,WTW,contrails,0.0487001745204602,W/m2
SLCP Forward,Aviation,2026,WTW,contrails,0.0497683322593034,W/m2
SLCP Forward,Aviation,2027,WTW,contrails,0.0502717796079468,W/m2
SLCP Forward,Aviation,2028,WTW,contrails,0.0507900510709943,W/m2
SLCP Forward,Aviation,2029,WTW,contrails,0.0504240913331998,W/m2
SLCP Forward,Aviation,2030,WTW,contrails,0.049755801601036,W/m2
SLCP Forward,Aviation,2031,WTW,contrails,0.0491312640336575,W/m2
SLCP Forward,Aviation,2032,WTW,contrails,0.0478565985237859,W/m2
SLCP Forward,Aviation,2033,WTW,contrails,0.0461946195951462,W/m2
SLCP Forward,Aviation,2034,WTW,contrails,0.0432915173185738,W/m2
SLCP Forward,Aviation,2035,WTW,contrails,0.0394529878294496,W/m2
SLCP Forward,Aviation,2036,WTW,contrails,0.0349963142063041,W/m2
SLCP Forward,Aviation,2037,WTW,contrails,0.029401202502299,W/m2
SLCP Forward,Aviation,2038,WTW,contrails,0.0236678609300984,W/m2
SLCP Forward,Aviation,2039,WTW,contrails,0.0187944733984178,W/m2
SLCP Forward,Aviation,2040,WTW,contrails,0.0151039545259011,W/m2
SLCP Forward,Aviation,2041,WTW,contrails,0.0124249464890014,W/m2
SLCP Forward,Aviation,2042,WTW,contrails,0.0102878953525497,W/m2
SLCP Forward,Aviation,2043,WTW,contrails,0.0085965026525002,W/m2
SLCP Forward,Aviation,2044,WTW,contrails,0.0073869369975403,W/m2
SLCP Forward,Aviation,2045,WTW,contrails,0.0066453179395239,W/m2
SLCP Forward,Aviation,2046,WTW,contrails,0.0062717709407124,W/m2
SLCP Forward,Aviation,2047,WTW,contrails,0.0061450677437903,W/m2
SLCP Forward,Aviation,2048,WTW,contrails,0.0061694005651035,W/m2
SLCP Forward,Aviation,2049,WTW,contrails,0.0062827917185927,W/m2
SLCP Forward,Aviation,2050,WTW,contrails,0.0064490635571332,W/m2
SLCP Forward lower,Aviation,1940,WTW,contrails,6.398432532486963e-05,W/m2
SLCP Forward lower,Aviation,1941,WTW,contrails,6.962232294921616e-05,W/m2
SLCP Forward lower,Aviation,1942,WTW,contrails,7.621479947014026e-05,W/m2
SLCP Forward lower,Aviation,1943,WTW,contrails,8.293436113767916e-05,W/m2
SLCP Forward lower,Aviation,1944,WTW,contrails,9.06480331052674e-05,W/m2
SLCP Forward lower,Aviation,1945,WTW,contrails,9.85133266957682e-05,W/m2
SLCP Forward lower,Aviation,1946,WTW,contrails,0.0001082956618132,W/m2
SLCP Forward lower,Aviation,1947,WTW,contrails,0.0001173848567832,W/m2
SLCP Forward lower,Aviation,1948,WTW,contrails,0.0001284547079774,W/m2
SLCP Forward lower,Aviation,1949,WTW,contrails,0.0001397510546777,W/m2
SLCP Forward lower,Aviation,1950,WTW,contrails,0.0001531146281974,W/m2
SLCP Forward lower,Aviation,1951,WTW,contrails,0.0001667573394153,W/m2
SLCP Forward lower,Aviation,1952,WTW,contrails,0.0001816242339518,W/m2
SLCP Forward lower,Aviation,1953,WTW,contrails,0.0001987006798171,W/m2
SLCP Forward lower,Aviation,1954,WTW,contrails,0.0002171017503963,W/m2
SLCP Forward lower,Aviation,1955,WTW,contrails,0.0002368707581555,W/m2
SLCP Forward lower,Aviation,1956,WTW,contrails,0.0002590303978712,W/m2
SLCP Forward lower,Aviation,1957,WTW,contrails,0.0002826722157732,W/m2
SLCP Forward lower,Aviation,1958,WTW,contrails,0.0003088458152612,W/m2
SLCP Forward lower,Aviation,1959,WTW,contrails,0.0003366268625077,W/m2
SLCP Forward lower,Aviation,1960,WTW,contrails,0.0003681160362346,W/m2
SLCP Forward lower,Aviation,1961,WTW,contrails,0.0004086154154033,W/m2
SLCP Forward lower,Aviation,1962,WTW,contrails,0.0004553039221668,W/m2
SLCP Forward lower,Aviation,1963,WTW,contrails,0.0004861606167486,W/m2
SLCP Forward lower,Aviation,1964,WTW,contrails,0.0005145471818663,W/m2
SLCP Forward lower,Aviation,1965,WTW,contrails,0.0005566492636843,W/m2
SLCP Forward lower,Aviation,1966,WTW,contrails,0.0006107793753906,W/m2
SLCP Forward lower,Aviation,1967,WTW,contrails,0.0007296680329477,W/m2
SLCP Forward lower,Aviation,1968,WTW,contrails,0.0008369326196952,W/m2
SLCP Forward lower,Aviation,1969,WTW,contrails,0.0008876290679512,W/m2
SLCP Forward lower,Aviation,1970,WTW,contrails,0.0009015059765547,W/m2
SLCP Forward lower,Aviation,1971,WTW,contrails,0.0010539313931589,W/m2
SLCP Forward lower,Aviation,1972,WTW,contrails,0.0011392330710446,W/m2
SLCP Forward lower,Aviation,1973,WTW,contrails,0.0011955754498058,W/m2
SLCP Forward lower,Aviation,1974,WTW,contrails,0.0011705526367711,W/m2
SLCP Forward lower,Aviation,1975,WTW,contrails,0.0011881035134689,W/m2
SLCP Forward lower,Aviation,1976,WTW,contrails,0.0012086581247185,W/m2
SLCP Forward lower,Aviation,1977,WTW,contrails,0.0012984777340387,W/m2
SLCP Forward lower,Aviation,1978,WTW,contrails,0.0013638146610836,W/m2
SLCP Forward lower,Aviation,1979,WTW,contrails,0.0014415548961543,W/m2
SLCP Forward lower,Aviation,1980,WTW,contrails,0.0014737829947871,W/m2
SLCP Forward lower,Aviation,1981,WTW,contrails,0.0014746120271,W/m2
SLCP Forward lower,Aviation,1982,WTW,contrails,0.0015138260603812,W/m2
SLCP Forward lower,Aviation,1983,WTW,contrails,0.0015584447633404,W/m2
SLCP Forward lower,Aviation,1984,WTW,contrails,0.001689304221712,W/m2
SLCP Forward lower,Aviation,1985,WTW,contrails,0.0017726867783074,W/m2
SLCP Forward lower,Aviation,1986,WTW,contrails,0.0018967792753896,W/m2
SLCP Forward lower,Aviation,1987,WTW,contrails,0.002013148585038,W/m2
SLCP Forward lower,Aviation,1988,WTW,contrails,0.0021349893660351,W/m2
SLCP Forward lower,Aviation,1989,WTW,contrails,0.0022502975415093,W/m2
SLCP Forward lower,Aviation,1990,WTW,contrails,0.0020386086892921,W/m2
SLCP Forward lower,Aviation,1991,WTW,contrails,0.0020231464147717,W/m2
SLCP Forward lower,Aviation,1992,WTW,contrails,0.0022257163965621,W/m2
SLCP Forward lower,Aviation,1993,WTW,contrails,0.0024282863783524,W/m2
SLCP Forward lower,Aviation,1994,WTW,contrails,0.0025887252084679,W/m2
SLCP Forward lower,Aviation,1995,WTW,contrails,0.0027619310542424,W/m2
SLCP Forward lower,Aviation,1996,WTW,contrails,0.0029223698843579,W/m2
SLCP Forward lower,Aviation,1997,WTW,contrails,0.0030683394300598,W/m2
SLCP Forward lower,Aviation,1998,WTW,contrails,0.0031829588595322,W/m2
SLCP Forward lower,Aviation,1999,WTW,contrails,0.0033679387308589,W/m2
SLCP Forward lower,Aviation,2000,WTW,contrails,0.003685632578746,W/m2
SLCP Forward lower,Aviation,2001,WTW,contrails,0.0037105355015755,W/m2
SLCP Forward lower,Aviation,2002,WTW,contrails,0.0036182481993254,W/m2
SLCP Forward lower,Aviation,2003,WTW,contrails,0.0037676657363016,W/m2
SLCP Forward lower,Aviation,2004,WTW,contrails,0.0042730485819564,W/m2
SLCP Forward lower,Aviation,2005,WTW,contrails,0.004519148054623,W/m2
SLCP Forward lower,Aviation,2006,WTW,contrails,0.0047066524147501,W/m2
SLCP Forward lower,Aviation,2007,WTW,contrails,0.0049556816430437,W/m2
SLCP Forward lower,Aviation,2008,WTW,contrails,0.0050740109689583,W/m2
SLCP Forward lower,Aviation,2009,WTW,contrails,0.004946163146492,W/m2
SLCP Forward lower,Aviation,2010,WTW,contrails,0.005442473922012,W/m2
SLCP Forward lower,Aviation,2011,WTW,contrails,0.0057367259719185,W/m2
SLCP Forward lower,Aviation,2012,WTW,contrails,0.0058804245014339,W/m2
SLCP Forward lower,Aviation,2013,WTW,contrails,0.0060628895902116,W/m2
SLCP Forward lower,Aviation,2014,WTW,contrails,0.0063069628811256,W/m2
SLCP Forward lower,Aviation,2015,WTW,contrails,0.0066252072054725,W/m2
SLCP Forward lower,Aviation,2016,WTW,contrails,0.0069798047549809,W/m2
SLCP Forward lower,Aviation,2017,WTW,contrails,0.0073181054221515,W/m2
SLCP Forward lower,Aviation,2018,WTW,contrails,0.0074631150448037,W/m2
SLCP Forward lower,Aviation,2019,WTW,contrails,0.0074152895076234,W/m2
SLCP Forward lower,Aviation,2020,WTW,contrails,0.0041980224485232,W/m2
SLCP Forward lower,Aviation,2021,WTW,contrails,0.0050984678432789,W/m2
SLCP Forward lower,Aviation,2022,WTW,contrails,0.0062497347765899,W/m2
SLCP Forward lower,Aviation,2023,WTW,contrails,0.0069164939110077,W/m2
SLCP Forward lower,Aviation,2024,WTW,contrails,0.0076427376050688,W/m2
SLCP Forward lower,Aviation,2025,WTW,contrails,0.0082320362622414,W/m2
SLCP Forward lower,Aviation,2026,WTW,contrails,0.0084125923552439,W/m2
SLCP Forward lower,Aviation,2027,WTW,contrails,0.0084976926012075,W/m2
SLCP Forward lower,Aviation,2028,WTW,contrails,0.008585298642038,W/m2
SLCP Forward lower,Aviation,2029,WTW,contrails,0.0085234386207606,W/m2
SLCP Forward lower,Aviation,2030,WTW,contrails,0.0084104742348416,W/m2
SLCP Forward lower,Aviation,2031,WTW,contrails,0.0083049054981293,W/m2
SLCP Forward lower,Aviation,2032,WTW,contrails,0.0080894423544586,W/m2
SLCP Forward lower,Aviation,2033,WTW,contrails,0.0078085096690553,W/m2
SLCP Forward lower,Aviation,2034,WTW,contrails,0.0073177836408826,W/m2
SLCP Forward lower,Aviation,2035,WTW,contrails,0.0066689376303847,W/m2
SLCP Forward lower,Aviation,2036,WTW,contrails,0.005915603597479,W/m2
SLCP Forward lower,Aviation,2037,WTW,contrails,0.0049698336306935,W/m2
SLCP Forward lower,Aviation,2038,WTW,contrails,0.0040006979717167,W/m2
SLCP Forward lower,Aviation,2039,WTW,contrails,0.003176924683925,W/m2
SLCP Forward lower,Aviation,2040,WTW,contrails,0.0025530976548806,W/m2
SLCP Forward lower,Aviation,2041,WTW,contrails,0.0021002514069204,W/m2
SLCP Forward lower,Aviation,2042,WTW,contrails,0.001739014868802,W/m2
SLCP Forward lower,Aviation,2043,WTW,contrails,0.0014531102251821,W/m2
SLCP Forward lower,Aviation,2044,WTW,contrails,0.0012486512385103,W/m2
SLCP Forward lower,Aviation,2045,WTW,contrails,0.0011232916265895,W/m2
SLCP Forward lower,Aviation,2046,WTW,contrails,0.0010601490922938,W/m2
SLCP Forward lower,Aviation,2047,WTW,contrails,0.0010387318115166,W/m2
SLCP Forward lower,Aviation,2048,WTW,contrails,0.0010428449110975,W/m2
SLCP Forward lower,Aviation,2049,WTW,contrails,0.0010620119899947,W/m2
SLCP Forward lower,Aviation,2050,WTW,contrails,0.0010901177579459,W/m2
SLCP Forward upper,Aviation,1940,WTW,contrails,0.0010578585596153,W/m2
SLCP Forward upper,Aviation,1941,WTW,contrails,0.0011510720773905,W/m2
SLCP Forward upper,Aviation,1942,WTW,contrails,0.0012600660799265,W/m2
SLCP Forward upper,Aviation,1943,WTW,contrails,0.0013711611925307,W/m2
SLCP Forward upper,Aviation,1944,WTW,contrails,0.0014986920194253,W/m2
SLCP Forward upper,Aviation,1945,WTW,contrails,0.0016287296201401,W/m2
SLCP Forward upper,Aviation,1946,WTW,contrails,0.0017904618394692,W/m2
SLCP Forward upper,Aviation,1947,WTW,contrails,0.0019407343108946,W/m2
SLCP Forward upper,Aviation,1948,WTW,contrails,0.002123753148399,W/m2
SLCP Forward upper,Aviation,1949,WTW,contrails,0.0023105166563142,W/m2
SLCP Forward upper,Aviation,1950,WTW,contrails,0.0025314578096841,W/m2
SLCP Forward upper,Aviation,1951,WTW,contrails,0.0027570139715237,W/m2
SLCP Forward upper,Aviation,1952,WTW,contrails,0.0030028096653993,W/m2
SLCP Forward upper,Aviation,1953,WTW,contrails,0.0032851360685411,W/m2
SLCP Forward upper,Aviation,1954,WTW,contrails,0.0035893626102675,W/m2
SLCP Forward upper,Aviation,1955,WTW,contrails,0.0039162053794443,W/m2
SLCP Forward upper,Aviation,1956,WTW,contrails,0.0042825726800642,W/m2
SLCP Forward upper,Aviation,1957,WTW,contrails,0.0046734449648859,W/m2
SLCP Forward upper,Aviation,1958,WTW,contrails,0.0051061754205673,W/m2
SLCP Forward upper,Aviation,1959,WTW,contrails,0.0055654819534659,W/m2
SLCP Forward upper,Aviation,1960,WTW,contrails,0.006086095272323,W/m2
SLCP Forward upper,Aviation,1961,WTW,contrails,0.0067556751216879,W/m2
SLCP Forward upper,Aviation,1962,WTW,contrails,0.0075275803698034,W/m2
SLCP Forward upper,Aviation,1963,WTW,contrails,0.0080377368545226,W/m2
SLCP Forward upper,Aviation,1964,WTW,contrails,0.0085070544684116,W/m2
SLCP Forward upper,Aviation,1965,WTW,contrails,0.0092031319436794,W/m2
SLCP Forward upper,Aviation,1966,WTW,contrails,0.0100980699102942,W/m2
SLCP Forward upper,Aviation,1967,WTW,contrails,0.0120636666935586,W/m2
SLCP Forward upper,Aviation,1968,WTW,contrails,0.0138370816769672,W/m2
SLCP Forward upper,Aviation,1969,WTW,contrails,0.0146752505793885,W/m2
SLCP Forward upper,Aviation,1970,WTW,contrails,0.0149046787475024,W/m2
SLCP Forward upper,Aviation,1971,WTW,contrails,0.0174247417604189,W/m2
SLCP Forward upper,Aviation,1972,WTW,contrails,0.0188350420119694,W/m2
SLCP Forward upper,Aviation,1973,WTW,contrails,0.0197665555871925,W/m2
SLCP Forward upper,Aviation,1974,WTW,contrails,0.019352851186622,W/m2
SLCP Forward upper,Aviation,1975,WTW,contrails,0.0196430213970488,W/m2
SLCP Forward upper,Aviation,1976,WTW,contrails,0.0199828526188292,W/m2
SLCP Forward upper,Aviation,1977,WTW,contrails,0.0214678482339,W/m2
SLCP Forward upper,Aviation,1978,WTW,contrails,0.022548069478439,W/m2
SLCP Forward upper,Aviation,1979,WTW,contrails,0.0238333557212575,W/m2
SLCP Forward upper,Aviation,1980,WTW,contrails,0.0243661857515147,W/m2
SLCP Forward upper,Aviation,1981,WTW,contrails,0.0243798922167142,W/m2
SLCP Forward upper,Aviation,1982,WTW,contrails,0.0250282213278354,W/m2
SLCP Forward upper,Aviation,1983,WTW,contrails,0.0257659063249757,W/m2
SLCP Forward upper,Aviation,1984,WTW,contrails,0.0279294174262045,W/m2
SLCP Forward upper,Aviation,1985,WTW,contrails,0.0293079886742291,W/m2
SLCP Forward upper,Aviation,1986,WTW,contrails,0.0313596210006764,W/m2
SLCP Forward upper,Aviation,1987,WTW,contrails,0.0332835651801768,W/m2
SLCP Forward upper,Aviation,1988,WTW,contrails,0.0352979696836799,W/m2
SLCP Forward upper,Aviation,1989,WTW,contrails,0.0372043700371996,W/m2
SLCP Forward upper,Aviation,1990,WTW,contrails,0.0337044993554955,W/m2
SLCP Forward upper,Aviation,1991,WTW,contrails,0.0334488601912238,W/m2
SLCP Forward upper,Aviation,1992,WTW,contrails,0.0367979677745268,W/m2
SLCP Forward upper,Aviation,1993,WTW,contrails,0.0401470753578298,W/m2
SLCP Forward upper,Aviation,1994,WTW,contrails,0.0427996248513282,W/m2
SLCP Forward upper,Aviation,1995,WTW,contrails,0.0456632525538583,W/m2
SLCP Forward upper,Aviation,1996,WTW,contrails,0.0483158020473567,W/m2
SLCP Forward upper,Aviation,1997,WTW,contrails,0.0507291295706192,W/m2
SLCP Forward upper,Aviation,1998,WTW,contrails,0.0526241428250371,W/m2
SLCP Forward upper,Aviation,1999,WTW,contrails,0.0556824315425631,W/m2
SLCP Forward upper,Aviation,2000,WTW,contrails,0.0609348922760018,W/m2
SLCP Forward upper,Aviation,2001,WTW,contrails,0.061346614521112,W/m2
SLCP Forward upper,Aviation,2002,WTW,contrails,0.0598208203186509,W/m2
SLCP Forward upper,Aviation,2003,WTW,contrails,0.0622911537893003,W/m2
SLCP Forward upper,Aviation,2004,WTW,contrails,0.0706466934694367,W/m2
SLCP Forward upper,Aviation,2005,WTW,contrails,0.0747154780093274,W/m2
SLCP Forward upper,Aviation,2006,WTW,contrails,0.0778155043254371,W/m2
SLCP Forward upper,Aviation,2007,WTW,contrails,0.0819327267765178,W/m2
SLCP Forward upper,Aviation,2008,WTW,contrails,0.0838890760798308,W/m2
SLCP Forward upper,Aviation,2009,WTW,contrails,0.0817753566237379,W/m2
SLCP Forward upper,Aviation,2010,WTW,contrails,0.089980906958877,W/m2
SLCP Forward upper,Aviation,2011,WTW,contrails,0.0948458023547029,W/m2
SLCP Forward upper,Aviation,2012,WTW,contrails,0.0972215829647223,W/m2
SLCP Forward upper,Aviation,2013,WTW,contrails,0.1002382945579813,W/m2
SLCP Forward upper,Aviation,2014,WTW,contrails,0.1042735800541697,W/m2
SLCP Forward upper,Aviation,2015,WTW,contrails,0.1095351418640368,W/m2
SLCP Forward upper,Aviation,2016,WTW,contrails,0.1153977347891238,W/m2
SLCP Forward upper,Aviation,2017,WTW,contrails,0.1209908899044264,W/m2
SLCP Forward upper,Aviation,2018,WTW,contrails,0.1233883469342589,W/m2
SLCP Forward upper,Aviation,2019,WTW,contrails,0.1225976430608099,W/m2
SLCP Forward upper,Aviation,2020,WTW,contrails,0.0694062797111575,W/m2
SLCP Forward upper,Aviation,2021,WTW,contrails,0.084293423765145,W/m2
SLCP Forward upper,Aviation,2022,WTW,contrails,0.1033274226956884,W/m2
SLCP Forward upper,Aviation,2023,WTW,contrails,0.1143510109567864,W/m2
SLCP Forward upper,Aviation,2024,WTW,contrails,0.1263580627499945,W/m2
SLCP Forward upper,Aviation,2025,WTW,contrails,0.1361009900293655,W/m2
SLCP Forward upper,Aviation,2026,WTW,contrails,0.1390861400251424,W/m2
SLCP Forward upper,Aviation,2027,WTW,contrails,0.1404931099847518,W/m2
SLCP Forward upper,Aviation,2028,WTW,contrails,0.1419415084744758,W/m2
SLCP Forward upper,Aviation,2029,WTW,contrails,0.1409187712232203,W/m2
SLCP Forward upper,Aviation,2030,WTW,contrails,0.1390511209515415,W/m2
SLCP Forward upper,Aviation,2031,WTW,contrails,0.1373057436080776,W/m2
SLCP Forward upper,Aviation,2032,WTW,contrails,0.1337434722290105,W/m2
SLCP Forward upper,Aviation,2033,WTW,contrails,0.1290987870749404,W/m2
SLCP Forward upper,Aviation,2034,WTW,contrails,0.1209855698659956,W/m2
SLCP Forward upper,Aviation,2035,WTW,contrails,0.1102581408809674,W/m2
SLCP Forward upper,Aviation,2036,WTW,contrails,0.0978032020984989,W/m2
SLCP Forward upper,Aviation,2037,WTW,contrails,0.0821667028510464,W/m2
SLCP Forward upper,Aviation,2038,WTW,contrails,0.0661438965297838,W/m2
SLCP Forward upper,Aviation,2039,WTW,contrails,0.0525243792613223,W/m2
SLCP Forward upper,Aviation,2040,WTW,contrails,0.0422105913289906,W/m2
SLCP Forward upper,Aviation,2041,WTW,contrails,0.0347236439061328,W/m2
SLCP Forward upper,Aviation,2042,WTW,contrails,0.0287512879899899,W/m2
SLCP Forward upper,Aviation,2043,WTW,contrails,0.0240244010071012,W/m2
SLCP Forward upper,Aviation,2044,WTW,contrails,0.0206440623375466,W/m2
SLCP Forward upper,Aviation,2045,WTW,contrails,0.0185714806884137,W/m2
SLCP Forward upper,Aviation,2046,WTW,contrails,0.0175275395349918,W/m2
SLCP Forward upper,Aviation,2047,WTW,contrails,0.017173445720939,W/m2
SLCP Forward upper,Aviation,2048,WTW,contrails,0.0172414479633036,W/m2
SLCP Forward upper,Aviation,2049,WTW,contrails,0.0175583389888986,W/m2
SLCP Forward upper,Aviation,2050,WTW,contrails,0.0180230141581809,W/m2
