timebounds,scenario,temp,scenario_ssp119,temp_ssp119,Avoided,Pollutant,Actual Pollutant,Sector,temp_zero,BAU_temp_attribution,Striving_temp_attribution,BC Multiplier
1750.0,ssp119,0.0,ssp119,0.0,0.0,,,Other,,,,1.0
1750.0,ssp119_BC_Marine_striving,0.0,ssp119,0.0,0.0,non-CO2,BC,Marine,0.0,0.0,0.0,1.0
1750.0,ssp119_BC_off-road_striving,0.0,ssp119,0.0,0.0,non-CO2,BC,off-road,0.0,0.0,0.0,1.0
1750.0,ssp119_BC_on-road_striving,0.0,ssp119,0.0,0.0,non-CO2,BC,on-road,0.0,0.0,0.0,1.0
1750.0,ssp119_CH4_Marine_striving,0.0,ssp119,0.0,0.0,non-CO2,CH4,Marine,0.0,0.0,0.0,1.0
1750.0,ssp119_CH4_off-road_striving,0.0,ssp119,0.0,0.0,non-CO2,CH4,off-road,0.0,0.0,0.0,1.0
1750.0,ssp119_CH4_on-road_striving,0.0,ssp119,0.0,0.0,non-CO2,CH4,on-road,0.0,0.0,0.0,1.0
1750.0,ssp119_CO2 FFI_Marine_striving,0.0,ssp119,0.0,0.0,CO2,CO2 FFI,Marine,0.0,0.0,0.0,1.0
1750.0,ssp119_CO2 FFI_off-road_striving,0.0,ssp119,0.0,0.0,CO2,CO2 FFI,off-road,0.0,0.0,0.0,1.0
1750.0,ssp119_CO2 FFI_on-road_striving,0.0,ssp119,0.0,0.0,CO2,CO2 FFI,on-road,0.0,0.0,0.0,1.0
1750.0,ssp119_N2O_Marine_striving,0.0,ssp119,0.0,0.0,non-CO2,N2O,Marine,0.0,0.0,0.0,1.0
1750.0,ssp119_N2O_off-road_striving,0.0,ssp119,0.0,0.0,non-CO2,N2O,off-road,0.0,0.0,0.0,1.0
1750.0,ssp119_N2O_on-road_striving,0.0,ssp119,0.0,0.0,non-CO2,N2O,on-road,0.0,0.0,0.0,1.0
1750.0,ssp119_Sulfur_Marine_striving,0.0,ssp119,0.0,0.0,non-CO2,Sulfur,Marine,0.0,0.0,0.0,1.0
1750.0,ssp119_striving,0.0,ssp119,0.0,0.0,,,Other,,,,1.0
1750.0,ssp119_zero_tra,0.0,ssp119,0.0,0.0,,,Other,,,,1.0
1751.0,ssp119,0.025088307873964842,ssp119,0.025088307873964842,0.0,,,Other,,,,1.0
1751.0,ssp119_BC_Marine_striving,0.025088307873964842,ssp119,0.025088307873964842,0.0,non-CO2,BC,Marine,0.025088307873964842,0.0,0.0,1.0
1751.0,ssp119_BC_off-road_striving,0.025088307873964842,ssp119,0.025088307873964842,0.0,non-CO2,BC,off-road,0.025088307873964842,0.0,0.0,1.0
1751.0,ssp119_BC_on-road_striving,0.025088307873964842,ssp119,0.025088307873964842,0.0,non-CO2,BC,on-road,0.025088307873964842,0.0,0.0,1.0
1751.0,ssp119_CH4_Marine_striving,0.025088307873964842,ssp119,0.025088307873964842,0.0,non-CO2,CH4,Marine,0.025088307873964842,0.0,0.0,1.0
1751.0,ssp119_CH4_off-road_striving,0.025088307873964842,ssp119,0.025088307873964842,0.0,non-CO2,CH4,off-road,0.025088307873964842,0.0,0.0,1.0
1751.0,ssp119_CH4_on-road_striving,0.025088307873964842,ssp119,0.025088307873964842,0.0,non-CO2,CH4,on-road,0.025088307873964842,0.0,0.0,1.0
1751.0,ssp119_CO2 FFI_Marine_striving,0.025088307873964842,ssp119,0.025088307873964842,0.0,CO2,CO2 FFI,Marine,0.025088307873964842,0.0,0.0,1.0
1751.0,ssp119_CO2 FFI_off-road_striving,0.025088307873964842,ssp119,0.025088307873964842,0.0,CO2,CO2 FFI,off-road,0.025088307873964842,0.0,0.0,1.0
1751.0,ssp119_CO2 FFI_on-road_striving,0.025088307873964842,ssp119,0.025088307873964842,0.0,CO2,CO2 FFI,on-road,0.025088307873964842,0.0,0.0,1.0
1751.0,ssp119_N2O_Marine_striving,0.025088307873964842,ssp119,0.025088307873964842,0.0,non-CO2,N2O,Marine,0.025088307873964842,0.0,0.0,1.0
1751.0,ssp119_N2O_off-road_striving,0.025088307873964842,ssp119,0.025088307873964842,0.0,non-CO2,N2O,off-road,0.025088307873964842,0.0,0.0,1.0
1751.0,ssp119_N2O_on-road_striving,0.025088307873964842,ssp119,0.025088307873964842,0.0,non-CO2,N2O,on-road,0.025088307873964842,0.0,0.0,1.0
1751.0,ssp119_Sulfur_Marine_striving,0.025088307873964842,ssp119,0.025088307873964842,0.0,non-CO2,Sulfur,Marine,0.025088307873964842,0.0,0.0,1.0
1751.0,ssp119_striving,0.025088307873964842,ssp119,0.025088307873964842,0.0,,,Other,,,,1.0
1751.0,ssp119_zero_tra,0.025088307873964842,ssp119,0.025088307873964842,0.0,,,Other,,,,1.0
1752.0,ssp119,0.06460130204096814,ssp119,0.06460130204096814,0.0,,,Other,,,,1.0
1752.0,ssp119_BC_Marine_striving,0.06460130204096814,ssp119,0.06460130204096814,0.0,non-CO2,BC,Marine,0.06460130204096814,0.0,0.0,1.0
1752.0,ssp119_BC_off-road_striving,0.06460130204096814,ssp119,0.06460130204096814,0.0,non-CO2,BC,off-road,0.06460130204096814,0.0,0.0,1.0
1752.0,ssp119_BC_on-road_striving,0.06460130204096814,ssp119,0.06460130204096814,0.0,non-CO2,BC,on-road,0.06460130204096814,0.0,0.0,1.0
1752.0,ssp119_CH4_Marine_striving,0.06460130204096814,ssp119,0.06460130204096814,0.0,non-CO2,CH4,Marine,0.06460130204096814,0.0,0.0,1.0
1752.0,ssp119_CH4_off-road_striving,0.06460130204096814,ssp119,0.06460130204096814,0.0,non-CO2,CH4,off-road,0.06460130204096814,0.0,0.0,1.0
1752.0,ssp119_CH4_on-road_striving,0.06460130204096814,ssp119,0.06460130204096814,0.0,non-CO2,CH4,on-road,0.06460130204096814,0.0,0.0,1.0
1752.0,ssp119_CO2 FFI_Marine_striving,0.06460130204096814,ssp119,0.06460130204096814,0.0,CO2,CO2 FFI,Marine,0.06460130204096814,0.0,0.0,1.0
1752.0,ssp119_CO2 FFI_off-road_striving,0.06460130204096814,ssp119,0.06460130204096814,0.0,CO2,CO2 FFI,off-road,0.06460130204096814,0.0,0.0,1.0
1752.0,ssp119_CO2 FFI_on-road_striving,0.06460130204096814,ssp119,0.06460130204096814,0.0,CO2,CO2 FFI,on-road,0.06460130204096814,0.0,0.0,1.0
1752.0,ssp119_N2O_Marine_striving,0.06460130204096814,ssp119,0.06460130204096814,0.0,non-CO2,N2O,Marine,0.06460130204096814,0.0,0.0,1.0
1752.0,ssp119_N2O_off-road_striving,0.06460130204096814,ssp119,0.06460130204096814,0.0,non-CO2,N2O,off-road,0.06460130204096814,0.0,0.0,1.0
1752.0,ssp119_N2O_on-road_striving,0.06460130204096814,ssp119,0.06460130204096814,0.0,non-CO2,N2O,on-road,0.06460130204096814,0.0,0.0,1.0
1752.0,ssp119_Sulfur_Marine_striving,0.06460130204096814,ssp119,0.06460130204096814,0.0,non-CO2,Sulfur,Marine,0.06460130204096814,0.0,0.0,1.0
1752.0,ssp119_striving,0.06460130204096814,ssp119,0.06460130204096814,0.0,,,Other,,,,1.0
1752.0,ssp119_zero_tra,0.06460130204096814,ssp119,0.06460130204096814,0.0,,,Other,,,,1.0
1753.0,ssp119,0.08775795627157991,ssp119,0.08775795627157991,0.0,,,Other,,,,1.0
1753.0,ssp119_BC_Marine_striving,0.08775795627157991,ssp119,0.08775795627157991,0.0,non-CO2,BC,Marine,0.08775795627157991,0.0,0.0,1.0
1753.0,ssp119_BC_off-road_striving,0.08775795627157991,ssp119,0.08775795627157991,0.0,non-CO2,BC,off-road,0.08775795627157991,0.0,0.0,1.0
1753.0,ssp119_BC_on-road_striving,0.08775795627157991,ssp119,0.08775795627157991,0.0,non-CO2,BC,on-road,0.08775795627157991,0.0,0.0,1.0
1753.0,ssp119_CH4_Marine_striving,0.08775795627157991,ssp119,0.08775795627157991,0.0,non-CO2,CH4,Marine,0.08775795627157991,0.0,0.0,1.0
1753.0,ssp119_CH4_off-road_striving,0.08775795627157991,ssp119,0.08775795627157991,0.0,non-CO2,CH4,off-road,0.08775795627157991,0.0,0.0,1.0
1753.0,ssp119_CH4_on-road_striving,0.08775795627157991,ssp119,0.08775795627157991,0.0,non-CO2,CH4,on-road,0.08775795627157991,0.0,0.0,1.0
1753.0,ssp119_CO2 FFI_Marine_striving,0.08775795627157991,ssp119,0.08775795627157991,0.0,CO2,CO2 FFI,Marine,0.08775795627157991,0.0,0.0,1.0
1753.0,ssp119_CO2 FFI_off-road_striving,0.08775795627157991,ssp119,0.08775795627157991,0.0,CO2,CO2 FFI,off-road,0.08775795627157991,0.0,0.0,1.0
1753.0,ssp119_CO2 FFI_on-road_striving,0.08775795627157991,ssp119,0.08775795627157991,0.0,CO2,CO2 FFI,on-road,0.08775795627157991,0.0,0.0,1.0
1753.0,ssp119_N2O_Marine_striving,0.08775795627157991,ssp119,0.08775795627157991,0.0,non-CO2,N2O,Marine,0.08775795627157991,0.0,0.0,1.0
1753.0,ssp119_N2O_off-road_striving,0.08775795627157991,ssp119,0.08775795627157991,0.0,non-CO2,N2O,off-road,0.08775795627157991,0.0,0.0,1.0
1753.0,ssp119_N2O_on-road_striving,0.08775795627157991,ssp119,0.08775795627157991,0.0,non-CO2,N2O,on-road,0.08775795627157991,0.0,0.0,1.0
1753.0,ssp119_Sulfur_Marine_striving,0.08775795627157991,ssp119,0.08775795627157991,0.0,non-CO2,Sulfur,Marine,0.08775795627157991,0.0,0.0,1.0
1753.0,ssp119_striving,0.08775795627157991,ssp119,0.08775795627157991,0.0,,,Other,,,,1.0
1753.0,ssp119_zero_tra,0.08775795627157991,ssp119,0.08775795627157991,0.0,,,Other,,,,1.0
1754.0,ssp119,0.07281932159291687,ssp119,0.07281932159291687,0.0,,,Other,,,,1.0
1754.0,ssp119_BC_Marine_striving,0.07281932159291687,ssp119,0.07281932159291687,0.0,non-CO2,BC,Marine,0.07281932159291687,0.0,0.0,1.0
1754.0,ssp119_BC_off-road_striving,0.07281932159291687,ssp119,0.07281932159291687,0.0,non-CO2,BC,off-road,0.07281932159291687,0.0,0.0,1.0
1754.0,ssp119_BC_on-road_striving,0.07281932159291687,ssp119,0.07281932159291687,0.0,non-CO2,BC,on-road,0.07281932159291687,0.0,0.0,1.0
1754.0,ssp119_CH4_Marine_striving,0.07281932159291687,ssp119,0.07281932159291687,0.0,non-CO2,CH4,Marine,0.07281932159291687,0.0,0.0,1.0
1754.0,ssp119_CH4_off-road_striving,0.07281932159291687,ssp119,0.07281932159291687,0.0,non-CO2,CH4,off-road,0.07281932159291687,0.0,0.0,1.0
1754.0,ssp119_CH4_on-road_striving,0.07281932159291687,ssp119,0.07281932159291687,0.0,non-CO2,CH4,on-road,0.07281932159291687,0.0,0.0,1.0
1754.0,ssp119_CO2 FFI_Marine_striving,0.07281932159291687,ssp119,0.07281932159291687,0.0,CO2,CO2 FFI,Marine,0.07281932159291687,0.0,0.0,1.0
1754.0,ssp119_CO2 FFI_off-road_striving,0.07281932159291687,ssp119,0.07281932159291687,0.0,CO2,CO2 FFI,off-road,0.07281932159291687,0.0,0.0,1.0
1754.0,ssp119_CO2 FFI_on-road_striving,0.07281932159291687,ssp119,0.07281932159291687,0.0,CO2,CO2 FFI,on-road,0.07281932159291687,0.0,0.0,1.0
1754.0,ssp119_N2O_Marine_striving,0.07281932159291687,ssp119,0.07281932159291687,0.0,non-CO2,N2O,Marine,0.07281932159291687,0.0,0.0,1.0
1754.0,ssp119_N2O_off-road_striving,0.07281932159291687,ssp119,0.07281932159291687,0.0,non-CO2,N2O,off-road,0.07281932159291687,0.0,0.0,1.0
1754.0,ssp119_N2O_on-road_striving,0.07281932159291687,ssp119,0.07281932159291687,0.0,non-CO2,N2O,on-road,0.07281932159291687,0.0,0.0,1.0
1754.0,ssp119_Sulfur_Marine_striving,0.07281932159291687,ssp119,0.07281932159291687,0.0,non-CO2,Sulfur,Marine,0.07281932159291687,0.0,0.0,1.0
1754.0,ssp119_striving,0.07281932159291687,ssp119,0.07281932159291687,0.0,,,Other,,,,1.0
1754.0,ssp119_zero_tra,0.07281932159291687,ssp119,0.07281932159291687,0.0,,,Other,,,,1.0
1755.0,ssp119,0.024845473225838185,ssp119,0.024845473225838185,0.0,,,Other,,,,1.0
1755.0,ssp119_BC_Marine_striving,0.024845473225838185,ssp119,0.024845473225838185,0.0,non-CO2,BC,Marine,0.024845473225838185,0.0,0.0,1.0
1755.0,ssp119_BC_off-road_striving,0.024845473225838185,ssp119,0.024845473225838185,0.0,non-CO2,BC,off-road,0.024845473225838185,0.0,0.0,1.0
1755.0,ssp119_BC_on-road_striving,0.024845473225838185,ssp119,0.024845473225838185,0.0,non-CO2,BC,on-road,0.024845473225838185,0.0,0.0,1.0
1755.0,ssp119_CH4_Marine_striving,0.024845473225838185,ssp119,0.024845473225838185,0.0,non-CO2,CH4,Marine,0.024845473225838185,0.0,0.0,1.0
1755.0,ssp119_CH4_off-road_striving,0.024845473225838185,ssp119,0.024845473225838185,0.0,non-CO2,CH4,off-road,0.024845473225838185,0.0,0.0,1.0
1755.0,ssp119_CH4_on-road_striving,0.024845473225838185,ssp119,0.024845473225838185,0.0,non-CO2,CH4,on-road,0.024845473225838185,0.0,0.0,1.0
1755.0,ssp119_CO2 FFI_Marine_striving,0.024845473225838185,ssp119,0.024845473225838185,0.0,CO2,CO2 FFI,Marine,0.024845473225838185,0.0,0.0,1.0
1755.0,ssp119_CO2 FFI_off-road_striving,0.024845473225838185,ssp119,0.024845473225838185,0.0,CO2,CO2 FFI,off-road,0.024845473225838185,0.0,0.0,1.0
1755.0,ssp119_CO2 FFI_on-road_striving,0.024845473225838185,ssp119,0.024845473225838185,0.0,CO2,CO2 FFI,on-road,0.024845473225838185,0.0,0.0,1.0
1755.0,ssp119_N2O_Marine_striving,0.024845473225838185,ssp119,0.024845473225838185,0.0,non-CO2,N2O,Marine,0.024845473225838185,0.0,0.0,1.0
1755.0,ssp119_N2O_off-road_striving,0.024845473225838185,ssp119,0.024845473225838185,0.0,non-CO2,N2O,off-road,0.024845473225838185,0.0,0.0,1.0
1755.0,ssp119_N2O_on-road_striving,0.024845473225838185,ssp119,0.024845473225838185,0.0,non-CO2,N2O,on-road,0.024845473225838185,0.0,0.0,1.0
1755.0,ssp119_Sulfur_Marine_striving,0.024845473225838185,ssp119,0.024845473225838185,0.0,non-CO2,Sulfur,Marine,0.024845473225838185,0.0,0.0,1.0
1755.0,ssp119_striving,0.024845473225838185,ssp119,0.024845473225838185,0.0,,,Other,,,,1.0
1755.0,ssp119_zero_tra,0.024845473225838185,ssp119,0.024845473225838185,0.0,,,Other,,,,1.0
1756.0,ssp119,0.007644770900158526,ssp119,0.007644770900158526,0.0,,,Other,,,,1.0
1756.0,ssp119_BC_Marine_striving,0.007644770900158526,ssp119,0.007644770900158526,0.0,non-CO2,BC,Marine,0.007644770900158526,0.0,0.0,1.0
1756.0,ssp119_BC_off-road_striving,0.007644770900158526,ssp119,0.007644770900158526,0.0,non-CO2,BC,off-road,0.007644770900158526,0.0,0.0,1.0
1756.0,ssp119_BC_on-road_striving,0.007644770900158526,ssp119,0.007644770900158526,0.0,non-CO2,BC,on-road,0.007644770900158526,0.0,0.0,1.0
1756.0,ssp119_CH4_Marine_striving,0.007644770900158526,ssp119,0.007644770900158526,0.0,non-CO2,CH4,Marine,0.007644770900158526,0.0,0.0,1.0
1756.0,ssp119_CH4_off-road_striving,0.007644770900158526,ssp119,0.007644770900158526,0.0,non-CO2,CH4,off-road,0.007644770900158526,0.0,0.0,1.0
1756.0,ssp119_CH4_on-road_striving,0.007644770900158526,ssp119,0.007644770900158526,0.0,non-CO2,CH4,on-road,0.007644770900158526,0.0,0.0,1.0
1756.0,ssp119_CO2 FFI_Marine_striving,0.007644770900158526,ssp119,0.007644770900158526,0.0,CO2,CO2 FFI,Marine,0.007644770900158526,0.0,0.0,1.0
1756.0,ssp119_CO2 FFI_off-road_striving,0.007644770900158526,ssp119,0.007644770900158526,0.0,CO2,CO2 FFI,off-road,0.007644770900158526,0.0,0.0,1.0
1756.0,ssp119_CO2 FFI_on-road_striving,0.007644770900158526,ssp119,0.007644770900158526,0.0,CO2,CO2 FFI,on-road,0.007644770900158526,0.0,0.0,1.0
1756.0,ssp119_N2O_Marine_striving,0.007644770900158526,ssp119,0.007644770900158526,0.0,non-CO2,N2O,Marine,0.007644770900158526,0.0,0.0,1.0
1756.0,ssp119_N2O_off-road_striving,0.007644770900158526,ssp119,0.007644770900158526,0.0,non-CO2,N2O,off-road,0.007644770900158526,0.0,0.0,1.0
1756.0,ssp119_N2O_on-road_striving,0.007644770900158526,ssp119,0.007644770900158526,0.0,non-CO2,N2O,on-road,0.007644770900158526,0.0,0.0,1.0
1756.0,ssp119_Sulfur_Marine_striving,0.007644770900158526,ssp119,0.007644770900158526,0.0,non-CO2,Sulfur,Marine,0.007644770900158526,0.0,0.0,1.0
1756.0,ssp119_striving,0.007644770900158526,ssp119,0.007644770900158526,0.0,,,Other,,,,1.0
1756.0,ssp119_zero_tra,0.007644770900158526,ssp119,0.007644770900158526,0.0,,,Other,,,,1.0
1757.0,ssp119,0.014305548374041565,ssp119,0.014305548374041565,0.0,,,Other,,,,1.0
1757.0,ssp119_BC_Marine_striving,0.014305548374041565,ssp119,0.014305548374041565,0.0,non-CO2,BC,Marine,0.014305548374041565,0.0,0.0,1.0
1757.0,ssp119_BC_off-road_striving,0.014305548374041565,ssp119,0.014305548374041565,0.0,non-CO2,BC,off-road,0.014305548374041565,0.0,0.0,1.0
1757.0,ssp119_BC_on-road_striving,0.014305548374041565,ssp119,0.014305548374041565,0.0,non-CO2,BC,on-road,0.014305548374041565,0.0,0.0,1.0
1757.0,ssp119_CH4_Marine_striving,0.014305548374041565,ssp119,0.014305548374041565,0.0,non-CO2,CH4,Marine,0.014305548374041565,0.0,0.0,1.0
1757.0,ssp119_CH4_off-road_striving,0.014305548374041565,ssp119,0.014305548374041565,0.0,non-CO2,CH4,off-road,0.014305548374041565,0.0,0.0,1.0
1757.0,ssp119_CH4_on-road_striving,0.014305548374041565,ssp119,0.014305548374041565,0.0,non-CO2,CH4,on-road,0.014305548374041565,0.0,0.0,1.0
1757.0,ssp119_CO2 FFI_Marine_striving,0.014305548374041565,ssp119,0.014305548374041565,0.0,CO2,CO2 FFI,Marine,0.014305548374041565,0.0,0.0,1.0
1757.0,ssp119_CO2 FFI_off-road_striving,0.014305548374041565,ssp119,0.014305548374041565,0.0,CO2,CO2 FFI,off-road,0.014305548374041565,0.0,0.0,1.0
1757.0,ssp119_CO2 FFI_on-road_striving,0.014305548374041565,ssp119,0.014305548374041565,0.0,CO2,CO2 FFI,on-road,0.014305548374041565,0.0,0.0,1.0
1757.0,ssp119_N2O_Marine_striving,0.014305548374041565,ssp119,0.014305548374041565,0.0,non-CO2,N2O,Marine,0.014305548374041565,0.0,0.0,1.0
1757.0,ssp119_N2O_off-road_striving,0.014305548374041565,ssp119,0.014305548374041565,0.0,non-CO2,N2O,off-road,0.014305548374041565,0.0,0.0,1.0
1757.0,ssp119_N2O_on-road_striving,0.014305548374041565,ssp119,0.014305548374041565,0.0,non-CO2,N2O,on-road,0.014305548374041565,0.0,0.0,1.0
1757.0,ssp119_Sulfur_Marine_striving,0.014305548374041565,ssp119,0.014305548374041565,0.0,non-CO2,Sulfur,Marine,0.014305548374041565,0.0,0.0,1.0
1757.0,ssp119_striving,0.014305548374041565,ssp119,0.014305548374041565,0.0,,,Other,,,,1.0
1757.0,ssp119_zero_tra,0.014305548374041565,ssp119,0.014305548374041565,0.0,,,Other,,,,1.0
1758.0,ssp119,0.04082566433667545,ssp119,0.04082566433667545,0.0,,,Other,,,,1.0
1758.0,ssp119_BC_Marine_striving,0.04082566433667545,ssp119,0.04082566433667545,0.0,non-CO2,BC,Marine,0.04082566433667545,0.0,0.0,1.0
1758.0,ssp119_BC_off-road_striving,0.04082566433667545,ssp119,0.04082566433667545,0.0,non-CO2,BC,off-road,0.04082566433667545,0.0,0.0,1.0
1758.0,ssp119_BC_on-road_striving,0.04082566433667545,ssp119,0.04082566433667545,0.0,non-CO2,BC,on-road,0.04082566433667545,0.0,0.0,1.0
1758.0,ssp119_CH4_Marine_striving,0.04082566433667545,ssp119,0.04082566433667545,0.0,non-CO2,CH4,Marine,0.04082566433667545,0.0,0.0,1.0
1758.0,ssp119_CH4_off-road_striving,0.04082566433667545,ssp119,0.04082566433667545,0.0,non-CO2,CH4,off-road,0.04082566433667545,0.0,0.0,1.0
1758.0,ssp119_CH4_on-road_striving,0.04082566433667545,ssp119,0.04082566433667545,0.0,non-CO2,CH4,on-road,0.04082566433667545,0.0,0.0,1.0
1758.0,ssp119_CO2 FFI_Marine_striving,0.04082566433667545,ssp119,0.04082566433667545,0.0,CO2,CO2 FFI,Marine,0.04082566433667545,0.0,0.0,1.0
1758.0,ssp119_CO2 FFI_off-road_striving,0.04082566433667545,ssp119,0.04082566433667545,0.0,CO2,CO2 FFI,off-road,0.04082566433667545,0.0,0.0,1.0
1758.0,ssp119_CO2 FFI_on-road_striving,0.04082566433667545,ssp119,0.04082566433667545,0.0,CO2,CO2 FFI,on-road,0.04082566433667545,0.0,0.0,1.0
1758.0,ssp119_N2O_Marine_striving,0.04082566433667545,ssp119,0.04082566433667545,0.0,non-CO2,N2O,Marine,0.04082566433667545,0.0,0.0,1.0
1758.0,ssp119_N2O_off-road_striving,0.04082566433667545,ssp119,0.04082566433667545,0.0,non-CO2,N2O,off-road,0.04082566433667545,0.0,0.0,1.0
1758.0,ssp119_N2O_on-road_striving,0.04082566433667545,ssp119,0.04082566433667545,0.0,non-CO2,N2O,on-road,0.04082566433667545,0.0,0.0,1.0
1758.0,ssp119_Sulfur_Marine_striving,0.04082566433667545,ssp119,0.04082566433667545,0.0,non-CO2,Sulfur,Marine,0.04082566433667545,0.0,0.0,1.0
1758.0,ssp119_striving,0.04082566433667545,ssp119,0.04082566433667545,0.0,,,Other,,,,1.0
1758.0,ssp119_zero_tra,0.04082566433667545,ssp119,0.04082566433667545,0.0,,,Other,,,,1.0
1759.0,ssp119,0.08348260579588393,ssp119,0.08348260579588393,0.0,,,Other,,,,1.0
1759.0,ssp119_BC_Marine_striving,0.08348260579588393,ssp119,0.08348260579588393,0.0,non-CO2,BC,Marine,0.08348260579588393,0.0,0.0,1.0
1759.0,ssp119_BC_off-road_striving,0.08348260579588393,ssp119,0.08348260579588393,0.0,non-CO2,BC,off-road,0.08348260579588393,0.0,0.0,1.0
1759.0,ssp119_BC_on-road_striving,0.08348260579588393,ssp119,0.08348260579588393,0.0,non-CO2,BC,on-road,0.08348260579588393,0.0,0.0,1.0
1759.0,ssp119_CH4_Marine_striving,0.08348260579588393,ssp119,0.08348260579588393,0.0,non-CO2,CH4,Marine,0.08348260579588393,0.0,0.0,1.0
1759.0,ssp119_CH4_off-road_striving,0.08348260579588393,ssp119,0.08348260579588393,0.0,non-CO2,CH4,off-road,0.08348260579588393,0.0,0.0,1.0
1759.0,ssp119_CH4_on-road_striving,0.08348260579588393,ssp119,0.08348260579588393,0.0,non-CO2,CH4,on-road,0.08348260579588393,0.0,0.0,1.0
1759.0,ssp119_CO2 FFI_Marine_striving,0.08348260579588393,ssp119,0.08348260579588393,0.0,CO2,CO2 FFI,Marine,0.08348260579588393,0.0,0.0,1.0
1759.0,ssp119_CO2 FFI_off-road_striving,0.08348260579588393,ssp119,0.08348260579588393,0.0,CO2,CO2 FFI,off-road,0.08348260579588393,0.0,0.0,1.0
1759.0,ssp119_CO2 FFI_on-road_striving,0.08348260579588393,ssp119,0.08348260579588393,0.0,CO2,CO2 FFI,on-road,0.08348260579588393,0.0,0.0,1.0
1759.0,ssp119_N2O_Marine_striving,0.08348260579588393,ssp119,0.08348260579588393,0.0,non-CO2,N2O,Marine,0.08348260579588393,0.0,0.0,1.0
1759.0,ssp119_N2O_off-road_striving,0.08348260579588393,ssp119,0.08348260579588393,0.0,non-CO2,N2O,off-road,0.08348260579588393,0.0,0.0,1.0
1759.0,ssp119_N2O_on-road_striving,0.08348260579588393,ssp119,0.08348260579588393,0.0,non-CO2,N2O,on-road,0.08348260579588393,0.0,0.0,1.0
1759.0,ssp119_Sulfur_Marine_striving,0.08348260579588393,ssp119,0.08348260579588393,0.0,non-CO2,Sulfur,Marine,0.08348260579588393,0.0,0.0,1.0
1759.0,ssp119_striving,0.08348260579588393,ssp119,0.08348260579588393,0.0,,,Other,,,,1.0
1759.0,ssp119_zero_tra,0.08348260579588393,ssp119,0.08348260579588393,0.0,,,Other,,,,1.0
1760.0,ssp119,0.09561242910909842,ssp119,0.09561242910909842,0.0,,,Other,,,,1.0
1760.0,ssp119_BC_Marine_striving,0.09561242910909842,ssp119,0.09561242910909842,0.0,non-CO2,BC,Marine,0.09561242910909842,0.0,0.0,1.0
1760.0,ssp119_BC_off-road_striving,0.09561242910909842,ssp119,0.09561242910909842,0.0,non-CO2,BC,off-road,0.09561242910909842,0.0,0.0,1.0
1760.0,ssp119_BC_on-road_striving,0.09561242910909842,ssp119,0.09561242910909842,0.0,non-CO2,BC,on-road,0.09561242910909842,0.0,0.0,1.0
1760.0,ssp119_CH4_Marine_striving,0.09561242910909842,ssp119,0.09561242910909842,0.0,non-CO2,CH4,Marine,0.09561242910909842,0.0,0.0,1.0
1760.0,ssp119_CH4_off-road_striving,0.09561242910909842,ssp119,0.09561242910909842,0.0,non-CO2,CH4,off-road,0.09561242910909842,0.0,0.0,1.0
1760.0,ssp119_CH4_on-road_striving,0.09561242910909842,ssp119,0.09561242910909842,0.0,non-CO2,CH4,on-road,0.09561242910909842,0.0,0.0,1.0
1760.0,ssp119_CO2 FFI_Marine_striving,0.09561242910909842,ssp119,0.09561242910909842,0.0,CO2,CO2 FFI,Marine,0.09561242910909842,0.0,0.0,1.0
1760.0,ssp119_CO2 FFI_off-road_striving,0.09561242910909842,ssp119,0.09561242910909842,0.0,CO2,CO2 FFI,off-road,0.09561242910909842,0.0,0.0,1.0
1760.0,ssp119_CO2 FFI_on-road_striving,0.09561242910909842,ssp119,0.09561242910909842,0.0,CO2,CO2 FFI,on-road,0.09561242910909842,0.0,0.0,1.0
1760.0,ssp119_N2O_Marine_striving,0.09561242910909842,ssp119,0.09561242910909842,0.0,non-CO2,N2O,Marine,0.09561242910909842,0.0,0.0,1.0
1760.0,ssp119_N2O_off-road_striving,0.09561242910909842,ssp119,0.09561242910909842,0.0,non-CO2,N2O,off-road,0.09561242910909842,0.0,0.0,1.0
1760.0,ssp119_N2O_on-road_striving,0.09561242910909842,ssp119,0.09561242910909842,0.0,non-CO2,N2O,on-road,0.09561242910909842,0.0,0.0,1.0
1760.0,ssp119_Sulfur_Marine_striving,0.09561242910909842,ssp119,0.09561242910909842,0.0,non-CO2,Sulfur,Marine,0.09561242910909842,0.0,0.0,1.0
1760.0,ssp119_striving,0.09561242910909842,ssp119,0.09561242910909842,0.0,,,Other,,,,1.0
1760.0,ssp119_zero_tra,0.09561242910909842,ssp119,0.09561242910909842,0.0,,,Other,,,,1.0
1761.0,ssp119,0.09888905493420612,ssp119,0.09888905493420612,0.0,,,Other,,,,1.0
1761.0,ssp119_BC_Marine_striving,0.09888905493420612,ssp119,0.09888905493420612,0.0,non-CO2,BC,Marine,0.09888905493420612,0.0,0.0,1.0
1761.0,ssp119_BC_off-road_striving,0.09888905493420612,ssp119,0.09888905493420612,0.0,non-CO2,BC,off-road,0.09888905493420612,0.0,0.0,1.0
1761.0,ssp119_BC_on-road_striving,0.09888905493420612,ssp119,0.09888905493420612,0.0,non-CO2,BC,on-road,0.09888905493420612,0.0,0.0,1.0
1761.0,ssp119_CH4_Marine_striving,0.09888905493420612,ssp119,0.09888905493420612,0.0,non-CO2,CH4,Marine,0.09888905493420612,0.0,0.0,1.0
1761.0,ssp119_CH4_off-road_striving,0.09888905493420612,ssp119,0.09888905493420612,0.0,non-CO2,CH4,off-road,0.09888905493420612,0.0,0.0,1.0
1761.0,ssp119_CH4_on-road_striving,0.09888905493420612,ssp119,0.09888905493420612,0.0,non-CO2,CH4,on-road,0.09888905493420612,0.0,0.0,1.0
1761.0,ssp119_CO2 FFI_Marine_striving,0.09888905493420612,ssp119,0.09888905493420612,0.0,CO2,CO2 FFI,Marine,0.09888905493420612,0.0,0.0,1.0
1761.0,ssp119_CO2 FFI_off-road_striving,0.09888905493420612,ssp119,0.09888905493420612,0.0,CO2,CO2 FFI,off-road,0.09888905493420612,0.0,0.0,1.0
1761.0,ssp119_CO2 FFI_on-road_striving,0.09888905493420612,ssp119,0.09888905493420612,0.0,CO2,CO2 FFI,on-road,0.09888905493420612,0.0,0.0,1.0
1761.0,ssp119_N2O_Marine_striving,0.09888905493420612,ssp119,0.09888905493420612,0.0,non-CO2,N2O,Marine,0.09888905493420612,0.0,0.0,1.0
1761.0,ssp119_N2O_off-road_striving,0.09888905493420612,ssp119,0.09888905493420612,0.0,non-CO2,N2O,off-road,0.09888905493420612,0.0,0.0,1.0
1761.0,ssp119_N2O_on-road_striving,0.09888905493420612,ssp119,0.09888905493420612,0.0,non-CO2,N2O,on-road,0.09888905493420612,0.0,0.0,1.0
1761.0,ssp119_Sulfur_Marine_striving,0.09888905493420612,ssp119,0.09888905493420612,0.0,non-CO2,Sulfur,Marine,0.09888905493420612,0.0,0.0,1.0
1761.0,ssp119_striving,0.09888905493420612,ssp119,0.09888905493420612,0.0,,,Other,,,,1.0
1761.0,ssp119_zero_tra,0.09888905493420612,ssp119,0.09888905493420612,0.0,,,Other,,,,1.0
1762.0,ssp119,0.12066004934926514,ssp119,0.12066004934926514,0.0,,,Other,,,,1.0
1762.0,ssp119_BC_Marine_striving,0.12066004934926514,ssp119,0.12066004934926514,0.0,non-CO2,BC,Marine,0.12066004934926514,0.0,0.0,1.0
1762.0,ssp119_BC_off-road_striving,0.12066004934926514,ssp119,0.12066004934926514,0.0,non-CO2,BC,off-road,0.12066004934926514,0.0,0.0,1.0
1762.0,ssp119_BC_on-road_striving,0.12066004934926514,ssp119,0.12066004934926514,0.0,non-CO2,BC,on-road,0.12066004934926514,0.0,0.0,1.0
1762.0,ssp119_CH4_Marine_striving,0.12066004934926514,ssp119,0.12066004934926514,0.0,non-CO2,CH4,Marine,0.12066004934926514,0.0,0.0,1.0
1762.0,ssp119_CH4_off-road_striving,0.12066004934926514,ssp119,0.12066004934926514,0.0,non-CO2,CH4,off-road,0.12066004934926514,0.0,0.0,1.0
1762.0,ssp119_CH4_on-road_striving,0.12066004934926514,ssp119,0.12066004934926514,0.0,non-CO2,CH4,on-road,0.12066004934926514,0.0,0.0,1.0
1762.0,ssp119_CO2 FFI_Marine_striving,0.12066004934926514,ssp119,0.12066004934926514,0.0,CO2,CO2 FFI,Marine,0.12066004934926514,0.0,0.0,1.0
1762.0,ssp119_CO2 FFI_off-road_striving,0.12066004934926514,ssp119,0.12066004934926514,0.0,CO2,CO2 FFI,off-road,0.12066004934926514,0.0,0.0,1.0
1762.0,ssp119_CO2 FFI_on-road_striving,0.12066004934926514,ssp119,0.12066004934926514,0.0,CO2,CO2 FFI,on-road,0.12066004934926514,0.0,0.0,1.0
1762.0,ssp119_N2O_Marine_striving,0.12066004934926514,ssp119,0.12066004934926514,0.0,non-CO2,N2O,Marine,0.12066004934926514,0.0,0.0,1.0
1762.0,ssp119_N2O_off-road_striving,0.12066004934926514,ssp119,0.12066004934926514,0.0,non-CO2,N2O,off-road,0.12066004934926514,0.0,0.0,1.0
1762.0,ssp119_N2O_on-road_striving,0.12066004934926514,ssp119,0.12066004934926514,0.0,non-CO2,N2O,on-road,0.12066004934926514,0.0,0.0,1.0
1762.0,ssp119_Sulfur_Marine_striving,0.12066004934926514,ssp119,0.12066004934926514,0.0,non-CO2,Sulfur,Marine,0.12066004934926514,0.0,0.0,1.0
1762.0,ssp119_striving,0.12066004934926514,ssp119,0.12066004934926514,0.0,,,Other,,,,1.0
1762.0,ssp119_zero_tra,0.12066004934926514,ssp119,0.12066004934926514,0.0,,,Other,,,,1.0
1763.0,ssp119,-0.07328025517241747,ssp119,-0.07328025517241747,0.0,,,Other,,,,1.0
1763.0,ssp119_BC_Marine_striving,-0.07328025517241747,ssp119,-0.07328025517241747,0.0,non-CO2,BC,Marine,-0.07328025517241747,0.0,0.0,1.0
1763.0,ssp119_BC_off-road_striving,-0.07328025517241747,ssp119,-0.07328025517241747,0.0,non-CO2,BC,off-road,-0.07328025517241747,0.0,0.0,1.0
1763.0,ssp119_BC_on-road_striving,-0.07328025517241747,ssp119,-0.07328025517241747,0.0,non-CO2,BC,on-road,-0.07328025517241747,0.0,0.0,1.0
1763.0,ssp119_CH4_Marine_striving,-0.07328025517241747,ssp119,-0.07328025517241747,0.0,non-CO2,CH4,Marine,-0.07328025517241747,0.0,0.0,1.0
1763.0,ssp119_CH4_off-road_striving,-0.07328025517241747,ssp119,-0.07328025517241747,0.0,non-CO2,CH4,off-road,-0.07328025517241747,0.0,0.0,1.0
1763.0,ssp119_CH4_on-road_striving,-0.07328025517241747,ssp119,-0.07328025517241747,0.0,non-CO2,CH4,on-road,-0.07328025517241747,0.0,0.0,1.0
1763.0,ssp119_CO2 FFI_Marine_striving,-0.07328025517241747,ssp119,-0.07328025517241747,0.0,CO2,CO2 FFI,Marine,-0.07328025517241747,0.0,0.0,1.0
1763.0,ssp119_CO2 FFI_off-road_striving,-0.07328025517241747,ssp119,-0.07328025517241747,0.0,CO2,CO2 FFI,off-road,-0.07328025517241747,0.0,0.0,1.0
1763.0,ssp119_CO2 FFI_on-road_striving,-0.07328025517241747,ssp119,-0.07328025517241747,0.0,CO2,CO2 FFI,on-road,-0.07328025517241747,0.0,0.0,1.0
1763.0,ssp119_N2O_Marine_striving,-0.07328025517241747,ssp119,-0.07328025517241747,0.0,non-CO2,N2O,Marine,-0.07328025517241747,0.0,0.0,1.0
1763.0,ssp119_N2O_off-road_striving,-0.07328025517241747,ssp119,-0.07328025517241747,0.0,non-CO2,N2O,off-road,-0.07328025517241747,0.0,0.0,1.0
1763.0,ssp119_N2O_on-road_striving,-0.07328025517241747,ssp119,-0.07328025517241747,0.0,non-CO2,N2O,on-road,-0.07328025517241747,0.0,0.0,1.0
1763.0,ssp119_Sulfur_Marine_striving,-0.07328025517241747,ssp119,-0.07328025517241747,0.0,non-CO2,Sulfur,Marine,-0.07328025517241747,0.0,0.0,1.0
1763.0,ssp119_striving,-0.07328025517241747,ssp119,-0.07328025517241747,0.0,,,Other,,,,1.0
1763.0,ssp119_zero_tra,-0.07328025517241747,ssp119,-0.07328025517241747,0.0,,,Other,,,,1.0
1764.0,ssp119,-0.1121445844993143,ssp119,-0.1121445844993143,0.0,,,Other,,,,1.0
1764.0,ssp119_BC_Marine_striving,-0.1121445844993143,ssp119,-0.1121445844993143,0.0,non-CO2,BC,Marine,-0.1121445844993143,0.0,0.0,1.0
1764.0,ssp119_BC_off-road_striving,-0.1121445844993143,ssp119,-0.1121445844993143,0.0,non-CO2,BC,off-road,-0.1121445844993143,0.0,0.0,1.0
1764.0,ssp119_BC_on-road_striving,-0.1121445844993143,ssp119,-0.1121445844993143,0.0,non-CO2,BC,on-road,-0.1121445844993143,0.0,0.0,1.0
1764.0,ssp119_CH4_Marine_striving,-0.1121445844993143,ssp119,-0.1121445844993143,0.0,non-CO2,CH4,Marine,-0.1121445844993143,0.0,0.0,1.0
1764.0,ssp119_CH4_off-road_striving,-0.1121445844993143,ssp119,-0.1121445844993143,0.0,non-CO2,CH4,off-road,-0.1121445844993143,0.0,0.0,1.0
1764.0,ssp119_CH4_on-road_striving,-0.1121445844993143,ssp119,-0.1121445844993143,0.0,non-CO2,CH4,on-road,-0.1121445844993143,0.0,0.0,1.0
1764.0,ssp119_CO2 FFI_Marine_striving,-0.1121445844993143,ssp119,-0.1121445844993143,0.0,CO2,CO2 FFI,Marine,-0.1121445844993143,0.0,0.0,1.0
1764.0,ssp119_CO2 FFI_off-road_striving,-0.1121445844993143,ssp119,-0.1121445844993143,0.0,CO2,CO2 FFI,off-road,-0.1121445844993143,0.0,0.0,1.0
1764.0,ssp119_CO2 FFI_on-road_striving,-0.1121445844993143,ssp119,-0.1121445844993143,0.0,CO2,CO2 FFI,on-road,-0.1121445844993143,0.0,0.0,1.0
1764.0,ssp119_N2O_Marine_striving,-0.1121445844993143,ssp119,-0.1121445844993143,0.0,non-CO2,N2O,Marine,-0.1121445844993143,0.0,0.0,1.0
1764.0,ssp119_N2O_off-road_striving,-0.1121445844993143,ssp119,-0.1121445844993143,0.0,non-CO2,N2O,off-road,-0.1121445844993143,0.0,0.0,1.0
1764.0,ssp119_N2O_on-road_striving,-0.1121445844993143,ssp119,-0.1121445844993143,0.0,non-CO2,N2O,on-road,-0.1121445844993143,0.0,0.0,1.0
1764.0,ssp119_Sulfur_Marine_striving,-0.1121445844993143,ssp119,-0.1121445844993143,0.0,non-CO2,Sulfur,Marine,-0.1121445844993143,0.0,0.0,1.0
1764.0,ssp119_striving,-0.1121445844993143,ssp119,-0.1121445844993143,0.0,,,Other,,,,1.0
1764.0,ssp119_zero_tra,-0.1121445844993143,ssp119,-0.1121445844993143,0.0,,,Other,,,,1.0
1765.0,ssp119,-0.07311123553162058,ssp119,-0.07311123553162058,0.0,,,Other,,,,1.0
1765.0,ssp119_BC_Marine_striving,-0.07311123553162058,ssp119,-0.07311123553162058,0.0,non-CO2,BC,Marine,-0.07311123553162058,0.0,0.0,1.0
1765.0,ssp119_BC_off-road_striving,-0.07311123553162058,ssp119,-0.07311123553162058,0.0,non-CO2,BC,off-road,-0.07311123553162058,0.0,0.0,1.0
1765.0,ssp119_BC_on-road_striving,-0.07311123553162058,ssp119,-0.07311123553162058,0.0,non-CO2,BC,on-road,-0.07311123553162058,0.0,0.0,1.0
1765.0,ssp119_CH4_Marine_striving,-0.07311123553162058,ssp119,-0.07311123553162058,0.0,non-CO2,CH4,Marine,-0.07311123553162058,0.0,0.0,1.0
1765.0,ssp119_CH4_off-road_striving,-0.07311123553162058,ssp119,-0.07311123553162058,0.0,non-CO2,CH4,off-road,-0.07311123553162058,0.0,0.0,1.0
1765.0,ssp119_CH4_on-road_striving,-0.07311123553162058,ssp119,-0.07311123553162058,0.0,non-CO2,CH4,on-road,-0.07311123553162058,0.0,0.0,1.0
1765.0,ssp119_CO2 FFI_Marine_striving,-0.07311123553162058,ssp119,-0.07311123553162058,0.0,CO2,CO2 FFI,Marine,-0.07311123553162058,0.0,0.0,1.0
1765.0,ssp119_CO2 FFI_off-road_striving,-0.07311123553162058,ssp119,-0.07311123553162058,0.0,CO2,CO2 FFI,off-road,-0.07311123553162058,0.0,0.0,1.0
1765.0,ssp119_CO2 FFI_on-road_striving,-0.07311123553162058,ssp119,-0.07311123553162058,0.0,CO2,CO2 FFI,on-road,-0.07311123553162058,0.0,0.0,1.0
1765.0,ssp119_N2O_Marine_striving,-0.07311123553162058,ssp119,-0.07311123553162058,0.0,non-CO2,N2O,Marine,-0.07311123553162058,0.0,0.0,1.0
1765.0,ssp119_N2O_off-road_striving,-0.07311123553162058,ssp119,-0.07311123553162058,0.0,non-CO2,N2O,off-road,-0.07311123553162058,0.0,0.0,1.0
1765.0,ssp119_N2O_on-road_striving,-0.07311123553162058,ssp119,-0.07311123553162058,0.0,non-CO2,N2O,on-road,-0.07311123553162058,0.0,0.0,1.0
1765.0,ssp119_Sulfur_Marine_striving,-0.07311123553162058,ssp119,-0.07311123553162058,0.0,non-CO2,Sulfur,Marine,-0.07311123553162058,0.0,0.0,1.0
1765.0,ssp119_striving,-0.07311123553162058,ssp119,-0.07311123553162058,0.0,,,Other,,,,1.0
1765.0,ssp119_zero_tra,-0.07311123553162058,ssp119,-0.07311123553162058,0.0,,,Other,,,,1.0
1766.0,ssp119,-0.033698964235378895,ssp119,-0.033698964235378895,0.0,,,Other,,,,1.0
1766.0,ssp119_BC_Marine_striving,-0.033698964235378895,ssp119,-0.033698964235378895,0.0,non-CO2,BC,Marine,-0.033698964235378895,0.0,0.0,1.0
1766.0,ssp119_BC_off-road_striving,-0.033698964235378895,ssp119,-0.033698964235378895,0.0,non-CO2,BC,off-road,-0.033698964235378895,0.0,0.0,1.0
1766.0,ssp119_BC_on-road_striving,-0.033698964235378895,ssp119,-0.033698964235378895,0.0,non-CO2,BC,on-road,-0.033698964235378895,0.0,0.0,1.0
1766.0,ssp119_CH4_Marine_striving,-0.033698964235378895,ssp119,-0.033698964235378895,0.0,non-CO2,CH4,Marine,-0.033698964235378895,0.0,0.0,1.0
1766.0,ssp119_CH4_off-road_striving,-0.033698964235378895,ssp119,-0.033698964235378895,0.0,non-CO2,CH4,off-road,-0.033698964235378895,0.0,0.0,1.0
1766.0,ssp119_CH4_on-road_striving,-0.033698964235378895,ssp119,-0.033698964235378895,0.0,non-CO2,CH4,on-road,-0.033698964235378895,0.0,0.0,1.0
1766.0,ssp119_CO2 FFI_Marine_striving,-0.033698964235378895,ssp119,-0.033698964235378895,0.0,CO2,CO2 FFI,Marine,-0.033698964235378895,0.0,0.0,1.0
1766.0,ssp119_CO2 FFI_off-road_striving,-0.033698964235378895,ssp119,-0.033698964235378895,0.0,CO2,CO2 FFI,off-road,-0.033698964235378895,0.0,0.0,1.0
1766.0,ssp119_CO2 FFI_on-road_striving,-0.033698964235378895,ssp119,-0.033698964235378895,0.0,CO2,CO2 FFI,on-road,-0.033698964235378895,0.0,0.0,1.0
1766.0,ssp119_N2O_Marine_striving,-0.033698964235378895,ssp119,-0.033698964235378895,0.0,non-CO2,N2O,Marine,-0.033698964235378895,0.0,0.0,1.0
1766.0,ssp119_N2O_off-road_striving,-0.033698964235378895,ssp119,-0.033698964235378895,0.0,non-CO2,N2O,off-road,-0.033698964235378895,0.0,0.0,1.0
1766.0,ssp119_N2O_on-road_striving,-0.033698964235378895,ssp119,-0.033698964235378895,0.0,non-CO2,N2O,on-road,-0.033698964235378895,0.0,0.0,1.0
1766.0,ssp119_Sulfur_Marine_striving,-0.033698964235378895,ssp119,-0.033698964235378895,0.0,non-CO2,Sulfur,Marine,-0.033698964235378895,0.0,0.0,1.0
1766.0,ssp119_striving,-0.033698964235378895,ssp119,-0.033698964235378895,0.0,,,Other,,,,1.0
1766.0,ssp119_zero_tra,-0.033698964235378895,ssp119,-0.033698964235378895,0.0,,,Other,,,,1.0
1767.0,ssp119,-0.0418091172893014,ssp119,-0.0418091172893014,0.0,,,Other,,,,1.0
1767.0,ssp119_BC_Marine_striving,-0.0418091172893014,ssp119,-0.0418091172893014,0.0,non-CO2,BC,Marine,-0.0418091172893014,0.0,0.0,1.0
1767.0,ssp119_BC_off-road_striving,-0.0418091172893014,ssp119,-0.0418091172893014,0.0,non-CO2,BC,off-road,-0.0418091172893014,0.0,0.0,1.0
1767.0,ssp119_BC_on-road_striving,-0.0418091172893014,ssp119,-0.0418091172893014,0.0,non-CO2,BC,on-road,-0.0418091172893014,0.0,0.0,1.0
1767.0,ssp119_CH4_Marine_striving,-0.0418091172893014,ssp119,-0.0418091172893014,0.0,non-CO2,CH4,Marine,-0.0418091172893014,0.0,0.0,1.0
1767.0,ssp119_CH4_off-road_striving,-0.0418091172893014,ssp119,-0.0418091172893014,0.0,non-CO2,CH4,off-road,-0.0418091172893014,0.0,0.0,1.0
1767.0,ssp119_CH4_on-road_striving,-0.0418091172893014,ssp119,-0.0418091172893014,0.0,non-CO2,CH4,on-road,-0.0418091172893014,0.0,0.0,1.0
1767.0,ssp119_CO2 FFI_Marine_striving,-0.0418091172893014,ssp119,-0.0418091172893014,0.0,CO2,CO2 FFI,Marine,-0.0418091172893014,0.0,0.0,1.0
1767.0,ssp119_CO2 FFI_off-road_striving,-0.0418091172893014,ssp119,-0.0418091172893014,0.0,CO2,CO2 FFI,off-road,-0.0418091172893014,0.0,0.0,1.0
1767.0,ssp119_CO2 FFI_on-road_striving,-0.0418091172893014,ssp119,-0.0418091172893014,0.0,CO2,CO2 FFI,on-road,-0.0418091172893014,0.0,0.0,1.0
1767.0,ssp119_N2O_Marine_striving,-0.0418091172893014,ssp119,-0.0418091172893014,0.0,non-CO2,N2O,Marine,-0.0418091172893014,0.0,0.0,1.0
1767.0,ssp119_N2O_off-road_striving,-0.0418091172893014,ssp119,-0.0418091172893014,0.0,non-CO2,N2O,off-road,-0.0418091172893014,0.0,0.0,1.0
1767.0,ssp119_N2O_on-road_striving,-0.0418091172893014,ssp119,-0.0418091172893014,0.0,non-CO2,N2O,on-road,-0.0418091172893014,0.0,0.0,1.0
1767.0,ssp119_Sulfur_Marine_striving,-0.0418091172893014,ssp119,-0.0418091172893014,0.0,non-CO2,Sulfur,Marine,-0.0418091172893014,0.0,0.0,1.0
1767.0,ssp119_striving,-0.0418091172893014,ssp119,-0.0418091172893014,0.0,,,Other,,,,1.0
1767.0,ssp119_zero_tra,-0.0418091172893014,ssp119,-0.0418091172893014,0.0,,,Other,,,,1.0
1768.0,ssp119,-0.06128573769002926,ssp119,-0.06128573769002926,0.0,,,Other,,,,1.0
1768.0,ssp119_BC_Marine_striving,-0.06128573769002926,ssp119,-0.06128573769002926,0.0,non-CO2,BC,Marine,-0.06128573769002926,0.0,0.0,1.0
1768.0,ssp119_BC_off-road_striving,-0.06128573769002926,ssp119,-0.06128573769002926,0.0,non-CO2,BC,off-road,-0.06128573769002926,0.0,0.0,1.0
1768.0,ssp119_BC_on-road_striving,-0.06128573769002926,ssp119,-0.06128573769002926,0.0,non-CO2,BC,on-road,-0.06128573769002926,0.0,0.0,1.0
1768.0,ssp119_CH4_Marine_striving,-0.06128573769002926,ssp119,-0.06128573769002926,0.0,non-CO2,CH4,Marine,-0.06128573769002926,0.0,0.0,1.0
1768.0,ssp119_CH4_off-road_striving,-0.06128573769002926,ssp119,-0.06128573769002926,0.0,non-CO2,CH4,off-road,-0.06128573769002926,0.0,0.0,1.0
1768.0,ssp119_CH4_on-road_striving,-0.06128573769002926,ssp119,-0.06128573769002926,0.0,non-CO2,CH4,on-road,-0.06128573769002926,0.0,0.0,1.0
1768.0,ssp119_CO2 FFI_Marine_striving,-0.06128573769002926,ssp119,-0.06128573769002926,0.0,CO2,CO2 FFI,Marine,-0.06128573769002926,0.0,0.0,1.0
1768.0,ssp119_CO2 FFI_off-road_striving,-0.06128573769002926,ssp119,-0.06128573769002926,0.0,CO2,CO2 FFI,off-road,-0.06128573769002926,0.0,0.0,1.0
1768.0,ssp119_CO2 FFI_on-road_striving,-0.06128573769002926,ssp119,-0.06128573769002926,0.0,CO2,CO2 FFI,on-road,-0.06128573769002926,0.0,0.0,1.0
1768.0,ssp119_N2O_Marine_striving,-0.06128573769002926,ssp119,-0.06128573769002926,0.0,non-CO2,N2O,Marine,-0.06128573769002926,0.0,0.0,1.0
1768.0,ssp119_N2O_off-road_striving,-0.06128573769002926,ssp119,-0.06128573769002926,0.0,non-CO2,N2O,off-road,-0.06128573769002926,0.0,0.0,1.0
1768.0,ssp119_N2O_on-road_striving,-0.06128573769002926,ssp119,-0.06128573769002926,0.0,non-CO2,N2O,on-road,-0.06128573769002926,0.0,0.0,1.0
1768.0,ssp119_Sulfur_Marine_striving,-0.06128573769002926,ssp119,-0.06128573769002926,0.0,non-CO2,Sulfur,Marine,-0.06128573769002926,0.0,0.0,1.0
1768.0,ssp119_striving,-0.06128573769002926,ssp119,-0.06128573769002926,0.0,,,Other,,,,1.0
1768.0,ssp119_zero_tra,-0.06128573769002926,ssp119,-0.06128573769002926,0.0,,,Other,,,,1.0
1769.0,ssp119,-0.04382432384523155,ssp119,-0.04382432384523155,0.0,,,Other,,,,1.0
1769.0,ssp119_BC_Marine_striving,-0.04382432384523155,ssp119,-0.04382432384523155,0.0,non-CO2,BC,Marine,-0.04382432384523155,0.0,0.0,1.0
1769.0,ssp119_BC_off-road_striving,-0.04382432384523155,ssp119,-0.04382432384523155,0.0,non-CO2,BC,off-road,-0.04382432384523155,0.0,0.0,1.0
1769.0,ssp119_BC_on-road_striving,-0.04382432384523155,ssp119,-0.04382432384523155,0.0,non-CO2,BC,on-road,-0.04382432384523155,0.0,0.0,1.0
1769.0,ssp119_CH4_Marine_striving,-0.04382432384523155,ssp119,-0.04382432384523155,0.0,non-CO2,CH4,Marine,-0.04382432384523155,0.0,0.0,1.0
1769.0,ssp119_CH4_off-road_striving,-0.04382432384523155,ssp119,-0.04382432384523155,0.0,non-CO2,CH4,off-road,-0.04382432384523155,0.0,0.0,1.0
1769.0,ssp119_CH4_on-road_striving,-0.04382432384523155,ssp119,-0.04382432384523155,0.0,non-CO2,CH4,on-road,-0.04382432384523155,0.0,0.0,1.0
1769.0,ssp119_CO2 FFI_Marine_striving,-0.04382432384523155,ssp119,-0.04382432384523155,0.0,CO2,CO2 FFI,Marine,-0.04382432384523155,0.0,0.0,1.0
1769.0,ssp119_CO2 FFI_off-road_striving,-0.04382432384523155,ssp119,-0.04382432384523155,0.0,CO2,CO2 FFI,off-road,-0.04382432384523155,0.0,0.0,1.0
1769.0,ssp119_CO2 FFI_on-road_striving,-0.04382432384523155,ssp119,-0.04382432384523155,0.0,CO2,CO2 FFI,on-road,-0.04382432384523155,0.0,0.0,1.0
1769.0,ssp119_N2O_Marine_striving,-0.04382432384523155,ssp119,-0.04382432384523155,0.0,non-CO2,N2O,Marine,-0.04382432384523155,0.0,0.0,1.0
1769.0,ssp119_N2O_off-road_striving,-0.04382432384523155,ssp119,-0.04382432384523155,0.0,non-CO2,N2O,off-road,-0.04382432384523155,0.0,0.0,1.0
1769.0,ssp119_N2O_on-road_striving,-0.04382432384523155,ssp119,-0.04382432384523155,0.0,non-CO2,N2O,on-road,-0.04382432384523155,0.0,0.0,1.0
1769.0,ssp119_Sulfur_Marine_striving,-0.04382432384523155,ssp119,-0.04382432384523155,0.0,non-CO2,Sulfur,Marine,-0.04382432384523155,0.0,0.0,1.0
1769.0,ssp119_striving,-0.04382432384523155,ssp119,-0.04382432384523155,0.0,,,Other,,,,1.0
1769.0,ssp119_zero_tra,-0.04382432384523155,ssp119,-0.04382432384523155,0.0,,,Other,,,,1.0
1770.0,ssp119,0.011914550458229473,ssp119,0.011914550458229473,0.0,,,Other,,,,1.0
1770.0,ssp119_BC_Marine_striving,0.011914550458229473,ssp119,0.011914550458229473,0.0,non-CO2,BC,Marine,0.011914550458229473,0.0,0.0,1.0
1770.0,ssp119_BC_off-road_striving,0.011914550458229473,ssp119,0.011914550458229473,0.0,non-CO2,BC,off-road,0.011914550458229473,0.0,0.0,1.0
1770.0,ssp119_BC_on-road_striving,0.011914550458229473,ssp119,0.011914550458229473,0.0,non-CO2,BC,on-road,0.011914550458229473,0.0,0.0,1.0
1770.0,ssp119_CH4_Marine_striving,0.011914550458229473,ssp119,0.011914550458229473,0.0,non-CO2,CH4,Marine,0.011914550458229473,0.0,0.0,1.0
1770.0,ssp119_CH4_off-road_striving,0.011914550458229473,ssp119,0.011914550458229473,0.0,non-CO2,CH4,off-road,0.011914550458229473,0.0,0.0,1.0
1770.0,ssp119_CH4_on-road_striving,0.011914550458229473,ssp119,0.011914550458229473,0.0,non-CO2,CH4,on-road,0.011914550458229473,0.0,0.0,1.0
1770.0,ssp119_CO2 FFI_Marine_striving,0.011914550458229473,ssp119,0.011914550458229473,0.0,CO2,CO2 FFI,Marine,0.011914550458229473,0.0,0.0,1.0
1770.0,ssp119_CO2 FFI_off-road_striving,0.011914550458229473,ssp119,0.011914550458229473,0.0,CO2,CO2 FFI,off-road,0.011914550458229473,0.0,0.0,1.0
1770.0,ssp119_CO2 FFI_on-road_striving,0.011914550458229473,ssp119,0.011914550458229473,0.0,CO2,CO2 FFI,on-road,0.011914550458229473,0.0,0.0,1.0
1770.0,ssp119_N2O_Marine_striving,0.011914550458229473,ssp119,0.011914550458229473,0.0,non-CO2,N2O,Marine,0.011914550458229473,0.0,0.0,1.0
1770.0,ssp119_N2O_off-road_striving,0.011914550458229473,ssp119,0.011914550458229473,0.0,non-CO2,N2O,off-road,0.011914550458229473,0.0,0.0,1.0
1770.0,ssp119_N2O_on-road_striving,0.011914550458229473,ssp119,0.011914550458229473,0.0,non-CO2,N2O,on-road,0.011914550458229473,0.0,0.0,1.0
1770.0,ssp119_Sulfur_Marine_striving,0.011914550458229473,ssp119,0.011914550458229473,0.0,non-CO2,Sulfur,Marine,0.011914550458229473,0.0,0.0,1.0
1770.0,ssp119_striving,0.011914550458229473,ssp119,0.011914550458229473,0.0,,,Other,,,,1.0
1770.0,ssp119_zero_tra,0.011914550458229473,ssp119,0.011914550458229473,0.0,,,Other,,,,1.0
1771.0,ssp119,0.03688117929243113,ssp119,0.03688117929243113,0.0,,,Other,,,,1.0
1771.0,ssp119_BC_Marine_striving,0.03688117929243113,ssp119,0.03688117929243113,0.0,non-CO2,BC,Marine,0.03688117929243113,0.0,0.0,1.0
1771.0,ssp119_BC_off-road_striving,0.03688117929243113,ssp119,0.03688117929243113,0.0,non-CO2,BC,off-road,0.03688117929243113,0.0,0.0,1.0
1771.0,ssp119_BC_on-road_striving,0.03688117929243113,ssp119,0.03688117929243113,0.0,non-CO2,BC,on-road,0.03688117929243113,0.0,0.0,1.0
1771.0,ssp119_CH4_Marine_striving,0.03688117929243113,ssp119,0.03688117929243113,0.0,non-CO2,CH4,Marine,0.03688117929243113,0.0,0.0,1.0
1771.0,ssp119_CH4_off-road_striving,0.03688117929243113,ssp119,0.03688117929243113,0.0,non-CO2,CH4,off-road,0.03688117929243113,0.0,0.0,1.0
1771.0,ssp119_CH4_on-road_striving,0.03688117929243113,ssp119,0.03688117929243113,0.0,non-CO2,CH4,on-road,0.03688117929243113,0.0,0.0,1.0
1771.0,ssp119_CO2 FFI_Marine_striving,0.03688117929243113,ssp119,0.03688117929243113,0.0,CO2,CO2 FFI,Marine,0.03688117929243113,0.0,0.0,1.0
1771.0,ssp119_CO2 FFI_off-road_striving,0.03688117929243113,ssp119,0.03688117929243113,0.0,CO2,CO2 FFI,off-road,0.03688117929243113,0.0,0.0,1.0
1771.0,ssp119_CO2 FFI_on-road_striving,0.03688117929243113,ssp119,0.03688117929243113,0.0,CO2,CO2 FFI,on-road,0.03688117929243113,0.0,0.0,1.0
1771.0,ssp119_N2O_Marine_striving,0.03688117929243113,ssp119,0.03688117929243113,0.0,non-CO2,N2O,Marine,0.03688117929243113,0.0,0.0,1.0
1771.0,ssp119_N2O_off-road_striving,0.03688117929243113,ssp119,0.03688117929243113,0.0,non-CO2,N2O,off-road,0.03688117929243113,0.0,0.0,1.0
1771.0,ssp119_N2O_on-road_striving,0.03688117929243113,ssp119,0.03688117929243113,0.0,non-CO2,N2O,on-road,0.03688117929243113,0.0,0.0,1.0
1771.0,ssp119_Sulfur_Marine_striving,0.03688117929243113,ssp119,0.03688117929243113,0.0,non-CO2,Sulfur,Marine,0.03688117929243113,0.0,0.0,1.0
1771.0,ssp119_striving,0.03688117929243113,ssp119,0.03688117929243113,0.0,,,Other,,,,1.0
1771.0,ssp119_zero_tra,0.03688117929243113,ssp119,0.03688117929243113,0.0,,,Other,,,,1.0
1772.0,ssp119,0.0854185132564299,ssp119,0.0854185132564299,0.0,,,Other,,,,1.0
1772.0,ssp119_BC_Marine_striving,0.0854185132564299,ssp119,0.0854185132564299,0.0,non-CO2,BC,Marine,0.0854185132564299,0.0,0.0,1.0
1772.0,ssp119_BC_off-road_striving,0.0854185132564299,ssp119,0.0854185132564299,0.0,non-CO2,BC,off-road,0.0854185132564299,0.0,0.0,1.0
1772.0,ssp119_BC_on-road_striving,0.0854185132564299,ssp119,0.0854185132564299,0.0,non-CO2,BC,on-road,0.0854185132564299,0.0,0.0,1.0
1772.0,ssp119_CH4_Marine_striving,0.0854185132564299,ssp119,0.0854185132564299,0.0,non-CO2,CH4,Marine,0.0854185132564299,0.0,0.0,1.0
1772.0,ssp119_CH4_off-road_striving,0.0854185132564299,ssp119,0.0854185132564299,0.0,non-CO2,CH4,off-road,0.0854185132564299,0.0,0.0,1.0
1772.0,ssp119_CH4_on-road_striving,0.0854185132564299,ssp119,0.0854185132564299,0.0,non-CO2,CH4,on-road,0.0854185132564299,0.0,0.0,1.0
1772.0,ssp119_CO2 FFI_Marine_striving,0.0854185132564299,ssp119,0.0854185132564299,0.0,CO2,CO2 FFI,Marine,0.0854185132564299,0.0,0.0,1.0
1772.0,ssp119_CO2 FFI_off-road_striving,0.0854185132564299,ssp119,0.0854185132564299,0.0,CO2,CO2 FFI,off-road,0.0854185132564299,0.0,0.0,1.0
1772.0,ssp119_CO2 FFI_on-road_striving,0.0854185132564299,ssp119,0.0854185132564299,0.0,CO2,CO2 FFI,on-road,0.0854185132564299,0.0,0.0,1.0
1772.0,ssp119_N2O_Marine_striving,0.0854185132564299,ssp119,0.0854185132564299,0.0,non-CO2,N2O,Marine,0.0854185132564299,0.0,0.0,1.0
1772.0,ssp119_N2O_off-road_striving,0.0854185132564299,ssp119,0.0854185132564299,0.0,non-CO2,N2O,off-road,0.0854185132564299,0.0,0.0,1.0
1772.0,ssp119_N2O_on-road_striving,0.0854185132564299,ssp119,0.0854185132564299,0.0,non-CO2,N2O,on-road,0.0854185132564299,0.0,0.0,1.0
1772.0,ssp119_Sulfur_Marine_striving,0.0854185132564299,ssp119,0.0854185132564299,0.0,non-CO2,Sulfur,Marine,0.0854185132564299,0.0,0.0,1.0
1772.0,ssp119_striving,0.0854185132564299,ssp119,0.0854185132564299,0.0,,,Other,,,,1.0
1772.0,ssp119_zero_tra,0.0854185132564299,ssp119,0.0854185132564299,0.0,,,Other,,,,1.0
1773.0,ssp119,0.08445892749220528,ssp119,0.08445892749220528,0.0,,,Other,,,,1.0
1773.0,ssp119_BC_Marine_striving,0.08445892749220528,ssp119,0.08445892749220528,0.0,non-CO2,BC,Marine,0.08445892749220528,0.0,0.0,1.0
1773.0,ssp119_BC_off-road_striving,0.08445892749220528,ssp119,0.08445892749220528,0.0,non-CO2,BC,off-road,0.08445892749220528,0.0,0.0,1.0
1773.0,ssp119_BC_on-road_striving,0.08445892749220528,ssp119,0.08445892749220528,0.0,non-CO2,BC,on-road,0.08445892749220528,0.0,0.0,1.0
1773.0,ssp119_CH4_Marine_striving,0.08445892749220528,ssp119,0.08445892749220528,0.0,non-CO2,CH4,Marine,0.08445892749220528,0.0,0.0,1.0
1773.0,ssp119_CH4_off-road_striving,0.08445892749220528,ssp119,0.08445892749220528,0.0,non-CO2,CH4,off-road,0.08445892749220528,0.0,0.0,1.0
1773.0,ssp119_CH4_on-road_striving,0.08445892749220528,ssp119,0.08445892749220528,0.0,non-CO2,CH4,on-road,0.08445892749220528,0.0,0.0,1.0
1773.0,ssp119_CO2 FFI_Marine_striving,0.08445892749220528,ssp119,0.08445892749220528,0.0,CO2,CO2 FFI,Marine,0.08445892749220528,0.0,0.0,1.0
1773.0,ssp119_CO2 FFI_off-road_striving,0.08445892749220528,ssp119,0.08445892749220528,0.0,CO2,CO2 FFI,off-road,0.08445892749220528,0.0,0.0,1.0
1773.0,ssp119_CO2 FFI_on-road_striving,0.08445892749220528,ssp119,0.08445892749220528,0.0,CO2,CO2 FFI,on-road,0.08445892749220528,0.0,0.0,1.0
1773.0,ssp119_N2O_Marine_striving,0.08445892749220528,ssp119,0.08445892749220528,0.0,non-CO2,N2O,Marine,0.08445892749220528,0.0,0.0,1.0
1773.0,ssp119_N2O_off-road_striving,0.08445892749220528,ssp119,0.08445892749220528,0.0,non-CO2,N2O,off-road,0.08445892749220528,0.0,0.0,1.0
1773.0,ssp119_N2O_on-road_striving,0.08445892749220528,ssp119,0.08445892749220528,0.0,non-CO2,N2O,on-road,0.08445892749220528,0.0,0.0,1.0
1773.0,ssp119_Sulfur_Marine_striving,0.08445892749220528,ssp119,0.08445892749220528,0.0,non-CO2,Sulfur,Marine,0.08445892749220528,0.0,0.0,1.0
1773.0,ssp119_striving,0.08445892749220528,ssp119,0.08445892749220528,0.0,,,Other,,,,1.0
1773.0,ssp119_zero_tra,0.08445892749220528,ssp119,0.08445892749220528,0.0,,,Other,,,,1.0
1774.0,ssp119,0.09863747601998492,ssp119,0.09863747601998492,0.0,,,Other,,,,1.0
1774.0,ssp119_BC_Marine_striving,0.09863747601998492,ssp119,0.09863747601998492,0.0,non-CO2,BC,Marine,0.09863747601998492,0.0,0.0,1.0
1774.0,ssp119_BC_off-road_striving,0.09863747601998492,ssp119,0.09863747601998492,0.0,non-CO2,BC,off-road,0.09863747601998492,0.0,0.0,1.0
1774.0,ssp119_BC_on-road_striving,0.09863747601998492,ssp119,0.09863747601998492,0.0,non-CO2,BC,on-road,0.09863747601998492,0.0,0.0,1.0
1774.0,ssp119_CH4_Marine_striving,0.09863747601998492,ssp119,0.09863747601998492,0.0,non-CO2,CH4,Marine,0.09863747601998492,0.0,0.0,1.0
1774.0,ssp119_CH4_off-road_striving,0.09863747601998492,ssp119,0.09863747601998492,0.0,non-CO2,CH4,off-road,0.09863747601998492,0.0,0.0,1.0
1774.0,ssp119_CH4_on-road_striving,0.09863747601998492,ssp119,0.09863747601998492,0.0,non-CO2,CH4,on-road,0.09863747601998492,0.0,0.0,1.0
1774.0,ssp119_CO2 FFI_Marine_striving,0.09863747601998492,ssp119,0.09863747601998492,0.0,CO2,CO2 FFI,Marine,0.09863747601998492,0.0,0.0,1.0
1774.0,ssp119_CO2 FFI_off-road_striving,0.09863747601998492,ssp119,0.09863747601998492,0.0,CO2,CO2 FFI,off-road,0.09863747601998492,0.0,0.0,1.0
1774.0,ssp119_CO2 FFI_on-road_striving,0.09863747601998492,ssp119,0.09863747601998492,0.0,CO2,CO2 FFI,on-road,0.09863747601998492,0.0,0.0,1.0
1774.0,ssp119_N2O_Marine_striving,0.09863747601998492,ssp119,0.09863747601998492,0.0,non-CO2,N2O,Marine,0.09863747601998492,0.0,0.0,1.0
1774.0,ssp119_N2O_off-road_striving,0.09863747601998492,ssp119,0.09863747601998492,0.0,non-CO2,N2O,off-road,0.09863747601998492,0.0,0.0,1.0
1774.0,ssp119_N2O_on-road_striving,0.09863747601998492,ssp119,0.09863747601998492,0.0,non-CO2,N2O,on-road,0.09863747601998492,0.0,0.0,1.0
1774.0,ssp119_Sulfur_Marine_striving,0.09863747601998492,ssp119,0.09863747601998492,0.0,non-CO2,Sulfur,Marine,0.09863747601998492,0.0,0.0,1.0
1774.0,ssp119_striving,0.09863747601998492,ssp119,0.09863747601998492,0.0,,,Other,,,,1.0
1774.0,ssp119_zero_tra,0.09863747601998492,ssp119,0.09863747601998492,0.0,,,Other,,,,1.0
1775.0,ssp119,0.1145894719868328,ssp119,0.1145894719868328,0.0,,,Other,,,,1.0
1775.0,ssp119_BC_Marine_striving,0.1145894719868328,ssp119,0.1145894719868328,0.0,non-CO2,BC,Marine,0.1145894719868328,0.0,0.0,1.0
1775.0,ssp119_BC_off-road_striving,0.1145894719868328,ssp119,0.1145894719868328,0.0,non-CO2,BC,off-road,0.1145894719868328,0.0,0.0,1.0
1775.0,ssp119_BC_on-road_striving,0.1145894719868328,ssp119,0.1145894719868328,0.0,non-CO2,BC,on-road,0.1145894719868328,0.0,0.0,1.0
1775.0,ssp119_CH4_Marine_striving,0.1145894719868328,ssp119,0.1145894719868328,0.0,non-CO2,CH4,Marine,0.1145894719868328,0.0,0.0,1.0
1775.0,ssp119_CH4_off-road_striving,0.1145894719868328,ssp119,0.1145894719868328,0.0,non-CO2,CH4,off-road,0.1145894719868328,0.0,0.0,1.0
1775.0,ssp119_CH4_on-road_striving,0.1145894719868328,ssp119,0.1145894719868328,0.0,non-CO2,CH4,on-road,0.1145894719868328,0.0,0.0,1.0
1775.0,ssp119_CO2 FFI_Marine_striving,0.1145894719868328,ssp119,0.1145894719868328,0.0,CO2,CO2 FFI,Marine,0.1145894719868328,0.0,0.0,1.0
1775.0,ssp119_CO2 FFI_off-road_striving,0.1145894719868328,ssp119,0.1145894719868328,0.0,CO2,CO2 FFI,off-road,0.1145894719868328,0.0,0.0,1.0
1775.0,ssp119_CO2 FFI_on-road_striving,0.1145894719868328,ssp119,0.1145894719868328,0.0,CO2,CO2 FFI,on-road,0.1145894719868328,0.0,0.0,1.0
1775.0,ssp119_N2O_Marine_striving,0.1145894719868328,ssp119,0.1145894719868328,0.0,non-CO2,N2O,Marine,0.1145894719868328,0.0,0.0,1.0
1775.0,ssp119_N2O_off-road_striving,0.1145894719868328,ssp119,0.1145894719868328,0.0,non-CO2,N2O,off-road,0.1145894719868328,0.0,0.0,1.0
1775.0,ssp119_N2O_on-road_striving,0.1145894719868328,ssp119,0.1145894719868328,0.0,non-CO2,N2O,on-road,0.1145894719868328,0.0,0.0,1.0
1775.0,ssp119_Sulfur_Marine_striving,0.1145894719868328,ssp119,0.1145894719868328,0.0,non-CO2,Sulfur,Marine,0.1145894719868328,0.0,0.0,1.0
1775.0,ssp119_striving,0.1145894719868328,ssp119,0.1145894719868328,0.0,,,Other,,,,1.0
1775.0,ssp119_zero_tra,0.1145894719868328,ssp119,0.1145894719868328,0.0,,,Other,,,,1.0
1776.0,ssp119,0.09294933211384357,ssp119,0.09294933211384357,0.0,,,Other,,,,1.0
1776.0,ssp119_BC_Marine_striving,0.09294933211384357,ssp119,0.09294933211384357,0.0,non-CO2,BC,Marine,0.09294933211384357,0.0,0.0,1.0
1776.0,ssp119_BC_off-road_striving,0.09294933211384357,ssp119,0.09294933211384357,0.0,non-CO2,BC,off-road,0.09294933211384357,0.0,0.0,1.0
1776.0,ssp119_BC_on-road_striving,0.09294933211384357,ssp119,0.09294933211384357,0.0,non-CO2,BC,on-road,0.09294933211384357,0.0,0.0,1.0
1776.0,ssp119_CH4_Marine_striving,0.09294933211384357,ssp119,0.09294933211384357,0.0,non-CO2,CH4,Marine,0.09294933211384357,0.0,0.0,1.0
1776.0,ssp119_CH4_off-road_striving,0.09294933211384357,ssp119,0.09294933211384357,0.0,non-CO2,CH4,off-road,0.09294933211384357,0.0,0.0,1.0
1776.0,ssp119_CH4_on-road_striving,0.09294933211384357,ssp119,0.09294933211384357,0.0,non-CO2,CH4,on-road,0.09294933211384357,0.0,0.0,1.0
1776.0,ssp119_CO2 FFI_Marine_striving,0.09294933211384357,ssp119,0.09294933211384357,0.0,CO2,CO2 FFI,Marine,0.09294933211384357,0.0,0.0,1.0
1776.0,ssp119_CO2 FFI_off-road_striving,0.09294933211384357,ssp119,0.09294933211384357,0.0,CO2,CO2 FFI,off-road,0.09294933211384357,0.0,0.0,1.0
1776.0,ssp119_CO2 FFI_on-road_striving,0.09294933211384357,ssp119,0.09294933211384357,0.0,CO2,CO2 FFI,on-road,0.09294933211384357,0.0,0.0,1.0
1776.0,ssp119_N2O_Marine_striving,0.09294933211384357,ssp119,0.09294933211384357,0.0,non-CO2,N2O,Marine,0.09294933211384357,0.0,0.0,1.0
1776.0,ssp119_N2O_off-road_striving,0.09294933211384357,ssp119,0.09294933211384357,0.0,non-CO2,N2O,off-road,0.09294933211384357,0.0,0.0,1.0
1776.0,ssp119_N2O_on-road_striving,0.09294933211384357,ssp119,0.09294933211384357,0.0,non-CO2,N2O,on-road,0.09294933211384357,0.0,0.0,1.0
1776.0,ssp119_Sulfur_Marine_striving,0.09294933211384357,ssp119,0.09294933211384357,0.0,non-CO2,Sulfur,Marine,0.09294933211384357,0.0,0.0,1.0
1776.0,ssp119_striving,0.09294933211384357,ssp119,0.09294933211384357,0.0,,,Other,,,,1.0
1776.0,ssp119_zero_tra,0.09294933211384357,ssp119,0.09294933211384357,0.0,,,Other,,,,1.0
1777.0,ssp119,0.11078548368992785,ssp119,0.11078548368992785,0.0,,,Other,,,,1.0
1777.0,ssp119_BC_Marine_striving,0.11078548368992785,ssp119,0.11078548368992785,0.0,non-CO2,BC,Marine,0.11078548368992785,0.0,0.0,1.0
1777.0,ssp119_BC_off-road_striving,0.11078548368992785,ssp119,0.11078548368992785,0.0,non-CO2,BC,off-road,0.11078548368992785,0.0,0.0,1.0
1777.0,ssp119_BC_on-road_striving,0.11078548368992785,ssp119,0.11078548368992785,0.0,non-CO2,BC,on-road,0.11078548368992785,0.0,0.0,1.0
1777.0,ssp119_CH4_Marine_striving,0.11078548368992785,ssp119,0.11078548368992785,0.0,non-CO2,CH4,Marine,0.11078548368992785,0.0,0.0,1.0
1777.0,ssp119_CH4_off-road_striving,0.11078548368992785,ssp119,0.11078548368992785,0.0,non-CO2,CH4,off-road,0.11078548368992785,0.0,0.0,1.0
1777.0,ssp119_CH4_on-road_striving,0.11078548368992785,ssp119,0.11078548368992785,0.0,non-CO2,CH4,on-road,0.11078548368992785,0.0,0.0,1.0
1777.0,ssp119_CO2 FFI_Marine_striving,0.11078548368992785,ssp119,0.11078548368992785,0.0,CO2,CO2 FFI,Marine,0.11078548368992785,0.0,0.0,1.0
1777.0,ssp119_CO2 FFI_off-road_striving,0.11078548368992785,ssp119,0.11078548368992785,0.0,CO2,CO2 FFI,off-road,0.11078548368992785,0.0,0.0,1.0
1777.0,ssp119_CO2 FFI_on-road_striving,0.11078548368992785,ssp119,0.11078548368992785,0.0,CO2,CO2 FFI,on-road,0.11078548368992785,0.0,0.0,1.0
1777.0,ssp119_N2O_Marine_striving,0.11078548368992785,ssp119,0.11078548368992785,0.0,non-CO2,N2O,Marine,0.11078548368992785,0.0,0.0,1.0
1777.0,ssp119_N2O_off-road_striving,0.11078548368992785,ssp119,0.11078548368992785,0.0,non-CO2,N2O,off-road,0.11078548368992785,0.0,0.0,1.0
1777.0,ssp119_N2O_on-road_striving,0.11078548368992785,ssp119,0.11078548368992785,0.0,non-CO2,N2O,on-road,0.11078548368992785,0.0,0.0,1.0
1777.0,ssp119_Sulfur_Marine_striving,0.11078548368992785,ssp119,0.11078548368992785,0.0,non-CO2,Sulfur,Marine,0.11078548368992785,0.0,0.0,1.0
1777.0,ssp119_striving,0.11078548368992785,ssp119,0.11078548368992785,0.0,,,Other,,,,1.0
1777.0,ssp119_zero_tra,0.11078548368992785,ssp119,0.11078548368992785,0.0,,,Other,,,,1.0
1778.0,ssp119,0.12093140297194058,ssp119,0.12093140297194058,0.0,,,Other,,,,1.0
1778.0,ssp119_BC_Marine_striving,0.12093140297194058,ssp119,0.12093140297194058,0.0,non-CO2,BC,Marine,0.12093140297194058,0.0,0.0,1.0
1778.0,ssp119_BC_off-road_striving,0.12093140297194058,ssp119,0.12093140297194058,0.0,non-CO2,BC,off-road,0.12093140297194058,0.0,0.0,1.0
1778.0,ssp119_BC_on-road_striving,0.12093140297194058,ssp119,0.12093140297194058,0.0,non-CO2,BC,on-road,0.12093140297194058,0.0,0.0,1.0
1778.0,ssp119_CH4_Marine_striving,0.12093140297194058,ssp119,0.12093140297194058,0.0,non-CO2,CH4,Marine,0.12093140297194058,0.0,0.0,1.0
1778.0,ssp119_CH4_off-road_striving,0.12093140297194058,ssp119,0.12093140297194058,0.0,non-CO2,CH4,off-road,0.12093140297194058,0.0,0.0,1.0
1778.0,ssp119_CH4_on-road_striving,0.12093140297194058,ssp119,0.12093140297194058,0.0,non-CO2,CH4,on-road,0.12093140297194058,0.0,0.0,1.0
1778.0,ssp119_CO2 FFI_Marine_striving,0.12093140297194058,ssp119,0.12093140297194058,0.0,CO2,CO2 FFI,Marine,0.12093140297194058,0.0,0.0,1.0
1778.0,ssp119_CO2 FFI_off-road_striving,0.12093140297194058,ssp119,0.12093140297194058,0.0,CO2,CO2 FFI,off-road,0.12093140297194058,0.0,0.0,1.0
1778.0,ssp119_CO2 FFI_on-road_striving,0.12093140297194058,ssp119,0.12093140297194058,0.0,CO2,CO2 FFI,on-road,0.12093140297194058,0.0,0.0,1.0
1778.0,ssp119_N2O_Marine_striving,0.12093140297194058,ssp119,0.12093140297194058,0.0,non-CO2,N2O,Marine,0.12093140297194058,0.0,0.0,1.0
1778.0,ssp119_N2O_off-road_striving,0.12093140297194058,ssp119,0.12093140297194058,0.0,non-CO2,N2O,off-road,0.12093140297194058,0.0,0.0,1.0
1778.0,ssp119_N2O_on-road_striving,0.12093140297194058,ssp119,0.12093140297194058,0.0,non-CO2,N2O,on-road,0.12093140297194058,0.0,0.0,1.0
1778.0,ssp119_Sulfur_Marine_striving,0.12093140297194058,ssp119,0.12093140297194058,0.0,non-CO2,Sulfur,Marine,0.12093140297194058,0.0,0.0,1.0
1778.0,ssp119_striving,0.12093140297194058,ssp119,0.12093140297194058,0.0,,,Other,,,,1.0
1778.0,ssp119_zero_tra,0.12093140297194058,ssp119,0.12093140297194058,0.0,,,Other,,,,1.0
1779.0,ssp119,0.09142194845931344,ssp119,0.09142194845931344,0.0,,,Other,,,,1.0
1779.0,ssp119_BC_Marine_striving,0.09142194845931344,ssp119,0.09142194845931344,0.0,non-CO2,BC,Marine,0.09142194845931344,0.0,0.0,1.0
1779.0,ssp119_BC_off-road_striving,0.09142194845931344,ssp119,0.09142194845931344,0.0,non-CO2,BC,off-road,0.09142194845931344,0.0,0.0,1.0
1779.0,ssp119_BC_on-road_striving,0.09142194845931344,ssp119,0.09142194845931344,0.0,non-CO2,BC,on-road,0.09142194845931344,0.0,0.0,1.0
1779.0,ssp119_CH4_Marine_striving,0.09142194845931344,ssp119,0.09142194845931344,0.0,non-CO2,CH4,Marine,0.09142194845931344,0.0,0.0,1.0
1779.0,ssp119_CH4_off-road_striving,0.09142194845931344,ssp119,0.09142194845931344,0.0,non-CO2,CH4,off-road,0.09142194845931344,0.0,0.0,1.0
1779.0,ssp119_CH4_on-road_striving,0.09142194845931344,ssp119,0.09142194845931344,0.0,non-CO2,CH4,on-road,0.09142194845931344,0.0,0.0,1.0
1779.0,ssp119_CO2 FFI_Marine_striving,0.09142194845931344,ssp119,0.09142194845931344,0.0,CO2,CO2 FFI,Marine,0.09142194845931344,0.0,0.0,1.0
1779.0,ssp119_CO2 FFI_off-road_striving,0.09142194845931344,ssp119,0.09142194845931344,0.0,CO2,CO2 FFI,off-road,0.09142194845931344,0.0,0.0,1.0
1779.0,ssp119_CO2 FFI_on-road_striving,0.09142194845931344,ssp119,0.09142194845931344,0.0,CO2,CO2 FFI,on-road,0.09142194845931344,0.0,0.0,1.0
1779.0,ssp119_N2O_Marine_striving,0.09142194845931344,ssp119,0.09142194845931344,0.0,non-CO2,N2O,Marine,0.09142194845931344,0.0,0.0,1.0
1779.0,ssp119_N2O_off-road_striving,0.09142194845931344,ssp119,0.09142194845931344,0.0,non-CO2,N2O,off-road,0.09142194845931344,0.0,0.0,1.0
1779.0,ssp119_N2O_on-road_striving,0.09142194845931344,ssp119,0.09142194845931344,0.0,non-CO2,N2O,on-road,0.09142194845931344,0.0,0.0,1.0
1779.0,ssp119_Sulfur_Marine_striving,0.09142194845931344,ssp119,0.09142194845931344,0.0,non-CO2,Sulfur,Marine,0.09142194845931344,0.0,0.0,1.0
1779.0,ssp119_striving,0.09142194845931344,ssp119,0.09142194845931344,0.0,,,Other,,,,1.0
1779.0,ssp119_zero_tra,0.09142194845931344,ssp119,0.09142194845931344,0.0,,,Other,,,,1.0
1780.0,ssp119,0.09475657671569913,ssp119,0.09475657671569913,0.0,,,Other,,,,1.0
1780.0,ssp119_BC_Marine_striving,0.09475657671569913,ssp119,0.09475657671569913,0.0,non-CO2,BC,Marine,0.09475657671569913,0.0,0.0,1.0
1780.0,ssp119_BC_off-road_striving,0.09475657671569913,ssp119,0.09475657671569913,0.0,non-CO2,BC,off-road,0.09475657671569913,0.0,0.0,1.0
1780.0,ssp119_BC_on-road_striving,0.09475657671569913,ssp119,0.09475657671569913,0.0,non-CO2,BC,on-road,0.09475657671569913,0.0,0.0,1.0
1780.0,ssp119_CH4_Marine_striving,0.09475657671569913,ssp119,0.09475657671569913,0.0,non-CO2,CH4,Marine,0.09475657671569913,0.0,0.0,1.0
1780.0,ssp119_CH4_off-road_striving,0.09475657671569913,ssp119,0.09475657671569913,0.0,non-CO2,CH4,off-road,0.09475657671569913,0.0,0.0,1.0
1780.0,ssp119_CH4_on-road_striving,0.09475657671569913,ssp119,0.09475657671569913,0.0,non-CO2,CH4,on-road,0.09475657671569913,0.0,0.0,1.0
1780.0,ssp119_CO2 FFI_Marine_striving,0.09475657671569913,ssp119,0.09475657671569913,0.0,CO2,CO2 FFI,Marine,0.09475657671569913,0.0,0.0,1.0
1780.0,ssp119_CO2 FFI_off-road_striving,0.09475657671569913,ssp119,0.09475657671569913,0.0,CO2,CO2 FFI,off-road,0.09475657671569913,0.0,0.0,1.0
1780.0,ssp119_CO2 FFI_on-road_striving,0.09475657671569913,ssp119,0.09475657671569913,0.0,CO2,CO2 FFI,on-road,0.09475657671569913,0.0,0.0,1.0
1780.0,ssp119_N2O_Marine_striving,0.09475657671569913,ssp119,0.09475657671569913,0.0,non-CO2,N2O,Marine,0.09475657671569913,0.0,0.0,1.0
1780.0,ssp119_N2O_off-road_striving,0.09475657671569913,ssp119,0.09475657671569913,0.0,non-CO2,N2O,off-road,0.09475657671569913,0.0,0.0,1.0
1780.0,ssp119_N2O_on-road_striving,0.09475657671569913,ssp119,0.09475657671569913,0.0,non-CO2,N2O,on-road,0.09475657671569913,0.0,0.0,1.0
1780.0,ssp119_Sulfur_Marine_striving,0.09475657671569913,ssp119,0.09475657671569913,0.0,non-CO2,Sulfur,Marine,0.09475657671569913,0.0,0.0,1.0
1780.0,ssp119_striving,0.09475657671569913,ssp119,0.09475657671569913,0.0,,,Other,,,,1.0
1780.0,ssp119_zero_tra,0.09475657671569913,ssp119,0.09475657671569913,0.0,,,Other,,,,1.0
1781.0,ssp119,0.1303747930141196,ssp119,0.1303747930141196,0.0,,,Other,,,,1.0
1781.0,ssp119_BC_Marine_striving,0.1303747930141196,ssp119,0.1303747930141196,0.0,non-CO2,BC,Marine,0.1303747930141196,0.0,0.0,1.0
1781.0,ssp119_BC_off-road_striving,0.1303747930141196,ssp119,0.1303747930141196,0.0,non-CO2,BC,off-road,0.1303747930141196,0.0,0.0,1.0
1781.0,ssp119_BC_on-road_striving,0.1303747930141196,ssp119,0.1303747930141196,0.0,non-CO2,BC,on-road,0.1303747930141196,0.0,0.0,1.0
1781.0,ssp119_CH4_Marine_striving,0.1303747930141196,ssp119,0.1303747930141196,0.0,non-CO2,CH4,Marine,0.1303747930141196,0.0,0.0,1.0
1781.0,ssp119_CH4_off-road_striving,0.1303747930141196,ssp119,0.1303747930141196,0.0,non-CO2,CH4,off-road,0.1303747930141196,0.0,0.0,1.0
1781.0,ssp119_CH4_on-road_striving,0.1303747930141196,ssp119,0.1303747930141196,0.0,non-CO2,CH4,on-road,0.1303747930141196,0.0,0.0,1.0
1781.0,ssp119_CO2 FFI_Marine_striving,0.1303747930141196,ssp119,0.1303747930141196,0.0,CO2,CO2 FFI,Marine,0.1303747930141196,0.0,0.0,1.0
1781.0,ssp119_CO2 FFI_off-road_striving,0.1303747930141196,ssp119,0.1303747930141196,0.0,CO2,CO2 FFI,off-road,0.1303747930141196,0.0,0.0,1.0
1781.0,ssp119_CO2 FFI_on-road_striving,0.1303747930141196,ssp119,0.1303747930141196,0.0,CO2,CO2 FFI,on-road,0.1303747930141196,0.0,0.0,1.0
1781.0,ssp119_N2O_Marine_striving,0.1303747930141196,ssp119,0.1303747930141196,0.0,non-CO2,N2O,Marine,0.1303747930141196,0.0,0.0,1.0
1781.0,ssp119_N2O_off-road_striving,0.1303747930141196,ssp119,0.1303747930141196,0.0,non-CO2,N2O,off-road,0.1303747930141196,0.0,0.0,1.0
1781.0,ssp119_N2O_on-road_striving,0.1303747930141196,ssp119,0.1303747930141196,0.0,non-CO2,N2O,on-road,0.1303747930141196,0.0,0.0,1.0
1781.0,ssp119_Sulfur_Marine_striving,0.1303747930141196,ssp119,0.1303747930141196,0.0,non-CO2,Sulfur,Marine,0.1303747930141196,0.0,0.0,1.0
1781.0,ssp119_striving,0.1303747930141196,ssp119,0.1303747930141196,0.0,,,Other,,,,1.0
1781.0,ssp119_zero_tra,0.1303747930141196,ssp119,0.1303747930141196,0.0,,,Other,,,,1.0
1782.0,ssp119,0.13937599777366533,ssp119,0.13937599777366533,0.0,,,Other,,,,1.0
1782.0,ssp119_BC_Marine_striving,0.13937599777366533,ssp119,0.13937599777366533,0.0,non-CO2,BC,Marine,0.13937599777366533,0.0,0.0,1.0
1782.0,ssp119_BC_off-road_striving,0.13937599777366533,ssp119,0.13937599777366533,0.0,non-CO2,BC,off-road,0.13937599777366533,0.0,0.0,1.0
1782.0,ssp119_BC_on-road_striving,0.13937599777366533,ssp119,0.13937599777366533,0.0,non-CO2,BC,on-road,0.13937599777366533,0.0,0.0,1.0
1782.0,ssp119_CH4_Marine_striving,0.13937599777366533,ssp119,0.13937599777366533,0.0,non-CO2,CH4,Marine,0.13937599777366533,0.0,0.0,1.0
1782.0,ssp119_CH4_off-road_striving,0.13937599777366533,ssp119,0.13937599777366533,0.0,non-CO2,CH4,off-road,0.13937599777366533,0.0,0.0,1.0
1782.0,ssp119_CH4_on-road_striving,0.13937599777366533,ssp119,0.13937599777366533,0.0,non-CO2,CH4,on-road,0.13937599777366533,0.0,0.0,1.0
1782.0,ssp119_CO2 FFI_Marine_striving,0.13937599777366533,ssp119,0.13937599777366533,0.0,CO2,CO2 FFI,Marine,0.13937599777366533,0.0,0.0,1.0
1782.0,ssp119_CO2 FFI_off-road_striving,0.13937599777366533,ssp119,0.13937599777366533,0.0,CO2,CO2 FFI,off-road,0.13937599777366533,0.0,0.0,1.0
1782.0,ssp119_CO2 FFI_on-road_striving,0.13937599777366533,ssp119,0.13937599777366533,0.0,CO2,CO2 FFI,on-road,0.13937599777366533,0.0,0.0,1.0
1782.0,ssp119_N2O_Marine_striving,0.13937599777366533,ssp119,0.13937599777366533,0.0,non-CO2,N2O,Marine,0.13937599777366533,0.0,0.0,1.0
1782.0,ssp119_N2O_off-road_striving,0.13937599777366533,ssp119,0.13937599777366533,0.0,non-CO2,N2O,off-road,0.13937599777366533,0.0,0.0,1.0
1782.0,ssp119_N2O_on-road_striving,0.13937599777366533,ssp119,0.13937599777366533,0.0,non-CO2,N2O,on-road,0.13937599777366533,0.0,0.0,1.0
1782.0,ssp119_Sulfur_Marine_striving,0.13937599777366533,ssp119,0.13937599777366533,0.0,non-CO2,Sulfur,Marine,0.13937599777366533,0.0,0.0,1.0
1782.0,ssp119_striving,0.13937599777366533,ssp119,0.13937599777366533,0.0,,,Other,,,,1.0
1782.0,ssp119_zero_tra,0.13937599777366533,ssp119,0.13937599777366533,0.0,,,Other,,,,1.0
1783.0,ssp119,0.15195890956704064,ssp119,0.15195890956704064,0.0,,,Other,,,,1.0
1783.0,ssp119_BC_Marine_striving,0.15195890956704064,ssp119,0.15195890956704064,0.0,non-CO2,BC,Marine,0.15195890956704064,0.0,0.0,1.0
1783.0,ssp119_BC_off-road_striving,0.15195890956704064,ssp119,0.15195890956704064,0.0,non-CO2,BC,off-road,0.15195890956704064,0.0,0.0,1.0
1783.0,ssp119_BC_on-road_striving,0.15195890956704064,ssp119,0.15195890956704064,0.0,non-CO2,BC,on-road,0.15195890956704064,0.0,0.0,1.0
1783.0,ssp119_CH4_Marine_striving,0.15195890956704064,ssp119,0.15195890956704064,0.0,non-CO2,CH4,Marine,0.15195890956704064,0.0,0.0,1.0
1783.0,ssp119_CH4_off-road_striving,0.15195890956704064,ssp119,0.15195890956704064,0.0,non-CO2,CH4,off-road,0.15195890956704064,0.0,0.0,1.0
1783.0,ssp119_CH4_on-road_striving,0.15195890956704064,ssp119,0.15195890956704064,0.0,non-CO2,CH4,on-road,0.15195890956704064,0.0,0.0,1.0
1783.0,ssp119_CO2 FFI_Marine_striving,0.15195890956704064,ssp119,0.15195890956704064,0.0,CO2,CO2 FFI,Marine,0.15195890956704064,0.0,0.0,1.0
1783.0,ssp119_CO2 FFI_off-road_striving,0.15195890956704064,ssp119,0.15195890956704064,0.0,CO2,CO2 FFI,off-road,0.15195890956704064,0.0,0.0,1.0
1783.0,ssp119_CO2 FFI_on-road_striving,0.15195890956704064,ssp119,0.15195890956704064,0.0,CO2,CO2 FFI,on-road,0.15195890956704064,0.0,0.0,1.0
1783.0,ssp119_N2O_Marine_striving,0.15195890956704064,ssp119,0.15195890956704064,0.0,non-CO2,N2O,Marine,0.15195890956704064,0.0,0.0,1.0
1783.0,ssp119_N2O_off-road_striving,0.15195890956704064,ssp119,0.15195890956704064,0.0,non-CO2,N2O,off-road,0.15195890956704064,0.0,0.0,1.0
1783.0,ssp119_N2O_on-road_striving,0.15195890956704064,ssp119,0.15195890956704064,0.0,non-CO2,N2O,on-road,0.15195890956704064,0.0,0.0,1.0
1783.0,ssp119_Sulfur_Marine_striving,0.15195890956704064,ssp119,0.15195890956704064,0.0,non-CO2,Sulfur,Marine,0.15195890956704064,0.0,0.0,1.0
1783.0,ssp119_striving,0.15195890956704064,ssp119,0.15195890956704064,0.0,,,Other,,,,1.0
1783.0,ssp119_zero_tra,0.15195890956704064,ssp119,0.15195890956704064,0.0,,,Other,,,,1.0
1784.0,ssp119,-0.15796059142037838,ssp119,-0.15796059142037838,0.0,,,Other,,,,1.0
1784.0,ssp119_BC_Marine_striving,-0.15796059142037838,ssp119,-0.15796059142037838,0.0,non-CO2,BC,Marine,-0.15796059142037838,0.0,0.0,1.0
1784.0,ssp119_BC_off-road_striving,-0.15796059142037838,ssp119,-0.15796059142037838,0.0,non-CO2,BC,off-road,-0.15796059142037838,0.0,0.0,1.0
1784.0,ssp119_BC_on-road_striving,-0.15796059142037838,ssp119,-0.15796059142037838,0.0,non-CO2,BC,on-road,-0.15796059142037838,0.0,0.0,1.0
1784.0,ssp119_CH4_Marine_striving,-0.15796059142037838,ssp119,-0.15796059142037838,0.0,non-CO2,CH4,Marine,-0.15796059142037838,0.0,0.0,1.0
1784.0,ssp119_CH4_off-road_striving,-0.15796059142037838,ssp119,-0.15796059142037838,0.0,non-CO2,CH4,off-road,-0.15796059142037838,0.0,0.0,1.0
1784.0,ssp119_CH4_on-road_striving,-0.15796059142037838,ssp119,-0.15796059142037838,0.0,non-CO2,CH4,on-road,-0.15796059142037838,0.0,0.0,1.0
1784.0,ssp119_CO2 FFI_Marine_striving,-0.15796059142037838,ssp119,-0.15796059142037838,0.0,CO2,CO2 FFI,Marine,-0.15796059142037838,0.0,0.0,1.0
1784.0,ssp119_CO2 FFI_off-road_striving,-0.15796059142037838,ssp119,-0.15796059142037838,0.0,CO2,CO2 FFI,off-road,-0.15796059142037838,0.0,0.0,1.0
1784.0,ssp119_CO2 FFI_on-road_striving,-0.15796059142037838,ssp119,-0.15796059142037838,0.0,CO2,CO2 FFI,on-road,-0.15796059142037838,0.0,0.0,1.0
1784.0,ssp119_N2O_Marine_striving,-0.15796059142037838,ssp119,-0.15796059142037838,0.0,non-CO2,N2O,Marine,-0.15796059142037838,0.0,0.0,1.0
1784.0,ssp119_N2O_off-road_striving,-0.15796059142037838,ssp119,-0.15796059142037838,0.0,non-CO2,N2O,off-road,-0.15796059142037838,0.0,0.0,1.0
1784.0,ssp119_N2O_on-road_striving,-0.15796059142037838,ssp119,-0.15796059142037838,0.0,non-CO2,N2O,on-road,-0.15796059142037838,0.0,0.0,1.0
1784.0,ssp119_Sulfur_Marine_striving,-0.15796059142037838,ssp119,-0.15796059142037838,0.0,non-CO2,Sulfur,Marine,-0.15796059142037838,0.0,0.0,1.0
1784.0,ssp119_striving,-0.15796059142037838,ssp119,-0.15796059142037838,0.0,,,Other,,,,1.0
1784.0,ssp119_zero_tra,-0.15796059142037838,ssp119,-0.15796059142037838,0.0,,,Other,,,,1.0
1785.0,ssp119,-0.29563903785377027,ssp119,-0.29563903785377027,0.0,,,Other,,,,1.0
1785.0,ssp119_BC_Marine_striving,-0.29563903785377027,ssp119,-0.29563903785377027,0.0,non-CO2,BC,Marine,-0.29563903785377027,0.0,0.0,1.0
1785.0,ssp119_BC_off-road_striving,-0.29563903785377027,ssp119,-0.29563903785377027,0.0,non-CO2,BC,off-road,-0.29563903785377027,0.0,0.0,1.0
1785.0,ssp119_BC_on-road_striving,-0.29563903785377027,ssp119,-0.29563903785377027,0.0,non-CO2,BC,on-road,-0.29563903785377027,0.0,0.0,1.0
1785.0,ssp119_CH4_Marine_striving,-0.29563903785377027,ssp119,-0.29563903785377027,0.0,non-CO2,CH4,Marine,-0.29563903785377027,0.0,0.0,1.0
1785.0,ssp119_CH4_off-road_striving,-0.29563903785377027,ssp119,-0.29563903785377027,0.0,non-CO2,CH4,off-road,-0.29563903785377027,0.0,0.0,1.0
1785.0,ssp119_CH4_on-road_striving,-0.29563903785377027,ssp119,-0.29563903785377027,0.0,non-CO2,CH4,on-road,-0.29563903785377027,0.0,0.0,1.0
1785.0,ssp119_CO2 FFI_Marine_striving,-0.29563903785377027,ssp119,-0.29563903785377027,0.0,CO2,CO2 FFI,Marine,-0.29563903785377027,0.0,0.0,1.0
1785.0,ssp119_CO2 FFI_off-road_striving,-0.29563903785377027,ssp119,-0.29563903785377027,0.0,CO2,CO2 FFI,off-road,-0.29563903785377027,0.0,0.0,1.0
1785.0,ssp119_CO2 FFI_on-road_striving,-0.29563903785377027,ssp119,-0.29563903785377027,0.0,CO2,CO2 FFI,on-road,-0.29563903785377027,0.0,0.0,1.0
1785.0,ssp119_N2O_Marine_striving,-0.29563903785377027,ssp119,-0.29563903785377027,0.0,non-CO2,N2O,Marine,-0.29563903785377027,0.0,0.0,1.0
1785.0,ssp119_N2O_off-road_striving,-0.29563903785377027,ssp119,-0.29563903785377027,0.0,non-CO2,N2O,off-road,-0.29563903785377027,0.0,0.0,1.0
1785.0,ssp119_N2O_on-road_striving,-0.29563903785377027,ssp119,-0.29563903785377027,0.0,non-CO2,N2O,on-road,-0.29563903785377027,0.0,0.0,1.0
1785.0,ssp119_Sulfur_Marine_striving,-0.29563903785377027,ssp119,-0.29563903785377027,0.0,non-CO2,Sulfur,Marine,-0.29563903785377027,0.0,0.0,1.0
1785.0,ssp119_striving,-0.29563903785377027,ssp119,-0.29563903785377027,0.0,,,Other,,,,1.0
1785.0,ssp119_zero_tra,-0.29563903785377027,ssp119,-0.29563903785377027,0.0,,,Other,,,,1.0
1786.0,ssp119,-0.24742838807290796,ssp119,-0.24742838807290796,0.0,,,Other,,,,1.0
1786.0,ssp119_BC_Marine_striving,-0.24742838807290796,ssp119,-0.24742838807290796,0.0,non-CO2,BC,Marine,-0.24742838807290796,0.0,0.0,1.0
1786.0,ssp119_BC_off-road_striving,-0.24742838807290796,ssp119,-0.24742838807290796,0.0,non-CO2,BC,off-road,-0.24742838807290796,0.0,0.0,1.0
1786.0,ssp119_BC_on-road_striving,-0.24742838807290796,ssp119,-0.24742838807290796,0.0,non-CO2,BC,on-road,-0.24742838807290796,0.0,0.0,1.0
1786.0,ssp119_CH4_Marine_striving,-0.24742838807290796,ssp119,-0.24742838807290796,0.0,non-CO2,CH4,Marine,-0.24742838807290796,0.0,0.0,1.0
1786.0,ssp119_CH4_off-road_striving,-0.24742838807290796,ssp119,-0.24742838807290796,0.0,non-CO2,CH4,off-road,-0.24742838807290796,0.0,0.0,1.0
1786.0,ssp119_CH4_on-road_striving,-0.24742838807290796,ssp119,-0.24742838807290796,0.0,non-CO2,CH4,on-road,-0.24742838807290796,0.0,0.0,1.0
1786.0,ssp119_CO2 FFI_Marine_striving,-0.24742838807290796,ssp119,-0.24742838807290796,0.0,CO2,CO2 FFI,Marine,-0.24742838807290796,0.0,0.0,1.0
1786.0,ssp119_CO2 FFI_off-road_striving,-0.24742838807290796,ssp119,-0.24742838807290796,0.0,CO2,CO2 FFI,off-road,-0.24742838807290796,0.0,0.0,1.0
1786.0,ssp119_CO2 FFI_on-road_striving,-0.24742838807290796,ssp119,-0.24742838807290796,0.0,CO2,CO2 FFI,on-road,-0.24742838807290796,0.0,0.0,1.0
1786.0,ssp119_N2O_Marine_striving,-0.24742838807290796,ssp119,-0.24742838807290796,0.0,non-CO2,N2O,Marine,-0.24742838807290796,0.0,0.0,1.0
1786.0,ssp119_N2O_off-road_striving,-0.24742838807290796,ssp119,-0.24742838807290796,0.0,non-CO2,N2O,off-road,-0.24742838807290796,0.0,0.0,1.0
1786.0,ssp119_N2O_on-road_striving,-0.24742838807290796,ssp119,-0.24742838807290796,0.0,non-CO2,N2O,on-road,-0.24742838807290796,0.0,0.0,1.0
1786.0,ssp119_Sulfur_Marine_striving,-0.24742838807290796,ssp119,-0.24742838807290796,0.0,non-CO2,Sulfur,Marine,-0.24742838807290796,0.0,0.0,1.0
1786.0,ssp119_striving,-0.24742838807290796,ssp119,-0.24742838807290796,0.0,,,Other,,,,1.0
1786.0,ssp119_zero_tra,-0.24742838807290796,ssp119,-0.24742838807290796,0.0,,,Other,,,,1.0
1787.0,ssp119,-0.13759924408497332,ssp119,-0.13759924408497332,0.0,,,Other,,,,1.0
1787.0,ssp119_BC_Marine_striving,-0.13759924408497332,ssp119,-0.13759924408497332,0.0,non-CO2,BC,Marine,-0.13759924408497332,0.0,0.0,1.0
1787.0,ssp119_BC_off-road_striving,-0.13759924408497332,ssp119,-0.13759924408497332,0.0,non-CO2,BC,off-road,-0.13759924408497332,0.0,0.0,1.0
1787.0,ssp119_BC_on-road_striving,-0.13759924408497332,ssp119,-0.13759924408497332,0.0,non-CO2,BC,on-road,-0.13759924408497332,0.0,0.0,1.0
1787.0,ssp119_CH4_Marine_striving,-0.13759924408497332,ssp119,-0.13759924408497332,0.0,non-CO2,CH4,Marine,-0.13759924408497332,0.0,0.0,1.0
1787.0,ssp119_CH4_off-road_striving,-0.13759924408497332,ssp119,-0.13759924408497332,0.0,non-CO2,CH4,off-road,-0.13759924408497332,0.0,0.0,1.0
1787.0,ssp119_CH4_on-road_striving,-0.13759924408497332,ssp119,-0.13759924408497332,0.0,non-CO2,CH4,on-road,-0.13759924408497332,0.0,0.0,1.0
1787.0,ssp119_CO2 FFI_Marine_striving,-0.13759924408497332,ssp119,-0.13759924408497332,0.0,CO2,CO2 FFI,Marine,-0.13759924408497332,0.0,0.0,1.0
1787.0,ssp119_CO2 FFI_off-road_striving,-0.13759924408497332,ssp119,-0.13759924408497332,0.0,CO2,CO2 FFI,off-road,-0.13759924408497332,0.0,0.0,1.0
1787.0,ssp119_CO2 FFI_on-road_striving,-0.13759924408497332,ssp119,-0.13759924408497332,0.0,CO2,CO2 FFI,on-road,-0.13759924408497332,0.0,0.0,1.0
1787.0,ssp119_N2O_Marine_striving,-0.13759924408497332,ssp119,-0.13759924408497332,0.0,non-CO2,N2O,Marine,-0.13759924408497332,0.0,0.0,1.0
1787.0,ssp119_N2O_off-road_striving,-0.13759924408497332,ssp119,-0.13759924408497332,0.0,non-CO2,N2O,off-road,-0.13759924408497332,0.0,0.0,1.0
1787.0,ssp119_N2O_on-road_striving,-0.13759924408497332,ssp119,-0.13759924408497332,0.0,non-CO2,N2O,on-road,-0.13759924408497332,0.0,0.0,1.0
1787.0,ssp119_Sulfur_Marine_striving,-0.13759924408497332,ssp119,-0.13759924408497332,0.0,non-CO2,Sulfur,Marine,-0.13759924408497332,0.0,0.0,1.0
1787.0,ssp119_striving,-0.13759924408497332,ssp119,-0.13759924408497332,0.0,,,Other,,,,1.0
1787.0,ssp119_zero_tra,-0.13759924408497332,ssp119,-0.13759924408497332,0.0,,,Other,,,,1.0
1788.0,ssp119,-0.0715420830754542,ssp119,-0.0715420830754542,0.0,,,Other,,,,1.0
1788.0,ssp119_BC_Marine_striving,-0.0715420830754542,ssp119,-0.0715420830754542,0.0,non-CO2,BC,Marine,-0.0715420830754542,0.0,0.0,1.0
1788.0,ssp119_BC_off-road_striving,-0.0715420830754542,ssp119,-0.0715420830754542,0.0,non-CO2,BC,off-road,-0.0715420830754542,0.0,0.0,1.0
1788.0,ssp119_BC_on-road_striving,-0.0715420830754542,ssp119,-0.0715420830754542,0.0,non-CO2,BC,on-road,-0.0715420830754542,0.0,0.0,1.0
1788.0,ssp119_CH4_Marine_striving,-0.0715420830754542,ssp119,-0.0715420830754542,0.0,non-CO2,CH4,Marine,-0.0715420830754542,0.0,0.0,1.0
1788.0,ssp119_CH4_off-road_striving,-0.0715420830754542,ssp119,-0.0715420830754542,0.0,non-CO2,CH4,off-road,-0.0715420830754542,0.0,0.0,1.0
1788.0,ssp119_CH4_on-road_striving,-0.0715420830754542,ssp119,-0.0715420830754542,0.0,non-CO2,CH4,on-road,-0.0715420830754542,0.0,0.0,1.0
1788.0,ssp119_CO2 FFI_Marine_striving,-0.0715420830754542,ssp119,-0.0715420830754542,0.0,CO2,CO2 FFI,Marine,-0.0715420830754542,0.0,0.0,1.0
1788.0,ssp119_CO2 FFI_off-road_striving,-0.0715420830754542,ssp119,-0.0715420830754542,0.0,CO2,CO2 FFI,off-road,-0.0715420830754542,0.0,0.0,1.0
1788.0,ssp119_CO2 FFI_on-road_striving,-0.0715420830754542,ssp119,-0.0715420830754542,0.0,CO2,CO2 FFI,on-road,-0.0715420830754542,0.0,0.0,1.0
1788.0,ssp119_N2O_Marine_striving,-0.0715420830754542,ssp119,-0.0715420830754542,0.0,non-CO2,N2O,Marine,-0.0715420830754542,0.0,0.0,1.0
1788.0,ssp119_N2O_off-road_striving,-0.0715420830754542,ssp119,-0.0715420830754542,0.0,non-CO2,N2O,off-road,-0.0715420830754542,0.0,0.0,1.0
1788.0,ssp119_N2O_on-road_striving,-0.0715420830754542,ssp119,-0.0715420830754542,0.0,non-CO2,N2O,on-road,-0.0715420830754542,0.0,0.0,1.0
1788.0,ssp119_Sulfur_Marine_striving,-0.0715420830754542,ssp119,-0.0715420830754542,0.0,non-CO2,Sulfur,Marine,-0.0715420830754542,0.0,0.0,1.0
1788.0,ssp119_striving,-0.0715420830754542,ssp119,-0.0715420830754542,0.0,,,Other,,,,1.0
1788.0,ssp119_zero_tra,-0.0715420830754542,ssp119,-0.0715420830754542,0.0,,,Other,,,,1.0
1789.0,ssp119,0.013856898640845971,ssp119,0.013856898640845971,0.0,,,Other,,,,1.0
1789.0,ssp119_BC_Marine_striving,0.013856898640845971,ssp119,0.013856898640845971,0.0,non-CO2,BC,Marine,0.013856898640845971,0.0,0.0,1.0
1789.0,ssp119_BC_off-road_striving,0.013856898640845971,ssp119,0.013856898640845971,0.0,non-CO2,BC,off-road,0.013856898640845971,0.0,0.0,1.0
1789.0,ssp119_BC_on-road_striving,0.013856898640845971,ssp119,0.013856898640845971,0.0,non-CO2,BC,on-road,0.013856898640845971,0.0,0.0,1.0
1789.0,ssp119_CH4_Marine_striving,0.013856898640845971,ssp119,0.013856898640845971,0.0,non-CO2,CH4,Marine,0.013856898640845971,0.0,0.0,1.0
1789.0,ssp119_CH4_off-road_striving,0.013856898640845971,ssp119,0.013856898640845971,0.0,non-CO2,CH4,off-road,0.013856898640845971,0.0,0.0,1.0
1789.0,ssp119_CH4_on-road_striving,0.013856898640845971,ssp119,0.013856898640845971,0.0,non-CO2,CH4,on-road,0.013856898640845971,0.0,0.0,1.0
1789.0,ssp119_CO2 FFI_Marine_striving,0.013856898640845971,ssp119,0.013856898640845971,0.0,CO2,CO2 FFI,Marine,0.013856898640845971,0.0,0.0,1.0
1789.0,ssp119_CO2 FFI_off-road_striving,0.013856898640845971,ssp119,0.013856898640845971,0.0,CO2,CO2 FFI,off-road,0.013856898640845971,0.0,0.0,1.0
1789.0,ssp119_CO2 FFI_on-road_striving,0.013856898640845971,ssp119,0.013856898640845971,0.0,CO2,CO2 FFI,on-road,0.013856898640845971,0.0,0.0,1.0
1789.0,ssp119_N2O_Marine_striving,0.013856898640845971,ssp119,0.013856898640845971,0.0,non-CO2,N2O,Marine,0.013856898640845971,0.0,0.0,1.0
1789.0,ssp119_N2O_off-road_striving,0.013856898640845971,ssp119,0.013856898640845971,0.0,non-CO2,N2O,off-road,0.013856898640845971,0.0,0.0,1.0
1789.0,ssp119_N2O_on-road_striving,0.013856898640845971,ssp119,0.013856898640845971,0.0,non-CO2,N2O,on-road,0.013856898640845971,0.0,0.0,1.0
1789.0,ssp119_Sulfur_Marine_striving,0.013856898640845971,ssp119,0.013856898640845971,0.0,non-CO2,Sulfur,Marine,0.013856898640845971,0.0,0.0,1.0
1789.0,ssp119_striving,0.013856898640845971,ssp119,0.013856898640845971,0.0,,,Other,,,,1.0
1789.0,ssp119_zero_tra,0.013856898640845971,ssp119,0.013856898640845971,0.0,,,Other,,,,1.0
1790.0,ssp119,0.045481168514914516,ssp119,0.045481168514914516,0.0,,,Other,,,,1.0
1790.0,ssp119_BC_Marine_striving,0.045481168514914516,ssp119,0.045481168514914516,0.0,non-CO2,BC,Marine,0.045481168514914516,0.0,0.0,1.0
1790.0,ssp119_BC_off-road_striving,0.045481168514914516,ssp119,0.045481168514914516,0.0,non-CO2,BC,off-road,0.045481168514914516,0.0,0.0,1.0
1790.0,ssp119_BC_on-road_striving,0.045481168514914516,ssp119,0.045481168514914516,0.0,non-CO2,BC,on-road,0.045481168514914516,0.0,0.0,1.0
1790.0,ssp119_CH4_Marine_striving,0.045481168514914516,ssp119,0.045481168514914516,0.0,non-CO2,CH4,Marine,0.045481168514914516,0.0,0.0,1.0
1790.0,ssp119_CH4_off-road_striving,0.045481168514914516,ssp119,0.045481168514914516,0.0,non-CO2,CH4,off-road,0.045481168514914516,0.0,0.0,1.0
1790.0,ssp119_CH4_on-road_striving,0.045481168514914516,ssp119,0.045481168514914516,0.0,non-CO2,CH4,on-road,0.045481168514914516,0.0,0.0,1.0
1790.0,ssp119_CO2 FFI_Marine_striving,0.045481168514914516,ssp119,0.045481168514914516,0.0,CO2,CO2 FFI,Marine,0.045481168514914516,0.0,0.0,1.0
1790.0,ssp119_CO2 FFI_off-road_striving,0.045481168514914516,ssp119,0.045481168514914516,0.0,CO2,CO2 FFI,off-road,0.045481168514914516,0.0,0.0,1.0
1790.0,ssp119_CO2 FFI_on-road_striving,0.045481168514914516,ssp119,0.045481168514914516,0.0,CO2,CO2 FFI,on-road,0.045481168514914516,0.0,0.0,1.0
1790.0,ssp119_N2O_Marine_striving,0.045481168514914516,ssp119,0.045481168514914516,0.0,non-CO2,N2O,Marine,0.045481168514914516,0.0,0.0,1.0
1790.0,ssp119_N2O_off-road_striving,0.045481168514914516,ssp119,0.045481168514914516,0.0,non-CO2,N2O,off-road,0.045481168514914516,0.0,0.0,1.0
1790.0,ssp119_N2O_on-road_striving,0.045481168514914516,ssp119,0.045481168514914516,0.0,non-CO2,N2O,on-road,0.045481168514914516,0.0,0.0,1.0
1790.0,ssp119_Sulfur_Marine_striving,0.045481168514914516,ssp119,0.045481168514914516,0.0,non-CO2,Sulfur,Marine,0.045481168514914516,0.0,0.0,1.0
1790.0,ssp119_striving,0.045481168514914516,ssp119,0.045481168514914516,0.0,,,Other,,,,1.0
1790.0,ssp119_zero_tra,0.045481168514914516,ssp119,0.045481168514914516,0.0,,,Other,,,,1.0
1791.0,ssp119,0.04836717414623842,ssp119,0.04836717414623842,0.0,,,Other,,,,1.0
1791.0,ssp119_BC_Marine_striving,0.04836717414623842,ssp119,0.04836717414623842,0.0,non-CO2,BC,Marine,0.04836717414623842,0.0,0.0,1.0
1791.0,ssp119_BC_off-road_striving,0.04836717414623842,ssp119,0.04836717414623842,0.0,non-CO2,BC,off-road,0.04836717414623842,0.0,0.0,1.0
1791.0,ssp119_BC_on-road_striving,0.04836717414623842,ssp119,0.04836717414623842,0.0,non-CO2,BC,on-road,0.04836717414623842,0.0,0.0,1.0
1791.0,ssp119_CH4_Marine_striving,0.04836717414623842,ssp119,0.04836717414623842,0.0,non-CO2,CH4,Marine,0.04836717414623842,0.0,0.0,1.0
1791.0,ssp119_CH4_off-road_striving,0.04836717414623842,ssp119,0.04836717414623842,0.0,non-CO2,CH4,off-road,0.04836717414623842,0.0,0.0,1.0
1791.0,ssp119_CH4_on-road_striving,0.04836717414623842,ssp119,0.04836717414623842,0.0,non-CO2,CH4,on-road,0.04836717414623842,0.0,0.0,1.0
1791.0,ssp119_CO2 FFI_Marine_striving,0.04836717414623842,ssp119,0.04836717414623842,0.0,CO2,CO2 FFI,Marine,0.04836717414623842,0.0,0.0,1.0
1791.0,ssp119_CO2 FFI_off-road_striving,0.04836717414623842,ssp119,0.04836717414623842,0.0,CO2,CO2 FFI,off-road,0.04836717414623842,0.0,0.0,1.0
1791.0,ssp119_CO2 FFI_on-road_striving,0.04836717414623842,ssp119,0.04836717414623842,0.0,CO2,CO2 FFI,on-road,0.04836717414623842,0.0,0.0,1.0
1791.0,ssp119_N2O_Marine_striving,0.04836717414623842,ssp119,0.04836717414623842,0.0,non-CO2,N2O,Marine,0.04836717414623842,0.0,0.0,1.0
1791.0,ssp119_N2O_off-road_striving,0.04836717414623842,ssp119,0.04836717414623842,0.0,non-CO2,N2O,off-road,0.04836717414623842,0.0,0.0,1.0
1791.0,ssp119_N2O_on-road_striving,0.04836717414623842,ssp119,0.04836717414623842,0.0,non-CO2,N2O,on-road,0.04836717414623842,0.0,0.0,1.0
1791.0,ssp119_Sulfur_Marine_striving,0.04836717414623842,ssp119,0.04836717414623842,0.0,non-CO2,Sulfur,Marine,0.04836717414623842,0.0,0.0,1.0
1791.0,ssp119_striving,0.04836717414623842,ssp119,0.04836717414623842,0.0,,,Other,,,,1.0
1791.0,ssp119_zero_tra,0.04836717414623842,ssp119,0.04836717414623842,0.0,,,Other,,,,1.0
1792.0,ssp119,0.07379448963524611,ssp119,0.07379448963524611,0.0,,,Other,,,,1.0
1792.0,ssp119_BC_Marine_striving,0.07379448963524611,ssp119,0.07379448963524611,0.0,non-CO2,BC,Marine,0.07379448963524611,0.0,0.0,1.0
1792.0,ssp119_BC_off-road_striving,0.07379448963524611,ssp119,0.07379448963524611,0.0,non-CO2,BC,off-road,0.07379448963524611,0.0,0.0,1.0
1792.0,ssp119_BC_on-road_striving,0.07379448963524611,ssp119,0.07379448963524611,0.0,non-CO2,BC,on-road,0.07379448963524611,0.0,0.0,1.0
1792.0,ssp119_CH4_Marine_striving,0.07379448963524611,ssp119,0.07379448963524611,0.0,non-CO2,CH4,Marine,0.07379448963524611,0.0,0.0,1.0
1792.0,ssp119_CH4_off-road_striving,0.07379448963524611,ssp119,0.07379448963524611,0.0,non-CO2,CH4,off-road,0.07379448963524611,0.0,0.0,1.0
1792.0,ssp119_CH4_on-road_striving,0.07379448963524611,ssp119,0.07379448963524611,0.0,non-CO2,CH4,on-road,0.07379448963524611,0.0,0.0,1.0
1792.0,ssp119_CO2 FFI_Marine_striving,0.07379448963524611,ssp119,0.07379448963524611,0.0,CO2,CO2 FFI,Marine,0.07379448963524611,0.0,0.0,1.0
1792.0,ssp119_CO2 FFI_off-road_striving,0.07379448963524611,ssp119,0.07379448963524611,0.0,CO2,CO2 FFI,off-road,0.07379448963524611,0.0,0.0,1.0
1792.0,ssp119_CO2 FFI_on-road_striving,0.07379448963524611,ssp119,0.07379448963524611,0.0,CO2,CO2 FFI,on-road,0.07379448963524611,0.0,0.0,1.0
1792.0,ssp119_N2O_Marine_striving,0.07379448963524611,ssp119,0.07379448963524611,0.0,non-CO2,N2O,Marine,0.07379448963524611,0.0,0.0,1.0
1792.0,ssp119_N2O_off-road_striving,0.07379448963524611,ssp119,0.07379448963524611,0.0,non-CO2,N2O,off-road,0.07379448963524611,0.0,0.0,1.0
1792.0,ssp119_N2O_on-road_striving,0.07379448963524611,ssp119,0.07379448963524611,0.0,non-CO2,N2O,on-road,0.07379448963524611,0.0,0.0,1.0
1792.0,ssp119_Sulfur_Marine_striving,0.07379448963524611,ssp119,0.07379448963524611,0.0,non-CO2,Sulfur,Marine,0.07379448963524611,0.0,0.0,1.0
1792.0,ssp119_striving,0.07379448963524611,ssp119,0.07379448963524611,0.0,,,Other,,,,1.0
1792.0,ssp119_zero_tra,0.07379448963524611,ssp119,0.07379448963524611,0.0,,,Other,,,,1.0
1793.0,ssp119,0.09540475208884268,ssp119,0.09540475208884268,0.0,,,Other,,,,1.0
1793.0,ssp119_BC_Marine_striving,0.09540475208884268,ssp119,0.09540475208884268,0.0,non-CO2,BC,Marine,0.09540475208884268,0.0,0.0,1.0
1793.0,ssp119_BC_off-road_striving,0.09540475208884268,ssp119,0.09540475208884268,0.0,non-CO2,BC,off-road,0.09540475208884268,0.0,0.0,1.0
1793.0,ssp119_BC_on-road_striving,0.09540475208884268,ssp119,0.09540475208884268,0.0,non-CO2,BC,on-road,0.09540475208884268,0.0,0.0,1.0
1793.0,ssp119_CH4_Marine_striving,0.09540475208884268,ssp119,0.09540475208884268,0.0,non-CO2,CH4,Marine,0.09540475208884268,0.0,0.0,1.0
1793.0,ssp119_CH4_off-road_striving,0.09540475208884268,ssp119,0.09540475208884268,0.0,non-CO2,CH4,off-road,0.09540475208884268,0.0,0.0,1.0
1793.0,ssp119_CH4_on-road_striving,0.09540475208884268,ssp119,0.09540475208884268,0.0,non-CO2,CH4,on-road,0.09540475208884268,0.0,0.0,1.0
1793.0,ssp119_CO2 FFI_Marine_striving,0.09540475208884268,ssp119,0.09540475208884268,0.0,CO2,CO2 FFI,Marine,0.09540475208884268,0.0,0.0,1.0
1793.0,ssp119_CO2 FFI_off-road_striving,0.09540475208884268,ssp119,0.09540475208884268,0.0,CO2,CO2 FFI,off-road,0.09540475208884268,0.0,0.0,1.0
1793.0,ssp119_CO2 FFI_on-road_striving,0.09540475208884268,ssp119,0.09540475208884268,0.0,CO2,CO2 FFI,on-road,0.09540475208884268,0.0,0.0,1.0
1793.0,ssp119_N2O_Marine_striving,0.09540475208884268,ssp119,0.09540475208884268,0.0,non-CO2,N2O,Marine,0.09540475208884268,0.0,0.0,1.0
1793.0,ssp119_N2O_off-road_striving,0.09540475208884268,ssp119,0.09540475208884268,0.0,non-CO2,N2O,off-road,0.09540475208884268,0.0,0.0,1.0
1793.0,ssp119_N2O_on-road_striving,0.09540475208884268,ssp119,0.09540475208884268,0.0,non-CO2,N2O,on-road,0.09540475208884268,0.0,0.0,1.0
1793.0,ssp119_Sulfur_Marine_striving,0.09540475208884268,ssp119,0.09540475208884268,0.0,non-CO2,Sulfur,Marine,0.09540475208884268,0.0,0.0,1.0
1793.0,ssp119_striving,0.09540475208884268,ssp119,0.09540475208884268,0.0,,,Other,,,,1.0
1793.0,ssp119_zero_tra,0.09540475208884268,ssp119,0.09540475208884268,0.0,,,Other,,,,1.0
1794.0,ssp119,0.09858336909397525,ssp119,0.09858336909397525,0.0,,,Other,,,,1.0
1794.0,ssp119_BC_Marine_striving,0.09858336909397525,ssp119,0.09858336909397525,0.0,non-CO2,BC,Marine,0.09858336909397525,0.0,0.0,1.0
1794.0,ssp119_BC_off-road_striving,0.09858336909397525,ssp119,0.09858336909397525,0.0,non-CO2,BC,off-road,0.09858336909397525,0.0,0.0,1.0
1794.0,ssp119_BC_on-road_striving,0.09858336909397525,ssp119,0.09858336909397525,0.0,non-CO2,BC,on-road,0.09858336909397525,0.0,0.0,1.0
1794.0,ssp119_CH4_Marine_striving,0.09858336909397525,ssp119,0.09858336909397525,0.0,non-CO2,CH4,Marine,0.09858336909397525,0.0,0.0,1.0
1794.0,ssp119_CH4_off-road_striving,0.09858336909397525,ssp119,0.09858336909397525,0.0,non-CO2,CH4,off-road,0.09858336909397525,0.0,0.0,1.0
1794.0,ssp119_CH4_on-road_striving,0.09858336909397525,ssp119,0.09858336909397525,0.0,non-CO2,CH4,on-road,0.09858336909397525,0.0,0.0,1.0
1794.0,ssp119_CO2 FFI_Marine_striving,0.09858336909397525,ssp119,0.09858336909397525,0.0,CO2,CO2 FFI,Marine,0.09858336909397525,0.0,0.0,1.0
1794.0,ssp119_CO2 FFI_off-road_striving,0.09858336909397525,ssp119,0.09858336909397525,0.0,CO2,CO2 FFI,off-road,0.09858336909397525,0.0,0.0,1.0
1794.0,ssp119_CO2 FFI_on-road_striving,0.09858336909397525,ssp119,0.09858336909397525,0.0,CO2,CO2 FFI,on-road,0.09858336909397525,0.0,0.0,1.0
1794.0,ssp119_N2O_Marine_striving,0.09858336909397525,ssp119,0.09858336909397525,0.0,non-CO2,N2O,Marine,0.09858336909397525,0.0,0.0,1.0
1794.0,ssp119_N2O_off-road_striving,0.09858336909397525,ssp119,0.09858336909397525,0.0,non-CO2,N2O,off-road,0.09858336909397525,0.0,0.0,1.0
1794.0,ssp119_N2O_on-road_striving,0.09858336909397525,ssp119,0.09858336909397525,0.0,non-CO2,N2O,on-road,0.09858336909397525,0.0,0.0,1.0
1794.0,ssp119_Sulfur_Marine_striving,0.09858336909397525,ssp119,0.09858336909397525,0.0,non-CO2,Sulfur,Marine,0.09858336909397525,0.0,0.0,1.0
1794.0,ssp119_striving,0.09858336909397525,ssp119,0.09858336909397525,0.0,,,Other,,,,1.0
1794.0,ssp119_zero_tra,0.09858336909397525,ssp119,0.09858336909397525,0.0,,,Other,,,,1.0
1795.0,ssp119,0.10390526153208018,ssp119,0.10390526153208018,0.0,,,Other,,,,1.0
1795.0,ssp119_BC_Marine_striving,0.10390526153208018,ssp119,0.10390526153208018,0.0,non-CO2,BC,Marine,0.10390526153208018,0.0,0.0,1.0
1795.0,ssp119_BC_off-road_striving,0.10390526153208018,ssp119,0.10390526153208018,0.0,non-CO2,BC,off-road,0.10390526153208018,0.0,0.0,1.0
1795.0,ssp119_BC_on-road_striving,0.10390526153208018,ssp119,0.10390526153208018,0.0,non-CO2,BC,on-road,0.10390526153208018,0.0,0.0,1.0
1795.0,ssp119_CH4_Marine_striving,0.10390526153208018,ssp119,0.10390526153208018,0.0,non-CO2,CH4,Marine,0.10390526153208018,0.0,0.0,1.0
1795.0,ssp119_CH4_off-road_striving,0.10390526153208018,ssp119,0.10390526153208018,0.0,non-CO2,CH4,off-road,0.10390526153208018,0.0,0.0,1.0
1795.0,ssp119_CH4_on-road_striving,0.10390526153208018,ssp119,0.10390526153208018,0.0,non-CO2,CH4,on-road,0.10390526153208018,0.0,0.0,1.0
1795.0,ssp119_CO2 FFI_Marine_striving,0.10390526153208018,ssp119,0.10390526153208018,0.0,CO2,CO2 FFI,Marine,0.10390526153208018,0.0,0.0,1.0
1795.0,ssp119_CO2 FFI_off-road_striving,0.10390526153208018,ssp119,0.10390526153208018,0.0,CO2,CO2 FFI,off-road,0.10390526153208018,0.0,0.0,1.0
1795.0,ssp119_CO2 FFI_on-road_striving,0.10390526153208018,ssp119,0.10390526153208018,0.0,CO2,CO2 FFI,on-road,0.10390526153208018,0.0,0.0,1.0
1795.0,ssp119_N2O_Marine_striving,0.10390526153208018,ssp119,0.10390526153208018,0.0,non-CO2,N2O,Marine,0.10390526153208018,0.0,0.0,1.0
1795.0,ssp119_N2O_off-road_striving,0.10390526153208018,ssp119,0.10390526153208018,0.0,non-CO2,N2O,off-road,0.10390526153208018,0.0,0.0,1.0
1795.0,ssp119_N2O_on-road_striving,0.10390526153208018,ssp119,0.10390526153208018,0.0,non-CO2,N2O,on-road,0.10390526153208018,0.0,0.0,1.0
1795.0,ssp119_Sulfur_Marine_striving,0.10390526153208018,ssp119,0.10390526153208018,0.0,non-CO2,Sulfur,Marine,0.10390526153208018,0.0,0.0,1.0
1795.0,ssp119_striving,0.10390526153208018,ssp119,0.10390526153208018,0.0,,,Other,,,,1.0
1795.0,ssp119_zero_tra,0.10390526153208018,ssp119,0.10390526153208018,0.0,,,Other,,,,1.0
1796.0,ssp119,0.054733230678393474,ssp119,0.054733230678393474,0.0,,,Other,,,,1.0
1796.0,ssp119_BC_Marine_striving,0.054733230678393474,ssp119,0.054733230678393474,0.0,non-CO2,BC,Marine,0.054733230678393474,0.0,0.0,1.0
1796.0,ssp119_BC_off-road_striving,0.054733230678393474,ssp119,0.054733230678393474,0.0,non-CO2,BC,off-road,0.054733230678393474,0.0,0.0,1.0
1796.0,ssp119_BC_on-road_striving,0.054733230678393474,ssp119,0.054733230678393474,0.0,non-CO2,BC,on-road,0.054733230678393474,0.0,0.0,1.0
1796.0,ssp119_CH4_Marine_striving,0.054733230678393474,ssp119,0.054733230678393474,0.0,non-CO2,CH4,Marine,0.054733230678393474,0.0,0.0,1.0
1796.0,ssp119_CH4_off-road_striving,0.054733230678393474,ssp119,0.054733230678393474,0.0,non-CO2,CH4,off-road,0.054733230678393474,0.0,0.0,1.0
1796.0,ssp119_CH4_on-road_striving,0.054733230678393474,ssp119,0.054733230678393474,0.0,non-CO2,CH4,on-road,0.054733230678393474,0.0,0.0,1.0
1796.0,ssp119_CO2 FFI_Marine_striving,0.054733230678393474,ssp119,0.054733230678393474,0.0,CO2,CO2 FFI,Marine,0.054733230678393474,0.0,0.0,1.0
1796.0,ssp119_CO2 FFI_off-road_striving,0.054733230678393474,ssp119,0.054733230678393474,0.0,CO2,CO2 FFI,off-road,0.054733230678393474,0.0,0.0,1.0
1796.0,ssp119_CO2 FFI_on-road_striving,0.054733230678393474,ssp119,0.054733230678393474,0.0,CO2,CO2 FFI,on-road,0.054733230678393474,0.0,0.0,1.0
1796.0,ssp119_N2O_Marine_striving,0.054733230678393474,ssp119,0.054733230678393474,0.0,non-CO2,N2O,Marine,0.054733230678393474,0.0,0.0,1.0
1796.0,ssp119_N2O_off-road_striving,0.054733230678393474,ssp119,0.054733230678393474,0.0,non-CO2,N2O,off-road,0.054733230678393474,0.0,0.0,1.0
1796.0,ssp119_N2O_on-road_striving,0.054733230678393474,ssp119,0.054733230678393474,0.0,non-CO2,N2O,on-road,0.054733230678393474,0.0,0.0,1.0
1796.0,ssp119_Sulfur_Marine_striving,0.054733230678393474,ssp119,0.054733230678393474,0.0,non-CO2,Sulfur,Marine,0.054733230678393474,0.0,0.0,1.0
1796.0,ssp119_striving,0.054733230678393474,ssp119,0.054733230678393474,0.0,,,Other,,,,1.0
1796.0,ssp119_zero_tra,0.054733230678393474,ssp119,0.054733230678393474,0.0,,,Other,,,,1.0
1797.0,ssp119,0.04395387539346291,ssp119,0.04395387539346291,0.0,,,Other,,,,1.0
1797.0,ssp119_BC_Marine_striving,0.04395387539346291,ssp119,0.04395387539346291,0.0,non-CO2,BC,Marine,0.04395387539346291,0.0,0.0,1.0
1797.0,ssp119_BC_off-road_striving,0.04395387539346291,ssp119,0.04395387539346291,0.0,non-CO2,BC,off-road,0.04395387539346291,0.0,0.0,1.0
1797.0,ssp119_BC_on-road_striving,0.04395387539346291,ssp119,0.04395387539346291,0.0,non-CO2,BC,on-road,0.04395387539346291,0.0,0.0,1.0
1797.0,ssp119_CH4_Marine_striving,0.04395387539346291,ssp119,0.04395387539346291,0.0,non-CO2,CH4,Marine,0.04395387539346291,0.0,0.0,1.0
1797.0,ssp119_CH4_off-road_striving,0.04395387539346291,ssp119,0.04395387539346291,0.0,non-CO2,CH4,off-road,0.04395387539346291,0.0,0.0,1.0
1797.0,ssp119_CH4_on-road_striving,0.04395387539346291,ssp119,0.04395387539346291,0.0,non-CO2,CH4,on-road,0.04395387539346291,0.0,0.0,1.0
1797.0,ssp119_CO2 FFI_Marine_striving,0.04395387539346291,ssp119,0.04395387539346291,0.0,CO2,CO2 FFI,Marine,0.04395387539346291,0.0,0.0,1.0
1797.0,ssp119_CO2 FFI_off-road_striving,0.04395387539346291,ssp119,0.04395387539346291,0.0,CO2,CO2 FFI,off-road,0.04395387539346291,0.0,0.0,1.0
1797.0,ssp119_CO2 FFI_on-road_striving,0.04395387539346291,ssp119,0.04395387539346291,0.0,CO2,CO2 FFI,on-road,0.04395387539346291,0.0,0.0,1.0
1797.0,ssp119_N2O_Marine_striving,0.04395387539346291,ssp119,0.04395387539346291,0.0,non-CO2,N2O,Marine,0.04395387539346291,0.0,0.0,1.0
1797.0,ssp119_N2O_off-road_striving,0.04395387539346291,ssp119,0.04395387539346291,0.0,non-CO2,N2O,off-road,0.04395387539346291,0.0,0.0,1.0
1797.0,ssp119_N2O_on-road_striving,0.04395387539346291,ssp119,0.04395387539346291,0.0,non-CO2,N2O,on-road,0.04395387539346291,0.0,0.0,1.0
1797.0,ssp119_Sulfur_Marine_striving,0.04395387539346291,ssp119,0.04395387539346291,0.0,non-CO2,Sulfur,Marine,0.04395387539346291,0.0,0.0,1.0
1797.0,ssp119_striving,0.04395387539346291,ssp119,0.04395387539346291,0.0,,,Other,,,,1.0
1797.0,ssp119_zero_tra,0.04395387539346291,ssp119,0.04395387539346291,0.0,,,Other,,,,1.0
1798.0,ssp119,0.047913399463503106,ssp119,0.047913399463503106,0.0,,,Other,,,,1.0
1798.0,ssp119_BC_Marine_striving,0.047913399463503106,ssp119,0.047913399463503106,0.0,non-CO2,BC,Marine,0.047913399463503106,0.0,0.0,1.0
1798.0,ssp119_BC_off-road_striving,0.047913399463503106,ssp119,0.047913399463503106,0.0,non-CO2,BC,off-road,0.047913399463503106,0.0,0.0,1.0
1798.0,ssp119_BC_on-road_striving,0.047913399463503106,ssp119,0.047913399463503106,0.0,non-CO2,BC,on-road,0.047913399463503106,0.0,0.0,1.0
1798.0,ssp119_CH4_Marine_striving,0.047913399463503106,ssp119,0.047913399463503106,0.0,non-CO2,CH4,Marine,0.047913399463503106,0.0,0.0,1.0
1798.0,ssp119_CH4_off-road_striving,0.047913399463503106,ssp119,0.047913399463503106,0.0,non-CO2,CH4,off-road,0.047913399463503106,0.0,0.0,1.0
1798.0,ssp119_CH4_on-road_striving,0.047913399463503106,ssp119,0.047913399463503106,0.0,non-CO2,CH4,on-road,0.047913399463503106,0.0,0.0,1.0
1798.0,ssp119_CO2 FFI_Marine_striving,0.047913399463503106,ssp119,0.047913399463503106,0.0,CO2,CO2 FFI,Marine,0.047913399463503106,0.0,0.0,1.0
1798.0,ssp119_CO2 FFI_off-road_striving,0.047913399463503106,ssp119,0.047913399463503106,0.0,CO2,CO2 FFI,off-road,0.047913399463503106,0.0,0.0,1.0
1798.0,ssp119_CO2 FFI_on-road_striving,0.047913399463503106,ssp119,0.047913399463503106,0.0,CO2,CO2 FFI,on-road,0.047913399463503106,0.0,0.0,1.0
1798.0,ssp119_N2O_Marine_striving,0.047913399463503106,ssp119,0.047913399463503106,0.0,non-CO2,N2O,Marine,0.047913399463503106,0.0,0.0,1.0
1798.0,ssp119_N2O_off-road_striving,0.047913399463503106,ssp119,0.047913399463503106,0.0,non-CO2,N2O,off-road,0.047913399463503106,0.0,0.0,1.0
1798.0,ssp119_N2O_on-road_striving,0.047913399463503106,ssp119,0.047913399463503106,0.0,non-CO2,N2O,on-road,0.047913399463503106,0.0,0.0,1.0
1798.0,ssp119_Sulfur_Marine_striving,0.047913399463503106,ssp119,0.047913399463503106,0.0,non-CO2,Sulfur,Marine,0.047913399463503106,0.0,0.0,1.0
1798.0,ssp119_striving,0.047913399463503106,ssp119,0.047913399463503106,0.0,,,Other,,,,1.0
1798.0,ssp119_zero_tra,0.047913399463503106,ssp119,0.047913399463503106,0.0,,,Other,,,,1.0
1799.0,ssp119,0.0714014709146509,ssp119,0.0714014709146509,0.0,,,Other,,,,1.0
1799.0,ssp119_BC_Marine_striving,0.0714014709146509,ssp119,0.0714014709146509,0.0,non-CO2,BC,Marine,0.0714014709146509,0.0,0.0,1.0
1799.0,ssp119_BC_off-road_striving,0.0714014709146509,ssp119,0.0714014709146509,0.0,non-CO2,BC,off-road,0.0714014709146509,0.0,0.0,1.0
1799.0,ssp119_BC_on-road_striving,0.0714014709146509,ssp119,0.0714014709146509,0.0,non-CO2,BC,on-road,0.0714014709146509,0.0,0.0,1.0
1799.0,ssp119_CH4_Marine_striving,0.0714014709146509,ssp119,0.0714014709146509,0.0,non-CO2,CH4,Marine,0.0714014709146509,0.0,0.0,1.0
1799.0,ssp119_CH4_off-road_striving,0.0714014709146509,ssp119,0.0714014709146509,0.0,non-CO2,CH4,off-road,0.0714014709146509,0.0,0.0,1.0
1799.0,ssp119_CH4_on-road_striving,0.0714014709146509,ssp119,0.0714014709146509,0.0,non-CO2,CH4,on-road,0.0714014709146509,0.0,0.0,1.0
1799.0,ssp119_CO2 FFI_Marine_striving,0.0714014709146509,ssp119,0.0714014709146509,0.0,CO2,CO2 FFI,Marine,0.0714014709146509,0.0,0.0,1.0
1799.0,ssp119_CO2 FFI_off-road_striving,0.0714014709146509,ssp119,0.0714014709146509,0.0,CO2,CO2 FFI,off-road,0.0714014709146509,0.0,0.0,1.0
1799.0,ssp119_CO2 FFI_on-road_striving,0.0714014709146509,ssp119,0.0714014709146509,0.0,CO2,CO2 FFI,on-road,0.0714014709146509,0.0,0.0,1.0
1799.0,ssp119_N2O_Marine_striving,0.0714014709146509,ssp119,0.0714014709146509,0.0,non-CO2,N2O,Marine,0.0714014709146509,0.0,0.0,1.0
1799.0,ssp119_N2O_off-road_striving,0.0714014709146509,ssp119,0.0714014709146509,0.0,non-CO2,N2O,off-road,0.0714014709146509,0.0,0.0,1.0
1799.0,ssp119_N2O_on-road_striving,0.0714014709146509,ssp119,0.0714014709146509,0.0,non-CO2,N2O,on-road,0.0714014709146509,0.0,0.0,1.0
1799.0,ssp119_Sulfur_Marine_striving,0.0714014709146509,ssp119,0.0714014709146509,0.0,non-CO2,Sulfur,Marine,0.0714014709146509,0.0,0.0,1.0
1799.0,ssp119_striving,0.0714014709146509,ssp119,0.0714014709146509,0.0,,,Other,,,,1.0
1799.0,ssp119_zero_tra,0.0714014709146509,ssp119,0.0714014709146509,0.0,,,Other,,,,1.0
1800.0,ssp119,0.07102606463135369,ssp119,0.07102606463135369,0.0,,,Other,,,,1.0
1800.0,ssp119_BC_Marine_striving,0.07102606463135369,ssp119,0.07102606463135369,0.0,non-CO2,BC,Marine,0.07102606463135369,0.0,0.0,1.0
1800.0,ssp119_BC_off-road_striving,0.07102606463135369,ssp119,0.07102606463135369,0.0,non-CO2,BC,off-road,0.07102606463135369,0.0,0.0,1.0
1800.0,ssp119_BC_on-road_striving,0.07102606463135369,ssp119,0.07102606463135369,0.0,non-CO2,BC,on-road,0.07102606463135369,0.0,0.0,1.0
1800.0,ssp119_CH4_Marine_striving,0.07102606463135369,ssp119,0.07102606463135369,0.0,non-CO2,CH4,Marine,0.07102606463135369,0.0,0.0,1.0
1800.0,ssp119_CH4_off-road_striving,0.07102606463135369,ssp119,0.07102606463135369,0.0,non-CO2,CH4,off-road,0.07102606463135369,0.0,0.0,1.0
1800.0,ssp119_CH4_on-road_striving,0.07102606463135369,ssp119,0.07102606463135369,0.0,non-CO2,CH4,on-road,0.07102606463135369,0.0,0.0,1.0
1800.0,ssp119_CO2 FFI_Marine_striving,0.07102606463135369,ssp119,0.07102606463135369,0.0,CO2,CO2 FFI,Marine,0.07102606463135369,0.0,0.0,1.0
1800.0,ssp119_CO2 FFI_off-road_striving,0.07102606463135369,ssp119,0.07102606463135369,0.0,CO2,CO2 FFI,off-road,0.07102606463135369,0.0,0.0,1.0
1800.0,ssp119_CO2 FFI_on-road_striving,0.07102606463135369,ssp119,0.07102606463135369,0.0,CO2,CO2 FFI,on-road,0.07102606463135369,0.0,0.0,1.0
1800.0,ssp119_N2O_Marine_striving,0.07102606463135369,ssp119,0.07102606463135369,0.0,non-CO2,N2O,Marine,0.07102606463135369,0.0,0.0,1.0
1800.0,ssp119_N2O_off-road_striving,0.07102606463135369,ssp119,0.07102606463135369,0.0,non-CO2,N2O,off-road,0.07102606463135369,0.0,0.0,1.0
1800.0,ssp119_N2O_on-road_striving,0.07102606463135369,ssp119,0.07102606463135369,0.0,non-CO2,N2O,on-road,0.07102606463135369,0.0,0.0,1.0
1800.0,ssp119_Sulfur_Marine_striving,0.07102606463135369,ssp119,0.07102606463135369,0.0,non-CO2,Sulfur,Marine,0.07102606463135369,0.0,0.0,1.0
1800.0,ssp119_striving,0.07102606463135369,ssp119,0.07102606463135369,0.0,,,Other,,,,1.0
1800.0,ssp119_zero_tra,0.07102606463135369,ssp119,0.07102606463135369,0.0,,,Other,,,,1.0
1801.0,ssp119,0.08434814017184317,ssp119,0.08434814017184317,0.0,,,Other,,,,1.0
1801.0,ssp119_BC_Marine_striving,0.08434814017184317,ssp119,0.08434814017184317,0.0,non-CO2,BC,Marine,0.08434814017184317,0.0,0.0,1.0
1801.0,ssp119_BC_off-road_striving,0.08434814017184317,ssp119,0.08434814017184317,0.0,non-CO2,BC,off-road,0.08434814017184317,0.0,0.0,1.0
1801.0,ssp119_BC_on-road_striving,0.08434814017184317,ssp119,0.08434814017184317,0.0,non-CO2,BC,on-road,0.08434814017184317,0.0,0.0,1.0
1801.0,ssp119_CH4_Marine_striving,0.08434814017184317,ssp119,0.08434814017184317,0.0,non-CO2,CH4,Marine,0.08434814017184317,0.0,0.0,1.0
1801.0,ssp119_CH4_off-road_striving,0.08434814017184317,ssp119,0.08434814017184317,0.0,non-CO2,CH4,off-road,0.08434814017184317,0.0,0.0,1.0
1801.0,ssp119_CH4_on-road_striving,0.08434814017184317,ssp119,0.08434814017184317,0.0,non-CO2,CH4,on-road,0.08434814017184317,0.0,0.0,1.0
1801.0,ssp119_CO2 FFI_Marine_striving,0.08434814017184317,ssp119,0.08434814017184317,0.0,CO2,CO2 FFI,Marine,0.08434814017184317,0.0,0.0,1.0
1801.0,ssp119_CO2 FFI_off-road_striving,0.08434814017184317,ssp119,0.08434814017184317,0.0,CO2,CO2 FFI,off-road,0.08434814017184317,0.0,0.0,1.0
1801.0,ssp119_CO2 FFI_on-road_striving,0.08434814017184317,ssp119,0.08434814017184317,0.0,CO2,CO2 FFI,on-road,0.08434814017184317,0.0,0.0,1.0
1801.0,ssp119_N2O_Marine_striving,0.08434814017184317,ssp119,0.08434814017184317,0.0,non-CO2,N2O,Marine,0.08434814017184317,0.0,0.0,1.0
1801.0,ssp119_N2O_off-road_striving,0.08434814017184317,ssp119,0.08434814017184317,0.0,non-CO2,N2O,off-road,0.08434814017184317,0.0,0.0,1.0
1801.0,ssp119_N2O_on-road_striving,0.08434814017184317,ssp119,0.08434814017184317,0.0,non-CO2,N2O,on-road,0.08434814017184317,0.0,0.0,1.0
1801.0,ssp119_Sulfur_Marine_striving,0.08434814017184317,ssp119,0.08434814017184317,0.0,non-CO2,Sulfur,Marine,0.08434814017184317,0.0,0.0,1.0
1801.0,ssp119_striving,0.08434814017184317,ssp119,0.08434814017184317,0.0,,,Other,,,,1.0
1801.0,ssp119_zero_tra,0.08434814017184317,ssp119,0.08434814017184317,0.0,,,Other,,,,1.0
1802.0,ssp119,0.09070603054267401,ssp119,0.09070603054267401,0.0,,,Other,,,,1.0
1802.0,ssp119_BC_Marine_striving,0.09070603054267401,ssp119,0.09070603054267401,0.0,non-CO2,BC,Marine,0.09070603054267401,0.0,0.0,1.0
1802.0,ssp119_BC_off-road_striving,0.09070603054267401,ssp119,0.09070603054267401,0.0,non-CO2,BC,off-road,0.09070603054267401,0.0,0.0,1.0
1802.0,ssp119_BC_on-road_striving,0.09070603054267401,ssp119,0.09070603054267401,0.0,non-CO2,BC,on-road,0.09070603054267401,0.0,0.0,1.0
1802.0,ssp119_CH4_Marine_striving,0.09070603054267401,ssp119,0.09070603054267401,0.0,non-CO2,CH4,Marine,0.09070603054267401,0.0,0.0,1.0
1802.0,ssp119_CH4_off-road_striving,0.09070603054267401,ssp119,0.09070603054267401,0.0,non-CO2,CH4,off-road,0.09070603054267401,0.0,0.0,1.0
1802.0,ssp119_CH4_on-road_striving,0.09070603054267401,ssp119,0.09070603054267401,0.0,non-CO2,CH4,on-road,0.09070603054267401,0.0,0.0,1.0
1802.0,ssp119_CO2 FFI_Marine_striving,0.09070603054267401,ssp119,0.09070603054267401,0.0,CO2,CO2 FFI,Marine,0.09070603054267401,0.0,0.0,1.0
1802.0,ssp119_CO2 FFI_off-road_striving,0.09070603054267401,ssp119,0.09070603054267401,0.0,CO2,CO2 FFI,off-road,0.09070603054267401,0.0,0.0,1.0
1802.0,ssp119_CO2 FFI_on-road_striving,0.09070603054267401,ssp119,0.09070603054267401,0.0,CO2,CO2 FFI,on-road,0.09070603054267401,0.0,0.0,1.0
1802.0,ssp119_N2O_Marine_striving,0.09070603054267401,ssp119,0.09070603054267401,0.0,non-CO2,N2O,Marine,0.09070603054267401,0.0,0.0,1.0
1802.0,ssp119_N2O_off-road_striving,0.09070603054267401,ssp119,0.09070603054267401,0.0,non-CO2,N2O,off-road,0.09070603054267401,0.0,0.0,1.0
1802.0,ssp119_N2O_on-road_striving,0.09070603054267401,ssp119,0.09070603054267401,0.0,non-CO2,N2O,on-road,0.09070603054267401,0.0,0.0,1.0
1802.0,ssp119_Sulfur_Marine_striving,0.09070603054267401,ssp119,0.09070603054267401,0.0,non-CO2,Sulfur,Marine,0.09070603054267401,0.0,0.0,1.0
1802.0,ssp119_striving,0.09070603054267401,ssp119,0.09070603054267401,0.0,,,Other,,,,1.0
1802.0,ssp119_zero_tra,0.09070603054267401,ssp119,0.09070603054267401,0.0,,,Other,,,,1.0
1803.0,ssp119,0.08193621860720268,ssp119,0.08193621860720268,0.0,,,Other,,,,1.0
1803.0,ssp119_BC_Marine_striving,0.08193621860720268,ssp119,0.08193621860720268,0.0,non-CO2,BC,Marine,0.08193621860720268,0.0,0.0,1.0
1803.0,ssp119_BC_off-road_striving,0.08193621860720268,ssp119,0.08193621860720268,0.0,non-CO2,BC,off-road,0.08193621860720268,0.0,0.0,1.0
1803.0,ssp119_BC_on-road_striving,0.08193621860720268,ssp119,0.08193621860720268,0.0,non-CO2,BC,on-road,0.08193621860720268,0.0,0.0,1.0
1803.0,ssp119_CH4_Marine_striving,0.08193621860720268,ssp119,0.08193621860720268,0.0,non-CO2,CH4,Marine,0.08193621860720268,0.0,0.0,1.0
1803.0,ssp119_CH4_off-road_striving,0.08193621860720268,ssp119,0.08193621860720268,0.0,non-CO2,CH4,off-road,0.08193621860720268,0.0,0.0,1.0
1803.0,ssp119_CH4_on-road_striving,0.08193621860720268,ssp119,0.08193621860720268,0.0,non-CO2,CH4,on-road,0.08193621860720268,0.0,0.0,1.0
1803.0,ssp119_CO2 FFI_Marine_striving,0.08193621860720268,ssp119,0.08193621860720268,0.0,CO2,CO2 FFI,Marine,0.08193621860720268,0.0,0.0,1.0
1803.0,ssp119_CO2 FFI_off-road_striving,0.08193621860720268,ssp119,0.08193621860720268,0.0,CO2,CO2 FFI,off-road,0.08193621860720268,0.0,0.0,1.0
1803.0,ssp119_CO2 FFI_on-road_striving,0.08193621860720268,ssp119,0.08193621860720268,0.0,CO2,CO2 FFI,on-road,0.08193621860720268,0.0,0.0,1.0
1803.0,ssp119_N2O_Marine_striving,0.08193621860720268,ssp119,0.08193621860720268,0.0,non-CO2,N2O,Marine,0.08193621860720268,0.0,0.0,1.0
1803.0,ssp119_N2O_off-road_striving,0.08193621860720268,ssp119,0.08193621860720268,0.0,non-CO2,N2O,off-road,0.08193621860720268,0.0,0.0,1.0
1803.0,ssp119_N2O_on-road_striving,0.08193621860720268,ssp119,0.08193621860720268,0.0,non-CO2,N2O,on-road,0.08193621860720268,0.0,0.0,1.0
1803.0,ssp119_Sulfur_Marine_striving,0.08193621860720268,ssp119,0.08193621860720268,0.0,non-CO2,Sulfur,Marine,0.08193621860720268,0.0,0.0,1.0
1803.0,ssp119_striving,0.08193621860720268,ssp119,0.08193621860720268,0.0,,,Other,,,,1.0
1803.0,ssp119_zero_tra,0.08193621860720268,ssp119,0.08193621860720268,0.0,,,Other,,,,1.0
1804.0,ssp119,0.1352957584941578,ssp119,0.1352957584941578,0.0,,,Other,,,,1.0
1804.0,ssp119_BC_Marine_striving,0.1352957584941578,ssp119,0.1352957584941578,0.0,non-CO2,BC,Marine,0.1352957584941578,0.0,0.0,1.0
1804.0,ssp119_BC_off-road_striving,0.1352957584941578,ssp119,0.1352957584941578,0.0,non-CO2,BC,off-road,0.1352957584941578,0.0,0.0,1.0
1804.0,ssp119_BC_on-road_striving,0.1352957584941578,ssp119,0.1352957584941578,0.0,non-CO2,BC,on-road,0.1352957584941578,0.0,0.0,1.0
1804.0,ssp119_CH4_Marine_striving,0.1352957584941578,ssp119,0.1352957584941578,0.0,non-CO2,CH4,Marine,0.1352957584941578,0.0,0.0,1.0
1804.0,ssp119_CH4_off-road_striving,0.1352957584941578,ssp119,0.1352957584941578,0.0,non-CO2,CH4,off-road,0.1352957584941578,0.0,0.0,1.0
1804.0,ssp119_CH4_on-road_striving,0.1352957584941578,ssp119,0.1352957584941578,0.0,non-CO2,CH4,on-road,0.1352957584941578,0.0,0.0,1.0
1804.0,ssp119_CO2 FFI_Marine_striving,0.1352957584941578,ssp119,0.1352957584941578,0.0,CO2,CO2 FFI,Marine,0.1352957584941578,0.0,0.0,1.0
1804.0,ssp119_CO2 FFI_off-road_striving,0.1352957584941578,ssp119,0.1352957584941578,0.0,CO2,CO2 FFI,off-road,0.1352957584941578,0.0,0.0,1.0
1804.0,ssp119_CO2 FFI_on-road_striving,0.1352957584941578,ssp119,0.1352957584941578,0.0,CO2,CO2 FFI,on-road,0.1352957584941578,0.0,0.0,1.0
1804.0,ssp119_N2O_Marine_striving,0.1352957584941578,ssp119,0.1352957584941578,0.0,non-CO2,N2O,Marine,0.1352957584941578,0.0,0.0,1.0
1804.0,ssp119_N2O_off-road_striving,0.1352957584941578,ssp119,0.1352957584941578,0.0,non-CO2,N2O,off-road,0.1352957584941578,0.0,0.0,1.0
1804.0,ssp119_N2O_on-road_striving,0.1352957584941578,ssp119,0.1352957584941578,0.0,non-CO2,N2O,on-road,0.1352957584941578,0.0,0.0,1.0
1804.0,ssp119_Sulfur_Marine_striving,0.1352957584941578,ssp119,0.1352957584941578,0.0,non-CO2,Sulfur,Marine,0.1352957584941578,0.0,0.0,1.0
1804.0,ssp119_striving,0.1352957584941578,ssp119,0.1352957584941578,0.0,,,Other,,,,1.0
1804.0,ssp119_zero_tra,0.1352957584941578,ssp119,0.1352957584941578,0.0,,,Other,,,,1.0
1805.0,ssp119,0.14968568906602173,ssp119,0.14968568906602173,0.0,,,Other,,,,1.0
1805.0,ssp119_BC_Marine_striving,0.14968568906602173,ssp119,0.14968568906602173,0.0,non-CO2,BC,Marine,0.14968568906602173,0.0,0.0,1.0
1805.0,ssp119_BC_off-road_striving,0.14968568906602173,ssp119,0.14968568906602173,0.0,non-CO2,BC,off-road,0.14968568906602173,0.0,0.0,1.0
1805.0,ssp119_BC_on-road_striving,0.14968568906602173,ssp119,0.14968568906602173,0.0,non-CO2,BC,on-road,0.14968568906602173,0.0,0.0,1.0
1805.0,ssp119_CH4_Marine_striving,0.14968568906602173,ssp119,0.14968568906602173,0.0,non-CO2,CH4,Marine,0.14968568906602173,0.0,0.0,1.0
1805.0,ssp119_CH4_off-road_striving,0.14968568906602173,ssp119,0.14968568906602173,0.0,non-CO2,CH4,off-road,0.14968568906602173,0.0,0.0,1.0
1805.0,ssp119_CH4_on-road_striving,0.14968568906602173,ssp119,0.14968568906602173,0.0,non-CO2,CH4,on-road,0.14968568906602173,0.0,0.0,1.0
1805.0,ssp119_CO2 FFI_Marine_striving,0.14968568906602173,ssp119,0.14968568906602173,0.0,CO2,CO2 FFI,Marine,0.14968568906602173,0.0,0.0,1.0
1805.0,ssp119_CO2 FFI_off-road_striving,0.14968568906602173,ssp119,0.14968568906602173,0.0,CO2,CO2 FFI,off-road,0.14968568906602173,0.0,0.0,1.0
1805.0,ssp119_CO2 FFI_on-road_striving,0.14968568906602173,ssp119,0.14968568906602173,0.0,CO2,CO2 FFI,on-road,0.14968568906602173,0.0,0.0,1.0
1805.0,ssp119_N2O_Marine_striving,0.14968568906602173,ssp119,0.14968568906602173,0.0,non-CO2,N2O,Marine,0.14968568906602173,0.0,0.0,1.0
1805.0,ssp119_N2O_off-road_striving,0.14968568906602173,ssp119,0.14968568906602173,0.0,non-CO2,N2O,off-road,0.14968568906602173,0.0,0.0,1.0
1805.0,ssp119_N2O_on-road_striving,0.14968568906602173,ssp119,0.14968568906602173,0.0,non-CO2,N2O,on-road,0.14968568906602173,0.0,0.0,1.0
1805.0,ssp119_Sulfur_Marine_striving,0.14968568906602173,ssp119,0.14968568906602173,0.0,non-CO2,Sulfur,Marine,0.14968568906602173,0.0,0.0,1.0
1805.0,ssp119_striving,0.14968568906602173,ssp119,0.14968568906602173,0.0,,,Other,,,,1.0
1805.0,ssp119_zero_tra,0.14968568906602173,ssp119,0.14968568906602173,0.0,,,Other,,,,1.0
1806.0,ssp119,0.1499669432357843,ssp119,0.1499669432357843,0.0,,,Other,,,,1.0
1806.0,ssp119_BC_Marine_striving,0.1499669432357843,ssp119,0.1499669432357843,0.0,non-CO2,BC,Marine,0.1499669432357843,0.0,0.0,1.0
1806.0,ssp119_BC_off-road_striving,0.1499669432357843,ssp119,0.1499669432357843,0.0,non-CO2,BC,off-road,0.1499669432357843,0.0,0.0,1.0
1806.0,ssp119_BC_on-road_striving,0.1499669432357843,ssp119,0.1499669432357843,0.0,non-CO2,BC,on-road,0.1499669432357843,0.0,0.0,1.0
1806.0,ssp119_CH4_Marine_striving,0.1499669432357843,ssp119,0.1499669432357843,0.0,non-CO2,CH4,Marine,0.1499669432357843,0.0,0.0,1.0
1806.0,ssp119_CH4_off-road_striving,0.1499669432357843,ssp119,0.1499669432357843,0.0,non-CO2,CH4,off-road,0.1499669432357843,0.0,0.0,1.0
1806.0,ssp119_CH4_on-road_striving,0.1499669432357843,ssp119,0.1499669432357843,0.0,non-CO2,CH4,on-road,0.1499669432357843,0.0,0.0,1.0
1806.0,ssp119_CO2 FFI_Marine_striving,0.1499669432357843,ssp119,0.1499669432357843,0.0,CO2,CO2 FFI,Marine,0.1499669432357843,0.0,0.0,1.0
1806.0,ssp119_CO2 FFI_off-road_striving,0.1499669432357843,ssp119,0.1499669432357843,0.0,CO2,CO2 FFI,off-road,0.1499669432357843,0.0,0.0,1.0
1806.0,ssp119_CO2 FFI_on-road_striving,0.1499669432357843,ssp119,0.1499669432357843,0.0,CO2,CO2 FFI,on-road,0.1499669432357843,0.0,0.0,1.0
1806.0,ssp119_N2O_Marine_striving,0.1499669432357843,ssp119,0.1499669432357843,0.0,non-CO2,N2O,Marine,0.1499669432357843,0.0,0.0,1.0
1806.0,ssp119_N2O_off-road_striving,0.1499669432357843,ssp119,0.1499669432357843,0.0,non-CO2,N2O,off-road,0.1499669432357843,0.0,0.0,1.0
1806.0,ssp119_N2O_on-road_striving,0.1499669432357843,ssp119,0.1499669432357843,0.0,non-CO2,N2O,on-road,0.1499669432357843,0.0,0.0,1.0
1806.0,ssp119_Sulfur_Marine_striving,0.1499669432357843,ssp119,0.1499669432357843,0.0,non-CO2,Sulfur,Marine,0.1499669432357843,0.0,0.0,1.0
1806.0,ssp119_striving,0.1499669432357843,ssp119,0.1499669432357843,0.0,,,Other,,,,1.0
1806.0,ssp119_zero_tra,0.1499669432357843,ssp119,0.1499669432357843,0.0,,,Other,,,,1.0
1807.0,ssp119,0.14718802956383922,ssp119,0.14718802956383922,0.0,,,Other,,,,1.0
1807.0,ssp119_BC_Marine_striving,0.14718802956383922,ssp119,0.14718802956383922,0.0,non-CO2,BC,Marine,0.14718802956383922,0.0,0.0,1.0
1807.0,ssp119_BC_off-road_striving,0.14718802956383922,ssp119,0.14718802956383922,0.0,non-CO2,BC,off-road,0.14718802956383922,0.0,0.0,1.0
1807.0,ssp119_BC_on-road_striving,0.14718802956383922,ssp119,0.14718802956383922,0.0,non-CO2,BC,on-road,0.14718802956383922,0.0,0.0,1.0
1807.0,ssp119_CH4_Marine_striving,0.14718802956383922,ssp119,0.14718802956383922,0.0,non-CO2,CH4,Marine,0.14718802956383922,0.0,0.0,1.0
1807.0,ssp119_CH4_off-road_striving,0.14718802956383922,ssp119,0.14718802956383922,0.0,non-CO2,CH4,off-road,0.14718802956383922,0.0,0.0,1.0
1807.0,ssp119_CH4_on-road_striving,0.14718802956383922,ssp119,0.14718802956383922,0.0,non-CO2,CH4,on-road,0.14718802956383922,0.0,0.0,1.0
1807.0,ssp119_CO2 FFI_Marine_striving,0.14718802956383922,ssp119,0.14718802956383922,0.0,CO2,CO2 FFI,Marine,0.14718802956383922,0.0,0.0,1.0
1807.0,ssp119_CO2 FFI_off-road_striving,0.14718802956383922,ssp119,0.14718802956383922,0.0,CO2,CO2 FFI,off-road,0.14718802956383922,0.0,0.0,1.0
1807.0,ssp119_CO2 FFI_on-road_striving,0.14718802956383922,ssp119,0.14718802956383922,0.0,CO2,CO2 FFI,on-road,0.14718802956383922,0.0,0.0,1.0
1807.0,ssp119_N2O_Marine_striving,0.14718802956383922,ssp119,0.14718802956383922,0.0,non-CO2,N2O,Marine,0.14718802956383922,0.0,0.0,1.0
1807.0,ssp119_N2O_off-road_striving,0.14718802956383922,ssp119,0.14718802956383922,0.0,non-CO2,N2O,off-road,0.14718802956383922,0.0,0.0,1.0
1807.0,ssp119_N2O_on-road_striving,0.14718802956383922,ssp119,0.14718802956383922,0.0,non-CO2,N2O,on-road,0.14718802956383922,0.0,0.0,1.0
1807.0,ssp119_Sulfur_Marine_striving,0.14718802956383922,ssp119,0.14718802956383922,0.0,non-CO2,Sulfur,Marine,0.14718802956383922,0.0,0.0,1.0
1807.0,ssp119_striving,0.14718802956383922,ssp119,0.14718802956383922,0.0,,,Other,,,,1.0
1807.0,ssp119_zero_tra,0.14718802956383922,ssp119,0.14718802956383922,0.0,,,Other,,,,1.0
1808.0,ssp119,0.14149314604903504,ssp119,0.14149314604903504,0.0,,,Other,,,,1.0
1808.0,ssp119_BC_Marine_striving,0.14149314604903504,ssp119,0.14149314604903504,0.0,non-CO2,BC,Marine,0.14149314604903504,0.0,0.0,1.0
1808.0,ssp119_BC_off-road_striving,0.14149314604903504,ssp119,0.14149314604903504,0.0,non-CO2,BC,off-road,0.14149314604903504,0.0,0.0,1.0
1808.0,ssp119_BC_on-road_striving,0.14149314604903504,ssp119,0.14149314604903504,0.0,non-CO2,BC,on-road,0.14149314604903504,0.0,0.0,1.0
1808.0,ssp119_CH4_Marine_striving,0.14149314604903504,ssp119,0.14149314604903504,0.0,non-CO2,CH4,Marine,0.14149314604903504,0.0,0.0,1.0
1808.0,ssp119_CH4_off-road_striving,0.14149314604903504,ssp119,0.14149314604903504,0.0,non-CO2,CH4,off-road,0.14149314604903504,0.0,0.0,1.0
1808.0,ssp119_CH4_on-road_striving,0.14149314604903504,ssp119,0.14149314604903504,0.0,non-CO2,CH4,on-road,0.14149314604903504,0.0,0.0,1.0
1808.0,ssp119_CO2 FFI_Marine_striving,0.14149314604903504,ssp119,0.14149314604903504,0.0,CO2,CO2 FFI,Marine,0.14149314604903504,0.0,0.0,1.0
1808.0,ssp119_CO2 FFI_off-road_striving,0.14149314604903504,ssp119,0.14149314604903504,0.0,CO2,CO2 FFI,off-road,0.14149314604903504,0.0,0.0,1.0
1808.0,ssp119_CO2 FFI_on-road_striving,0.14149314604903504,ssp119,0.14149314604903504,0.0,CO2,CO2 FFI,on-road,0.14149314604903504,0.0,0.0,1.0
1808.0,ssp119_N2O_Marine_striving,0.14149314604903504,ssp119,0.14149314604903504,0.0,non-CO2,N2O,Marine,0.14149314604903504,0.0,0.0,1.0
1808.0,ssp119_N2O_off-road_striving,0.14149314604903504,ssp119,0.14149314604903504,0.0,non-CO2,N2O,off-road,0.14149314604903504,0.0,0.0,1.0
1808.0,ssp119_N2O_on-road_striving,0.14149314604903504,ssp119,0.14149314604903504,0.0,non-CO2,N2O,on-road,0.14149314604903504,0.0,0.0,1.0
1808.0,ssp119_Sulfur_Marine_striving,0.14149314604903504,ssp119,0.14149314604903504,0.0,non-CO2,Sulfur,Marine,0.14149314604903504,0.0,0.0,1.0
1808.0,ssp119_striving,0.14149314604903504,ssp119,0.14149314604903504,0.0,,,Other,,,,1.0
1808.0,ssp119_zero_tra,0.14149314604903504,ssp119,0.14149314604903504,0.0,,,Other,,,,1.0
1809.0,ssp119,0.13519105737367118,ssp119,0.13519105737367118,0.0,,,Other,,,,1.0
1809.0,ssp119_BC_Marine_striving,0.13519105737367118,ssp119,0.13519105737367118,0.0,non-CO2,BC,Marine,0.13519105737367118,0.0,0.0,1.0
1809.0,ssp119_BC_off-road_striving,0.13519105737367118,ssp119,0.13519105737367118,0.0,non-CO2,BC,off-road,0.13519105737367118,0.0,0.0,1.0
1809.0,ssp119_BC_on-road_striving,0.13519105737367118,ssp119,0.13519105737367118,0.0,non-CO2,BC,on-road,0.13519105737367118,0.0,0.0,1.0
1809.0,ssp119_CH4_Marine_striving,0.13519105737367118,ssp119,0.13519105737367118,0.0,non-CO2,CH4,Marine,0.13519105737367118,0.0,0.0,1.0
1809.0,ssp119_CH4_off-road_striving,0.13519105737367118,ssp119,0.13519105737367118,0.0,non-CO2,CH4,off-road,0.13519105737367118,0.0,0.0,1.0
1809.0,ssp119_CH4_on-road_striving,0.13519105737367118,ssp119,0.13519105737367118,0.0,non-CO2,CH4,on-road,0.13519105737367118,0.0,0.0,1.0
1809.0,ssp119_CO2 FFI_Marine_striving,0.13519105737367118,ssp119,0.13519105737367118,0.0,CO2,CO2 FFI,Marine,0.13519105737367118,0.0,0.0,1.0
1809.0,ssp119_CO2 FFI_off-road_striving,0.13519105737367118,ssp119,0.13519105737367118,0.0,CO2,CO2 FFI,off-road,0.13519105737367118,0.0,0.0,1.0
1809.0,ssp119_CO2 FFI_on-road_striving,0.13519105737367118,ssp119,0.13519105737367118,0.0,CO2,CO2 FFI,on-road,0.13519105737367118,0.0,0.0,1.0
1809.0,ssp119_N2O_Marine_striving,0.13519105737367118,ssp119,0.13519105737367118,0.0,non-CO2,N2O,Marine,0.13519105737367118,0.0,0.0,1.0
1809.0,ssp119_N2O_off-road_striving,0.13519105737367118,ssp119,0.13519105737367118,0.0,non-CO2,N2O,off-road,0.13519105737367118,0.0,0.0,1.0
1809.0,ssp119_N2O_on-road_striving,0.13519105737367118,ssp119,0.13519105737367118,0.0,non-CO2,N2O,on-road,0.13519105737367118,0.0,0.0,1.0
1809.0,ssp119_Sulfur_Marine_striving,0.13519105737367118,ssp119,0.13519105737367118,0.0,non-CO2,Sulfur,Marine,0.13519105737367118,0.0,0.0,1.0
1809.0,ssp119_striving,0.13519105737367118,ssp119,0.13519105737367118,0.0,,,Other,,,,1.0
1809.0,ssp119_zero_tra,0.13519105737367118,ssp119,0.13519105737367118,0.0,,,Other,,,,1.0
1810.0,ssp119,-0.3628796165637195,ssp119,-0.3628796165637195,0.0,,,Other,,,,1.0
1810.0,ssp119_BC_Marine_striving,-0.3628796165637195,ssp119,-0.3628796165637195,0.0,non-CO2,BC,Marine,-0.3628796165637195,0.0,0.0,1.0
1810.0,ssp119_BC_off-road_striving,-0.3628796165637195,ssp119,-0.3628796165637195,0.0,non-CO2,BC,off-road,-0.3628796165637195,0.0,0.0,1.0
1810.0,ssp119_BC_on-road_striving,-0.3628796165637195,ssp119,-0.3628796165637195,0.0,non-CO2,BC,on-road,-0.3628796165637195,0.0,0.0,1.0
1810.0,ssp119_CH4_Marine_striving,-0.3628796165637195,ssp119,-0.3628796165637195,0.0,non-CO2,CH4,Marine,-0.3628796165637195,0.0,0.0,1.0
1810.0,ssp119_CH4_off-road_striving,-0.3628796165637195,ssp119,-0.3628796165637195,0.0,non-CO2,CH4,off-road,-0.3628796165637195,0.0,0.0,1.0
1810.0,ssp119_CH4_on-road_striving,-0.3628796165637195,ssp119,-0.3628796165637195,0.0,non-CO2,CH4,on-road,-0.3628796165637195,0.0,0.0,1.0
1810.0,ssp119_CO2 FFI_Marine_striving,-0.3628796165637195,ssp119,-0.3628796165637195,0.0,CO2,CO2 FFI,Marine,-0.3628796165637195,0.0,0.0,1.0
1810.0,ssp119_CO2 FFI_off-road_striving,-0.3628796165637195,ssp119,-0.3628796165637195,0.0,CO2,CO2 FFI,off-road,-0.3628796165637195,0.0,0.0,1.0
1810.0,ssp119_CO2 FFI_on-road_striving,-0.3628796165637195,ssp119,-0.3628796165637195,0.0,CO2,CO2 FFI,on-road,-0.3628796165637195,0.0,0.0,1.0
1810.0,ssp119_N2O_Marine_striving,-0.3628796165637195,ssp119,-0.3628796165637195,0.0,non-CO2,N2O,Marine,-0.3628796165637195,0.0,0.0,1.0
1810.0,ssp119_N2O_off-road_striving,-0.3628796165637195,ssp119,-0.3628796165637195,0.0,non-CO2,N2O,off-road,-0.3628796165637195,0.0,0.0,1.0
1810.0,ssp119_N2O_on-road_striving,-0.3628796165637195,ssp119,-0.3628796165637195,0.0,non-CO2,N2O,on-road,-0.3628796165637195,0.0,0.0,1.0
1810.0,ssp119_Sulfur_Marine_striving,-0.3628796165637195,ssp119,-0.3628796165637195,0.0,non-CO2,Sulfur,Marine,-0.3628796165637195,0.0,0.0,1.0
1810.0,ssp119_striving,-0.3628796165637195,ssp119,-0.3628796165637195,0.0,,,Other,,,,1.0
1810.0,ssp119_zero_tra,-0.3628796165637195,ssp119,-0.3628796165637195,0.0,,,Other,,,,1.0
1811.0,ssp119,-0.540460499048424,ssp119,-0.540460499048424,0.0,,,Other,,,,1.0
1811.0,ssp119_BC_Marine_striving,-0.540460499048424,ssp119,-0.540460499048424,0.0,non-CO2,BC,Marine,-0.540460499048424,0.0,0.0,1.0
1811.0,ssp119_BC_off-road_striving,-0.540460499048424,ssp119,-0.540460499048424,0.0,non-CO2,BC,off-road,-0.540460499048424,0.0,0.0,1.0
1811.0,ssp119_BC_on-road_striving,-0.540460499048424,ssp119,-0.540460499048424,0.0,non-CO2,BC,on-road,-0.540460499048424,0.0,0.0,1.0
1811.0,ssp119_CH4_Marine_striving,-0.540460499048424,ssp119,-0.540460499048424,0.0,non-CO2,CH4,Marine,-0.540460499048424,0.0,0.0,1.0
1811.0,ssp119_CH4_off-road_striving,-0.540460499048424,ssp119,-0.540460499048424,0.0,non-CO2,CH4,off-road,-0.540460499048424,0.0,0.0,1.0
1811.0,ssp119_CH4_on-road_striving,-0.540460499048424,ssp119,-0.540460499048424,0.0,non-CO2,CH4,on-road,-0.540460499048424,0.0,0.0,1.0
1811.0,ssp119_CO2 FFI_Marine_striving,-0.540460499048424,ssp119,-0.540460499048424,0.0,CO2,CO2 FFI,Marine,-0.540460499048424,0.0,0.0,1.0
1811.0,ssp119_CO2 FFI_off-road_striving,-0.540460499048424,ssp119,-0.540460499048424,0.0,CO2,CO2 FFI,off-road,-0.540460499048424,0.0,0.0,1.0
1811.0,ssp119_CO2 FFI_on-road_striving,-0.540460499048424,ssp119,-0.540460499048424,0.0,CO2,CO2 FFI,on-road,-0.540460499048424,0.0,0.0,1.0
1811.0,ssp119_N2O_Marine_striving,-0.540460499048424,ssp119,-0.540460499048424,0.0,non-CO2,N2O,Marine,-0.540460499048424,0.0,0.0,1.0
1811.0,ssp119_N2O_off-road_striving,-0.540460499048424,ssp119,-0.540460499048424,0.0,non-CO2,N2O,off-road,-0.540460499048424,0.0,0.0,1.0
1811.0,ssp119_N2O_on-road_striving,-0.540460499048424,ssp119,-0.540460499048424,0.0,non-CO2,N2O,on-road,-0.540460499048424,0.0,0.0,1.0
1811.0,ssp119_Sulfur_Marine_striving,-0.540460499048424,ssp119,-0.540460499048424,0.0,non-CO2,Sulfur,Marine,-0.540460499048424,0.0,0.0,1.0
1811.0,ssp119_striving,-0.540460499048424,ssp119,-0.540460499048424,0.0,,,Other,,,,1.0
1811.0,ssp119_zero_tra,-0.540460499048424,ssp119,-0.540460499048424,0.0,,,Other,,,,1.0
1812.0,ssp119,-0.45309630839556625,ssp119,-0.45309630839556625,0.0,,,Other,,,,1.0
1812.0,ssp119_BC_Marine_striving,-0.45309630839556625,ssp119,-0.45309630839556625,0.0,non-CO2,BC,Marine,-0.45309630839556625,0.0,0.0,1.0
1812.0,ssp119_BC_off-road_striving,-0.45309630839556625,ssp119,-0.45309630839556625,0.0,non-CO2,BC,off-road,-0.45309630839556625,0.0,0.0,1.0
1812.0,ssp119_BC_on-road_striving,-0.45309630839556625,ssp119,-0.45309630839556625,0.0,non-CO2,BC,on-road,-0.45309630839556625,0.0,0.0,1.0
1812.0,ssp119_CH4_Marine_striving,-0.45309630839556625,ssp119,-0.45309630839556625,0.0,non-CO2,CH4,Marine,-0.45309630839556625,0.0,0.0,1.0
1812.0,ssp119_CH4_off-road_striving,-0.45309630839556625,ssp119,-0.45309630839556625,0.0,non-CO2,CH4,off-road,-0.45309630839556625,0.0,0.0,1.0
1812.0,ssp119_CH4_on-road_striving,-0.45309630839556625,ssp119,-0.45309630839556625,0.0,non-CO2,CH4,on-road,-0.45309630839556625,0.0,0.0,1.0
1812.0,ssp119_CO2 FFI_Marine_striving,-0.45309630839556625,ssp119,-0.45309630839556625,0.0,CO2,CO2 FFI,Marine,-0.45309630839556625,0.0,0.0,1.0
1812.0,ssp119_CO2 FFI_off-road_striving,-0.45309630839556625,ssp119,-0.45309630839556625,0.0,CO2,CO2 FFI,off-road,-0.45309630839556625,0.0,0.0,1.0
1812.0,ssp119_CO2 FFI_on-road_striving,-0.45309630839556625,ssp119,-0.45309630839556625,0.0,CO2,CO2 FFI,on-road,-0.45309630839556625,0.0,0.0,1.0
1812.0,ssp119_N2O_Marine_striving,-0.45309630839556625,ssp119,-0.45309630839556625,0.0,non-CO2,N2O,Marine,-0.45309630839556625,0.0,0.0,1.0
1812.0,ssp119_N2O_off-road_striving,-0.45309630839556625,ssp119,-0.45309630839556625,0.0,non-CO2,N2O,off-road,-0.45309630839556625,0.0,0.0,1.0
1812.0,ssp119_N2O_on-road_striving,-0.45309630839556625,ssp119,-0.45309630839556625,0.0,non-CO2,N2O,on-road,-0.45309630839556625,0.0,0.0,1.0
1812.0,ssp119_Sulfur_Marine_striving,-0.45309630839556625,ssp119,-0.45309630839556625,0.0,non-CO2,Sulfur,Marine,-0.45309630839556625,0.0,0.0,1.0
1812.0,ssp119_striving,-0.45309630839556625,ssp119,-0.45309630839556625,0.0,,,Other,,,,1.0
1812.0,ssp119_zero_tra,-0.45309630839556625,ssp119,-0.45309630839556625,0.0,,,Other,,,,1.0
1813.0,ssp119,-0.30338683240575576,ssp119,-0.30338683240575576,0.0,,,Other,,,,1.0
1813.0,ssp119_BC_Marine_striving,-0.30338683240575576,ssp119,-0.30338683240575576,0.0,non-CO2,BC,Marine,-0.30338683240575576,0.0,0.0,1.0
1813.0,ssp119_BC_off-road_striving,-0.30338683240575576,ssp119,-0.30338683240575576,0.0,non-CO2,BC,off-road,-0.30338683240575576,0.0,0.0,1.0
1813.0,ssp119_BC_on-road_striving,-0.30338683240575576,ssp119,-0.30338683240575576,0.0,non-CO2,BC,on-road,-0.30338683240575576,0.0,0.0,1.0
1813.0,ssp119_CH4_Marine_striving,-0.30338683240575576,ssp119,-0.30338683240575576,0.0,non-CO2,CH4,Marine,-0.30338683240575576,0.0,0.0,1.0
1813.0,ssp119_CH4_off-road_striving,-0.30338683240575576,ssp119,-0.30338683240575576,0.0,non-CO2,CH4,off-road,-0.30338683240575576,0.0,0.0,1.0
1813.0,ssp119_CH4_on-road_striving,-0.30338683240575576,ssp119,-0.30338683240575576,0.0,non-CO2,CH4,on-road,-0.30338683240575576,0.0,0.0,1.0
1813.0,ssp119_CO2 FFI_Marine_striving,-0.30338683240575576,ssp119,-0.30338683240575576,0.0,CO2,CO2 FFI,Marine,-0.30338683240575576,0.0,0.0,1.0
1813.0,ssp119_CO2 FFI_off-road_striving,-0.30338683240575576,ssp119,-0.30338683240575576,0.0,CO2,CO2 FFI,off-road,-0.30338683240575576,0.0,0.0,1.0
1813.0,ssp119_CO2 FFI_on-road_striving,-0.30338683240575576,ssp119,-0.30338683240575576,0.0,CO2,CO2 FFI,on-road,-0.30338683240575576,0.0,0.0,1.0
1813.0,ssp119_N2O_Marine_striving,-0.30338683240575576,ssp119,-0.30338683240575576,0.0,non-CO2,N2O,Marine,-0.30338683240575576,0.0,0.0,1.0
1813.0,ssp119_N2O_off-road_striving,-0.30338683240575576,ssp119,-0.30338683240575576,0.0,non-CO2,N2O,off-road,-0.30338683240575576,0.0,0.0,1.0
1813.0,ssp119_N2O_on-road_striving,-0.30338683240575576,ssp119,-0.30338683240575576,0.0,non-CO2,N2O,on-road,-0.30338683240575576,0.0,0.0,1.0
1813.0,ssp119_Sulfur_Marine_striving,-0.30338683240575576,ssp119,-0.30338683240575576,0.0,non-CO2,Sulfur,Marine,-0.30338683240575576,0.0,0.0,1.0
1813.0,ssp119_striving,-0.30338683240575576,ssp119,-0.30338683240575576,0.0,,,Other,,,,1.0
1813.0,ssp119_zero_tra,-0.30338683240575576,ssp119,-0.30338683240575576,0.0,,,Other,,,,1.0
1814.0,ssp119,-0.16778436001769043,ssp119,-0.16778436001769043,0.0,,,Other,,,,1.0
1814.0,ssp119_BC_Marine_striving,-0.16778436001769043,ssp119,-0.16778436001769043,0.0,non-CO2,BC,Marine,-0.16778436001769043,0.0,0.0,1.0
1814.0,ssp119_BC_off-road_striving,-0.16778436001769043,ssp119,-0.16778436001769043,0.0,non-CO2,BC,off-road,-0.16778436001769043,0.0,0.0,1.0
1814.0,ssp119_BC_on-road_striving,-0.16778436001769043,ssp119,-0.16778436001769043,0.0,non-CO2,BC,on-road,-0.16778436001769043,0.0,0.0,1.0
1814.0,ssp119_CH4_Marine_striving,-0.16778436001769043,ssp119,-0.16778436001769043,0.0,non-CO2,CH4,Marine,-0.16778436001769043,0.0,0.0,1.0
1814.0,ssp119_CH4_off-road_striving,-0.16778436001769043,ssp119,-0.16778436001769043,0.0,non-CO2,CH4,off-road,-0.16778436001769043,0.0,0.0,1.0
1814.0,ssp119_CH4_on-road_striving,-0.16778436001769043,ssp119,-0.16778436001769043,0.0,non-CO2,CH4,on-road,-0.16778436001769043,0.0,0.0,1.0
1814.0,ssp119_CO2 FFI_Marine_striving,-0.16778436001769043,ssp119,-0.16778436001769043,0.0,CO2,CO2 FFI,Marine,-0.16778436001769043,0.0,0.0,1.0
1814.0,ssp119_CO2 FFI_off-road_striving,-0.16778436001769043,ssp119,-0.16778436001769043,0.0,CO2,CO2 FFI,off-road,-0.16778436001769043,0.0,0.0,1.0
1814.0,ssp119_CO2 FFI_on-road_striving,-0.16778436001769043,ssp119,-0.16778436001769043,0.0,CO2,CO2 FFI,on-road,-0.16778436001769043,0.0,0.0,1.0
1814.0,ssp119_N2O_Marine_striving,-0.16778436001769043,ssp119,-0.16778436001769043,0.0,non-CO2,N2O,Marine,-0.16778436001769043,0.0,0.0,1.0
1814.0,ssp119_N2O_off-road_striving,-0.16778436001769043,ssp119,-0.16778436001769043,0.0,non-CO2,N2O,off-road,-0.16778436001769043,0.0,0.0,1.0
1814.0,ssp119_N2O_on-road_striving,-0.16778436001769043,ssp119,-0.16778436001769043,0.0,non-CO2,N2O,on-road,-0.16778436001769043,0.0,0.0,1.0
1814.0,ssp119_Sulfur_Marine_striving,-0.16778436001769043,ssp119,-0.16778436001769043,0.0,non-CO2,Sulfur,Marine,-0.16778436001769043,0.0,0.0,1.0
1814.0,ssp119_striving,-0.16778436001769043,ssp119,-0.16778436001769043,0.0,,,Other,,,,1.0
1814.0,ssp119_zero_tra,-0.16778436001769043,ssp119,-0.16778436001769043,0.0,,,Other,,,,1.0
1815.0,ssp119,-0.11643366853636121,ssp119,-0.11643366853636121,0.0,,,Other,,,,1.0
1815.0,ssp119_BC_Marine_striving,-0.11643366853636121,ssp119,-0.11643366853636121,0.0,non-CO2,BC,Marine,-0.11643366853636121,0.0,0.0,1.0
1815.0,ssp119_BC_off-road_striving,-0.11643366853636121,ssp119,-0.11643366853636121,0.0,non-CO2,BC,off-road,-0.11643366853636121,0.0,0.0,1.0
1815.0,ssp119_BC_on-road_striving,-0.11643366853636121,ssp119,-0.11643366853636121,0.0,non-CO2,BC,on-road,-0.11643366853636121,0.0,0.0,1.0
1815.0,ssp119_CH4_Marine_striving,-0.11643366853636121,ssp119,-0.11643366853636121,0.0,non-CO2,CH4,Marine,-0.11643366853636121,0.0,0.0,1.0
1815.0,ssp119_CH4_off-road_striving,-0.11643366853636121,ssp119,-0.11643366853636121,0.0,non-CO2,CH4,off-road,-0.11643366853636121,0.0,0.0,1.0
1815.0,ssp119_CH4_on-road_striving,-0.11643366853636121,ssp119,-0.11643366853636121,0.0,non-CO2,CH4,on-road,-0.11643366853636121,0.0,0.0,1.0
1815.0,ssp119_CO2 FFI_Marine_striving,-0.11643366853636121,ssp119,-0.11643366853636121,0.0,CO2,CO2 FFI,Marine,-0.11643366853636121,0.0,0.0,1.0
1815.0,ssp119_CO2 FFI_off-road_striving,-0.11643366853636121,ssp119,-0.11643366853636121,0.0,CO2,CO2 FFI,off-road,-0.11643366853636121,0.0,0.0,1.0
1815.0,ssp119_CO2 FFI_on-road_striving,-0.11643366853636121,ssp119,-0.11643366853636121,0.0,CO2,CO2 FFI,on-road,-0.11643366853636121,0.0,0.0,1.0
1815.0,ssp119_N2O_Marine_striving,-0.11643366853636121,ssp119,-0.11643366853636121,0.0,non-CO2,N2O,Marine,-0.11643366853636121,0.0,0.0,1.0
1815.0,ssp119_N2O_off-road_striving,-0.11643366853636121,ssp119,-0.11643366853636121,0.0,non-CO2,N2O,off-road,-0.11643366853636121,0.0,0.0,1.0
1815.0,ssp119_N2O_on-road_striving,-0.11643366853636121,ssp119,-0.11643366853636121,0.0,non-CO2,N2O,on-road,-0.11643366853636121,0.0,0.0,1.0
1815.0,ssp119_Sulfur_Marine_striving,-0.11643366853636121,ssp119,-0.11643366853636121,0.0,non-CO2,Sulfur,Marine,-0.11643366853636121,0.0,0.0,1.0
1815.0,ssp119_striving,-0.11643366853636121,ssp119,-0.11643366853636121,0.0,,,Other,,,,1.0
1815.0,ssp119_zero_tra,-0.11643366853636121,ssp119,-0.11643366853636121,0.0,,,Other,,,,1.0
1816.0,ssp119,-0.990366815804548,ssp119,-0.990366815804548,0.0,,,Other,,,,1.0
1816.0,ssp119_BC_Marine_striving,-0.990366815804548,ssp119,-0.990366815804548,0.0,non-CO2,BC,Marine,-0.990366815804548,0.0,0.0,1.0
1816.0,ssp119_BC_off-road_striving,-0.990366815804548,ssp119,-0.990366815804548,0.0,non-CO2,BC,off-road,-0.990366815804548,0.0,0.0,1.0
1816.0,ssp119_BC_on-road_striving,-0.990366815804548,ssp119,-0.990366815804548,0.0,non-CO2,BC,on-road,-0.990366815804548,0.0,0.0,1.0
1816.0,ssp119_CH4_Marine_striving,-0.990366815804548,ssp119,-0.990366815804548,0.0,non-CO2,CH4,Marine,-0.990366815804548,0.0,0.0,1.0
1816.0,ssp119_CH4_off-road_striving,-0.990366815804548,ssp119,-0.990366815804548,0.0,non-CO2,CH4,off-road,-0.990366815804548,0.0,0.0,1.0
1816.0,ssp119_CH4_on-road_striving,-0.990366815804548,ssp119,-0.990366815804548,0.0,non-CO2,CH4,on-road,-0.990366815804548,0.0,0.0,1.0
1816.0,ssp119_CO2 FFI_Marine_striving,-0.990366815804548,ssp119,-0.990366815804548,0.0,CO2,CO2 FFI,Marine,-0.990366815804548,0.0,0.0,1.0
1816.0,ssp119_CO2 FFI_off-road_striving,-0.990366815804548,ssp119,-0.990366815804548,0.0,CO2,CO2 FFI,off-road,-0.990366815804548,0.0,0.0,1.0
1816.0,ssp119_CO2 FFI_on-road_striving,-0.990366815804548,ssp119,-0.990366815804548,0.0,CO2,CO2 FFI,on-road,-0.990366815804548,0.0,0.0,1.0
1816.0,ssp119_N2O_Marine_striving,-0.990366815804548,ssp119,-0.990366815804548,0.0,non-CO2,N2O,Marine,-0.990366815804548,0.0,0.0,1.0
1816.0,ssp119_N2O_off-road_striving,-0.990366815804548,ssp119,-0.990366815804548,0.0,non-CO2,N2O,off-road,-0.990366815804548,0.0,0.0,1.0
1816.0,ssp119_N2O_on-road_striving,-0.990366815804548,ssp119,-0.990366815804548,0.0,non-CO2,N2O,on-road,-0.990366815804548,0.0,0.0,1.0
1816.0,ssp119_Sulfur_Marine_striving,-0.990366815804548,ssp119,-0.990366815804548,0.0,non-CO2,Sulfur,Marine,-0.990366815804548,0.0,0.0,1.0
1816.0,ssp119_striving,-0.990366815804548,ssp119,-0.990366815804548,0.0,,,Other,,,,1.0
1816.0,ssp119_zero_tra,-0.990366815804548,ssp119,-0.990366815804548,0.0,,,Other,,,,1.0
1817.0,ssp119,-1.3323862442085586,ssp119,-1.3323862442085586,0.0,,,Other,,,,1.0
1817.0,ssp119_BC_Marine_striving,-1.3323862442085586,ssp119,-1.3323862442085586,0.0,non-CO2,BC,Marine,-1.3323862442085586,0.0,0.0,1.0
1817.0,ssp119_BC_off-road_striving,-1.3323862442085586,ssp119,-1.3323862442085586,0.0,non-CO2,BC,off-road,-1.3323862442085586,0.0,0.0,1.0
1817.0,ssp119_BC_on-road_striving,-1.3323862442085586,ssp119,-1.3323862442085586,0.0,non-CO2,BC,on-road,-1.3323862442085586,0.0,0.0,1.0
1817.0,ssp119_CH4_Marine_striving,-1.3323862442085586,ssp119,-1.3323862442085586,0.0,non-CO2,CH4,Marine,-1.3323862442085586,0.0,0.0,1.0
1817.0,ssp119_CH4_off-road_striving,-1.3323862442085586,ssp119,-1.3323862442085586,0.0,non-CO2,CH4,off-road,-1.3323862442085586,0.0,0.0,1.0
1817.0,ssp119_CH4_on-road_striving,-1.3323862442085586,ssp119,-1.3323862442085586,0.0,non-CO2,CH4,on-road,-1.3323862442085586,0.0,0.0,1.0
1817.0,ssp119_CO2 FFI_Marine_striving,-1.3323862442085586,ssp119,-1.3323862442085586,0.0,CO2,CO2 FFI,Marine,-1.3323862442085586,0.0,0.0,1.0
1817.0,ssp119_CO2 FFI_off-road_striving,-1.3323862442085586,ssp119,-1.3323862442085586,0.0,CO2,CO2 FFI,off-road,-1.3323862442085586,0.0,0.0,1.0
1817.0,ssp119_CO2 FFI_on-road_striving,-1.3323862442085586,ssp119,-1.3323862442085586,0.0,CO2,CO2 FFI,on-road,-1.3323862442085586,0.0,0.0,1.0
1817.0,ssp119_N2O_Marine_striving,-1.3323862442085586,ssp119,-1.3323862442085586,0.0,non-CO2,N2O,Marine,-1.3323862442085586,0.0,0.0,1.0
1817.0,ssp119_N2O_off-road_striving,-1.3323862442085586,ssp119,-1.3323862442085586,0.0,non-CO2,N2O,off-road,-1.3323862442085586,0.0,0.0,1.0
1817.0,ssp119_N2O_on-road_striving,-1.3323862442085586,ssp119,-1.3323862442085586,0.0,non-CO2,N2O,on-road,-1.3323862442085586,0.0,0.0,1.0
1817.0,ssp119_Sulfur_Marine_striving,-1.3323862442085586,ssp119,-1.3323862442085586,0.0,non-CO2,Sulfur,Marine,-1.3323862442085586,0.0,0.0,1.0
1817.0,ssp119_striving,-1.3323862442085586,ssp119,-1.3323862442085586,0.0,,,Other,,,,1.0
1817.0,ssp119_zero_tra,-1.3323862442085586,ssp119,-1.3323862442085586,0.0,,,Other,,,,1.0
1818.0,ssp119,-1.0898044439513264,ssp119,-1.0898044439513264,0.0,,,Other,,,,1.0
1818.0,ssp119_BC_Marine_striving,-1.0898044439513264,ssp119,-1.0898044439513264,0.0,non-CO2,BC,Marine,-1.0898044439513264,0.0,0.0,1.0
1818.0,ssp119_BC_off-road_striving,-1.0898044439513264,ssp119,-1.0898044439513264,0.0,non-CO2,BC,off-road,-1.0898044439513264,0.0,0.0,1.0
1818.0,ssp119_BC_on-road_striving,-1.0898044439513264,ssp119,-1.0898044439513264,0.0,non-CO2,BC,on-road,-1.0898044439513264,0.0,0.0,1.0
1818.0,ssp119_CH4_Marine_striving,-1.0898044439513264,ssp119,-1.0898044439513264,0.0,non-CO2,CH4,Marine,-1.0898044439513264,0.0,0.0,1.0
1818.0,ssp119_CH4_off-road_striving,-1.0898044439513264,ssp119,-1.0898044439513264,0.0,non-CO2,CH4,off-road,-1.0898044439513264,0.0,0.0,1.0
1818.0,ssp119_CH4_on-road_striving,-1.0898044439513264,ssp119,-1.0898044439513264,0.0,non-CO2,CH4,on-road,-1.0898044439513264,0.0,0.0,1.0
1818.0,ssp119_CO2 FFI_Marine_striving,-1.0898044439513264,ssp119,-1.0898044439513264,0.0,CO2,CO2 FFI,Marine,-1.0898044439513264,0.0,0.0,1.0
1818.0,ssp119_CO2 FFI_off-road_striving,-1.0898044439513264,ssp119,-1.0898044439513264,0.0,CO2,CO2 FFI,off-road,-1.0898044439513264,0.0,0.0,1.0
1818.0,ssp119_CO2 FFI_on-road_striving,-1.0898044439513264,ssp119,-1.0898044439513264,0.0,CO2,CO2 FFI,on-road,-1.0898044439513264,0.0,0.0,1.0
1818.0,ssp119_N2O_Marine_striving,-1.0898044439513264,ssp119,-1.0898044439513264,0.0,non-CO2,N2O,Marine,-1.0898044439513264,0.0,0.0,1.0
1818.0,ssp119_N2O_off-road_striving,-1.0898044439513264,ssp119,-1.0898044439513264,0.0,non-CO2,N2O,off-road,-1.0898044439513264,0.0,0.0,1.0
1818.0,ssp119_N2O_on-road_striving,-1.0898044439513264,ssp119,-1.0898044439513264,0.0,non-CO2,N2O,on-road,-1.0898044439513264,0.0,0.0,1.0
1818.0,ssp119_Sulfur_Marine_striving,-1.0898044439513264,ssp119,-1.0898044439513264,0.0,non-CO2,Sulfur,Marine,-1.0898044439513264,0.0,0.0,1.0
1818.0,ssp119_striving,-1.0898044439513264,ssp119,-1.0898044439513264,0.0,,,Other,,,,1.0
1818.0,ssp119_zero_tra,-1.0898044439513264,ssp119,-1.0898044439513264,0.0,,,Other,,,,1.0
1819.0,ssp119,-0.8287412617834837,ssp119,-0.8287412617834837,0.0,,,Other,,,,1.0
1819.0,ssp119_BC_Marine_striving,-0.8287412617834837,ssp119,-0.8287412617834837,0.0,non-CO2,BC,Marine,-0.8287412617834837,0.0,0.0,1.0
1819.0,ssp119_BC_off-road_striving,-0.8287412617834837,ssp119,-0.8287412617834837,0.0,non-CO2,BC,off-road,-0.8287412617834837,0.0,0.0,1.0
1819.0,ssp119_BC_on-road_striving,-0.8287412617834837,ssp119,-0.8287412617834837,0.0,non-CO2,BC,on-road,-0.8287412617834837,0.0,0.0,1.0
1819.0,ssp119_CH4_Marine_striving,-0.8287412617834837,ssp119,-0.8287412617834837,0.0,non-CO2,CH4,Marine,-0.8287412617834837,0.0,0.0,1.0
1819.0,ssp119_CH4_off-road_striving,-0.8287412617834837,ssp119,-0.8287412617834837,0.0,non-CO2,CH4,off-road,-0.8287412617834837,0.0,0.0,1.0
1819.0,ssp119_CH4_on-road_striving,-0.8287412617834837,ssp119,-0.8287412617834837,0.0,non-CO2,CH4,on-road,-0.8287412617834837,0.0,0.0,1.0
1819.0,ssp119_CO2 FFI_Marine_striving,-0.8287412617834837,ssp119,-0.8287412617834837,0.0,CO2,CO2 FFI,Marine,-0.8287412617834837,0.0,0.0,1.0
1819.0,ssp119_CO2 FFI_off-road_striving,-0.8287412617834837,ssp119,-0.8287412617834837,0.0,CO2,CO2 FFI,off-road,-0.8287412617834837,0.0,0.0,1.0
1819.0,ssp119_CO2 FFI_on-road_striving,-0.8287412617834837,ssp119,-0.8287412617834837,0.0,CO2,CO2 FFI,on-road,-0.8287412617834837,0.0,0.0,1.0
1819.0,ssp119_N2O_Marine_striving,-0.8287412617834837,ssp119,-0.8287412617834837,0.0,non-CO2,N2O,Marine,-0.8287412617834837,0.0,0.0,1.0
1819.0,ssp119_N2O_off-road_striving,-0.8287412617834837,ssp119,-0.8287412617834837,0.0,non-CO2,N2O,off-road,-0.8287412617834837,0.0,0.0,1.0
1819.0,ssp119_N2O_on-road_striving,-0.8287412617834837,ssp119,-0.8287412617834837,0.0,non-CO2,N2O,on-road,-0.8287412617834837,0.0,0.0,1.0
1819.0,ssp119_Sulfur_Marine_striving,-0.8287412617834837,ssp119,-0.8287412617834837,0.0,non-CO2,Sulfur,Marine,-0.8287412617834837,0.0,0.0,1.0
1819.0,ssp119_striving,-0.8287412617834837,ssp119,-0.8287412617834837,0.0,,,Other,,,,1.0
1819.0,ssp119_zero_tra,-0.8287412617834837,ssp119,-0.8287412617834837,0.0,,,Other,,,,1.0
1820.0,ssp119,-0.5886234946573863,ssp119,-0.5886234946573863,0.0,,,Other,,,,1.0
1820.0,ssp119_BC_Marine_striving,-0.5886234946573863,ssp119,-0.5886234946573863,0.0,non-CO2,BC,Marine,-0.5886234946573863,0.0,0.0,1.0
1820.0,ssp119_BC_off-road_striving,-0.5886234946573863,ssp119,-0.5886234946573863,0.0,non-CO2,BC,off-road,-0.5886234946573863,0.0,0.0,1.0
1820.0,ssp119_BC_on-road_striving,-0.5886234946573863,ssp119,-0.5886234946573863,0.0,non-CO2,BC,on-road,-0.5886234946573863,0.0,0.0,1.0
1820.0,ssp119_CH4_Marine_striving,-0.5886234946573863,ssp119,-0.5886234946573863,0.0,non-CO2,CH4,Marine,-0.5886234946573863,0.0,0.0,1.0
1820.0,ssp119_CH4_off-road_striving,-0.5886234946573863,ssp119,-0.5886234946573863,0.0,non-CO2,CH4,off-road,-0.5886234946573863,0.0,0.0,1.0
1820.0,ssp119_CH4_on-road_striving,-0.5886234946573863,ssp119,-0.5886234946573863,0.0,non-CO2,CH4,on-road,-0.5886234946573863,0.0,0.0,1.0
1820.0,ssp119_CO2 FFI_Marine_striving,-0.5886234946573863,ssp119,-0.5886234946573863,0.0,CO2,CO2 FFI,Marine,-0.5886234946573863,0.0,0.0,1.0
1820.0,ssp119_CO2 FFI_off-road_striving,-0.5886234946573863,ssp119,-0.5886234946573863,0.0,CO2,CO2 FFI,off-road,-0.5886234946573863,0.0,0.0,1.0
1820.0,ssp119_CO2 FFI_on-road_striving,-0.5886234946573863,ssp119,-0.5886234946573863,0.0,CO2,CO2 FFI,on-road,-0.5886234946573863,0.0,0.0,1.0
1820.0,ssp119_N2O_Marine_striving,-0.5886234946573863,ssp119,-0.5886234946573863,0.0,non-CO2,N2O,Marine,-0.5886234946573863,0.0,0.0,1.0
1820.0,ssp119_N2O_off-road_striving,-0.5886234946573863,ssp119,-0.5886234946573863,0.0,non-CO2,N2O,off-road,-0.5886234946573863,0.0,0.0,1.0
1820.0,ssp119_N2O_on-road_striving,-0.5886234946573863,ssp119,-0.5886234946573863,0.0,non-CO2,N2O,on-road,-0.5886234946573863,0.0,0.0,1.0
1820.0,ssp119_Sulfur_Marine_striving,-0.5886234946573863,ssp119,-0.5886234946573863,0.0,non-CO2,Sulfur,Marine,-0.5886234946573863,0.0,0.0,1.0
1820.0,ssp119_striving,-0.5886234946573863,ssp119,-0.5886234946573863,0.0,,,Other,,,,1.0
1820.0,ssp119_zero_tra,-0.5886234946573863,ssp119,-0.5886234946573863,0.0,,,Other,,,,1.0
1821.0,ssp119,-0.4268120987204627,ssp119,-0.4268120987204627,0.0,,,Other,,,,1.0
1821.0,ssp119_BC_Marine_striving,-0.4268120987204627,ssp119,-0.4268120987204627,0.0,non-CO2,BC,Marine,-0.4268120987204627,0.0,0.0,1.0
1821.0,ssp119_BC_off-road_striving,-0.4268120987204627,ssp119,-0.4268120987204627,0.0,non-CO2,BC,off-road,-0.4268120987204627,0.0,0.0,1.0
1821.0,ssp119_BC_on-road_striving,-0.4268120987204627,ssp119,-0.4268120987204627,0.0,non-CO2,BC,on-road,-0.4268120987204627,0.0,0.0,1.0
1821.0,ssp119_CH4_Marine_striving,-0.4268120987204627,ssp119,-0.4268120987204627,0.0,non-CO2,CH4,Marine,-0.4268120987204627,0.0,0.0,1.0
1821.0,ssp119_CH4_off-road_striving,-0.4268120987204627,ssp119,-0.4268120987204627,0.0,non-CO2,CH4,off-road,-0.4268120987204627,0.0,0.0,1.0
1821.0,ssp119_CH4_on-road_striving,-0.4268120987204627,ssp119,-0.4268120987204627,0.0,non-CO2,CH4,on-road,-0.4268120987204627,0.0,0.0,1.0
1821.0,ssp119_CO2 FFI_Marine_striving,-0.4268120987204627,ssp119,-0.4268120987204627,0.0,CO2,CO2 FFI,Marine,-0.4268120987204627,0.0,0.0,1.0
1821.0,ssp119_CO2 FFI_off-road_striving,-0.4268120987204627,ssp119,-0.4268120987204627,0.0,CO2,CO2 FFI,off-road,-0.4268120987204627,0.0,0.0,1.0
1821.0,ssp119_CO2 FFI_on-road_striving,-0.4268120987204627,ssp119,-0.4268120987204627,0.0,CO2,CO2 FFI,on-road,-0.4268120987204627,0.0,0.0,1.0
1821.0,ssp119_N2O_Marine_striving,-0.4268120987204627,ssp119,-0.4268120987204627,0.0,non-CO2,N2O,Marine,-0.4268120987204627,0.0,0.0,1.0
1821.0,ssp119_N2O_off-road_striving,-0.4268120987204627,ssp119,-0.4268120987204627,0.0,non-CO2,N2O,off-road,-0.4268120987204627,0.0,0.0,1.0
1821.0,ssp119_N2O_on-road_striving,-0.4268120987204627,ssp119,-0.4268120987204627,0.0,non-CO2,N2O,on-road,-0.4268120987204627,0.0,0.0,1.0
1821.0,ssp119_Sulfur_Marine_striving,-0.4268120987204627,ssp119,-0.4268120987204627,0.0,non-CO2,Sulfur,Marine,-0.4268120987204627,0.0,0.0,1.0
1821.0,ssp119_striving,-0.4268120987204627,ssp119,-0.4268120987204627,0.0,,,Other,,,,1.0
1821.0,ssp119_zero_tra,-0.4268120987204627,ssp119,-0.4268120987204627,0.0,,,Other,,,,1.0
1822.0,ssp119,-0.327026346317238,ssp119,-0.327026346317238,0.0,,,Other,,,,1.0
1822.0,ssp119_BC_Marine_striving,-0.327026346317238,ssp119,-0.327026346317238,0.0,non-CO2,BC,Marine,-0.327026346317238,0.0,0.0,1.0
1822.0,ssp119_BC_off-road_striving,-0.327026346317238,ssp119,-0.327026346317238,0.0,non-CO2,BC,off-road,-0.327026346317238,0.0,0.0,1.0
1822.0,ssp119_BC_on-road_striving,-0.327026346317238,ssp119,-0.327026346317238,0.0,non-CO2,BC,on-road,-0.327026346317238,0.0,0.0,1.0
1822.0,ssp119_CH4_Marine_striving,-0.327026346317238,ssp119,-0.327026346317238,0.0,non-CO2,CH4,Marine,-0.327026346317238,0.0,0.0,1.0
1822.0,ssp119_CH4_off-road_striving,-0.327026346317238,ssp119,-0.327026346317238,0.0,non-CO2,CH4,off-road,-0.327026346317238,0.0,0.0,1.0
1822.0,ssp119_CH4_on-road_striving,-0.327026346317238,ssp119,-0.327026346317238,0.0,non-CO2,CH4,on-road,-0.327026346317238,0.0,0.0,1.0
1822.0,ssp119_CO2 FFI_Marine_striving,-0.327026346317238,ssp119,-0.327026346317238,0.0,CO2,CO2 FFI,Marine,-0.327026346317238,0.0,0.0,1.0
1822.0,ssp119_CO2 FFI_off-road_striving,-0.327026346317238,ssp119,-0.327026346317238,0.0,CO2,CO2 FFI,off-road,-0.327026346317238,0.0,0.0,1.0
1822.0,ssp119_CO2 FFI_on-road_striving,-0.327026346317238,ssp119,-0.327026346317238,0.0,CO2,CO2 FFI,on-road,-0.327026346317238,0.0,0.0,1.0
1822.0,ssp119_N2O_Marine_striving,-0.327026346317238,ssp119,-0.327026346317238,0.0,non-CO2,N2O,Marine,-0.327026346317238,0.0,0.0,1.0
1822.0,ssp119_N2O_off-road_striving,-0.327026346317238,ssp119,-0.327026346317238,0.0,non-CO2,N2O,off-road,-0.327026346317238,0.0,0.0,1.0
1822.0,ssp119_N2O_on-road_striving,-0.327026346317238,ssp119,-0.327026346317238,0.0,non-CO2,N2O,on-road,-0.327026346317238,0.0,0.0,1.0
1822.0,ssp119_Sulfur_Marine_striving,-0.327026346317238,ssp119,-0.327026346317238,0.0,non-CO2,Sulfur,Marine,-0.327026346317238,0.0,0.0,1.0
1822.0,ssp119_striving,-0.327026346317238,ssp119,-0.327026346317238,0.0,,,Other,,,,1.0
1822.0,ssp119_zero_tra,-0.327026346317238,ssp119,-0.327026346317238,0.0,,,Other,,,,1.0
1823.0,ssp119,-0.3117166600263442,ssp119,-0.3117166600263442,0.0,,,Other,,,,1.0
1823.0,ssp119_BC_Marine_striving,-0.3117166600263442,ssp119,-0.3117166600263442,0.0,non-CO2,BC,Marine,-0.3117166600263442,0.0,0.0,1.0
1823.0,ssp119_BC_off-road_striving,-0.3117166600263442,ssp119,-0.3117166600263442,0.0,non-CO2,BC,off-road,-0.3117166600263442,0.0,0.0,1.0
1823.0,ssp119_BC_on-road_striving,-0.3117166600263442,ssp119,-0.3117166600263442,0.0,non-CO2,BC,on-road,-0.3117166600263442,0.0,0.0,1.0
1823.0,ssp119_CH4_Marine_striving,-0.3117166600263442,ssp119,-0.3117166600263442,0.0,non-CO2,CH4,Marine,-0.3117166600263442,0.0,0.0,1.0
1823.0,ssp119_CH4_off-road_striving,-0.3117166600263442,ssp119,-0.3117166600263442,0.0,non-CO2,CH4,off-road,-0.3117166600263442,0.0,0.0,1.0
1823.0,ssp119_CH4_on-road_striving,-0.3117166600263442,ssp119,-0.3117166600263442,0.0,non-CO2,CH4,on-road,-0.3117166600263442,0.0,0.0,1.0
1823.0,ssp119_CO2 FFI_Marine_striving,-0.3117166600263442,ssp119,-0.3117166600263442,0.0,CO2,CO2 FFI,Marine,-0.3117166600263442,0.0,0.0,1.0
1823.0,ssp119_CO2 FFI_off-road_striving,-0.3117166600263442,ssp119,-0.3117166600263442,0.0,CO2,CO2 FFI,off-road,-0.3117166600263442,0.0,0.0,1.0
1823.0,ssp119_CO2 FFI_on-road_striving,-0.3117166600263442,ssp119,-0.3117166600263442,0.0,CO2,CO2 FFI,on-road,-0.3117166600263442,0.0,0.0,1.0
1823.0,ssp119_N2O_Marine_striving,-0.3117166600263442,ssp119,-0.3117166600263442,0.0,non-CO2,N2O,Marine,-0.3117166600263442,0.0,0.0,1.0
1823.0,ssp119_N2O_off-road_striving,-0.3117166600263442,ssp119,-0.3117166600263442,0.0,non-CO2,N2O,off-road,-0.3117166600263442,0.0,0.0,1.0
1823.0,ssp119_N2O_on-road_striving,-0.3117166600263442,ssp119,-0.3117166600263442,0.0,non-CO2,N2O,on-road,-0.3117166600263442,0.0,0.0,1.0
1823.0,ssp119_Sulfur_Marine_striving,-0.3117166600263442,ssp119,-0.3117166600263442,0.0,non-CO2,Sulfur,Marine,-0.3117166600263442,0.0,0.0,1.0
1823.0,ssp119_striving,-0.3117166600263442,ssp119,-0.3117166600263442,0.0,,,Other,,,,1.0
1823.0,ssp119_zero_tra,-0.3117166600263442,ssp119,-0.3117166600263442,0.0,,,Other,,,,1.0
1824.0,ssp119,-0.2540272598542234,ssp119,-0.2540272598542234,0.0,,,Other,,,,1.0
1824.0,ssp119_BC_Marine_striving,-0.2540272598542234,ssp119,-0.2540272598542234,0.0,non-CO2,BC,Marine,-0.2540272598542234,0.0,0.0,1.0
1824.0,ssp119_BC_off-road_striving,-0.2540272598542234,ssp119,-0.2540272598542234,0.0,non-CO2,BC,off-road,-0.2540272598542234,0.0,0.0,1.0
1824.0,ssp119_BC_on-road_striving,-0.2540272598542234,ssp119,-0.2540272598542234,0.0,non-CO2,BC,on-road,-0.2540272598542234,0.0,0.0,1.0
1824.0,ssp119_CH4_Marine_striving,-0.2540272598542234,ssp119,-0.2540272598542234,0.0,non-CO2,CH4,Marine,-0.2540272598542234,0.0,0.0,1.0
1824.0,ssp119_CH4_off-road_striving,-0.2540272598542234,ssp119,-0.2540272598542234,0.0,non-CO2,CH4,off-road,-0.2540272598542234,0.0,0.0,1.0
1824.0,ssp119_CH4_on-road_striving,-0.2540272598542234,ssp119,-0.2540272598542234,0.0,non-CO2,CH4,on-road,-0.2540272598542234,0.0,0.0,1.0
1824.0,ssp119_CO2 FFI_Marine_striving,-0.2540272598542234,ssp119,-0.2540272598542234,0.0,CO2,CO2 FFI,Marine,-0.2540272598542234,0.0,0.0,1.0
1824.0,ssp119_CO2 FFI_off-road_striving,-0.2540272598542234,ssp119,-0.2540272598542234,0.0,CO2,CO2 FFI,off-road,-0.2540272598542234,0.0,0.0,1.0
1824.0,ssp119_CO2 FFI_on-road_striving,-0.2540272598542234,ssp119,-0.2540272598542234,0.0,CO2,CO2 FFI,on-road,-0.2540272598542234,0.0,0.0,1.0
1824.0,ssp119_N2O_Marine_striving,-0.2540272598542234,ssp119,-0.2540272598542234,0.0,non-CO2,N2O,Marine,-0.2540272598542234,0.0,0.0,1.0
1824.0,ssp119_N2O_off-road_striving,-0.2540272598542234,ssp119,-0.2540272598542234,0.0,non-CO2,N2O,off-road,-0.2540272598542234,0.0,0.0,1.0
1824.0,ssp119_N2O_on-road_striving,-0.2540272598542234,ssp119,-0.2540272598542234,0.0,non-CO2,N2O,on-road,-0.2540272598542234,0.0,0.0,1.0
1824.0,ssp119_Sulfur_Marine_striving,-0.2540272598542234,ssp119,-0.2540272598542234,0.0,non-CO2,Sulfur,Marine,-0.2540272598542234,0.0,0.0,1.0
1824.0,ssp119_striving,-0.2540272598542234,ssp119,-0.2540272598542234,0.0,,,Other,,,,1.0
1824.0,ssp119_zero_tra,-0.2540272598542234,ssp119,-0.2540272598542234,0.0,,,Other,,,,1.0
1825.0,ssp119,-0.17799220957545328,ssp119,-0.17799220957545328,0.0,,,Other,,,,1.0
1825.0,ssp119_BC_Marine_striving,-0.17799220957545328,ssp119,-0.17799220957545328,0.0,non-CO2,BC,Marine,-0.17799220957545328,0.0,0.0,1.0
1825.0,ssp119_BC_off-road_striving,-0.17799220957545328,ssp119,-0.17799220957545328,0.0,non-CO2,BC,off-road,-0.17799220957545328,0.0,0.0,1.0
1825.0,ssp119_BC_on-road_striving,-0.17799220957545328,ssp119,-0.17799220957545328,0.0,non-CO2,BC,on-road,-0.17799220957545328,0.0,0.0,1.0
1825.0,ssp119_CH4_Marine_striving,-0.17799220957545328,ssp119,-0.17799220957545328,0.0,non-CO2,CH4,Marine,-0.17799220957545328,0.0,0.0,1.0
1825.0,ssp119_CH4_off-road_striving,-0.17799220957545328,ssp119,-0.17799220957545328,0.0,non-CO2,CH4,off-road,-0.17799220957545328,0.0,0.0,1.0
1825.0,ssp119_CH4_on-road_striving,-0.17799220957545328,ssp119,-0.17799220957545328,0.0,non-CO2,CH4,on-road,-0.17799220957545328,0.0,0.0,1.0
1825.0,ssp119_CO2 FFI_Marine_striving,-0.17799220957545328,ssp119,-0.17799220957545328,0.0,CO2,CO2 FFI,Marine,-0.17799220957545328,0.0,0.0,1.0
1825.0,ssp119_CO2 FFI_off-road_striving,-0.17799220957545328,ssp119,-0.17799220957545328,0.0,CO2,CO2 FFI,off-road,-0.17799220957545328,0.0,0.0,1.0
1825.0,ssp119_CO2 FFI_on-road_striving,-0.17799220957545328,ssp119,-0.17799220957545328,0.0,CO2,CO2 FFI,on-road,-0.17799220957545328,0.0,0.0,1.0
1825.0,ssp119_N2O_Marine_striving,-0.17799220957545328,ssp119,-0.17799220957545328,0.0,non-CO2,N2O,Marine,-0.17799220957545328,0.0,0.0,1.0
1825.0,ssp119_N2O_off-road_striving,-0.17799220957545328,ssp119,-0.17799220957545328,0.0,non-CO2,N2O,off-road,-0.17799220957545328,0.0,0.0,1.0
1825.0,ssp119_N2O_on-road_striving,-0.17799220957545328,ssp119,-0.17799220957545328,0.0,non-CO2,N2O,on-road,-0.17799220957545328,0.0,0.0,1.0
1825.0,ssp119_Sulfur_Marine_striving,-0.17799220957545328,ssp119,-0.17799220957545328,0.0,non-CO2,Sulfur,Marine,-0.17799220957545328,0.0,0.0,1.0
1825.0,ssp119_striving,-0.17799220957545328,ssp119,-0.17799220957545328,0.0,,,Other,,,,1.0
1825.0,ssp119_zero_tra,-0.17799220957545328,ssp119,-0.17799220957545328,0.0,,,Other,,,,1.0
1826.0,ssp119,-0.11520088574388526,ssp119,-0.11520088574388526,0.0,,,Other,,,,1.0
1826.0,ssp119_BC_Marine_striving,-0.11520088574388526,ssp119,-0.11520088574388526,0.0,non-CO2,BC,Marine,-0.11520088574388526,0.0,0.0,1.0
1826.0,ssp119_BC_off-road_striving,-0.11520088574388526,ssp119,-0.11520088574388526,0.0,non-CO2,BC,off-road,-0.11520088574388526,0.0,0.0,1.0
1826.0,ssp119_BC_on-road_striving,-0.11520088574388526,ssp119,-0.11520088574388526,0.0,non-CO2,BC,on-road,-0.11520088574388526,0.0,0.0,1.0
1826.0,ssp119_CH4_Marine_striving,-0.11520088574388526,ssp119,-0.11520088574388526,0.0,non-CO2,CH4,Marine,-0.11520088574388526,0.0,0.0,1.0
1826.0,ssp119_CH4_off-road_striving,-0.11520088574388526,ssp119,-0.11520088574388526,0.0,non-CO2,CH4,off-road,-0.11520088574388526,0.0,0.0,1.0
1826.0,ssp119_CH4_on-road_striving,-0.11520088574388526,ssp119,-0.11520088574388526,0.0,non-CO2,CH4,on-road,-0.11520088574388526,0.0,0.0,1.0
1826.0,ssp119_CO2 FFI_Marine_striving,-0.11520088574388526,ssp119,-0.11520088574388526,0.0,CO2,CO2 FFI,Marine,-0.11520088574388526,0.0,0.0,1.0
1826.0,ssp119_CO2 FFI_off-road_striving,-0.11520088574388526,ssp119,-0.11520088574388526,0.0,CO2,CO2 FFI,off-road,-0.11520088574388526,0.0,0.0,1.0
1826.0,ssp119_CO2 FFI_on-road_striving,-0.11520088574388526,ssp119,-0.11520088574388526,0.0,CO2,CO2 FFI,on-road,-0.11520088574388526,0.0,0.0,1.0
1826.0,ssp119_N2O_Marine_striving,-0.11520088574388526,ssp119,-0.11520088574388526,0.0,non-CO2,N2O,Marine,-0.11520088574388526,0.0,0.0,1.0
1826.0,ssp119_N2O_off-road_striving,-0.11520088574388526,ssp119,-0.11520088574388526,0.0,non-CO2,N2O,off-road,-0.11520088574388526,0.0,0.0,1.0
1826.0,ssp119_N2O_on-road_striving,-0.11520088574388526,ssp119,-0.11520088574388526,0.0,non-CO2,N2O,on-road,-0.11520088574388526,0.0,0.0,1.0
1826.0,ssp119_Sulfur_Marine_striving,-0.11520088574388526,ssp119,-0.11520088574388526,0.0,non-CO2,Sulfur,Marine,-0.11520088574388526,0.0,0.0,1.0
1826.0,ssp119_striving,-0.11520088574388526,ssp119,-0.11520088574388526,0.0,,,Other,,,,1.0
1826.0,ssp119_zero_tra,-0.11520088574388526,ssp119,-0.11520088574388526,0.0,,,Other,,,,1.0
1827.0,ssp119,-0.06047729576052022,ssp119,-0.06047729576052022,0.0,,,Other,,,,1.0
1827.0,ssp119_BC_Marine_striving,-0.06047729576052022,ssp119,-0.06047729576052022,0.0,non-CO2,BC,Marine,-0.06047729576052022,0.0,0.0,1.0
1827.0,ssp119_BC_off-road_striving,-0.06047729576052022,ssp119,-0.06047729576052022,0.0,non-CO2,BC,off-road,-0.06047729576052022,0.0,0.0,1.0
1827.0,ssp119_BC_on-road_striving,-0.06047729576052022,ssp119,-0.06047729576052022,0.0,non-CO2,BC,on-road,-0.06047729576052022,0.0,0.0,1.0
1827.0,ssp119_CH4_Marine_striving,-0.06047729576052022,ssp119,-0.06047729576052022,0.0,non-CO2,CH4,Marine,-0.06047729576052022,0.0,0.0,1.0
1827.0,ssp119_CH4_off-road_striving,-0.06047729576052022,ssp119,-0.06047729576052022,0.0,non-CO2,CH4,off-road,-0.06047729576052022,0.0,0.0,1.0
1827.0,ssp119_CH4_on-road_striving,-0.06047729576052022,ssp119,-0.06047729576052022,0.0,non-CO2,CH4,on-road,-0.06047729576052022,0.0,0.0,1.0
1827.0,ssp119_CO2 FFI_Marine_striving,-0.06047729576052022,ssp119,-0.06047729576052022,0.0,CO2,CO2 FFI,Marine,-0.06047729576052022,0.0,0.0,1.0
1827.0,ssp119_CO2 FFI_off-road_striving,-0.06047729576052022,ssp119,-0.06047729576052022,0.0,CO2,CO2 FFI,off-road,-0.06047729576052022,0.0,0.0,1.0
1827.0,ssp119_CO2 FFI_on-road_striving,-0.06047729576052022,ssp119,-0.06047729576052022,0.0,CO2,CO2 FFI,on-road,-0.06047729576052022,0.0,0.0,1.0
1827.0,ssp119_N2O_Marine_striving,-0.06047729576052022,ssp119,-0.06047729576052022,0.0,non-CO2,N2O,Marine,-0.06047729576052022,0.0,0.0,1.0
1827.0,ssp119_N2O_off-road_striving,-0.06047729576052022,ssp119,-0.06047729576052022,0.0,non-CO2,N2O,off-road,-0.06047729576052022,0.0,0.0,1.0
1827.0,ssp119_N2O_on-road_striving,-0.06047729576052022,ssp119,-0.06047729576052022,0.0,non-CO2,N2O,on-road,-0.06047729576052022,0.0,0.0,1.0
1827.0,ssp119_Sulfur_Marine_striving,-0.06047729576052022,ssp119,-0.06047729576052022,0.0,non-CO2,Sulfur,Marine,-0.06047729576052022,0.0,0.0,1.0
1827.0,ssp119_striving,-0.06047729576052022,ssp119,-0.06047729576052022,0.0,,,Other,,,,1.0
1827.0,ssp119_zero_tra,-0.06047729576052022,ssp119,-0.06047729576052022,0.0,,,Other,,,,1.0
1828.0,ssp119,-0.032239116961267286,ssp119,-0.032239116961267286,0.0,,,Other,,,,1.0
1828.0,ssp119_BC_Marine_striving,-0.032239116961267286,ssp119,-0.032239116961267286,0.0,non-CO2,BC,Marine,-0.032239116961267286,0.0,0.0,1.0
1828.0,ssp119_BC_off-road_striving,-0.032239116961267286,ssp119,-0.032239116961267286,0.0,non-CO2,BC,off-road,-0.032239116961267286,0.0,0.0,1.0
1828.0,ssp119_BC_on-road_striving,-0.032239116961267286,ssp119,-0.032239116961267286,0.0,non-CO2,BC,on-road,-0.032239116961267286,0.0,0.0,1.0
1828.0,ssp119_CH4_Marine_striving,-0.032239116961267286,ssp119,-0.032239116961267286,0.0,non-CO2,CH4,Marine,-0.032239116961267286,0.0,0.0,1.0
1828.0,ssp119_CH4_off-road_striving,-0.032239116961267286,ssp119,-0.032239116961267286,0.0,non-CO2,CH4,off-road,-0.032239116961267286,0.0,0.0,1.0
1828.0,ssp119_CH4_on-road_striving,-0.032239116961267286,ssp119,-0.032239116961267286,0.0,non-CO2,CH4,on-road,-0.032239116961267286,0.0,0.0,1.0
1828.0,ssp119_CO2 FFI_Marine_striving,-0.032239116961267286,ssp119,-0.032239116961267286,0.0,CO2,CO2 FFI,Marine,-0.032239116961267286,0.0,0.0,1.0
1828.0,ssp119_CO2 FFI_off-road_striving,-0.032239116961267286,ssp119,-0.032239116961267286,0.0,CO2,CO2 FFI,off-road,-0.032239116961267286,0.0,0.0,1.0
1828.0,ssp119_CO2 FFI_on-road_striving,-0.032239116961267286,ssp119,-0.032239116961267286,0.0,CO2,CO2 FFI,on-road,-0.032239116961267286,0.0,0.0,1.0
1828.0,ssp119_N2O_Marine_striving,-0.032239116961267286,ssp119,-0.032239116961267286,0.0,non-CO2,N2O,Marine,-0.032239116961267286,0.0,0.0,1.0
1828.0,ssp119_N2O_off-road_striving,-0.032239116961267286,ssp119,-0.032239116961267286,0.0,non-CO2,N2O,off-road,-0.032239116961267286,0.0,0.0,1.0
1828.0,ssp119_N2O_on-road_striving,-0.032239116961267286,ssp119,-0.032239116961267286,0.0,non-CO2,N2O,on-road,-0.032239116961267286,0.0,0.0,1.0
1828.0,ssp119_Sulfur_Marine_striving,-0.032239116961267286,ssp119,-0.032239116961267286,0.0,non-CO2,Sulfur,Marine,-0.032239116961267286,0.0,0.0,1.0
1828.0,ssp119_striving,-0.032239116961267286,ssp119,-0.032239116961267286,0.0,,,Other,,,,1.0
1828.0,ssp119_zero_tra,-0.032239116961267286,ssp119,-0.032239116961267286,0.0,,,Other,,,,1.0
1829.0,ssp119,-0.019373996204026266,ssp119,-0.019373996204026266,0.0,,,Other,,,,1.0
1829.0,ssp119_BC_Marine_striving,-0.019373996204026266,ssp119,-0.019373996204026266,0.0,non-CO2,BC,Marine,-0.019373996204026266,0.0,0.0,1.0
1829.0,ssp119_BC_off-road_striving,-0.019373996204026266,ssp119,-0.019373996204026266,0.0,non-CO2,BC,off-road,-0.019373996204026266,0.0,0.0,1.0
1829.0,ssp119_BC_on-road_striving,-0.019373996204026266,ssp119,-0.019373996204026266,0.0,non-CO2,BC,on-road,-0.019373996204026266,0.0,0.0,1.0
1829.0,ssp119_CH4_Marine_striving,-0.019373996204026266,ssp119,-0.019373996204026266,0.0,non-CO2,CH4,Marine,-0.019373996204026266,0.0,0.0,1.0
1829.0,ssp119_CH4_off-road_striving,-0.019373996204026266,ssp119,-0.019373996204026266,0.0,non-CO2,CH4,off-road,-0.019373996204026266,0.0,0.0,1.0
1829.0,ssp119_CH4_on-road_striving,-0.019373996204026266,ssp119,-0.019373996204026266,0.0,non-CO2,CH4,on-road,-0.019373996204026266,0.0,0.0,1.0
1829.0,ssp119_CO2 FFI_Marine_striving,-0.019373996204026266,ssp119,-0.019373996204026266,0.0,CO2,CO2 FFI,Marine,-0.019373996204026266,0.0,0.0,1.0
1829.0,ssp119_CO2 FFI_off-road_striving,-0.019373996204026266,ssp119,-0.019373996204026266,0.0,CO2,CO2 FFI,off-road,-0.019373996204026266,0.0,0.0,1.0
1829.0,ssp119_CO2 FFI_on-road_striving,-0.019373996204026266,ssp119,-0.019373996204026266,0.0,CO2,CO2 FFI,on-road,-0.019373996204026266,0.0,0.0,1.0
1829.0,ssp119_N2O_Marine_striving,-0.019373996204026266,ssp119,-0.019373996204026266,0.0,non-CO2,N2O,Marine,-0.019373996204026266,0.0,0.0,1.0
1829.0,ssp119_N2O_off-road_striving,-0.019373996204026266,ssp119,-0.019373996204026266,0.0,non-CO2,N2O,off-road,-0.019373996204026266,0.0,0.0,1.0
1829.0,ssp119_N2O_on-road_striving,-0.019373996204026266,ssp119,-0.019373996204026266,0.0,non-CO2,N2O,on-road,-0.019373996204026266,0.0,0.0,1.0
1829.0,ssp119_Sulfur_Marine_striving,-0.019373996204026266,ssp119,-0.019373996204026266,0.0,non-CO2,Sulfur,Marine,-0.019373996204026266,0.0,0.0,1.0
1829.0,ssp119_striving,-0.019373996204026266,ssp119,-0.019373996204026266,0.0,,,Other,,,,1.0
1829.0,ssp119_zero_tra,-0.019373996204026266,ssp119,-0.019373996204026266,0.0,,,Other,,,,1.0
1830.0,ssp119,-0.0042810656167783095,ssp119,-0.0042810656167783095,0.0,,,Other,,,,1.0
1830.0,ssp119_BC_Marine_striving,-0.0042810656167783095,ssp119,-0.0042810656167783095,0.0,non-CO2,BC,Marine,-0.0042810656167783095,0.0,0.0,1.0
1830.0,ssp119_BC_off-road_striving,-0.0042810656167783095,ssp119,-0.0042810656167783095,0.0,non-CO2,BC,off-road,-0.0042810656167783095,0.0,0.0,1.0
1830.0,ssp119_BC_on-road_striving,-0.0042810656167783095,ssp119,-0.0042810656167783095,0.0,non-CO2,BC,on-road,-0.0042810656167783095,0.0,0.0,1.0
1830.0,ssp119_CH4_Marine_striving,-0.0042810656167783095,ssp119,-0.0042810656167783095,0.0,non-CO2,CH4,Marine,-0.0042810656167783095,0.0,0.0,1.0
1830.0,ssp119_CH4_off-road_striving,-0.0042810656167783095,ssp119,-0.0042810656167783095,0.0,non-CO2,CH4,off-road,-0.0042810656167783095,0.0,0.0,1.0
1830.0,ssp119_CH4_on-road_striving,-0.0042810656167783095,ssp119,-0.0042810656167783095,0.0,non-CO2,CH4,on-road,-0.0042810656167783095,0.0,0.0,1.0
1830.0,ssp119_CO2 FFI_Marine_striving,-0.0042810656167783095,ssp119,-0.0042810656167783095,0.0,CO2,CO2 FFI,Marine,-0.0042810656167783095,0.0,0.0,1.0
1830.0,ssp119_CO2 FFI_off-road_striving,-0.0042810656167783095,ssp119,-0.0042810656167783095,0.0,CO2,CO2 FFI,off-road,-0.0042810656167783095,0.0,0.0,1.0
1830.0,ssp119_CO2 FFI_on-road_striving,-0.0042810656167783095,ssp119,-0.0042810656167783095,0.0,CO2,CO2 FFI,on-road,-0.0042810656167783095,0.0,0.0,1.0
1830.0,ssp119_N2O_Marine_striving,-0.0042810656167783095,ssp119,-0.0042810656167783095,0.0,non-CO2,N2O,Marine,-0.0042810656167783095,0.0,0.0,1.0
1830.0,ssp119_N2O_off-road_striving,-0.0042810656167783095,ssp119,-0.0042810656167783095,0.0,non-CO2,N2O,off-road,-0.0042810656167783095,0.0,0.0,1.0
1830.0,ssp119_N2O_on-road_striving,-0.0042810656167783095,ssp119,-0.0042810656167783095,0.0,non-CO2,N2O,on-road,-0.0042810656167783095,0.0,0.0,1.0
1830.0,ssp119_Sulfur_Marine_striving,-0.0042810656167783095,ssp119,-0.0042810656167783095,0.0,non-CO2,Sulfur,Marine,-0.0042810656167783095,0.0,0.0,1.0
1830.0,ssp119_striving,-0.0042810656167783095,ssp119,-0.0042810656167783095,0.0,,,Other,,,,1.0
1830.0,ssp119_zero_tra,-0.0042810656167783095,ssp119,-0.0042810656167783095,0.0,,,Other,,,,1.0
1831.0,ssp119,0.011418320296370335,ssp119,0.011418320296370335,0.0,,,Other,,,,1.0
1831.0,ssp119_BC_Marine_striving,0.011418320296370335,ssp119,0.011418320296370335,0.0,non-CO2,BC,Marine,0.011418320296370335,0.0,0.0,1.0
1831.0,ssp119_BC_off-road_striving,0.011418320296370335,ssp119,0.011418320296370335,0.0,non-CO2,BC,off-road,0.011418320296370335,0.0,0.0,1.0
1831.0,ssp119_BC_on-road_striving,0.011418320296370335,ssp119,0.011418320296370335,0.0,non-CO2,BC,on-road,0.011418320296370335,0.0,0.0,1.0
1831.0,ssp119_CH4_Marine_striving,0.011418320296370335,ssp119,0.011418320296370335,0.0,non-CO2,CH4,Marine,0.011418320296370335,0.0,0.0,1.0
1831.0,ssp119_CH4_off-road_striving,0.011418320296370335,ssp119,0.011418320296370335,0.0,non-CO2,CH4,off-road,0.011418320296370335,0.0,0.0,1.0
1831.0,ssp119_CH4_on-road_striving,0.011418320296370335,ssp119,0.011418320296370335,0.0,non-CO2,CH4,on-road,0.011418320296370335,0.0,0.0,1.0
1831.0,ssp119_CO2 FFI_Marine_striving,0.011418320296370335,ssp119,0.011418320296370335,0.0,CO2,CO2 FFI,Marine,0.011418320296370335,0.0,0.0,1.0
1831.0,ssp119_CO2 FFI_off-road_striving,0.011418320296370335,ssp119,0.011418320296370335,0.0,CO2,CO2 FFI,off-road,0.011418320296370335,0.0,0.0,1.0
1831.0,ssp119_CO2 FFI_on-road_striving,0.011418320296370335,ssp119,0.011418320296370335,0.0,CO2,CO2 FFI,on-road,0.011418320296370335,0.0,0.0,1.0
1831.0,ssp119_N2O_Marine_striving,0.011418320296370335,ssp119,0.011418320296370335,0.0,non-CO2,N2O,Marine,0.011418320296370335,0.0,0.0,1.0
1831.0,ssp119_N2O_off-road_striving,0.011418320296370335,ssp119,0.011418320296370335,0.0,non-CO2,N2O,off-road,0.011418320296370335,0.0,0.0,1.0
1831.0,ssp119_N2O_on-road_striving,0.011418320296370335,ssp119,0.011418320296370335,0.0,non-CO2,N2O,on-road,0.011418320296370335,0.0,0.0,1.0
1831.0,ssp119_Sulfur_Marine_striving,0.011418320296370335,ssp119,0.011418320296370335,0.0,non-CO2,Sulfur,Marine,0.011418320296370335,0.0,0.0,1.0
1831.0,ssp119_striving,0.011418320296370335,ssp119,0.011418320296370335,0.0,,,Other,,,,1.0
1831.0,ssp119_zero_tra,0.011418320296370335,ssp119,0.011418320296370335,0.0,,,Other,,,,1.0
1832.0,ssp119,-0.47878561254710694,ssp119,-0.47878561254710694,0.0,,,Other,,,,1.0
1832.0,ssp119_BC_Marine_striving,-0.47878561254710694,ssp119,-0.47878561254710694,0.0,non-CO2,BC,Marine,-0.47878561254710694,0.0,0.0,1.0
1832.0,ssp119_BC_off-road_striving,-0.47878561254710694,ssp119,-0.47878561254710694,0.0,non-CO2,BC,off-road,-0.47878561254710694,0.0,0.0,1.0
1832.0,ssp119_BC_on-road_striving,-0.47878561254710694,ssp119,-0.47878561254710694,0.0,non-CO2,BC,on-road,-0.47878561254710694,0.0,0.0,1.0
1832.0,ssp119_CH4_Marine_striving,-0.47878561254710694,ssp119,-0.47878561254710694,0.0,non-CO2,CH4,Marine,-0.47878561254710694,0.0,0.0,1.0
1832.0,ssp119_CH4_off-road_striving,-0.47878561254710694,ssp119,-0.47878561254710694,0.0,non-CO2,CH4,off-road,-0.47878561254710694,0.0,0.0,1.0
1832.0,ssp119_CH4_on-road_striving,-0.47878561254710694,ssp119,-0.47878561254710694,0.0,non-CO2,CH4,on-road,-0.47878561254710694,0.0,0.0,1.0
1832.0,ssp119_CO2 FFI_Marine_striving,-0.47878561254710694,ssp119,-0.47878561254710694,0.0,CO2,CO2 FFI,Marine,-0.47878561254710694,0.0,0.0,1.0
1832.0,ssp119_CO2 FFI_off-road_striving,-0.47878561254710694,ssp119,-0.47878561254710694,0.0,CO2,CO2 FFI,off-road,-0.47878561254710694,0.0,0.0,1.0
1832.0,ssp119_CO2 FFI_on-road_striving,-0.47878561254710694,ssp119,-0.47878561254710694,0.0,CO2,CO2 FFI,on-road,-0.47878561254710694,0.0,0.0,1.0
1832.0,ssp119_N2O_Marine_striving,-0.47878561254710694,ssp119,-0.47878561254710694,0.0,non-CO2,N2O,Marine,-0.47878561254710694,0.0,0.0,1.0
1832.0,ssp119_N2O_off-road_striving,-0.47878561254710694,ssp119,-0.47878561254710694,0.0,non-CO2,N2O,off-road,-0.47878561254710694,0.0,0.0,1.0
1832.0,ssp119_N2O_on-road_striving,-0.47878561254710694,ssp119,-0.47878561254710694,0.0,non-CO2,N2O,on-road,-0.47878561254710694,0.0,0.0,1.0
1832.0,ssp119_Sulfur_Marine_striving,-0.47878561254710694,ssp119,-0.47878561254710694,0.0,non-CO2,Sulfur,Marine,-0.47878561254710694,0.0,0.0,1.0
1832.0,ssp119_striving,-0.47878561254710694,ssp119,-0.47878561254710694,0.0,,,Other,,,,1.0
1832.0,ssp119_zero_tra,-0.47878561254710694,ssp119,-0.47878561254710694,0.0,,,Other,,,,1.0
1833.0,ssp119,-0.6380894239407134,ssp119,-0.6380894239407134,0.0,,,Other,,,,1.0
1833.0,ssp119_BC_Marine_striving,-0.6380894239407134,ssp119,-0.6380894239407134,0.0,non-CO2,BC,Marine,-0.6380894239407134,0.0,0.0,1.0
1833.0,ssp119_BC_off-road_striving,-0.6380894239407134,ssp119,-0.6380894239407134,0.0,non-CO2,BC,off-road,-0.6380894239407134,0.0,0.0,1.0
1833.0,ssp119_BC_on-road_striving,-0.6380894239407134,ssp119,-0.6380894239407134,0.0,non-CO2,BC,on-road,-0.6380894239407134,0.0,0.0,1.0
1833.0,ssp119_CH4_Marine_striving,-0.6380894239407134,ssp119,-0.6380894239407134,0.0,non-CO2,CH4,Marine,-0.6380894239407134,0.0,0.0,1.0
1833.0,ssp119_CH4_off-road_striving,-0.6380894239407134,ssp119,-0.6380894239407134,0.0,non-CO2,CH4,off-road,-0.6380894239407134,0.0,0.0,1.0
1833.0,ssp119_CH4_on-road_striving,-0.6380894239407134,ssp119,-0.6380894239407134,0.0,non-CO2,CH4,on-road,-0.6380894239407134,0.0,0.0,1.0
1833.0,ssp119_CO2 FFI_Marine_striving,-0.6380894239407134,ssp119,-0.6380894239407134,0.0,CO2,CO2 FFI,Marine,-0.6380894239407134,0.0,0.0,1.0
1833.0,ssp119_CO2 FFI_off-road_striving,-0.6380894239407134,ssp119,-0.6380894239407134,0.0,CO2,CO2 FFI,off-road,-0.6380894239407134,0.0,0.0,1.0
1833.0,ssp119_CO2 FFI_on-road_striving,-0.6380894239407134,ssp119,-0.6380894239407134,0.0,CO2,CO2 FFI,on-road,-0.6380894239407134,0.0,0.0,1.0
1833.0,ssp119_N2O_Marine_striving,-0.6380894239407134,ssp119,-0.6380894239407134,0.0,non-CO2,N2O,Marine,-0.6380894239407134,0.0,0.0,1.0
1833.0,ssp119_N2O_off-road_striving,-0.6380894239407134,ssp119,-0.6380894239407134,0.0,non-CO2,N2O,off-road,-0.6380894239407134,0.0,0.0,1.0
1833.0,ssp119_N2O_on-road_striving,-0.6380894239407134,ssp119,-0.6380894239407134,0.0,non-CO2,N2O,on-road,-0.6380894239407134,0.0,0.0,1.0
1833.0,ssp119_Sulfur_Marine_striving,-0.6380894239407134,ssp119,-0.6380894239407134,0.0,non-CO2,Sulfur,Marine,-0.6380894239407134,0.0,0.0,1.0
1833.0,ssp119_striving,-0.6380894239407134,ssp119,-0.6380894239407134,0.0,,,Other,,,,1.0
1833.0,ssp119_zero_tra,-0.6380894239407134,ssp119,-0.6380894239407134,0.0,,,Other,,,,1.0
1834.0,ssp119,-0.5332523777532103,ssp119,-0.5332523777532103,0.0,,,Other,,,,1.0
1834.0,ssp119_BC_Marine_striving,-0.5332523777532103,ssp119,-0.5332523777532103,0.0,non-CO2,BC,Marine,-0.5332523777532103,0.0,0.0,1.0
1834.0,ssp119_BC_off-road_striving,-0.5332523777532103,ssp119,-0.5332523777532103,0.0,non-CO2,BC,off-road,-0.5332523777532103,0.0,0.0,1.0
1834.0,ssp119_BC_on-road_striving,-0.5332523777532103,ssp119,-0.5332523777532103,0.0,non-CO2,BC,on-road,-0.5332523777532103,0.0,0.0,1.0
1834.0,ssp119_CH4_Marine_striving,-0.5332523777532103,ssp119,-0.5332523777532103,0.0,non-CO2,CH4,Marine,-0.5332523777532103,0.0,0.0,1.0
1834.0,ssp119_CH4_off-road_striving,-0.5332523777532103,ssp119,-0.5332523777532103,0.0,non-CO2,CH4,off-road,-0.5332523777532103,0.0,0.0,1.0
1834.0,ssp119_CH4_on-road_striving,-0.5332523777532103,ssp119,-0.5332523777532103,0.0,non-CO2,CH4,on-road,-0.5332523777532103,0.0,0.0,1.0
1834.0,ssp119_CO2 FFI_Marine_striving,-0.5332523777532103,ssp119,-0.5332523777532103,0.0,CO2,CO2 FFI,Marine,-0.5332523777532103,0.0,0.0,1.0
1834.0,ssp119_CO2 FFI_off-road_striving,-0.5332523777532103,ssp119,-0.5332523777532103,0.0,CO2,CO2 FFI,off-road,-0.5332523777532103,0.0,0.0,1.0
1834.0,ssp119_CO2 FFI_on-road_striving,-0.5332523777532103,ssp119,-0.5332523777532103,0.0,CO2,CO2 FFI,on-road,-0.5332523777532103,0.0,0.0,1.0
1834.0,ssp119_N2O_Marine_striving,-0.5332523777532103,ssp119,-0.5332523777532103,0.0,non-CO2,N2O,Marine,-0.5332523777532103,0.0,0.0,1.0
1834.0,ssp119_N2O_off-road_striving,-0.5332523777532103,ssp119,-0.5332523777532103,0.0,non-CO2,N2O,off-road,-0.5332523777532103,0.0,0.0,1.0
1834.0,ssp119_N2O_on-road_striving,-0.5332523777532103,ssp119,-0.5332523777532103,0.0,non-CO2,N2O,on-road,-0.5332523777532103,0.0,0.0,1.0
1834.0,ssp119_Sulfur_Marine_striving,-0.5332523777532103,ssp119,-0.5332523777532103,0.0,non-CO2,Sulfur,Marine,-0.5332523777532103,0.0,0.0,1.0
1834.0,ssp119_striving,-0.5332523777532103,ssp119,-0.5332523777532103,0.0,,,Other,,,,1.0
1834.0,ssp119_zero_tra,-0.5332523777532103,ssp119,-0.5332523777532103,0.0,,,Other,,,,1.0
1835.0,ssp119,-0.38736295638098917,ssp119,-0.38736295638098917,0.0,,,Other,,,,1.0
1835.0,ssp119_BC_Marine_striving,-0.38736295638098917,ssp119,-0.38736295638098917,0.0,non-CO2,BC,Marine,-0.38736295638098917,0.0,0.0,1.0
1835.0,ssp119_BC_off-road_striving,-0.38736295638098917,ssp119,-0.38736295638098917,0.0,non-CO2,BC,off-road,-0.38736295638098917,0.0,0.0,1.0
1835.0,ssp119_BC_on-road_striving,-0.38736295638098917,ssp119,-0.38736295638098917,0.0,non-CO2,BC,on-road,-0.38736295638098917,0.0,0.0,1.0
1835.0,ssp119_CH4_Marine_striving,-0.38736295638098917,ssp119,-0.38736295638098917,0.0,non-CO2,CH4,Marine,-0.38736295638098917,0.0,0.0,1.0
1835.0,ssp119_CH4_off-road_striving,-0.38736295638098917,ssp119,-0.38736295638098917,0.0,non-CO2,CH4,off-road,-0.38736295638098917,0.0,0.0,1.0
1835.0,ssp119_CH4_on-road_striving,-0.38736295638098917,ssp119,-0.38736295638098917,0.0,non-CO2,CH4,on-road,-0.38736295638098917,0.0,0.0,1.0
1835.0,ssp119_CO2 FFI_Marine_striving,-0.38736295638098917,ssp119,-0.38736295638098917,0.0,CO2,CO2 FFI,Marine,-0.38736295638098917,0.0,0.0,1.0
1835.0,ssp119_CO2 FFI_off-road_striving,-0.38736295638098917,ssp119,-0.38736295638098917,0.0,CO2,CO2 FFI,off-road,-0.38736295638098917,0.0,0.0,1.0
1835.0,ssp119_CO2 FFI_on-road_striving,-0.38736295638098917,ssp119,-0.38736295638098917,0.0,CO2,CO2 FFI,on-road,-0.38736295638098917,0.0,0.0,1.0
1835.0,ssp119_N2O_Marine_striving,-0.38736295638098917,ssp119,-0.38736295638098917,0.0,non-CO2,N2O,Marine,-0.38736295638098917,0.0,0.0,1.0
1835.0,ssp119_N2O_off-road_striving,-0.38736295638098917,ssp119,-0.38736295638098917,0.0,non-CO2,N2O,off-road,-0.38736295638098917,0.0,0.0,1.0
1835.0,ssp119_N2O_on-road_striving,-0.38736295638098917,ssp119,-0.38736295638098917,0.0,non-CO2,N2O,on-road,-0.38736295638098917,0.0,0.0,1.0
1835.0,ssp119_Sulfur_Marine_striving,-0.38736295638098917,ssp119,-0.38736295638098917,0.0,non-CO2,Sulfur,Marine,-0.38736295638098917,0.0,0.0,1.0
1835.0,ssp119_striving,-0.38736295638098917,ssp119,-0.38736295638098917,0.0,,,Other,,,,1.0
1835.0,ssp119_zero_tra,-0.38736295638098917,ssp119,-0.38736295638098917,0.0,,,Other,,,,1.0
1836.0,ssp119,-0.40381371951538597,ssp119,-0.40381371951538597,0.0,,,Other,,,,1.0
1836.0,ssp119_BC_Marine_striving,-0.40381371951538597,ssp119,-0.40381371951538597,0.0,non-CO2,BC,Marine,-0.40381371951538597,0.0,0.0,1.0
1836.0,ssp119_BC_off-road_striving,-0.40381371951538597,ssp119,-0.40381371951538597,0.0,non-CO2,BC,off-road,-0.40381371951538597,0.0,0.0,1.0
1836.0,ssp119_BC_on-road_striving,-0.40381371951538597,ssp119,-0.40381371951538597,0.0,non-CO2,BC,on-road,-0.40381371951538597,0.0,0.0,1.0
1836.0,ssp119_CH4_Marine_striving,-0.40381371951538597,ssp119,-0.40381371951538597,0.0,non-CO2,CH4,Marine,-0.40381371951538597,0.0,0.0,1.0
1836.0,ssp119_CH4_off-road_striving,-0.40381371951538597,ssp119,-0.40381371951538597,0.0,non-CO2,CH4,off-road,-0.40381371951538597,0.0,0.0,1.0
1836.0,ssp119_CH4_on-road_striving,-0.40381371951538597,ssp119,-0.40381371951538597,0.0,non-CO2,CH4,on-road,-0.40381371951538597,0.0,0.0,1.0
1836.0,ssp119_CO2 FFI_Marine_striving,-0.40381371951538597,ssp119,-0.40381371951538597,0.0,CO2,CO2 FFI,Marine,-0.40381371951538597,0.0,0.0,1.0
1836.0,ssp119_CO2 FFI_off-road_striving,-0.40381371951538597,ssp119,-0.40381371951538597,0.0,CO2,CO2 FFI,off-road,-0.40381371951538597,0.0,0.0,1.0
1836.0,ssp119_CO2 FFI_on-road_striving,-0.40381371951538597,ssp119,-0.40381371951538597,0.0,CO2,CO2 FFI,on-road,-0.40381371951538597,0.0,0.0,1.0
1836.0,ssp119_N2O_Marine_striving,-0.40381371951538597,ssp119,-0.40381371951538597,0.0,non-CO2,N2O,Marine,-0.40381371951538597,0.0,0.0,1.0
1836.0,ssp119_N2O_off-road_striving,-0.40381371951538597,ssp119,-0.40381371951538597,0.0,non-CO2,N2O,off-road,-0.40381371951538597,0.0,0.0,1.0
1836.0,ssp119_N2O_on-road_striving,-0.40381371951538597,ssp119,-0.40381371951538597,0.0,non-CO2,N2O,on-road,-0.40381371951538597,0.0,0.0,1.0
1836.0,ssp119_Sulfur_Marine_striving,-0.40381371951538597,ssp119,-0.40381371951538597,0.0,non-CO2,Sulfur,Marine,-0.40381371951538597,0.0,0.0,1.0
1836.0,ssp119_striving,-0.40381371951538597,ssp119,-0.40381371951538597,0.0,,,Other,,,,1.0
1836.0,ssp119_zero_tra,-0.40381371951538597,ssp119,-0.40381371951538597,0.0,,,Other,,,,1.0
1837.0,ssp119,-0.37451212542312357,ssp119,-0.37451212542312357,0.0,,,Other,,,,1.0
1837.0,ssp119_BC_Marine_striving,-0.37451212542312357,ssp119,-0.37451212542312357,0.0,non-CO2,BC,Marine,-0.37451212542312357,0.0,0.0,1.0
1837.0,ssp119_BC_off-road_striving,-0.37451212542312357,ssp119,-0.37451212542312357,0.0,non-CO2,BC,off-road,-0.37451212542312357,0.0,0.0,1.0
1837.0,ssp119_BC_on-road_striving,-0.37451212542312357,ssp119,-0.37451212542312357,0.0,non-CO2,BC,on-road,-0.37451212542312357,0.0,0.0,1.0
1837.0,ssp119_CH4_Marine_striving,-0.37451212542312357,ssp119,-0.37451212542312357,0.0,non-CO2,CH4,Marine,-0.37451212542312357,0.0,0.0,1.0
1837.0,ssp119_CH4_off-road_striving,-0.37451212542312357,ssp119,-0.37451212542312357,0.0,non-CO2,CH4,off-road,-0.37451212542312357,0.0,0.0,1.0
1837.0,ssp119_CH4_on-road_striving,-0.37451212542312357,ssp119,-0.37451212542312357,0.0,non-CO2,CH4,on-road,-0.37451212542312357,0.0,0.0,1.0
1837.0,ssp119_CO2 FFI_Marine_striving,-0.37451212542312357,ssp119,-0.37451212542312357,0.0,CO2,CO2 FFI,Marine,-0.37451212542312357,0.0,0.0,1.0
1837.0,ssp119_CO2 FFI_off-road_striving,-0.37451212542312357,ssp119,-0.37451212542312357,0.0,CO2,CO2 FFI,off-road,-0.37451212542312357,0.0,0.0,1.0
1837.0,ssp119_CO2 FFI_on-road_striving,-0.37451212542312357,ssp119,-0.37451212542312357,0.0,CO2,CO2 FFI,on-road,-0.37451212542312357,0.0,0.0,1.0
1837.0,ssp119_N2O_Marine_striving,-0.37451212542312357,ssp119,-0.37451212542312357,0.0,non-CO2,N2O,Marine,-0.37451212542312357,0.0,0.0,1.0
1837.0,ssp119_N2O_off-road_striving,-0.37451212542312357,ssp119,-0.37451212542312357,0.0,non-CO2,N2O,off-road,-0.37451212542312357,0.0,0.0,1.0
1837.0,ssp119_N2O_on-road_striving,-0.37451212542312357,ssp119,-0.37451212542312357,0.0,non-CO2,N2O,on-road,-0.37451212542312357,0.0,0.0,1.0
1837.0,ssp119_Sulfur_Marine_striving,-0.37451212542312357,ssp119,-0.37451212542312357,0.0,non-CO2,Sulfur,Marine,-0.37451212542312357,0.0,0.0,1.0
1837.0,ssp119_striving,-0.37451212542312357,ssp119,-0.37451212542312357,0.0,,,Other,,,,1.0
1837.0,ssp119_zero_tra,-0.37451212542312357,ssp119,-0.37451212542312357,0.0,,,Other,,,,1.0
1838.0,ssp119,-0.28632553235834324,ssp119,-0.28632553235834324,0.0,,,Other,,,,1.0
1838.0,ssp119_BC_Marine_striving,-0.28632553235834324,ssp119,-0.28632553235834324,0.0,non-CO2,BC,Marine,-0.28632553235834324,0.0,0.0,1.0
1838.0,ssp119_BC_off-road_striving,-0.28632553235834324,ssp119,-0.28632553235834324,0.0,non-CO2,BC,off-road,-0.28632553235834324,0.0,0.0,1.0
1838.0,ssp119_BC_on-road_striving,-0.28632553235834324,ssp119,-0.28632553235834324,0.0,non-CO2,BC,on-road,-0.28632553235834324,0.0,0.0,1.0
1838.0,ssp119_CH4_Marine_striving,-0.28632553235834324,ssp119,-0.28632553235834324,0.0,non-CO2,CH4,Marine,-0.28632553235834324,0.0,0.0,1.0
1838.0,ssp119_CH4_off-road_striving,-0.28632553235834324,ssp119,-0.28632553235834324,0.0,non-CO2,CH4,off-road,-0.28632553235834324,0.0,0.0,1.0
1838.0,ssp119_CH4_on-road_striving,-0.28632553235834324,ssp119,-0.28632553235834324,0.0,non-CO2,CH4,on-road,-0.28632553235834324,0.0,0.0,1.0
1838.0,ssp119_CO2 FFI_Marine_striving,-0.28632553235834324,ssp119,-0.28632553235834324,0.0,CO2,CO2 FFI,Marine,-0.28632553235834324,0.0,0.0,1.0
1838.0,ssp119_CO2 FFI_off-road_striving,-0.28632553235834324,ssp119,-0.28632553235834324,0.0,CO2,CO2 FFI,off-road,-0.28632553235834324,0.0,0.0,1.0
1838.0,ssp119_CO2 FFI_on-road_striving,-0.28632553235834324,ssp119,-0.28632553235834324,0.0,CO2,CO2 FFI,on-road,-0.28632553235834324,0.0,0.0,1.0
1838.0,ssp119_N2O_Marine_striving,-0.28632553235834324,ssp119,-0.28632553235834324,0.0,non-CO2,N2O,Marine,-0.28632553235834324,0.0,0.0,1.0
1838.0,ssp119_N2O_off-road_striving,-0.28632553235834324,ssp119,-0.28632553235834324,0.0,non-CO2,N2O,off-road,-0.28632553235834324,0.0,0.0,1.0
1838.0,ssp119_N2O_on-road_striving,-0.28632553235834324,ssp119,-0.28632553235834324,0.0,non-CO2,N2O,on-road,-0.28632553235834324,0.0,0.0,1.0
1838.0,ssp119_Sulfur_Marine_striving,-0.28632553235834324,ssp119,-0.28632553235834324,0.0,non-CO2,Sulfur,Marine,-0.28632553235834324,0.0,0.0,1.0
1838.0,ssp119_striving,-0.28632553235834324,ssp119,-0.28632553235834324,0.0,,,Other,,,,1.0
1838.0,ssp119_zero_tra,-0.28632553235834324,ssp119,-0.28632553235834324,0.0,,,Other,,,,1.0
1839.0,ssp119,-0.20563807311243312,ssp119,-0.20563807311243312,0.0,,,Other,,,,1.0
1839.0,ssp119_BC_Marine_striving,-0.20563807311243312,ssp119,-0.20563807311243312,0.0,non-CO2,BC,Marine,-0.20563807311243312,0.0,0.0,1.0
1839.0,ssp119_BC_off-road_striving,-0.20563807311243312,ssp119,-0.20563807311243312,0.0,non-CO2,BC,off-road,-0.20563807311243312,0.0,0.0,1.0
1839.0,ssp119_BC_on-road_striving,-0.20563807311243312,ssp119,-0.20563807311243312,0.0,non-CO2,BC,on-road,-0.20563807311243312,0.0,0.0,1.0
1839.0,ssp119_CH4_Marine_striving,-0.20563807311243312,ssp119,-0.20563807311243312,0.0,non-CO2,CH4,Marine,-0.20563807311243312,0.0,0.0,1.0
1839.0,ssp119_CH4_off-road_striving,-0.20563807311243312,ssp119,-0.20563807311243312,0.0,non-CO2,CH4,off-road,-0.20563807311243312,0.0,0.0,1.0
1839.0,ssp119_CH4_on-road_striving,-0.20563807311243312,ssp119,-0.20563807311243312,0.0,non-CO2,CH4,on-road,-0.20563807311243312,0.0,0.0,1.0
1839.0,ssp119_CO2 FFI_Marine_striving,-0.20563807311243312,ssp119,-0.20563807311243312,0.0,CO2,CO2 FFI,Marine,-0.20563807311243312,0.0,0.0,1.0
1839.0,ssp119_CO2 FFI_off-road_striving,-0.20563807311243312,ssp119,-0.20563807311243312,0.0,CO2,CO2 FFI,off-road,-0.20563807311243312,0.0,0.0,1.0
1839.0,ssp119_CO2 FFI_on-road_striving,-0.20563807311243312,ssp119,-0.20563807311243312,0.0,CO2,CO2 FFI,on-road,-0.20563807311243312,0.0,0.0,1.0
1839.0,ssp119_N2O_Marine_striving,-0.20563807311243312,ssp119,-0.20563807311243312,0.0,non-CO2,N2O,Marine,-0.20563807311243312,0.0,0.0,1.0
1839.0,ssp119_N2O_off-road_striving,-0.20563807311243312,ssp119,-0.20563807311243312,0.0,non-CO2,N2O,off-road,-0.20563807311243312,0.0,0.0,1.0
1839.0,ssp119_N2O_on-road_striving,-0.20563807311243312,ssp119,-0.20563807311243312,0.0,non-CO2,N2O,on-road,-0.20563807311243312,0.0,0.0,1.0
1839.0,ssp119_Sulfur_Marine_striving,-0.20563807311243312,ssp119,-0.20563807311243312,0.0,non-CO2,Sulfur,Marine,-0.20563807311243312,0.0,0.0,1.0
1839.0,ssp119_striving,-0.20563807311243312,ssp119,-0.20563807311243312,0.0,,,Other,,,,1.0
1839.0,ssp119_zero_tra,-0.20563807311243312,ssp119,-0.20563807311243312,0.0,,,Other,,,,1.0
1840.0,ssp119,-0.1419241769441756,ssp119,-0.1419241769441756,0.0,,,Other,,,,1.0
1840.0,ssp119_BC_Marine_striving,-0.1419241769441756,ssp119,-0.1419241769441756,0.0,non-CO2,BC,Marine,-0.1419241769441756,0.0,0.0,1.0
1840.0,ssp119_BC_off-road_striving,-0.1419241769441756,ssp119,-0.1419241769441756,0.0,non-CO2,BC,off-road,-0.1419241769441756,0.0,0.0,1.0
1840.0,ssp119_BC_on-road_striving,-0.1419241769441756,ssp119,-0.1419241769441756,0.0,non-CO2,BC,on-road,-0.1419241769441756,0.0,0.0,1.0
1840.0,ssp119_CH4_Marine_striving,-0.1419241769441756,ssp119,-0.1419241769441756,0.0,non-CO2,CH4,Marine,-0.1419241769441756,0.0,0.0,1.0
1840.0,ssp119_CH4_off-road_striving,-0.1419241769441756,ssp119,-0.1419241769441756,0.0,non-CO2,CH4,off-road,-0.1419241769441756,0.0,0.0,1.0
1840.0,ssp119_CH4_on-road_striving,-0.1419241769441756,ssp119,-0.1419241769441756,0.0,non-CO2,CH4,on-road,-0.1419241769441756,0.0,0.0,1.0
1840.0,ssp119_CO2 FFI_Marine_striving,-0.1419241769441756,ssp119,-0.1419241769441756,0.0,CO2,CO2 FFI,Marine,-0.1419241769441756,0.0,0.0,1.0
1840.0,ssp119_CO2 FFI_off-road_striving,-0.1419241769441756,ssp119,-0.1419241769441756,0.0,CO2,CO2 FFI,off-road,-0.1419241769441756,0.0,0.0,1.0
1840.0,ssp119_CO2 FFI_on-road_striving,-0.1419241769441756,ssp119,-0.1419241769441756,0.0,CO2,CO2 FFI,on-road,-0.1419241769441756,0.0,0.0,1.0
1840.0,ssp119_N2O_Marine_striving,-0.1419241769441756,ssp119,-0.1419241769441756,0.0,non-CO2,N2O,Marine,-0.1419241769441756,0.0,0.0,1.0
1840.0,ssp119_N2O_off-road_striving,-0.1419241769441756,ssp119,-0.1419241769441756,0.0,non-CO2,N2O,off-road,-0.1419241769441756,0.0,0.0,1.0
1840.0,ssp119_N2O_on-road_striving,-0.1419241769441756,ssp119,-0.1419241769441756,0.0,non-CO2,N2O,on-road,-0.1419241769441756,0.0,0.0,1.0
1840.0,ssp119_Sulfur_Marine_striving,-0.1419241769441756,ssp119,-0.1419241769441756,0.0,non-CO2,Sulfur,Marine,-0.1419241769441756,0.0,0.0,1.0
1840.0,ssp119_striving,-0.1419241769441756,ssp119,-0.1419241769441756,0.0,,,Other,,,,1.0
1840.0,ssp119_zero_tra,-0.1419241769441756,ssp119,-0.1419241769441756,0.0,,,Other,,,,1.0
1841.0,ssp119,-0.0990510689407047,ssp119,-0.0990510689407047,0.0,,,Other,,,,1.0
1841.0,ssp119_BC_Marine_striving,-0.0990510689407047,ssp119,-0.0990510689407047,0.0,non-CO2,BC,Marine,-0.0990510689407047,0.0,0.0,1.0
1841.0,ssp119_BC_off-road_striving,-0.0990510689407047,ssp119,-0.0990510689407047,0.0,non-CO2,BC,off-road,-0.0990510689407047,0.0,0.0,1.0
1841.0,ssp119_BC_on-road_striving,-0.0990510689407047,ssp119,-0.0990510689407047,0.0,non-CO2,BC,on-road,-0.0990510689407047,0.0,0.0,1.0
1841.0,ssp119_CH4_Marine_striving,-0.0990510689407047,ssp119,-0.0990510689407047,0.0,non-CO2,CH4,Marine,-0.0990510689407047,0.0,0.0,1.0
1841.0,ssp119_CH4_off-road_striving,-0.0990510689407047,ssp119,-0.0990510689407047,0.0,non-CO2,CH4,off-road,-0.0990510689407047,0.0,0.0,1.0
1841.0,ssp119_CH4_on-road_striving,-0.0990510689407047,ssp119,-0.0990510689407047,0.0,non-CO2,CH4,on-road,-0.0990510689407047,0.0,0.0,1.0
1841.0,ssp119_CO2 FFI_Marine_striving,-0.0990510689407047,ssp119,-0.0990510689407047,0.0,CO2,CO2 FFI,Marine,-0.0990510689407047,0.0,0.0,1.0
1841.0,ssp119_CO2 FFI_off-road_striving,-0.0990510689407047,ssp119,-0.0990510689407047,0.0,CO2,CO2 FFI,off-road,-0.0990510689407047,0.0,0.0,1.0
1841.0,ssp119_CO2 FFI_on-road_striving,-0.0990510689407047,ssp119,-0.0990510689407047,0.0,CO2,CO2 FFI,on-road,-0.0990510689407047,0.0,0.0,1.0
1841.0,ssp119_N2O_Marine_striving,-0.0990510689407047,ssp119,-0.0990510689407047,0.0,non-CO2,N2O,Marine,-0.0990510689407047,0.0,0.0,1.0
1841.0,ssp119_N2O_off-road_striving,-0.0990510689407047,ssp119,-0.0990510689407047,0.0,non-CO2,N2O,off-road,-0.0990510689407047,0.0,0.0,1.0
1841.0,ssp119_N2O_on-road_striving,-0.0990510689407047,ssp119,-0.0990510689407047,0.0,non-CO2,N2O,on-road,-0.0990510689407047,0.0,0.0,1.0
1841.0,ssp119_Sulfur_Marine_striving,-0.0990510689407047,ssp119,-0.0990510689407047,0.0,non-CO2,Sulfur,Marine,-0.0990510689407047,0.0,0.0,1.0
1841.0,ssp119_striving,-0.0990510689407047,ssp119,-0.0990510689407047,0.0,,,Other,,,,1.0
1841.0,ssp119_zero_tra,-0.0990510689407047,ssp119,-0.0990510689407047,0.0,,,Other,,,,1.0
1842.0,ssp119,-0.055658099628929356,ssp119,-0.055658099628929356,0.0,,,Other,,,,1.0
1842.0,ssp119_BC_Marine_striving,-0.055658099628929356,ssp119,-0.055658099628929356,0.0,non-CO2,BC,Marine,-0.055658099628929356,0.0,0.0,1.0
1842.0,ssp119_BC_off-road_striving,-0.055658099628929356,ssp119,-0.055658099628929356,0.0,non-CO2,BC,off-road,-0.055658099628929356,0.0,0.0,1.0
1842.0,ssp119_BC_on-road_striving,-0.055658099628929356,ssp119,-0.055658099628929356,0.0,non-CO2,BC,on-road,-0.055658099628929356,0.0,0.0,1.0
1842.0,ssp119_CH4_Marine_striving,-0.055658099628929356,ssp119,-0.055658099628929356,0.0,non-CO2,CH4,Marine,-0.055658099628929356,0.0,0.0,1.0
1842.0,ssp119_CH4_off-road_striving,-0.055658099628929356,ssp119,-0.055658099628929356,0.0,non-CO2,CH4,off-road,-0.055658099628929356,0.0,0.0,1.0
1842.0,ssp119_CH4_on-road_striving,-0.055658099628929356,ssp119,-0.055658099628929356,0.0,non-CO2,CH4,on-road,-0.055658099628929356,0.0,0.0,1.0
1842.0,ssp119_CO2 FFI_Marine_striving,-0.055658099628929356,ssp119,-0.055658099628929356,0.0,CO2,CO2 FFI,Marine,-0.055658099628929356,0.0,0.0,1.0
1842.0,ssp119_CO2 FFI_off-road_striving,-0.055658099628929356,ssp119,-0.055658099628929356,0.0,CO2,CO2 FFI,off-road,-0.055658099628929356,0.0,0.0,1.0
1842.0,ssp119_CO2 FFI_on-road_striving,-0.055658099628929356,ssp119,-0.055658099628929356,0.0,CO2,CO2 FFI,on-road,-0.055658099628929356,0.0,0.0,1.0
1842.0,ssp119_N2O_Marine_striving,-0.055658099628929356,ssp119,-0.055658099628929356,0.0,non-CO2,N2O,Marine,-0.055658099628929356,0.0,0.0,1.0
1842.0,ssp119_N2O_off-road_striving,-0.055658099628929356,ssp119,-0.055658099628929356,0.0,non-CO2,N2O,off-road,-0.055658099628929356,0.0,0.0,1.0
1842.0,ssp119_N2O_on-road_striving,-0.055658099628929356,ssp119,-0.055658099628929356,0.0,non-CO2,N2O,on-road,-0.055658099628929356,0.0,0.0,1.0
1842.0,ssp119_Sulfur_Marine_striving,-0.055658099628929356,ssp119,-0.055658099628929356,0.0,non-CO2,Sulfur,Marine,-0.055658099628929356,0.0,0.0,1.0
1842.0,ssp119_striving,-0.055658099628929356,ssp119,-0.055658099628929356,0.0,,,Other,,,,1.0
1842.0,ssp119_zero_tra,-0.055658099628929356,ssp119,-0.055658099628929356,0.0,,,Other,,,,1.0
1843.0,ssp119,-0.06310862603041369,ssp119,-0.06310862603041369,0.0,,,Other,,,,1.0
1843.0,ssp119_BC_Marine_striving,-0.06310862603041369,ssp119,-0.06310862603041369,0.0,non-CO2,BC,Marine,-0.06310862603041369,0.0,0.0,1.0
1843.0,ssp119_BC_off-road_striving,-0.06310862603041369,ssp119,-0.06310862603041369,0.0,non-CO2,BC,off-road,-0.06310862603041369,0.0,0.0,1.0
1843.0,ssp119_BC_on-road_striving,-0.06310862603041369,ssp119,-0.06310862603041369,0.0,non-CO2,BC,on-road,-0.06310862603041369,0.0,0.0,1.0
1843.0,ssp119_CH4_Marine_striving,-0.06310862603041369,ssp119,-0.06310862603041369,0.0,non-CO2,CH4,Marine,-0.06310862603041369,0.0,0.0,1.0
1843.0,ssp119_CH4_off-road_striving,-0.06310862603041369,ssp119,-0.06310862603041369,0.0,non-CO2,CH4,off-road,-0.06310862603041369,0.0,0.0,1.0
1843.0,ssp119_CH4_on-road_striving,-0.06310862603041369,ssp119,-0.06310862603041369,0.0,non-CO2,CH4,on-road,-0.06310862603041369,0.0,0.0,1.0
1843.0,ssp119_CO2 FFI_Marine_striving,-0.06310862603041369,ssp119,-0.06310862603041369,0.0,CO2,CO2 FFI,Marine,-0.06310862603041369,0.0,0.0,1.0
1843.0,ssp119_CO2 FFI_off-road_striving,-0.06310862603041369,ssp119,-0.06310862603041369,0.0,CO2,CO2 FFI,off-road,-0.06310862603041369,0.0,0.0,1.0
1843.0,ssp119_CO2 FFI_on-road_striving,-0.06310862603041369,ssp119,-0.06310862603041369,0.0,CO2,CO2 FFI,on-road,-0.06310862603041369,0.0,0.0,1.0
1843.0,ssp119_N2O_Marine_striving,-0.06310862603041369,ssp119,-0.06310862603041369,0.0,non-CO2,N2O,Marine,-0.06310862603041369,0.0,0.0,1.0
1843.0,ssp119_N2O_off-road_striving,-0.06310862603041369,ssp119,-0.06310862603041369,0.0,non-CO2,N2O,off-road,-0.06310862603041369,0.0,0.0,1.0
1843.0,ssp119_N2O_on-road_striving,-0.06310862603041369,ssp119,-0.06310862603041369,0.0,non-CO2,N2O,on-road,-0.06310862603041369,0.0,0.0,1.0
1843.0,ssp119_Sulfur_Marine_striving,-0.06310862603041369,ssp119,-0.06310862603041369,0.0,non-CO2,Sulfur,Marine,-0.06310862603041369,0.0,0.0,1.0
1843.0,ssp119_striving,-0.06310862603041369,ssp119,-0.06310862603041369,0.0,,,Other,,,,1.0
1843.0,ssp119_zero_tra,-0.06310862603041369,ssp119,-0.06310862603041369,0.0,,,Other,,,,1.0
1844.0,ssp119,-0.06252065591390887,ssp119,-0.06252065591390887,0.0,,,Other,,,,1.0
1844.0,ssp119_BC_Marine_striving,-0.06252065591390887,ssp119,-0.06252065591390887,0.0,non-CO2,BC,Marine,-0.06252065591390887,0.0,0.0,1.0
1844.0,ssp119_BC_off-road_striving,-0.06252065591390887,ssp119,-0.06252065591390887,0.0,non-CO2,BC,off-road,-0.06252065591390887,0.0,0.0,1.0
1844.0,ssp119_BC_on-road_striving,-0.06252065591390887,ssp119,-0.06252065591390887,0.0,non-CO2,BC,on-road,-0.06252065591390887,0.0,0.0,1.0
1844.0,ssp119_CH4_Marine_striving,-0.06252065591390887,ssp119,-0.06252065591390887,0.0,non-CO2,CH4,Marine,-0.06252065591390887,0.0,0.0,1.0
1844.0,ssp119_CH4_off-road_striving,-0.06252065591390887,ssp119,-0.06252065591390887,0.0,non-CO2,CH4,off-road,-0.06252065591390887,0.0,0.0,1.0
1844.0,ssp119_CH4_on-road_striving,-0.06252065591390887,ssp119,-0.06252065591390887,0.0,non-CO2,CH4,on-road,-0.06252065591390887,0.0,0.0,1.0
1844.0,ssp119_CO2 FFI_Marine_striving,-0.06252065591390887,ssp119,-0.06252065591390887,0.0,CO2,CO2 FFI,Marine,-0.06252065591390887,0.0,0.0,1.0
1844.0,ssp119_CO2 FFI_off-road_striving,-0.06252065591390887,ssp119,-0.06252065591390887,0.0,CO2,CO2 FFI,off-road,-0.06252065591390887,0.0,0.0,1.0
1844.0,ssp119_CO2 FFI_on-road_striving,-0.06252065591390887,ssp119,-0.06252065591390887,0.0,CO2,CO2 FFI,on-road,-0.06252065591390887,0.0,0.0,1.0
1844.0,ssp119_N2O_Marine_striving,-0.06252065591390887,ssp119,-0.06252065591390887,0.0,non-CO2,N2O,Marine,-0.06252065591390887,0.0,0.0,1.0
1844.0,ssp119_N2O_off-road_striving,-0.06252065591390887,ssp119,-0.06252065591390887,0.0,non-CO2,N2O,off-road,-0.06252065591390887,0.0,0.0,1.0
1844.0,ssp119_N2O_on-road_striving,-0.06252065591390887,ssp119,-0.06252065591390887,0.0,non-CO2,N2O,on-road,-0.06252065591390887,0.0,0.0,1.0
1844.0,ssp119_Sulfur_Marine_striving,-0.06252065591390887,ssp119,-0.06252065591390887,0.0,non-CO2,Sulfur,Marine,-0.06252065591390887,0.0,0.0,1.0
1844.0,ssp119_striving,-0.06252065591390887,ssp119,-0.06252065591390887,0.0,,,Other,,,,1.0
1844.0,ssp119_zero_tra,-0.06252065591390887,ssp119,-0.06252065591390887,0.0,,,Other,,,,1.0
1845.0,ssp119,-0.0818361908472337,ssp119,-0.0818361908472337,0.0,,,Other,,,,1.0
1845.0,ssp119_BC_Marine_striving,-0.0818361908472337,ssp119,-0.0818361908472337,0.0,non-CO2,BC,Marine,-0.0818361908472337,0.0,0.0,1.0
1845.0,ssp119_BC_off-road_striving,-0.0818361908472337,ssp119,-0.0818361908472337,0.0,non-CO2,BC,off-road,-0.0818361908472337,0.0,0.0,1.0
1845.0,ssp119_BC_on-road_striving,-0.0818361908472337,ssp119,-0.0818361908472337,0.0,non-CO2,BC,on-road,-0.0818361908472337,0.0,0.0,1.0
1845.0,ssp119_CH4_Marine_striving,-0.0818361908472337,ssp119,-0.0818361908472337,0.0,non-CO2,CH4,Marine,-0.0818361908472337,0.0,0.0,1.0
1845.0,ssp119_CH4_off-road_striving,-0.0818361908472337,ssp119,-0.0818361908472337,0.0,non-CO2,CH4,off-road,-0.0818361908472337,0.0,0.0,1.0
1845.0,ssp119_CH4_on-road_striving,-0.0818361908472337,ssp119,-0.0818361908472337,0.0,non-CO2,CH4,on-road,-0.0818361908472337,0.0,0.0,1.0
1845.0,ssp119_CO2 FFI_Marine_striving,-0.0818361908472337,ssp119,-0.0818361908472337,0.0,CO2,CO2 FFI,Marine,-0.0818361908472337,0.0,0.0,1.0
1845.0,ssp119_CO2 FFI_off-road_striving,-0.0818361908472337,ssp119,-0.0818361908472337,0.0,CO2,CO2 FFI,off-road,-0.0818361908472337,0.0,0.0,1.0
1845.0,ssp119_CO2 FFI_on-road_striving,-0.0818361908472337,ssp119,-0.0818361908472337,0.0,CO2,CO2 FFI,on-road,-0.0818361908472337,0.0,0.0,1.0
1845.0,ssp119_N2O_Marine_striving,-0.0818361908472337,ssp119,-0.0818361908472337,0.0,non-CO2,N2O,Marine,-0.0818361908472337,0.0,0.0,1.0
1845.0,ssp119_N2O_off-road_striving,-0.0818361908472337,ssp119,-0.0818361908472337,0.0,non-CO2,N2O,off-road,-0.0818361908472337,0.0,0.0,1.0
1845.0,ssp119_N2O_on-road_striving,-0.0818361908472337,ssp119,-0.0818361908472337,0.0,non-CO2,N2O,on-road,-0.0818361908472337,0.0,0.0,1.0
1845.0,ssp119_Sulfur_Marine_striving,-0.0818361908472337,ssp119,-0.0818361908472337,0.0,non-CO2,Sulfur,Marine,-0.0818361908472337,0.0,0.0,1.0
1845.0,ssp119_striving,-0.0818361908472337,ssp119,-0.0818361908472337,0.0,,,Other,,,,1.0
1845.0,ssp119_zero_tra,-0.0818361908472337,ssp119,-0.0818361908472337,0.0,,,Other,,,,1.0
1846.0,ssp119,-0.04217019097897709,ssp119,-0.04217019097897709,0.0,,,Other,,,,1.0
1846.0,ssp119_BC_Marine_striving,-0.04217019097897709,ssp119,-0.04217019097897709,0.0,non-CO2,BC,Marine,-0.04217019097897709,0.0,0.0,1.0
1846.0,ssp119_BC_off-road_striving,-0.04217019097897709,ssp119,-0.04217019097897709,0.0,non-CO2,BC,off-road,-0.04217019097897709,0.0,0.0,1.0
1846.0,ssp119_BC_on-road_striving,-0.04217019097897709,ssp119,-0.04217019097897709,0.0,non-CO2,BC,on-road,-0.04217019097897709,0.0,0.0,1.0
1846.0,ssp119_CH4_Marine_striving,-0.04217019097897709,ssp119,-0.04217019097897709,0.0,non-CO2,CH4,Marine,-0.04217019097897709,0.0,0.0,1.0
1846.0,ssp119_CH4_off-road_striving,-0.04217019097897709,ssp119,-0.04217019097897709,0.0,non-CO2,CH4,off-road,-0.04217019097897709,0.0,0.0,1.0
1846.0,ssp119_CH4_on-road_striving,-0.04217019097897709,ssp119,-0.04217019097897709,0.0,non-CO2,CH4,on-road,-0.04217019097897709,0.0,0.0,1.0
1846.0,ssp119_CO2 FFI_Marine_striving,-0.04217019097897709,ssp119,-0.04217019097897709,0.0,CO2,CO2 FFI,Marine,-0.04217019097897709,0.0,0.0,1.0
1846.0,ssp119_CO2 FFI_off-road_striving,-0.04217019097897709,ssp119,-0.04217019097897709,0.0,CO2,CO2 FFI,off-road,-0.04217019097897709,0.0,0.0,1.0
1846.0,ssp119_CO2 FFI_on-road_striving,-0.04217019097897709,ssp119,-0.04217019097897709,0.0,CO2,CO2 FFI,on-road,-0.04217019097897709,0.0,0.0,1.0
1846.0,ssp119_N2O_Marine_striving,-0.04217019097897709,ssp119,-0.04217019097897709,0.0,non-CO2,N2O,Marine,-0.04217019097897709,0.0,0.0,1.0
1846.0,ssp119_N2O_off-road_striving,-0.04217019097897709,ssp119,-0.04217019097897709,0.0,non-CO2,N2O,off-road,-0.04217019097897709,0.0,0.0,1.0
1846.0,ssp119_N2O_on-road_striving,-0.04217019097897709,ssp119,-0.04217019097897709,0.0,non-CO2,N2O,on-road,-0.04217019097897709,0.0,0.0,1.0
1846.0,ssp119_Sulfur_Marine_striving,-0.04217019097897709,ssp119,-0.04217019097897709,0.0,non-CO2,Sulfur,Marine,-0.04217019097897709,0.0,0.0,1.0
1846.0,ssp119_striving,-0.04217019097897709,ssp119,-0.04217019097897709,0.0,,,Other,,,,1.0
1846.0,ssp119_zero_tra,-0.04217019097897709,ssp119,-0.04217019097897709,0.0,,,Other,,,,1.0
1847.0,ssp119,-0.016966749183765648,ssp119,-0.016966749183765648,0.0,,,Other,,,,1.0
1847.0,ssp119_BC_Marine_striving,-0.016966749183765648,ssp119,-0.016966749183765648,0.0,non-CO2,BC,Marine,-0.016966749183765648,0.0,0.0,1.0
1847.0,ssp119_BC_off-road_striving,-0.016966749183765648,ssp119,-0.016966749183765648,0.0,non-CO2,BC,off-road,-0.016966749183765648,0.0,0.0,1.0
1847.0,ssp119_BC_on-road_striving,-0.016966749183765648,ssp119,-0.016966749183765648,0.0,non-CO2,BC,on-road,-0.016966749183765648,0.0,0.0,1.0
1847.0,ssp119_CH4_Marine_striving,-0.016966749183765648,ssp119,-0.016966749183765648,0.0,non-CO2,CH4,Marine,-0.016966749183765648,0.0,0.0,1.0
1847.0,ssp119_CH4_off-road_striving,-0.016966749183765648,ssp119,-0.016966749183765648,0.0,non-CO2,CH4,off-road,-0.016966749183765648,0.0,0.0,1.0
1847.0,ssp119_CH4_on-road_striving,-0.016966749183765648,ssp119,-0.016966749183765648,0.0,non-CO2,CH4,on-road,-0.016966749183765648,0.0,0.0,1.0
1847.0,ssp119_CO2 FFI_Marine_striving,-0.016966749183765648,ssp119,-0.016966749183765648,0.0,CO2,CO2 FFI,Marine,-0.016966749183765648,0.0,0.0,1.0
1847.0,ssp119_CO2 FFI_off-road_striving,-0.016966749183765648,ssp119,-0.016966749183765648,0.0,CO2,CO2 FFI,off-road,-0.016966749183765648,0.0,0.0,1.0
1847.0,ssp119_CO2 FFI_on-road_striving,-0.016966749183765648,ssp119,-0.016966749183765648,0.0,CO2,CO2 FFI,on-road,-0.016966749183765648,0.0,0.0,1.0
1847.0,ssp119_N2O_Marine_striving,-0.016966749183765648,ssp119,-0.016966749183765648,0.0,non-CO2,N2O,Marine,-0.016966749183765648,0.0,0.0,1.0
1847.0,ssp119_N2O_off-road_striving,-0.016966749183765648,ssp119,-0.016966749183765648,0.0,non-CO2,N2O,off-road,-0.016966749183765648,0.0,0.0,1.0
1847.0,ssp119_N2O_on-road_striving,-0.016966749183765648,ssp119,-0.016966749183765648,0.0,non-CO2,N2O,on-road,-0.016966749183765648,0.0,0.0,1.0
1847.0,ssp119_Sulfur_Marine_striving,-0.016966749183765648,ssp119,-0.016966749183765648,0.0,non-CO2,Sulfur,Marine,-0.016966749183765648,0.0,0.0,1.0
1847.0,ssp119_striving,-0.016966749183765648,ssp119,-0.016966749183765648,0.0,,,Other,,,,1.0
1847.0,ssp119_zero_tra,-0.016966749183765648,ssp119,-0.016966749183765648,0.0,,,Other,,,,1.0
1848.0,ssp119,-0.01229328191439591,ssp119,-0.01229328191439591,0.0,,,Other,,,,1.0
1848.0,ssp119_BC_Marine_striving,-0.01229328191439591,ssp119,-0.01229328191439591,0.0,non-CO2,BC,Marine,-0.01229328191439591,0.0,0.0,1.0
1848.0,ssp119_BC_off-road_striving,-0.01229328191439591,ssp119,-0.01229328191439591,0.0,non-CO2,BC,off-road,-0.01229328191439591,0.0,0.0,1.0
1848.0,ssp119_BC_on-road_striving,-0.01229328191439591,ssp119,-0.01229328191439591,0.0,non-CO2,BC,on-road,-0.01229328191439591,0.0,0.0,1.0
1848.0,ssp119_CH4_Marine_striving,-0.01229328191439591,ssp119,-0.01229328191439591,0.0,non-CO2,CH4,Marine,-0.01229328191439591,0.0,0.0,1.0
1848.0,ssp119_CH4_off-road_striving,-0.01229328191439591,ssp119,-0.01229328191439591,0.0,non-CO2,CH4,off-road,-0.01229328191439591,0.0,0.0,1.0
1848.0,ssp119_CH4_on-road_striving,-0.01229328191439591,ssp119,-0.01229328191439591,0.0,non-CO2,CH4,on-road,-0.01229328191439591,0.0,0.0,1.0
1848.0,ssp119_CO2 FFI_Marine_striving,-0.01229328191439591,ssp119,-0.01229328191439591,0.0,CO2,CO2 FFI,Marine,-0.01229328191439591,0.0,0.0,1.0
1848.0,ssp119_CO2 FFI_off-road_striving,-0.01229328191439591,ssp119,-0.01229328191439591,0.0,CO2,CO2 FFI,off-road,-0.01229328191439591,0.0,0.0,1.0
1848.0,ssp119_CO2 FFI_on-road_striving,-0.01229328191439591,ssp119,-0.01229328191439591,0.0,CO2,CO2 FFI,on-road,-0.01229328191439591,0.0,0.0,1.0
1848.0,ssp119_N2O_Marine_striving,-0.01229328191439591,ssp119,-0.01229328191439591,0.0,non-CO2,N2O,Marine,-0.01229328191439591,0.0,0.0,1.0
1848.0,ssp119_N2O_off-road_striving,-0.01229328191439591,ssp119,-0.01229328191439591,0.0,non-CO2,N2O,off-road,-0.01229328191439591,0.0,0.0,1.0
1848.0,ssp119_N2O_on-road_striving,-0.01229328191439591,ssp119,-0.01229328191439591,0.0,non-CO2,N2O,on-road,-0.01229328191439591,0.0,0.0,1.0
1848.0,ssp119_Sulfur_Marine_striving,-0.01229328191439591,ssp119,-0.01229328191439591,0.0,non-CO2,Sulfur,Marine,-0.01229328191439591,0.0,0.0,1.0
1848.0,ssp119_striving,-0.01229328191439591,ssp119,-0.01229328191439591,0.0,,,Other,,,,1.0
1848.0,ssp119_zero_tra,-0.01229328191439591,ssp119,-0.01229328191439591,0.0,,,Other,,,,1.0
1849.0,ssp119,0.01734401996561761,ssp119,0.01734401996561761,0.0,,,Other,,,,1.0
1849.0,ssp119_BC_Marine_striving,0.01734401996561761,ssp119,0.01734401996561761,0.0,non-CO2,BC,Marine,0.01734401996561761,0.0,0.0,1.0
1849.0,ssp119_BC_off-road_striving,0.01734401996561761,ssp119,0.01734401996561761,0.0,non-CO2,BC,off-road,0.01734401996561761,0.0,0.0,1.0
1849.0,ssp119_BC_on-road_striving,0.01734401996561761,ssp119,0.01734401996561761,0.0,non-CO2,BC,on-road,0.01734401996561761,0.0,0.0,1.0
1849.0,ssp119_CH4_Marine_striving,0.01734401996561761,ssp119,0.01734401996561761,0.0,non-CO2,CH4,Marine,0.01734401996561761,0.0,0.0,1.0
1849.0,ssp119_CH4_off-road_striving,0.01734401996561761,ssp119,0.01734401996561761,0.0,non-CO2,CH4,off-road,0.01734401996561761,0.0,0.0,1.0
1849.0,ssp119_CH4_on-road_striving,0.01734401996561761,ssp119,0.01734401996561761,0.0,non-CO2,CH4,on-road,0.01734401996561761,0.0,0.0,1.0
1849.0,ssp119_CO2 FFI_Marine_striving,0.01734401996561761,ssp119,0.01734401996561761,0.0,CO2,CO2 FFI,Marine,0.01734401996561761,0.0,0.0,1.0
1849.0,ssp119_CO2 FFI_off-road_striving,0.01734401996561761,ssp119,0.01734401996561761,0.0,CO2,CO2 FFI,off-road,0.01734401996561761,0.0,0.0,1.0
1849.0,ssp119_CO2 FFI_on-road_striving,0.01734401996561761,ssp119,0.01734401996561761,0.0,CO2,CO2 FFI,on-road,0.01734401996561761,0.0,0.0,1.0
1849.0,ssp119_N2O_Marine_striving,0.01734401996561761,ssp119,0.01734401996561761,0.0,non-CO2,N2O,Marine,0.01734401996561761,0.0,0.0,1.0
1849.0,ssp119_N2O_off-road_striving,0.01734401996561761,ssp119,0.01734401996561761,0.0,non-CO2,N2O,off-road,0.01734401996561761,0.0,0.0,1.0
1849.0,ssp119_N2O_on-road_striving,0.01734401996561761,ssp119,0.01734401996561761,0.0,non-CO2,N2O,on-road,0.01734401996561761,0.0,0.0,1.0
1849.0,ssp119_Sulfur_Marine_striving,0.01734401996561761,ssp119,0.01734401996561761,0.0,non-CO2,Sulfur,Marine,0.01734401996561761,0.0,0.0,1.0
1849.0,ssp119_striving,0.01734401996561761,ssp119,0.01734401996561761,0.0,,,Other,,,,1.0
1849.0,ssp119_zero_tra,0.01734401996561761,ssp119,0.01734401996561761,0.0,,,Other,,,,1.0
1850.0,ssp119,0.03241941640427121,ssp119,0.03241941640427121,0.0,,,Other,,,,1.0
1850.0,ssp119_BC_Marine_striving,0.03241941640427121,ssp119,0.03241941640427121,0.0,non-CO2,BC,Marine,0.03241941640427121,0.0,0.0,1.0
1850.0,ssp119_BC_off-road_striving,0.03241941640427121,ssp119,0.03241941640427121,0.0,non-CO2,BC,off-road,0.03241941640427121,0.0,0.0,1.0
1850.0,ssp119_BC_on-road_striving,0.03241941640427121,ssp119,0.03241941640427121,0.0,non-CO2,BC,on-road,0.03241941640427121,0.0,0.0,1.0
1850.0,ssp119_CH4_Marine_striving,0.03241941640427121,ssp119,0.03241941640427121,0.0,non-CO2,CH4,Marine,0.03241941640427121,0.0,0.0,1.0
1850.0,ssp119_CH4_off-road_striving,0.03241941640427121,ssp119,0.03241941640427121,0.0,non-CO2,CH4,off-road,0.03241941640427121,0.0,0.0,1.0
1850.0,ssp119_CH4_on-road_striving,0.03241941640427121,ssp119,0.03241941640427121,0.0,non-CO2,CH4,on-road,0.03241941640427121,0.0,0.0,1.0
1850.0,ssp119_CO2 FFI_Marine_striving,0.03241941640427121,ssp119,0.03241941640427121,0.0,CO2,CO2 FFI,Marine,0.03241941640427121,0.0,0.0,1.0
1850.0,ssp119_CO2 FFI_off-road_striving,0.03241941640427121,ssp119,0.03241941640427121,0.0,CO2,CO2 FFI,off-road,0.03241941640427121,0.0,0.0,1.0
1850.0,ssp119_CO2 FFI_on-road_striving,0.03241941640427121,ssp119,0.03241941640427121,0.0,CO2,CO2 FFI,on-road,0.03241941640427121,0.0,0.0,1.0
1850.0,ssp119_N2O_Marine_striving,0.03241941640427121,ssp119,0.03241941640427121,0.0,non-CO2,N2O,Marine,0.03241941640427121,0.0,0.0,1.0
1850.0,ssp119_N2O_off-road_striving,0.03241941640427121,ssp119,0.03241941640427121,0.0,non-CO2,N2O,off-road,0.03241941640427121,0.0,0.0,1.0
1850.0,ssp119_N2O_on-road_striving,0.03241941640427121,ssp119,0.03241941640427121,0.0,non-CO2,N2O,on-road,0.03241941640427121,0.0,0.0,1.0
1850.0,ssp119_Sulfur_Marine_striving,0.03241941640427121,ssp119,0.03241941640427121,0.0,non-CO2,Sulfur,Marine,0.03241941640427121,0.0,0.0,1.0
1850.0,ssp119_striving,0.03241941640427121,ssp119,0.03241941640427121,0.0,,,Other,,,,1.0
1850.0,ssp119_zero_tra,0.03241941640427121,ssp119,0.03241941640427121,0.0,,,Other,,,,1.0
1851.0,ssp119,0.04308248597223543,ssp119,0.04308248597223543,0.0,,,Other,,,,1.0
1851.0,ssp119_BC_Marine_striving,0.04308248597223543,ssp119,0.04308248597223543,0.0,non-CO2,BC,Marine,0.04308248597223543,0.0,0.0,1.0
1851.0,ssp119_BC_off-road_striving,0.04308248597223543,ssp119,0.04308248597223543,0.0,non-CO2,BC,off-road,0.04308248597223543,0.0,0.0,1.0
1851.0,ssp119_BC_on-road_striving,0.04308248597223543,ssp119,0.04308248597223543,0.0,non-CO2,BC,on-road,0.04308248597223543,0.0,0.0,1.0
1851.0,ssp119_CH4_Marine_striving,0.04308248597223543,ssp119,0.04308248597223543,0.0,non-CO2,CH4,Marine,0.04308248597223543,0.0,0.0,1.0
1851.0,ssp119_CH4_off-road_striving,0.04308248597223543,ssp119,0.04308248597223543,0.0,non-CO2,CH4,off-road,0.04308248597223543,0.0,0.0,1.0
1851.0,ssp119_CH4_on-road_striving,0.04308248597223543,ssp119,0.04308248597223543,0.0,non-CO2,CH4,on-road,0.04308248597223543,0.0,0.0,1.0
1851.0,ssp119_CO2 FFI_Marine_striving,0.04308248597223543,ssp119,0.04308248597223543,0.0,CO2,CO2 FFI,Marine,0.04308248597223543,0.0,0.0,1.0
1851.0,ssp119_CO2 FFI_off-road_striving,0.04308248597223543,ssp119,0.04308248597223543,0.0,CO2,CO2 FFI,off-road,0.04308248597223543,0.0,0.0,1.0
1851.0,ssp119_CO2 FFI_on-road_striving,0.04308248597223543,ssp119,0.04308248597223543,0.0,CO2,CO2 FFI,on-road,0.04308248597223543,0.0,0.0,1.0
1851.0,ssp119_N2O_Marine_striving,0.04308248597223543,ssp119,0.04308248597223543,0.0,non-CO2,N2O,Marine,0.04308248597223543,0.0,0.0,1.0
1851.0,ssp119_N2O_off-road_striving,0.04308248597223543,ssp119,0.04308248597223543,0.0,non-CO2,N2O,off-road,0.04308248597223543,0.0,0.0,1.0
1851.0,ssp119_N2O_on-road_striving,0.04308248597223543,ssp119,0.04308248597223543,0.0,non-CO2,N2O,on-road,0.04308248597223543,0.0,0.0,1.0
1851.0,ssp119_Sulfur_Marine_striving,0.04308248597223543,ssp119,0.04308248597223543,0.0,non-CO2,Sulfur,Marine,0.04308248597223543,0.0,0.0,1.0
1851.0,ssp119_striving,0.04308248597223543,ssp119,0.04308248597223543,0.0,,,Other,,,,1.0
1851.0,ssp119_zero_tra,0.04308248597223543,ssp119,0.04308248597223543,0.0,,,Other,,,,1.0
1852.0,ssp119,0.06551066975928224,ssp119,0.06551066975928224,0.0,,,Other,,,,1.0
1852.0,ssp119_BC_Marine_striving,0.06551066975928224,ssp119,0.06551066975928224,0.0,non-CO2,BC,Marine,0.06551066975928224,0.0,0.0,1.0
1852.0,ssp119_BC_off-road_striving,0.06551066975928224,ssp119,0.06551066975928224,0.0,non-CO2,BC,off-road,0.06551066975928224,0.0,0.0,1.0
1852.0,ssp119_BC_on-road_striving,0.06551066975928224,ssp119,0.06551066975928224,0.0,non-CO2,BC,on-road,0.06551066975928224,0.0,0.0,1.0
1852.0,ssp119_CH4_Marine_striving,0.06551066975928224,ssp119,0.06551066975928224,0.0,non-CO2,CH4,Marine,0.06551066975928224,0.0,0.0,1.0
1852.0,ssp119_CH4_off-road_striving,0.06551066975928224,ssp119,0.06551066975928224,0.0,non-CO2,CH4,off-road,0.06551066975928224,0.0,0.0,1.0
1852.0,ssp119_CH4_on-road_striving,0.06551066975928224,ssp119,0.06551066975928224,0.0,non-CO2,CH4,on-road,0.06551066975928224,0.0,0.0,1.0
1852.0,ssp119_CO2 FFI_Marine_striving,0.06551066975928224,ssp119,0.06551066975928224,0.0,CO2,CO2 FFI,Marine,0.06551066975928224,0.0,0.0,1.0
1852.0,ssp119_CO2 FFI_off-road_striving,0.06551066975928224,ssp119,0.06551066975928224,0.0,CO2,CO2 FFI,off-road,0.06551066975928224,0.0,0.0,1.0
1852.0,ssp119_CO2 FFI_on-road_striving,0.06551066975928224,ssp119,0.06551066975928224,0.0,CO2,CO2 FFI,on-road,0.06551066975928224,0.0,0.0,1.0
1852.0,ssp119_N2O_Marine_striving,0.06551066975928224,ssp119,0.06551066975928224,0.0,non-CO2,N2O,Marine,0.06551066975928224,0.0,0.0,1.0
1852.0,ssp119_N2O_off-road_striving,0.06551066975928224,ssp119,0.06551066975928224,0.0,non-CO2,N2O,off-road,0.06551066975928224,0.0,0.0,1.0
1852.0,ssp119_N2O_on-road_striving,0.06551066975928224,ssp119,0.06551066975928224,0.0,non-CO2,N2O,on-road,0.06551066975928224,0.0,0.0,1.0
1852.0,ssp119_Sulfur_Marine_striving,0.06551066975928224,ssp119,0.06551066975928224,0.0,non-CO2,Sulfur,Marine,0.06551066975928224,0.0,0.0,1.0
1852.0,ssp119_striving,0.06551066975928224,ssp119,0.06551066975928224,0.0,,,Other,,,,1.0
1852.0,ssp119_zero_tra,0.06551066975928224,ssp119,0.06551066975928224,0.0,,,Other,,,,1.0
1853.0,ssp119,0.0475875290544287,ssp119,0.0475875290544287,0.0,,,Other,,,,1.0
1853.0,ssp119_BC_Marine_striving,0.0475875290544287,ssp119,0.0475875290544287,0.0,non-CO2,BC,Marine,0.0475875290544287,0.0,0.0,1.0
1853.0,ssp119_BC_off-road_striving,0.0475875290544287,ssp119,0.0475875290544287,0.0,non-CO2,BC,off-road,0.0475875290544287,0.0,0.0,1.0
1853.0,ssp119_BC_on-road_striving,0.0475875290544287,ssp119,0.0475875290544287,0.0,non-CO2,BC,on-road,0.0475875290544287,0.0,0.0,1.0
1853.0,ssp119_CH4_Marine_striving,0.0475875290544287,ssp119,0.0475875290544287,0.0,non-CO2,CH4,Marine,0.0475875290544287,0.0,0.0,1.0
1853.0,ssp119_CH4_off-road_striving,0.0475875290544287,ssp119,0.0475875290544287,0.0,non-CO2,CH4,off-road,0.0475875290544287,0.0,0.0,1.0
1853.0,ssp119_CH4_on-road_striving,0.0475875290544287,ssp119,0.0475875290544287,0.0,non-CO2,CH4,on-road,0.0475875290544287,0.0,0.0,1.0
1853.0,ssp119_CO2 FFI_Marine_striving,0.0475875290544287,ssp119,0.0475875290544287,0.0,CO2,CO2 FFI,Marine,0.0475875290544287,0.0,0.0,1.0
1853.0,ssp119_CO2 FFI_off-road_striving,0.0475875290544287,ssp119,0.0475875290544287,0.0,CO2,CO2 FFI,off-road,0.0475875290544287,0.0,0.0,1.0
1853.0,ssp119_CO2 FFI_on-road_striving,0.0475875290544287,ssp119,0.0475875290544287,0.0,CO2,CO2 FFI,on-road,0.0475875290544287,0.0,0.0,1.0
1853.0,ssp119_N2O_Marine_striving,0.0475875290544287,ssp119,0.0475875290544287,0.0,non-CO2,N2O,Marine,0.0475875290544287,0.0,0.0,1.0
1853.0,ssp119_N2O_off-road_striving,0.0475875290544287,ssp119,0.0475875290544287,0.0,non-CO2,N2O,off-road,0.0475875290544287,0.0,0.0,1.0
1853.0,ssp119_N2O_on-road_striving,0.0475875290544287,ssp119,0.0475875290544287,0.0,non-CO2,N2O,on-road,0.0475875290544287,0.0,0.0,1.0
1853.0,ssp119_Sulfur_Marine_striving,0.0475875290544287,ssp119,0.0475875290544287,0.0,non-CO2,Sulfur,Marine,0.0475875290544287,0.0,0.0,1.0
1853.0,ssp119_striving,0.0475875290544287,ssp119,0.0475875290544287,0.0,,,Other,,,,1.0
1853.0,ssp119_zero_tra,0.0475875290544287,ssp119,0.0475875290544287,0.0,,,Other,,,,1.0
1854.0,ssp119,0.08495319628683873,ssp119,0.08495319628683873,0.0,,,Other,,,,1.0
1854.0,ssp119_BC_Marine_striving,0.08495319628683873,ssp119,0.08495319628683873,0.0,non-CO2,BC,Marine,0.08495319628683873,0.0,0.0,1.0
1854.0,ssp119_BC_off-road_striving,0.08495319628683873,ssp119,0.08495319628683873,0.0,non-CO2,BC,off-road,0.08495319628683873,0.0,0.0,1.0
1854.0,ssp119_BC_on-road_striving,0.08495319628683873,ssp119,0.08495319628683873,0.0,non-CO2,BC,on-road,0.08495319628683873,0.0,0.0,1.0
1854.0,ssp119_CH4_Marine_striving,0.08495319628683873,ssp119,0.08495319628683873,0.0,non-CO2,CH4,Marine,0.08495319628683873,0.0,0.0,1.0
1854.0,ssp119_CH4_off-road_striving,0.08495319628683873,ssp119,0.08495319628683873,0.0,non-CO2,CH4,off-road,0.08495319628683873,0.0,0.0,1.0
1854.0,ssp119_CH4_on-road_striving,0.08495319628683873,ssp119,0.08495319628683873,0.0,non-CO2,CH4,on-road,0.08495319628683873,0.0,0.0,1.0
1854.0,ssp119_CO2 FFI_Marine_striving,0.08495319628683873,ssp119,0.08495319628683873,0.0,CO2,CO2 FFI,Marine,0.08495319628683873,0.0,0.0,1.0
1854.0,ssp119_CO2 FFI_off-road_striving,0.08495319628683873,ssp119,0.08495319628683873,0.0,CO2,CO2 FFI,off-road,0.08495319628683873,0.0,0.0,1.0
1854.0,ssp119_CO2 FFI_on-road_striving,0.08495319628683873,ssp119,0.08495319628683873,0.0,CO2,CO2 FFI,on-road,0.08495319628683873,0.0,0.0,1.0
1854.0,ssp119_N2O_Marine_striving,0.08495319628683873,ssp119,0.08495319628683873,0.0,non-CO2,N2O,Marine,0.08495319628683873,0.0,0.0,1.0
1854.0,ssp119_N2O_off-road_striving,0.08495319628683873,ssp119,0.08495319628683873,0.0,non-CO2,N2O,off-road,0.08495319628683873,0.0,0.0,1.0
1854.0,ssp119_N2O_on-road_striving,0.08495319628683873,ssp119,0.08495319628683873,0.0,non-CO2,N2O,on-road,0.08495319628683873,0.0,0.0,1.0
1854.0,ssp119_Sulfur_Marine_striving,0.08495319628683873,ssp119,0.08495319628683873,0.0,non-CO2,Sulfur,Marine,0.08495319628683873,0.0,0.0,1.0
1854.0,ssp119_striving,0.08495319628683873,ssp119,0.08495319628683873,0.0,,,Other,,,,1.0
1854.0,ssp119_zero_tra,0.08495319628683873,ssp119,0.08495319628683873,0.0,,,Other,,,,1.0
1855.0,ssp119,0.09628619643169589,ssp119,0.09628619643169589,0.0,,,Other,,,,1.0
1855.0,ssp119_BC_Marine_striving,0.09628619643169589,ssp119,0.09628619643169589,0.0,non-CO2,BC,Marine,0.09628619643169589,0.0,0.0,1.0
1855.0,ssp119_BC_off-road_striving,0.09628619643169589,ssp119,0.09628619643169589,0.0,non-CO2,BC,off-road,0.09628619643169589,0.0,0.0,1.0
1855.0,ssp119_BC_on-road_striving,0.09628619643169589,ssp119,0.09628619643169589,0.0,non-CO2,BC,on-road,0.09628619643169589,0.0,0.0,1.0
1855.0,ssp119_CH4_Marine_striving,0.09628619643169589,ssp119,0.09628619643169589,0.0,non-CO2,CH4,Marine,0.09628619643169589,0.0,0.0,1.0
1855.0,ssp119_CH4_off-road_striving,0.09628619643169589,ssp119,0.09628619643169589,0.0,non-CO2,CH4,off-road,0.09628619643169589,0.0,0.0,1.0
1855.0,ssp119_CH4_on-road_striving,0.09628619643169589,ssp119,0.09628619643169589,0.0,non-CO2,CH4,on-road,0.09628619643169589,0.0,0.0,1.0
1855.0,ssp119_CO2 FFI_Marine_striving,0.09628619643169589,ssp119,0.09628619643169589,0.0,CO2,CO2 FFI,Marine,0.09628619643169589,0.0,0.0,1.0
1855.0,ssp119_CO2 FFI_off-road_striving,0.09628619643169589,ssp119,0.09628619643169589,0.0,CO2,CO2 FFI,off-road,0.09628619643169589,0.0,0.0,1.0
1855.0,ssp119_CO2 FFI_on-road_striving,0.09628619643169589,ssp119,0.09628619643169589,0.0,CO2,CO2 FFI,on-road,0.09628619643169589,0.0,0.0,1.0
1855.0,ssp119_N2O_Marine_striving,0.09628619643169589,ssp119,0.09628619643169589,0.0,non-CO2,N2O,Marine,0.09628619643169589,0.0,0.0,1.0
1855.0,ssp119_N2O_off-road_striving,0.09628619643169589,ssp119,0.09628619643169589,0.0,non-CO2,N2O,off-road,0.09628619643169589,0.0,0.0,1.0
1855.0,ssp119_N2O_on-road_striving,0.09628619643169589,ssp119,0.09628619643169589,0.0,non-CO2,N2O,on-road,0.09628619643169589,0.0,0.0,1.0
1855.0,ssp119_Sulfur_Marine_striving,0.09628619643169589,ssp119,0.09628619643169589,0.0,non-CO2,Sulfur,Marine,0.09628619643169589,0.0,0.0,1.0
1855.0,ssp119_striving,0.09628619643169589,ssp119,0.09628619643169589,0.0,,,Other,,,,1.0
1855.0,ssp119_zero_tra,0.09628619643169589,ssp119,0.09628619643169589,0.0,,,Other,,,,1.0
1856.0,ssp119,0.04723516262932511,ssp119,0.04723516262932511,0.0,,,Other,,,,1.0
1856.0,ssp119_BC_Marine_striving,0.04723516262932511,ssp119,0.04723516262932511,0.0,non-CO2,BC,Marine,0.04723516262932511,0.0,0.0,1.0
1856.0,ssp119_BC_off-road_striving,0.04723516262932511,ssp119,0.04723516262932511,0.0,non-CO2,BC,off-road,0.04723516262932511,0.0,0.0,1.0
1856.0,ssp119_BC_on-road_striving,0.04723516262932511,ssp119,0.04723516262932511,0.0,non-CO2,BC,on-road,0.04723516262932511,0.0,0.0,1.0
1856.0,ssp119_CH4_Marine_striving,0.04723516262932511,ssp119,0.04723516262932511,0.0,non-CO2,CH4,Marine,0.04723516262932511,0.0,0.0,1.0
1856.0,ssp119_CH4_off-road_striving,0.04723516262932511,ssp119,0.04723516262932511,0.0,non-CO2,CH4,off-road,0.04723516262932511,0.0,0.0,1.0
1856.0,ssp119_CH4_on-road_striving,0.04723516262932511,ssp119,0.04723516262932511,0.0,non-CO2,CH4,on-road,0.04723516262932511,0.0,0.0,1.0
1856.0,ssp119_CO2 FFI_Marine_striving,0.04723516262932511,ssp119,0.04723516262932511,0.0,CO2,CO2 FFI,Marine,0.04723516262932511,0.0,0.0,1.0
1856.0,ssp119_CO2 FFI_off-road_striving,0.04723516262932511,ssp119,0.04723516262932511,0.0,CO2,CO2 FFI,off-road,0.04723516262932511,0.0,0.0,1.0
1856.0,ssp119_CO2 FFI_on-road_striving,0.04723516262932511,ssp119,0.04723516262932511,0.0,CO2,CO2 FFI,on-road,0.04723516262932511,0.0,0.0,1.0
1856.0,ssp119_N2O_Marine_striving,0.04723516262932511,ssp119,0.04723516262932511,0.0,non-CO2,N2O,Marine,0.04723516262932511,0.0,0.0,1.0
1856.0,ssp119_N2O_off-road_striving,0.04723516262932511,ssp119,0.04723516262932511,0.0,non-CO2,N2O,off-road,0.04723516262932511,0.0,0.0,1.0
1856.0,ssp119_N2O_on-road_striving,0.04723516262932511,ssp119,0.04723516262932511,0.0,non-CO2,N2O,on-road,0.04723516262932511,0.0,0.0,1.0
1856.0,ssp119_Sulfur_Marine_striving,0.04723516262932511,ssp119,0.04723516262932511,0.0,non-CO2,Sulfur,Marine,0.04723516262932511,0.0,0.0,1.0
1856.0,ssp119_striving,0.04723516262932511,ssp119,0.04723516262932511,0.0,,,Other,,,,1.0
1856.0,ssp119_zero_tra,0.04723516262932511,ssp119,0.04723516262932511,0.0,,,Other,,,,1.0
1857.0,ssp119,0.03900976841139847,ssp119,0.03900976841139847,0.0,,,Other,,,,1.0
1857.0,ssp119_BC_Marine_striving,0.03900976841139847,ssp119,0.03900976841139847,0.0,non-CO2,BC,Marine,0.03900976841139847,0.0,0.0,1.0
1857.0,ssp119_BC_off-road_striving,0.03900976841139847,ssp119,0.03900976841139847,0.0,non-CO2,BC,off-road,0.03900976841139847,0.0,0.0,1.0
1857.0,ssp119_BC_on-road_striving,0.03900976841139847,ssp119,0.03900976841139847,0.0,non-CO2,BC,on-road,0.03900976841139847,0.0,0.0,1.0
1857.0,ssp119_CH4_Marine_striving,0.03900976841139847,ssp119,0.03900976841139847,0.0,non-CO2,CH4,Marine,0.03900976841139847,0.0,0.0,1.0
1857.0,ssp119_CH4_off-road_striving,0.03900976841139847,ssp119,0.03900976841139847,0.0,non-CO2,CH4,off-road,0.03900976841139847,0.0,0.0,1.0
1857.0,ssp119_CH4_on-road_striving,0.03900976841139847,ssp119,0.03900976841139847,0.0,non-CO2,CH4,on-road,0.03900976841139847,0.0,0.0,1.0
1857.0,ssp119_CO2 FFI_Marine_striving,0.03900976841139847,ssp119,0.03900976841139847,0.0,CO2,CO2 FFI,Marine,0.03900976841139847,0.0,0.0,1.0
1857.0,ssp119_CO2 FFI_off-road_striving,0.03900976841139847,ssp119,0.03900976841139847,0.0,CO2,CO2 FFI,off-road,0.03900976841139847,0.0,0.0,1.0
1857.0,ssp119_CO2 FFI_on-road_striving,0.03900976841139847,ssp119,0.03900976841139847,0.0,CO2,CO2 FFI,on-road,0.03900976841139847,0.0,0.0,1.0
1857.0,ssp119_N2O_Marine_striving,0.03900976841139847,ssp119,0.03900976841139847,0.0,non-CO2,N2O,Marine,0.03900976841139847,0.0,0.0,1.0
1857.0,ssp119_N2O_off-road_striving,0.03900976841139847,ssp119,0.03900976841139847,0.0,non-CO2,N2O,off-road,0.03900976841139847,0.0,0.0,1.0
1857.0,ssp119_N2O_on-road_striving,0.03900976841139847,ssp119,0.03900976841139847,0.0,non-CO2,N2O,on-road,0.03900976841139847,0.0,0.0,1.0
1857.0,ssp119_Sulfur_Marine_striving,0.03900976841139847,ssp119,0.03900976841139847,0.0,non-CO2,Sulfur,Marine,0.03900976841139847,0.0,0.0,1.0
1857.0,ssp119_striving,0.03900976841139847,ssp119,0.03900976841139847,0.0,,,Other,,,,1.0
1857.0,ssp119_zero_tra,0.03900976841139847,ssp119,0.03900976841139847,0.0,,,Other,,,,1.0
1858.0,ssp119,0.037008007430557495,ssp119,0.037008007430557495,0.0,,,Other,,,,1.0
1858.0,ssp119_BC_Marine_striving,0.037008007430557495,ssp119,0.037008007430557495,0.0,non-CO2,BC,Marine,0.037008007430557495,0.0,0.0,1.0
1858.0,ssp119_BC_off-road_striving,0.037008007430557495,ssp119,0.037008007430557495,0.0,non-CO2,BC,off-road,0.037008007430557495,0.0,0.0,1.0
1858.0,ssp119_BC_on-road_striving,0.037008007430557495,ssp119,0.037008007430557495,0.0,non-CO2,BC,on-road,0.037008007430557495,0.0,0.0,1.0
1858.0,ssp119_CH4_Marine_striving,0.037008007430557495,ssp119,0.037008007430557495,0.0,non-CO2,CH4,Marine,0.037008007430557495,0.0,0.0,1.0
1858.0,ssp119_CH4_off-road_striving,0.037008007430557495,ssp119,0.037008007430557495,0.0,non-CO2,CH4,off-road,0.037008007430557495,0.0,0.0,1.0
1858.0,ssp119_CH4_on-road_striving,0.037008007430557495,ssp119,0.037008007430557495,0.0,non-CO2,CH4,on-road,0.037008007430557495,0.0,0.0,1.0
1858.0,ssp119_CO2 FFI_Marine_striving,0.037008007430557495,ssp119,0.037008007430557495,0.0,CO2,CO2 FFI,Marine,0.037008007430557495,0.0,0.0,1.0
1858.0,ssp119_CO2 FFI_off-road_striving,0.037008007430557495,ssp119,0.037008007430557495,0.0,CO2,CO2 FFI,off-road,0.037008007430557495,0.0,0.0,1.0
1858.0,ssp119_CO2 FFI_on-road_striving,0.037008007430557495,ssp119,0.037008007430557495,0.0,CO2,CO2 FFI,on-road,0.037008007430557495,0.0,0.0,1.0
1858.0,ssp119_N2O_Marine_striving,0.037008007430557495,ssp119,0.037008007430557495,0.0,non-CO2,N2O,Marine,0.037008007430557495,0.0,0.0,1.0
1858.0,ssp119_N2O_off-road_striving,0.037008007430557495,ssp119,0.037008007430557495,0.0,non-CO2,N2O,off-road,0.037008007430557495,0.0,0.0,1.0
1858.0,ssp119_N2O_on-road_striving,0.037008007430557495,ssp119,0.037008007430557495,0.0,non-CO2,N2O,on-road,0.037008007430557495,0.0,0.0,1.0
1858.0,ssp119_Sulfur_Marine_striving,0.037008007430557495,ssp119,0.037008007430557495,0.0,non-CO2,Sulfur,Marine,0.037008007430557495,0.0,0.0,1.0
1858.0,ssp119_striving,0.037008007430557495,ssp119,0.037008007430557495,0.0,,,Other,,,,1.0
1858.0,ssp119_zero_tra,0.037008007430557495,ssp119,0.037008007430557495,0.0,,,Other,,,,1.0
1859.0,ssp119,0.10254153812014068,ssp119,0.10254153812014068,0.0,,,Other,,,,1.0
1859.0,ssp119_BC_Marine_striving,0.10254153812014068,ssp119,0.10254153812014068,0.0,non-CO2,BC,Marine,0.10254153812014068,0.0,0.0,1.0
1859.0,ssp119_BC_off-road_striving,0.10254153812014068,ssp119,0.10254153812014068,0.0,non-CO2,BC,off-road,0.10254153812014068,0.0,0.0,1.0
1859.0,ssp119_BC_on-road_striving,0.10254153812014068,ssp119,0.10254153812014068,0.0,non-CO2,BC,on-road,0.10254153812014068,0.0,0.0,1.0
1859.0,ssp119_CH4_Marine_striving,0.10254153812014068,ssp119,0.10254153812014068,0.0,non-CO2,CH4,Marine,0.10254153812014068,0.0,0.0,1.0
1859.0,ssp119_CH4_off-road_striving,0.10254153812014068,ssp119,0.10254153812014068,0.0,non-CO2,CH4,off-road,0.10254153812014068,0.0,0.0,1.0
1859.0,ssp119_CH4_on-road_striving,0.10254153812014068,ssp119,0.10254153812014068,0.0,non-CO2,CH4,on-road,0.10254153812014068,0.0,0.0,1.0
1859.0,ssp119_CO2 FFI_Marine_striving,0.10254153812014068,ssp119,0.10254153812014068,0.0,CO2,CO2 FFI,Marine,0.10254153812014068,0.0,0.0,1.0
1859.0,ssp119_CO2 FFI_off-road_striving,0.10254153812014068,ssp119,0.10254153812014068,0.0,CO2,CO2 FFI,off-road,0.10254153812014068,0.0,0.0,1.0
1859.0,ssp119_CO2 FFI_on-road_striving,0.10254153812014068,ssp119,0.10254153812014068,0.0,CO2,CO2 FFI,on-road,0.10254153812014068,0.0,0.0,1.0
1859.0,ssp119_N2O_Marine_striving,0.10254153812014068,ssp119,0.10254153812014068,0.0,non-CO2,N2O,Marine,0.10254153812014068,0.0,0.0,1.0
1859.0,ssp119_N2O_off-road_striving,0.10254153812014068,ssp119,0.10254153812014068,0.0,non-CO2,N2O,off-road,0.10254153812014068,0.0,0.0,1.0
1859.0,ssp119_N2O_on-road_striving,0.10254153812014068,ssp119,0.10254153812014068,0.0,non-CO2,N2O,on-road,0.10254153812014068,0.0,0.0,1.0
1859.0,ssp119_Sulfur_Marine_striving,0.10254153812014068,ssp119,0.10254153812014068,0.0,non-CO2,Sulfur,Marine,0.10254153812014068,0.0,0.0,1.0
1859.0,ssp119_striving,0.10254153812014068,ssp119,0.10254153812014068,0.0,,,Other,,,,1.0
1859.0,ssp119_zero_tra,0.10254153812014068,ssp119,0.10254153812014068,0.0,,,Other,,,,1.0
1860.0,ssp119,0.09493520912674544,ssp119,0.09493520912674544,0.0,,,Other,,,,1.0
1860.0,ssp119_BC_Marine_striving,0.09493520912674544,ssp119,0.09493520912674544,0.0,non-CO2,BC,Marine,0.09493520912674544,0.0,0.0,1.0
1860.0,ssp119_BC_off-road_striving,0.09493520912674544,ssp119,0.09493520912674544,0.0,non-CO2,BC,off-road,0.09493520912674544,0.0,0.0,1.0
1860.0,ssp119_BC_on-road_striving,0.09493520912674544,ssp119,0.09493520912674544,0.0,non-CO2,BC,on-road,0.09493520912674544,0.0,0.0,1.0
1860.0,ssp119_CH4_Marine_striving,0.09493520912674544,ssp119,0.09493520912674544,0.0,non-CO2,CH4,Marine,0.09493520912674544,0.0,0.0,1.0
1860.0,ssp119_CH4_off-road_striving,0.09493520912674544,ssp119,0.09493520912674544,0.0,non-CO2,CH4,off-road,0.09493520912674544,0.0,0.0,1.0
1860.0,ssp119_CH4_on-road_striving,0.09493520912674544,ssp119,0.09493520912674544,0.0,non-CO2,CH4,on-road,0.09493520912674544,0.0,0.0,1.0
1860.0,ssp119_CO2 FFI_Marine_striving,0.09493520912674544,ssp119,0.09493520912674544,0.0,CO2,CO2 FFI,Marine,0.09493520912674544,0.0,0.0,1.0
1860.0,ssp119_CO2 FFI_off-road_striving,0.09493520912674544,ssp119,0.09493520912674544,0.0,CO2,CO2 FFI,off-road,0.09493520912674544,0.0,0.0,1.0
1860.0,ssp119_CO2 FFI_on-road_striving,0.09493520912674544,ssp119,0.09493520912674544,0.0,CO2,CO2 FFI,on-road,0.09493520912674544,0.0,0.0,1.0
1860.0,ssp119_N2O_Marine_striving,0.09493520912674544,ssp119,0.09493520912674544,0.0,non-CO2,N2O,Marine,0.09493520912674544,0.0,0.0,1.0
1860.0,ssp119_N2O_off-road_striving,0.09493520912674544,ssp119,0.09493520912674544,0.0,non-CO2,N2O,off-road,0.09493520912674544,0.0,0.0,1.0
1860.0,ssp119_N2O_on-road_striving,0.09493520912674544,ssp119,0.09493520912674544,0.0,non-CO2,N2O,on-road,0.09493520912674544,0.0,0.0,1.0
1860.0,ssp119_Sulfur_Marine_striving,0.09493520912674544,ssp119,0.09493520912674544,0.0,non-CO2,Sulfur,Marine,0.09493520912674544,0.0,0.0,1.0
1860.0,ssp119_striving,0.09493520912674544,ssp119,0.09493520912674544,0.0,,,Other,,,,1.0
1860.0,ssp119_zero_tra,0.09493520912674544,ssp119,0.09493520912674544,0.0,,,Other,,,,1.0
1861.0,ssp119,0.12811592381102546,ssp119,0.12811592381102546,0.0,,,Other,,,,1.0
1861.0,ssp119_BC_Marine_striving,0.12811592381102546,ssp119,0.12811592381102546,0.0,non-CO2,BC,Marine,0.12811592381102546,0.0,0.0,1.0
1861.0,ssp119_BC_off-road_striving,0.12811592381102546,ssp119,0.12811592381102546,0.0,non-CO2,BC,off-road,0.12811592381102546,0.0,0.0,1.0
1861.0,ssp119_BC_on-road_striving,0.12811592381102546,ssp119,0.12811592381102546,0.0,non-CO2,BC,on-road,0.12811592381102546,0.0,0.0,1.0
1861.0,ssp119_CH4_Marine_striving,0.12811592381102546,ssp119,0.12811592381102546,0.0,non-CO2,CH4,Marine,0.12811592381102546,0.0,0.0,1.0
1861.0,ssp119_CH4_off-road_striving,0.12811592381102546,ssp119,0.12811592381102546,0.0,non-CO2,CH4,off-road,0.12811592381102546,0.0,0.0,1.0
1861.0,ssp119_CH4_on-road_striving,0.12811592381102546,ssp119,0.12811592381102546,0.0,non-CO2,CH4,on-road,0.12811592381102546,0.0,0.0,1.0
1861.0,ssp119_CO2 FFI_Marine_striving,0.12811592381102546,ssp119,0.12811592381102546,0.0,CO2,CO2 FFI,Marine,0.12811592381102546,0.0,0.0,1.0
1861.0,ssp119_CO2 FFI_off-road_striving,0.12811592381102546,ssp119,0.12811592381102546,0.0,CO2,CO2 FFI,off-road,0.12811592381102546,0.0,0.0,1.0
1861.0,ssp119_CO2 FFI_on-road_striving,0.12811592381102546,ssp119,0.12811592381102546,0.0,CO2,CO2 FFI,on-road,0.12811592381102546,0.0,0.0,1.0
1861.0,ssp119_N2O_Marine_striving,0.12811592381102546,ssp119,0.12811592381102546,0.0,non-CO2,N2O,Marine,0.12811592381102546,0.0,0.0,1.0
1861.0,ssp119_N2O_off-road_striving,0.12811592381102546,ssp119,0.12811592381102546,0.0,non-CO2,N2O,off-road,0.12811592381102546,0.0,0.0,1.0
1861.0,ssp119_N2O_on-road_striving,0.12811592381102546,ssp119,0.12811592381102546,0.0,non-CO2,N2O,on-road,0.12811592381102546,0.0,0.0,1.0
1861.0,ssp119_Sulfur_Marine_striving,0.12811592381102546,ssp119,0.12811592381102546,0.0,non-CO2,Sulfur,Marine,0.12811592381102546,0.0,0.0,1.0
1861.0,ssp119_striving,0.12811592381102546,ssp119,0.12811592381102546,0.0,,,Other,,,,1.0
1861.0,ssp119_zero_tra,0.12811592381102546,ssp119,0.12811592381102546,0.0,,,Other,,,,1.0
1862.0,ssp119,0.1155515439393565,ssp119,0.1155515439393565,0.0,,,Other,,,,1.0
1862.0,ssp119_BC_Marine_striving,0.1155515439393565,ssp119,0.1155515439393565,0.0,non-CO2,BC,Marine,0.1155515439393565,0.0,0.0,1.0
1862.0,ssp119_BC_off-road_striving,0.1155515439393565,ssp119,0.1155515439393565,0.0,non-CO2,BC,off-road,0.1155515439393565,0.0,0.0,1.0
1862.0,ssp119_BC_on-road_striving,0.1155515439393565,ssp119,0.1155515439393565,0.0,non-CO2,BC,on-road,0.1155515439393565,0.0,0.0,1.0
1862.0,ssp119_CH4_Marine_striving,0.1155515439393565,ssp119,0.1155515439393565,0.0,non-CO2,CH4,Marine,0.1155515439393565,0.0,0.0,1.0
1862.0,ssp119_CH4_off-road_striving,0.1155515439393565,ssp119,0.1155515439393565,0.0,non-CO2,CH4,off-road,0.1155515439393565,0.0,0.0,1.0
1862.0,ssp119_CH4_on-road_striving,0.1155515439393565,ssp119,0.1155515439393565,0.0,non-CO2,CH4,on-road,0.1155515439393565,0.0,0.0,1.0
1862.0,ssp119_CO2 FFI_Marine_striving,0.1155515439393565,ssp119,0.1155515439393565,0.0,CO2,CO2 FFI,Marine,0.1155515439393565,0.0,0.0,1.0
1862.0,ssp119_CO2 FFI_off-road_striving,0.1155515439393565,ssp119,0.1155515439393565,0.0,CO2,CO2 FFI,off-road,0.1155515439393565,0.0,0.0,1.0
1862.0,ssp119_CO2 FFI_on-road_striving,0.1155515439393565,ssp119,0.1155515439393565,0.0,CO2,CO2 FFI,on-road,0.1155515439393565,0.0,0.0,1.0
1862.0,ssp119_N2O_Marine_striving,0.1155515439393565,ssp119,0.1155515439393565,0.0,non-CO2,N2O,Marine,0.1155515439393565,0.0,0.0,1.0
1862.0,ssp119_N2O_off-road_striving,0.1155515439393565,ssp119,0.1155515439393565,0.0,non-CO2,N2O,off-road,0.1155515439393565,0.0,0.0,1.0
1862.0,ssp119_N2O_on-road_striving,0.1155515439393565,ssp119,0.1155515439393565,0.0,non-CO2,N2O,on-road,0.1155515439393565,0.0,0.0,1.0
1862.0,ssp119_Sulfur_Marine_striving,0.1155515439393565,ssp119,0.1155515439393565,0.0,non-CO2,Sulfur,Marine,0.1155515439393565,0.0,0.0,1.0
1862.0,ssp119_striving,0.1155515439393565,ssp119,0.1155515439393565,0.0,,,Other,,,,1.0
1862.0,ssp119_zero_tra,0.1155515439393565,ssp119,0.1155515439393565,0.0,,,Other,,,,1.0
1863.0,ssp119,0.09674795888844051,ssp119,0.09674795888844051,0.0,,,Other,,,,1.0
1863.0,ssp119_BC_Marine_striving,0.09674795888844051,ssp119,0.09674795888844051,0.0,non-CO2,BC,Marine,0.09674795888844051,0.0,0.0,1.0
1863.0,ssp119_BC_off-road_striving,0.09674795888844051,ssp119,0.09674795888844051,0.0,non-CO2,BC,off-road,0.09674795888844051,0.0,0.0,1.0
1863.0,ssp119_BC_on-road_striving,0.09674795888844051,ssp119,0.09674795888844051,0.0,non-CO2,BC,on-road,0.09674795888844051,0.0,0.0,1.0
1863.0,ssp119_CH4_Marine_striving,0.09674795888844051,ssp119,0.09674795888844051,0.0,non-CO2,CH4,Marine,0.09674795888844051,0.0,0.0,1.0
1863.0,ssp119_CH4_off-road_striving,0.09674795888844051,ssp119,0.09674795888844051,0.0,non-CO2,CH4,off-road,0.09674795888844051,0.0,0.0,1.0
1863.0,ssp119_CH4_on-road_striving,0.09674795888844051,ssp119,0.09674795888844051,0.0,non-CO2,CH4,on-road,0.09674795888844051,0.0,0.0,1.0
1863.0,ssp119_CO2 FFI_Marine_striving,0.09674795888844051,ssp119,0.09674795888844051,0.0,CO2,CO2 FFI,Marine,0.09674795888844051,0.0,0.0,1.0
1863.0,ssp119_CO2 FFI_off-road_striving,0.09674795888844051,ssp119,0.09674795888844051,0.0,CO2,CO2 FFI,off-road,0.09674795888844051,0.0,0.0,1.0
1863.0,ssp119_CO2 FFI_on-road_striving,0.09674795888844051,ssp119,0.09674795888844051,0.0,CO2,CO2 FFI,on-road,0.09674795888844051,0.0,0.0,1.0
1863.0,ssp119_N2O_Marine_striving,0.09674795888844051,ssp119,0.09674795888844051,0.0,non-CO2,N2O,Marine,0.09674795888844051,0.0,0.0,1.0
1863.0,ssp119_N2O_off-road_striving,0.09674795888844051,ssp119,0.09674795888844051,0.0,non-CO2,N2O,off-road,0.09674795888844051,0.0,0.0,1.0
1863.0,ssp119_N2O_on-road_striving,0.09674795888844051,ssp119,0.09674795888844051,0.0,non-CO2,N2O,on-road,0.09674795888844051,0.0,0.0,1.0
1863.0,ssp119_Sulfur_Marine_striving,0.09674795888844051,ssp119,0.09674795888844051,0.0,non-CO2,Sulfur,Marine,0.09674795888844051,0.0,0.0,1.0
1863.0,ssp119_striving,0.09674795888844051,ssp119,0.09674795888844051,0.0,,,Other,,,,1.0
1863.0,ssp119_zero_tra,0.09674795888844051,ssp119,0.09674795888844051,0.0,,,Other,,,,1.0
1864.0,ssp119,-0.004957760145282432,ssp119,-0.004957760145282432,0.0,,,Other,,,,1.0
1864.0,ssp119_BC_Marine_striving,-0.004957760145282432,ssp119,-0.004957760145282432,0.0,non-CO2,BC,Marine,-0.004957760145282432,0.0,0.0,1.0
1864.0,ssp119_BC_off-road_striving,-0.004957760145282432,ssp119,-0.004957760145282432,0.0,non-CO2,BC,off-road,-0.004957760145282432,0.0,0.0,1.0
1864.0,ssp119_BC_on-road_striving,-0.004957760145282432,ssp119,-0.004957760145282432,0.0,non-CO2,BC,on-road,-0.004957760145282432,0.0,0.0,1.0
1864.0,ssp119_CH4_Marine_striving,-0.004957760145282432,ssp119,-0.004957760145282432,0.0,non-CO2,CH4,Marine,-0.004957760145282432,0.0,0.0,1.0
1864.0,ssp119_CH4_off-road_striving,-0.004957760145282432,ssp119,-0.004957760145282432,0.0,non-CO2,CH4,off-road,-0.004957760145282432,0.0,0.0,1.0
1864.0,ssp119_CH4_on-road_striving,-0.004957760145282432,ssp119,-0.004957760145282432,0.0,non-CO2,CH4,on-road,-0.004957760145282432,0.0,0.0,1.0
1864.0,ssp119_CO2 FFI_Marine_striving,-0.004957760145282432,ssp119,-0.004957760145282432,0.0,CO2,CO2 FFI,Marine,-0.004957760145282432,0.0,0.0,1.0
1864.0,ssp119_CO2 FFI_off-road_striving,-0.004957760145282432,ssp119,-0.004957760145282432,0.0,CO2,CO2 FFI,off-road,-0.004957760145282432,0.0,0.0,1.0
1864.0,ssp119_CO2 FFI_on-road_striving,-0.004957760145282432,ssp119,-0.004957760145282432,0.0,CO2,CO2 FFI,on-road,-0.004957760145282432,0.0,0.0,1.0
1864.0,ssp119_N2O_Marine_striving,-0.004957760145282432,ssp119,-0.004957760145282432,0.0,non-CO2,N2O,Marine,-0.004957760145282432,0.0,0.0,1.0
1864.0,ssp119_N2O_off-road_striving,-0.004957760145282432,ssp119,-0.004957760145282432,0.0,non-CO2,N2O,off-road,-0.004957760145282432,0.0,0.0,1.0
1864.0,ssp119_N2O_on-road_striving,-0.004957760145282432,ssp119,-0.004957760145282432,0.0,non-CO2,N2O,on-road,-0.004957760145282432,0.0,0.0,1.0
1864.0,ssp119_Sulfur_Marine_striving,-0.004957760145282432,ssp119,-0.004957760145282432,0.0,non-CO2,Sulfur,Marine,-0.004957760145282432,0.0,0.0,1.0
1864.0,ssp119_striving,-0.004957760145282432,ssp119,-0.004957760145282432,0.0,,,Other,,,,1.0
1864.0,ssp119_zero_tra,-0.004957760145282432,ssp119,-0.004957760145282432,0.0,,,Other,,,,1.0
1865.0,ssp119,-0.031677627898410346,ssp119,-0.031677627898410346,0.0,,,Other,,,,1.0
1865.0,ssp119_BC_Marine_striving,-0.031677627898410346,ssp119,-0.031677627898410346,0.0,non-CO2,BC,Marine,-0.031677627898410346,0.0,0.0,1.0
1865.0,ssp119_BC_off-road_striving,-0.031677627898410346,ssp119,-0.031677627898410346,0.0,non-CO2,BC,off-road,-0.031677627898410346,0.0,0.0,1.0
1865.0,ssp119_BC_on-road_striving,-0.031677627898410346,ssp119,-0.031677627898410346,0.0,non-CO2,BC,on-road,-0.031677627898410346,0.0,0.0,1.0
1865.0,ssp119_CH4_Marine_striving,-0.031677627898410346,ssp119,-0.031677627898410346,0.0,non-CO2,CH4,Marine,-0.031677627898410346,0.0,0.0,1.0
1865.0,ssp119_CH4_off-road_striving,-0.031677627898410346,ssp119,-0.031677627898410346,0.0,non-CO2,CH4,off-road,-0.031677627898410346,0.0,0.0,1.0
1865.0,ssp119_CH4_on-road_striving,-0.031677627898410346,ssp119,-0.031677627898410346,0.0,non-CO2,CH4,on-road,-0.031677627898410346,0.0,0.0,1.0
1865.0,ssp119_CO2 FFI_Marine_striving,-0.031677627898410346,ssp119,-0.031677627898410346,0.0,CO2,CO2 FFI,Marine,-0.031677627898410346,0.0,0.0,1.0
1865.0,ssp119_CO2 FFI_off-road_striving,-0.031677627898410346,ssp119,-0.031677627898410346,0.0,CO2,CO2 FFI,off-road,-0.031677627898410346,0.0,0.0,1.0
1865.0,ssp119_CO2 FFI_on-road_striving,-0.031677627898410346,ssp119,-0.031677627898410346,0.0,CO2,CO2 FFI,on-road,-0.031677627898410346,0.0,0.0,1.0
1865.0,ssp119_N2O_Marine_striving,-0.031677627898410346,ssp119,-0.031677627898410346,0.0,non-CO2,N2O,Marine,-0.031677627898410346,0.0,0.0,1.0
1865.0,ssp119_N2O_off-road_striving,-0.031677627898410346,ssp119,-0.031677627898410346,0.0,non-CO2,N2O,off-road,-0.031677627898410346,0.0,0.0,1.0
1865.0,ssp119_N2O_on-road_striving,-0.031677627898410346,ssp119,-0.031677627898410346,0.0,non-CO2,N2O,on-road,-0.031677627898410346,0.0,0.0,1.0
1865.0,ssp119_Sulfur_Marine_striving,-0.031677627898410346,ssp119,-0.031677627898410346,0.0,non-CO2,Sulfur,Marine,-0.031677627898410346,0.0,0.0,1.0
1865.0,ssp119_striving,-0.031677627898410346,ssp119,-0.031677627898410346,0.0,,,Other,,,,1.0
1865.0,ssp119_zero_tra,-0.031677627898410346,ssp119,-0.031677627898410346,0.0,,,Other,,,,1.0
1866.0,ssp119,-0.03539843464361621,ssp119,-0.03539843464361621,0.0,,,Other,,,,1.0
1866.0,ssp119_BC_Marine_striving,-0.03539843464361621,ssp119,-0.03539843464361621,0.0,non-CO2,BC,Marine,-0.03539843464361621,0.0,0.0,1.0
1866.0,ssp119_BC_off-road_striving,-0.03539843464361621,ssp119,-0.03539843464361621,0.0,non-CO2,BC,off-road,-0.03539843464361621,0.0,0.0,1.0
1866.0,ssp119_BC_on-road_striving,-0.03539843464361621,ssp119,-0.03539843464361621,0.0,non-CO2,BC,on-road,-0.03539843464361621,0.0,0.0,1.0
1866.0,ssp119_CH4_Marine_striving,-0.03539843464361621,ssp119,-0.03539843464361621,0.0,non-CO2,CH4,Marine,-0.03539843464361621,0.0,0.0,1.0
1866.0,ssp119_CH4_off-road_striving,-0.03539843464361621,ssp119,-0.03539843464361621,0.0,non-CO2,CH4,off-road,-0.03539843464361621,0.0,0.0,1.0
1866.0,ssp119_CH4_on-road_striving,-0.03539843464361621,ssp119,-0.03539843464361621,0.0,non-CO2,CH4,on-road,-0.03539843464361621,0.0,0.0,1.0
1866.0,ssp119_CO2 FFI_Marine_striving,-0.03539843464361621,ssp119,-0.03539843464361621,0.0,CO2,CO2 FFI,Marine,-0.03539843464361621,0.0,0.0,1.0
1866.0,ssp119_CO2 FFI_off-road_striving,-0.03539843464361621,ssp119,-0.03539843464361621,0.0,CO2,CO2 FFI,off-road,-0.03539843464361621,0.0,0.0,1.0
1866.0,ssp119_CO2 FFI_on-road_striving,-0.03539843464361621,ssp119,-0.03539843464361621,0.0,CO2,CO2 FFI,on-road,-0.03539843464361621,0.0,0.0,1.0
1866.0,ssp119_N2O_Marine_striving,-0.03539843464361621,ssp119,-0.03539843464361621,0.0,non-CO2,N2O,Marine,-0.03539843464361621,0.0,0.0,1.0
1866.0,ssp119_N2O_off-road_striving,-0.03539843464361621,ssp119,-0.03539843464361621,0.0,non-CO2,N2O,off-road,-0.03539843464361621,0.0,0.0,1.0
1866.0,ssp119_N2O_on-road_striving,-0.03539843464361621,ssp119,-0.03539843464361621,0.0,non-CO2,N2O,on-road,-0.03539843464361621,0.0,0.0,1.0
1866.0,ssp119_Sulfur_Marine_striving,-0.03539843464361621,ssp119,-0.03539843464361621,0.0,non-CO2,Sulfur,Marine,-0.03539843464361621,0.0,0.0,1.0
1866.0,ssp119_striving,-0.03539843464361621,ssp119,-0.03539843464361621,0.0,,,Other,,,,1.0
1866.0,ssp119_zero_tra,-0.03539843464361621,ssp119,-0.03539843464361621,0.0,,,Other,,,,1.0
1867.0,ssp119,-0.003719414762925153,ssp119,-0.003719414762925153,0.0,,,Other,,,,1.0
1867.0,ssp119_BC_Marine_striving,-0.003719414762925153,ssp119,-0.003719414762925153,0.0,non-CO2,BC,Marine,-0.003719414762925153,0.0,0.0,1.0
1867.0,ssp119_BC_off-road_striving,-0.003719414762925153,ssp119,-0.003719414762925153,0.0,non-CO2,BC,off-road,-0.003719414762925153,0.0,0.0,1.0
1867.0,ssp119_BC_on-road_striving,-0.003719414762925153,ssp119,-0.003719414762925153,0.0,non-CO2,BC,on-road,-0.003719414762925153,0.0,0.0,1.0
1867.0,ssp119_CH4_Marine_striving,-0.003719414762925153,ssp119,-0.003719414762925153,0.0,non-CO2,CH4,Marine,-0.003719414762925153,0.0,0.0,1.0
1867.0,ssp119_CH4_off-road_striving,-0.003719414762925153,ssp119,-0.003719414762925153,0.0,non-CO2,CH4,off-road,-0.003719414762925153,0.0,0.0,1.0
1867.0,ssp119_CH4_on-road_striving,-0.003719414762925153,ssp119,-0.003719414762925153,0.0,non-CO2,CH4,on-road,-0.003719414762925153,0.0,0.0,1.0
1867.0,ssp119_CO2 FFI_Marine_striving,-0.003719414762925153,ssp119,-0.003719414762925153,0.0,CO2,CO2 FFI,Marine,-0.003719414762925153,0.0,0.0,1.0
1867.0,ssp119_CO2 FFI_off-road_striving,-0.003719414762925153,ssp119,-0.003719414762925153,0.0,CO2,CO2 FFI,off-road,-0.003719414762925153,0.0,0.0,1.0
1867.0,ssp119_CO2 FFI_on-road_striving,-0.003719414762925153,ssp119,-0.003719414762925153,0.0,CO2,CO2 FFI,on-road,-0.003719414762925153,0.0,0.0,1.0
1867.0,ssp119_N2O_Marine_striving,-0.003719414762925153,ssp119,-0.003719414762925153,0.0,non-CO2,N2O,Marine,-0.003719414762925153,0.0,0.0,1.0
1867.0,ssp119_N2O_off-road_striving,-0.003719414762925153,ssp119,-0.003719414762925153,0.0,non-CO2,N2O,off-road,-0.003719414762925153,0.0,0.0,1.0
1867.0,ssp119_N2O_on-road_striving,-0.003719414762925153,ssp119,-0.003719414762925153,0.0,non-CO2,N2O,on-road,-0.003719414762925153,0.0,0.0,1.0
1867.0,ssp119_Sulfur_Marine_striving,-0.003719414762925153,ssp119,-0.003719414762925153,0.0,non-CO2,Sulfur,Marine,-0.003719414762925153,0.0,0.0,1.0
1867.0,ssp119_striving,-0.003719414762925153,ssp119,-0.003719414762925153,0.0,,,Other,,,,1.0
1867.0,ssp119_zero_tra,-0.003719414762925153,ssp119,-0.003719414762925153,0.0,,,Other,,,,1.0
1868.0,ssp119,0.026966127724390845,ssp119,0.026966127724390845,0.0,,,Other,,,,1.0
1868.0,ssp119_BC_Marine_striving,0.026966127724390845,ssp119,0.026966127724390845,0.0,non-CO2,BC,Marine,0.026966127724390845,0.0,0.0,1.0
1868.0,ssp119_BC_off-road_striving,0.026966127724390845,ssp119,0.026966127724390845,0.0,non-CO2,BC,off-road,0.026966127724390845,0.0,0.0,1.0
1868.0,ssp119_BC_on-road_striving,0.026966127724390845,ssp119,0.026966127724390845,0.0,non-CO2,BC,on-road,0.026966127724390845,0.0,0.0,1.0
1868.0,ssp119_CH4_Marine_striving,0.026966127724390845,ssp119,0.026966127724390845,0.0,non-CO2,CH4,Marine,0.026966127724390845,0.0,0.0,1.0
1868.0,ssp119_CH4_off-road_striving,0.026966127724390845,ssp119,0.026966127724390845,0.0,non-CO2,CH4,off-road,0.026966127724390845,0.0,0.0,1.0
1868.0,ssp119_CH4_on-road_striving,0.026966127724390845,ssp119,0.026966127724390845,0.0,non-CO2,CH4,on-road,0.026966127724390845,0.0,0.0,1.0
1868.0,ssp119_CO2 FFI_Marine_striving,0.026966127724390845,ssp119,0.026966127724390845,0.0,CO2,CO2 FFI,Marine,0.026966127724390845,0.0,0.0,1.0
1868.0,ssp119_CO2 FFI_off-road_striving,0.026966127724390845,ssp119,0.026966127724390845,0.0,CO2,CO2 FFI,off-road,0.026966127724390845,0.0,0.0,1.0
1868.0,ssp119_CO2 FFI_on-road_striving,0.026966127724390845,ssp119,0.026966127724390845,0.0,CO2,CO2 FFI,on-road,0.026966127724390845,0.0,0.0,1.0
1868.0,ssp119_N2O_Marine_striving,0.026966127724390845,ssp119,0.026966127724390845,0.0,non-CO2,N2O,Marine,0.026966127724390845,0.0,0.0,1.0
1868.0,ssp119_N2O_off-road_striving,0.026966127724390845,ssp119,0.026966127724390845,0.0,non-CO2,N2O,off-road,0.026966127724390845,0.0,0.0,1.0
1868.0,ssp119_N2O_on-road_striving,0.026966127724390845,ssp119,0.026966127724390845,0.0,non-CO2,N2O,on-road,0.026966127724390845,0.0,0.0,1.0
1868.0,ssp119_Sulfur_Marine_striving,0.026966127724390845,ssp119,0.026966127724390845,0.0,non-CO2,Sulfur,Marine,0.026966127724390845,0.0,0.0,1.0
1868.0,ssp119_striving,0.026966127724390845,ssp119,0.026966127724390845,0.0,,,Other,,,,1.0
1868.0,ssp119_zero_tra,0.026966127724390845,ssp119,0.026966127724390845,0.0,,,Other,,,,1.0
1869.0,ssp119,0.05626472443847768,ssp119,0.05626472443847768,0.0,,,Other,,,,1.0
1869.0,ssp119_BC_Marine_striving,0.05626472443847768,ssp119,0.05626472443847768,0.0,non-CO2,BC,Marine,0.05626472443847768,0.0,0.0,1.0
1869.0,ssp119_BC_off-road_striving,0.05626472443847768,ssp119,0.05626472443847768,0.0,non-CO2,BC,off-road,0.05626472443847768,0.0,0.0,1.0
1869.0,ssp119_BC_on-road_striving,0.05626472443847768,ssp119,0.05626472443847768,0.0,non-CO2,BC,on-road,0.05626472443847768,0.0,0.0,1.0
1869.0,ssp119_CH4_Marine_striving,0.05626472443847768,ssp119,0.05626472443847768,0.0,non-CO2,CH4,Marine,0.05626472443847768,0.0,0.0,1.0
1869.0,ssp119_CH4_off-road_striving,0.05626472443847768,ssp119,0.05626472443847768,0.0,non-CO2,CH4,off-road,0.05626472443847768,0.0,0.0,1.0
1869.0,ssp119_CH4_on-road_striving,0.05626472443847768,ssp119,0.05626472443847768,0.0,non-CO2,CH4,on-road,0.05626472443847768,0.0,0.0,1.0
1869.0,ssp119_CO2 FFI_Marine_striving,0.05626472443847768,ssp119,0.05626472443847768,0.0,CO2,CO2 FFI,Marine,0.05626472443847768,0.0,0.0,1.0
1869.0,ssp119_CO2 FFI_off-road_striving,0.05626472443847768,ssp119,0.05626472443847768,0.0,CO2,CO2 FFI,off-road,0.05626472443847768,0.0,0.0,1.0
1869.0,ssp119_CO2 FFI_on-road_striving,0.05626472443847768,ssp119,0.05626472443847768,0.0,CO2,CO2 FFI,on-road,0.05626472443847768,0.0,0.0,1.0
1869.0,ssp119_N2O_Marine_striving,0.05626472443847768,ssp119,0.05626472443847768,0.0,non-CO2,N2O,Marine,0.05626472443847768,0.0,0.0,1.0
1869.0,ssp119_N2O_off-road_striving,0.05626472443847768,ssp119,0.05626472443847768,0.0,non-CO2,N2O,off-road,0.05626472443847768,0.0,0.0,1.0
1869.0,ssp119_N2O_on-road_striving,0.05626472443847768,ssp119,0.05626472443847768,0.0,non-CO2,N2O,on-road,0.05626472443847768,0.0,0.0,1.0
1869.0,ssp119_Sulfur_Marine_striving,0.05626472443847768,ssp119,0.05626472443847768,0.0,non-CO2,Sulfur,Marine,0.05626472443847768,0.0,0.0,1.0
1869.0,ssp119_striving,0.05626472443847768,ssp119,0.05626472443847768,0.0,,,Other,,,,1.0
1869.0,ssp119_zero_tra,0.05626472443847768,ssp119,0.05626472443847768,0.0,,,Other,,,,1.0
1870.0,ssp119,0.07681403226496428,ssp119,0.07681403226496428,0.0,,,Other,,,,1.0
1870.0,ssp119_BC_Marine_striving,0.07681403226496428,ssp119,0.07681403226496428,0.0,non-CO2,BC,Marine,0.07681403226496428,0.0,0.0,1.0
1870.0,ssp119_BC_off-road_striving,0.07681403226496428,ssp119,0.07681403226496428,0.0,non-CO2,BC,off-road,0.07681403226496428,0.0,0.0,1.0
1870.0,ssp119_BC_on-road_striving,0.07681403226496428,ssp119,0.07681403226496428,0.0,non-CO2,BC,on-road,0.07681403226496428,0.0,0.0,1.0
1870.0,ssp119_CH4_Marine_striving,0.07681403226496428,ssp119,0.07681403226496428,0.0,non-CO2,CH4,Marine,0.07681403226496428,0.0,0.0,1.0
1870.0,ssp119_CH4_off-road_striving,0.07681403226496428,ssp119,0.07681403226496428,0.0,non-CO2,CH4,off-road,0.07681403226496428,0.0,0.0,1.0
1870.0,ssp119_CH4_on-road_striving,0.07681403226496428,ssp119,0.07681403226496428,0.0,non-CO2,CH4,on-road,0.07681403226496428,0.0,0.0,1.0
1870.0,ssp119_CO2 FFI_Marine_striving,0.07681403226496428,ssp119,0.07681403226496428,0.0,CO2,CO2 FFI,Marine,0.07681403226496428,0.0,0.0,1.0
1870.0,ssp119_CO2 FFI_off-road_striving,0.07681403226496428,ssp119,0.07681403226496428,0.0,CO2,CO2 FFI,off-road,0.07681403226496428,0.0,0.0,1.0
1870.0,ssp119_CO2 FFI_on-road_striving,0.07681403226496428,ssp119,0.07681403226496428,0.0,CO2,CO2 FFI,on-road,0.07681403226496428,0.0,0.0,1.0
1870.0,ssp119_N2O_Marine_striving,0.07681403226496428,ssp119,0.07681403226496428,0.0,non-CO2,N2O,Marine,0.07681403226496428,0.0,0.0,1.0
1870.0,ssp119_N2O_off-road_striving,0.07681403226496428,ssp119,0.07681403226496428,0.0,non-CO2,N2O,off-road,0.07681403226496428,0.0,0.0,1.0
1870.0,ssp119_N2O_on-road_striving,0.07681403226496428,ssp119,0.07681403226496428,0.0,non-CO2,N2O,on-road,0.07681403226496428,0.0,0.0,1.0
1870.0,ssp119_Sulfur_Marine_striving,0.07681403226496428,ssp119,0.07681403226496428,0.0,non-CO2,Sulfur,Marine,0.07681403226496428,0.0,0.0,1.0
1870.0,ssp119_striving,0.07681403226496428,ssp119,0.07681403226496428,0.0,,,Other,,,,1.0
1870.0,ssp119_zero_tra,0.07681403226496428,ssp119,0.07681403226496428,0.0,,,Other,,,,1.0
1871.0,ssp119,0.09811442544638105,ssp119,0.09811442544638105,0.0,,,Other,,,,1.0
1871.0,ssp119_BC_Marine_striving,0.09811442544638105,ssp119,0.09811442544638105,0.0,non-CO2,BC,Marine,0.09811442544638105,0.0,0.0,1.0
1871.0,ssp119_BC_off-road_striving,0.09811442544638105,ssp119,0.09811442544638105,0.0,non-CO2,BC,off-road,0.09811442544638105,0.0,0.0,1.0
1871.0,ssp119_BC_on-road_striving,0.09811442544638105,ssp119,0.09811442544638105,0.0,non-CO2,BC,on-road,0.09811442544638105,0.0,0.0,1.0
1871.0,ssp119_CH4_Marine_striving,0.09811442544638105,ssp119,0.09811442544638105,0.0,non-CO2,CH4,Marine,0.09811442544638105,0.0,0.0,1.0
1871.0,ssp119_CH4_off-road_striving,0.09811442544638105,ssp119,0.09811442544638105,0.0,non-CO2,CH4,off-road,0.09811442544638105,0.0,0.0,1.0
1871.0,ssp119_CH4_on-road_striving,0.09811442544638105,ssp119,0.09811442544638105,0.0,non-CO2,CH4,on-road,0.09811442544638105,0.0,0.0,1.0
1871.0,ssp119_CO2 FFI_Marine_striving,0.09811442544638105,ssp119,0.09811442544638105,0.0,CO2,CO2 FFI,Marine,0.09811442544638105,0.0,0.0,1.0
1871.0,ssp119_CO2 FFI_off-road_striving,0.09811442544638105,ssp119,0.09811442544638105,0.0,CO2,CO2 FFI,off-road,0.09811442544638105,0.0,0.0,1.0
1871.0,ssp119_CO2 FFI_on-road_striving,0.09811442544638105,ssp119,0.09811442544638105,0.0,CO2,CO2 FFI,on-road,0.09811442544638105,0.0,0.0,1.0
1871.0,ssp119_N2O_Marine_striving,0.09811442544638105,ssp119,0.09811442544638105,0.0,non-CO2,N2O,Marine,0.09811442544638105,0.0,0.0,1.0
1871.0,ssp119_N2O_off-road_striving,0.09811442544638105,ssp119,0.09811442544638105,0.0,non-CO2,N2O,off-road,0.09811442544638105,0.0,0.0,1.0
1871.0,ssp119_N2O_on-road_striving,0.09811442544638105,ssp119,0.09811442544638105,0.0,non-CO2,N2O,on-road,0.09811442544638105,0.0,0.0,1.0
1871.0,ssp119_Sulfur_Marine_striving,0.09811442544638105,ssp119,0.09811442544638105,0.0,non-CO2,Sulfur,Marine,0.09811442544638105,0.0,0.0,1.0
1871.0,ssp119_striving,0.09811442544638105,ssp119,0.09811442544638105,0.0,,,Other,,,,1.0
1871.0,ssp119_zero_tra,0.09811442544638105,ssp119,0.09811442544638105,0.0,,,Other,,,,1.0
1872.0,ssp119,0.08035923096166134,ssp119,0.08035923096166134,0.0,,,Other,,,,1.0
1872.0,ssp119_BC_Marine_striving,0.08035923096166134,ssp119,0.08035923096166134,0.0,non-CO2,BC,Marine,0.08035923096166134,0.0,0.0,1.0
1872.0,ssp119_BC_off-road_striving,0.08035923096166134,ssp119,0.08035923096166134,0.0,non-CO2,BC,off-road,0.08035923096166134,0.0,0.0,1.0
1872.0,ssp119_BC_on-road_striving,0.08035923096166134,ssp119,0.08035923096166134,0.0,non-CO2,BC,on-road,0.08035923096166134,0.0,0.0,1.0
1872.0,ssp119_CH4_Marine_striving,0.08035923096166134,ssp119,0.08035923096166134,0.0,non-CO2,CH4,Marine,0.08035923096166134,0.0,0.0,1.0
1872.0,ssp119_CH4_off-road_striving,0.08035923096166134,ssp119,0.08035923096166134,0.0,non-CO2,CH4,off-road,0.08035923096166134,0.0,0.0,1.0
1872.0,ssp119_CH4_on-road_striving,0.08035923096166134,ssp119,0.08035923096166134,0.0,non-CO2,CH4,on-road,0.08035923096166134,0.0,0.0,1.0
1872.0,ssp119_CO2 FFI_Marine_striving,0.08035923096166134,ssp119,0.08035923096166134,0.0,CO2,CO2 FFI,Marine,0.08035923096166134,0.0,0.0,1.0
1872.0,ssp119_CO2 FFI_off-road_striving,0.08035923096166134,ssp119,0.08035923096166134,0.0,CO2,CO2 FFI,off-road,0.08035923096166134,0.0,0.0,1.0
1872.0,ssp119_CO2 FFI_on-road_striving,0.08035923096166134,ssp119,0.08035923096166134,0.0,CO2,CO2 FFI,on-road,0.08035923096166134,0.0,0.0,1.0
1872.0,ssp119_N2O_Marine_striving,0.08035923096166134,ssp119,0.08035923096166134,0.0,non-CO2,N2O,Marine,0.08035923096166134,0.0,0.0,1.0
1872.0,ssp119_N2O_off-road_striving,0.08035923096166134,ssp119,0.08035923096166134,0.0,non-CO2,N2O,off-road,0.08035923096166134,0.0,0.0,1.0
1872.0,ssp119_N2O_on-road_striving,0.08035923096166134,ssp119,0.08035923096166134,0.0,non-CO2,N2O,on-road,0.08035923096166134,0.0,0.0,1.0
1872.0,ssp119_Sulfur_Marine_striving,0.08035923096166134,ssp119,0.08035923096166134,0.0,non-CO2,Sulfur,Marine,0.08035923096166134,0.0,0.0,1.0
1872.0,ssp119_striving,0.08035923096166134,ssp119,0.08035923096166134,0.0,,,Other,,,,1.0
1872.0,ssp119_zero_tra,0.08035923096166134,ssp119,0.08035923096166134,0.0,,,Other,,,,1.0
1873.0,ssp119,0.10785648989515416,ssp119,0.10785648989515416,0.0,,,Other,,,,1.0
1873.0,ssp119_BC_Marine_striving,0.10785648989515416,ssp119,0.10785648989515416,0.0,non-CO2,BC,Marine,0.10785648989515416,0.0,0.0,1.0
1873.0,ssp119_BC_off-road_striving,0.10785648989515416,ssp119,0.10785648989515416,0.0,non-CO2,BC,off-road,0.10785648989515416,0.0,0.0,1.0
1873.0,ssp119_BC_on-road_striving,0.10785648989515416,ssp119,0.10785648989515416,0.0,non-CO2,BC,on-road,0.10785648989515416,0.0,0.0,1.0
1873.0,ssp119_CH4_Marine_striving,0.10785648989515416,ssp119,0.10785648989515416,0.0,non-CO2,CH4,Marine,0.10785648989515416,0.0,0.0,1.0
1873.0,ssp119_CH4_off-road_striving,0.10785648989515416,ssp119,0.10785648989515416,0.0,non-CO2,CH4,off-road,0.10785648989515416,0.0,0.0,1.0
1873.0,ssp119_CH4_on-road_striving,0.10785648989515416,ssp119,0.10785648989515416,0.0,non-CO2,CH4,on-road,0.10785648989515416,0.0,0.0,1.0
1873.0,ssp119_CO2 FFI_Marine_striving,0.10785648989515416,ssp119,0.10785648989515416,0.0,CO2,CO2 FFI,Marine,0.10785648989515416,0.0,0.0,1.0
1873.0,ssp119_CO2 FFI_off-road_striving,0.10785648989515416,ssp119,0.10785648989515416,0.0,CO2,CO2 FFI,off-road,0.10785648989515416,0.0,0.0,1.0
1873.0,ssp119_CO2 FFI_on-road_striving,0.10785648989515416,ssp119,0.10785648989515416,0.0,CO2,CO2 FFI,on-road,0.10785648989515416,0.0,0.0,1.0
1873.0,ssp119_N2O_Marine_striving,0.10785648989515416,ssp119,0.10785648989515416,0.0,non-CO2,N2O,Marine,0.10785648989515416,0.0,0.0,1.0
1873.0,ssp119_N2O_off-road_striving,0.10785648989515416,ssp119,0.10785648989515416,0.0,non-CO2,N2O,off-road,0.10785648989515416,0.0,0.0,1.0
1873.0,ssp119_N2O_on-road_striving,0.10785648989515416,ssp119,0.10785648989515416,0.0,non-CO2,N2O,on-road,0.10785648989515416,0.0,0.0,1.0
1873.0,ssp119_Sulfur_Marine_striving,0.10785648989515416,ssp119,0.10785648989515416,0.0,non-CO2,Sulfur,Marine,0.10785648989515416,0.0,0.0,1.0
1873.0,ssp119_striving,0.10785648989515416,ssp119,0.10785648989515416,0.0,,,Other,,,,1.0
1873.0,ssp119_zero_tra,0.10785648989515416,ssp119,0.10785648989515416,0.0,,,Other,,,,1.0
1874.0,ssp119,0.10607006150847212,ssp119,0.10607006150847212,0.0,,,Other,,,,1.0
1874.0,ssp119_BC_Marine_striving,0.10607006150847212,ssp119,0.10607006150847212,0.0,non-CO2,BC,Marine,0.10607006150847212,0.0,0.0,1.0
1874.0,ssp119_BC_off-road_striving,0.10607006150847212,ssp119,0.10607006150847212,0.0,non-CO2,BC,off-road,0.10607006150847212,0.0,0.0,1.0
1874.0,ssp119_BC_on-road_striving,0.10607006150847212,ssp119,0.10607006150847212,0.0,non-CO2,BC,on-road,0.10607006150847212,0.0,0.0,1.0
1874.0,ssp119_CH4_Marine_striving,0.10607006150847212,ssp119,0.10607006150847212,0.0,non-CO2,CH4,Marine,0.10607006150847212,0.0,0.0,1.0
1874.0,ssp119_CH4_off-road_striving,0.10607006150847212,ssp119,0.10607006150847212,0.0,non-CO2,CH4,off-road,0.10607006150847212,0.0,0.0,1.0
1874.0,ssp119_CH4_on-road_striving,0.10607006150847212,ssp119,0.10607006150847212,0.0,non-CO2,CH4,on-road,0.10607006150847212,0.0,0.0,1.0
1874.0,ssp119_CO2 FFI_Marine_striving,0.10607006150847212,ssp119,0.10607006150847212,0.0,CO2,CO2 FFI,Marine,0.10607006150847212,0.0,0.0,1.0
1874.0,ssp119_CO2 FFI_off-road_striving,0.10607006150847212,ssp119,0.10607006150847212,0.0,CO2,CO2 FFI,off-road,0.10607006150847212,0.0,0.0,1.0
1874.0,ssp119_CO2 FFI_on-road_striving,0.10607006150847212,ssp119,0.10607006150847212,0.0,CO2,CO2 FFI,on-road,0.10607006150847212,0.0,0.0,1.0
1874.0,ssp119_N2O_Marine_striving,0.10607006150847212,ssp119,0.10607006150847212,0.0,non-CO2,N2O,Marine,0.10607006150847212,0.0,0.0,1.0
1874.0,ssp119_N2O_off-road_striving,0.10607006150847212,ssp119,0.10607006150847212,0.0,non-CO2,N2O,off-road,0.10607006150847212,0.0,0.0,1.0
1874.0,ssp119_N2O_on-road_striving,0.10607006150847212,ssp119,0.10607006150847212,0.0,non-CO2,N2O,on-road,0.10607006150847212,0.0,0.0,1.0
1874.0,ssp119_Sulfur_Marine_striving,0.10607006150847212,ssp119,0.10607006150847212,0.0,non-CO2,Sulfur,Marine,0.10607006150847212,0.0,0.0,1.0
1874.0,ssp119_striving,0.10607006150847212,ssp119,0.10607006150847212,0.0,,,Other,,,,1.0
1874.0,ssp119_zero_tra,0.10607006150847212,ssp119,0.10607006150847212,0.0,,,Other,,,,1.0
1875.0,ssp119,0.10725553305195418,ssp119,0.10725553305195418,0.0,,,Other,,,,1.0
1875.0,ssp119_BC_Marine_striving,0.10725553305195418,ssp119,0.10725553305195418,0.0,non-CO2,BC,Marine,0.10725553305195418,0.0,0.0,1.0
1875.0,ssp119_BC_off-road_striving,0.10725553305195418,ssp119,0.10725553305195418,0.0,non-CO2,BC,off-road,0.10725553305195418,0.0,0.0,1.0
1875.0,ssp119_BC_on-road_striving,0.10725553305195418,ssp119,0.10725553305195418,0.0,non-CO2,BC,on-road,0.10725553305195418,0.0,0.0,1.0
1875.0,ssp119_CH4_Marine_striving,0.10725553305195418,ssp119,0.10725553305195418,0.0,non-CO2,CH4,Marine,0.10725553305195418,0.0,0.0,1.0
1875.0,ssp119_CH4_off-road_striving,0.10725553305195418,ssp119,0.10725553305195418,0.0,non-CO2,CH4,off-road,0.10725553305195418,0.0,0.0,1.0
1875.0,ssp119_CH4_on-road_striving,0.10725553305195418,ssp119,0.10725553305195418,0.0,non-CO2,CH4,on-road,0.10725553305195418,0.0,0.0,1.0
1875.0,ssp119_CO2 FFI_Marine_striving,0.10725553305195418,ssp119,0.10725553305195418,0.0,CO2,CO2 FFI,Marine,0.10725553305195418,0.0,0.0,1.0
1875.0,ssp119_CO2 FFI_off-road_striving,0.10725553305195418,ssp119,0.10725553305195418,0.0,CO2,CO2 FFI,off-road,0.10725553305195418,0.0,0.0,1.0
1875.0,ssp119_CO2 FFI_on-road_striving,0.10725553305195418,ssp119,0.10725553305195418,0.0,CO2,CO2 FFI,on-road,0.10725553305195418,0.0,0.0,1.0
1875.0,ssp119_N2O_Marine_striving,0.10725553305195418,ssp119,0.10725553305195418,0.0,non-CO2,N2O,Marine,0.10725553305195418,0.0,0.0,1.0
1875.0,ssp119_N2O_off-road_striving,0.10725553305195418,ssp119,0.10725553305195418,0.0,non-CO2,N2O,off-road,0.10725553305195418,0.0,0.0,1.0
1875.0,ssp119_N2O_on-road_striving,0.10725553305195418,ssp119,0.10725553305195418,0.0,non-CO2,N2O,on-road,0.10725553305195418,0.0,0.0,1.0
1875.0,ssp119_Sulfur_Marine_striving,0.10725553305195418,ssp119,0.10725553305195418,0.0,non-CO2,Sulfur,Marine,0.10725553305195418,0.0,0.0,1.0
1875.0,ssp119_striving,0.10725553305195418,ssp119,0.10725553305195418,0.0,,,Other,,,,1.0
1875.0,ssp119_zero_tra,0.10725553305195418,ssp119,0.10725553305195418,0.0,,,Other,,,,1.0
1876.0,ssp119,0.12069561729087017,ssp119,0.12069561729087017,0.0,,,Other,,,,1.0
1876.0,ssp119_BC_Marine_striving,0.12069561729087017,ssp119,0.12069561729087017,0.0,non-CO2,BC,Marine,0.12069561729087017,0.0,0.0,1.0
1876.0,ssp119_BC_off-road_striving,0.12069561729087017,ssp119,0.12069561729087017,0.0,non-CO2,BC,off-road,0.12069561729087017,0.0,0.0,1.0
1876.0,ssp119_BC_on-road_striving,0.12069561729087017,ssp119,0.12069561729087017,0.0,non-CO2,BC,on-road,0.12069561729087017,0.0,0.0,1.0
1876.0,ssp119_CH4_Marine_striving,0.12069561729087017,ssp119,0.12069561729087017,0.0,non-CO2,CH4,Marine,0.12069561729087017,0.0,0.0,1.0
1876.0,ssp119_CH4_off-road_striving,0.12069561729087017,ssp119,0.12069561729087017,0.0,non-CO2,CH4,off-road,0.12069561729087017,0.0,0.0,1.0
1876.0,ssp119_CH4_on-road_striving,0.12069561729087017,ssp119,0.12069561729087017,0.0,non-CO2,CH4,on-road,0.12069561729087017,0.0,0.0,1.0
1876.0,ssp119_CO2 FFI_Marine_striving,0.12069561729087017,ssp119,0.12069561729087017,0.0,CO2,CO2 FFI,Marine,0.12069561729087017,0.0,0.0,1.0
1876.0,ssp119_CO2 FFI_off-road_striving,0.12069561729087017,ssp119,0.12069561729087017,0.0,CO2,CO2 FFI,off-road,0.12069561729087017,0.0,0.0,1.0
1876.0,ssp119_CO2 FFI_on-road_striving,0.12069561729087017,ssp119,0.12069561729087017,0.0,CO2,CO2 FFI,on-road,0.12069561729087017,0.0,0.0,1.0
1876.0,ssp119_N2O_Marine_striving,0.12069561729087017,ssp119,0.12069561729087017,0.0,non-CO2,N2O,Marine,0.12069561729087017,0.0,0.0,1.0
1876.0,ssp119_N2O_off-road_striving,0.12069561729087017,ssp119,0.12069561729087017,0.0,non-CO2,N2O,off-road,0.12069561729087017,0.0,0.0,1.0
1876.0,ssp119_N2O_on-road_striving,0.12069561729087017,ssp119,0.12069561729087017,0.0,non-CO2,N2O,on-road,0.12069561729087017,0.0,0.0,1.0
1876.0,ssp119_Sulfur_Marine_striving,0.12069561729087017,ssp119,0.12069561729087017,0.0,non-CO2,Sulfur,Marine,0.12069561729087017,0.0,0.0,1.0
1876.0,ssp119_striving,0.12069561729087017,ssp119,0.12069561729087017,0.0,,,Other,,,,1.0
1876.0,ssp119_zero_tra,0.12069561729087017,ssp119,0.12069561729087017,0.0,,,Other,,,,1.0
1877.0,ssp119,0.1167127282811957,ssp119,0.1167127282811957,0.0,,,Other,,,,1.0
1877.0,ssp119_BC_Marine_striving,0.1167127282811957,ssp119,0.1167127282811957,0.0,non-CO2,BC,Marine,0.1167127282811957,0.0,0.0,1.0
1877.0,ssp119_BC_off-road_striving,0.1167127282811957,ssp119,0.1167127282811957,0.0,non-CO2,BC,off-road,0.1167127282811957,0.0,0.0,1.0
1877.0,ssp119_BC_on-road_striving,0.1167127282811957,ssp119,0.1167127282811957,0.0,non-CO2,BC,on-road,0.1167127282811957,0.0,0.0,1.0
1877.0,ssp119_CH4_Marine_striving,0.1167127282811957,ssp119,0.1167127282811957,0.0,non-CO2,CH4,Marine,0.1167127282811957,0.0,0.0,1.0
1877.0,ssp119_CH4_off-road_striving,0.1167127282811957,ssp119,0.1167127282811957,0.0,non-CO2,CH4,off-road,0.1167127282811957,0.0,0.0,1.0
1877.0,ssp119_CH4_on-road_striving,0.1167127282811957,ssp119,0.1167127282811957,0.0,non-CO2,CH4,on-road,0.1167127282811957,0.0,0.0,1.0
1877.0,ssp119_CO2 FFI_Marine_striving,0.1167127282811957,ssp119,0.1167127282811957,0.0,CO2,CO2 FFI,Marine,0.1167127282811957,0.0,0.0,1.0
1877.0,ssp119_CO2 FFI_off-road_striving,0.1167127282811957,ssp119,0.1167127282811957,0.0,CO2,CO2 FFI,off-road,0.1167127282811957,0.0,0.0,1.0
1877.0,ssp119_CO2 FFI_on-road_striving,0.1167127282811957,ssp119,0.1167127282811957,0.0,CO2,CO2 FFI,on-road,0.1167127282811957,0.0,0.0,1.0
1877.0,ssp119_N2O_Marine_striving,0.1167127282811957,ssp119,0.1167127282811957,0.0,non-CO2,N2O,Marine,0.1167127282811957,0.0,0.0,1.0
1877.0,ssp119_N2O_off-road_striving,0.1167127282811957,ssp119,0.1167127282811957,0.0,non-CO2,N2O,off-road,0.1167127282811957,0.0,0.0,1.0
1877.0,ssp119_N2O_on-road_striving,0.1167127282811957,ssp119,0.1167127282811957,0.0,non-CO2,N2O,on-road,0.1167127282811957,0.0,0.0,1.0
1877.0,ssp119_Sulfur_Marine_striving,0.1167127282811957,ssp119,0.1167127282811957,0.0,non-CO2,Sulfur,Marine,0.1167127282811957,0.0,0.0,1.0
1877.0,ssp119_striving,0.1167127282811957,ssp119,0.1167127282811957,0.0,,,Other,,,,1.0
1877.0,ssp119_zero_tra,0.1167127282811957,ssp119,0.1167127282811957,0.0,,,Other,,,,1.0
1878.0,ssp119,0.1094266060285249,ssp119,0.1094266060285249,0.0,,,Other,,,,1.0
1878.0,ssp119_BC_Marine_striving,0.1094266060285249,ssp119,0.1094266060285249,0.0,non-CO2,BC,Marine,0.1094266060285249,0.0,0.0,1.0
1878.0,ssp119_BC_off-road_striving,0.1094266060285249,ssp119,0.1094266060285249,0.0,non-CO2,BC,off-road,0.1094266060285249,0.0,0.0,1.0
1878.0,ssp119_BC_on-road_striving,0.1094266060285249,ssp119,0.1094266060285249,0.0,non-CO2,BC,on-road,0.1094266060285249,0.0,0.0,1.0
1878.0,ssp119_CH4_Marine_striving,0.1094266060285249,ssp119,0.1094266060285249,0.0,non-CO2,CH4,Marine,0.1094266060285249,0.0,0.0,1.0
1878.0,ssp119_CH4_off-road_striving,0.1094266060285249,ssp119,0.1094266060285249,0.0,non-CO2,CH4,off-road,0.1094266060285249,0.0,0.0,1.0
1878.0,ssp119_CH4_on-road_striving,0.1094266060285249,ssp119,0.1094266060285249,0.0,non-CO2,CH4,on-road,0.1094266060285249,0.0,0.0,1.0
1878.0,ssp119_CO2 FFI_Marine_striving,0.1094266060285249,ssp119,0.1094266060285249,0.0,CO2,CO2 FFI,Marine,0.1094266060285249,0.0,0.0,1.0
1878.0,ssp119_CO2 FFI_off-road_striving,0.1094266060285249,ssp119,0.1094266060285249,0.0,CO2,CO2 FFI,off-road,0.1094266060285249,0.0,0.0,1.0
1878.0,ssp119_CO2 FFI_on-road_striving,0.1094266060285249,ssp119,0.1094266060285249,0.0,CO2,CO2 FFI,on-road,0.1094266060285249,0.0,0.0,1.0
1878.0,ssp119_N2O_Marine_striving,0.1094266060285249,ssp119,0.1094266060285249,0.0,non-CO2,N2O,Marine,0.1094266060285249,0.0,0.0,1.0
1878.0,ssp119_N2O_off-road_striving,0.1094266060285249,ssp119,0.1094266060285249,0.0,non-CO2,N2O,off-road,0.1094266060285249,0.0,0.0,1.0
1878.0,ssp119_N2O_on-road_striving,0.1094266060285249,ssp119,0.1094266060285249,0.0,non-CO2,N2O,on-road,0.1094266060285249,0.0,0.0,1.0
1878.0,ssp119_Sulfur_Marine_striving,0.1094266060285249,ssp119,0.1094266060285249,0.0,non-CO2,Sulfur,Marine,0.1094266060285249,0.0,0.0,1.0
1878.0,ssp119_striving,0.1094266060285249,ssp119,0.1094266060285249,0.0,,,Other,,,,1.0
1878.0,ssp119_zero_tra,0.1094266060285249,ssp119,0.1094266060285249,0.0,,,Other,,,,1.0
1879.0,ssp119,0.11936185228855871,ssp119,0.11936185228855871,0.0,,,Other,,,,1.0
1879.0,ssp119_BC_Marine_striving,0.11936185228855871,ssp119,0.11936185228855871,0.0,non-CO2,BC,Marine,0.11936185228855871,0.0,0.0,1.0
1879.0,ssp119_BC_off-road_striving,0.11936185228855871,ssp119,0.11936185228855871,0.0,non-CO2,BC,off-road,0.11936185228855871,0.0,0.0,1.0
1879.0,ssp119_BC_on-road_striving,0.11936185228855871,ssp119,0.11936185228855871,0.0,non-CO2,BC,on-road,0.11936185228855871,0.0,0.0,1.0
1879.0,ssp119_CH4_Marine_striving,0.11936185228855871,ssp119,0.11936185228855871,0.0,non-CO2,CH4,Marine,0.11936185228855871,0.0,0.0,1.0
1879.0,ssp119_CH4_off-road_striving,0.11936185228855871,ssp119,0.11936185228855871,0.0,non-CO2,CH4,off-road,0.11936185228855871,0.0,0.0,1.0
1879.0,ssp119_CH4_on-road_striving,0.11936185228855871,ssp119,0.11936185228855871,0.0,non-CO2,CH4,on-road,0.11936185228855871,0.0,0.0,1.0
1879.0,ssp119_CO2 FFI_Marine_striving,0.11936185228855871,ssp119,0.11936185228855871,0.0,CO2,CO2 FFI,Marine,0.11936185228855871,0.0,0.0,1.0
1879.0,ssp119_CO2 FFI_off-road_striving,0.11936185228855871,ssp119,0.11936185228855871,0.0,CO2,CO2 FFI,off-road,0.11936185228855871,0.0,0.0,1.0
1879.0,ssp119_CO2 FFI_on-road_striving,0.11936185228855871,ssp119,0.11936185228855871,0.0,CO2,CO2 FFI,on-road,0.11936185228855871,0.0,0.0,1.0
1879.0,ssp119_N2O_Marine_striving,0.11936185228855871,ssp119,0.11936185228855871,0.0,non-CO2,N2O,Marine,0.11936185228855871,0.0,0.0,1.0
1879.0,ssp119_N2O_off-road_striving,0.11936185228855871,ssp119,0.11936185228855871,0.0,non-CO2,N2O,off-road,0.11936185228855871,0.0,0.0,1.0
1879.0,ssp119_N2O_on-road_striving,0.11936185228855871,ssp119,0.11936185228855871,0.0,non-CO2,N2O,on-road,0.11936185228855871,0.0,0.0,1.0
1879.0,ssp119_Sulfur_Marine_striving,0.11936185228855871,ssp119,0.11936185228855871,0.0,non-CO2,Sulfur,Marine,0.11936185228855871,0.0,0.0,1.0
1879.0,ssp119_striving,0.11936185228855871,ssp119,0.11936185228855871,0.0,,,Other,,,,1.0
1879.0,ssp119_zero_tra,0.11936185228855871,ssp119,0.11936185228855871,0.0,,,Other,,,,1.0
1880.0,ssp119,0.1214293808606368,ssp119,0.1214293808606368,0.0,,,Other,,,,1.0
1880.0,ssp119_BC_Marine_striving,0.1214293808606368,ssp119,0.1214293808606368,0.0,non-CO2,BC,Marine,0.1214293808606368,0.0,0.0,1.0
1880.0,ssp119_BC_off-road_striving,0.1214293808606368,ssp119,0.1214293808606368,0.0,non-CO2,BC,off-road,0.1214293808606368,0.0,0.0,1.0
1880.0,ssp119_BC_on-road_striving,0.1214293808606368,ssp119,0.1214293808606368,0.0,non-CO2,BC,on-road,0.1214293808606368,0.0,0.0,1.0
1880.0,ssp119_CH4_Marine_striving,0.1214293808606368,ssp119,0.1214293808606368,0.0,non-CO2,CH4,Marine,0.1214293808606368,0.0,0.0,1.0
1880.0,ssp119_CH4_off-road_striving,0.1214293808606368,ssp119,0.1214293808606368,0.0,non-CO2,CH4,off-road,0.1214293808606368,0.0,0.0,1.0
1880.0,ssp119_CH4_on-road_striving,0.1214293808606368,ssp119,0.1214293808606368,0.0,non-CO2,CH4,on-road,0.1214293808606368,0.0,0.0,1.0
1880.0,ssp119_CO2 FFI_Marine_striving,0.1214293808606368,ssp119,0.1214293808606368,0.0,CO2,CO2 FFI,Marine,0.1214293808606368,0.0,0.0,1.0
1880.0,ssp119_CO2 FFI_off-road_striving,0.1214293808606368,ssp119,0.1214293808606368,0.0,CO2,CO2 FFI,off-road,0.1214293808606368,0.0,0.0,1.0
1880.0,ssp119_CO2 FFI_on-road_striving,0.1214293808606368,ssp119,0.1214293808606368,0.0,CO2,CO2 FFI,on-road,0.1214293808606368,0.0,0.0,1.0
1880.0,ssp119_N2O_Marine_striving,0.1214293808606368,ssp119,0.1214293808606368,0.0,non-CO2,N2O,Marine,0.1214293808606368,0.0,0.0,1.0
1880.0,ssp119_N2O_off-road_striving,0.1214293808606368,ssp119,0.1214293808606368,0.0,non-CO2,N2O,off-road,0.1214293808606368,0.0,0.0,1.0
1880.0,ssp119_N2O_on-road_striving,0.1214293808606368,ssp119,0.1214293808606368,0.0,non-CO2,N2O,on-road,0.1214293808606368,0.0,0.0,1.0
1880.0,ssp119_Sulfur_Marine_striving,0.1214293808606368,ssp119,0.1214293808606368,0.0,non-CO2,Sulfur,Marine,0.1214293808606368,0.0,0.0,1.0
1880.0,ssp119_striving,0.1214293808606368,ssp119,0.1214293808606368,0.0,,,Other,,,,1.0
1880.0,ssp119_zero_tra,0.1214293808606368,ssp119,0.1214293808606368,0.0,,,Other,,,,1.0
1881.0,ssp119,0.1248261679517669,ssp119,0.1248261679517669,0.0,,,Other,,,,1.0
1881.0,ssp119_BC_Marine_striving,0.1248261679517669,ssp119,0.1248261679517669,0.0,non-CO2,BC,Marine,0.1248261679517669,0.0,0.0,1.0
1881.0,ssp119_BC_off-road_striving,0.1248261679517669,ssp119,0.1248261679517669,0.0,non-CO2,BC,off-road,0.1248261679517669,0.0,0.0,1.0
1881.0,ssp119_BC_on-road_striving,0.1248261679517669,ssp119,0.1248261679517669,0.0,non-CO2,BC,on-road,0.1248261679517669,0.0,0.0,1.0
1881.0,ssp119_CH4_Marine_striving,0.1248261679517669,ssp119,0.1248261679517669,0.0,non-CO2,CH4,Marine,0.1248261679517669,0.0,0.0,1.0
1881.0,ssp119_CH4_off-road_striving,0.1248261679517669,ssp119,0.1248261679517669,0.0,non-CO2,CH4,off-road,0.1248261679517669,0.0,0.0,1.0
1881.0,ssp119_CH4_on-road_striving,0.1248261679517669,ssp119,0.1248261679517669,0.0,non-CO2,CH4,on-road,0.1248261679517669,0.0,0.0,1.0
1881.0,ssp119_CO2 FFI_Marine_striving,0.1248261679517669,ssp119,0.1248261679517669,0.0,CO2,CO2 FFI,Marine,0.1248261679517669,0.0,0.0,1.0
1881.0,ssp119_CO2 FFI_off-road_striving,0.1248261679517669,ssp119,0.1248261679517669,0.0,CO2,CO2 FFI,off-road,0.1248261679517669,0.0,0.0,1.0
1881.0,ssp119_CO2 FFI_on-road_striving,0.1248261679517669,ssp119,0.1248261679517669,0.0,CO2,CO2 FFI,on-road,0.1248261679517669,0.0,0.0,1.0
1881.0,ssp119_N2O_Marine_striving,0.1248261679517669,ssp119,0.1248261679517669,0.0,non-CO2,N2O,Marine,0.1248261679517669,0.0,0.0,1.0
1881.0,ssp119_N2O_off-road_striving,0.1248261679517669,ssp119,0.1248261679517669,0.0,non-CO2,N2O,off-road,0.1248261679517669,0.0,0.0,1.0
1881.0,ssp119_N2O_on-road_striving,0.1248261679517669,ssp119,0.1248261679517669,0.0,non-CO2,N2O,on-road,0.1248261679517669,0.0,0.0,1.0
1881.0,ssp119_Sulfur_Marine_striving,0.1248261679517669,ssp119,0.1248261679517669,0.0,non-CO2,Sulfur,Marine,0.1248261679517669,0.0,0.0,1.0
1881.0,ssp119_striving,0.1248261679517669,ssp119,0.1248261679517669,0.0,,,Other,,,,1.0
1881.0,ssp119_zero_tra,0.1248261679517669,ssp119,0.1248261679517669,0.0,,,Other,,,,1.0
1882.0,ssp119,0.1248381086770011,ssp119,0.1248381086770011,0.0,,,Other,,,,1.0
1882.0,ssp119_BC_Marine_striving,0.1248381086770011,ssp119,0.1248381086770011,0.0,non-CO2,BC,Marine,0.1248381086770011,0.0,0.0,1.0
1882.0,ssp119_BC_off-road_striving,0.1248381086770011,ssp119,0.1248381086770011,0.0,non-CO2,BC,off-road,0.1248381086770011,0.0,0.0,1.0
1882.0,ssp119_BC_on-road_striving,0.1248381086770011,ssp119,0.1248381086770011,0.0,non-CO2,BC,on-road,0.1248381086770011,0.0,0.0,1.0
1882.0,ssp119_CH4_Marine_striving,0.1248381086770011,ssp119,0.1248381086770011,0.0,non-CO2,CH4,Marine,0.1248381086770011,0.0,0.0,1.0
1882.0,ssp119_CH4_off-road_striving,0.1248381086770011,ssp119,0.1248381086770011,0.0,non-CO2,CH4,off-road,0.1248381086770011,0.0,0.0,1.0
1882.0,ssp119_CH4_on-road_striving,0.1248381086770011,ssp119,0.1248381086770011,0.0,non-CO2,CH4,on-road,0.1248381086770011,0.0,0.0,1.0
1882.0,ssp119_CO2 FFI_Marine_striving,0.1248381086770011,ssp119,0.1248381086770011,0.0,CO2,CO2 FFI,Marine,0.1248381086770011,0.0,0.0,1.0
1882.0,ssp119_CO2 FFI_off-road_striving,0.1248381086770011,ssp119,0.1248381086770011,0.0,CO2,CO2 FFI,off-road,0.1248381086770011,0.0,0.0,1.0
1882.0,ssp119_CO2 FFI_on-road_striving,0.1248381086770011,ssp119,0.1248381086770011,0.0,CO2,CO2 FFI,on-road,0.1248381086770011,0.0,0.0,1.0
1882.0,ssp119_N2O_Marine_striving,0.1248381086770011,ssp119,0.1248381086770011,0.0,non-CO2,N2O,Marine,0.1248381086770011,0.0,0.0,1.0
1882.0,ssp119_N2O_off-road_striving,0.1248381086770011,ssp119,0.1248381086770011,0.0,non-CO2,N2O,off-road,0.1248381086770011,0.0,0.0,1.0
1882.0,ssp119_N2O_on-road_striving,0.1248381086770011,ssp119,0.1248381086770011,0.0,non-CO2,N2O,on-road,0.1248381086770011,0.0,0.0,1.0
1882.0,ssp119_Sulfur_Marine_striving,0.1248381086770011,ssp119,0.1248381086770011,0.0,non-CO2,Sulfur,Marine,0.1248381086770011,0.0,0.0,1.0
1882.0,ssp119_striving,0.1248381086770011,ssp119,0.1248381086770011,0.0,,,Other,,,,1.0
1882.0,ssp119_zero_tra,0.1248381086770011,ssp119,0.1248381086770011,0.0,,,Other,,,,1.0
1883.0,ssp119,0.14116931658527518,ssp119,0.14116931658527518,0.0,,,Other,,,,1.0
1883.0,ssp119_BC_Marine_striving,0.14116931658527518,ssp119,0.14116931658527518,0.0,non-CO2,BC,Marine,0.14116931658527518,0.0,0.0,1.0
1883.0,ssp119_BC_off-road_striving,0.14116931658527518,ssp119,0.14116931658527518,0.0,non-CO2,BC,off-road,0.14116931658527518,0.0,0.0,1.0
1883.0,ssp119_BC_on-road_striving,0.14116931658527518,ssp119,0.14116931658527518,0.0,non-CO2,BC,on-road,0.14116931658527518,0.0,0.0,1.0
1883.0,ssp119_CH4_Marine_striving,0.14116931658527518,ssp119,0.14116931658527518,0.0,non-CO2,CH4,Marine,0.14116931658527518,0.0,0.0,1.0
1883.0,ssp119_CH4_off-road_striving,0.14116931658527518,ssp119,0.14116931658527518,0.0,non-CO2,CH4,off-road,0.14116931658527518,0.0,0.0,1.0
1883.0,ssp119_CH4_on-road_striving,0.14116931658527518,ssp119,0.14116931658527518,0.0,non-CO2,CH4,on-road,0.14116931658527518,0.0,0.0,1.0
1883.0,ssp119_CO2 FFI_Marine_striving,0.14116931658527518,ssp119,0.14116931658527518,0.0,CO2,CO2 FFI,Marine,0.14116931658527518,0.0,0.0,1.0
1883.0,ssp119_CO2 FFI_off-road_striving,0.14116931658527518,ssp119,0.14116931658527518,0.0,CO2,CO2 FFI,off-road,0.14116931658527518,0.0,0.0,1.0
1883.0,ssp119_CO2 FFI_on-road_striving,0.14116931658527518,ssp119,0.14116931658527518,0.0,CO2,CO2 FFI,on-road,0.14116931658527518,0.0,0.0,1.0
1883.0,ssp119_N2O_Marine_striving,0.14116931658527518,ssp119,0.14116931658527518,0.0,non-CO2,N2O,Marine,0.14116931658527518,0.0,0.0,1.0
1883.0,ssp119_N2O_off-road_striving,0.14116931658527518,ssp119,0.14116931658527518,0.0,non-CO2,N2O,off-road,0.14116931658527518,0.0,0.0,1.0
1883.0,ssp119_N2O_on-road_striving,0.14116931658527518,ssp119,0.14116931658527518,0.0,non-CO2,N2O,on-road,0.14116931658527518,0.0,0.0,1.0
1883.0,ssp119_Sulfur_Marine_striving,0.14116931658527518,ssp119,0.14116931658527518,0.0,non-CO2,Sulfur,Marine,0.14116931658527518,0.0,0.0,1.0
1883.0,ssp119_striving,0.14116931658527518,ssp119,0.14116931658527518,0.0,,,Other,,,,1.0
1883.0,ssp119_zero_tra,0.14116931658527518,ssp119,0.14116931658527518,0.0,,,Other,,,,1.0
1884.0,ssp119,0.05674757484600675,ssp119,0.05674757484600675,0.0,,,Other,,,,1.0
1884.0,ssp119_BC_Marine_striving,0.05674757484600675,ssp119,0.05674757484600675,0.0,non-CO2,BC,Marine,0.05674757484600675,0.0,0.0,1.0
1884.0,ssp119_BC_off-road_striving,0.05674757484600675,ssp119,0.05674757484600675,0.0,non-CO2,BC,off-road,0.05674757484600675,0.0,0.0,1.0
1884.0,ssp119_BC_on-road_striving,0.05674757484600675,ssp119,0.05674757484600675,0.0,non-CO2,BC,on-road,0.05674757484600675,0.0,0.0,1.0
1884.0,ssp119_CH4_Marine_striving,0.05674757484600675,ssp119,0.05674757484600675,0.0,non-CO2,CH4,Marine,0.05674757484600675,0.0,0.0,1.0
1884.0,ssp119_CH4_off-road_striving,0.05674757484600675,ssp119,0.05674757484600675,0.0,non-CO2,CH4,off-road,0.05674757484600675,0.0,0.0,1.0
1884.0,ssp119_CH4_on-road_striving,0.05674757484600675,ssp119,0.05674757484600675,0.0,non-CO2,CH4,on-road,0.05674757484600675,0.0,0.0,1.0
1884.0,ssp119_CO2 FFI_Marine_striving,0.05674757484600675,ssp119,0.05674757484600675,0.0,CO2,CO2 FFI,Marine,0.05674757484600675,0.0,0.0,1.0
1884.0,ssp119_CO2 FFI_off-road_striving,0.05674757484600675,ssp119,0.05674757484600675,0.0,CO2,CO2 FFI,off-road,0.05674757484600675,0.0,0.0,1.0
1884.0,ssp119_CO2 FFI_on-road_striving,0.05674757484600675,ssp119,0.05674757484600675,0.0,CO2,CO2 FFI,on-road,0.05674757484600675,0.0,0.0,1.0
1884.0,ssp119_N2O_Marine_striving,0.05674757484600675,ssp119,0.05674757484600675,0.0,non-CO2,N2O,Marine,0.05674757484600675,0.0,0.0,1.0
1884.0,ssp119_N2O_off-road_striving,0.05674757484600675,ssp119,0.05674757484600675,0.0,non-CO2,N2O,off-road,0.05674757484600675,0.0,0.0,1.0
1884.0,ssp119_N2O_on-road_striving,0.05674757484600675,ssp119,0.05674757484600675,0.0,non-CO2,N2O,on-road,0.05674757484600675,0.0,0.0,1.0
1884.0,ssp119_Sulfur_Marine_striving,0.05674757484600675,ssp119,0.05674757484600675,0.0,non-CO2,Sulfur,Marine,0.05674757484600675,0.0,0.0,1.0
1884.0,ssp119_striving,0.05674757484600675,ssp119,0.05674757484600675,0.0,,,Other,,,,1.0
1884.0,ssp119_zero_tra,0.05674757484600675,ssp119,0.05674757484600675,0.0,,,Other,,,,1.0
1885.0,ssp119,-0.1916268854368732,ssp119,-0.1916268854368732,0.0,,,Other,,,,1.0
1885.0,ssp119_BC_Marine_striving,-0.1916268854368732,ssp119,-0.1916268854368732,0.0,non-CO2,BC,Marine,-0.1916268854368732,0.0,0.0,1.0
1885.0,ssp119_BC_off-road_striving,-0.1916268854368732,ssp119,-0.1916268854368732,0.0,non-CO2,BC,off-road,-0.1916268854368732,0.0,0.0,1.0
1885.0,ssp119_BC_on-road_striving,-0.1916268854368732,ssp119,-0.1916268854368732,0.0,non-CO2,BC,on-road,-0.1916268854368732,0.0,0.0,1.0
1885.0,ssp119_CH4_Marine_striving,-0.1916268854368732,ssp119,-0.1916268854368732,0.0,non-CO2,CH4,Marine,-0.1916268854368732,0.0,0.0,1.0
1885.0,ssp119_CH4_off-road_striving,-0.1916268854368732,ssp119,-0.1916268854368732,0.0,non-CO2,CH4,off-road,-0.1916268854368732,0.0,0.0,1.0
1885.0,ssp119_CH4_on-road_striving,-0.1916268854368732,ssp119,-0.1916268854368732,0.0,non-CO2,CH4,on-road,-0.1916268854368732,0.0,0.0,1.0
1885.0,ssp119_CO2 FFI_Marine_striving,-0.1916268854368732,ssp119,-0.1916268854368732,0.0,CO2,CO2 FFI,Marine,-0.1916268854368732,0.0,0.0,1.0
1885.0,ssp119_CO2 FFI_off-road_striving,-0.1916268854368732,ssp119,-0.1916268854368732,0.0,CO2,CO2 FFI,off-road,-0.1916268854368732,0.0,0.0,1.0
1885.0,ssp119_CO2 FFI_on-road_striving,-0.1916268854368732,ssp119,-0.1916268854368732,0.0,CO2,CO2 FFI,on-road,-0.1916268854368732,0.0,0.0,1.0
1885.0,ssp119_N2O_Marine_striving,-0.1916268854368732,ssp119,-0.1916268854368732,0.0,non-CO2,N2O,Marine,-0.1916268854368732,0.0,0.0,1.0
1885.0,ssp119_N2O_off-road_striving,-0.1916268854368732,ssp119,-0.1916268854368732,0.0,non-CO2,N2O,off-road,-0.1916268854368732,0.0,0.0,1.0
1885.0,ssp119_N2O_on-road_striving,-0.1916268854368732,ssp119,-0.1916268854368732,0.0,non-CO2,N2O,on-road,-0.1916268854368732,0.0,0.0,1.0
1885.0,ssp119_Sulfur_Marine_striving,-0.1916268854368732,ssp119,-0.1916268854368732,0.0,non-CO2,Sulfur,Marine,-0.1916268854368732,0.0,0.0,1.0
1885.0,ssp119_striving,-0.1916268854368732,ssp119,-0.1916268854368732,0.0,,,Other,,,,1.0
1885.0,ssp119_zero_tra,-0.1916268854368732,ssp119,-0.1916268854368732,0.0,,,Other,,,,1.0
1886.0,ssp119,-0.2405829680906307,ssp119,-0.2405829680906307,0.0,,,Other,,,,1.0
1886.0,ssp119_BC_Marine_striving,-0.2405829680906307,ssp119,-0.2405829680906307,0.0,non-CO2,BC,Marine,-0.2405829680906307,0.0,0.0,1.0
1886.0,ssp119_BC_off-road_striving,-0.2405829680906307,ssp119,-0.2405829680906307,0.0,non-CO2,BC,off-road,-0.2405829680906307,0.0,0.0,1.0
1886.0,ssp119_BC_on-road_striving,-0.2405829680906307,ssp119,-0.2405829680906307,0.0,non-CO2,BC,on-road,-0.2405829680906307,0.0,0.0,1.0
1886.0,ssp119_CH4_Marine_striving,-0.2405829680906307,ssp119,-0.2405829680906307,0.0,non-CO2,CH4,Marine,-0.2405829680906307,0.0,0.0,1.0
1886.0,ssp119_CH4_off-road_striving,-0.2405829680906307,ssp119,-0.2405829680906307,0.0,non-CO2,CH4,off-road,-0.2405829680906307,0.0,0.0,1.0
1886.0,ssp119_CH4_on-road_striving,-0.2405829680906307,ssp119,-0.2405829680906307,0.0,non-CO2,CH4,on-road,-0.2405829680906307,0.0,0.0,1.0
1886.0,ssp119_CO2 FFI_Marine_striving,-0.2405829680906307,ssp119,-0.2405829680906307,0.0,CO2,CO2 FFI,Marine,-0.2405829680906307,0.0,0.0,1.0
1886.0,ssp119_CO2 FFI_off-road_striving,-0.2405829680906307,ssp119,-0.2405829680906307,0.0,CO2,CO2 FFI,off-road,-0.2405829680906307,0.0,0.0,1.0
1886.0,ssp119_CO2 FFI_on-road_striving,-0.2405829680906307,ssp119,-0.2405829680906307,0.0,CO2,CO2 FFI,on-road,-0.2405829680906307,0.0,0.0,1.0
1886.0,ssp119_N2O_Marine_striving,-0.2405829680906307,ssp119,-0.2405829680906307,0.0,non-CO2,N2O,Marine,-0.2405829680906307,0.0,0.0,1.0
1886.0,ssp119_N2O_off-road_striving,-0.2405829680906307,ssp119,-0.2405829680906307,0.0,non-CO2,N2O,off-road,-0.2405829680906307,0.0,0.0,1.0
1886.0,ssp119_N2O_on-road_striving,-0.2405829680906307,ssp119,-0.2405829680906307,0.0,non-CO2,N2O,on-road,-0.2405829680906307,0.0,0.0,1.0
1886.0,ssp119_Sulfur_Marine_striving,-0.2405829680906307,ssp119,-0.2405829680906307,0.0,non-CO2,Sulfur,Marine,-0.2405829680906307,0.0,0.0,1.0
1886.0,ssp119_striving,-0.2405829680906307,ssp119,-0.2405829680906307,0.0,,,Other,,,,1.0
1886.0,ssp119_zero_tra,-0.2405829680906307,ssp119,-0.2405829680906307,0.0,,,Other,,,,1.0
1887.0,ssp119,-0.1698964519091136,ssp119,-0.1698964519091136,0.0,,,Other,,,,1.0
1887.0,ssp119_BC_Marine_striving,-0.1698964519091136,ssp119,-0.1698964519091136,0.0,non-CO2,BC,Marine,-0.1698964519091136,0.0,0.0,1.0
1887.0,ssp119_BC_off-road_striving,-0.1698964519091136,ssp119,-0.1698964519091136,0.0,non-CO2,BC,off-road,-0.1698964519091136,0.0,0.0,1.0
1887.0,ssp119_BC_on-road_striving,-0.1698964519091136,ssp119,-0.1698964519091136,0.0,non-CO2,BC,on-road,-0.1698964519091136,0.0,0.0,1.0
1887.0,ssp119_CH4_Marine_striving,-0.1698964519091136,ssp119,-0.1698964519091136,0.0,non-CO2,CH4,Marine,-0.1698964519091136,0.0,0.0,1.0
1887.0,ssp119_CH4_off-road_striving,-0.1698964519091136,ssp119,-0.1698964519091136,0.0,non-CO2,CH4,off-road,-0.1698964519091136,0.0,0.0,1.0
1887.0,ssp119_CH4_on-road_striving,-0.1698964519091136,ssp119,-0.1698964519091136,0.0,non-CO2,CH4,on-road,-0.1698964519091136,0.0,0.0,1.0
1887.0,ssp119_CO2 FFI_Marine_striving,-0.1698964519091136,ssp119,-0.1698964519091136,0.0,CO2,CO2 FFI,Marine,-0.1698964519091136,0.0,0.0,1.0
1887.0,ssp119_CO2 FFI_off-road_striving,-0.1698964519091136,ssp119,-0.1698964519091136,0.0,CO2,CO2 FFI,off-road,-0.1698964519091136,0.0,0.0,1.0
1887.0,ssp119_CO2 FFI_on-road_striving,-0.1698964519091136,ssp119,-0.1698964519091136,0.0,CO2,CO2 FFI,on-road,-0.1698964519091136,0.0,0.0,1.0
1887.0,ssp119_N2O_Marine_striving,-0.1698964519091136,ssp119,-0.1698964519091136,0.0,non-CO2,N2O,Marine,-0.1698964519091136,0.0,0.0,1.0
1887.0,ssp119_N2O_off-road_striving,-0.1698964519091136,ssp119,-0.1698964519091136,0.0,non-CO2,N2O,off-road,-0.1698964519091136,0.0,0.0,1.0
1887.0,ssp119_N2O_on-road_striving,-0.1698964519091136,ssp119,-0.1698964519091136,0.0,non-CO2,N2O,on-road,-0.1698964519091136,0.0,0.0,1.0
1887.0,ssp119_Sulfur_Marine_striving,-0.1698964519091136,ssp119,-0.1698964519091136,0.0,non-CO2,Sulfur,Marine,-0.1698964519091136,0.0,0.0,1.0
1887.0,ssp119_striving,-0.1698964519091136,ssp119,-0.1698964519091136,0.0,,,Other,,,,1.0
1887.0,ssp119_zero_tra,-0.1698964519091136,ssp119,-0.1698964519091136,0.0,,,Other,,,,1.0
1888.0,ssp119,-0.09762771152696399,ssp119,-0.09762771152696399,0.0,,,Other,,,,1.0
1888.0,ssp119_BC_Marine_striving,-0.09762771152696399,ssp119,-0.09762771152696399,0.0,non-CO2,BC,Marine,-0.09762771152696399,0.0,0.0,1.0
1888.0,ssp119_BC_off-road_striving,-0.09762771152696399,ssp119,-0.09762771152696399,0.0,non-CO2,BC,off-road,-0.09762771152696399,0.0,0.0,1.0
1888.0,ssp119_BC_on-road_striving,-0.09762771152696399,ssp119,-0.09762771152696399,0.0,non-CO2,BC,on-road,-0.09762771152696399,0.0,0.0,1.0
1888.0,ssp119_CH4_Marine_striving,-0.09762771152696399,ssp119,-0.09762771152696399,0.0,non-CO2,CH4,Marine,-0.09762771152696399,0.0,0.0,1.0
1888.0,ssp119_CH4_off-road_striving,-0.09762771152696399,ssp119,-0.09762771152696399,0.0,non-CO2,CH4,off-road,-0.09762771152696399,0.0,0.0,1.0
1888.0,ssp119_CH4_on-road_striving,-0.09762771152696399,ssp119,-0.09762771152696399,0.0,non-CO2,CH4,on-road,-0.09762771152696399,0.0,0.0,1.0
1888.0,ssp119_CO2 FFI_Marine_striving,-0.09762771152696399,ssp119,-0.09762771152696399,0.0,CO2,CO2 FFI,Marine,-0.09762771152696399,0.0,0.0,1.0
1888.0,ssp119_CO2 FFI_off-road_striving,-0.09762771152696399,ssp119,-0.09762771152696399,0.0,CO2,CO2 FFI,off-road,-0.09762771152696399,0.0,0.0,1.0
1888.0,ssp119_CO2 FFI_on-road_striving,-0.09762771152696399,ssp119,-0.09762771152696399,0.0,CO2,CO2 FFI,on-road,-0.09762771152696399,0.0,0.0,1.0
1888.0,ssp119_N2O_Marine_striving,-0.09762771152696399,ssp119,-0.09762771152696399,0.0,non-CO2,N2O,Marine,-0.09762771152696399,0.0,0.0,1.0
1888.0,ssp119_N2O_off-road_striving,-0.09762771152696399,ssp119,-0.09762771152696399,0.0,non-CO2,N2O,off-road,-0.09762771152696399,0.0,0.0,1.0
1888.0,ssp119_N2O_on-road_striving,-0.09762771152696399,ssp119,-0.09762771152696399,0.0,non-CO2,N2O,on-road,-0.09762771152696399,0.0,0.0,1.0
1888.0,ssp119_Sulfur_Marine_striving,-0.09762771152696399,ssp119,-0.09762771152696399,0.0,non-CO2,Sulfur,Marine,-0.09762771152696399,0.0,0.0,1.0
1888.0,ssp119_striving,-0.09762771152696399,ssp119,-0.09762771152696399,0.0,,,Other,,,,1.0
1888.0,ssp119_zero_tra,-0.09762771152696399,ssp119,-0.09762771152696399,0.0,,,Other,,,,1.0
1889.0,ssp119,-0.045300715892073726,ssp119,-0.045300715892073726,0.0,,,Other,,,,1.0
1889.0,ssp119_BC_Marine_striving,-0.045300715892073726,ssp119,-0.045300715892073726,0.0,non-CO2,BC,Marine,-0.045300715892073726,0.0,0.0,1.0
1889.0,ssp119_BC_off-road_striving,-0.045300715892073726,ssp119,-0.045300715892073726,0.0,non-CO2,BC,off-road,-0.045300715892073726,0.0,0.0,1.0
1889.0,ssp119_BC_on-road_striving,-0.045300715892073726,ssp119,-0.045300715892073726,0.0,non-CO2,BC,on-road,-0.045300715892073726,0.0,0.0,1.0
1889.0,ssp119_CH4_Marine_striving,-0.045300715892073726,ssp119,-0.045300715892073726,0.0,non-CO2,CH4,Marine,-0.045300715892073726,0.0,0.0,1.0
1889.0,ssp119_CH4_off-road_striving,-0.045300715892073726,ssp119,-0.045300715892073726,0.0,non-CO2,CH4,off-road,-0.045300715892073726,0.0,0.0,1.0
1889.0,ssp119_CH4_on-road_striving,-0.045300715892073726,ssp119,-0.045300715892073726,0.0,non-CO2,CH4,on-road,-0.045300715892073726,0.0,0.0,1.0
1889.0,ssp119_CO2 FFI_Marine_striving,-0.045300715892073726,ssp119,-0.045300715892073726,0.0,CO2,CO2 FFI,Marine,-0.045300715892073726,0.0,0.0,1.0
1889.0,ssp119_CO2 FFI_off-road_striving,-0.045300715892073726,ssp119,-0.045300715892073726,0.0,CO2,CO2 FFI,off-road,-0.045300715892073726,0.0,0.0,1.0
1889.0,ssp119_CO2 FFI_on-road_striving,-0.045300715892073726,ssp119,-0.045300715892073726,0.0,CO2,CO2 FFI,on-road,-0.045300715892073726,0.0,0.0,1.0
1889.0,ssp119_N2O_Marine_striving,-0.045300715892073726,ssp119,-0.045300715892073726,0.0,non-CO2,N2O,Marine,-0.045300715892073726,0.0,0.0,1.0
1889.0,ssp119_N2O_off-road_striving,-0.045300715892073726,ssp119,-0.045300715892073726,0.0,non-CO2,N2O,off-road,-0.045300715892073726,0.0,0.0,1.0
1889.0,ssp119_N2O_on-road_striving,-0.045300715892073726,ssp119,-0.045300715892073726,0.0,non-CO2,N2O,on-road,-0.045300715892073726,0.0,0.0,1.0
1889.0,ssp119_Sulfur_Marine_striving,-0.045300715892073726,ssp119,-0.045300715892073726,0.0,non-CO2,Sulfur,Marine,-0.045300715892073726,0.0,0.0,1.0
1889.0,ssp119_striving,-0.045300715892073726,ssp119,-0.045300715892073726,0.0,,,Other,,,,1.0
1889.0,ssp119_zero_tra,-0.045300715892073726,ssp119,-0.045300715892073726,0.0,,,Other,,,,1.0
1890.0,ssp119,0.015173752085442003,ssp119,0.015173752085442003,0.0,,,Other,,,,1.0
1890.0,ssp119_BC_Marine_striving,0.015173752085442003,ssp119,0.015173752085442003,0.0,non-CO2,BC,Marine,0.015173752085442003,0.0,0.0,1.0
1890.0,ssp119_BC_off-road_striving,0.015173752085442003,ssp119,0.015173752085442003,0.0,non-CO2,BC,off-road,0.015173752085442003,0.0,0.0,1.0
1890.0,ssp119_BC_on-road_striving,0.015173752085442003,ssp119,0.015173752085442003,0.0,non-CO2,BC,on-road,0.015173752085442003,0.0,0.0,1.0
1890.0,ssp119_CH4_Marine_striving,0.015173752085442003,ssp119,0.015173752085442003,0.0,non-CO2,CH4,Marine,0.015173752085442003,0.0,0.0,1.0
1890.0,ssp119_CH4_off-road_striving,0.015173752085442003,ssp119,0.015173752085442003,0.0,non-CO2,CH4,off-road,0.015173752085442003,0.0,0.0,1.0
1890.0,ssp119_CH4_on-road_striving,0.015173752085442003,ssp119,0.015173752085442003,0.0,non-CO2,CH4,on-road,0.015173752085442003,0.0,0.0,1.0
1890.0,ssp119_CO2 FFI_Marine_striving,0.015173752085442003,ssp119,0.015173752085442003,0.0,CO2,CO2 FFI,Marine,0.015173752085442003,0.0,0.0,1.0
1890.0,ssp119_CO2 FFI_off-road_striving,0.015173752085442003,ssp119,0.015173752085442003,0.0,CO2,CO2 FFI,off-road,0.015173752085442003,0.0,0.0,1.0
1890.0,ssp119_CO2 FFI_on-road_striving,0.015173752085442003,ssp119,0.015173752085442003,0.0,CO2,CO2 FFI,on-road,0.015173752085442003,0.0,0.0,1.0
1890.0,ssp119_N2O_Marine_striving,0.015173752085442003,ssp119,0.015173752085442003,0.0,non-CO2,N2O,Marine,0.015173752085442003,0.0,0.0,1.0
1890.0,ssp119_N2O_off-road_striving,0.015173752085442003,ssp119,0.015173752085442003,0.0,non-CO2,N2O,off-road,0.015173752085442003,0.0,0.0,1.0
1890.0,ssp119_N2O_on-road_striving,0.015173752085442003,ssp119,0.015173752085442003,0.0,non-CO2,N2O,on-road,0.015173752085442003,0.0,0.0,1.0
1890.0,ssp119_Sulfur_Marine_striving,0.015173752085442003,ssp119,0.015173752085442003,0.0,non-CO2,Sulfur,Marine,0.015173752085442003,0.0,0.0,1.0
1890.0,ssp119_striving,0.015173752085442003,ssp119,0.015173752085442003,0.0,,,Other,,,,1.0
1890.0,ssp119_zero_tra,0.015173752085442003,ssp119,0.015173752085442003,0.0,,,Other,,,,1.0
1891.0,ssp119,0.024860543060958716,ssp119,0.024860543060958716,0.0,,,Other,,,,1.0
1891.0,ssp119_BC_Marine_striving,0.024860543060958716,ssp119,0.024860543060958716,0.0,non-CO2,BC,Marine,0.024860543060958716,0.0,0.0,1.0
1891.0,ssp119_BC_off-road_striving,0.024860543060958716,ssp119,0.024860543060958716,0.0,non-CO2,BC,off-road,0.024860543060958716,0.0,0.0,1.0
1891.0,ssp119_BC_on-road_striving,0.024860543060958716,ssp119,0.024860543060958716,0.0,non-CO2,BC,on-road,0.024860543060958716,0.0,0.0,1.0
1891.0,ssp119_CH4_Marine_striving,0.024860543060958716,ssp119,0.024860543060958716,0.0,non-CO2,CH4,Marine,0.024860543060958716,0.0,0.0,1.0
1891.0,ssp119_CH4_off-road_striving,0.024860543060958716,ssp119,0.024860543060958716,0.0,non-CO2,CH4,off-road,0.024860543060958716,0.0,0.0,1.0
1891.0,ssp119_CH4_on-road_striving,0.024860543060958716,ssp119,0.024860543060958716,0.0,non-CO2,CH4,on-road,0.024860543060958716,0.0,0.0,1.0
1891.0,ssp119_CO2 FFI_Marine_striving,0.024860543060958716,ssp119,0.024860543060958716,0.0,CO2,CO2 FFI,Marine,0.024860543060958716,0.0,0.0,1.0
1891.0,ssp119_CO2 FFI_off-road_striving,0.024860543060958716,ssp119,0.024860543060958716,0.0,CO2,CO2 FFI,off-road,0.024860543060958716,0.0,0.0,1.0
1891.0,ssp119_CO2 FFI_on-road_striving,0.024860543060958716,ssp119,0.024860543060958716,0.0,CO2,CO2 FFI,on-road,0.024860543060958716,0.0,0.0,1.0
1891.0,ssp119_N2O_Marine_striving,0.024860543060958716,ssp119,0.024860543060958716,0.0,non-CO2,N2O,Marine,0.024860543060958716,0.0,0.0,1.0
1891.0,ssp119_N2O_off-road_striving,0.024860543060958716,ssp119,0.024860543060958716,0.0,non-CO2,N2O,off-road,0.024860543060958716,0.0,0.0,1.0
1891.0,ssp119_N2O_on-road_striving,0.024860543060958716,ssp119,0.024860543060958716,0.0,non-CO2,N2O,on-road,0.024860543060958716,0.0,0.0,1.0
1891.0,ssp119_Sulfur_Marine_striving,0.024860543060958716,ssp119,0.024860543060958716,0.0,non-CO2,Sulfur,Marine,0.024860543060958716,0.0,0.0,1.0
1891.0,ssp119_striving,0.024860543060958716,ssp119,0.024860543060958716,0.0,,,Other,,,,1.0
1891.0,ssp119_zero_tra,0.024860543060958716,ssp119,0.024860543060958716,0.0,,,Other,,,,1.0
1892.0,ssp119,0.0117614976436906,ssp119,0.0117614976436906,0.0,,,Other,,,,1.0
1892.0,ssp119_BC_Marine_striving,0.0117614976436906,ssp119,0.0117614976436906,0.0,non-CO2,BC,Marine,0.0117614976436906,0.0,0.0,1.0
1892.0,ssp119_BC_off-road_striving,0.0117614976436906,ssp119,0.0117614976436906,0.0,non-CO2,BC,off-road,0.0117614976436906,0.0,0.0,1.0
1892.0,ssp119_BC_on-road_striving,0.0117614976436906,ssp119,0.0117614976436906,0.0,non-CO2,BC,on-road,0.0117614976436906,0.0,0.0,1.0
1892.0,ssp119_CH4_Marine_striving,0.0117614976436906,ssp119,0.0117614976436906,0.0,non-CO2,CH4,Marine,0.0117614976436906,0.0,0.0,1.0
1892.0,ssp119_CH4_off-road_striving,0.0117614976436906,ssp119,0.0117614976436906,0.0,non-CO2,CH4,off-road,0.0117614976436906,0.0,0.0,1.0
1892.0,ssp119_CH4_on-road_striving,0.0117614976436906,ssp119,0.0117614976436906,0.0,non-CO2,CH4,on-road,0.0117614976436906,0.0,0.0,1.0
1892.0,ssp119_CO2 FFI_Marine_striving,0.0117614976436906,ssp119,0.0117614976436906,0.0,CO2,CO2 FFI,Marine,0.0117614976436906,0.0,0.0,1.0
1892.0,ssp119_CO2 FFI_off-road_striving,0.0117614976436906,ssp119,0.0117614976436906,0.0,CO2,CO2 FFI,off-road,0.0117614976436906,0.0,0.0,1.0
1892.0,ssp119_CO2 FFI_on-road_striving,0.0117614976436906,ssp119,0.0117614976436906,0.0,CO2,CO2 FFI,on-road,0.0117614976436906,0.0,0.0,1.0
1892.0,ssp119_N2O_Marine_striving,0.0117614976436906,ssp119,0.0117614976436906,0.0,non-CO2,N2O,Marine,0.0117614976436906,0.0,0.0,1.0
1892.0,ssp119_N2O_off-road_striving,0.0117614976436906,ssp119,0.0117614976436906,0.0,non-CO2,N2O,off-road,0.0117614976436906,0.0,0.0,1.0
1892.0,ssp119_N2O_on-road_striving,0.0117614976436906,ssp119,0.0117614976436906,0.0,non-CO2,N2O,on-road,0.0117614976436906,0.0,0.0,1.0
1892.0,ssp119_Sulfur_Marine_striving,0.0117614976436906,ssp119,0.0117614976436906,0.0,non-CO2,Sulfur,Marine,0.0117614976436906,0.0,0.0,1.0
1892.0,ssp119_striving,0.0117614976436906,ssp119,0.0117614976436906,0.0,,,Other,,,,1.0
1892.0,ssp119_zero_tra,0.0117614976436906,ssp119,0.0117614976436906,0.0,,,Other,,,,1.0
1893.0,ssp119,0.0038057297938896293,ssp119,0.0038057297938896293,0.0,,,Other,,,,1.0
1893.0,ssp119_BC_Marine_striving,0.0038057297938896293,ssp119,0.0038057297938896293,0.0,non-CO2,BC,Marine,0.0038057297938896293,0.0,0.0,1.0
1893.0,ssp119_BC_off-road_striving,0.0038057297938896293,ssp119,0.0038057297938896293,0.0,non-CO2,BC,off-road,0.0038057297938896293,0.0,0.0,1.0
1893.0,ssp119_BC_on-road_striving,0.0038057297938896293,ssp119,0.0038057297938896293,0.0,non-CO2,BC,on-road,0.0038057297938896293,0.0,0.0,1.0
1893.0,ssp119_CH4_Marine_striving,0.0038057297938896293,ssp119,0.0038057297938896293,0.0,non-CO2,CH4,Marine,0.0038057297938896293,0.0,0.0,1.0
1893.0,ssp119_CH4_off-road_striving,0.0038057297938896293,ssp119,0.0038057297938896293,0.0,non-CO2,CH4,off-road,0.0038057297938896293,0.0,0.0,1.0
1893.0,ssp119_CH4_on-road_striving,0.0038057297938896293,ssp119,0.0038057297938896293,0.0,non-CO2,CH4,on-road,0.0038057297938896293,0.0,0.0,1.0
1893.0,ssp119_CO2 FFI_Marine_striving,0.0038057297938896293,ssp119,0.0038057297938896293,0.0,CO2,CO2 FFI,Marine,0.0038057297938896293,0.0,0.0,1.0
1893.0,ssp119_CO2 FFI_off-road_striving,0.0038057297938896293,ssp119,0.0038057297938896293,0.0,CO2,CO2 FFI,off-road,0.0038057297938896293,0.0,0.0,1.0
1893.0,ssp119_CO2 FFI_on-road_striving,0.0038057297938896293,ssp119,0.0038057297938896293,0.0,CO2,CO2 FFI,on-road,0.0038057297938896293,0.0,0.0,1.0
1893.0,ssp119_N2O_Marine_striving,0.0038057297938896293,ssp119,0.0038057297938896293,0.0,non-CO2,N2O,Marine,0.0038057297938896293,0.0,0.0,1.0
1893.0,ssp119_N2O_off-road_striving,0.0038057297938896293,ssp119,0.0038057297938896293,0.0,non-CO2,N2O,off-road,0.0038057297938896293,0.0,0.0,1.0
1893.0,ssp119_N2O_on-road_striving,0.0038057297938896293,ssp119,0.0038057297938896293,0.0,non-CO2,N2O,on-road,0.0038057297938896293,0.0,0.0,1.0
1893.0,ssp119_Sulfur_Marine_striving,0.0038057297938896293,ssp119,0.0038057297938896293,0.0,non-CO2,Sulfur,Marine,0.0038057297938896293,0.0,0.0,1.0
1893.0,ssp119_striving,0.0038057297938896293,ssp119,0.0038057297938896293,0.0,,,Other,,,,1.0
1893.0,ssp119_zero_tra,0.0038057297938896293,ssp119,0.0038057297938896293,0.0,,,Other,,,,1.0
1894.0,ssp119,0.04454164903709961,ssp119,0.04454164903709961,0.0,,,Other,,,,1.0
1894.0,ssp119_BC_Marine_striving,0.04454164903709961,ssp119,0.04454164903709961,0.0,non-CO2,BC,Marine,0.04454164903709961,0.0,0.0,1.0
1894.0,ssp119_BC_off-road_striving,0.04454164903709961,ssp119,0.04454164903709961,0.0,non-CO2,BC,off-road,0.04454164903709961,0.0,0.0,1.0
1894.0,ssp119_BC_on-road_striving,0.04454164903709961,ssp119,0.04454164903709961,0.0,non-CO2,BC,on-road,0.04454164903709961,0.0,0.0,1.0
1894.0,ssp119_CH4_Marine_striving,0.04454164903709961,ssp119,0.04454164903709961,0.0,non-CO2,CH4,Marine,0.04454164903709961,0.0,0.0,1.0
1894.0,ssp119_CH4_off-road_striving,0.04454164903709961,ssp119,0.04454164903709961,0.0,non-CO2,CH4,off-road,0.04454164903709961,0.0,0.0,1.0
1894.0,ssp119_CH4_on-road_striving,0.04454164903709961,ssp119,0.04454164903709961,0.0,non-CO2,CH4,on-road,0.04454164903709961,0.0,0.0,1.0
1894.0,ssp119_CO2 FFI_Marine_striving,0.04454164903709961,ssp119,0.04454164903709961,0.0,CO2,CO2 FFI,Marine,0.04454164903709961,0.0,0.0,1.0
1894.0,ssp119_CO2 FFI_off-road_striving,0.04454164903709961,ssp119,0.04454164903709961,0.0,CO2,CO2 FFI,off-road,0.04454164903709961,0.0,0.0,1.0
1894.0,ssp119_CO2 FFI_on-road_striving,0.04454164903709961,ssp119,0.04454164903709961,0.0,CO2,CO2 FFI,on-road,0.04454164903709961,0.0,0.0,1.0
1894.0,ssp119_N2O_Marine_striving,0.04454164903709961,ssp119,0.04454164903709961,0.0,non-CO2,N2O,Marine,0.04454164903709961,0.0,0.0,1.0
1894.0,ssp119_N2O_off-road_striving,0.04454164903709961,ssp119,0.04454164903709961,0.0,non-CO2,N2O,off-road,0.04454164903709961,0.0,0.0,1.0
1894.0,ssp119_N2O_on-road_striving,0.04454164903709961,ssp119,0.04454164903709961,0.0,non-CO2,N2O,on-road,0.04454164903709961,0.0,0.0,1.0
1894.0,ssp119_Sulfur_Marine_striving,0.04454164903709961,ssp119,0.04454164903709961,0.0,non-CO2,Sulfur,Marine,0.04454164903709961,0.0,0.0,1.0
1894.0,ssp119_striving,0.04454164903709961,ssp119,0.04454164903709961,0.0,,,Other,,,,1.0
1894.0,ssp119_zero_tra,0.04454164903709961,ssp119,0.04454164903709961,0.0,,,Other,,,,1.0
1895.0,ssp119,0.07042767013064263,ssp119,0.07042767013064263,0.0,,,Other,,,,1.0
1895.0,ssp119_BC_Marine_striving,0.07042767013064263,ssp119,0.07042767013064263,0.0,non-CO2,BC,Marine,0.07042767013064263,0.0,0.0,1.0
1895.0,ssp119_BC_off-road_striving,0.07042767013064263,ssp119,0.07042767013064263,0.0,non-CO2,BC,off-road,0.07042767013064263,0.0,0.0,1.0
1895.0,ssp119_BC_on-road_striving,0.07042767013064263,ssp119,0.07042767013064263,0.0,non-CO2,BC,on-road,0.07042767013064263,0.0,0.0,1.0
1895.0,ssp119_CH4_Marine_striving,0.07042767013064263,ssp119,0.07042767013064263,0.0,non-CO2,CH4,Marine,0.07042767013064263,0.0,0.0,1.0
1895.0,ssp119_CH4_off-road_striving,0.07042767013064263,ssp119,0.07042767013064263,0.0,non-CO2,CH4,off-road,0.07042767013064263,0.0,0.0,1.0
1895.0,ssp119_CH4_on-road_striving,0.07042767013064263,ssp119,0.07042767013064263,0.0,non-CO2,CH4,on-road,0.07042767013064263,0.0,0.0,1.0
1895.0,ssp119_CO2 FFI_Marine_striving,0.07042767013064263,ssp119,0.07042767013064263,0.0,CO2,CO2 FFI,Marine,0.07042767013064263,0.0,0.0,1.0
1895.0,ssp119_CO2 FFI_off-road_striving,0.07042767013064263,ssp119,0.07042767013064263,0.0,CO2,CO2 FFI,off-road,0.07042767013064263,0.0,0.0,1.0
1895.0,ssp119_CO2 FFI_on-road_striving,0.07042767013064263,ssp119,0.07042767013064263,0.0,CO2,CO2 FFI,on-road,0.07042767013064263,0.0,0.0,1.0
1895.0,ssp119_N2O_Marine_striving,0.07042767013064263,ssp119,0.07042767013064263,0.0,non-CO2,N2O,Marine,0.07042767013064263,0.0,0.0,1.0
1895.0,ssp119_N2O_off-road_striving,0.07042767013064263,ssp119,0.07042767013064263,0.0,non-CO2,N2O,off-road,0.07042767013064263,0.0,0.0,1.0
1895.0,ssp119_N2O_on-road_striving,0.07042767013064263,ssp119,0.07042767013064263,0.0,non-CO2,N2O,on-road,0.07042767013064263,0.0,0.0,1.0
1895.0,ssp119_Sulfur_Marine_striving,0.07042767013064263,ssp119,0.07042767013064263,0.0,non-CO2,Sulfur,Marine,0.07042767013064263,0.0,0.0,1.0
1895.0,ssp119_striving,0.07042767013064263,ssp119,0.07042767013064263,0.0,,,Other,,,,1.0
1895.0,ssp119_zero_tra,0.07042767013064263,ssp119,0.07042767013064263,0.0,,,Other,,,,1.0
1896.0,ssp119,0.1023977382187168,ssp119,0.1023977382187168,0.0,,,Other,,,,1.0
1896.0,ssp119_BC_Marine_striving,0.1023977382187168,ssp119,0.1023977382187168,0.0,non-CO2,BC,Marine,0.1023977382187168,0.0,0.0,1.0
1896.0,ssp119_BC_off-road_striving,0.1023977382187168,ssp119,0.1023977382187168,0.0,non-CO2,BC,off-road,0.1023977382187168,0.0,0.0,1.0
1896.0,ssp119_BC_on-road_striving,0.1023977382187168,ssp119,0.1023977382187168,0.0,non-CO2,BC,on-road,0.1023977382187168,0.0,0.0,1.0
1896.0,ssp119_CH4_Marine_striving,0.1023977382187168,ssp119,0.1023977382187168,0.0,non-CO2,CH4,Marine,0.1023977382187168,0.0,0.0,1.0
1896.0,ssp119_CH4_off-road_striving,0.1023977382187168,ssp119,0.1023977382187168,0.0,non-CO2,CH4,off-road,0.1023977382187168,0.0,0.0,1.0
1896.0,ssp119_CH4_on-road_striving,0.1023977382187168,ssp119,0.1023977382187168,0.0,non-CO2,CH4,on-road,0.1023977382187168,0.0,0.0,1.0
1896.0,ssp119_CO2 FFI_Marine_striving,0.1023977382187168,ssp119,0.1023977382187168,0.0,CO2,CO2 FFI,Marine,0.1023977382187168,0.0,0.0,1.0
1896.0,ssp119_CO2 FFI_off-road_striving,0.1023977382187168,ssp119,0.1023977382187168,0.0,CO2,CO2 FFI,off-road,0.1023977382187168,0.0,0.0,1.0
1896.0,ssp119_CO2 FFI_on-road_striving,0.1023977382187168,ssp119,0.1023977382187168,0.0,CO2,CO2 FFI,on-road,0.1023977382187168,0.0,0.0,1.0
1896.0,ssp119_N2O_Marine_striving,0.1023977382187168,ssp119,0.1023977382187168,0.0,non-CO2,N2O,Marine,0.1023977382187168,0.0,0.0,1.0
1896.0,ssp119_N2O_off-road_striving,0.1023977382187168,ssp119,0.1023977382187168,0.0,non-CO2,N2O,off-road,0.1023977382187168,0.0,0.0,1.0
1896.0,ssp119_N2O_on-road_striving,0.1023977382187168,ssp119,0.1023977382187168,0.0,non-CO2,N2O,on-road,0.1023977382187168,0.0,0.0,1.0
1896.0,ssp119_Sulfur_Marine_striving,0.1023977382187168,ssp119,0.1023977382187168,0.0,non-CO2,Sulfur,Marine,0.1023977382187168,0.0,0.0,1.0
1896.0,ssp119_striving,0.1023977382187168,ssp119,0.1023977382187168,0.0,,,Other,,,,1.0
1896.0,ssp119_zero_tra,0.1023977382187168,ssp119,0.1023977382187168,0.0,,,Other,,,,1.0
1897.0,ssp119,0.10883256762353316,ssp119,0.10883256762353316,0.0,,,Other,,,,1.0
1897.0,ssp119_BC_Marine_striving,0.10883256762353316,ssp119,0.10883256762353316,0.0,non-CO2,BC,Marine,0.10883256762353316,0.0,0.0,1.0
1897.0,ssp119_BC_off-road_striving,0.10883256762353316,ssp119,0.10883256762353316,0.0,non-CO2,BC,off-road,0.10883256762353316,0.0,0.0,1.0
1897.0,ssp119_BC_on-road_striving,0.10883256762353316,ssp119,0.10883256762353316,0.0,non-CO2,BC,on-road,0.10883256762353316,0.0,0.0,1.0
1897.0,ssp119_CH4_Marine_striving,0.10883256762353316,ssp119,0.10883256762353316,0.0,non-CO2,CH4,Marine,0.10883256762353316,0.0,0.0,1.0
1897.0,ssp119_CH4_off-road_striving,0.10883256762353316,ssp119,0.10883256762353316,0.0,non-CO2,CH4,off-road,0.10883256762353316,0.0,0.0,1.0
1897.0,ssp119_CH4_on-road_striving,0.10883256762353316,ssp119,0.10883256762353316,0.0,non-CO2,CH4,on-road,0.10883256762353316,0.0,0.0,1.0
1897.0,ssp119_CO2 FFI_Marine_striving,0.10883256762353316,ssp119,0.10883256762353316,0.0,CO2,CO2 FFI,Marine,0.10883256762353316,0.0,0.0,1.0
1897.0,ssp119_CO2 FFI_off-road_striving,0.10883256762353316,ssp119,0.10883256762353316,0.0,CO2,CO2 FFI,off-road,0.10883256762353316,0.0,0.0,1.0
1897.0,ssp119_CO2 FFI_on-road_striving,0.10883256762353316,ssp119,0.10883256762353316,0.0,CO2,CO2 FFI,on-road,0.10883256762353316,0.0,0.0,1.0
1897.0,ssp119_N2O_Marine_striving,0.10883256762353316,ssp119,0.10883256762353316,0.0,non-CO2,N2O,Marine,0.10883256762353316,0.0,0.0,1.0
1897.0,ssp119_N2O_off-road_striving,0.10883256762353316,ssp119,0.10883256762353316,0.0,non-CO2,N2O,off-road,0.10883256762353316,0.0,0.0,1.0
1897.0,ssp119_N2O_on-road_striving,0.10883256762353316,ssp119,0.10883256762353316,0.0,non-CO2,N2O,on-road,0.10883256762353316,0.0,0.0,1.0
1897.0,ssp119_Sulfur_Marine_striving,0.10883256762353316,ssp119,0.10883256762353316,0.0,non-CO2,Sulfur,Marine,0.10883256762353316,0.0,0.0,1.0
1897.0,ssp119_striving,0.10883256762353316,ssp119,0.10883256762353316,0.0,,,Other,,,,1.0
1897.0,ssp119_zero_tra,0.10883256762353316,ssp119,0.10883256762353316,0.0,,,Other,,,,1.0
1898.0,ssp119,0.10643663139120718,ssp119,0.10643663139120718,0.0,,,Other,,,,1.0
1898.0,ssp119_BC_Marine_striving,0.10643663139120718,ssp119,0.10643663139120718,0.0,non-CO2,BC,Marine,0.10643663139120718,0.0,0.0,1.0
1898.0,ssp119_BC_off-road_striving,0.10643663139120718,ssp119,0.10643663139120718,0.0,non-CO2,BC,off-road,0.10643663139120718,0.0,0.0,1.0
1898.0,ssp119_BC_on-road_striving,0.10643663139120718,ssp119,0.10643663139120718,0.0,non-CO2,BC,on-road,0.10643663139120718,0.0,0.0,1.0
1898.0,ssp119_CH4_Marine_striving,0.10643663139120718,ssp119,0.10643663139120718,0.0,non-CO2,CH4,Marine,0.10643663139120718,0.0,0.0,1.0
1898.0,ssp119_CH4_off-road_striving,0.10643663139120718,ssp119,0.10643663139120718,0.0,non-CO2,CH4,off-road,0.10643663139120718,0.0,0.0,1.0
1898.0,ssp119_CH4_on-road_striving,0.10643663139120718,ssp119,0.10643663139120718,0.0,non-CO2,CH4,on-road,0.10643663139120718,0.0,0.0,1.0
1898.0,ssp119_CO2 FFI_Marine_striving,0.10643663139120718,ssp119,0.10643663139120718,0.0,CO2,CO2 FFI,Marine,0.10643663139120718,0.0,0.0,1.0
1898.0,ssp119_CO2 FFI_off-road_striving,0.10643663139120718,ssp119,0.10643663139120718,0.0,CO2,CO2 FFI,off-road,0.10643663139120718,0.0,0.0,1.0
1898.0,ssp119_CO2 FFI_on-road_striving,0.10643663139120718,ssp119,0.10643663139120718,0.0,CO2,CO2 FFI,on-road,0.10643663139120718,0.0,0.0,1.0
1898.0,ssp119_N2O_Marine_striving,0.10643663139120718,ssp119,0.10643663139120718,0.0,non-CO2,N2O,Marine,0.10643663139120718,0.0,0.0,1.0
1898.0,ssp119_N2O_off-road_striving,0.10643663139120718,ssp119,0.10643663139120718,0.0,non-CO2,N2O,off-road,0.10643663139120718,0.0,0.0,1.0
1898.0,ssp119_N2O_on-road_striving,0.10643663139120718,ssp119,0.10643663139120718,0.0,non-CO2,N2O,on-road,0.10643663139120718,0.0,0.0,1.0
1898.0,ssp119_Sulfur_Marine_striving,0.10643663139120718,ssp119,0.10643663139120718,0.0,non-CO2,Sulfur,Marine,0.10643663139120718,0.0,0.0,1.0
1898.0,ssp119_striving,0.10643663139120718,ssp119,0.10643663139120718,0.0,,,Other,,,,1.0
1898.0,ssp119_zero_tra,0.10643663139120718,ssp119,0.10643663139120718,0.0,,,Other,,,,1.0
1899.0,ssp119,0.1138495511597531,ssp119,0.1138495511597531,0.0,,,Other,,,,1.0
1899.0,ssp119_BC_Marine_striving,0.1138495511597531,ssp119,0.1138495511597531,0.0,non-CO2,BC,Marine,0.1138495511597531,0.0,0.0,1.0
1899.0,ssp119_BC_off-road_striving,0.1138495511597531,ssp119,0.1138495511597531,0.0,non-CO2,BC,off-road,0.1138495511597531,0.0,0.0,1.0
1899.0,ssp119_BC_on-road_striving,0.1138495511597531,ssp119,0.1138495511597531,0.0,non-CO2,BC,on-road,0.1138495511597531,0.0,0.0,1.0
1899.0,ssp119_CH4_Marine_striving,0.1138495511597531,ssp119,0.1138495511597531,0.0,non-CO2,CH4,Marine,0.1138495511597531,0.0,0.0,1.0
1899.0,ssp119_CH4_off-road_striving,0.1138495511597531,ssp119,0.1138495511597531,0.0,non-CO2,CH4,off-road,0.1138495511597531,0.0,0.0,1.0
1899.0,ssp119_CH4_on-road_striving,0.1138495511597531,ssp119,0.1138495511597531,0.0,non-CO2,CH4,on-road,0.1138495511597531,0.0,0.0,1.0
1899.0,ssp119_CO2 FFI_Marine_striving,0.1138495511597531,ssp119,0.1138495511597531,0.0,CO2,CO2 FFI,Marine,0.1138495511597531,0.0,0.0,1.0
1899.0,ssp119_CO2 FFI_off-road_striving,0.1138495511597531,ssp119,0.1138495511597531,0.0,CO2,CO2 FFI,off-road,0.1138495511597531,0.0,0.0,1.0
1899.0,ssp119_CO2 FFI_on-road_striving,0.1138495511597531,ssp119,0.1138495511597531,0.0,CO2,CO2 FFI,on-road,0.1138495511597531,0.0,0.0,1.0
1899.0,ssp119_N2O_Marine_striving,0.1138495511597531,ssp119,0.1138495511597531,0.0,non-CO2,N2O,Marine,0.1138495511597531,0.0,0.0,1.0
1899.0,ssp119_N2O_off-road_striving,0.1138495511597531,ssp119,0.1138495511597531,0.0,non-CO2,N2O,off-road,0.1138495511597531,0.0,0.0,1.0
1899.0,ssp119_N2O_on-road_striving,0.1138495511597531,ssp119,0.1138495511597531,0.0,non-CO2,N2O,on-road,0.1138495511597531,0.0,0.0,1.0
1899.0,ssp119_Sulfur_Marine_striving,0.1138495511597531,ssp119,0.1138495511597531,0.0,non-CO2,Sulfur,Marine,0.1138495511597531,0.0,0.0,1.0
1899.0,ssp119_striving,0.1138495511597531,ssp119,0.1138495511597531,0.0,,,Other,,,,1.0
1899.0,ssp119_zero_tra,0.1138495511597531,ssp119,0.1138495511597531,0.0,,,Other,,,,1.0
1900.0,ssp119,0.10920343512204252,ssp119,0.10920343512204252,0.0,,,Other,,,,1.0
1900.0,ssp119_BC_Marine_striving,0.10920343512204252,ssp119,0.10920343512204252,0.0,non-CO2,BC,Marine,0.10920343512204252,0.0,0.0,1.0
1900.0,ssp119_BC_off-road_striving,0.10920343512204252,ssp119,0.10920343512204252,0.0,non-CO2,BC,off-road,0.10920343512204252,0.0,0.0,1.0
1900.0,ssp119_BC_on-road_striving,0.10920343512204252,ssp119,0.10920343512204252,0.0,non-CO2,BC,on-road,0.10920343512204252,0.0,0.0,1.0
1900.0,ssp119_CH4_Marine_striving,0.10920343512204252,ssp119,0.10920343512204252,0.0,non-CO2,CH4,Marine,0.10920343512204252,0.0,0.0,1.0
1900.0,ssp119_CH4_off-road_striving,0.10920343512204252,ssp119,0.10920343512204252,0.0,non-CO2,CH4,off-road,0.10920343512204252,0.0,0.0,1.0
1900.0,ssp119_CH4_on-road_striving,0.10920343512204252,ssp119,0.10920343512204252,0.0,non-CO2,CH4,on-road,0.10920343512204252,0.0,0.0,1.0
1900.0,ssp119_CO2 FFI_Marine_striving,0.10920343512204252,ssp119,0.10920343512204252,0.0,CO2,CO2 FFI,Marine,0.10920343512204252,0.0,0.0,1.0
1900.0,ssp119_CO2 FFI_off-road_striving,0.10920343512204252,ssp119,0.10920343512204252,0.0,CO2,CO2 FFI,off-road,0.10920343512204252,0.0,0.0,1.0
1900.0,ssp119_CO2 FFI_on-road_striving,0.10920343512204252,ssp119,0.10920343512204252,0.0,CO2,CO2 FFI,on-road,0.10920343512204252,0.0,0.0,1.0
1900.0,ssp119_N2O_Marine_striving,0.10920343512204252,ssp119,0.10920343512204252,0.0,non-CO2,N2O,Marine,0.10920343512204252,0.0,0.0,1.0
1900.0,ssp119_N2O_off-road_striving,0.10920343512204252,ssp119,0.10920343512204252,0.0,non-CO2,N2O,off-road,0.10920343512204252,0.0,0.0,1.0
1900.0,ssp119_N2O_on-road_striving,0.10920343512204252,ssp119,0.10920343512204252,0.0,non-CO2,N2O,on-road,0.10920343512204252,0.0,0.0,1.0
1900.0,ssp119_Sulfur_Marine_striving,0.10920343512204252,ssp119,0.10920343512204252,0.0,non-CO2,Sulfur,Marine,0.10920343512204252,0.0,0.0,1.0
1900.0,ssp119_striving,0.10920343512204252,ssp119,0.10920343512204252,0.0,,,Other,,,,1.0
1900.0,ssp119_zero_tra,0.10920343512204252,ssp119,0.10920343512204252,0.0,,,Other,,,,1.0
1901.0,ssp119,0.10452989209031993,ssp119,0.10452989209031993,0.0,,,Other,,,,1.0
1901.0,ssp119_BC_Marine_striving,0.10452989209031993,ssp119,0.10452989209031993,0.0,non-CO2,BC,Marine,0.10452989209031993,0.0,0.0,1.0
1901.0,ssp119_BC_off-road_striving,0.10452989209031993,ssp119,0.10452989209031993,0.0,non-CO2,BC,off-road,0.10452989209031993,0.0,0.0,1.0
1901.0,ssp119_BC_on-road_striving,0.10452989209031993,ssp119,0.10452989209031993,0.0,non-CO2,BC,on-road,0.10452989209031993,0.0,0.0,1.0
1901.0,ssp119_CH4_Marine_striving,0.10452989209031993,ssp119,0.10452989209031993,0.0,non-CO2,CH4,Marine,0.10452989209031993,0.0,0.0,1.0
1901.0,ssp119_CH4_off-road_striving,0.10452989209031993,ssp119,0.10452989209031993,0.0,non-CO2,CH4,off-road,0.10452989209031993,0.0,0.0,1.0
1901.0,ssp119_CH4_on-road_striving,0.10452989209031993,ssp119,0.10452989209031993,0.0,non-CO2,CH4,on-road,0.10452989209031993,0.0,0.0,1.0
1901.0,ssp119_CO2 FFI_Marine_striving,0.10452989209031993,ssp119,0.10452989209031993,0.0,CO2,CO2 FFI,Marine,0.10452989209031993,0.0,0.0,1.0
1901.0,ssp119_CO2 FFI_off-road_striving,0.10452989209031993,ssp119,0.10452989209031993,0.0,CO2,CO2 FFI,off-road,0.10452989209031993,0.0,0.0,1.0
1901.0,ssp119_CO2 FFI_on-road_striving,0.10452989209031993,ssp119,0.10452989209031993,0.0,CO2,CO2 FFI,on-road,0.10452989209031993,0.0,0.0,1.0
1901.0,ssp119_N2O_Marine_striving,0.10452989209031993,ssp119,0.10452989209031993,0.0,non-CO2,N2O,Marine,0.10452989209031993,0.0,0.0,1.0
1901.0,ssp119_N2O_off-road_striving,0.10452989209031993,ssp119,0.10452989209031993,0.0,non-CO2,N2O,off-road,0.10452989209031993,0.0,0.0,1.0
1901.0,ssp119_N2O_on-road_striving,0.10452989209031993,ssp119,0.10452989209031993,0.0,non-CO2,N2O,on-road,0.10452989209031993,0.0,0.0,1.0
1901.0,ssp119_Sulfur_Marine_striving,0.10452989209031993,ssp119,0.10452989209031993,0.0,non-CO2,Sulfur,Marine,0.10452989209031993,0.0,0.0,1.0
1901.0,ssp119_striving,0.10452989209031993,ssp119,0.10452989209031993,0.0,,,Other,,,,1.0
1901.0,ssp119_zero_tra,0.10452989209031993,ssp119,0.10452989209031993,0.0,,,Other,,,,1.0
1902.0,ssp119,0.10174068165048508,ssp119,0.10174068165048508,0.0,,,Other,,,,1.0
1902.0,ssp119_BC_Marine_striving,0.10174068165048508,ssp119,0.10174068165048508,0.0,non-CO2,BC,Marine,0.10174068165048508,0.0,0.0,1.0
1902.0,ssp119_BC_off-road_striving,0.10174068165048508,ssp119,0.10174068165048508,0.0,non-CO2,BC,off-road,0.10174068165048508,0.0,0.0,1.0
1902.0,ssp119_BC_on-road_striving,0.10174068165048508,ssp119,0.10174068165048508,0.0,non-CO2,BC,on-road,0.10174068165048508,0.0,0.0,1.0
1902.0,ssp119_CH4_Marine_striving,0.10174068165048508,ssp119,0.10174068165048508,0.0,non-CO2,CH4,Marine,0.10174068165048508,0.0,0.0,1.0
1902.0,ssp119_CH4_off-road_striving,0.10174068165048508,ssp119,0.10174068165048508,0.0,non-CO2,CH4,off-road,0.10174068165048508,0.0,0.0,1.0
1902.0,ssp119_CH4_on-road_striving,0.10174068165048508,ssp119,0.10174068165048508,0.0,non-CO2,CH4,on-road,0.10174068165048508,0.0,0.0,1.0
1902.0,ssp119_CO2 FFI_Marine_striving,0.10174068165048508,ssp119,0.10174068165048508,0.0,CO2,CO2 FFI,Marine,0.10174068165048508,0.0,0.0,1.0
1902.0,ssp119_CO2 FFI_off-road_striving,0.10174068165048508,ssp119,0.10174068165048508,0.0,CO2,CO2 FFI,off-road,0.10174068165048508,0.0,0.0,1.0
1902.0,ssp119_CO2 FFI_on-road_striving,0.10174068165048508,ssp119,0.10174068165048508,0.0,CO2,CO2 FFI,on-road,0.10174068165048508,0.0,0.0,1.0
1902.0,ssp119_N2O_Marine_striving,0.10174068165048508,ssp119,0.10174068165048508,0.0,non-CO2,N2O,Marine,0.10174068165048508,0.0,0.0,1.0
1902.0,ssp119_N2O_off-road_striving,0.10174068165048508,ssp119,0.10174068165048508,0.0,non-CO2,N2O,off-road,0.10174068165048508,0.0,0.0,1.0
1902.0,ssp119_N2O_on-road_striving,0.10174068165048508,ssp119,0.10174068165048508,0.0,non-CO2,N2O,on-road,0.10174068165048508,0.0,0.0,1.0
1902.0,ssp119_Sulfur_Marine_striving,0.10174068165048508,ssp119,0.10174068165048508,0.0,non-CO2,Sulfur,Marine,0.10174068165048508,0.0,0.0,1.0
1902.0,ssp119_striving,0.10174068165048508,ssp119,0.10174068165048508,0.0,,,Other,,,,1.0
1902.0,ssp119_zero_tra,0.10174068165048508,ssp119,0.10174068165048508,0.0,,,Other,,,,1.0
1903.0,ssp119,0.06442189009228828,ssp119,0.06442189009228828,0.0,,,Other,,,,1.0
1903.0,ssp119_BC_Marine_striving,0.06442189009228828,ssp119,0.06442189009228828,0.0,non-CO2,BC,Marine,0.06442189009228828,0.0,0.0,1.0
1903.0,ssp119_BC_off-road_striving,0.06442189009228828,ssp119,0.06442189009228828,0.0,non-CO2,BC,off-road,0.06442189009228828,0.0,0.0,1.0
1903.0,ssp119_BC_on-road_striving,0.06442189009228828,ssp119,0.06442189009228828,0.0,non-CO2,BC,on-road,0.06442189009228828,0.0,0.0,1.0
1903.0,ssp119_CH4_Marine_striving,0.06442189009228828,ssp119,0.06442189009228828,0.0,non-CO2,CH4,Marine,0.06442189009228828,0.0,0.0,1.0
1903.0,ssp119_CH4_off-road_striving,0.06442189009228828,ssp119,0.06442189009228828,0.0,non-CO2,CH4,off-road,0.06442189009228828,0.0,0.0,1.0
1903.0,ssp119_CH4_on-road_striving,0.06442189009228828,ssp119,0.06442189009228828,0.0,non-CO2,CH4,on-road,0.06442189009228828,0.0,0.0,1.0
1903.0,ssp119_CO2 FFI_Marine_striving,0.06442189009228828,ssp119,0.06442189009228828,0.0,CO2,CO2 FFI,Marine,0.06442189009228828,0.0,0.0,1.0
1903.0,ssp119_CO2 FFI_off-road_striving,0.06442189009228828,ssp119,0.06442189009228828,0.0,CO2,CO2 FFI,off-road,0.06442189009228828,0.0,0.0,1.0
1903.0,ssp119_CO2 FFI_on-road_striving,0.06442189009228828,ssp119,0.06442189009228828,0.0,CO2,CO2 FFI,on-road,0.06442189009228828,0.0,0.0,1.0
1903.0,ssp119_N2O_Marine_striving,0.06442189009228828,ssp119,0.06442189009228828,0.0,non-CO2,N2O,Marine,0.06442189009228828,0.0,0.0,1.0
1903.0,ssp119_N2O_off-road_striving,0.06442189009228828,ssp119,0.06442189009228828,0.0,non-CO2,N2O,off-road,0.06442189009228828,0.0,0.0,1.0
1903.0,ssp119_N2O_on-road_striving,0.06442189009228828,ssp119,0.06442189009228828,0.0,non-CO2,N2O,on-road,0.06442189009228828,0.0,0.0,1.0
1903.0,ssp119_Sulfur_Marine_striving,0.06442189009228828,ssp119,0.06442189009228828,0.0,non-CO2,Sulfur,Marine,0.06442189009228828,0.0,0.0,1.0
1903.0,ssp119_striving,0.06442189009228828,ssp119,0.06442189009228828,0.0,,,Other,,,,1.0
1903.0,ssp119_zero_tra,0.06442189009228828,ssp119,0.06442189009228828,0.0,,,Other,,,,1.0
1904.0,ssp119,-0.009757408740819281,ssp119,-0.009757408740819281,0.0,,,Other,,,,1.0
1904.0,ssp119_BC_Marine_striving,-0.009757408740819281,ssp119,-0.009757408740819281,0.0,non-CO2,BC,Marine,-0.009757408740819281,0.0,0.0,1.0
1904.0,ssp119_BC_off-road_striving,-0.009757408740819281,ssp119,-0.009757408740819281,0.0,non-CO2,BC,off-road,-0.009757408740819281,0.0,0.0,1.0
1904.0,ssp119_BC_on-road_striving,-0.009757408740819281,ssp119,-0.009757408740819281,0.0,non-CO2,BC,on-road,-0.009757408740819281,0.0,0.0,1.0
1904.0,ssp119_CH4_Marine_striving,-0.009757408740819281,ssp119,-0.009757408740819281,0.0,non-CO2,CH4,Marine,-0.009757408740819281,0.0,0.0,1.0
1904.0,ssp119_CH4_off-road_striving,-0.009757408740819281,ssp119,-0.009757408740819281,0.0,non-CO2,CH4,off-road,-0.009757408740819281,0.0,0.0,1.0
1904.0,ssp119_CH4_on-road_striving,-0.009757408740819281,ssp119,-0.009757408740819281,0.0,non-CO2,CH4,on-road,-0.009757408740819281,0.0,0.0,1.0
1904.0,ssp119_CO2 FFI_Marine_striving,-0.009757408740819281,ssp119,-0.009757408740819281,0.0,CO2,CO2 FFI,Marine,-0.009757408740819281,0.0,0.0,1.0
1904.0,ssp119_CO2 FFI_off-road_striving,-0.009757408740819281,ssp119,-0.009757408740819281,0.0,CO2,CO2 FFI,off-road,-0.009757408740819281,0.0,0.0,1.0
1904.0,ssp119_CO2 FFI_on-road_striving,-0.009757408740819281,ssp119,-0.009757408740819281,0.0,CO2,CO2 FFI,on-road,-0.009757408740819281,0.0,0.0,1.0
1904.0,ssp119_N2O_Marine_striving,-0.009757408740819281,ssp119,-0.009757408740819281,0.0,non-CO2,N2O,Marine,-0.009757408740819281,0.0,0.0,1.0
1904.0,ssp119_N2O_off-road_striving,-0.009757408740819281,ssp119,-0.009757408740819281,0.0,non-CO2,N2O,off-road,-0.009757408740819281,0.0,0.0,1.0
1904.0,ssp119_N2O_on-road_striving,-0.009757408740819281,ssp119,-0.009757408740819281,0.0,non-CO2,N2O,on-road,-0.009757408740819281,0.0,0.0,1.0
1904.0,ssp119_Sulfur_Marine_striving,-0.009757408740819281,ssp119,-0.009757408740819281,0.0,non-CO2,Sulfur,Marine,-0.009757408740819281,0.0,0.0,1.0
1904.0,ssp119_striving,-0.009757408740819281,ssp119,-0.009757408740819281,0.0,,,Other,,,,1.0
1904.0,ssp119_zero_tra,-0.009757408740819281,ssp119,-0.009757408740819281,0.0,,,Other,,,,1.0
1905.0,ssp119,-0.015980190592148374,ssp119,-0.015980190592148374,0.0,,,Other,,,,1.0
1905.0,ssp119_BC_Marine_striving,-0.015980190592148374,ssp119,-0.015980190592148374,0.0,non-CO2,BC,Marine,-0.015980190592148374,0.0,0.0,1.0
1905.0,ssp119_BC_off-road_striving,-0.015980190592148374,ssp119,-0.015980190592148374,0.0,non-CO2,BC,off-road,-0.015980190592148374,0.0,0.0,1.0
1905.0,ssp119_BC_on-road_striving,-0.015980190592148374,ssp119,-0.015980190592148374,0.0,non-CO2,BC,on-road,-0.015980190592148374,0.0,0.0,1.0
1905.0,ssp119_CH4_Marine_striving,-0.015980190592148374,ssp119,-0.015980190592148374,0.0,non-CO2,CH4,Marine,-0.015980190592148374,0.0,0.0,1.0
1905.0,ssp119_CH4_off-road_striving,-0.015980190592148374,ssp119,-0.015980190592148374,0.0,non-CO2,CH4,off-road,-0.015980190592148374,0.0,0.0,1.0
1905.0,ssp119_CH4_on-road_striving,-0.015980190592148374,ssp119,-0.015980190592148374,0.0,non-CO2,CH4,on-road,-0.015980190592148374,0.0,0.0,1.0
1905.0,ssp119_CO2 FFI_Marine_striving,-0.015980190592148374,ssp119,-0.015980190592148374,0.0,CO2,CO2 FFI,Marine,-0.015980190592148374,0.0,0.0,1.0
1905.0,ssp119_CO2 FFI_off-road_striving,-0.015980190592148374,ssp119,-0.015980190592148374,0.0,CO2,CO2 FFI,off-road,-0.015980190592148374,0.0,0.0,1.0
1905.0,ssp119_CO2 FFI_on-road_striving,-0.015980190592148374,ssp119,-0.015980190592148374,0.0,CO2,CO2 FFI,on-road,-0.015980190592148374,0.0,0.0,1.0
1905.0,ssp119_N2O_Marine_striving,-0.015980190592148374,ssp119,-0.015980190592148374,0.0,non-CO2,N2O,Marine,-0.015980190592148374,0.0,0.0,1.0
1905.0,ssp119_N2O_off-road_striving,-0.015980190592148374,ssp119,-0.015980190592148374,0.0,non-CO2,N2O,off-road,-0.015980190592148374,0.0,0.0,1.0
1905.0,ssp119_N2O_on-road_striving,-0.015980190592148374,ssp119,-0.015980190592148374,0.0,non-CO2,N2O,on-road,-0.015980190592148374,0.0,0.0,1.0
1905.0,ssp119_Sulfur_Marine_striving,-0.015980190592148374,ssp119,-0.015980190592148374,0.0,non-CO2,Sulfur,Marine,-0.015980190592148374,0.0,0.0,1.0
1905.0,ssp119_striving,-0.015980190592148374,ssp119,-0.015980190592148374,0.0,,,Other,,,,1.0
1905.0,ssp119_zero_tra,-0.015980190592148374,ssp119,-0.015980190592148374,0.0,,,Other,,,,1.0
1906.0,ssp119,0.021246376628870557,ssp119,0.021246376628870557,0.0,,,Other,,,,1.0
1906.0,ssp119_BC_Marine_striving,0.021246376628870557,ssp119,0.021246376628870557,0.0,non-CO2,BC,Marine,0.021246376628870557,0.0,0.0,1.0
1906.0,ssp119_BC_off-road_striving,0.021246376628870557,ssp119,0.021246376628870557,0.0,non-CO2,BC,off-road,0.021246376628870557,0.0,0.0,1.0
1906.0,ssp119_BC_on-road_striving,0.021246376628870557,ssp119,0.021246376628870557,0.0,non-CO2,BC,on-road,0.021246376628870557,0.0,0.0,1.0
1906.0,ssp119_CH4_Marine_striving,0.021246376628870557,ssp119,0.021246376628870557,0.0,non-CO2,CH4,Marine,0.021246376628870557,0.0,0.0,1.0
1906.0,ssp119_CH4_off-road_striving,0.021246376628870557,ssp119,0.021246376628870557,0.0,non-CO2,CH4,off-road,0.021246376628870557,0.0,0.0,1.0
1906.0,ssp119_CH4_on-road_striving,0.021246376628870557,ssp119,0.021246376628870557,0.0,non-CO2,CH4,on-road,0.021246376628870557,0.0,0.0,1.0
1906.0,ssp119_CO2 FFI_Marine_striving,0.021246376628870557,ssp119,0.021246376628870557,0.0,CO2,CO2 FFI,Marine,0.021246376628870557,0.0,0.0,1.0
1906.0,ssp119_CO2 FFI_off-road_striving,0.021246376628870557,ssp119,0.021246376628870557,0.0,CO2,CO2 FFI,off-road,0.021246376628870557,0.0,0.0,1.0
1906.0,ssp119_CO2 FFI_on-road_striving,0.021246376628870557,ssp119,0.021246376628870557,0.0,CO2,CO2 FFI,on-road,0.021246376628870557,0.0,0.0,1.0
1906.0,ssp119_N2O_Marine_striving,0.021246376628870557,ssp119,0.021246376628870557,0.0,non-CO2,N2O,Marine,0.021246376628870557,0.0,0.0,1.0
1906.0,ssp119_N2O_off-road_striving,0.021246376628870557,ssp119,0.021246376628870557,0.0,non-CO2,N2O,off-road,0.021246376628870557,0.0,0.0,1.0
1906.0,ssp119_N2O_on-road_striving,0.021246376628870557,ssp119,0.021246376628870557,0.0,non-CO2,N2O,on-road,0.021246376628870557,0.0,0.0,1.0
1906.0,ssp119_Sulfur_Marine_striving,0.021246376628870557,ssp119,0.021246376628870557,0.0,non-CO2,Sulfur,Marine,0.021246376628870557,0.0,0.0,1.0
1906.0,ssp119_striving,0.021246376628870557,ssp119,0.021246376628870557,0.0,,,Other,,,,1.0
1906.0,ssp119_zero_tra,0.021246376628870557,ssp119,0.021246376628870557,0.0,,,Other,,,,1.0
1907.0,ssp119,0.07408239569605368,ssp119,0.07408239569605368,0.0,,,Other,,,,1.0
1907.0,ssp119_BC_Marine_striving,0.07408239569605368,ssp119,0.07408239569605368,0.0,non-CO2,BC,Marine,0.07408239569605368,0.0,0.0,1.0
1907.0,ssp119_BC_off-road_striving,0.07408239569605368,ssp119,0.07408239569605368,0.0,non-CO2,BC,off-road,0.07408239569605368,0.0,0.0,1.0
1907.0,ssp119_BC_on-road_striving,0.07408239569605368,ssp119,0.07408239569605368,0.0,non-CO2,BC,on-road,0.07408239569605368,0.0,0.0,1.0
1907.0,ssp119_CH4_Marine_striving,0.07408239569605368,ssp119,0.07408239569605368,0.0,non-CO2,CH4,Marine,0.07408239569605368,0.0,0.0,1.0
1907.0,ssp119_CH4_off-road_striving,0.07408239569605368,ssp119,0.07408239569605368,0.0,non-CO2,CH4,off-road,0.07408239569605368,0.0,0.0,1.0
1907.0,ssp119_CH4_on-road_striving,0.07408239569605368,ssp119,0.07408239569605368,0.0,non-CO2,CH4,on-road,0.07408239569605368,0.0,0.0,1.0
1907.0,ssp119_CO2 FFI_Marine_striving,0.07408239569605368,ssp119,0.07408239569605368,0.0,CO2,CO2 FFI,Marine,0.07408239569605368,0.0,0.0,1.0
1907.0,ssp119_CO2 FFI_off-road_striving,0.07408239569605368,ssp119,0.07408239569605368,0.0,CO2,CO2 FFI,off-road,0.07408239569605368,0.0,0.0,1.0
1907.0,ssp119_CO2 FFI_on-road_striving,0.07408239569605368,ssp119,0.07408239569605368,0.0,CO2,CO2 FFI,on-road,0.07408239569605368,0.0,0.0,1.0
1907.0,ssp119_N2O_Marine_striving,0.07408239569605368,ssp119,0.07408239569605368,0.0,non-CO2,N2O,Marine,0.07408239569605368,0.0,0.0,1.0
1907.0,ssp119_N2O_off-road_striving,0.07408239569605368,ssp119,0.07408239569605368,0.0,non-CO2,N2O,off-road,0.07408239569605368,0.0,0.0,1.0
1907.0,ssp119_N2O_on-road_striving,0.07408239569605368,ssp119,0.07408239569605368,0.0,non-CO2,N2O,on-road,0.07408239569605368,0.0,0.0,1.0
1907.0,ssp119_Sulfur_Marine_striving,0.07408239569605368,ssp119,0.07408239569605368,0.0,non-CO2,Sulfur,Marine,0.07408239569605368,0.0,0.0,1.0
1907.0,ssp119_striving,0.07408239569605368,ssp119,0.07408239569605368,0.0,,,Other,,,,1.0
1907.0,ssp119_zero_tra,0.07408239569605368,ssp119,0.07408239569605368,0.0,,,Other,,,,1.0
1908.0,ssp119,0.0723003460956038,ssp119,0.0723003460956038,0.0,,,Other,,,,1.0
1908.0,ssp119_BC_Marine_striving,0.0723003460956038,ssp119,0.0723003460956038,0.0,non-CO2,BC,Marine,0.0723003460956038,0.0,0.0,1.0
1908.0,ssp119_BC_off-road_striving,0.0723003460956038,ssp119,0.0723003460956038,0.0,non-CO2,BC,off-road,0.0723003460956038,0.0,0.0,1.0
1908.0,ssp119_BC_on-road_striving,0.0723003460956038,ssp119,0.0723003460956038,0.0,non-CO2,BC,on-road,0.0723003460956038,0.0,0.0,1.0
1908.0,ssp119_CH4_Marine_striving,0.0723003460956038,ssp119,0.0723003460956038,0.0,non-CO2,CH4,Marine,0.0723003460956038,0.0,0.0,1.0
1908.0,ssp119_CH4_off-road_striving,0.0723003460956038,ssp119,0.0723003460956038,0.0,non-CO2,CH4,off-road,0.0723003460956038,0.0,0.0,1.0
1908.0,ssp119_CH4_on-road_striving,0.0723003460956038,ssp119,0.0723003460956038,0.0,non-CO2,CH4,on-road,0.0723003460956038,0.0,0.0,1.0
1908.0,ssp119_CO2 FFI_Marine_striving,0.0723003460956038,ssp119,0.0723003460956038,0.0,CO2,CO2 FFI,Marine,0.0723003460956038,0.0,0.0,1.0
1908.0,ssp119_CO2 FFI_off-road_striving,0.0723003460956038,ssp119,0.0723003460956038,0.0,CO2,CO2 FFI,off-road,0.0723003460956038,0.0,0.0,1.0
1908.0,ssp119_CO2 FFI_on-road_striving,0.0723003460956038,ssp119,0.0723003460956038,0.0,CO2,CO2 FFI,on-road,0.0723003460956038,0.0,0.0,1.0
1908.0,ssp119_N2O_Marine_striving,0.0723003460956038,ssp119,0.0723003460956038,0.0,non-CO2,N2O,Marine,0.0723003460956038,0.0,0.0,1.0
1908.0,ssp119_N2O_off-road_striving,0.0723003460956038,ssp119,0.0723003460956038,0.0,non-CO2,N2O,off-road,0.0723003460956038,0.0,0.0,1.0
1908.0,ssp119_N2O_on-road_striving,0.0723003460956038,ssp119,0.0723003460956038,0.0,non-CO2,N2O,on-road,0.0723003460956038,0.0,0.0,1.0
1908.0,ssp119_Sulfur_Marine_striving,0.0723003460956038,ssp119,0.0723003460956038,0.0,non-CO2,Sulfur,Marine,0.0723003460956038,0.0,0.0,1.0
1908.0,ssp119_striving,0.0723003460956038,ssp119,0.0723003460956038,0.0,,,Other,,,,1.0
1908.0,ssp119_zero_tra,0.0723003460956038,ssp119,0.0723003460956038,0.0,,,Other,,,,1.0
1909.0,ssp119,0.0873023262204592,ssp119,0.0873023262204592,0.0,,,Other,,,,1.0
1909.0,ssp119_BC_Marine_striving,0.0873023262204592,ssp119,0.0873023262204592,0.0,non-CO2,BC,Marine,0.0873023262204592,0.0,0.0,1.0
1909.0,ssp119_BC_off-road_striving,0.0873023262204592,ssp119,0.0873023262204592,0.0,non-CO2,BC,off-road,0.0873023262204592,0.0,0.0,1.0
1909.0,ssp119_BC_on-road_striving,0.0873023262204592,ssp119,0.0873023262204592,0.0,non-CO2,BC,on-road,0.0873023262204592,0.0,0.0,1.0
1909.0,ssp119_CH4_Marine_striving,0.0873023262204592,ssp119,0.0873023262204592,0.0,non-CO2,CH4,Marine,0.0873023262204592,0.0,0.0,1.0
1909.0,ssp119_CH4_off-road_striving,0.0873023262204592,ssp119,0.0873023262204592,0.0,non-CO2,CH4,off-road,0.0873023262204592,0.0,0.0,1.0
1909.0,ssp119_CH4_on-road_striving,0.0873023262204592,ssp119,0.0873023262204592,0.0,non-CO2,CH4,on-road,0.0873023262204592,0.0,0.0,1.0
1909.0,ssp119_CO2 FFI_Marine_striving,0.0873023262204592,ssp119,0.0873023262204592,0.0,CO2,CO2 FFI,Marine,0.0873023262204592,0.0,0.0,1.0
1909.0,ssp119_CO2 FFI_off-road_striving,0.0873023262204592,ssp119,0.0873023262204592,0.0,CO2,CO2 FFI,off-road,0.0873023262204592,0.0,0.0,1.0
1909.0,ssp119_CO2 FFI_on-road_striving,0.0873023262204592,ssp119,0.0873023262204592,0.0,CO2,CO2 FFI,on-road,0.0873023262204592,0.0,0.0,1.0
1909.0,ssp119_N2O_Marine_striving,0.0873023262204592,ssp119,0.0873023262204592,0.0,non-CO2,N2O,Marine,0.0873023262204592,0.0,0.0,1.0
1909.0,ssp119_N2O_off-road_striving,0.0873023262204592,ssp119,0.0873023262204592,0.0,non-CO2,N2O,off-road,0.0873023262204592,0.0,0.0,1.0
1909.0,ssp119_N2O_on-road_striving,0.0873023262204592,ssp119,0.0873023262204592,0.0,non-CO2,N2O,on-road,0.0873023262204592,0.0,0.0,1.0
1909.0,ssp119_Sulfur_Marine_striving,0.0873023262204592,ssp119,0.0873023262204592,0.0,non-CO2,Sulfur,Marine,0.0873023262204592,0.0,0.0,1.0
1909.0,ssp119_striving,0.0873023262204592,ssp119,0.0873023262204592,0.0,,,Other,,,,1.0
1909.0,ssp119_zero_tra,0.0873023262204592,ssp119,0.0873023262204592,0.0,,,Other,,,,1.0
1910.0,ssp119,0.10632887644774125,ssp119,0.10632887644774125,0.0,,,Other,,,,1.0
1910.0,ssp119_BC_Marine_striving,0.10632887644774125,ssp119,0.10632887644774125,0.0,non-CO2,BC,Marine,0.10632887644774125,0.0,0.0,1.0
1910.0,ssp119_BC_off-road_striving,0.10632887644774125,ssp119,0.10632887644774125,0.0,non-CO2,BC,off-road,0.10632887644774125,0.0,0.0,1.0
1910.0,ssp119_BC_on-road_striving,0.10632887644774125,ssp119,0.10632887644774125,0.0,non-CO2,BC,on-road,0.10632887644774125,0.0,0.0,1.0
1910.0,ssp119_CH4_Marine_striving,0.10632887644774125,ssp119,0.10632887644774125,0.0,non-CO2,CH4,Marine,0.10632887644774125,0.0,0.0,1.0
1910.0,ssp119_CH4_off-road_striving,0.10632887644774125,ssp119,0.10632887644774125,0.0,non-CO2,CH4,off-road,0.10632887644774125,0.0,0.0,1.0
1910.0,ssp119_CH4_on-road_striving,0.10632887644774125,ssp119,0.10632887644774125,0.0,non-CO2,CH4,on-road,0.10632887644774125,0.0,0.0,1.0
1910.0,ssp119_CO2 FFI_Marine_striving,0.10632887644774125,ssp119,0.10632887644774125,0.0,CO2,CO2 FFI,Marine,0.10632887644774125,0.0,0.0,1.0
1910.0,ssp119_CO2 FFI_off-road_striving,0.10632887644774125,ssp119,0.10632887644774125,0.0,CO2,CO2 FFI,off-road,0.10632887644774125,0.0,0.0,1.0
1910.0,ssp119_CO2 FFI_on-road_striving,0.10632887644774125,ssp119,0.10632887644774125,0.0,CO2,CO2 FFI,on-road,0.10632887644774125,0.0,0.0,1.0
1910.0,ssp119_N2O_Marine_striving,0.10632887644774125,ssp119,0.10632887644774125,0.0,non-CO2,N2O,Marine,0.10632887644774125,0.0,0.0,1.0
1910.0,ssp119_N2O_off-road_striving,0.10632887644774125,ssp119,0.10632887644774125,0.0,non-CO2,N2O,off-road,0.10632887644774125,0.0,0.0,1.0
1910.0,ssp119_N2O_on-road_striving,0.10632887644774125,ssp119,0.10632887644774125,0.0,non-CO2,N2O,on-road,0.10632887644774125,0.0,0.0,1.0
1910.0,ssp119_Sulfur_Marine_striving,0.10632887644774125,ssp119,0.10632887644774125,0.0,non-CO2,Sulfur,Marine,0.10632887644774125,0.0,0.0,1.0
1910.0,ssp119_striving,0.10632887644774125,ssp119,0.10632887644774125,0.0,,,Other,,,,1.0
1910.0,ssp119_zero_tra,0.10632887644774125,ssp119,0.10632887644774125,0.0,,,Other,,,,1.0
1911.0,ssp119,0.09687505875947311,ssp119,0.09687505875947311,0.0,,,Other,,,,1.0
1911.0,ssp119_BC_Marine_striving,0.09687505875947311,ssp119,0.09687505875947311,0.0,non-CO2,BC,Marine,0.09687505875947311,0.0,0.0,1.0
1911.0,ssp119_BC_off-road_striving,0.09687505875947311,ssp119,0.09687505875947311,0.0,non-CO2,BC,off-road,0.09687505875947311,0.0,0.0,1.0
1911.0,ssp119_BC_on-road_striving,0.09687505875947311,ssp119,0.09687505875947311,0.0,non-CO2,BC,on-road,0.09687505875947311,0.0,0.0,1.0
1911.0,ssp119_CH4_Marine_striving,0.09687505875947311,ssp119,0.09687505875947311,0.0,non-CO2,CH4,Marine,0.09687505875947311,0.0,0.0,1.0
1911.0,ssp119_CH4_off-road_striving,0.09687505875947311,ssp119,0.09687505875947311,0.0,non-CO2,CH4,off-road,0.09687505875947311,0.0,0.0,1.0
1911.0,ssp119_CH4_on-road_striving,0.09687505875947311,ssp119,0.09687505875947311,0.0,non-CO2,CH4,on-road,0.09687505875947311,0.0,0.0,1.0
1911.0,ssp119_CO2 FFI_Marine_striving,0.09687505875947311,ssp119,0.09687505875947311,0.0,CO2,CO2 FFI,Marine,0.09687505875947311,0.0,0.0,1.0
1911.0,ssp119_CO2 FFI_off-road_striving,0.09687505875947311,ssp119,0.09687505875947311,0.0,CO2,CO2 FFI,off-road,0.09687505875947311,0.0,0.0,1.0
1911.0,ssp119_CO2 FFI_on-road_striving,0.09687505875947311,ssp119,0.09687505875947311,0.0,CO2,CO2 FFI,on-road,0.09687505875947311,0.0,0.0,1.0
1911.0,ssp119_N2O_Marine_striving,0.09687505875947311,ssp119,0.09687505875947311,0.0,non-CO2,N2O,Marine,0.09687505875947311,0.0,0.0,1.0
1911.0,ssp119_N2O_off-road_striving,0.09687505875947311,ssp119,0.09687505875947311,0.0,non-CO2,N2O,off-road,0.09687505875947311,0.0,0.0,1.0
1911.0,ssp119_N2O_on-road_striving,0.09687505875947311,ssp119,0.09687505875947311,0.0,non-CO2,N2O,on-road,0.09687505875947311,0.0,0.0,1.0
1911.0,ssp119_Sulfur_Marine_striving,0.09687505875947311,ssp119,0.09687505875947311,0.0,non-CO2,Sulfur,Marine,0.09687505875947311,0.0,0.0,1.0
1911.0,ssp119_striving,0.09687505875947311,ssp119,0.09687505875947311,0.0,,,Other,,,,1.0
1911.0,ssp119_zero_tra,0.09687505875947311,ssp119,0.09687505875947311,0.0,,,Other,,,,1.0
1912.0,ssp119,0.09977026268389602,ssp119,0.09977026268389602,0.0,,,Other,,,,1.0
1912.0,ssp119_BC_Marine_striving,0.09977026268389602,ssp119,0.09977026268389602,0.0,non-CO2,BC,Marine,0.09977026268389602,0.0,0.0,1.0
1912.0,ssp119_BC_off-road_striving,0.09977026268389602,ssp119,0.09977026268389602,0.0,non-CO2,BC,off-road,0.09977026268389602,0.0,0.0,1.0
1912.0,ssp119_BC_on-road_striving,0.09977026268389602,ssp119,0.09977026268389602,0.0,non-CO2,BC,on-road,0.09977026268389602,0.0,0.0,1.0
1912.0,ssp119_CH4_Marine_striving,0.09977026268389602,ssp119,0.09977026268389602,0.0,non-CO2,CH4,Marine,0.09977026268389602,0.0,0.0,1.0
1912.0,ssp119_CH4_off-road_striving,0.09977026268389602,ssp119,0.09977026268389602,0.0,non-CO2,CH4,off-road,0.09977026268389602,0.0,0.0,1.0
1912.0,ssp119_CH4_on-road_striving,0.09977026268389602,ssp119,0.09977026268389602,0.0,non-CO2,CH4,on-road,0.09977026268389602,0.0,0.0,1.0
1912.0,ssp119_CO2 FFI_Marine_striving,0.09977026268389602,ssp119,0.09977026268389602,0.0,CO2,CO2 FFI,Marine,0.09977026268389602,0.0,0.0,1.0
1912.0,ssp119_CO2 FFI_off-road_striving,0.09977026268389602,ssp119,0.09977026268389602,0.0,CO2,CO2 FFI,off-road,0.09977026268389602,0.0,0.0,1.0
1912.0,ssp119_CO2 FFI_on-road_striving,0.09977026268389602,ssp119,0.09977026268389602,0.0,CO2,CO2 FFI,on-road,0.09977026268389602,0.0,0.0,1.0
1912.0,ssp119_N2O_Marine_striving,0.09977026268389602,ssp119,0.09977026268389602,0.0,non-CO2,N2O,Marine,0.09977026268389602,0.0,0.0,1.0
1912.0,ssp119_N2O_off-road_striving,0.09977026268389602,ssp119,0.09977026268389602,0.0,non-CO2,N2O,off-road,0.09977026268389602,0.0,0.0,1.0
1912.0,ssp119_N2O_on-road_striving,0.09977026268389602,ssp119,0.09977026268389602,0.0,non-CO2,N2O,on-road,0.09977026268389602,0.0,0.0,1.0
1912.0,ssp119_Sulfur_Marine_striving,0.09977026268389602,ssp119,0.09977026268389602,0.0,non-CO2,Sulfur,Marine,0.09977026268389602,0.0,0.0,1.0
1912.0,ssp119_striving,0.09977026268389602,ssp119,0.09977026268389602,0.0,,,Other,,,,1.0
1912.0,ssp119_zero_tra,0.09977026268389602,ssp119,0.09977026268389602,0.0,,,Other,,,,1.0
1913.0,ssp119,0.005703056178436647,ssp119,0.005703056178436647,0.0,,,Other,,,,1.0
1913.0,ssp119_BC_Marine_striving,0.005703056178436647,ssp119,0.005703056178436647,0.0,non-CO2,BC,Marine,0.005703056178436647,0.0,0.0,1.0
1913.0,ssp119_BC_off-road_striving,0.005703056178436647,ssp119,0.005703056178436647,0.0,non-CO2,BC,off-road,0.005703056178436647,0.0,0.0,1.0
1913.0,ssp119_BC_on-road_striving,0.005703056178436647,ssp119,0.005703056178436647,0.0,non-CO2,BC,on-road,0.005703056178436647,0.0,0.0,1.0
1913.0,ssp119_CH4_Marine_striving,0.005703056178436647,ssp119,0.005703056178436647,0.0,non-CO2,CH4,Marine,0.005703056178436647,0.0,0.0,1.0
1913.0,ssp119_CH4_off-road_striving,0.005703056178436647,ssp119,0.005703056178436647,0.0,non-CO2,CH4,off-road,0.005703056178436647,0.0,0.0,1.0
1913.0,ssp119_CH4_on-road_striving,0.005703056178436647,ssp119,0.005703056178436647,0.0,non-CO2,CH4,on-road,0.005703056178436647,0.0,0.0,1.0
1913.0,ssp119_CO2 FFI_Marine_striving,0.005703056178436647,ssp119,0.005703056178436647,0.0,CO2,CO2 FFI,Marine,0.005703056178436647,0.0,0.0,1.0
1913.0,ssp119_CO2 FFI_off-road_striving,0.005703056178436647,ssp119,0.005703056178436647,0.0,CO2,CO2 FFI,off-road,0.005703056178436647,0.0,0.0,1.0
1913.0,ssp119_CO2 FFI_on-road_striving,0.005703056178436647,ssp119,0.005703056178436647,0.0,CO2,CO2 FFI,on-road,0.005703056178436647,0.0,0.0,1.0
1913.0,ssp119_N2O_Marine_striving,0.005703056178436647,ssp119,0.005703056178436647,0.0,non-CO2,N2O,Marine,0.005703056178436647,0.0,0.0,1.0
1913.0,ssp119_N2O_off-road_striving,0.005703056178436647,ssp119,0.005703056178436647,0.0,non-CO2,N2O,off-road,0.005703056178436647,0.0,0.0,1.0
1913.0,ssp119_N2O_on-road_striving,0.005703056178436647,ssp119,0.005703056178436647,0.0,non-CO2,N2O,on-road,0.005703056178436647,0.0,0.0,1.0
1913.0,ssp119_Sulfur_Marine_striving,0.005703056178436647,ssp119,0.005703056178436647,0.0,non-CO2,Sulfur,Marine,0.005703056178436647,0.0,0.0,1.0
1913.0,ssp119_striving,0.005703056178436647,ssp119,0.005703056178436647,0.0,,,Other,,,,1.0
1913.0,ssp119_zero_tra,0.005703056178436647,ssp119,0.005703056178436647,0.0,,,Other,,,,1.0
1914.0,ssp119,-0.03658543205385448,ssp119,-0.03658543205385448,0.0,,,Other,,,,1.0
1914.0,ssp119_BC_Marine_striving,-0.03658543205385448,ssp119,-0.03658543205385448,0.0,non-CO2,BC,Marine,-0.03658543205385448,0.0,0.0,1.0
1914.0,ssp119_BC_off-road_striving,-0.03658543205385448,ssp119,-0.03658543205385448,0.0,non-CO2,BC,off-road,-0.03658543205385448,0.0,0.0,1.0
1914.0,ssp119_BC_on-road_striving,-0.03658543205385448,ssp119,-0.03658543205385448,0.0,non-CO2,BC,on-road,-0.03658543205385448,0.0,0.0,1.0
1914.0,ssp119_CH4_Marine_striving,-0.03658543205385448,ssp119,-0.03658543205385448,0.0,non-CO2,CH4,Marine,-0.03658543205385448,0.0,0.0,1.0
1914.0,ssp119_CH4_off-road_striving,-0.03658543205385448,ssp119,-0.03658543205385448,0.0,non-CO2,CH4,off-road,-0.03658543205385448,0.0,0.0,1.0
1914.0,ssp119_CH4_on-road_striving,-0.03658543205385448,ssp119,-0.03658543205385448,0.0,non-CO2,CH4,on-road,-0.03658543205385448,0.0,0.0,1.0
1914.0,ssp119_CO2 FFI_Marine_striving,-0.03658543205385448,ssp119,-0.03658543205385448,0.0,CO2,CO2 FFI,Marine,-0.03658543205385448,0.0,0.0,1.0
1914.0,ssp119_CO2 FFI_off-road_striving,-0.03658543205385448,ssp119,-0.03658543205385448,0.0,CO2,CO2 FFI,off-road,-0.03658543205385448,0.0,0.0,1.0
1914.0,ssp119_CO2 FFI_on-road_striving,-0.03658543205385448,ssp119,-0.03658543205385448,0.0,CO2,CO2 FFI,on-road,-0.03658543205385448,0.0,0.0,1.0
1914.0,ssp119_N2O_Marine_striving,-0.03658543205385448,ssp119,-0.03658543205385448,0.0,non-CO2,N2O,Marine,-0.03658543205385448,0.0,0.0,1.0
1914.0,ssp119_N2O_off-road_striving,-0.03658543205385448,ssp119,-0.03658543205385448,0.0,non-CO2,N2O,off-road,-0.03658543205385448,0.0,0.0,1.0
1914.0,ssp119_N2O_on-road_striving,-0.03658543205385448,ssp119,-0.03658543205385448,0.0,non-CO2,N2O,on-road,-0.03658543205385448,0.0,0.0,1.0
1914.0,ssp119_Sulfur_Marine_striving,-0.03658543205385448,ssp119,-0.03658543205385448,0.0,non-CO2,Sulfur,Marine,-0.03658543205385448,0.0,0.0,1.0
1914.0,ssp119_striving,-0.03658543205385448,ssp119,-0.03658543205385448,0.0,,,Other,,,,1.0
1914.0,ssp119_zero_tra,-0.03658543205385448,ssp119,-0.03658543205385448,0.0,,,Other,,,,1.0
1915.0,ssp119,0.015285757493879325,ssp119,0.015285757493879325,0.0,,,Other,,,,1.0
1915.0,ssp119_BC_Marine_striving,0.015285757493879325,ssp119,0.015285757493879325,0.0,non-CO2,BC,Marine,0.015285757493879325,0.0,0.0,1.0
1915.0,ssp119_BC_off-road_striving,0.015285757493879325,ssp119,0.015285757493879325,0.0,non-CO2,BC,off-road,0.015285757493879325,0.0,0.0,1.0
1915.0,ssp119_BC_on-road_striving,0.015285757493879325,ssp119,0.015285757493879325,0.0,non-CO2,BC,on-road,0.015285757493879325,0.0,0.0,1.0
1915.0,ssp119_CH4_Marine_striving,0.015285757493879325,ssp119,0.015285757493879325,0.0,non-CO2,CH4,Marine,0.015285757493879325,0.0,0.0,1.0
1915.0,ssp119_CH4_off-road_striving,0.015285757493879325,ssp119,0.015285757493879325,0.0,non-CO2,CH4,off-road,0.015285757493879325,0.0,0.0,1.0
1915.0,ssp119_CH4_on-road_striving,0.015285757493879325,ssp119,0.015285757493879325,0.0,non-CO2,CH4,on-road,0.015285757493879325,0.0,0.0,1.0
1915.0,ssp119_CO2 FFI_Marine_striving,0.015285757493879325,ssp119,0.015285757493879325,0.0,CO2,CO2 FFI,Marine,0.015285757493879325,0.0,0.0,1.0
1915.0,ssp119_CO2 FFI_off-road_striving,0.015285757493879325,ssp119,0.015285757493879325,0.0,CO2,CO2 FFI,off-road,0.015285757493879325,0.0,0.0,1.0
1915.0,ssp119_CO2 FFI_on-road_striving,0.015285757493879325,ssp119,0.015285757493879325,0.0,CO2,CO2 FFI,on-road,0.015285757493879325,0.0,0.0,1.0
1915.0,ssp119_N2O_Marine_striving,0.015285757493879325,ssp119,0.015285757493879325,0.0,non-CO2,N2O,Marine,0.015285757493879325,0.0,0.0,1.0
1915.0,ssp119_N2O_off-road_striving,0.015285757493879325,ssp119,0.015285757493879325,0.0,non-CO2,N2O,off-road,0.015285757493879325,0.0,0.0,1.0
1915.0,ssp119_N2O_on-road_striving,0.015285757493879325,ssp119,0.015285757493879325,0.0,non-CO2,N2O,on-road,0.015285757493879325,0.0,0.0,1.0
1915.0,ssp119_Sulfur_Marine_striving,0.015285757493879325,ssp119,0.015285757493879325,0.0,non-CO2,Sulfur,Marine,0.015285757493879325,0.0,0.0,1.0
1915.0,ssp119_striving,0.015285757493879325,ssp119,0.015285757493879325,0.0,,,Other,,,,1.0
1915.0,ssp119_zero_tra,0.015285757493879325,ssp119,0.015285757493879325,0.0,,,Other,,,,1.0
1916.0,ssp119,0.06926099012814055,ssp119,0.06926099012814055,0.0,,,Other,,,,1.0
1916.0,ssp119_BC_Marine_striving,0.06926099012814055,ssp119,0.06926099012814055,0.0,non-CO2,BC,Marine,0.06926099012814055,0.0,0.0,1.0
1916.0,ssp119_BC_off-road_striving,0.06926099012814055,ssp119,0.06926099012814055,0.0,non-CO2,BC,off-road,0.06926099012814055,0.0,0.0,1.0
1916.0,ssp119_BC_on-road_striving,0.06926099012814055,ssp119,0.06926099012814055,0.0,non-CO2,BC,on-road,0.06926099012814055,0.0,0.0,1.0
1916.0,ssp119_CH4_Marine_striving,0.06926099012814055,ssp119,0.06926099012814055,0.0,non-CO2,CH4,Marine,0.06926099012814055,0.0,0.0,1.0
1916.0,ssp119_CH4_off-road_striving,0.06926099012814055,ssp119,0.06926099012814055,0.0,non-CO2,CH4,off-road,0.06926099012814055,0.0,0.0,1.0
1916.0,ssp119_CH4_on-road_striving,0.06926099012814055,ssp119,0.06926099012814055,0.0,non-CO2,CH4,on-road,0.06926099012814055,0.0,0.0,1.0
1916.0,ssp119_CO2 FFI_Marine_striving,0.06926099012814055,ssp119,0.06926099012814055,0.0,CO2,CO2 FFI,Marine,0.06926099012814055,0.0,0.0,1.0
1916.0,ssp119_CO2 FFI_off-road_striving,0.06926099012814055,ssp119,0.06926099012814055,0.0,CO2,CO2 FFI,off-road,0.06926099012814055,0.0,0.0,1.0
1916.0,ssp119_CO2 FFI_on-road_striving,0.06926099012814055,ssp119,0.06926099012814055,0.0,CO2,CO2 FFI,on-road,0.06926099012814055,0.0,0.0,1.0
1916.0,ssp119_N2O_Marine_striving,0.06926099012814055,ssp119,0.06926099012814055,0.0,non-CO2,N2O,Marine,0.06926099012814055,0.0,0.0,1.0
1916.0,ssp119_N2O_off-road_striving,0.06926099012814055,ssp119,0.06926099012814055,0.0,non-CO2,N2O,off-road,0.06926099012814055,0.0,0.0,1.0
1916.0,ssp119_N2O_on-road_striving,0.06926099012814055,ssp119,0.06926099012814055,0.0,non-CO2,N2O,on-road,0.06926099012814055,0.0,0.0,1.0
1916.0,ssp119_Sulfur_Marine_striving,0.06926099012814055,ssp119,0.06926099012814055,0.0,non-CO2,Sulfur,Marine,0.06926099012814055,0.0,0.0,1.0
1916.0,ssp119_striving,0.06926099012814055,ssp119,0.06926099012814055,0.0,,,Other,,,,1.0
1916.0,ssp119_zero_tra,0.06926099012814055,ssp119,0.06926099012814055,0.0,,,Other,,,,1.0
1917.0,ssp119,0.10590905497556759,ssp119,0.10590905497556759,0.0,,,Other,,,,1.0
1917.0,ssp119_BC_Marine_striving,0.10590905497556759,ssp119,0.10590905497556759,0.0,non-CO2,BC,Marine,0.10590905497556759,0.0,0.0,1.0
1917.0,ssp119_BC_off-road_striving,0.10590905497556759,ssp119,0.10590905497556759,0.0,non-CO2,BC,off-road,0.10590905497556759,0.0,0.0,1.0
1917.0,ssp119_BC_on-road_striving,0.10590905497556759,ssp119,0.10590905497556759,0.0,non-CO2,BC,on-road,0.10590905497556759,0.0,0.0,1.0
1917.0,ssp119_CH4_Marine_striving,0.10590905497556759,ssp119,0.10590905497556759,0.0,non-CO2,CH4,Marine,0.10590905497556759,0.0,0.0,1.0
1917.0,ssp119_CH4_off-road_striving,0.10590905497556759,ssp119,0.10590905497556759,0.0,non-CO2,CH4,off-road,0.10590905497556759,0.0,0.0,1.0
1917.0,ssp119_CH4_on-road_striving,0.10590905497556759,ssp119,0.10590905497556759,0.0,non-CO2,CH4,on-road,0.10590905497556759,0.0,0.0,1.0
1917.0,ssp119_CO2 FFI_Marine_striving,0.10590905497556759,ssp119,0.10590905497556759,0.0,CO2,CO2 FFI,Marine,0.10590905497556759,0.0,0.0,1.0
1917.0,ssp119_CO2 FFI_off-road_striving,0.10590905497556759,ssp119,0.10590905497556759,0.0,CO2,CO2 FFI,off-road,0.10590905497556759,0.0,0.0,1.0
1917.0,ssp119_CO2 FFI_on-road_striving,0.10590905497556759,ssp119,0.10590905497556759,0.0,CO2,CO2 FFI,on-road,0.10590905497556759,0.0,0.0,1.0
1917.0,ssp119_N2O_Marine_striving,0.10590905497556759,ssp119,0.10590905497556759,0.0,non-CO2,N2O,Marine,0.10590905497556759,0.0,0.0,1.0
1917.0,ssp119_N2O_off-road_striving,0.10590905497556759,ssp119,0.10590905497556759,0.0,non-CO2,N2O,off-road,0.10590905497556759,0.0,0.0,1.0
1917.0,ssp119_N2O_on-road_striving,0.10590905497556759,ssp119,0.10590905497556759,0.0,non-CO2,N2O,on-road,0.10590905497556759,0.0,0.0,1.0
1917.0,ssp119_Sulfur_Marine_striving,0.10590905497556759,ssp119,0.10590905497556759,0.0,non-CO2,Sulfur,Marine,0.10590905497556759,0.0,0.0,1.0
1917.0,ssp119_striving,0.10590905497556759,ssp119,0.10590905497556759,0.0,,,Other,,,,1.0
1917.0,ssp119_zero_tra,0.10590905497556759,ssp119,0.10590905497556759,0.0,,,Other,,,,1.0
1918.0,ssp119,0.13977956297762506,ssp119,0.13977956297762506,0.0,,,Other,,,,1.0
1918.0,ssp119_BC_Marine_striving,0.13977956297762506,ssp119,0.13977956297762506,0.0,non-CO2,BC,Marine,0.13977956297762506,0.0,0.0,1.0
1918.0,ssp119_BC_off-road_striving,0.13977956297762506,ssp119,0.13977956297762506,0.0,non-CO2,BC,off-road,0.13977956297762506,0.0,0.0,1.0
1918.0,ssp119_BC_on-road_striving,0.13977956297762506,ssp119,0.13977956297762506,0.0,non-CO2,BC,on-road,0.13977956297762506,0.0,0.0,1.0
1918.0,ssp119_CH4_Marine_striving,0.13977956297762506,ssp119,0.13977956297762506,0.0,non-CO2,CH4,Marine,0.13977956297762506,0.0,0.0,1.0
1918.0,ssp119_CH4_off-road_striving,0.13977956297762506,ssp119,0.13977956297762506,0.0,non-CO2,CH4,off-road,0.13977956297762506,0.0,0.0,1.0
1918.0,ssp119_CH4_on-road_striving,0.13977956297762506,ssp119,0.13977956297762506,0.0,non-CO2,CH4,on-road,0.13977956297762506,0.0,0.0,1.0
1918.0,ssp119_CO2 FFI_Marine_striving,0.13977956297762506,ssp119,0.13977956297762506,0.0,CO2,CO2 FFI,Marine,0.13977956297762506,0.0,0.0,1.0
1918.0,ssp119_CO2 FFI_off-road_striving,0.13977956297762506,ssp119,0.13977956297762506,0.0,CO2,CO2 FFI,off-road,0.13977956297762506,0.0,0.0,1.0
1918.0,ssp119_CO2 FFI_on-road_striving,0.13977956297762506,ssp119,0.13977956297762506,0.0,CO2,CO2 FFI,on-road,0.13977956297762506,0.0,0.0,1.0
1918.0,ssp119_N2O_Marine_striving,0.13977956297762506,ssp119,0.13977956297762506,0.0,non-CO2,N2O,Marine,0.13977956297762506,0.0,0.0,1.0
1918.0,ssp119_N2O_off-road_striving,0.13977956297762506,ssp119,0.13977956297762506,0.0,non-CO2,N2O,off-road,0.13977956297762506,0.0,0.0,1.0
1918.0,ssp119_N2O_on-road_striving,0.13977956297762506,ssp119,0.13977956297762506,0.0,non-CO2,N2O,on-road,0.13977956297762506,0.0,0.0,1.0
1918.0,ssp119_Sulfur_Marine_striving,0.13977956297762506,ssp119,0.13977956297762506,0.0,non-CO2,Sulfur,Marine,0.13977956297762506,0.0,0.0,1.0
1918.0,ssp119_striving,0.13977956297762506,ssp119,0.13977956297762506,0.0,,,Other,,,,1.0
1918.0,ssp119_zero_tra,0.13977956297762506,ssp119,0.13977956297762506,0.0,,,Other,,,,1.0
1919.0,ssp119,0.11697210209558957,ssp119,0.11697210209558957,0.0,,,Other,,,,1.0
1919.0,ssp119_BC_Marine_striving,0.11697210209558957,ssp119,0.11697210209558957,0.0,non-CO2,BC,Marine,0.11697210209558957,0.0,0.0,1.0
1919.0,ssp119_BC_off-road_striving,0.11697210209558957,ssp119,0.11697210209558957,0.0,non-CO2,BC,off-road,0.11697210209558957,0.0,0.0,1.0
1919.0,ssp119_BC_on-road_striving,0.11697210209558957,ssp119,0.11697210209558957,0.0,non-CO2,BC,on-road,0.11697210209558957,0.0,0.0,1.0
1919.0,ssp119_CH4_Marine_striving,0.11697210209558957,ssp119,0.11697210209558957,0.0,non-CO2,CH4,Marine,0.11697210209558957,0.0,0.0,1.0
1919.0,ssp119_CH4_off-road_striving,0.11697210209558957,ssp119,0.11697210209558957,0.0,non-CO2,CH4,off-road,0.11697210209558957,0.0,0.0,1.0
1919.0,ssp119_CH4_on-road_striving,0.11697210209558957,ssp119,0.11697210209558957,0.0,non-CO2,CH4,on-road,0.11697210209558957,0.0,0.0,1.0
1919.0,ssp119_CO2 FFI_Marine_striving,0.11697210209558957,ssp119,0.11697210209558957,0.0,CO2,CO2 FFI,Marine,0.11697210209558957,0.0,0.0,1.0
1919.0,ssp119_CO2 FFI_off-road_striving,0.11697210209558957,ssp119,0.11697210209558957,0.0,CO2,CO2 FFI,off-road,0.11697210209558957,0.0,0.0,1.0
1919.0,ssp119_CO2 FFI_on-road_striving,0.11697210209558957,ssp119,0.11697210209558957,0.0,CO2,CO2 FFI,on-road,0.11697210209558957,0.0,0.0,1.0
1919.0,ssp119_N2O_Marine_striving,0.11697210209558957,ssp119,0.11697210209558957,0.0,non-CO2,N2O,Marine,0.11697210209558957,0.0,0.0,1.0
1919.0,ssp119_N2O_off-road_striving,0.11697210209558957,ssp119,0.11697210209558957,0.0,non-CO2,N2O,off-road,0.11697210209558957,0.0,0.0,1.0
1919.0,ssp119_N2O_on-road_striving,0.11697210209558957,ssp119,0.11697210209558957,0.0,non-CO2,N2O,on-road,0.11697210209558957,0.0,0.0,1.0
1919.0,ssp119_Sulfur_Marine_striving,0.11697210209558957,ssp119,0.11697210209558957,0.0,non-CO2,Sulfur,Marine,0.11697210209558957,0.0,0.0,1.0
1919.0,ssp119_striving,0.11697210209558957,ssp119,0.11697210209558957,0.0,,,Other,,,,1.0
1919.0,ssp119_zero_tra,0.11697210209558957,ssp119,0.11697210209558957,0.0,,,Other,,,,1.0
1920.0,ssp119,0.1247132035725075,ssp119,0.1247132035725075,0.0,,,Other,,,,1.0
1920.0,ssp119_BC_Marine_striving,0.1247132035725075,ssp119,0.1247132035725075,0.0,non-CO2,BC,Marine,0.1247132035725075,0.0,0.0,1.0
1920.0,ssp119_BC_off-road_striving,0.1247132035725075,ssp119,0.1247132035725075,0.0,non-CO2,BC,off-road,0.1247132035725075,0.0,0.0,1.0
1920.0,ssp119_BC_on-road_striving,0.1247132035725075,ssp119,0.1247132035725075,0.0,non-CO2,BC,on-road,0.1247132035725075,0.0,0.0,1.0
1920.0,ssp119_CH4_Marine_striving,0.1247132035725075,ssp119,0.1247132035725075,0.0,non-CO2,CH4,Marine,0.1247132035725075,0.0,0.0,1.0
1920.0,ssp119_CH4_off-road_striving,0.1247132035725075,ssp119,0.1247132035725075,0.0,non-CO2,CH4,off-road,0.1247132035725075,0.0,0.0,1.0
1920.0,ssp119_CH4_on-road_striving,0.1247132035725075,ssp119,0.1247132035725075,0.0,non-CO2,CH4,on-road,0.1247132035725075,0.0,0.0,1.0
1920.0,ssp119_CO2 FFI_Marine_striving,0.1247132035725075,ssp119,0.1247132035725075,0.0,CO2,CO2 FFI,Marine,0.1247132035725075,0.0,0.0,1.0
1920.0,ssp119_CO2 FFI_off-road_striving,0.1247132035725075,ssp119,0.1247132035725075,0.0,CO2,CO2 FFI,off-road,0.1247132035725075,0.0,0.0,1.0
1920.0,ssp119_CO2 FFI_on-road_striving,0.1247132035725075,ssp119,0.1247132035725075,0.0,CO2,CO2 FFI,on-road,0.1247132035725075,0.0,0.0,1.0
1920.0,ssp119_N2O_Marine_striving,0.1247132035725075,ssp119,0.1247132035725075,0.0,non-CO2,N2O,Marine,0.1247132035725075,0.0,0.0,1.0
1920.0,ssp119_N2O_off-road_striving,0.1247132035725075,ssp119,0.1247132035725075,0.0,non-CO2,N2O,off-road,0.1247132035725075,0.0,0.0,1.0
1920.0,ssp119_N2O_on-road_striving,0.1247132035725075,ssp119,0.1247132035725075,0.0,non-CO2,N2O,on-road,0.1247132035725075,0.0,0.0,1.0
1920.0,ssp119_Sulfur_Marine_striving,0.1247132035725075,ssp119,0.1247132035725075,0.0,non-CO2,Sulfur,Marine,0.1247132035725075,0.0,0.0,1.0
1920.0,ssp119_striving,0.1247132035725075,ssp119,0.1247132035725075,0.0,,,Other,,,,1.0
1920.0,ssp119_zero_tra,0.1247132035725075,ssp119,0.1247132035725075,0.0,,,Other,,,,1.0
1921.0,ssp119,0.14080783563956523,ssp119,0.14080783563956523,0.0,,,Other,,,,1.0
1921.0,ssp119_BC_Marine_striving,0.14080783563956523,ssp119,0.14080783563956523,0.0,non-CO2,BC,Marine,0.14080783563956523,0.0,0.0,1.0
1921.0,ssp119_BC_off-road_striving,0.14080783563956523,ssp119,0.14080783563956523,0.0,non-CO2,BC,off-road,0.14080783563956523,0.0,0.0,1.0
1921.0,ssp119_BC_on-road_striving,0.14080783563956523,ssp119,0.14080783563956523,0.0,non-CO2,BC,on-road,0.14080783563956523,0.0,0.0,1.0
1921.0,ssp119_CH4_Marine_striving,0.14080783563956523,ssp119,0.14080783563956523,0.0,non-CO2,CH4,Marine,0.14080783563956523,0.0,0.0,1.0
1921.0,ssp119_CH4_off-road_striving,0.14080783563956523,ssp119,0.14080783563956523,0.0,non-CO2,CH4,off-road,0.14080783563956523,0.0,0.0,1.0
1921.0,ssp119_CH4_on-road_striving,0.14080783563956523,ssp119,0.14080783563956523,0.0,non-CO2,CH4,on-road,0.14080783563956523,0.0,0.0,1.0
1921.0,ssp119_CO2 FFI_Marine_striving,0.14080783563956523,ssp119,0.14080783563956523,0.0,CO2,CO2 FFI,Marine,0.14080783563956523,0.0,0.0,1.0
1921.0,ssp119_CO2 FFI_off-road_striving,0.14080783563956523,ssp119,0.14080783563956523,0.0,CO2,CO2 FFI,off-road,0.14080783563956523,0.0,0.0,1.0
1921.0,ssp119_CO2 FFI_on-road_striving,0.14080783563956523,ssp119,0.14080783563956523,0.0,CO2,CO2 FFI,on-road,0.14080783563956523,0.0,0.0,1.0
1921.0,ssp119_N2O_Marine_striving,0.14080783563956523,ssp119,0.14080783563956523,0.0,non-CO2,N2O,Marine,0.14080783563956523,0.0,0.0,1.0
1921.0,ssp119_N2O_off-road_striving,0.14080783563956523,ssp119,0.14080783563956523,0.0,non-CO2,N2O,off-road,0.14080783563956523,0.0,0.0,1.0
1921.0,ssp119_N2O_on-road_striving,0.14080783563956523,ssp119,0.14080783563956523,0.0,non-CO2,N2O,on-road,0.14080783563956523,0.0,0.0,1.0
1921.0,ssp119_Sulfur_Marine_striving,0.14080783563956523,ssp119,0.14080783563956523,0.0,non-CO2,Sulfur,Marine,0.14080783563956523,0.0,0.0,1.0
1921.0,ssp119_striving,0.14080783563956523,ssp119,0.14080783563956523,0.0,,,Other,,,,1.0
1921.0,ssp119_zero_tra,0.14080783563956523,ssp119,0.14080783563956523,0.0,,,Other,,,,1.0
1922.0,ssp119,0.15128937716545898,ssp119,0.15128937716545898,0.0,,,Other,,,,1.0
1922.0,ssp119_BC_Marine_striving,0.15128937716545898,ssp119,0.15128937716545898,0.0,non-CO2,BC,Marine,0.15128937716545898,0.0,0.0,1.0
1922.0,ssp119_BC_off-road_striving,0.15128937716545898,ssp119,0.15128937716545898,0.0,non-CO2,BC,off-road,0.15128937716545898,0.0,0.0,1.0
1922.0,ssp119_BC_on-road_striving,0.15128937716545898,ssp119,0.15128937716545898,0.0,non-CO2,BC,on-road,0.15128937716545898,0.0,0.0,1.0
1922.0,ssp119_CH4_Marine_striving,0.15128937716545898,ssp119,0.15128937716545898,0.0,non-CO2,CH4,Marine,0.15128937716545898,0.0,0.0,1.0
1922.0,ssp119_CH4_off-road_striving,0.15128937716545898,ssp119,0.15128937716545898,0.0,non-CO2,CH4,off-road,0.15128937716545898,0.0,0.0,1.0
1922.0,ssp119_CH4_on-road_striving,0.15128937716545898,ssp119,0.15128937716545898,0.0,non-CO2,CH4,on-road,0.15128937716545898,0.0,0.0,1.0
1922.0,ssp119_CO2 FFI_Marine_striving,0.15128937716545898,ssp119,0.15128937716545898,0.0,CO2,CO2 FFI,Marine,0.15128937716545898,0.0,0.0,1.0
1922.0,ssp119_CO2 FFI_off-road_striving,0.15128937716545898,ssp119,0.15128937716545898,0.0,CO2,CO2 FFI,off-road,0.15128937716545898,0.0,0.0,1.0
1922.0,ssp119_CO2 FFI_on-road_striving,0.15128937716545898,ssp119,0.15128937716545898,0.0,CO2,CO2 FFI,on-road,0.15128937716545898,0.0,0.0,1.0
1922.0,ssp119_N2O_Marine_striving,0.15128937716545898,ssp119,0.15128937716545898,0.0,non-CO2,N2O,Marine,0.15128937716545898,0.0,0.0,1.0
1922.0,ssp119_N2O_off-road_striving,0.15128937716545898,ssp119,0.15128937716545898,0.0,non-CO2,N2O,off-road,0.15128937716545898,0.0,0.0,1.0
1922.0,ssp119_N2O_on-road_striving,0.15128937716545898,ssp119,0.15128937716545898,0.0,non-CO2,N2O,on-road,0.15128937716545898,0.0,0.0,1.0
1922.0,ssp119_Sulfur_Marine_striving,0.15128937716545898,ssp119,0.15128937716545898,0.0,non-CO2,Sulfur,Marine,0.15128937716545898,0.0,0.0,1.0
1922.0,ssp119_striving,0.15128937716545898,ssp119,0.15128937716545898,0.0,,,Other,,,,1.0
1922.0,ssp119_zero_tra,0.15128937716545898,ssp119,0.15128937716545898,0.0,,,Other,,,,1.0
1923.0,ssp119,0.12638945325187814,ssp119,0.12638945325187814,0.0,,,Other,,,,1.0
1923.0,ssp119_BC_Marine_striving,0.12638945325187814,ssp119,0.12638945325187814,0.0,non-CO2,BC,Marine,0.12638945325187814,0.0,0.0,1.0
1923.0,ssp119_BC_off-road_striving,0.12638945325187814,ssp119,0.12638945325187814,0.0,non-CO2,BC,off-road,0.12638945325187814,0.0,0.0,1.0
1923.0,ssp119_BC_on-road_striving,0.12638945325187814,ssp119,0.12638945325187814,0.0,non-CO2,BC,on-road,0.12638945325187814,0.0,0.0,1.0
1923.0,ssp119_CH4_Marine_striving,0.12638945325187814,ssp119,0.12638945325187814,0.0,non-CO2,CH4,Marine,0.12638945325187814,0.0,0.0,1.0
1923.0,ssp119_CH4_off-road_striving,0.12638945325187814,ssp119,0.12638945325187814,0.0,non-CO2,CH4,off-road,0.12638945325187814,0.0,0.0,1.0
1923.0,ssp119_CH4_on-road_striving,0.12638945325187814,ssp119,0.12638945325187814,0.0,non-CO2,CH4,on-road,0.12638945325187814,0.0,0.0,1.0
1923.0,ssp119_CO2 FFI_Marine_striving,0.12638945325187814,ssp119,0.12638945325187814,0.0,CO2,CO2 FFI,Marine,0.12638945325187814,0.0,0.0,1.0
1923.0,ssp119_CO2 FFI_off-road_striving,0.12638945325187814,ssp119,0.12638945325187814,0.0,CO2,CO2 FFI,off-road,0.12638945325187814,0.0,0.0,1.0
1923.0,ssp119_CO2 FFI_on-road_striving,0.12638945325187814,ssp119,0.12638945325187814,0.0,CO2,CO2 FFI,on-road,0.12638945325187814,0.0,0.0,1.0
1923.0,ssp119_N2O_Marine_striving,0.12638945325187814,ssp119,0.12638945325187814,0.0,non-CO2,N2O,Marine,0.12638945325187814,0.0,0.0,1.0
1923.0,ssp119_N2O_off-road_striving,0.12638945325187814,ssp119,0.12638945325187814,0.0,non-CO2,N2O,off-road,0.12638945325187814,0.0,0.0,1.0
1923.0,ssp119_N2O_on-road_striving,0.12638945325187814,ssp119,0.12638945325187814,0.0,non-CO2,N2O,on-road,0.12638945325187814,0.0,0.0,1.0
1923.0,ssp119_Sulfur_Marine_striving,0.12638945325187814,ssp119,0.12638945325187814,0.0,non-CO2,Sulfur,Marine,0.12638945325187814,0.0,0.0,1.0
1923.0,ssp119_striving,0.12638945325187814,ssp119,0.12638945325187814,0.0,,,Other,,,,1.0
1923.0,ssp119_zero_tra,0.12638945325187814,ssp119,0.12638945325187814,0.0,,,Other,,,,1.0
1924.0,ssp119,0.1359401896094205,ssp119,0.1359401896094205,0.0,,,Other,,,,1.0
1924.0,ssp119_BC_Marine_striving,0.1359401896094205,ssp119,0.1359401896094205,0.0,non-CO2,BC,Marine,0.1359401896094205,0.0,0.0,1.0
1924.0,ssp119_BC_off-road_striving,0.1359401896094205,ssp119,0.1359401896094205,0.0,non-CO2,BC,off-road,0.1359401896094205,0.0,0.0,1.0
1924.0,ssp119_BC_on-road_striving,0.1359401896094205,ssp119,0.1359401896094205,0.0,non-CO2,BC,on-road,0.1359401896094205,0.0,0.0,1.0
1924.0,ssp119_CH4_Marine_striving,0.1359401896094205,ssp119,0.1359401896094205,0.0,non-CO2,CH4,Marine,0.1359401896094205,0.0,0.0,1.0
1924.0,ssp119_CH4_off-road_striving,0.1359401896094205,ssp119,0.1359401896094205,0.0,non-CO2,CH4,off-road,0.1359401896094205,0.0,0.0,1.0
1924.0,ssp119_CH4_on-road_striving,0.1359401896094205,ssp119,0.1359401896094205,0.0,non-CO2,CH4,on-road,0.1359401896094205,0.0,0.0,1.0
1924.0,ssp119_CO2 FFI_Marine_striving,0.1359401896094205,ssp119,0.1359401896094205,0.0,CO2,CO2 FFI,Marine,0.1359401896094205,0.0,0.0,1.0
1924.0,ssp119_CO2 FFI_off-road_striving,0.1359401896094205,ssp119,0.1359401896094205,0.0,CO2,CO2 FFI,off-road,0.1359401896094205,0.0,0.0,1.0
1924.0,ssp119_CO2 FFI_on-road_striving,0.1359401896094205,ssp119,0.1359401896094205,0.0,CO2,CO2 FFI,on-road,0.1359401896094205,0.0,0.0,1.0
1924.0,ssp119_N2O_Marine_striving,0.1359401896094205,ssp119,0.1359401896094205,0.0,non-CO2,N2O,Marine,0.1359401896094205,0.0,0.0,1.0
1924.0,ssp119_N2O_off-road_striving,0.1359401896094205,ssp119,0.1359401896094205,0.0,non-CO2,N2O,off-road,0.1359401896094205,0.0,0.0,1.0
1924.0,ssp119_N2O_on-road_striving,0.1359401896094205,ssp119,0.1359401896094205,0.0,non-CO2,N2O,on-road,0.1359401896094205,0.0,0.0,1.0
1924.0,ssp119_Sulfur_Marine_striving,0.1359401896094205,ssp119,0.1359401896094205,0.0,non-CO2,Sulfur,Marine,0.1359401896094205,0.0,0.0,1.0
1924.0,ssp119_striving,0.1359401896094205,ssp119,0.1359401896094205,0.0,,,Other,,,,1.0
1924.0,ssp119_zero_tra,0.1359401896094205,ssp119,0.1359401896094205,0.0,,,Other,,,,1.0
1925.0,ssp119,0.1363494690032586,ssp119,0.1363494690032586,0.0,,,Other,,,,1.0
1925.0,ssp119_BC_Marine_striving,0.1363494690032586,ssp119,0.1363494690032586,0.0,non-CO2,BC,Marine,0.1363494690032586,0.0,0.0,1.0
1925.0,ssp119_BC_off-road_striving,0.1363494690032586,ssp119,0.1363494690032586,0.0,non-CO2,BC,off-road,0.1363494690032586,0.0,0.0,1.0
1925.0,ssp119_BC_on-road_striving,0.1363494690032586,ssp119,0.1363494690032586,0.0,non-CO2,BC,on-road,0.1363494690032586,0.0,0.0,1.0
1925.0,ssp119_CH4_Marine_striving,0.1363494690032586,ssp119,0.1363494690032586,0.0,non-CO2,CH4,Marine,0.1363494690032586,0.0,0.0,1.0
1925.0,ssp119_CH4_off-road_striving,0.1363494690032586,ssp119,0.1363494690032586,0.0,non-CO2,CH4,off-road,0.1363494690032586,0.0,0.0,1.0
1925.0,ssp119_CH4_on-road_striving,0.1363494690032586,ssp119,0.1363494690032586,0.0,non-CO2,CH4,on-road,0.1363494690032586,0.0,0.0,1.0
1925.0,ssp119_CO2 FFI_Marine_striving,0.1363494690032586,ssp119,0.1363494690032586,0.0,CO2,CO2 FFI,Marine,0.1363494690032586,0.0,0.0,1.0
1925.0,ssp119_CO2 FFI_off-road_striving,0.1363494690032586,ssp119,0.1363494690032586,0.0,CO2,CO2 FFI,off-road,0.1363494690032586,0.0,0.0,1.0
1925.0,ssp119_CO2 FFI_on-road_striving,0.1363494690032586,ssp119,0.1363494690032586,0.0,CO2,CO2 FFI,on-road,0.1363494690032586,0.0,0.0,1.0
1925.0,ssp119_N2O_Marine_striving,0.1363494690032586,ssp119,0.1363494690032586,0.0,non-CO2,N2O,Marine,0.1363494690032586,0.0,0.0,1.0
1925.0,ssp119_N2O_off-road_striving,0.1363494690032586,ssp119,0.1363494690032586,0.0,non-CO2,N2O,off-road,0.1363494690032586,0.0,0.0,1.0
1925.0,ssp119_N2O_on-road_striving,0.1363494690032586,ssp119,0.1363494690032586,0.0,non-CO2,N2O,on-road,0.1363494690032586,0.0,0.0,1.0
1925.0,ssp119_Sulfur_Marine_striving,0.1363494690032586,ssp119,0.1363494690032586,0.0,non-CO2,Sulfur,Marine,0.1363494690032586,0.0,0.0,1.0
1925.0,ssp119_striving,0.1363494690032586,ssp119,0.1363494690032586,0.0,,,Other,,,,1.0
1925.0,ssp119_zero_tra,0.1363494690032586,ssp119,0.1363494690032586,0.0,,,Other,,,,1.0
1926.0,ssp119,0.1480086480755966,ssp119,0.1480086480755966,0.0,,,Other,,,,1.0
1926.0,ssp119_BC_Marine_striving,0.1480086480755966,ssp119,0.1480086480755966,0.0,non-CO2,BC,Marine,0.1480086480755966,0.0,0.0,1.0
1926.0,ssp119_BC_off-road_striving,0.1480086480755966,ssp119,0.1480086480755966,0.0,non-CO2,BC,off-road,0.1480086480755966,0.0,0.0,1.0
1926.0,ssp119_BC_on-road_striving,0.1480086480755966,ssp119,0.1480086480755966,0.0,non-CO2,BC,on-road,0.1480086480755966,0.0,0.0,1.0
1926.0,ssp119_CH4_Marine_striving,0.1480086480755966,ssp119,0.1480086480755966,0.0,non-CO2,CH4,Marine,0.1480086480755966,0.0,0.0,1.0
1926.0,ssp119_CH4_off-road_striving,0.1480086480755966,ssp119,0.1480086480755966,0.0,non-CO2,CH4,off-road,0.1480086480755966,0.0,0.0,1.0
1926.0,ssp119_CH4_on-road_striving,0.1480086480755966,ssp119,0.1480086480755966,0.0,non-CO2,CH4,on-road,0.1480086480755966,0.0,0.0,1.0
1926.0,ssp119_CO2 FFI_Marine_striving,0.1480086480755966,ssp119,0.1480086480755966,0.0,CO2,CO2 FFI,Marine,0.1480086480755966,0.0,0.0,1.0
1926.0,ssp119_CO2 FFI_off-road_striving,0.1480086480755966,ssp119,0.1480086480755966,0.0,CO2,CO2 FFI,off-road,0.1480086480755966,0.0,0.0,1.0
1926.0,ssp119_CO2 FFI_on-road_striving,0.1480086480755966,ssp119,0.1480086480755966,0.0,CO2,CO2 FFI,on-road,0.1480086480755966,0.0,0.0,1.0
1926.0,ssp119_N2O_Marine_striving,0.1480086480755966,ssp119,0.1480086480755966,0.0,non-CO2,N2O,Marine,0.1480086480755966,0.0,0.0,1.0
1926.0,ssp119_N2O_off-road_striving,0.1480086480755966,ssp119,0.1480086480755966,0.0,non-CO2,N2O,off-road,0.1480086480755966,0.0,0.0,1.0
1926.0,ssp119_N2O_on-road_striving,0.1480086480755966,ssp119,0.1480086480755966,0.0,non-CO2,N2O,on-road,0.1480086480755966,0.0,0.0,1.0
1926.0,ssp119_Sulfur_Marine_striving,0.1480086480755966,ssp119,0.1480086480755966,0.0,non-CO2,Sulfur,Marine,0.1480086480755966,0.0,0.0,1.0
1926.0,ssp119_striving,0.1480086480755966,ssp119,0.1480086480755966,0.0,,,Other,,,,1.0
1926.0,ssp119_zero_tra,0.1480086480755966,ssp119,0.1480086480755966,0.0,,,Other,,,,1.0
1927.0,ssp119,0.1678247841837472,ssp119,0.1678247841837472,0.0,,,Other,,,,1.0
1927.0,ssp119_BC_Marine_striving,0.1678247841837472,ssp119,0.1678247841837472,0.0,non-CO2,BC,Marine,0.1678247841837472,0.0,0.0,1.0
1927.0,ssp119_BC_off-road_striving,0.1678247841837472,ssp119,0.1678247841837472,0.0,non-CO2,BC,off-road,0.1678247841837472,0.0,0.0,1.0
1927.0,ssp119_BC_on-road_striving,0.1678247841837472,ssp119,0.1678247841837472,0.0,non-CO2,BC,on-road,0.1678247841837472,0.0,0.0,1.0
1927.0,ssp119_CH4_Marine_striving,0.1678247841837472,ssp119,0.1678247841837472,0.0,non-CO2,CH4,Marine,0.1678247841837472,0.0,0.0,1.0
1927.0,ssp119_CH4_off-road_striving,0.1678247841837472,ssp119,0.1678247841837472,0.0,non-CO2,CH4,off-road,0.1678247841837472,0.0,0.0,1.0
1927.0,ssp119_CH4_on-road_striving,0.1678247841837472,ssp119,0.1678247841837472,0.0,non-CO2,CH4,on-road,0.1678247841837472,0.0,0.0,1.0
1927.0,ssp119_CO2 FFI_Marine_striving,0.1678247841837472,ssp119,0.1678247841837472,0.0,CO2,CO2 FFI,Marine,0.1678247841837472,0.0,0.0,1.0
1927.0,ssp119_CO2 FFI_off-road_striving,0.1678247841837472,ssp119,0.1678247841837472,0.0,CO2,CO2 FFI,off-road,0.1678247841837472,0.0,0.0,1.0
1927.0,ssp119_CO2 FFI_on-road_striving,0.1678247841837472,ssp119,0.1678247841837472,0.0,CO2,CO2 FFI,on-road,0.1678247841837472,0.0,0.0,1.0
1927.0,ssp119_N2O_Marine_striving,0.1678247841837472,ssp119,0.1678247841837472,0.0,non-CO2,N2O,Marine,0.1678247841837472,0.0,0.0,1.0
1927.0,ssp119_N2O_off-road_striving,0.1678247841837472,ssp119,0.1678247841837472,0.0,non-CO2,N2O,off-road,0.1678247841837472,0.0,0.0,1.0
1927.0,ssp119_N2O_on-road_striving,0.1678247841837472,ssp119,0.1678247841837472,0.0,non-CO2,N2O,on-road,0.1678247841837472,0.0,0.0,1.0
1927.0,ssp119_Sulfur_Marine_striving,0.1678247841837472,ssp119,0.1678247841837472,0.0,non-CO2,Sulfur,Marine,0.1678247841837472,0.0,0.0,1.0
1927.0,ssp119_striving,0.1678247841837472,ssp119,0.1678247841837472,0.0,,,Other,,,,1.0
1927.0,ssp119_zero_tra,0.1678247841837472,ssp119,0.1678247841837472,0.0,,,Other,,,,1.0
1928.0,ssp119,0.17576101490378387,ssp119,0.17576101490378387,0.0,,,Other,,,,1.0
1928.0,ssp119_BC_Marine_striving,0.17576101490378387,ssp119,0.17576101490378387,0.0,non-CO2,BC,Marine,0.17576101490378387,0.0,0.0,1.0
1928.0,ssp119_BC_off-road_striving,0.17576101490378387,ssp119,0.17576101490378387,0.0,non-CO2,BC,off-road,0.17576101490378387,0.0,0.0,1.0
1928.0,ssp119_BC_on-road_striving,0.17576101490378387,ssp119,0.17576101490378387,0.0,non-CO2,BC,on-road,0.17576101490378387,0.0,0.0,1.0
1928.0,ssp119_CH4_Marine_striving,0.17576101490378387,ssp119,0.17576101490378387,0.0,non-CO2,CH4,Marine,0.17576101490378387,0.0,0.0,1.0
1928.0,ssp119_CH4_off-road_striving,0.17576101490378387,ssp119,0.17576101490378387,0.0,non-CO2,CH4,off-road,0.17576101490378387,0.0,0.0,1.0
1928.0,ssp119_CH4_on-road_striving,0.17576101490378387,ssp119,0.17576101490378387,0.0,non-CO2,CH4,on-road,0.17576101490378387,0.0,0.0,1.0
1928.0,ssp119_CO2 FFI_Marine_striving,0.17576101490378387,ssp119,0.17576101490378387,0.0,CO2,CO2 FFI,Marine,0.17576101490378387,0.0,0.0,1.0
1928.0,ssp119_CO2 FFI_off-road_striving,0.17576101490378387,ssp119,0.17576101490378387,0.0,CO2,CO2 FFI,off-road,0.17576101490378387,0.0,0.0,1.0
1928.0,ssp119_CO2 FFI_on-road_striving,0.17576101490378387,ssp119,0.17576101490378387,0.0,CO2,CO2 FFI,on-road,0.17576101490378387,0.0,0.0,1.0
1928.0,ssp119_N2O_Marine_striving,0.17576101490378387,ssp119,0.17576101490378387,0.0,non-CO2,N2O,Marine,0.17576101490378387,0.0,0.0,1.0
1928.0,ssp119_N2O_off-road_striving,0.17576101490378387,ssp119,0.17576101490378387,0.0,non-CO2,N2O,off-road,0.17576101490378387,0.0,0.0,1.0
1928.0,ssp119_N2O_on-road_striving,0.17576101490378387,ssp119,0.17576101490378387,0.0,non-CO2,N2O,on-road,0.17576101490378387,0.0,0.0,1.0
1928.0,ssp119_Sulfur_Marine_striving,0.17576101490378387,ssp119,0.17576101490378387,0.0,non-CO2,Sulfur,Marine,0.17576101490378387,0.0,0.0,1.0
1928.0,ssp119_striving,0.17576101490378387,ssp119,0.17576101490378387,0.0,,,Other,,,,1.0
1928.0,ssp119_zero_tra,0.17576101490378387,ssp119,0.17576101490378387,0.0,,,Other,,,,1.0
1929.0,ssp119,0.1691158340593783,ssp119,0.1691158340593783,0.0,,,Other,,,,1.0
1929.0,ssp119_BC_Marine_striving,0.1691158340593783,ssp119,0.1691158340593783,0.0,non-CO2,BC,Marine,0.1691158340593783,0.0,0.0,1.0
1929.0,ssp119_BC_off-road_striving,0.1691158340593783,ssp119,0.1691158340593783,0.0,non-CO2,BC,off-road,0.1691158340593783,0.0,0.0,1.0
1929.0,ssp119_BC_on-road_striving,0.1691158340593783,ssp119,0.1691158340593783,0.0,non-CO2,BC,on-road,0.1691158340593783,0.0,0.0,1.0
1929.0,ssp119_CH4_Marine_striving,0.1691158340593783,ssp119,0.1691158340593783,0.0,non-CO2,CH4,Marine,0.1691158340593783,0.0,0.0,1.0
1929.0,ssp119_CH4_off-road_striving,0.1691158340593783,ssp119,0.1691158340593783,0.0,non-CO2,CH4,off-road,0.1691158340593783,0.0,0.0,1.0
1929.0,ssp119_CH4_on-road_striving,0.1691158340593783,ssp119,0.1691158340593783,0.0,non-CO2,CH4,on-road,0.1691158340593783,0.0,0.0,1.0
1929.0,ssp119_CO2 FFI_Marine_striving,0.1691158340593783,ssp119,0.1691158340593783,0.0,CO2,CO2 FFI,Marine,0.1691158340593783,0.0,0.0,1.0
1929.0,ssp119_CO2 FFI_off-road_striving,0.1691158340593783,ssp119,0.1691158340593783,0.0,CO2,CO2 FFI,off-road,0.1691158340593783,0.0,0.0,1.0
1929.0,ssp119_CO2 FFI_on-road_striving,0.1691158340593783,ssp119,0.1691158340593783,0.0,CO2,CO2 FFI,on-road,0.1691158340593783,0.0,0.0,1.0
1929.0,ssp119_N2O_Marine_striving,0.1691158340593783,ssp119,0.1691158340593783,0.0,non-CO2,N2O,Marine,0.1691158340593783,0.0,0.0,1.0
1929.0,ssp119_N2O_off-road_striving,0.1691158340593783,ssp119,0.1691158340593783,0.0,non-CO2,N2O,off-road,0.1691158340593783,0.0,0.0,1.0
1929.0,ssp119_N2O_on-road_striving,0.1691158340593783,ssp119,0.1691158340593783,0.0,non-CO2,N2O,on-road,0.1691158340593783,0.0,0.0,1.0
1929.0,ssp119_Sulfur_Marine_striving,0.1691158340593783,ssp119,0.1691158340593783,0.0,non-CO2,Sulfur,Marine,0.1691158340593783,0.0,0.0,1.0
1929.0,ssp119_striving,0.1691158340593783,ssp119,0.1691158340593783,0.0,,,Other,,,,1.0
1929.0,ssp119_zero_tra,0.1691158340593783,ssp119,0.1691158340593783,0.0,,,Other,,,,1.0
1930.0,ssp119,0.1332431972922908,ssp119,0.1332431972922908,0.0,,,Other,,,,1.0
1930.0,ssp119_BC_Marine_striving,0.1332431972922908,ssp119,0.1332431972922908,0.0,non-CO2,BC,Marine,0.1332431972922908,0.0,0.0,1.0
1930.0,ssp119_BC_off-road_striving,0.1332431972922908,ssp119,0.1332431972922908,0.0,non-CO2,BC,off-road,0.1332431972922908,0.0,0.0,1.0
1930.0,ssp119_BC_on-road_striving,0.1332431972922908,ssp119,0.1332431972922908,0.0,non-CO2,BC,on-road,0.1332431972922908,0.0,0.0,1.0
1930.0,ssp119_CH4_Marine_striving,0.1332431972922908,ssp119,0.1332431972922908,0.0,non-CO2,CH4,Marine,0.1332431972922908,0.0,0.0,1.0
1930.0,ssp119_CH4_off-road_striving,0.1332431972922908,ssp119,0.1332431972922908,0.0,non-CO2,CH4,off-road,0.1332431972922908,0.0,0.0,1.0
1930.0,ssp119_CH4_on-road_striving,0.1332431972922908,ssp119,0.1332431972922908,0.0,non-CO2,CH4,on-road,0.1332431972922908,0.0,0.0,1.0
1930.0,ssp119_CO2 FFI_Marine_striving,0.1332431972922908,ssp119,0.1332431972922908,0.0,CO2,CO2 FFI,Marine,0.1332431972922908,0.0,0.0,1.0
1930.0,ssp119_CO2 FFI_off-road_striving,0.1332431972922908,ssp119,0.1332431972922908,0.0,CO2,CO2 FFI,off-road,0.1332431972922908,0.0,0.0,1.0
1930.0,ssp119_CO2 FFI_on-road_striving,0.1332431972922908,ssp119,0.1332431972922908,0.0,CO2,CO2 FFI,on-road,0.1332431972922908,0.0,0.0,1.0
1930.0,ssp119_N2O_Marine_striving,0.1332431972922908,ssp119,0.1332431972922908,0.0,non-CO2,N2O,Marine,0.1332431972922908,0.0,0.0,1.0
1930.0,ssp119_N2O_off-road_striving,0.1332431972922908,ssp119,0.1332431972922908,0.0,non-CO2,N2O,off-road,0.1332431972922908,0.0,0.0,1.0
1930.0,ssp119_N2O_on-road_striving,0.1332431972922908,ssp119,0.1332431972922908,0.0,non-CO2,N2O,on-road,0.1332431972922908,0.0,0.0,1.0
1930.0,ssp119_Sulfur_Marine_striving,0.1332431972922908,ssp119,0.1332431972922908,0.0,non-CO2,Sulfur,Marine,0.1332431972922908,0.0,0.0,1.0
1930.0,ssp119_striving,0.1332431972922908,ssp119,0.1332431972922908,0.0,,,Other,,,,1.0
1930.0,ssp119_zero_tra,0.1332431972922908,ssp119,0.1332431972922908,0.0,,,Other,,,,1.0
1931.0,ssp119,0.15664923123058178,ssp119,0.15664923123058178,0.0,,,Other,,,,1.0
1931.0,ssp119_BC_Marine_striving,0.15664923123058178,ssp119,0.15664923123058178,0.0,non-CO2,BC,Marine,0.15664923123058178,0.0,0.0,1.0
1931.0,ssp119_BC_off-road_striving,0.15664923123058178,ssp119,0.15664923123058178,0.0,non-CO2,BC,off-road,0.15664923123058178,0.0,0.0,1.0
1931.0,ssp119_BC_on-road_striving,0.15664923123058178,ssp119,0.15664923123058178,0.0,non-CO2,BC,on-road,0.15664923123058178,0.0,0.0,1.0
1931.0,ssp119_CH4_Marine_striving,0.15664923123058178,ssp119,0.15664923123058178,0.0,non-CO2,CH4,Marine,0.15664923123058178,0.0,0.0,1.0
1931.0,ssp119_CH4_off-road_striving,0.15664923123058178,ssp119,0.15664923123058178,0.0,non-CO2,CH4,off-road,0.15664923123058178,0.0,0.0,1.0
1931.0,ssp119_CH4_on-road_striving,0.15664923123058178,ssp119,0.15664923123058178,0.0,non-CO2,CH4,on-road,0.15664923123058178,0.0,0.0,1.0
1931.0,ssp119_CO2 FFI_Marine_striving,0.15664923123058178,ssp119,0.15664923123058178,0.0,CO2,CO2 FFI,Marine,0.15664923123058178,0.0,0.0,1.0
1931.0,ssp119_CO2 FFI_off-road_striving,0.15664923123058178,ssp119,0.15664923123058178,0.0,CO2,CO2 FFI,off-road,0.15664923123058178,0.0,0.0,1.0
1931.0,ssp119_CO2 FFI_on-road_striving,0.15664923123058178,ssp119,0.15664923123058178,0.0,CO2,CO2 FFI,on-road,0.15664923123058178,0.0,0.0,1.0
1931.0,ssp119_N2O_Marine_striving,0.15664923123058178,ssp119,0.15664923123058178,0.0,non-CO2,N2O,Marine,0.15664923123058178,0.0,0.0,1.0
1931.0,ssp119_N2O_off-road_striving,0.15664923123058178,ssp119,0.15664923123058178,0.0,non-CO2,N2O,off-road,0.15664923123058178,0.0,0.0,1.0
1931.0,ssp119_N2O_on-road_striving,0.15664923123058178,ssp119,0.15664923123058178,0.0,non-CO2,N2O,on-road,0.15664923123058178,0.0,0.0,1.0
1931.0,ssp119_Sulfur_Marine_striving,0.15664923123058178,ssp119,0.15664923123058178,0.0,non-CO2,Sulfur,Marine,0.15664923123058178,0.0,0.0,1.0
1931.0,ssp119_striving,0.15664923123058178,ssp119,0.15664923123058178,0.0,,,Other,,,,1.0
1931.0,ssp119_zero_tra,0.15664923123058178,ssp119,0.15664923123058178,0.0,,,Other,,,,1.0
1932.0,ssp119,0.19224884545522164,ssp119,0.19224884545522164,0.0,,,Other,,,,1.0
1932.0,ssp119_BC_Marine_striving,0.19224884545522164,ssp119,0.19224884545522164,0.0,non-CO2,BC,Marine,0.19224884545522164,0.0,0.0,1.0
1932.0,ssp119_BC_off-road_striving,0.19224884545522164,ssp119,0.19224884545522164,0.0,non-CO2,BC,off-road,0.19224884545522164,0.0,0.0,1.0
1932.0,ssp119_BC_on-road_striving,0.19224884545522164,ssp119,0.19224884545522164,0.0,non-CO2,BC,on-road,0.19224884545522164,0.0,0.0,1.0
1932.0,ssp119_CH4_Marine_striving,0.19224884545522164,ssp119,0.19224884545522164,0.0,non-CO2,CH4,Marine,0.19224884545522164,0.0,0.0,1.0
1932.0,ssp119_CH4_off-road_striving,0.19224884545522164,ssp119,0.19224884545522164,0.0,non-CO2,CH4,off-road,0.19224884545522164,0.0,0.0,1.0
1932.0,ssp119_CH4_on-road_striving,0.19224884545522164,ssp119,0.19224884545522164,0.0,non-CO2,CH4,on-road,0.19224884545522164,0.0,0.0,1.0
1932.0,ssp119_CO2 FFI_Marine_striving,0.19224884545522164,ssp119,0.19224884545522164,0.0,CO2,CO2 FFI,Marine,0.19224884545522164,0.0,0.0,1.0
1932.0,ssp119_CO2 FFI_off-road_striving,0.19224884545522164,ssp119,0.19224884545522164,0.0,CO2,CO2 FFI,off-road,0.19224884545522164,0.0,0.0,1.0
1932.0,ssp119_CO2 FFI_on-road_striving,0.19224884545522164,ssp119,0.19224884545522164,0.0,CO2,CO2 FFI,on-road,0.19224884545522164,0.0,0.0,1.0
1932.0,ssp119_N2O_Marine_striving,0.19224884545522164,ssp119,0.19224884545522164,0.0,non-CO2,N2O,Marine,0.19224884545522164,0.0,0.0,1.0
1932.0,ssp119_N2O_off-road_striving,0.19224884545522164,ssp119,0.19224884545522164,0.0,non-CO2,N2O,off-road,0.19224884545522164,0.0,0.0,1.0
1932.0,ssp119_N2O_on-road_striving,0.19224884545522164,ssp119,0.19224884545522164,0.0,non-CO2,N2O,on-road,0.19224884545522164,0.0,0.0,1.0
1932.0,ssp119_Sulfur_Marine_striving,0.19224884545522164,ssp119,0.19224884545522164,0.0,non-CO2,Sulfur,Marine,0.19224884545522164,0.0,0.0,1.0
1932.0,ssp119_striving,0.19224884545522164,ssp119,0.19224884545522164,0.0,,,Other,,,,1.0
1932.0,ssp119_zero_tra,0.19224884545522164,ssp119,0.19224884545522164,0.0,,,Other,,,,1.0
1933.0,ssp119,0.17293414244968347,ssp119,0.17293414244968347,0.0,,,Other,,,,1.0
1933.0,ssp119_BC_Marine_striving,0.17293414244968347,ssp119,0.17293414244968347,0.0,non-CO2,BC,Marine,0.17293414244968347,0.0,0.0,1.0
1933.0,ssp119_BC_off-road_striving,0.17293414244968347,ssp119,0.17293414244968347,0.0,non-CO2,BC,off-road,0.17293414244968347,0.0,0.0,1.0
1933.0,ssp119_BC_on-road_striving,0.17293414244968347,ssp119,0.17293414244968347,0.0,non-CO2,BC,on-road,0.17293414244968347,0.0,0.0,1.0
1933.0,ssp119_CH4_Marine_striving,0.17293414244968347,ssp119,0.17293414244968347,0.0,non-CO2,CH4,Marine,0.17293414244968347,0.0,0.0,1.0
1933.0,ssp119_CH4_off-road_striving,0.17293414244968347,ssp119,0.17293414244968347,0.0,non-CO2,CH4,off-road,0.17293414244968347,0.0,0.0,1.0
1933.0,ssp119_CH4_on-road_striving,0.17293414244968347,ssp119,0.17293414244968347,0.0,non-CO2,CH4,on-road,0.17293414244968347,0.0,0.0,1.0
1933.0,ssp119_CO2 FFI_Marine_striving,0.17293414244968347,ssp119,0.17293414244968347,0.0,CO2,CO2 FFI,Marine,0.17293414244968347,0.0,0.0,1.0
1933.0,ssp119_CO2 FFI_off-road_striving,0.17293414244968347,ssp119,0.17293414244968347,0.0,CO2,CO2 FFI,off-road,0.17293414244968347,0.0,0.0,1.0
1933.0,ssp119_CO2 FFI_on-road_striving,0.17293414244968347,ssp119,0.17293414244968347,0.0,CO2,CO2 FFI,on-road,0.17293414244968347,0.0,0.0,1.0
1933.0,ssp119_N2O_Marine_striving,0.17293414244968347,ssp119,0.17293414244968347,0.0,non-CO2,N2O,Marine,0.17293414244968347,0.0,0.0,1.0
1933.0,ssp119_N2O_off-road_striving,0.17293414244968347,ssp119,0.17293414244968347,0.0,non-CO2,N2O,off-road,0.17293414244968347,0.0,0.0,1.0
1933.0,ssp119_N2O_on-road_striving,0.17293414244968347,ssp119,0.17293414244968347,0.0,non-CO2,N2O,on-road,0.17293414244968347,0.0,0.0,1.0
1933.0,ssp119_Sulfur_Marine_striving,0.17293414244968347,ssp119,0.17293414244968347,0.0,non-CO2,Sulfur,Marine,0.17293414244968347,0.0,0.0,1.0
1933.0,ssp119_striving,0.17293414244968347,ssp119,0.17293414244968347,0.0,,,Other,,,,1.0
1933.0,ssp119_zero_tra,0.17293414244968347,ssp119,0.17293414244968347,0.0,,,Other,,,,1.0
1934.0,ssp119,0.20380194268156765,ssp119,0.20380194268156765,0.0,,,Other,,,,1.0
1934.0,ssp119_BC_Marine_striving,0.20380194268156765,ssp119,0.20380194268156765,0.0,non-CO2,BC,Marine,0.20380194268156765,0.0,0.0,1.0
1934.0,ssp119_BC_off-road_striving,0.20380194268156765,ssp119,0.20380194268156765,0.0,non-CO2,BC,off-road,0.20380194268156765,0.0,0.0,1.0
1934.0,ssp119_BC_on-road_striving,0.20380194268156765,ssp119,0.20380194268156765,0.0,non-CO2,BC,on-road,0.20380194268156765,0.0,0.0,1.0
1934.0,ssp119_CH4_Marine_striving,0.20380194268156765,ssp119,0.20380194268156765,0.0,non-CO2,CH4,Marine,0.20380194268156765,0.0,0.0,1.0
1934.0,ssp119_CH4_off-road_striving,0.20380194268156765,ssp119,0.20380194268156765,0.0,non-CO2,CH4,off-road,0.20380194268156765,0.0,0.0,1.0
1934.0,ssp119_CH4_on-road_striving,0.20380194268156765,ssp119,0.20380194268156765,0.0,non-CO2,CH4,on-road,0.20380194268156765,0.0,0.0,1.0
1934.0,ssp119_CO2 FFI_Marine_striving,0.20380194268156765,ssp119,0.20380194268156765,0.0,CO2,CO2 FFI,Marine,0.20380194268156765,0.0,0.0,1.0
1934.0,ssp119_CO2 FFI_off-road_striving,0.20380194268156765,ssp119,0.20380194268156765,0.0,CO2,CO2 FFI,off-road,0.20380194268156765,0.0,0.0,1.0
1934.0,ssp119_CO2 FFI_on-road_striving,0.20380194268156765,ssp119,0.20380194268156765,0.0,CO2,CO2 FFI,on-road,0.20380194268156765,0.0,0.0,1.0
1934.0,ssp119_N2O_Marine_striving,0.20380194268156765,ssp119,0.20380194268156765,0.0,non-CO2,N2O,Marine,0.20380194268156765,0.0,0.0,1.0
1934.0,ssp119_N2O_off-road_striving,0.20380194268156765,ssp119,0.20380194268156765,0.0,non-CO2,N2O,off-road,0.20380194268156765,0.0,0.0,1.0
1934.0,ssp119_N2O_on-road_striving,0.20380194268156765,ssp119,0.20380194268156765,0.0,non-CO2,N2O,on-road,0.20380194268156765,0.0,0.0,1.0
1934.0,ssp119_Sulfur_Marine_striving,0.20380194268156765,ssp119,0.20380194268156765,0.0,non-CO2,Sulfur,Marine,0.20380194268156765,0.0,0.0,1.0
1934.0,ssp119_striving,0.20380194268156765,ssp119,0.20380194268156765,0.0,,,Other,,,,1.0
1934.0,ssp119_zero_tra,0.20380194268156765,ssp119,0.20380194268156765,0.0,,,Other,,,,1.0
1935.0,ssp119,0.21570539862219718,ssp119,0.21570539862219718,0.0,,,Other,,,,1.0
1935.0,ssp119_BC_Marine_striving,0.21570539862219718,ssp119,0.21570539862219718,0.0,non-CO2,BC,Marine,0.21570539862219718,0.0,0.0,1.0
1935.0,ssp119_BC_off-road_striving,0.21570539862219718,ssp119,0.21570539862219718,0.0,non-CO2,BC,off-road,0.21570539862219718,0.0,0.0,1.0
1935.0,ssp119_BC_on-road_striving,0.21570539862219718,ssp119,0.21570539862219718,0.0,non-CO2,BC,on-road,0.21570539862219718,0.0,0.0,1.0
1935.0,ssp119_CH4_Marine_striving,0.21570539862219718,ssp119,0.21570539862219718,0.0,non-CO2,CH4,Marine,0.21570539862219718,0.0,0.0,1.0
1935.0,ssp119_CH4_off-road_striving,0.21570539862219718,ssp119,0.21570539862219718,0.0,non-CO2,CH4,off-road,0.21570539862219718,0.0,0.0,1.0
1935.0,ssp119_CH4_on-road_striving,0.21570539862219718,ssp119,0.21570539862219718,0.0,non-CO2,CH4,on-road,0.21570539862219718,0.0,0.0,1.0
1935.0,ssp119_CO2 FFI_Marine_striving,0.21570539862219718,ssp119,0.21570539862219718,0.0,CO2,CO2 FFI,Marine,0.21570539862219718,0.0,0.0,1.0
1935.0,ssp119_CO2 FFI_off-road_striving,0.21570539862219718,ssp119,0.21570539862219718,0.0,CO2,CO2 FFI,off-road,0.21570539862219718,0.0,0.0,1.0
1935.0,ssp119_CO2 FFI_on-road_striving,0.21570539862219718,ssp119,0.21570539862219718,0.0,CO2,CO2 FFI,on-road,0.21570539862219718,0.0,0.0,1.0
1935.0,ssp119_N2O_Marine_striving,0.21570539862219718,ssp119,0.21570539862219718,0.0,non-CO2,N2O,Marine,0.21570539862219718,0.0,0.0,1.0
1935.0,ssp119_N2O_off-road_striving,0.21570539862219718,ssp119,0.21570539862219718,0.0,non-CO2,N2O,off-road,0.21570539862219718,0.0,0.0,1.0
1935.0,ssp119_N2O_on-road_striving,0.21570539862219718,ssp119,0.21570539862219718,0.0,non-CO2,N2O,on-road,0.21570539862219718,0.0,0.0,1.0
1935.0,ssp119_Sulfur_Marine_striving,0.21570539862219718,ssp119,0.21570539862219718,0.0,non-CO2,Sulfur,Marine,0.21570539862219718,0.0,0.0,1.0
1935.0,ssp119_striving,0.21570539862219718,ssp119,0.21570539862219718,0.0,,,Other,,,,1.0
1935.0,ssp119_zero_tra,0.21570539862219718,ssp119,0.21570539862219718,0.0,,,Other,,,,1.0
1936.0,ssp119,0.20980692142221918,ssp119,0.20980692142221918,0.0,,,Other,,,,1.0
1936.0,ssp119_BC_Marine_striving,0.20980692142221918,ssp119,0.20980692142221918,0.0,non-CO2,BC,Marine,0.20980692142221918,0.0,0.0,1.0
1936.0,ssp119_BC_off-road_striving,0.20980692142221918,ssp119,0.20980692142221918,0.0,non-CO2,BC,off-road,0.20980692142221918,0.0,0.0,1.0
1936.0,ssp119_BC_on-road_striving,0.20980692142221918,ssp119,0.20980692142221918,0.0,non-CO2,BC,on-road,0.20980692142221918,0.0,0.0,1.0
1936.0,ssp119_CH4_Marine_striving,0.20980692142221918,ssp119,0.20980692142221918,0.0,non-CO2,CH4,Marine,0.20980692142221918,0.0,0.0,1.0
1936.0,ssp119_CH4_off-road_striving,0.20980692142221918,ssp119,0.20980692142221918,0.0,non-CO2,CH4,off-road,0.20980692142221918,0.0,0.0,1.0
1936.0,ssp119_CH4_on-road_striving,0.20980692142221918,ssp119,0.20980692142221918,0.0,non-CO2,CH4,on-road,0.20980692142221918,0.0,0.0,1.0
1936.0,ssp119_CO2 FFI_Marine_striving,0.20980692142221918,ssp119,0.20980692142221918,0.0,CO2,CO2 FFI,Marine,0.20980692142221918,0.0,0.0,1.0
1936.0,ssp119_CO2 FFI_off-road_striving,0.20980692142221918,ssp119,0.20980692142221918,0.0,CO2,CO2 FFI,off-road,0.20980692142221918,0.0,0.0,1.0
1936.0,ssp119_CO2 FFI_on-road_striving,0.20980692142221918,ssp119,0.20980692142221918,0.0,CO2,CO2 FFI,on-road,0.20980692142221918,0.0,0.0,1.0
1936.0,ssp119_N2O_Marine_striving,0.20980692142221918,ssp119,0.20980692142221918,0.0,non-CO2,N2O,Marine,0.20980692142221918,0.0,0.0,1.0
1936.0,ssp119_N2O_off-road_striving,0.20980692142221918,ssp119,0.20980692142221918,0.0,non-CO2,N2O,off-road,0.20980692142221918,0.0,0.0,1.0
1936.0,ssp119_N2O_on-road_striving,0.20980692142221918,ssp119,0.20980692142221918,0.0,non-CO2,N2O,on-road,0.20980692142221918,0.0,0.0,1.0
1936.0,ssp119_Sulfur_Marine_striving,0.20980692142221918,ssp119,0.20980692142221918,0.0,non-CO2,Sulfur,Marine,0.20980692142221918,0.0,0.0,1.0
1936.0,ssp119_striving,0.20980692142221918,ssp119,0.20980692142221918,0.0,,,Other,,,,1.0
1936.0,ssp119_zero_tra,0.20980692142221918,ssp119,0.20980692142221918,0.0,,,Other,,,,1.0
1937.0,ssp119,0.2230247793344255,ssp119,0.2230247793344255,0.0,,,Other,,,,1.0
1937.0,ssp119_BC_Marine_striving,0.2230247793344255,ssp119,0.2230247793344255,0.0,non-CO2,BC,Marine,0.2230247793344255,0.0,0.0,1.0
1937.0,ssp119_BC_off-road_striving,0.2230247793344255,ssp119,0.2230247793344255,0.0,non-CO2,BC,off-road,0.2230247793344255,0.0,0.0,1.0
1937.0,ssp119_BC_on-road_striving,0.2230247793344255,ssp119,0.2230247793344255,0.0,non-CO2,BC,on-road,0.2230247793344255,0.0,0.0,1.0
1937.0,ssp119_CH4_Marine_striving,0.2230247793344255,ssp119,0.2230247793344255,0.0,non-CO2,CH4,Marine,0.2230247793344255,0.0,0.0,1.0
1937.0,ssp119_CH4_off-road_striving,0.2230247793344255,ssp119,0.2230247793344255,0.0,non-CO2,CH4,off-road,0.2230247793344255,0.0,0.0,1.0
1937.0,ssp119_CH4_on-road_striving,0.2230247793344255,ssp119,0.2230247793344255,0.0,non-CO2,CH4,on-road,0.2230247793344255,0.0,0.0,1.0
1937.0,ssp119_CO2 FFI_Marine_striving,0.2230247793344255,ssp119,0.2230247793344255,0.0,CO2,CO2 FFI,Marine,0.2230247793344255,0.0,0.0,1.0
1937.0,ssp119_CO2 FFI_off-road_striving,0.2230247793344255,ssp119,0.2230247793344255,0.0,CO2,CO2 FFI,off-road,0.2230247793344255,0.0,0.0,1.0
1937.0,ssp119_CO2 FFI_on-road_striving,0.2230247793344255,ssp119,0.2230247793344255,0.0,CO2,CO2 FFI,on-road,0.2230247793344255,0.0,0.0,1.0
1937.0,ssp119_N2O_Marine_striving,0.2230247793344255,ssp119,0.2230247793344255,0.0,non-CO2,N2O,Marine,0.2230247793344255,0.0,0.0,1.0
1937.0,ssp119_N2O_off-road_striving,0.2230247793344255,ssp119,0.2230247793344255,0.0,non-CO2,N2O,off-road,0.2230247793344255,0.0,0.0,1.0
1937.0,ssp119_N2O_on-road_striving,0.2230247793344255,ssp119,0.2230247793344255,0.0,non-CO2,N2O,on-road,0.2230247793344255,0.0,0.0,1.0
1937.0,ssp119_Sulfur_Marine_striving,0.2230247793344255,ssp119,0.2230247793344255,0.0,non-CO2,Sulfur,Marine,0.2230247793344255,0.0,0.0,1.0
1937.0,ssp119_striving,0.2230247793344255,ssp119,0.2230247793344255,0.0,,,Other,,,,1.0
1937.0,ssp119_zero_tra,0.2230247793344255,ssp119,0.2230247793344255,0.0,,,Other,,,,1.0
1938.0,ssp119,0.21437473845394175,ssp119,0.21437473845394175,0.0,,,Other,,,,1.0
1938.0,ssp119_BC_Marine_striving,0.21437473845394175,ssp119,0.21437473845394175,0.0,non-CO2,BC,Marine,0.21437473845394175,0.0,0.0,1.0
1938.0,ssp119_BC_off-road_striving,0.21437473845394175,ssp119,0.21437473845394175,0.0,non-CO2,BC,off-road,0.21437473845394175,0.0,0.0,1.0
1938.0,ssp119_BC_on-road_striving,0.21437473845394175,ssp119,0.21437473845394175,0.0,non-CO2,BC,on-road,0.21437473845394175,0.0,0.0,1.0
1938.0,ssp119_CH4_Marine_striving,0.21437473845394175,ssp119,0.21437473845394175,0.0,non-CO2,CH4,Marine,0.21437473845394175,0.0,0.0,1.0
1938.0,ssp119_CH4_off-road_striving,0.21437473845394175,ssp119,0.21437473845394175,0.0,non-CO2,CH4,off-road,0.21437473845394175,0.0,0.0,1.0
1938.0,ssp119_CH4_on-road_striving,0.21437473845394175,ssp119,0.21437473845394175,0.0,non-CO2,CH4,on-road,0.21437473845394175,0.0,0.0,1.0
1938.0,ssp119_CO2 FFI_Marine_striving,0.21437473845394175,ssp119,0.21437473845394175,0.0,CO2,CO2 FFI,Marine,0.21437473845394175,0.0,0.0,1.0
1938.0,ssp119_CO2 FFI_off-road_striving,0.21437473845394175,ssp119,0.21437473845394175,0.0,CO2,CO2 FFI,off-road,0.21437473845394175,0.0,0.0,1.0
1938.0,ssp119_CO2 FFI_on-road_striving,0.21437473845394175,ssp119,0.21437473845394175,0.0,CO2,CO2 FFI,on-road,0.21437473845394175,0.0,0.0,1.0
1938.0,ssp119_N2O_Marine_striving,0.21437473845394175,ssp119,0.21437473845394175,0.0,non-CO2,N2O,Marine,0.21437473845394175,0.0,0.0,1.0
1938.0,ssp119_N2O_off-road_striving,0.21437473845394175,ssp119,0.21437473845394175,0.0,non-CO2,N2O,off-road,0.21437473845394175,0.0,0.0,1.0
1938.0,ssp119_N2O_on-road_striving,0.21437473845394175,ssp119,0.21437473845394175,0.0,non-CO2,N2O,on-road,0.21437473845394175,0.0,0.0,1.0
1938.0,ssp119_Sulfur_Marine_striving,0.21437473845394175,ssp119,0.21437473845394175,0.0,non-CO2,Sulfur,Marine,0.21437473845394175,0.0,0.0,1.0
1938.0,ssp119_striving,0.21437473845394175,ssp119,0.21437473845394175,0.0,,,Other,,,,1.0
1938.0,ssp119_zero_tra,0.21437473845394175,ssp119,0.21437473845394175,0.0,,,Other,,,,1.0
1939.0,ssp119,0.21297653458926447,ssp119,0.21297653458926447,0.0,,,Other,,,,1.0
1939.0,ssp119_BC_Marine_striving,0.21297653458926447,ssp119,0.21297653458926447,0.0,non-CO2,BC,Marine,0.21297653458926447,0.0,0.0,1.0
1939.0,ssp119_BC_off-road_striving,0.21297653458926447,ssp119,0.21297653458926447,0.0,non-CO2,BC,off-road,0.21297653458926447,0.0,0.0,1.0
1939.0,ssp119_BC_on-road_striving,0.21297653458926447,ssp119,0.21297653458926447,0.0,non-CO2,BC,on-road,0.21297653458926447,0.0,0.0,1.0
1939.0,ssp119_CH4_Marine_striving,0.21297653458926447,ssp119,0.21297653458926447,0.0,non-CO2,CH4,Marine,0.21297653458926447,0.0,0.0,1.0
1939.0,ssp119_CH4_off-road_striving,0.21297653458926447,ssp119,0.21297653458926447,0.0,non-CO2,CH4,off-road,0.21297653458926447,0.0,0.0,1.0
1939.0,ssp119_CH4_on-road_striving,0.21297653458926447,ssp119,0.21297653458926447,0.0,non-CO2,CH4,on-road,0.21297653458926447,0.0,0.0,1.0
1939.0,ssp119_CO2 FFI_Marine_striving,0.21297653458926447,ssp119,0.21297653458926447,0.0,CO2,CO2 FFI,Marine,0.21297653458926447,0.0,0.0,1.0
1939.0,ssp119_CO2 FFI_off-road_striving,0.21297653458926447,ssp119,0.21297653458926447,0.0,CO2,CO2 FFI,off-road,0.21297653458926447,0.0,0.0,1.0
1939.0,ssp119_CO2 FFI_on-road_striving,0.21297653458926447,ssp119,0.21297653458926447,0.0,CO2,CO2 FFI,on-road,0.21297653458926447,0.0,0.0,1.0
1939.0,ssp119_N2O_Marine_striving,0.21297653458926447,ssp119,0.21297653458926447,0.0,non-CO2,N2O,Marine,0.21297653458926447,0.0,0.0,1.0
1939.0,ssp119_N2O_off-road_striving,0.21297653458926447,ssp119,0.21297653458926447,0.0,non-CO2,N2O,off-road,0.21297653458926447,0.0,0.0,1.0
1939.0,ssp119_N2O_on-road_striving,0.21297653458926447,ssp119,0.21297653458926447,0.0,non-CO2,N2O,on-road,0.21297653458926447,0.0,0.0,1.0
1939.0,ssp119_Sulfur_Marine_striving,0.21297653458926447,ssp119,0.21297653458926447,0.0,non-CO2,Sulfur,Marine,0.21297653458926447,0.0,0.0,1.0
1939.0,ssp119_striving,0.21297653458926447,ssp119,0.21297653458926447,0.0,,,Other,,,,1.0
1939.0,ssp119_zero_tra,0.21297653458926447,ssp119,0.21297653458926447,0.0,,,Other,,,,1.0
1940.0,ssp119,0.229886342934751,ssp119,0.229886342934751,0.0,,,Other,,,,1.0
1940.0,ssp119_BC_Marine_striving,0.229886342934751,ssp119,0.229886342934751,0.0,non-CO2,BC,Marine,0.229886342934751,0.0,0.0,1.0
1940.0,ssp119_BC_off-road_striving,0.229886342934751,ssp119,0.229886342934751,0.0,non-CO2,BC,off-road,0.229886342934751,0.0,0.0,1.0
1940.0,ssp119_BC_on-road_striving,0.229886342934751,ssp119,0.229886342934751,0.0,non-CO2,BC,on-road,0.229886342934751,0.0,0.0,1.0
1940.0,ssp119_CH4_Marine_striving,0.229886342934751,ssp119,0.229886342934751,0.0,non-CO2,CH4,Marine,0.229886342934751,0.0,0.0,1.0
1940.0,ssp119_CH4_off-road_striving,0.229886342934751,ssp119,0.229886342934751,0.0,non-CO2,CH4,off-road,0.229886342934751,0.0,0.0,1.0
1940.0,ssp119_CH4_on-road_striving,0.229886342934751,ssp119,0.229886342934751,0.0,non-CO2,CH4,on-road,0.229886342934751,0.0,0.0,1.0
1940.0,ssp119_CO2 FFI_Marine_striving,0.229886342934751,ssp119,0.229886342934751,0.0,CO2,CO2 FFI,Marine,0.229886342934751,0.0,0.0,1.0
1940.0,ssp119_CO2 FFI_off-road_striving,0.229886342934751,ssp119,0.229886342934751,0.0,CO2,CO2 FFI,off-road,0.229886342934751,0.0,0.0,1.0
1940.0,ssp119_CO2 FFI_on-road_striving,0.229886342934751,ssp119,0.229886342934751,0.0,CO2,CO2 FFI,on-road,0.229886342934751,0.0,0.0,1.0
1940.0,ssp119_N2O_Marine_striving,0.229886342934751,ssp119,0.229886342934751,0.0,non-CO2,N2O,Marine,0.229886342934751,0.0,0.0,1.0
1940.0,ssp119_N2O_off-road_striving,0.229886342934751,ssp119,0.229886342934751,0.0,non-CO2,N2O,off-road,0.229886342934751,0.0,0.0,1.0
1940.0,ssp119_N2O_on-road_striving,0.229886342934751,ssp119,0.229886342934751,0.0,non-CO2,N2O,on-road,0.229886342934751,0.0,0.0,1.0
1940.0,ssp119_Sulfur_Marine_striving,0.229886342934751,ssp119,0.229886342934751,0.0,non-CO2,Sulfur,Marine,0.229886342934751,0.0,0.0,1.0
1940.0,ssp119_striving,0.229886342934751,ssp119,0.229886342934751,0.0,,,Other,,,,1.0
1940.0,ssp119_zero_tra,0.229886342934751,ssp119,0.229886342934751,0.0,,,Other,,,,1.0
1941.0,ssp119,0.24504272254538803,ssp119,0.24504272254538803,0.0,,,Other,,,,1.0
1941.0,ssp119_BC_Marine_striving,0.24504272254538803,ssp119,0.24504272254538803,0.0,non-CO2,BC,Marine,0.24504272254538803,0.0,0.0,1.0
1941.0,ssp119_BC_off-road_striving,0.24504272254538803,ssp119,0.24504272254538803,0.0,non-CO2,BC,off-road,0.24504272254538803,0.0,0.0,1.0
1941.0,ssp119_BC_on-road_striving,0.24504272254538803,ssp119,0.24504272254538803,0.0,non-CO2,BC,on-road,0.24504272254538803,0.0,0.0,1.0
1941.0,ssp119_CH4_Marine_striving,0.24504272254538803,ssp119,0.24504272254538803,0.0,non-CO2,CH4,Marine,0.24504272254538803,0.0,0.0,1.0
1941.0,ssp119_CH4_off-road_striving,0.24504272254538803,ssp119,0.24504272254538803,0.0,non-CO2,CH4,off-road,0.24504272254538803,0.0,0.0,1.0
1941.0,ssp119_CH4_on-road_striving,0.24504272254538803,ssp119,0.24504272254538803,0.0,non-CO2,CH4,on-road,0.24504272254538803,0.0,0.0,1.0
1941.0,ssp119_CO2 FFI_Marine_striving,0.24504272254538803,ssp119,0.24504272254538803,0.0,CO2,CO2 FFI,Marine,0.24504272254538803,0.0,0.0,1.0
1941.0,ssp119_CO2 FFI_off-road_striving,0.24504272254538803,ssp119,0.24504272254538803,0.0,CO2,CO2 FFI,off-road,0.24504272254538803,0.0,0.0,1.0
1941.0,ssp119_CO2 FFI_on-road_striving,0.24504272254538803,ssp119,0.24504272254538803,0.0,CO2,CO2 FFI,on-road,0.24504272254538803,0.0,0.0,1.0
1941.0,ssp119_N2O_Marine_striving,0.24504272254538803,ssp119,0.24504272254538803,0.0,non-CO2,N2O,Marine,0.24504272254538803,0.0,0.0,1.0
1941.0,ssp119_N2O_off-road_striving,0.24504272254538803,ssp119,0.24504272254538803,0.0,non-CO2,N2O,off-road,0.24504272254538803,0.0,0.0,1.0
1941.0,ssp119_N2O_on-road_striving,0.24504272254538803,ssp119,0.24504272254538803,0.0,non-CO2,N2O,on-road,0.24504272254538803,0.0,0.0,1.0
1941.0,ssp119_Sulfur_Marine_striving,0.24504272254538803,ssp119,0.24504272254538803,0.0,non-CO2,Sulfur,Marine,0.24504272254538803,0.0,0.0,1.0
1941.0,ssp119_striving,0.24504272254538803,ssp119,0.24504272254538803,0.0,,,Other,,,,1.0
1941.0,ssp119_zero_tra,0.24504272254538803,ssp119,0.24504272254538803,0.0,,,Other,,,,1.0
1942.0,ssp119,0.24086471517037278,ssp119,0.24086471517037278,0.0,,,Other,,,,1.0
1942.0,ssp119_BC_Marine_striving,0.24086471517037278,ssp119,0.24086471517037278,0.0,non-CO2,BC,Marine,0.24086471517037278,0.0,0.0,1.0
1942.0,ssp119_BC_off-road_striving,0.24086471517037278,ssp119,0.24086471517037278,0.0,non-CO2,BC,off-road,0.24086471517037278,0.0,0.0,1.0
1942.0,ssp119_BC_on-road_striving,0.24086471517037278,ssp119,0.24086471517037278,0.0,non-CO2,BC,on-road,0.24086471517037278,0.0,0.0,1.0
1942.0,ssp119_CH4_Marine_striving,0.24086471517037278,ssp119,0.24086471517037278,0.0,non-CO2,CH4,Marine,0.24086471517037278,0.0,0.0,1.0
1942.0,ssp119_CH4_off-road_striving,0.24086471517037278,ssp119,0.24086471517037278,0.0,non-CO2,CH4,off-road,0.24086471517037278,0.0,0.0,1.0
1942.0,ssp119_CH4_on-road_striving,0.24086471517037278,ssp119,0.24086471517037278,0.0,non-CO2,CH4,on-road,0.24086471517037278,0.0,0.0,1.0
1942.0,ssp119_CO2 FFI_Marine_striving,0.24086471517037278,ssp119,0.24086471517037278,0.0,CO2,CO2 FFI,Marine,0.24086471517037278,0.0,0.0,1.0
1942.0,ssp119_CO2 FFI_off-road_striving,0.24086471517037278,ssp119,0.24086471517037278,0.0,CO2,CO2 FFI,off-road,0.24086471517037278,0.0,0.0,1.0
1942.0,ssp119_CO2 FFI_on-road_striving,0.24086471517037278,ssp119,0.24086471517037278,0.0,CO2,CO2 FFI,on-road,0.24086471517037278,0.0,0.0,1.0
1942.0,ssp119_N2O_Marine_striving,0.24086471517037278,ssp119,0.24086471517037278,0.0,non-CO2,N2O,Marine,0.24086471517037278,0.0,0.0,1.0
1942.0,ssp119_N2O_off-road_striving,0.24086471517037278,ssp119,0.24086471517037278,0.0,non-CO2,N2O,off-road,0.24086471517037278,0.0,0.0,1.0
1942.0,ssp119_N2O_on-road_striving,0.24086471517037278,ssp119,0.24086471517037278,0.0,non-CO2,N2O,on-road,0.24086471517037278,0.0,0.0,1.0
1942.0,ssp119_Sulfur_Marine_striving,0.24086471517037278,ssp119,0.24086471517037278,0.0,non-CO2,Sulfur,Marine,0.24086471517037278,0.0,0.0,1.0
1942.0,ssp119_striving,0.24086471517037278,ssp119,0.24086471517037278,0.0,,,Other,,,,1.0
1942.0,ssp119_zero_tra,0.24086471517037278,ssp119,0.24086471517037278,0.0,,,Other,,,,1.0
1943.0,ssp119,0.22380803040014838,ssp119,0.22380803040014838,0.0,,,Other,,,,1.0
1943.0,ssp119_BC_Marine_striving,0.22380803040014838,ssp119,0.22380803040014838,0.0,non-CO2,BC,Marine,0.22380803040014838,0.0,0.0,1.0
1943.0,ssp119_BC_off-road_striving,0.22380803040014838,ssp119,0.22380803040014838,0.0,non-CO2,BC,off-road,0.22380803040014838,0.0,0.0,1.0
1943.0,ssp119_BC_on-road_striving,0.22380803040014838,ssp119,0.22380803040014838,0.0,non-CO2,BC,on-road,0.22380803040014838,0.0,0.0,1.0
1943.0,ssp119_CH4_Marine_striving,0.22380803040014838,ssp119,0.22380803040014838,0.0,non-CO2,CH4,Marine,0.22380803040014838,0.0,0.0,1.0
1943.0,ssp119_CH4_off-road_striving,0.22380803040014838,ssp119,0.22380803040014838,0.0,non-CO2,CH4,off-road,0.22380803040014838,0.0,0.0,1.0
1943.0,ssp119_CH4_on-road_striving,0.22380803040014838,ssp119,0.22380803040014838,0.0,non-CO2,CH4,on-road,0.22380803040014838,0.0,0.0,1.0
1943.0,ssp119_CO2 FFI_Marine_striving,0.22380803040014838,ssp119,0.22380803040014838,0.0,CO2,CO2 FFI,Marine,0.22380803040014838,0.0,0.0,1.0
1943.0,ssp119_CO2 FFI_off-road_striving,0.22380803040014838,ssp119,0.22380803040014838,0.0,CO2,CO2 FFI,off-road,0.22380803040014838,0.0,0.0,1.0
1943.0,ssp119_CO2 FFI_on-road_striving,0.22380803040014838,ssp119,0.22380803040014838,0.0,CO2,CO2 FFI,on-road,0.22380803040014838,0.0,0.0,1.0
1943.0,ssp119_N2O_Marine_striving,0.22380803040014838,ssp119,0.22380803040014838,0.0,non-CO2,N2O,Marine,0.22380803040014838,0.0,0.0,1.0
1943.0,ssp119_N2O_off-road_striving,0.22380803040014838,ssp119,0.22380803040014838,0.0,non-CO2,N2O,off-road,0.22380803040014838,0.0,0.0,1.0
1943.0,ssp119_N2O_on-road_striving,0.22380803040014838,ssp119,0.22380803040014838,0.0,non-CO2,N2O,on-road,0.22380803040014838,0.0,0.0,1.0
1943.0,ssp119_Sulfur_Marine_striving,0.22380803040014838,ssp119,0.22380803040014838,0.0,non-CO2,Sulfur,Marine,0.22380803040014838,0.0,0.0,1.0
1943.0,ssp119_striving,0.22380803040014838,ssp119,0.22380803040014838,0.0,,,Other,,,,1.0
1943.0,ssp119_zero_tra,0.22380803040014838,ssp119,0.22380803040014838,0.0,,,Other,,,,1.0
1944.0,ssp119,0.21228242950660334,ssp119,0.21228242950660334,0.0,,,Other,,,,1.0
1944.0,ssp119_BC_Marine_striving,0.21228242950660334,ssp119,0.21228242950660334,0.0,non-CO2,BC,Marine,0.21228242950660334,0.0,0.0,1.0
1944.0,ssp119_BC_off-road_striving,0.21228242950660334,ssp119,0.21228242950660334,0.0,non-CO2,BC,off-road,0.21228242950660334,0.0,0.0,1.0
1944.0,ssp119_BC_on-road_striving,0.21228242950660334,ssp119,0.21228242950660334,0.0,non-CO2,BC,on-road,0.21228242950660334,0.0,0.0,1.0
1944.0,ssp119_CH4_Marine_striving,0.21228242950660334,ssp119,0.21228242950660334,0.0,non-CO2,CH4,Marine,0.21228242950660334,0.0,0.0,1.0
1944.0,ssp119_CH4_off-road_striving,0.21228242950660334,ssp119,0.21228242950660334,0.0,non-CO2,CH4,off-road,0.21228242950660334,0.0,0.0,1.0
1944.0,ssp119_CH4_on-road_striving,0.21228242950660334,ssp119,0.21228242950660334,0.0,non-CO2,CH4,on-road,0.21228242950660334,0.0,0.0,1.0
1944.0,ssp119_CO2 FFI_Marine_striving,0.21228242950660334,ssp119,0.21228242950660334,0.0,CO2,CO2 FFI,Marine,0.21228242950660334,0.0,0.0,1.0
1944.0,ssp119_CO2 FFI_off-road_striving,0.21228242950660334,ssp119,0.21228242950660334,0.0,CO2,CO2 FFI,off-road,0.21228242950660334,0.0,0.0,1.0
1944.0,ssp119_CO2 FFI_on-road_striving,0.21228242950660334,ssp119,0.21228242950660334,0.0,CO2,CO2 FFI,on-road,0.21228242950660334,0.0,0.0,1.0
1944.0,ssp119_N2O_Marine_striving,0.21228242950660334,ssp119,0.21228242950660334,0.0,non-CO2,N2O,Marine,0.21228242950660334,0.0,0.0,1.0
1944.0,ssp119_N2O_off-road_striving,0.21228242950660334,ssp119,0.21228242950660334,0.0,non-CO2,N2O,off-road,0.21228242950660334,0.0,0.0,1.0
1944.0,ssp119_N2O_on-road_striving,0.21228242950660334,ssp119,0.21228242950660334,0.0,non-CO2,N2O,on-road,0.21228242950660334,0.0,0.0,1.0
1944.0,ssp119_Sulfur_Marine_striving,0.21228242950660334,ssp119,0.21228242950660334,0.0,non-CO2,Sulfur,Marine,0.21228242950660334,0.0,0.0,1.0
1944.0,ssp119_striving,0.21228242950660334,ssp119,0.21228242950660334,0.0,,,Other,,,,1.0
1944.0,ssp119_zero_tra,0.21228242950660334,ssp119,0.21228242950660334,0.0,,,Other,,,,1.0
1945.0,ssp119,0.22732092708026436,ssp119,0.22732092708026436,0.0,,,Other,,,,1.0
1945.0,ssp119_BC_Marine_striving,0.22732092708026436,ssp119,0.22732092708026436,0.0,non-CO2,BC,Marine,0.22732092708026436,0.0,0.0,1.0
1945.0,ssp119_BC_off-road_striving,0.22732092708026436,ssp119,0.22732092708026436,0.0,non-CO2,BC,off-road,0.22732092708026436,0.0,0.0,1.0
1945.0,ssp119_BC_on-road_striving,0.22732092708026436,ssp119,0.22732092708026436,0.0,non-CO2,BC,on-road,0.22732092708026436,0.0,0.0,1.0
1945.0,ssp119_CH4_Marine_striving,0.22732092708026436,ssp119,0.22732092708026436,0.0,non-CO2,CH4,Marine,0.22732092708026436,0.0,0.0,1.0
1945.0,ssp119_CH4_off-road_striving,0.22732092708026436,ssp119,0.22732092708026436,0.0,non-CO2,CH4,off-road,0.22732092708026436,0.0,0.0,1.0
1945.0,ssp119_CH4_on-road_striving,0.22732092708026436,ssp119,0.22732092708026436,0.0,non-CO2,CH4,on-road,0.22732092708026436,0.0,0.0,1.0
1945.0,ssp119_CO2 FFI_Marine_striving,0.22732092708026436,ssp119,0.22732092708026436,0.0,CO2,CO2 FFI,Marine,0.22732092708026436,0.0,0.0,1.0
1945.0,ssp119_CO2 FFI_off-road_striving,0.22732092708026436,ssp119,0.22732092708026436,0.0,CO2,CO2 FFI,off-road,0.22732092708026436,0.0,0.0,1.0
1945.0,ssp119_CO2 FFI_on-road_striving,0.22732092708026436,ssp119,0.22732092708026436,0.0,CO2,CO2 FFI,on-road,0.22732092708026436,0.0,0.0,1.0
1945.0,ssp119_N2O_Marine_striving,0.22732092708026436,ssp119,0.22732092708026436,0.0,non-CO2,N2O,Marine,0.22732092708026436,0.0,0.0,1.0
1945.0,ssp119_N2O_off-road_striving,0.22732092708026436,ssp119,0.22732092708026436,0.0,non-CO2,N2O,off-road,0.22732092708026436,0.0,0.0,1.0
1945.0,ssp119_N2O_on-road_striving,0.22732092708026436,ssp119,0.22732092708026436,0.0,non-CO2,N2O,on-road,0.22732092708026436,0.0,0.0,1.0
1945.0,ssp119_Sulfur_Marine_striving,0.22732092708026436,ssp119,0.22732092708026436,0.0,non-CO2,Sulfur,Marine,0.22732092708026436,0.0,0.0,1.0
1945.0,ssp119_striving,0.22732092708026436,ssp119,0.22732092708026436,0.0,,,Other,,,,1.0
1945.0,ssp119_zero_tra,0.22732092708026436,ssp119,0.22732092708026436,0.0,,,Other,,,,1.0
1946.0,ssp119,0.24950821405525958,ssp119,0.24950821405525958,0.0,,,Other,,,,1.0
1946.0,ssp119_BC_Marine_striving,0.24950821405525958,ssp119,0.24950821405525958,0.0,non-CO2,BC,Marine,0.24950821405525958,0.0,0.0,1.0
1946.0,ssp119_BC_off-road_striving,0.24950821405525958,ssp119,0.24950821405525958,0.0,non-CO2,BC,off-road,0.24950821405525958,0.0,0.0,1.0
1946.0,ssp119_BC_on-road_striving,0.24950821405525958,ssp119,0.24950821405525958,0.0,non-CO2,BC,on-road,0.24950821405525958,0.0,0.0,1.0
1946.0,ssp119_CH4_Marine_striving,0.24950821405525958,ssp119,0.24950821405525958,0.0,non-CO2,CH4,Marine,0.24950821405525958,0.0,0.0,1.0
1946.0,ssp119_CH4_off-road_striving,0.24950821405525958,ssp119,0.24950821405525958,0.0,non-CO2,CH4,off-road,0.24950821405525958,0.0,0.0,1.0
1946.0,ssp119_CH4_on-road_striving,0.24950821405525958,ssp119,0.24950821405525958,0.0,non-CO2,CH4,on-road,0.24950821405525958,0.0,0.0,1.0
1946.0,ssp119_CO2 FFI_Marine_striving,0.24950821405525958,ssp119,0.24950821405525958,0.0,CO2,CO2 FFI,Marine,0.24950821405525958,0.0,0.0,1.0
1946.0,ssp119_CO2 FFI_off-road_striving,0.24950821405525958,ssp119,0.24950821405525958,0.0,CO2,CO2 FFI,off-road,0.24950821405525958,0.0,0.0,1.0
1946.0,ssp119_CO2 FFI_on-road_striving,0.24950821405525958,ssp119,0.24950821405525958,0.0,CO2,CO2 FFI,on-road,0.24950821405525958,0.0,0.0,1.0
1946.0,ssp119_N2O_Marine_striving,0.24950821405525958,ssp119,0.24950821405525958,0.0,non-CO2,N2O,Marine,0.24950821405525958,0.0,0.0,1.0
1946.0,ssp119_N2O_off-road_striving,0.24950821405525958,ssp119,0.24950821405525958,0.0,non-CO2,N2O,off-road,0.24950821405525958,0.0,0.0,1.0
1946.0,ssp119_N2O_on-road_striving,0.24950821405525958,ssp119,0.24950821405525958,0.0,non-CO2,N2O,on-road,0.24950821405525958,0.0,0.0,1.0
1946.0,ssp119_Sulfur_Marine_striving,0.24950821405525958,ssp119,0.24950821405525958,0.0,non-CO2,Sulfur,Marine,0.24950821405525958,0.0,0.0,1.0
1946.0,ssp119_striving,0.24950821405525958,ssp119,0.24950821405525958,0.0,,,Other,,,,1.0
1946.0,ssp119_zero_tra,0.24950821405525958,ssp119,0.24950821405525958,0.0,,,Other,,,,1.0
1947.0,ssp119,0.2797146137833823,ssp119,0.2797146137833823,0.0,,,Other,,,,1.0
1947.0,ssp119_BC_Marine_striving,0.2797146137833823,ssp119,0.2797146137833823,0.0,non-CO2,BC,Marine,0.2797146137833823,0.0,0.0,1.0
1947.0,ssp119_BC_off-road_striving,0.2797146137833823,ssp119,0.2797146137833823,0.0,non-CO2,BC,off-road,0.2797146137833823,0.0,0.0,1.0
1947.0,ssp119_BC_on-road_striving,0.2797146137833823,ssp119,0.2797146137833823,0.0,non-CO2,BC,on-road,0.2797146137833823,0.0,0.0,1.0
1947.0,ssp119_CH4_Marine_striving,0.2797146137833823,ssp119,0.2797146137833823,0.0,non-CO2,CH4,Marine,0.2797146137833823,0.0,0.0,1.0
1947.0,ssp119_CH4_off-road_striving,0.2797146137833823,ssp119,0.2797146137833823,0.0,non-CO2,CH4,off-road,0.2797146137833823,0.0,0.0,1.0
1947.0,ssp119_CH4_on-road_striving,0.2797146137833823,ssp119,0.2797146137833823,0.0,non-CO2,CH4,on-road,0.2797146137833823,0.0,0.0,1.0
1947.0,ssp119_CO2 FFI_Marine_striving,0.2797146137833823,ssp119,0.2797146137833823,0.0,CO2,CO2 FFI,Marine,0.2797146137833823,0.0,0.0,1.0
1947.0,ssp119_CO2 FFI_off-road_striving,0.2797146137833823,ssp119,0.2797146137833823,0.0,CO2,CO2 FFI,off-road,0.2797146137833823,0.0,0.0,1.0
1947.0,ssp119_CO2 FFI_on-road_striving,0.2797146137833823,ssp119,0.2797146137833823,0.0,CO2,CO2 FFI,on-road,0.2797146137833823,0.0,0.0,1.0
1947.0,ssp119_N2O_Marine_striving,0.2797146137833823,ssp119,0.2797146137833823,0.0,non-CO2,N2O,Marine,0.2797146137833823,0.0,0.0,1.0
1947.0,ssp119_N2O_off-road_striving,0.2797146137833823,ssp119,0.2797146137833823,0.0,non-CO2,N2O,off-road,0.2797146137833823,0.0,0.0,1.0
1947.0,ssp119_N2O_on-road_striving,0.2797146137833823,ssp119,0.2797146137833823,0.0,non-CO2,N2O,on-road,0.2797146137833823,0.0,0.0,1.0
1947.0,ssp119_Sulfur_Marine_striving,0.2797146137833823,ssp119,0.2797146137833823,0.0,non-CO2,Sulfur,Marine,0.2797146137833823,0.0,0.0,1.0
1947.0,ssp119_striving,0.2797146137833823,ssp119,0.2797146137833823,0.0,,,Other,,,,1.0
1947.0,ssp119_zero_tra,0.2797146137833823,ssp119,0.2797146137833823,0.0,,,Other,,,,1.0
1948.0,ssp119,0.2821532835592178,ssp119,0.2821532835592178,0.0,,,Other,,,,1.0
1948.0,ssp119_BC_Marine_striving,0.2821532835592178,ssp119,0.2821532835592178,0.0,non-CO2,BC,Marine,0.2821532835592178,0.0,0.0,1.0
1948.0,ssp119_BC_off-road_striving,0.2821532835592178,ssp119,0.2821532835592178,0.0,non-CO2,BC,off-road,0.2821532835592178,0.0,0.0,1.0
1948.0,ssp119_BC_on-road_striving,0.2821532835592178,ssp119,0.2821532835592178,0.0,non-CO2,BC,on-road,0.2821532835592178,0.0,0.0,1.0
1948.0,ssp119_CH4_Marine_striving,0.2821532835592178,ssp119,0.2821532835592178,0.0,non-CO2,CH4,Marine,0.2821532835592178,0.0,0.0,1.0
1948.0,ssp119_CH4_off-road_striving,0.2821532835592178,ssp119,0.2821532835592178,0.0,non-CO2,CH4,off-road,0.2821532835592178,0.0,0.0,1.0
1948.0,ssp119_CH4_on-road_striving,0.2821532835592178,ssp119,0.2821532835592178,0.0,non-CO2,CH4,on-road,0.2821532835592178,0.0,0.0,1.0
1948.0,ssp119_CO2 FFI_Marine_striving,0.2821532835592178,ssp119,0.2821532835592178,0.0,CO2,CO2 FFI,Marine,0.2821532835592178,0.0,0.0,1.0
1948.0,ssp119_CO2 FFI_off-road_striving,0.2821532835592178,ssp119,0.2821532835592178,0.0,CO2,CO2 FFI,off-road,0.2821532835592178,0.0,0.0,1.0
1948.0,ssp119_CO2 FFI_on-road_striving,0.2821532835592178,ssp119,0.2821532835592178,0.0,CO2,CO2 FFI,on-road,0.2821532835592178,0.0,0.0,1.0
1948.0,ssp119_N2O_Marine_striving,0.2821532835592178,ssp119,0.2821532835592178,0.0,non-CO2,N2O,Marine,0.2821532835592178,0.0,0.0,1.0
1948.0,ssp119_N2O_off-road_striving,0.2821532835592178,ssp119,0.2821532835592178,0.0,non-CO2,N2O,off-road,0.2821532835592178,0.0,0.0,1.0
1948.0,ssp119_N2O_on-road_striving,0.2821532835592178,ssp119,0.2821532835592178,0.0,non-CO2,N2O,on-road,0.2821532835592178,0.0,0.0,1.0
1948.0,ssp119_Sulfur_Marine_striving,0.2821532835592178,ssp119,0.2821532835592178,0.0,non-CO2,Sulfur,Marine,0.2821532835592178,0.0,0.0,1.0
1948.0,ssp119_striving,0.2821532835592178,ssp119,0.2821532835592178,0.0,,,Other,,,,1.0
1948.0,ssp119_zero_tra,0.2821532835592178,ssp119,0.2821532835592178,0.0,,,Other,,,,1.0
1949.0,ssp119,0.2857954823147391,ssp119,0.2857954823147391,0.0,,,Other,,,,1.0
1949.0,ssp119_BC_Marine_striving,0.2857954823147391,ssp119,0.2857954823147391,0.0,non-CO2,BC,Marine,0.2857954823147391,0.0,0.0,1.0
1949.0,ssp119_BC_off-road_striving,0.2857954823147391,ssp119,0.2857954823147391,0.0,non-CO2,BC,off-road,0.2857954823147391,0.0,0.0,1.0
1949.0,ssp119_BC_on-road_striving,0.2857954823147391,ssp119,0.2857954823147391,0.0,non-CO2,BC,on-road,0.2857954823147391,0.0,0.0,1.0
1949.0,ssp119_CH4_Marine_striving,0.2857954823147391,ssp119,0.2857954823147391,0.0,non-CO2,CH4,Marine,0.2857954823147391,0.0,0.0,1.0
1949.0,ssp119_CH4_off-road_striving,0.2857954823147391,ssp119,0.2857954823147391,0.0,non-CO2,CH4,off-road,0.2857954823147391,0.0,0.0,1.0
1949.0,ssp119_CH4_on-road_striving,0.2857954823147391,ssp119,0.2857954823147391,0.0,non-CO2,CH4,on-road,0.2857954823147391,0.0,0.0,1.0
1949.0,ssp119_CO2 FFI_Marine_striving,0.2857954823147391,ssp119,0.2857954823147391,0.0,CO2,CO2 FFI,Marine,0.2857954823147391,0.0,0.0,1.0
1949.0,ssp119_CO2 FFI_off-road_striving,0.2857954823147391,ssp119,0.2857954823147391,0.0,CO2,CO2 FFI,off-road,0.2857954823147391,0.0,0.0,1.0
1949.0,ssp119_CO2 FFI_on-road_striving,0.2857954823147391,ssp119,0.2857954823147391,0.0,CO2,CO2 FFI,on-road,0.2857954823147391,0.0,0.0,1.0
1949.0,ssp119_N2O_Marine_striving,0.2857954823147391,ssp119,0.2857954823147391,0.0,non-CO2,N2O,Marine,0.2857954823147391,0.0,0.0,1.0
1949.0,ssp119_N2O_off-road_striving,0.2857954823147391,ssp119,0.2857954823147391,0.0,non-CO2,N2O,off-road,0.2857954823147391,0.0,0.0,1.0
1949.0,ssp119_N2O_on-road_striving,0.2857954823147391,ssp119,0.2857954823147391,0.0,non-CO2,N2O,on-road,0.2857954823147391,0.0,0.0,1.0
1949.0,ssp119_Sulfur_Marine_striving,0.2857954823147391,ssp119,0.2857954823147391,0.0,non-CO2,Sulfur,Marine,0.2857954823147391,0.0,0.0,1.0
1949.0,ssp119_striving,0.2857954823147391,ssp119,0.2857954823147391,0.0,,,Other,,,,1.0
1949.0,ssp119_zero_tra,0.2857954823147391,ssp119,0.2857954823147391,0.0,,,Other,,,,1.0
1950.0,ssp119,0.27630230747662576,ssp119,0.27630230747662576,0.0,,,Other,,,,1.0
1950.0,ssp119_BC_Marine_striving,0.27630230747662576,ssp119,0.27630230747662576,0.0,non-CO2,BC,Marine,0.27630230747662576,0.0,0.0,1.0
1950.0,ssp119_BC_off-road_striving,0.27630230747662576,ssp119,0.27630230747662576,0.0,non-CO2,BC,off-road,0.27630230747662576,0.0,0.0,1.0
1950.0,ssp119_BC_on-road_striving,0.27630230747662576,ssp119,0.27630230747662576,0.0,non-CO2,BC,on-road,0.27630230747662576,0.0,0.0,1.0
1950.0,ssp119_CH4_Marine_striving,0.27630230747662576,ssp119,0.27630230747662576,0.0,non-CO2,CH4,Marine,0.27630230747662576,0.0,0.0,1.0
1950.0,ssp119_CH4_off-road_striving,0.27630230747662576,ssp119,0.27630230747662576,0.0,non-CO2,CH4,off-road,0.27630230747662576,0.0,0.0,1.0
1950.0,ssp119_CH4_on-road_striving,0.27630230747662576,ssp119,0.27630230747662576,0.0,non-CO2,CH4,on-road,0.27630230747662576,0.0,0.0,1.0
1950.0,ssp119_CO2 FFI_Marine_striving,0.27630230747662576,ssp119,0.27630230747662576,0.0,CO2,CO2 FFI,Marine,0.27630230747662576,0.0,0.0,1.0
1950.0,ssp119_CO2 FFI_off-road_striving,0.27630230747662576,ssp119,0.27630230747662576,0.0,CO2,CO2 FFI,off-road,0.27630230747662576,0.0,0.0,1.0
1950.0,ssp119_CO2 FFI_on-road_striving,0.27630230747662576,ssp119,0.27630230747662576,0.0,CO2,CO2 FFI,on-road,0.27630230747662576,0.0,0.0,1.0
1950.0,ssp119_N2O_Marine_striving,0.27630230747662576,ssp119,0.27630230747662576,0.0,non-CO2,N2O,Marine,0.27630230747662576,0.0,0.0,1.0
1950.0,ssp119_N2O_off-road_striving,0.27630230747662576,ssp119,0.27630230747662576,0.0,non-CO2,N2O,off-road,0.27630230747662576,0.0,0.0,1.0
1950.0,ssp119_N2O_on-road_striving,0.27630230747662576,ssp119,0.27630230747662576,0.0,non-CO2,N2O,on-road,0.27630230747662576,0.0,0.0,1.0
1950.0,ssp119_Sulfur_Marine_striving,0.27630230747662576,ssp119,0.27630230747662576,0.0,non-CO2,Sulfur,Marine,0.27630230747662576,0.0,0.0,1.0
1950.0,ssp119_striving,0.27630230747662576,ssp119,0.27630230747662576,0.0,,,Other,,,,1.0
1950.0,ssp119_zero_tra,0.27630230747662576,ssp119,0.27630230747662576,0.0,,,Other,,,,1.0
1951.0,ssp119,0.26575667162256345,ssp119,0.26575667162256345,0.0,,,Other,,,,1.0
1951.0,ssp119_BC_Marine_striving,0.26575667162256345,ssp119,0.26575667162256345,0.0,non-CO2,BC,Marine,0.26575667162256345,0.0,0.0,1.0
1951.0,ssp119_BC_off-road_striving,0.26575667162256345,ssp119,0.26575667162256345,0.0,non-CO2,BC,off-road,0.26575667162256345,0.0,0.0,1.0
1951.0,ssp119_BC_on-road_striving,0.26575667162256345,ssp119,0.26575667162256345,0.0,non-CO2,BC,on-road,0.26575667162256345,0.0,0.0,1.0
1951.0,ssp119_CH4_Marine_striving,0.26575667162256345,ssp119,0.26575667162256345,0.0,non-CO2,CH4,Marine,0.26575667162256345,0.0,0.0,1.0
1951.0,ssp119_CH4_off-road_striving,0.26575667162256345,ssp119,0.26575667162256345,0.0,non-CO2,CH4,off-road,0.26575667162256345,0.0,0.0,1.0
1951.0,ssp119_CH4_on-road_striving,0.26575667162256345,ssp119,0.26575667162256345,0.0,non-CO2,CH4,on-road,0.26575667162256345,0.0,0.0,1.0
1951.0,ssp119_CO2 FFI_Marine_striving,0.26575667162256345,ssp119,0.26575667162256345,0.0,CO2,CO2 FFI,Marine,0.26575667162256345,0.0,0.0,1.0
1951.0,ssp119_CO2 FFI_off-road_striving,0.26575667162256345,ssp119,0.26575667162256345,0.0,CO2,CO2 FFI,off-road,0.26575667162256345,0.0,0.0,1.0
1951.0,ssp119_CO2 FFI_on-road_striving,0.26575667162256345,ssp119,0.26575667162256345,0.0,CO2,CO2 FFI,on-road,0.26575667162256345,0.0,0.0,1.0
1951.0,ssp119_N2O_Marine_striving,0.26575667162256345,ssp119,0.26575667162256345,0.0,non-CO2,N2O,Marine,0.26575667162256345,0.0,0.0,1.0
1951.0,ssp119_N2O_off-road_striving,0.26575667162256345,ssp119,0.26575667162256345,0.0,non-CO2,N2O,off-road,0.26575667162256345,0.0,0.0,1.0
1951.0,ssp119_N2O_on-road_striving,0.26575667162256345,ssp119,0.26575667162256345,0.0,non-CO2,N2O,on-road,0.26575667162256345,0.0,0.0,1.0
1951.0,ssp119_Sulfur_Marine_striving,0.26575667162256345,ssp119,0.26575667162256345,0.0,non-CO2,Sulfur,Marine,0.26575667162256345,0.0,0.0,1.0
1951.0,ssp119_striving,0.26575667162256345,ssp119,0.26575667162256345,0.0,,,Other,,,,1.0
1951.0,ssp119_zero_tra,0.26575667162256345,ssp119,0.26575667162256345,0.0,,,Other,,,,1.0
1952.0,ssp119,0.27732542127910464,ssp119,0.27732542127910464,0.0,,,Other,,,,1.0
1952.0,ssp119_BC_Marine_striving,0.27732542127910464,ssp119,0.27732542127910464,0.0,non-CO2,BC,Marine,0.27732542127910464,0.0,0.0,1.0
1952.0,ssp119_BC_off-road_striving,0.27732542127910464,ssp119,0.27732542127910464,0.0,non-CO2,BC,off-road,0.27732542127910464,0.0,0.0,1.0
1952.0,ssp119_BC_on-road_striving,0.27732542127910464,ssp119,0.27732542127910464,0.0,non-CO2,BC,on-road,0.27732542127910464,0.0,0.0,1.0
1952.0,ssp119_CH4_Marine_striving,0.27732542127910464,ssp119,0.27732542127910464,0.0,non-CO2,CH4,Marine,0.27732542127910464,0.0,0.0,1.0
1952.0,ssp119_CH4_off-road_striving,0.27732542127910464,ssp119,0.27732542127910464,0.0,non-CO2,CH4,off-road,0.27732542127910464,0.0,0.0,1.0
1952.0,ssp119_CH4_on-road_striving,0.27732542127910464,ssp119,0.27732542127910464,0.0,non-CO2,CH4,on-road,0.27732542127910464,0.0,0.0,1.0
1952.0,ssp119_CO2 FFI_Marine_striving,0.27732542127910464,ssp119,0.27732542127910464,0.0,CO2,CO2 FFI,Marine,0.27732542127910464,0.0,0.0,1.0
1952.0,ssp119_CO2 FFI_off-road_striving,0.27732542127910464,ssp119,0.27732542127910464,0.0,CO2,CO2 FFI,off-road,0.27732542127910464,0.0,0.0,1.0
1952.0,ssp119_CO2 FFI_on-road_striving,0.27732542127910464,ssp119,0.27732542127910464,0.0,CO2,CO2 FFI,on-road,0.27732542127910464,0.0,0.0,1.0
1952.0,ssp119_N2O_Marine_striving,0.27732542127910464,ssp119,0.27732542127910464,0.0,non-CO2,N2O,Marine,0.27732542127910464,0.0,0.0,1.0
1952.0,ssp119_N2O_off-road_striving,0.27732542127910464,ssp119,0.27732542127910464,0.0,non-CO2,N2O,off-road,0.27732542127910464,0.0,0.0,1.0
1952.0,ssp119_N2O_on-road_striving,0.27732542127910464,ssp119,0.27732542127910464,0.0,non-CO2,N2O,on-road,0.27732542127910464,0.0,0.0,1.0
1952.0,ssp119_Sulfur_Marine_striving,0.27732542127910464,ssp119,0.27732542127910464,0.0,non-CO2,Sulfur,Marine,0.27732542127910464,0.0,0.0,1.0
1952.0,ssp119_striving,0.27732542127910464,ssp119,0.27732542127910464,0.0,,,Other,,,,1.0
1952.0,ssp119_zero_tra,0.27732542127910464,ssp119,0.27732542127910464,0.0,,,Other,,,,1.0
1953.0,ssp119,0.2832697063920649,ssp119,0.2832697063920649,0.0,,,Other,,,,1.0
1953.0,ssp119_BC_Marine_striving,0.2832697063920649,ssp119,0.2832697063920649,0.0,non-CO2,BC,Marine,0.2832697063920649,0.0,0.0,1.0
1953.0,ssp119_BC_off-road_striving,0.2832697063920649,ssp119,0.2832697063920649,0.0,non-CO2,BC,off-road,0.2832697063920649,0.0,0.0,1.0
1953.0,ssp119_BC_on-road_striving,0.2832697063920649,ssp119,0.2832697063920649,0.0,non-CO2,BC,on-road,0.2832697063920649,0.0,0.0,1.0
1953.0,ssp119_CH4_Marine_striving,0.2832697063920649,ssp119,0.2832697063920649,0.0,non-CO2,CH4,Marine,0.2832697063920649,0.0,0.0,1.0
1953.0,ssp119_CH4_off-road_striving,0.2832697063920649,ssp119,0.2832697063920649,0.0,non-CO2,CH4,off-road,0.2832697063920649,0.0,0.0,1.0
1953.0,ssp119_CH4_on-road_striving,0.2832697063920649,ssp119,0.2832697063920649,0.0,non-CO2,CH4,on-road,0.2832697063920649,0.0,0.0,1.0
1953.0,ssp119_CO2 FFI_Marine_striving,0.2832697063920649,ssp119,0.2832697063920649,0.0,CO2,CO2 FFI,Marine,0.2832697063920649,0.0,0.0,1.0
1953.0,ssp119_CO2 FFI_off-road_striving,0.2832697063920649,ssp119,0.2832697063920649,0.0,CO2,CO2 FFI,off-road,0.2832697063920649,0.0,0.0,1.0
1953.0,ssp119_CO2 FFI_on-road_striving,0.2832697063920649,ssp119,0.2832697063920649,0.0,CO2,CO2 FFI,on-road,0.2832697063920649,0.0,0.0,1.0
1953.0,ssp119_N2O_Marine_striving,0.2832697063920649,ssp119,0.2832697063920649,0.0,non-CO2,N2O,Marine,0.2832697063920649,0.0,0.0,1.0
1953.0,ssp119_N2O_off-road_striving,0.2832697063920649,ssp119,0.2832697063920649,0.0,non-CO2,N2O,off-road,0.2832697063920649,0.0,0.0,1.0
1953.0,ssp119_N2O_on-road_striving,0.2832697063920649,ssp119,0.2832697063920649,0.0,non-CO2,N2O,on-road,0.2832697063920649,0.0,0.0,1.0
1953.0,ssp119_Sulfur_Marine_striving,0.2832697063920649,ssp119,0.2832697063920649,0.0,non-CO2,Sulfur,Marine,0.2832697063920649,0.0,0.0,1.0
1953.0,ssp119_striving,0.2832697063920649,ssp119,0.2832697063920649,0.0,,,Other,,,,1.0
1953.0,ssp119_zero_tra,0.2832697063920649,ssp119,0.2832697063920649,0.0,,,Other,,,,1.0
1954.0,ssp119,0.28072104860229125,ssp119,0.28072104860229125,0.0,,,Other,,,,1.0
1954.0,ssp119_BC_Marine_striving,0.28072104860229125,ssp119,0.28072104860229125,0.0,non-CO2,BC,Marine,0.28072104860229125,0.0,0.0,1.0
1954.0,ssp119_BC_off-road_striving,0.28072104860229125,ssp119,0.28072104860229125,0.0,non-CO2,BC,off-road,0.28072104860229125,0.0,0.0,1.0
1954.0,ssp119_BC_on-road_striving,0.28072104860229125,ssp119,0.28072104860229125,0.0,non-CO2,BC,on-road,0.28072104860229125,0.0,0.0,1.0
1954.0,ssp119_CH4_Marine_striving,0.28072104860229125,ssp119,0.28072104860229125,0.0,non-CO2,CH4,Marine,0.28072104860229125,0.0,0.0,1.0
1954.0,ssp119_CH4_off-road_striving,0.28072104860229125,ssp119,0.28072104860229125,0.0,non-CO2,CH4,off-road,0.28072104860229125,0.0,0.0,1.0
1954.0,ssp119_CH4_on-road_striving,0.28072104860229125,ssp119,0.28072104860229125,0.0,non-CO2,CH4,on-road,0.28072104860229125,0.0,0.0,1.0
1954.0,ssp119_CO2 FFI_Marine_striving,0.28072104860229125,ssp119,0.28072104860229125,0.0,CO2,CO2 FFI,Marine,0.28072104860229125,0.0,0.0,1.0
1954.0,ssp119_CO2 FFI_off-road_striving,0.28072104860229125,ssp119,0.28072104860229125,0.0,CO2,CO2 FFI,off-road,0.28072104860229125,0.0,0.0,1.0
1954.0,ssp119_CO2 FFI_on-road_striving,0.28072104860229125,ssp119,0.28072104860229125,0.0,CO2,CO2 FFI,on-road,0.28072104860229125,0.0,0.0,1.0
1954.0,ssp119_N2O_Marine_striving,0.28072104860229125,ssp119,0.28072104860229125,0.0,non-CO2,N2O,Marine,0.28072104860229125,0.0,0.0,1.0
1954.0,ssp119_N2O_off-road_striving,0.28072104860229125,ssp119,0.28072104860229125,0.0,non-CO2,N2O,off-road,0.28072104860229125,0.0,0.0,1.0
1954.0,ssp119_N2O_on-road_striving,0.28072104860229125,ssp119,0.28072104860229125,0.0,non-CO2,N2O,on-road,0.28072104860229125,0.0,0.0,1.0
1954.0,ssp119_Sulfur_Marine_striving,0.28072104860229125,ssp119,0.28072104860229125,0.0,non-CO2,Sulfur,Marine,0.28072104860229125,0.0,0.0,1.0
1954.0,ssp119_striving,0.28072104860229125,ssp119,0.28072104860229125,0.0,,,Other,,,,1.0
1954.0,ssp119_zero_tra,0.28072104860229125,ssp119,0.28072104860229125,0.0,,,Other,,,,1.0
1955.0,ssp119,0.29767092749361157,ssp119,0.29767092749361157,0.0,,,Other,,,,1.0
1955.0,ssp119_BC_Marine_striving,0.29767092749361157,ssp119,0.29767092749361157,0.0,non-CO2,BC,Marine,0.29767092749361157,0.0,0.0,1.0
1955.0,ssp119_BC_off-road_striving,0.29767092749361157,ssp119,0.29767092749361157,0.0,non-CO2,BC,off-road,0.29767092749361157,0.0,0.0,1.0
1955.0,ssp119_BC_on-road_striving,0.29767092749361157,ssp119,0.29767092749361157,0.0,non-CO2,BC,on-road,0.29767092749361157,0.0,0.0,1.0
1955.0,ssp119_CH4_Marine_striving,0.29767092749361157,ssp119,0.29767092749361157,0.0,non-CO2,CH4,Marine,0.29767092749361157,0.0,0.0,1.0
1955.0,ssp119_CH4_off-road_striving,0.29767092749361157,ssp119,0.29767092749361157,0.0,non-CO2,CH4,off-road,0.29767092749361157,0.0,0.0,1.0
1955.0,ssp119_CH4_on-road_striving,0.29767092749361157,ssp119,0.29767092749361157,0.0,non-CO2,CH4,on-road,0.29767092749361157,0.0,0.0,1.0
1955.0,ssp119_CO2 FFI_Marine_striving,0.29767092749361157,ssp119,0.29767092749361157,0.0,CO2,CO2 FFI,Marine,0.29767092749361157,0.0,0.0,1.0
1955.0,ssp119_CO2 FFI_off-road_striving,0.29767092749361157,ssp119,0.29767092749361157,0.0,CO2,CO2 FFI,off-road,0.29767092749361157,0.0,0.0,1.0
1955.0,ssp119_CO2 FFI_on-road_striving,0.29767092749361157,ssp119,0.29767092749361157,0.0,CO2,CO2 FFI,on-road,0.29767092749361157,0.0,0.0,1.0
1955.0,ssp119_N2O_Marine_striving,0.29767092749361157,ssp119,0.29767092749361157,0.0,non-CO2,N2O,Marine,0.29767092749361157,0.0,0.0,1.0
1955.0,ssp119_N2O_off-road_striving,0.29767092749361157,ssp119,0.29767092749361157,0.0,non-CO2,N2O,off-road,0.29767092749361157,0.0,0.0,1.0
1955.0,ssp119_N2O_on-road_striving,0.29767092749361157,ssp119,0.29767092749361157,0.0,non-CO2,N2O,on-road,0.29767092749361157,0.0,0.0,1.0
1955.0,ssp119_Sulfur_Marine_striving,0.29767092749361157,ssp119,0.29767092749361157,0.0,non-CO2,Sulfur,Marine,0.29767092749361157,0.0,0.0,1.0
1955.0,ssp119_striving,0.29767092749361157,ssp119,0.29767092749361157,0.0,,,Other,,,,1.0
1955.0,ssp119_zero_tra,0.29767092749361157,ssp119,0.29767092749361157,0.0,,,Other,,,,1.0
1956.0,ssp119,0.3018930055039168,ssp119,0.3018930055039168,0.0,,,Other,,,,1.0
1956.0,ssp119_BC_Marine_striving,0.3018930055039168,ssp119,0.3018930055039168,0.0,non-CO2,BC,Marine,0.3018930055039168,0.0,0.0,1.0
1956.0,ssp119_BC_off-road_striving,0.3018930055039168,ssp119,0.3018930055039168,0.0,non-CO2,BC,off-road,0.3018930055039168,0.0,0.0,1.0
1956.0,ssp119_BC_on-road_striving,0.3018930055039168,ssp119,0.3018930055039168,0.0,non-CO2,BC,on-road,0.3018930055039168,0.0,0.0,1.0
1956.0,ssp119_CH4_Marine_striving,0.3018930055039168,ssp119,0.3018930055039168,0.0,non-CO2,CH4,Marine,0.3018930055039168,0.0,0.0,1.0
1956.0,ssp119_CH4_off-road_striving,0.3018930055039168,ssp119,0.3018930055039168,0.0,non-CO2,CH4,off-road,0.3018930055039168,0.0,0.0,1.0
1956.0,ssp119_CH4_on-road_striving,0.3018930055039168,ssp119,0.3018930055039168,0.0,non-CO2,CH4,on-road,0.3018930055039168,0.0,0.0,1.0
1956.0,ssp119_CO2 FFI_Marine_striving,0.3018930055039168,ssp119,0.3018930055039168,0.0,CO2,CO2 FFI,Marine,0.3018930055039168,0.0,0.0,1.0
1956.0,ssp119_CO2 FFI_off-road_striving,0.3018930055039168,ssp119,0.3018930055039168,0.0,CO2,CO2 FFI,off-road,0.3018930055039168,0.0,0.0,1.0
1956.0,ssp119_CO2 FFI_on-road_striving,0.3018930055039168,ssp119,0.3018930055039168,0.0,CO2,CO2 FFI,on-road,0.3018930055039168,0.0,0.0,1.0
1956.0,ssp119_N2O_Marine_striving,0.3018930055039168,ssp119,0.3018930055039168,0.0,non-CO2,N2O,Marine,0.3018930055039168,0.0,0.0,1.0
1956.0,ssp119_N2O_off-road_striving,0.3018930055039168,ssp119,0.3018930055039168,0.0,non-CO2,N2O,off-road,0.3018930055039168,0.0,0.0,1.0
1956.0,ssp119_N2O_on-road_striving,0.3018930055039168,ssp119,0.3018930055039168,0.0,non-CO2,N2O,on-road,0.3018930055039168,0.0,0.0,1.0
1956.0,ssp119_Sulfur_Marine_striving,0.3018930055039168,ssp119,0.3018930055039168,0.0,non-CO2,Sulfur,Marine,0.3018930055039168,0.0,0.0,1.0
1956.0,ssp119_striving,0.3018930055039168,ssp119,0.3018930055039168,0.0,,,Other,,,,1.0
1956.0,ssp119_zero_tra,0.3018930055039168,ssp119,0.3018930055039168,0.0,,,Other,,,,1.0
1957.0,ssp119,0.326626498000399,ssp119,0.326626498000399,0.0,,,Other,,,,1.0
1957.0,ssp119_BC_Marine_striving,0.326626498000399,ssp119,0.326626498000399,0.0,non-CO2,BC,Marine,0.326626498000399,0.0,0.0,1.0
1957.0,ssp119_BC_off-road_striving,0.326626498000399,ssp119,0.326626498000399,0.0,non-CO2,BC,off-road,0.326626498000399,0.0,0.0,1.0
1957.0,ssp119_BC_on-road_striving,0.326626498000399,ssp119,0.326626498000399,0.0,non-CO2,BC,on-road,0.326626498000399,0.0,0.0,1.0
1957.0,ssp119_CH4_Marine_striving,0.326626498000399,ssp119,0.326626498000399,0.0,non-CO2,CH4,Marine,0.326626498000399,0.0,0.0,1.0
1957.0,ssp119_CH4_off-road_striving,0.326626498000399,ssp119,0.326626498000399,0.0,non-CO2,CH4,off-road,0.326626498000399,0.0,0.0,1.0
1957.0,ssp119_CH4_on-road_striving,0.326626498000399,ssp119,0.326626498000399,0.0,non-CO2,CH4,on-road,0.326626498000399,0.0,0.0,1.0
1957.0,ssp119_CO2 FFI_Marine_striving,0.326626498000399,ssp119,0.326626498000399,0.0,CO2,CO2 FFI,Marine,0.326626498000399,0.0,0.0,1.0
1957.0,ssp119_CO2 FFI_off-road_striving,0.326626498000399,ssp119,0.326626498000399,0.0,CO2,CO2 FFI,off-road,0.326626498000399,0.0,0.0,1.0
1957.0,ssp119_CO2 FFI_on-road_striving,0.326626498000399,ssp119,0.326626498000399,0.0,CO2,CO2 FFI,on-road,0.326626498000399,0.0,0.0,1.0
1957.0,ssp119_N2O_Marine_striving,0.326626498000399,ssp119,0.326626498000399,0.0,non-CO2,N2O,Marine,0.326626498000399,0.0,0.0,1.0
1957.0,ssp119_N2O_off-road_striving,0.326626498000399,ssp119,0.326626498000399,0.0,non-CO2,N2O,off-road,0.326626498000399,0.0,0.0,1.0
1957.0,ssp119_N2O_on-road_striving,0.326626498000399,ssp119,0.326626498000399,0.0,non-CO2,N2O,on-road,0.326626498000399,0.0,0.0,1.0
1957.0,ssp119_Sulfur_Marine_striving,0.326626498000399,ssp119,0.326626498000399,0.0,non-CO2,Sulfur,Marine,0.326626498000399,0.0,0.0,1.0
1957.0,ssp119_striving,0.326626498000399,ssp119,0.326626498000399,0.0,,,Other,,,,1.0
1957.0,ssp119_zero_tra,0.326626498000399,ssp119,0.326626498000399,0.0,,,Other,,,,1.0
1958.0,ssp119,0.3437917277543376,ssp119,0.3437917277543376,0.0,,,Other,,,,1.0
1958.0,ssp119_BC_Marine_striving,0.3437917277543376,ssp119,0.3437917277543376,0.0,non-CO2,BC,Marine,0.3437917277543376,0.0,0.0,1.0
1958.0,ssp119_BC_off-road_striving,0.3437917277543376,ssp119,0.3437917277543376,0.0,non-CO2,BC,off-road,0.3437917277543376,0.0,0.0,1.0
1958.0,ssp119_BC_on-road_striving,0.3437917277543376,ssp119,0.3437917277543376,0.0,non-CO2,BC,on-road,0.3437917277543376,0.0,0.0,1.0
1958.0,ssp119_CH4_Marine_striving,0.3437917277543376,ssp119,0.3437917277543376,0.0,non-CO2,CH4,Marine,0.3437917277543376,0.0,0.0,1.0
1958.0,ssp119_CH4_off-road_striving,0.3437917277543376,ssp119,0.3437917277543376,0.0,non-CO2,CH4,off-road,0.3437917277543376,0.0,0.0,1.0
1958.0,ssp119_CH4_on-road_striving,0.3437917277543376,ssp119,0.3437917277543376,0.0,non-CO2,CH4,on-road,0.3437917277543376,0.0,0.0,1.0
1958.0,ssp119_CO2 FFI_Marine_striving,0.3437917277543376,ssp119,0.3437917277543376,0.0,CO2,CO2 FFI,Marine,0.3437917277543376,0.0,0.0,1.0
1958.0,ssp119_CO2 FFI_off-road_striving,0.3437917277543376,ssp119,0.3437917277543376,0.0,CO2,CO2 FFI,off-road,0.3437917277543376,0.0,0.0,1.0
1958.0,ssp119_CO2 FFI_on-road_striving,0.3437917277543376,ssp119,0.3437917277543376,0.0,CO2,CO2 FFI,on-road,0.3437917277543376,0.0,0.0,1.0
1958.0,ssp119_N2O_Marine_striving,0.3437917277543376,ssp119,0.3437917277543376,0.0,non-CO2,N2O,Marine,0.3437917277543376,0.0,0.0,1.0
1958.0,ssp119_N2O_off-road_striving,0.3437917277543376,ssp119,0.3437917277543376,0.0,non-CO2,N2O,off-road,0.3437917277543376,0.0,0.0,1.0
1958.0,ssp119_N2O_on-road_striving,0.3437917277543376,ssp119,0.3437917277543376,0.0,non-CO2,N2O,on-road,0.3437917277543376,0.0,0.0,1.0
1958.0,ssp119_Sulfur_Marine_striving,0.3437917277543376,ssp119,0.3437917277543376,0.0,non-CO2,Sulfur,Marine,0.3437917277543376,0.0,0.0,1.0
1958.0,ssp119_striving,0.3437917277543376,ssp119,0.3437917277543376,0.0,,,Other,,,,1.0
1958.0,ssp119_zero_tra,0.3437917277543376,ssp119,0.3437917277543376,0.0,,,Other,,,,1.0
1959.0,ssp119,0.3300456137322803,ssp119,0.3300456137322803,0.0,,,Other,,,,1.0
1959.0,ssp119_BC_Marine_striving,0.3300456137322803,ssp119,0.3300456137322803,0.0,non-CO2,BC,Marine,0.3300456137322803,0.0,0.0,1.0
1959.0,ssp119_BC_off-road_striving,0.3300456137322803,ssp119,0.3300456137322803,0.0,non-CO2,BC,off-road,0.3300456137322803,0.0,0.0,1.0
1959.0,ssp119_BC_on-road_striving,0.3300456137322803,ssp119,0.3300456137322803,0.0,non-CO2,BC,on-road,0.3300456137322803,0.0,0.0,1.0
1959.0,ssp119_CH4_Marine_striving,0.3300456137322803,ssp119,0.3300456137322803,0.0,non-CO2,CH4,Marine,0.3300456137322803,0.0,0.0,1.0
1959.0,ssp119_CH4_off-road_striving,0.3300456137322803,ssp119,0.3300456137322803,0.0,non-CO2,CH4,off-road,0.3300456137322803,0.0,0.0,1.0
1959.0,ssp119_CH4_on-road_striving,0.3300456137322803,ssp119,0.3300456137322803,0.0,non-CO2,CH4,on-road,0.3300456137322803,0.0,0.0,1.0
1959.0,ssp119_CO2 FFI_Marine_striving,0.3300456137322803,ssp119,0.3300456137322803,0.0,CO2,CO2 FFI,Marine,0.3300456137322803,0.0,0.0,1.0
1959.0,ssp119_CO2 FFI_off-road_striving,0.3300456137322803,ssp119,0.3300456137322803,0.0,CO2,CO2 FFI,off-road,0.3300456137322803,0.0,0.0,1.0
1959.0,ssp119_CO2 FFI_on-road_striving,0.3300456137322803,ssp119,0.3300456137322803,0.0,CO2,CO2 FFI,on-road,0.3300456137322803,0.0,0.0,1.0
1959.0,ssp119_N2O_Marine_striving,0.3300456137322803,ssp119,0.3300456137322803,0.0,non-CO2,N2O,Marine,0.3300456137322803,0.0,0.0,1.0
1959.0,ssp119_N2O_off-road_striving,0.3300456137322803,ssp119,0.3300456137322803,0.0,non-CO2,N2O,off-road,0.3300456137322803,0.0,0.0,1.0
1959.0,ssp119_N2O_on-road_striving,0.3300456137322803,ssp119,0.3300456137322803,0.0,non-CO2,N2O,on-road,0.3300456137322803,0.0,0.0,1.0
1959.0,ssp119_Sulfur_Marine_striving,0.3300456137322803,ssp119,0.3300456137322803,0.0,non-CO2,Sulfur,Marine,0.3300456137322803,0.0,0.0,1.0
1959.0,ssp119_striving,0.3300456137322803,ssp119,0.3300456137322803,0.0,,,Other,,,,1.0
1959.0,ssp119_zero_tra,0.3300456137322803,ssp119,0.3300456137322803,0.0,,,Other,,,,1.0
1960.0,ssp119,0.3192734961545203,ssp119,0.3192734961545203,0.0,,,Other,,,,1.0
1960.0,ssp119_BC_Marine_striving,0.3192734961545203,ssp119,0.3192734961545203,0.0,non-CO2,BC,Marine,0.3192734961545203,0.0,0.0,1.0
1960.0,ssp119_BC_off-road_striving,0.3192734961545203,ssp119,0.3192734961545203,0.0,non-CO2,BC,off-road,0.3192734961545203,0.0,0.0,1.0
1960.0,ssp119_BC_on-road_striving,0.3192734961545203,ssp119,0.3192734961545203,0.0,non-CO2,BC,on-road,0.3192734961545203,0.0,0.0,1.0
1960.0,ssp119_CH4_Marine_striving,0.3192734961545203,ssp119,0.3192734961545203,0.0,non-CO2,CH4,Marine,0.3192734961545203,0.0,0.0,1.0
1960.0,ssp119_CH4_off-road_striving,0.3192734961545203,ssp119,0.3192734961545203,0.0,non-CO2,CH4,off-road,0.3192734961545203,0.0,0.0,1.0
1960.0,ssp119_CH4_on-road_striving,0.3192734961545203,ssp119,0.3192734961545203,0.0,non-CO2,CH4,on-road,0.3192734961545203,0.0,0.0,1.0
1960.0,ssp119_CO2 FFI_Marine_striving,0.3192734961545203,ssp119,0.3192734961545203,0.0,CO2,CO2 FFI,Marine,0.3192734961545203,0.0,0.0,1.0
1960.0,ssp119_CO2 FFI_off-road_striving,0.3192734961545203,ssp119,0.3192734961545203,0.0,CO2,CO2 FFI,off-road,0.3192734961545203,0.0,0.0,1.0
1960.0,ssp119_CO2 FFI_on-road_striving,0.3192734961545203,ssp119,0.3192734961545203,0.0,CO2,CO2 FFI,on-road,0.3192734961545203,0.0,0.0,1.0
1960.0,ssp119_N2O_Marine_striving,0.3192734961545203,ssp119,0.3192734961545203,0.0,non-CO2,N2O,Marine,0.3192734961545203,0.0,0.0,1.0
1960.0,ssp119_N2O_off-road_striving,0.3192734961545203,ssp119,0.3192734961545203,0.0,non-CO2,N2O,off-road,0.3192734961545203,0.0,0.0,1.0
1960.0,ssp119_N2O_on-road_striving,0.3192734961545203,ssp119,0.3192734961545203,0.0,non-CO2,N2O,on-road,0.3192734961545203,0.0,0.0,1.0
1960.0,ssp119_Sulfur_Marine_striving,0.3192734961545203,ssp119,0.3192734961545203,0.0,non-CO2,Sulfur,Marine,0.3192734961545203,0.0,0.0,1.0
1960.0,ssp119_striving,0.3192734961545203,ssp119,0.3192734961545203,0.0,,,Other,,,,1.0
1960.0,ssp119_zero_tra,0.3192734961545203,ssp119,0.3192734961545203,0.0,,,Other,,,,1.0
1961.0,ssp119,0.3265107663370519,ssp119,0.3265107663370519,0.0,,,Other,,,,1.0
1961.0,ssp119_BC_Marine_striving,0.3265107663370519,ssp119,0.3265107663370519,0.0,non-CO2,BC,Marine,0.3265107663370519,0.0,0.0,1.0
1961.0,ssp119_BC_off-road_striving,0.3265107663370519,ssp119,0.3265107663370519,0.0,non-CO2,BC,off-road,0.3265107663370519,0.0,0.0,1.0
1961.0,ssp119_BC_on-road_striving,0.3265107663370519,ssp119,0.3265107663370519,0.0,non-CO2,BC,on-road,0.3265107663370519,0.0,0.0,1.0
1961.0,ssp119_CH4_Marine_striving,0.3265107663370519,ssp119,0.3265107663370519,0.0,non-CO2,CH4,Marine,0.3265107663370519,0.0,0.0,1.0
1961.0,ssp119_CH4_off-road_striving,0.3265107663370519,ssp119,0.3265107663370519,0.0,non-CO2,CH4,off-road,0.3265107663370519,0.0,0.0,1.0
1961.0,ssp119_CH4_on-road_striving,0.3265107663370519,ssp119,0.3265107663370519,0.0,non-CO2,CH4,on-road,0.3265107663370519,0.0,0.0,1.0
1961.0,ssp119_CO2 FFI_Marine_striving,0.3265107663370519,ssp119,0.3265107663370519,0.0,CO2,CO2 FFI,Marine,0.3265107663370519,0.0,0.0,1.0
1961.0,ssp119_CO2 FFI_off-road_striving,0.3265107663370519,ssp119,0.3265107663370519,0.0,CO2,CO2 FFI,off-road,0.3265107663370519,0.0,0.0,1.0
1961.0,ssp119_CO2 FFI_on-road_striving,0.3265107663370519,ssp119,0.3265107663370519,0.0,CO2,CO2 FFI,on-road,0.3265107663370519,0.0,0.0,1.0
1961.0,ssp119_N2O_Marine_striving,0.3265107663370519,ssp119,0.3265107663370519,0.0,non-CO2,N2O,Marine,0.3265107663370519,0.0,0.0,1.0
1961.0,ssp119_N2O_off-road_striving,0.3265107663370519,ssp119,0.3265107663370519,0.0,non-CO2,N2O,off-road,0.3265107663370519,0.0,0.0,1.0
1961.0,ssp119_N2O_on-road_striving,0.3265107663370519,ssp119,0.3265107663370519,0.0,non-CO2,N2O,on-road,0.3265107663370519,0.0,0.0,1.0
1961.0,ssp119_Sulfur_Marine_striving,0.3265107663370519,ssp119,0.3265107663370519,0.0,non-CO2,Sulfur,Marine,0.3265107663370519,0.0,0.0,1.0
1961.0,ssp119_striving,0.3265107663370519,ssp119,0.3265107663370519,0.0,,,Other,,,,1.0
1961.0,ssp119_zero_tra,0.3265107663370519,ssp119,0.3265107663370519,0.0,,,Other,,,,1.0
1962.0,ssp119,0.3054222971459431,ssp119,0.3054222971459431,0.0,,,Other,,,,1.0
1962.0,ssp119_BC_Marine_striving,0.3054222971459431,ssp119,0.3054222971459431,0.0,non-CO2,BC,Marine,0.3054222971459431,0.0,0.0,1.0
1962.0,ssp119_BC_off-road_striving,0.3054222971459431,ssp119,0.3054222971459431,0.0,non-CO2,BC,off-road,0.3054222971459431,0.0,0.0,1.0
1962.0,ssp119_BC_on-road_striving,0.3054222971459431,ssp119,0.3054222971459431,0.0,non-CO2,BC,on-road,0.3054222971459431,0.0,0.0,1.0
1962.0,ssp119_CH4_Marine_striving,0.3054222971459431,ssp119,0.3054222971459431,0.0,non-CO2,CH4,Marine,0.3054222971459431,0.0,0.0,1.0
1962.0,ssp119_CH4_off-road_striving,0.3054222971459431,ssp119,0.3054222971459431,0.0,non-CO2,CH4,off-road,0.3054222971459431,0.0,0.0,1.0
1962.0,ssp119_CH4_on-road_striving,0.3054222971459431,ssp119,0.3054222971459431,0.0,non-CO2,CH4,on-road,0.3054222971459431,0.0,0.0,1.0
1962.0,ssp119_CO2 FFI_Marine_striving,0.3054222971459431,ssp119,0.3054222971459431,0.0,CO2,CO2 FFI,Marine,0.3054222971459431,0.0,0.0,1.0
1962.0,ssp119_CO2 FFI_off-road_striving,0.3054222971459431,ssp119,0.3054222971459431,0.0,CO2,CO2 FFI,off-road,0.3054222971459431,0.0,0.0,1.0
1962.0,ssp119_CO2 FFI_on-road_striving,0.3054222971459431,ssp119,0.3054222971459431,0.0,CO2,CO2 FFI,on-road,0.3054222971459431,0.0,0.0,1.0
1962.0,ssp119_N2O_Marine_striving,0.3054222971459431,ssp119,0.3054222971459431,0.0,non-CO2,N2O,Marine,0.3054222971459431,0.0,0.0,1.0
1962.0,ssp119_N2O_off-road_striving,0.3054222971459431,ssp119,0.3054222971459431,0.0,non-CO2,N2O,off-road,0.3054222971459431,0.0,0.0,1.0
1962.0,ssp119_N2O_on-road_striving,0.3054222971459431,ssp119,0.3054222971459431,0.0,non-CO2,N2O,on-road,0.3054222971459431,0.0,0.0,1.0
1962.0,ssp119_Sulfur_Marine_striving,0.3054222971459431,ssp119,0.3054222971459431,0.0,non-CO2,Sulfur,Marine,0.3054222971459431,0.0,0.0,1.0
1962.0,ssp119_striving,0.3054222971459431,ssp119,0.3054222971459431,0.0,,,Other,,,,1.0
1962.0,ssp119_zero_tra,0.3054222971459431,ssp119,0.3054222971459431,0.0,,,Other,,,,1.0
1963.0,ssp119,0.27086325279921236,ssp119,0.27086325279921236,0.0,,,Other,,,,1.0
1963.0,ssp119_BC_Marine_striving,0.27086325279921236,ssp119,0.27086325279921236,0.0,non-CO2,BC,Marine,0.27086325279921236,0.0,0.0,1.0
1963.0,ssp119_BC_off-road_striving,0.27086325279921236,ssp119,0.27086325279921236,0.0,non-CO2,BC,off-road,0.27086325279921236,0.0,0.0,1.0
1963.0,ssp119_BC_on-road_striving,0.27086325279921236,ssp119,0.27086325279921236,0.0,non-CO2,BC,on-road,0.27086325279921236,0.0,0.0,1.0
1963.0,ssp119_CH4_Marine_striving,0.27086325279921236,ssp119,0.27086325279921236,0.0,non-CO2,CH4,Marine,0.27086325279921236,0.0,0.0,1.0
1963.0,ssp119_CH4_off-road_striving,0.27086325279921236,ssp119,0.27086325279921236,0.0,non-CO2,CH4,off-road,0.27086325279921236,0.0,0.0,1.0
1963.0,ssp119_CH4_on-road_striving,0.27086325279921236,ssp119,0.27086325279921236,0.0,non-CO2,CH4,on-road,0.27086325279921236,0.0,0.0,1.0
1963.0,ssp119_CO2 FFI_Marine_striving,0.27086325279921236,ssp119,0.27086325279921236,0.0,CO2,CO2 FFI,Marine,0.27086325279921236,0.0,0.0,1.0
1963.0,ssp119_CO2 FFI_off-road_striving,0.27086325279921236,ssp119,0.27086325279921236,0.0,CO2,CO2 FFI,off-road,0.27086325279921236,0.0,0.0,1.0
1963.0,ssp119_CO2 FFI_on-road_striving,0.27086325279921236,ssp119,0.27086325279921236,0.0,CO2,CO2 FFI,on-road,0.27086325279921236,0.0,0.0,1.0
1963.0,ssp119_N2O_Marine_striving,0.27086325279921236,ssp119,0.27086325279921236,0.0,non-CO2,N2O,Marine,0.27086325279921236,0.0,0.0,1.0
1963.0,ssp119_N2O_off-road_striving,0.27086325279921236,ssp119,0.27086325279921236,0.0,non-CO2,N2O,off-road,0.27086325279921236,0.0,0.0,1.0
1963.0,ssp119_N2O_on-road_striving,0.27086325279921236,ssp119,0.27086325279921236,0.0,non-CO2,N2O,on-road,0.27086325279921236,0.0,0.0,1.0
1963.0,ssp119_Sulfur_Marine_striving,0.27086325279921236,ssp119,0.27086325279921236,0.0,non-CO2,Sulfur,Marine,0.27086325279921236,0.0,0.0,1.0
1963.0,ssp119_striving,0.27086325279921236,ssp119,0.27086325279921236,0.0,,,Other,,,,1.0
1963.0,ssp119_zero_tra,0.27086325279921236,ssp119,0.27086325279921236,0.0,,,Other,,,,1.0
1964.0,ssp119,0.14276191982497535,ssp119,0.14276191982497535,0.0,,,Other,,,,1.0
1964.0,ssp119_BC_Marine_striving,0.14276191982497535,ssp119,0.14276191982497535,0.0,non-CO2,BC,Marine,0.14276191982497535,0.0,0.0,1.0
1964.0,ssp119_BC_off-road_striving,0.14276191982497535,ssp119,0.14276191982497535,0.0,non-CO2,BC,off-road,0.14276191982497535,0.0,0.0,1.0
1964.0,ssp119_BC_on-road_striving,0.14276191982497535,ssp119,0.14276191982497535,0.0,non-CO2,BC,on-road,0.14276191982497535,0.0,0.0,1.0
1964.0,ssp119_CH4_Marine_striving,0.14276191982497535,ssp119,0.14276191982497535,0.0,non-CO2,CH4,Marine,0.14276191982497535,0.0,0.0,1.0
1964.0,ssp119_CH4_off-road_striving,0.14276191982497535,ssp119,0.14276191982497535,0.0,non-CO2,CH4,off-road,0.14276191982497535,0.0,0.0,1.0
1964.0,ssp119_CH4_on-road_striving,0.14276191982497535,ssp119,0.14276191982497535,0.0,non-CO2,CH4,on-road,0.14276191982497535,0.0,0.0,1.0
1964.0,ssp119_CO2 FFI_Marine_striving,0.14276191982497535,ssp119,0.14276191982497535,0.0,CO2,CO2 FFI,Marine,0.14276191982497535,0.0,0.0,1.0
1964.0,ssp119_CO2 FFI_off-road_striving,0.14276191982497535,ssp119,0.14276191982497535,0.0,CO2,CO2 FFI,off-road,0.14276191982497535,0.0,0.0,1.0
1964.0,ssp119_CO2 FFI_on-road_striving,0.14276191982497535,ssp119,0.14276191982497535,0.0,CO2,CO2 FFI,on-road,0.14276191982497535,0.0,0.0,1.0
1964.0,ssp119_N2O_Marine_striving,0.14276191982497535,ssp119,0.14276191982497535,0.0,non-CO2,N2O,Marine,0.14276191982497535,0.0,0.0,1.0
1964.0,ssp119_N2O_off-road_striving,0.14276191982497535,ssp119,0.14276191982497535,0.0,non-CO2,N2O,off-road,0.14276191982497535,0.0,0.0,1.0
1964.0,ssp119_N2O_on-road_striving,0.14276191982497535,ssp119,0.14276191982497535,0.0,non-CO2,N2O,on-road,0.14276191982497535,0.0,0.0,1.0
1964.0,ssp119_Sulfur_Marine_striving,0.14276191982497535,ssp119,0.14276191982497535,0.0,non-CO2,Sulfur,Marine,0.14276191982497535,0.0,0.0,1.0
1964.0,ssp119_striving,0.14276191982497535,ssp119,0.14276191982497535,0.0,,,Other,,,,1.0
1964.0,ssp119_zero_tra,0.14276191982497535,ssp119,0.14276191982497535,0.0,,,Other,,,,1.0
1965.0,ssp119,0.06817485531597502,ssp119,0.06817485531597502,0.0,,,Other,,,,1.0
1965.0,ssp119_BC_Marine_striving,0.06817485531597502,ssp119,0.06817485531597502,0.0,non-CO2,BC,Marine,0.06817485531597502,0.0,0.0,1.0
1965.0,ssp119_BC_off-road_striving,0.06817485531597502,ssp119,0.06817485531597502,0.0,non-CO2,BC,off-road,0.06817485531597502,0.0,0.0,1.0
1965.0,ssp119_BC_on-road_striving,0.06817485531597502,ssp119,0.06817485531597502,0.0,non-CO2,BC,on-road,0.06817485531597502,0.0,0.0,1.0
1965.0,ssp119_CH4_Marine_striving,0.06817485531597502,ssp119,0.06817485531597502,0.0,non-CO2,CH4,Marine,0.06817485531597502,0.0,0.0,1.0
1965.0,ssp119_CH4_off-road_striving,0.06817485531597502,ssp119,0.06817485531597502,0.0,non-CO2,CH4,off-road,0.06817485531597502,0.0,0.0,1.0
1965.0,ssp119_CH4_on-road_striving,0.06817485531597502,ssp119,0.06817485531597502,0.0,non-CO2,CH4,on-road,0.06817485531597502,0.0,0.0,1.0
1965.0,ssp119_CO2 FFI_Marine_striving,0.06817485531597502,ssp119,0.06817485531597502,0.0,CO2,CO2 FFI,Marine,0.06817485531597502,0.0,0.0,1.0
1965.0,ssp119_CO2 FFI_off-road_striving,0.06817485531597502,ssp119,0.06817485531597502,0.0,CO2,CO2 FFI,off-road,0.06817485531597502,0.0,0.0,1.0
1965.0,ssp119_CO2 FFI_on-road_striving,0.06817485531597502,ssp119,0.06817485531597502,0.0,CO2,CO2 FFI,on-road,0.06817485531597502,0.0,0.0,1.0
1965.0,ssp119_N2O_Marine_striving,0.06817485531597502,ssp119,0.06817485531597502,0.0,non-CO2,N2O,Marine,0.06817485531597502,0.0,0.0,1.0
1965.0,ssp119_N2O_off-road_striving,0.06817485531597502,ssp119,0.06817485531597502,0.0,non-CO2,N2O,off-road,0.06817485531597502,0.0,0.0,1.0
1965.0,ssp119_N2O_on-road_striving,0.06817485531597502,ssp119,0.06817485531597502,0.0,non-CO2,N2O,on-road,0.06817485531597502,0.0,0.0,1.0
1965.0,ssp119_Sulfur_Marine_striving,0.06817485531597502,ssp119,0.06817485531597502,0.0,non-CO2,Sulfur,Marine,0.06817485531597502,0.0,0.0,1.0
1965.0,ssp119_striving,0.06817485531597502,ssp119,0.06817485531597502,0.0,,,Other,,,,1.0
1965.0,ssp119_zero_tra,0.06817485531597502,ssp119,0.06817485531597502,0.0,,,Other,,,,1.0
1966.0,ssp119,0.08689867202561197,ssp119,0.08689867202561197,0.0,,,Other,,,,1.0
1966.0,ssp119_BC_Marine_striving,0.08689867202561197,ssp119,0.08689867202561197,0.0,non-CO2,BC,Marine,0.08689867202561197,0.0,0.0,1.0
1966.0,ssp119_BC_off-road_striving,0.08689867202561197,ssp119,0.08689867202561197,0.0,non-CO2,BC,off-road,0.08689867202561197,0.0,0.0,1.0
1966.0,ssp119_BC_on-road_striving,0.08689867202561197,ssp119,0.08689867202561197,0.0,non-CO2,BC,on-road,0.08689867202561197,0.0,0.0,1.0
1966.0,ssp119_CH4_Marine_striving,0.08689867202561197,ssp119,0.08689867202561197,0.0,non-CO2,CH4,Marine,0.08689867202561197,0.0,0.0,1.0
1966.0,ssp119_CH4_off-road_striving,0.08689867202561197,ssp119,0.08689867202561197,0.0,non-CO2,CH4,off-road,0.08689867202561197,0.0,0.0,1.0
1966.0,ssp119_CH4_on-road_striving,0.08689867202561197,ssp119,0.08689867202561197,0.0,non-CO2,CH4,on-road,0.08689867202561197,0.0,0.0,1.0
1966.0,ssp119_CO2 FFI_Marine_striving,0.08689867202561197,ssp119,0.08689867202561197,0.0,CO2,CO2 FFI,Marine,0.08689867202561197,0.0,0.0,1.0
1966.0,ssp119_CO2 FFI_off-road_striving,0.08689867202561197,ssp119,0.08689867202561197,0.0,CO2,CO2 FFI,off-road,0.08689867202561197,0.0,0.0,1.0
1966.0,ssp119_CO2 FFI_on-road_striving,0.08689867202561197,ssp119,0.08689867202561197,0.0,CO2,CO2 FFI,on-road,0.08689867202561197,0.0,0.0,1.0
1966.0,ssp119_N2O_Marine_striving,0.08689867202561197,ssp119,0.08689867202561197,0.0,non-CO2,N2O,Marine,0.08689867202561197,0.0,0.0,1.0
1966.0,ssp119_N2O_off-road_striving,0.08689867202561197,ssp119,0.08689867202561197,0.0,non-CO2,N2O,off-road,0.08689867202561197,0.0,0.0,1.0
1966.0,ssp119_N2O_on-road_striving,0.08689867202561197,ssp119,0.08689867202561197,0.0,non-CO2,N2O,on-road,0.08689867202561197,0.0,0.0,1.0
1966.0,ssp119_Sulfur_Marine_striving,0.08689867202561197,ssp119,0.08689867202561197,0.0,non-CO2,Sulfur,Marine,0.08689867202561197,0.0,0.0,1.0
1966.0,ssp119_striving,0.08689867202561197,ssp119,0.08689867202561197,0.0,,,Other,,,,1.0
1966.0,ssp119_zero_tra,0.08689867202561197,ssp119,0.08689867202561197,0.0,,,Other,,,,1.0
1967.0,ssp119,0.1846319405985882,ssp119,0.1846319405985882,0.0,,,Other,,,,1.0
1967.0,ssp119_BC_Marine_striving,0.1846319405985882,ssp119,0.1846319405985882,0.0,non-CO2,BC,Marine,0.1846319405985882,0.0,0.0,1.0
1967.0,ssp119_BC_off-road_striving,0.1846319405985882,ssp119,0.1846319405985882,0.0,non-CO2,BC,off-road,0.1846319405985882,0.0,0.0,1.0
1967.0,ssp119_BC_on-road_striving,0.1846319405985882,ssp119,0.1846319405985882,0.0,non-CO2,BC,on-road,0.1846319405985882,0.0,0.0,1.0
1967.0,ssp119_CH4_Marine_striving,0.1846319405985882,ssp119,0.1846319405985882,0.0,non-CO2,CH4,Marine,0.1846319405985882,0.0,0.0,1.0
1967.0,ssp119_CH4_off-road_striving,0.1846319405985882,ssp119,0.1846319405985882,0.0,non-CO2,CH4,off-road,0.1846319405985882,0.0,0.0,1.0
1967.0,ssp119_CH4_on-road_striving,0.1846319405985882,ssp119,0.1846319405985882,0.0,non-CO2,CH4,on-road,0.1846319405985882,0.0,0.0,1.0
1967.0,ssp119_CO2 FFI_Marine_striving,0.1846319405985882,ssp119,0.1846319405985882,0.0,CO2,CO2 FFI,Marine,0.1846319405985882,0.0,0.0,1.0
1967.0,ssp119_CO2 FFI_off-road_striving,0.1846319405985882,ssp119,0.1846319405985882,0.0,CO2,CO2 FFI,off-road,0.1846319405985882,0.0,0.0,1.0
1967.0,ssp119_CO2 FFI_on-road_striving,0.1846319405985882,ssp119,0.1846319405985882,0.0,CO2,CO2 FFI,on-road,0.1846319405985882,0.0,0.0,1.0
1967.0,ssp119_N2O_Marine_striving,0.1846319405985882,ssp119,0.1846319405985882,0.0,non-CO2,N2O,Marine,0.1846319405985882,0.0,0.0,1.0
1967.0,ssp119_N2O_off-road_striving,0.1846319405985882,ssp119,0.1846319405985882,0.0,non-CO2,N2O,off-road,0.1846319405985882,0.0,0.0,1.0
1967.0,ssp119_N2O_on-road_striving,0.1846319405985882,ssp119,0.1846319405985882,0.0,non-CO2,N2O,on-road,0.1846319405985882,0.0,0.0,1.0
1967.0,ssp119_Sulfur_Marine_striving,0.1846319405985882,ssp119,0.1846319405985882,0.0,non-CO2,Sulfur,Marine,0.1846319405985882,0.0,0.0,1.0
1967.0,ssp119_striving,0.1846319405985882,ssp119,0.1846319405985882,0.0,,,Other,,,,1.0
1967.0,ssp119_zero_tra,0.1846319405985882,ssp119,0.1846319405985882,0.0,,,Other,,,,1.0
1968.0,ssp119,0.22242001924648278,ssp119,0.22242001924648278,0.0,,,Other,,,,1.0
1968.0,ssp119_BC_Marine_striving,0.22242001924648278,ssp119,0.22242001924648278,0.0,non-CO2,BC,Marine,0.22242001924648278,0.0,0.0,1.0
1968.0,ssp119_BC_off-road_striving,0.22242001924648278,ssp119,0.22242001924648278,0.0,non-CO2,BC,off-road,0.22242001924648278,0.0,0.0,1.0
1968.0,ssp119_BC_on-road_striving,0.22242001924648278,ssp119,0.22242001924648278,0.0,non-CO2,BC,on-road,0.22242001924648278,0.0,0.0,1.0
1968.0,ssp119_CH4_Marine_striving,0.22242001924648278,ssp119,0.22242001924648278,0.0,non-CO2,CH4,Marine,0.22242001924648278,0.0,0.0,1.0
1968.0,ssp119_CH4_off-road_striving,0.22242001924648278,ssp119,0.22242001924648278,0.0,non-CO2,CH4,off-road,0.22242001924648278,0.0,0.0,1.0
1968.0,ssp119_CH4_on-road_striving,0.22242001924648278,ssp119,0.22242001924648278,0.0,non-CO2,CH4,on-road,0.22242001924648278,0.0,0.0,1.0
1968.0,ssp119_CO2 FFI_Marine_striving,0.22242001924648278,ssp119,0.22242001924648278,0.0,CO2,CO2 FFI,Marine,0.22242001924648278,0.0,0.0,1.0
1968.0,ssp119_CO2 FFI_off-road_striving,0.22242001924648278,ssp119,0.22242001924648278,0.0,CO2,CO2 FFI,off-road,0.22242001924648278,0.0,0.0,1.0
1968.0,ssp119_CO2 FFI_on-road_striving,0.22242001924648278,ssp119,0.22242001924648278,0.0,CO2,CO2 FFI,on-road,0.22242001924648278,0.0,0.0,1.0
1968.0,ssp119_N2O_Marine_striving,0.22242001924648278,ssp119,0.22242001924648278,0.0,non-CO2,N2O,Marine,0.22242001924648278,0.0,0.0,1.0
1968.0,ssp119_N2O_off-road_striving,0.22242001924648278,ssp119,0.22242001924648278,0.0,non-CO2,N2O,off-road,0.22242001924648278,0.0,0.0,1.0
1968.0,ssp119_N2O_on-road_striving,0.22242001924648278,ssp119,0.22242001924648278,0.0,non-CO2,N2O,on-road,0.22242001924648278,0.0,0.0,1.0
1968.0,ssp119_Sulfur_Marine_striving,0.22242001924648278,ssp119,0.22242001924648278,0.0,non-CO2,Sulfur,Marine,0.22242001924648278,0.0,0.0,1.0
1968.0,ssp119_striving,0.22242001924648278,ssp119,0.22242001924648278,0.0,,,Other,,,,1.0
1968.0,ssp119_zero_tra,0.22242001924648278,ssp119,0.22242001924648278,0.0,,,Other,,,,1.0
1969.0,ssp119,0.23548626789945074,ssp119,0.23548626789945074,0.0,,,Other,,,,1.0
1969.0,ssp119_BC_Marine_striving,0.23548626789945074,ssp119,0.23548626789945074,0.0,non-CO2,BC,Marine,0.23548626789945074,0.0,0.0,1.0
1969.0,ssp119_BC_off-road_striving,0.23548626789945074,ssp119,0.23548626789945074,0.0,non-CO2,BC,off-road,0.23548626789945074,0.0,0.0,1.0
1969.0,ssp119_BC_on-road_striving,0.23548626789945074,ssp119,0.23548626789945074,0.0,non-CO2,BC,on-road,0.23548626789945074,0.0,0.0,1.0
1969.0,ssp119_CH4_Marine_striving,0.23548626789945074,ssp119,0.23548626789945074,0.0,non-CO2,CH4,Marine,0.23548626789945074,0.0,0.0,1.0
1969.0,ssp119_CH4_off-road_striving,0.23548626789945074,ssp119,0.23548626789945074,0.0,non-CO2,CH4,off-road,0.23548626789945074,0.0,0.0,1.0
1969.0,ssp119_CH4_on-road_striving,0.23548626789945074,ssp119,0.23548626789945074,0.0,non-CO2,CH4,on-road,0.23548626789945074,0.0,0.0,1.0
1969.0,ssp119_CO2 FFI_Marine_striving,0.23548626789945074,ssp119,0.23548626789945074,0.0,CO2,CO2 FFI,Marine,0.23548626789945074,0.0,0.0,1.0
1969.0,ssp119_CO2 FFI_off-road_striving,0.23548626789945074,ssp119,0.23548626789945074,0.0,CO2,CO2 FFI,off-road,0.23548626789945074,0.0,0.0,1.0
1969.0,ssp119_CO2 FFI_on-road_striving,0.23548626789945074,ssp119,0.23548626789945074,0.0,CO2,CO2 FFI,on-road,0.23548626789945074,0.0,0.0,1.0
1969.0,ssp119_N2O_Marine_striving,0.23548626789945074,ssp119,0.23548626789945074,0.0,non-CO2,N2O,Marine,0.23548626789945074,0.0,0.0,1.0
1969.0,ssp119_N2O_off-road_striving,0.23548626789945074,ssp119,0.23548626789945074,0.0,non-CO2,N2O,off-road,0.23548626789945074,0.0,0.0,1.0
1969.0,ssp119_N2O_on-road_striving,0.23548626789945074,ssp119,0.23548626789945074,0.0,non-CO2,N2O,on-road,0.23548626789945074,0.0,0.0,1.0
1969.0,ssp119_Sulfur_Marine_striving,0.23548626789945074,ssp119,0.23548626789945074,0.0,non-CO2,Sulfur,Marine,0.23548626789945074,0.0,0.0,1.0
1969.0,ssp119_striving,0.23548626789945074,ssp119,0.23548626789945074,0.0,,,Other,,,,1.0
1969.0,ssp119_zero_tra,0.23548626789945074,ssp119,0.23548626789945074,0.0,,,Other,,,,1.0
1970.0,ssp119,0.2669730813289701,ssp119,0.2669730813289701,0.0,,,Other,,,,1.0
1970.0,ssp119_BC_Marine_striving,0.2669730813289701,ssp119,0.2669730813289701,0.0,non-CO2,BC,Marine,0.2669730813289701,0.0,0.0,1.0
1970.0,ssp119_BC_off-road_striving,0.2669730813289701,ssp119,0.2669730813289701,0.0,non-CO2,BC,off-road,0.2669730813289701,0.0,0.0,1.0
1970.0,ssp119_BC_on-road_striving,0.2669730813289701,ssp119,0.2669730813289701,0.0,non-CO2,BC,on-road,0.2669730813289701,0.0,0.0,1.0
1970.0,ssp119_CH4_Marine_striving,0.2669730813289701,ssp119,0.2669730813289701,0.0,non-CO2,CH4,Marine,0.2669730813289701,0.0,0.0,1.0
1970.0,ssp119_CH4_off-road_striving,0.2669730813289701,ssp119,0.2669730813289701,0.0,non-CO2,CH4,off-road,0.2669730813289701,0.0,0.0,1.0
1970.0,ssp119_CH4_on-road_striving,0.2669730813289701,ssp119,0.2669730813289701,0.0,non-CO2,CH4,on-road,0.2669730813289701,0.0,0.0,1.0
1970.0,ssp119_CO2 FFI_Marine_striving,0.2669730813289701,ssp119,0.2669730813289701,0.0,CO2,CO2 FFI,Marine,0.2669730813289701,0.0,0.0,1.0
1970.0,ssp119_CO2 FFI_off-road_striving,0.2669730813289701,ssp119,0.2669730813289701,0.0,CO2,CO2 FFI,off-road,0.2669730813289701,0.0,0.0,1.0
1970.0,ssp119_CO2 FFI_on-road_striving,0.2669730813289701,ssp119,0.2669730813289701,0.0,CO2,CO2 FFI,on-road,0.2669730813289701,0.0,0.0,1.0
1970.0,ssp119_N2O_Marine_striving,0.2669730813289701,ssp119,0.2669730813289701,0.0,non-CO2,N2O,Marine,0.2669730813289701,0.0,0.0,1.0
1970.0,ssp119_N2O_off-road_striving,0.2669730813289701,ssp119,0.2669730813289701,0.0,non-CO2,N2O,off-road,0.2669730813289701,0.0,0.0,1.0
1970.0,ssp119_N2O_on-road_striving,0.2669730813289701,ssp119,0.2669730813289701,0.0,non-CO2,N2O,on-road,0.2669730813289701,0.0,0.0,1.0
1970.0,ssp119_Sulfur_Marine_striving,0.2669730813289701,ssp119,0.2669730813289701,0.0,non-CO2,Sulfur,Marine,0.2669730813289701,0.0,0.0,1.0
1970.0,ssp119_striving,0.2669730813289701,ssp119,0.2669730813289701,0.0,,,Other,,,,1.0
1970.0,ssp119_zero_tra,0.2669730813289701,ssp119,0.2669730813289701,0.0,,,Other,,,,1.0
1971.0,ssp119,0.27985740689661986,ssp119,0.27985740689661986,0.0,,,Other,,,,1.0
1971.0,ssp119_BC_Marine_striving,0.27985740689661986,ssp119,0.27985740689661986,0.0,non-CO2,BC,Marine,0.27985740689661986,0.0,0.0,1.0
1971.0,ssp119_BC_off-road_striving,0.27985740689661986,ssp119,0.27985740689661986,0.0,non-CO2,BC,off-road,0.27985740689661986,0.0,0.0,1.0
1971.0,ssp119_BC_on-road_striving,0.27985740689661986,ssp119,0.27985740689661986,0.0,non-CO2,BC,on-road,0.27985740689661986,0.0,0.0,1.0
1971.0,ssp119_CH4_Marine_striving,0.27985740689661986,ssp119,0.27985740689661986,0.0,non-CO2,CH4,Marine,0.27985740689661986,0.0,0.0,1.0
1971.0,ssp119_CH4_off-road_striving,0.27985740689661986,ssp119,0.27985740689661986,0.0,non-CO2,CH4,off-road,0.27985740689661986,0.0,0.0,1.0
1971.0,ssp119_CH4_on-road_striving,0.27985740689661986,ssp119,0.27985740689661986,0.0,non-CO2,CH4,on-road,0.27985740689661986,0.0,0.0,1.0
1971.0,ssp119_CO2 FFI_Marine_striving,0.27985740689661986,ssp119,0.27985740689661986,0.0,CO2,CO2 FFI,Marine,0.27985740689661986,0.0,0.0,1.0
1971.0,ssp119_CO2 FFI_off-road_striving,0.27985740689661986,ssp119,0.27985740689661986,0.0,CO2,CO2 FFI,off-road,0.27985740689661986,0.0,0.0,1.0
1971.0,ssp119_CO2 FFI_on-road_striving,0.27985740689661986,ssp119,0.27985740689661986,0.0,CO2,CO2 FFI,on-road,0.27985740689661986,0.0,0.0,1.0
1971.0,ssp119_N2O_Marine_striving,0.27985740689661986,ssp119,0.27985740689661986,0.0,non-CO2,N2O,Marine,0.27985740689661986,0.0,0.0,1.0
1971.0,ssp119_N2O_off-road_striving,0.27985740689661986,ssp119,0.27985740689661986,0.0,non-CO2,N2O,off-road,0.27985740689661986,0.0,0.0,1.0
1971.0,ssp119_N2O_on-road_striving,0.27985740689661986,ssp119,0.27985740689661986,0.0,non-CO2,N2O,on-road,0.27985740689661986,0.0,0.0,1.0
1971.0,ssp119_Sulfur_Marine_striving,0.27985740689661986,ssp119,0.27985740689661986,0.0,non-CO2,Sulfur,Marine,0.27985740689661986,0.0,0.0,1.0
1971.0,ssp119_striving,0.27985740689661986,ssp119,0.27985740689661986,0.0,,,Other,,,,1.0
1971.0,ssp119_zero_tra,0.27985740689661986,ssp119,0.27985740689661986,0.0,,,Other,,,,1.0
1972.0,ssp119,0.2784792893349502,ssp119,0.2784792893349502,0.0,,,Other,,,,1.0
1972.0,ssp119_BC_Marine_striving,0.2784792893349502,ssp119,0.2784792893349502,0.0,non-CO2,BC,Marine,0.2784792893349502,0.0,0.0,1.0
1972.0,ssp119_BC_off-road_striving,0.2784792893349502,ssp119,0.2784792893349502,0.0,non-CO2,BC,off-road,0.2784792893349502,0.0,0.0,1.0
1972.0,ssp119_BC_on-road_striving,0.2784792893349502,ssp119,0.2784792893349502,0.0,non-CO2,BC,on-road,0.2784792893349502,0.0,0.0,1.0
1972.0,ssp119_CH4_Marine_striving,0.2784792893349502,ssp119,0.2784792893349502,0.0,non-CO2,CH4,Marine,0.2784792893349502,0.0,0.0,1.0
1972.0,ssp119_CH4_off-road_striving,0.2784792893349502,ssp119,0.2784792893349502,0.0,non-CO2,CH4,off-road,0.2784792893349502,0.0,0.0,1.0
1972.0,ssp119_CH4_on-road_striving,0.2784792893349502,ssp119,0.2784792893349502,0.0,non-CO2,CH4,on-road,0.2784792893349502,0.0,0.0,1.0
1972.0,ssp119_CO2 FFI_Marine_striving,0.2784792893349502,ssp119,0.2784792893349502,0.0,CO2,CO2 FFI,Marine,0.2784792893349502,0.0,0.0,1.0
1972.0,ssp119_CO2 FFI_off-road_striving,0.2784792893349502,ssp119,0.2784792893349502,0.0,CO2,CO2 FFI,off-road,0.2784792893349502,0.0,0.0,1.0
1972.0,ssp119_CO2 FFI_on-road_striving,0.2784792893349502,ssp119,0.2784792893349502,0.0,CO2,CO2 FFI,on-road,0.2784792893349502,0.0,0.0,1.0
1972.0,ssp119_N2O_Marine_striving,0.2784792893349502,ssp119,0.2784792893349502,0.0,non-CO2,N2O,Marine,0.2784792893349502,0.0,0.0,1.0
1972.0,ssp119_N2O_off-road_striving,0.2784792893349502,ssp119,0.2784792893349502,0.0,non-CO2,N2O,off-road,0.2784792893349502,0.0,0.0,1.0
1972.0,ssp119_N2O_on-road_striving,0.2784792893349502,ssp119,0.2784792893349502,0.0,non-CO2,N2O,on-road,0.2784792893349502,0.0,0.0,1.0
1972.0,ssp119_Sulfur_Marine_striving,0.2784792893349502,ssp119,0.2784792893349502,0.0,non-CO2,Sulfur,Marine,0.2784792893349502,0.0,0.0,1.0
1972.0,ssp119_striving,0.2784792893349502,ssp119,0.2784792893349502,0.0,,,Other,,,,1.0
1972.0,ssp119_zero_tra,0.2784792893349502,ssp119,0.2784792893349502,0.0,,,Other,,,,1.0
1973.0,ssp119,0.2961429423738348,ssp119,0.2961429423738348,0.0,,,Other,,,,1.0
1973.0,ssp119_BC_Marine_striving,0.2961429423738348,ssp119,0.2961429423738348,0.0,non-CO2,BC,Marine,0.2961429423738348,0.0,0.0,1.0
1973.0,ssp119_BC_off-road_striving,0.2961429423738348,ssp119,0.2961429423738348,0.0,non-CO2,BC,off-road,0.2961429423738348,0.0,0.0,1.0
1973.0,ssp119_BC_on-road_striving,0.2961429423738348,ssp119,0.2961429423738348,0.0,non-CO2,BC,on-road,0.2961429423738348,0.0,0.0,1.0
1973.0,ssp119_CH4_Marine_striving,0.2961429423738348,ssp119,0.2961429423738348,0.0,non-CO2,CH4,Marine,0.2961429423738348,0.0,0.0,1.0
1973.0,ssp119_CH4_off-road_striving,0.2961429423738348,ssp119,0.2961429423738348,0.0,non-CO2,CH4,off-road,0.2961429423738348,0.0,0.0,1.0
1973.0,ssp119_CH4_on-road_striving,0.2961429423738348,ssp119,0.2961429423738348,0.0,non-CO2,CH4,on-road,0.2961429423738348,0.0,0.0,1.0
1973.0,ssp119_CO2 FFI_Marine_striving,0.2961429423738348,ssp119,0.2961429423738348,0.0,CO2,CO2 FFI,Marine,0.2961429423738348,0.0,0.0,1.0
1973.0,ssp119_CO2 FFI_off-road_striving,0.2961429423738348,ssp119,0.2961429423738348,0.0,CO2,CO2 FFI,off-road,0.2961429423738348,0.0,0.0,1.0
1973.0,ssp119_CO2 FFI_on-road_striving,0.2961429423738348,ssp119,0.2961429423738348,0.0,CO2,CO2 FFI,on-road,0.2961429423738348,0.0,0.0,1.0
1973.0,ssp119_N2O_Marine_striving,0.2961429423738348,ssp119,0.2961429423738348,0.0,non-CO2,N2O,Marine,0.2961429423738348,0.0,0.0,1.0
1973.0,ssp119_N2O_off-road_striving,0.2961429423738348,ssp119,0.2961429423738348,0.0,non-CO2,N2O,off-road,0.2961429423738348,0.0,0.0,1.0
1973.0,ssp119_N2O_on-road_striving,0.2961429423738348,ssp119,0.2961429423738348,0.0,non-CO2,N2O,on-road,0.2961429423738348,0.0,0.0,1.0
1973.0,ssp119_Sulfur_Marine_striving,0.2961429423738348,ssp119,0.2961429423738348,0.0,non-CO2,Sulfur,Marine,0.2961429423738348,0.0,0.0,1.0
1973.0,ssp119_striving,0.2961429423738348,ssp119,0.2961429423738348,0.0,,,Other,,,,1.0
1973.0,ssp119_zero_tra,0.2961429423738348,ssp119,0.2961429423738348,0.0,,,Other,,,,1.0
1974.0,ssp119,0.330702841420468,ssp119,0.330702841420468,0.0,,,Other,,,,1.0
1974.0,ssp119_BC_Marine_striving,0.330702841420468,ssp119,0.330702841420468,0.0,non-CO2,BC,Marine,0.330702841420468,0.0,0.0,1.0
1974.0,ssp119_BC_off-road_striving,0.330702841420468,ssp119,0.330702841420468,0.0,non-CO2,BC,off-road,0.330702841420468,0.0,0.0,1.0
1974.0,ssp119_BC_on-road_striving,0.330702841420468,ssp119,0.330702841420468,0.0,non-CO2,BC,on-road,0.330702841420468,0.0,0.0,1.0
1974.0,ssp119_CH4_Marine_striving,0.330702841420468,ssp119,0.330702841420468,0.0,non-CO2,CH4,Marine,0.330702841420468,0.0,0.0,1.0
1974.0,ssp119_CH4_off-road_striving,0.330702841420468,ssp119,0.330702841420468,0.0,non-CO2,CH4,off-road,0.330702841420468,0.0,0.0,1.0
1974.0,ssp119_CH4_on-road_striving,0.330702841420468,ssp119,0.330702841420468,0.0,non-CO2,CH4,on-road,0.330702841420468,0.0,0.0,1.0
1974.0,ssp119_CO2 FFI_Marine_striving,0.330702841420468,ssp119,0.330702841420468,0.0,CO2,CO2 FFI,Marine,0.330702841420468,0.0,0.0,1.0
1974.0,ssp119_CO2 FFI_off-road_striving,0.330702841420468,ssp119,0.330702841420468,0.0,CO2,CO2 FFI,off-road,0.330702841420468,0.0,0.0,1.0
1974.0,ssp119_CO2 FFI_on-road_striving,0.330702841420468,ssp119,0.330702841420468,0.0,CO2,CO2 FFI,on-road,0.330702841420468,0.0,0.0,1.0
1974.0,ssp119_N2O_Marine_striving,0.330702841420468,ssp119,0.330702841420468,0.0,non-CO2,N2O,Marine,0.330702841420468,0.0,0.0,1.0
1974.0,ssp119_N2O_off-road_striving,0.330702841420468,ssp119,0.330702841420468,0.0,non-CO2,N2O,off-road,0.330702841420468,0.0,0.0,1.0
1974.0,ssp119_N2O_on-road_striving,0.330702841420468,ssp119,0.330702841420468,0.0,non-CO2,N2O,on-road,0.330702841420468,0.0,0.0,1.0
1974.0,ssp119_Sulfur_Marine_striving,0.330702841420468,ssp119,0.330702841420468,0.0,non-CO2,Sulfur,Marine,0.330702841420468,0.0,0.0,1.0
1974.0,ssp119_striving,0.330702841420468,ssp119,0.330702841420468,0.0,,,Other,,,,1.0
1974.0,ssp119_zero_tra,0.330702841420468,ssp119,0.330702841420468,0.0,,,Other,,,,1.0
1975.0,ssp119,0.32777241501243093,ssp119,0.32777241501243093,0.0,,,Other,,,,1.0
1975.0,ssp119_BC_Marine_striving,0.32777241501243093,ssp119,0.32777241501243093,0.0,non-CO2,BC,Marine,0.32777241501243093,0.0,0.0,1.0
1975.0,ssp119_BC_off-road_striving,0.32777241501243093,ssp119,0.32777241501243093,0.0,non-CO2,BC,off-road,0.32777241501243093,0.0,0.0,1.0
1975.0,ssp119_BC_on-road_striving,0.32777241501243093,ssp119,0.32777241501243093,0.0,non-CO2,BC,on-road,0.32777241501243093,0.0,0.0,1.0
1975.0,ssp119_CH4_Marine_striving,0.32777241501243093,ssp119,0.32777241501243093,0.0,non-CO2,CH4,Marine,0.32777241501243093,0.0,0.0,1.0
1975.0,ssp119_CH4_off-road_striving,0.32777241501243093,ssp119,0.32777241501243093,0.0,non-CO2,CH4,off-road,0.32777241501243093,0.0,0.0,1.0
1975.0,ssp119_CH4_on-road_striving,0.32777241501243093,ssp119,0.32777241501243093,0.0,non-CO2,CH4,on-road,0.32777241501243093,0.0,0.0,1.0
1975.0,ssp119_CO2 FFI_Marine_striving,0.32777241501243093,ssp119,0.32777241501243093,0.0,CO2,CO2 FFI,Marine,0.32777241501243093,0.0,0.0,1.0
1975.0,ssp119_CO2 FFI_off-road_striving,0.32777241501243093,ssp119,0.32777241501243093,0.0,CO2,CO2 FFI,off-road,0.32777241501243093,0.0,0.0,1.0
1975.0,ssp119_CO2 FFI_on-road_striving,0.32777241501243093,ssp119,0.32777241501243093,0.0,CO2,CO2 FFI,on-road,0.32777241501243093,0.0,0.0,1.0
1975.0,ssp119_N2O_Marine_striving,0.32777241501243093,ssp119,0.32777241501243093,0.0,non-CO2,N2O,Marine,0.32777241501243093,0.0,0.0,1.0
1975.0,ssp119_N2O_off-road_striving,0.32777241501243093,ssp119,0.32777241501243093,0.0,non-CO2,N2O,off-road,0.32777241501243093,0.0,0.0,1.0
1975.0,ssp119_N2O_on-road_striving,0.32777241501243093,ssp119,0.32777241501243093,0.0,non-CO2,N2O,on-road,0.32777241501243093,0.0,0.0,1.0
1975.0,ssp119_Sulfur_Marine_striving,0.32777241501243093,ssp119,0.32777241501243093,0.0,non-CO2,Sulfur,Marine,0.32777241501243093,0.0,0.0,1.0
1975.0,ssp119_striving,0.32777241501243093,ssp119,0.32777241501243093,0.0,,,Other,,,,1.0
1975.0,ssp119_zero_tra,0.32777241501243093,ssp119,0.32777241501243093,0.0,,,Other,,,,1.0
1976.0,ssp119,0.29617558379975184,ssp119,0.29617558379975184,0.0,,,Other,,,,1.0
1976.0,ssp119_BC_Marine_striving,0.29617558379975184,ssp119,0.29617558379975184,0.0,non-CO2,BC,Marine,0.29617558379975184,0.0,0.0,1.0
1976.0,ssp119_BC_off-road_striving,0.29617558379975184,ssp119,0.29617558379975184,0.0,non-CO2,BC,off-road,0.29617558379975184,0.0,0.0,1.0
1976.0,ssp119_BC_on-road_striving,0.29617558379975184,ssp119,0.29617558379975184,0.0,non-CO2,BC,on-road,0.29617558379975184,0.0,0.0,1.0
1976.0,ssp119_CH4_Marine_striving,0.29617558379975184,ssp119,0.29617558379975184,0.0,non-CO2,CH4,Marine,0.29617558379975184,0.0,0.0,1.0
1976.0,ssp119_CH4_off-road_striving,0.29617558379975184,ssp119,0.29617558379975184,0.0,non-CO2,CH4,off-road,0.29617558379975184,0.0,0.0,1.0
1976.0,ssp119_CH4_on-road_striving,0.29617558379975184,ssp119,0.29617558379975184,0.0,non-CO2,CH4,on-road,0.29617558379975184,0.0,0.0,1.0
1976.0,ssp119_CO2 FFI_Marine_striving,0.29617558379975184,ssp119,0.29617558379975184,0.0,CO2,CO2 FFI,Marine,0.29617558379975184,0.0,0.0,1.0
1976.0,ssp119_CO2 FFI_off-road_striving,0.29617558379975184,ssp119,0.29617558379975184,0.0,CO2,CO2 FFI,off-road,0.29617558379975184,0.0,0.0,1.0
1976.0,ssp119_CO2 FFI_on-road_striving,0.29617558379975184,ssp119,0.29617558379975184,0.0,CO2,CO2 FFI,on-road,0.29617558379975184,0.0,0.0,1.0
1976.0,ssp119_N2O_Marine_striving,0.29617558379975184,ssp119,0.29617558379975184,0.0,non-CO2,N2O,Marine,0.29617558379975184,0.0,0.0,1.0
1976.0,ssp119_N2O_off-road_striving,0.29617558379975184,ssp119,0.29617558379975184,0.0,non-CO2,N2O,off-road,0.29617558379975184,0.0,0.0,1.0
1976.0,ssp119_N2O_on-road_striving,0.29617558379975184,ssp119,0.29617558379975184,0.0,non-CO2,N2O,on-road,0.29617558379975184,0.0,0.0,1.0
1976.0,ssp119_Sulfur_Marine_striving,0.29617558379975184,ssp119,0.29617558379975184,0.0,non-CO2,Sulfur,Marine,0.29617558379975184,0.0,0.0,1.0
1976.0,ssp119_striving,0.29617558379975184,ssp119,0.29617558379975184,0.0,,,Other,,,,1.0
1976.0,ssp119_zero_tra,0.29617558379975184,ssp119,0.29617558379975184,0.0,,,Other,,,,1.0
1977.0,ssp119,0.33869525488384394,ssp119,0.33869525488384394,0.0,,,Other,,,,1.0
1977.0,ssp119_BC_Marine_striving,0.33869525488384394,ssp119,0.33869525488384394,0.0,non-CO2,BC,Marine,0.33869525488384394,0.0,0.0,1.0
1977.0,ssp119_BC_off-road_striving,0.33869525488384394,ssp119,0.33869525488384394,0.0,non-CO2,BC,off-road,0.33869525488384394,0.0,0.0,1.0
1977.0,ssp119_BC_on-road_striving,0.33869525488384394,ssp119,0.33869525488384394,0.0,non-CO2,BC,on-road,0.33869525488384394,0.0,0.0,1.0
1977.0,ssp119_CH4_Marine_striving,0.33869525488384394,ssp119,0.33869525488384394,0.0,non-CO2,CH4,Marine,0.33869525488384394,0.0,0.0,1.0
1977.0,ssp119_CH4_off-road_striving,0.33869525488384394,ssp119,0.33869525488384394,0.0,non-CO2,CH4,off-road,0.33869525488384394,0.0,0.0,1.0
1977.0,ssp119_CH4_on-road_striving,0.33869525488384394,ssp119,0.33869525488384394,0.0,non-CO2,CH4,on-road,0.33869525488384394,0.0,0.0,1.0
1977.0,ssp119_CO2 FFI_Marine_striving,0.33869525488384394,ssp119,0.33869525488384394,0.0,CO2,CO2 FFI,Marine,0.33869525488384394,0.0,0.0,1.0
1977.0,ssp119_CO2 FFI_off-road_striving,0.33869525488384394,ssp119,0.33869525488384394,0.0,CO2,CO2 FFI,off-road,0.33869525488384394,0.0,0.0,1.0
1977.0,ssp119_CO2 FFI_on-road_striving,0.33869525488384394,ssp119,0.33869525488384394,0.0,CO2,CO2 FFI,on-road,0.33869525488384394,0.0,0.0,1.0
1977.0,ssp119_N2O_Marine_striving,0.33869525488384394,ssp119,0.33869525488384394,0.0,non-CO2,N2O,Marine,0.33869525488384394,0.0,0.0,1.0
1977.0,ssp119_N2O_off-road_striving,0.33869525488384394,ssp119,0.33869525488384394,0.0,non-CO2,N2O,off-road,0.33869525488384394,0.0,0.0,1.0
1977.0,ssp119_N2O_on-road_striving,0.33869525488384394,ssp119,0.33869525488384394,0.0,non-CO2,N2O,on-road,0.33869525488384394,0.0,0.0,1.0
1977.0,ssp119_Sulfur_Marine_striving,0.33869525488384394,ssp119,0.33869525488384394,0.0,non-CO2,Sulfur,Marine,0.33869525488384394,0.0,0.0,1.0
1977.0,ssp119_striving,0.33869525488384394,ssp119,0.33869525488384394,0.0,,,Other,,,,1.0
1977.0,ssp119_zero_tra,0.33869525488384394,ssp119,0.33869525488384394,0.0,,,Other,,,,1.0
1978.0,ssp119,0.3926063996603109,ssp119,0.3926063996603109,0.0,,,Other,,,,1.0
1978.0,ssp119_BC_Marine_striving,0.3926063996603109,ssp119,0.3926063996603109,0.0,non-CO2,BC,Marine,0.3926063996603109,0.0,0.0,1.0
1978.0,ssp119_BC_off-road_striving,0.3926063996603109,ssp119,0.3926063996603109,0.0,non-CO2,BC,off-road,0.3926063996603109,0.0,0.0,1.0
1978.0,ssp119_BC_on-road_striving,0.3926063996603109,ssp119,0.3926063996603109,0.0,non-CO2,BC,on-road,0.3926063996603109,0.0,0.0,1.0
1978.0,ssp119_CH4_Marine_striving,0.3926063996603109,ssp119,0.3926063996603109,0.0,non-CO2,CH4,Marine,0.3926063996603109,0.0,0.0,1.0
1978.0,ssp119_CH4_off-road_striving,0.3926063996603109,ssp119,0.3926063996603109,0.0,non-CO2,CH4,off-road,0.3926063996603109,0.0,0.0,1.0
1978.0,ssp119_CH4_on-road_striving,0.3926063996603109,ssp119,0.3926063996603109,0.0,non-CO2,CH4,on-road,0.3926063996603109,0.0,0.0,1.0
1978.0,ssp119_CO2 FFI_Marine_striving,0.3926063996603109,ssp119,0.3926063996603109,0.0,CO2,CO2 FFI,Marine,0.3926063996603109,0.0,0.0,1.0
1978.0,ssp119_CO2 FFI_off-road_striving,0.3926063996603109,ssp119,0.3926063996603109,0.0,CO2,CO2 FFI,off-road,0.3926063996603109,0.0,0.0,1.0
1978.0,ssp119_CO2 FFI_on-road_striving,0.3926063996603109,ssp119,0.3926063996603109,0.0,CO2,CO2 FFI,on-road,0.3926063996603109,0.0,0.0,1.0
1978.0,ssp119_N2O_Marine_striving,0.3926063996603109,ssp119,0.3926063996603109,0.0,non-CO2,N2O,Marine,0.3926063996603109,0.0,0.0,1.0
1978.0,ssp119_N2O_off-road_striving,0.3926063996603109,ssp119,0.3926063996603109,0.0,non-CO2,N2O,off-road,0.3926063996603109,0.0,0.0,1.0
1978.0,ssp119_N2O_on-road_striving,0.3926063996603109,ssp119,0.3926063996603109,0.0,non-CO2,N2O,on-road,0.3926063996603109,0.0,0.0,1.0
1978.0,ssp119_Sulfur_Marine_striving,0.3926063996603109,ssp119,0.3926063996603109,0.0,non-CO2,Sulfur,Marine,0.3926063996603109,0.0,0.0,1.0
1978.0,ssp119_striving,0.3926063996603109,ssp119,0.3926063996603109,0.0,,,Other,,,,1.0
1978.0,ssp119_zero_tra,0.3926063996603109,ssp119,0.3926063996603109,0.0,,,Other,,,,1.0
1979.0,ssp119,0.4092374914249064,ssp119,0.4092374914249064,0.0,,,Other,,,,1.0
1979.0,ssp119_BC_Marine_striving,0.4092374914249064,ssp119,0.4092374914249064,0.0,non-CO2,BC,Marine,0.4092374914249064,0.0,0.0,1.0
1979.0,ssp119_BC_off-road_striving,0.4092374914249064,ssp119,0.4092374914249064,0.0,non-CO2,BC,off-road,0.4092374914249064,0.0,0.0,1.0
1979.0,ssp119_BC_on-road_striving,0.4092374914249064,ssp119,0.4092374914249064,0.0,non-CO2,BC,on-road,0.4092374914249064,0.0,0.0,1.0
1979.0,ssp119_CH4_Marine_striving,0.4092374914249064,ssp119,0.4092374914249064,0.0,non-CO2,CH4,Marine,0.4092374914249064,0.0,0.0,1.0
1979.0,ssp119_CH4_off-road_striving,0.4092374914249064,ssp119,0.4092374914249064,0.0,non-CO2,CH4,off-road,0.4092374914249064,0.0,0.0,1.0
1979.0,ssp119_CH4_on-road_striving,0.4092374914249064,ssp119,0.4092374914249064,0.0,non-CO2,CH4,on-road,0.4092374914249064,0.0,0.0,1.0
1979.0,ssp119_CO2 FFI_Marine_striving,0.4092374914249064,ssp119,0.4092374914249064,0.0,CO2,CO2 FFI,Marine,0.4092374914249064,0.0,0.0,1.0
1979.0,ssp119_CO2 FFI_off-road_striving,0.4092374914249064,ssp119,0.4092374914249064,0.0,CO2,CO2 FFI,off-road,0.4092374914249064,0.0,0.0,1.0
1979.0,ssp119_CO2 FFI_on-road_striving,0.4092374914249064,ssp119,0.4092374914249064,0.0,CO2,CO2 FFI,on-road,0.4092374914249064,0.0,0.0,1.0
1979.0,ssp119_N2O_Marine_striving,0.4092374914249064,ssp119,0.4092374914249064,0.0,non-CO2,N2O,Marine,0.4092374914249064,0.0,0.0,1.0
1979.0,ssp119_N2O_off-road_striving,0.4092374914249064,ssp119,0.4092374914249064,0.0,non-CO2,N2O,off-road,0.4092374914249064,0.0,0.0,1.0
1979.0,ssp119_N2O_on-road_striving,0.4092374914249064,ssp119,0.4092374914249064,0.0,non-CO2,N2O,on-road,0.4092374914249064,0.0,0.0,1.0
1979.0,ssp119_Sulfur_Marine_striving,0.4092374914249064,ssp119,0.4092374914249064,0.0,non-CO2,Sulfur,Marine,0.4092374914249064,0.0,0.0,1.0
1979.0,ssp119_striving,0.4092374914249064,ssp119,0.4092374914249064,0.0,,,Other,,,,1.0
1979.0,ssp119_zero_tra,0.4092374914249064,ssp119,0.4092374914249064,0.0,,,Other,,,,1.0
1980.0,ssp119,0.4683477549122562,ssp119,0.4683477549122562,0.0,,,Other,,,,1.0
1980.0,ssp119_BC_Marine_striving,0.4683477549122562,ssp119,0.4683477549122562,0.0,non-CO2,BC,Marine,0.4683477549122562,0.0,0.0,1.0
1980.0,ssp119_BC_off-road_striving,0.4683477549122562,ssp119,0.4683477549122562,0.0,non-CO2,BC,off-road,0.4683477549122562,0.0,0.0,1.0
1980.0,ssp119_BC_on-road_striving,0.4683477549122562,ssp119,0.4683477549122562,0.0,non-CO2,BC,on-road,0.4683477549122562,0.0,0.0,1.0
1980.0,ssp119_CH4_Marine_striving,0.4683477549122562,ssp119,0.4683477549122562,0.0,non-CO2,CH4,Marine,0.4683477549122562,0.0,0.0,1.0
1980.0,ssp119_CH4_off-road_striving,0.4683477549122562,ssp119,0.4683477549122562,0.0,non-CO2,CH4,off-road,0.4683477549122562,0.0,0.0,1.0
1980.0,ssp119_CH4_on-road_striving,0.4683477549122562,ssp119,0.4683477549122562,0.0,non-CO2,CH4,on-road,0.4683477549122562,0.0,0.0,1.0
1980.0,ssp119_CO2 FFI_Marine_striving,0.4683477549122562,ssp119,0.4683477549122562,0.0,CO2,CO2 FFI,Marine,0.4683477549122562,0.0,0.0,1.0
1980.0,ssp119_CO2 FFI_off-road_striving,0.4683477549122562,ssp119,0.4683477549122562,0.0,CO2,CO2 FFI,off-road,0.4683477549122562,0.0,0.0,1.0
1980.0,ssp119_CO2 FFI_on-road_striving,0.4683477549122562,ssp119,0.4683477549122562,0.0,CO2,CO2 FFI,on-road,0.4683477549122562,0.0,0.0,1.0
1980.0,ssp119_N2O_Marine_striving,0.4683477549122562,ssp119,0.4683477549122562,0.0,non-CO2,N2O,Marine,0.4683477549122562,0.0,0.0,1.0
1980.0,ssp119_N2O_off-road_striving,0.4683477549122562,ssp119,0.4683477549122562,0.0,non-CO2,N2O,off-road,0.4683477549122562,0.0,0.0,1.0
1980.0,ssp119_N2O_on-road_striving,0.4683477549122562,ssp119,0.4683477549122562,0.0,non-CO2,N2O,on-road,0.4683477549122562,0.0,0.0,1.0
1980.0,ssp119_Sulfur_Marine_striving,0.4683477549122562,ssp119,0.4683477549122562,0.0,non-CO2,Sulfur,Marine,0.4683477549122562,0.0,0.0,1.0
1980.0,ssp119_striving,0.4683477549122562,ssp119,0.4683477549122562,0.0,,,Other,,,,1.0
1980.0,ssp119_zero_tra,0.4683477549122562,ssp119,0.4683477549122562,0.0,,,Other,,,,1.0
1981.0,ssp119,0.46965485016102504,ssp119,0.46965485016102504,0.0,,,Other,,,,1.0
1981.0,ssp119_BC_Marine_striving,0.46965485016102504,ssp119,0.46965485016102504,0.0,non-CO2,BC,Marine,0.46965485016102504,0.0,0.0,1.0
1981.0,ssp119_BC_off-road_striving,0.46965485016102504,ssp119,0.46965485016102504,0.0,non-CO2,BC,off-road,0.46965485016102504,0.0,0.0,1.0
1981.0,ssp119_BC_on-road_striving,0.46965485016102504,ssp119,0.46965485016102504,0.0,non-CO2,BC,on-road,0.46965485016102504,0.0,0.0,1.0
1981.0,ssp119_CH4_Marine_striving,0.46965485016102504,ssp119,0.46965485016102504,0.0,non-CO2,CH4,Marine,0.46965485016102504,0.0,0.0,1.0
1981.0,ssp119_CH4_off-road_striving,0.46965485016102504,ssp119,0.46965485016102504,0.0,non-CO2,CH4,off-road,0.46965485016102504,0.0,0.0,1.0
1981.0,ssp119_CH4_on-road_striving,0.46965485016102504,ssp119,0.46965485016102504,0.0,non-CO2,CH4,on-road,0.46965485016102504,0.0,0.0,1.0
1981.0,ssp119_CO2 FFI_Marine_striving,0.46965485016102504,ssp119,0.46965485016102504,0.0,CO2,CO2 FFI,Marine,0.46965485016102504,0.0,0.0,1.0
1981.0,ssp119_CO2 FFI_off-road_striving,0.46965485016102504,ssp119,0.46965485016102504,0.0,CO2,CO2 FFI,off-road,0.46965485016102504,0.0,0.0,1.0
1981.0,ssp119_CO2 FFI_on-road_striving,0.46965485016102504,ssp119,0.46965485016102504,0.0,CO2,CO2 FFI,on-road,0.46965485016102504,0.0,0.0,1.0
1981.0,ssp119_N2O_Marine_striving,0.46965485016102504,ssp119,0.46965485016102504,0.0,non-CO2,N2O,Marine,0.46965485016102504,0.0,0.0,1.0
1981.0,ssp119_N2O_off-road_striving,0.46965485016102504,ssp119,0.46965485016102504,0.0,non-CO2,N2O,off-road,0.46965485016102504,0.0,0.0,1.0
1981.0,ssp119_N2O_on-road_striving,0.46965485016102504,ssp119,0.46965485016102504,0.0,non-CO2,N2O,on-road,0.46965485016102504,0.0,0.0,1.0
1981.0,ssp119_Sulfur_Marine_striving,0.46965485016102504,ssp119,0.46965485016102504,0.0,non-CO2,Sulfur,Marine,0.46965485016102504,0.0,0.0,1.0
1981.0,ssp119_striving,0.46965485016102504,ssp119,0.46965485016102504,0.0,,,Other,,,,1.0
1981.0,ssp119_zero_tra,0.46965485016102504,ssp119,0.46965485016102504,0.0,,,Other,,,,1.0
1982.0,ssp119,0.48029360928599596,ssp119,0.48029360928599596,0.0,,,Other,,,,1.0
1982.0,ssp119_BC_Marine_striving,0.48029360928599596,ssp119,0.48029360928599596,0.0,non-CO2,BC,Marine,0.48029360928599596,0.0,0.0,1.0
1982.0,ssp119_BC_off-road_striving,0.48029360928599596,ssp119,0.48029360928599596,0.0,non-CO2,BC,off-road,0.48029360928599596,0.0,0.0,1.0
1982.0,ssp119_BC_on-road_striving,0.48029360928599596,ssp119,0.48029360928599596,0.0,non-CO2,BC,on-road,0.48029360928599596,0.0,0.0,1.0
1982.0,ssp119_CH4_Marine_striving,0.48029360928599596,ssp119,0.48029360928599596,0.0,non-CO2,CH4,Marine,0.48029360928599596,0.0,0.0,1.0
1982.0,ssp119_CH4_off-road_striving,0.48029360928599596,ssp119,0.48029360928599596,0.0,non-CO2,CH4,off-road,0.48029360928599596,0.0,0.0,1.0
1982.0,ssp119_CH4_on-road_striving,0.48029360928599596,ssp119,0.48029360928599596,0.0,non-CO2,CH4,on-road,0.48029360928599596,0.0,0.0,1.0
1982.0,ssp119_CO2 FFI_Marine_striving,0.48029360928599596,ssp119,0.48029360928599596,0.0,CO2,CO2 FFI,Marine,0.48029360928599596,0.0,0.0,1.0
1982.0,ssp119_CO2 FFI_off-road_striving,0.48029360928599596,ssp119,0.48029360928599596,0.0,CO2,CO2 FFI,off-road,0.48029360928599596,0.0,0.0,1.0
1982.0,ssp119_CO2 FFI_on-road_striving,0.48029360928599596,ssp119,0.48029360928599596,0.0,CO2,CO2 FFI,on-road,0.48029360928599596,0.0,0.0,1.0
1982.0,ssp119_N2O_Marine_striving,0.48029360928599596,ssp119,0.48029360928599596,0.0,non-CO2,N2O,Marine,0.48029360928599596,0.0,0.0,1.0
1982.0,ssp119_N2O_off-road_striving,0.48029360928599596,ssp119,0.48029360928599596,0.0,non-CO2,N2O,off-road,0.48029360928599596,0.0,0.0,1.0
1982.0,ssp119_N2O_on-road_striving,0.48029360928599596,ssp119,0.48029360928599596,0.0,non-CO2,N2O,on-road,0.48029360928599596,0.0,0.0,1.0
1982.0,ssp119_Sulfur_Marine_striving,0.48029360928599596,ssp119,0.48029360928599596,0.0,non-CO2,Sulfur,Marine,0.48029360928599596,0.0,0.0,1.0
1982.0,ssp119_striving,0.48029360928599596,ssp119,0.48029360928599596,0.0,,,Other,,,,1.0
1982.0,ssp119_zero_tra,0.48029360928599596,ssp119,0.48029360928599596,0.0,,,Other,,,,1.0
1983.0,ssp119,0.4359407310524635,ssp119,0.4359407310524635,0.0,,,Other,,,,1.0
1983.0,ssp119_BC_Marine_striving,0.4359407310524635,ssp119,0.4359407310524635,0.0,non-CO2,BC,Marine,0.4359407310524635,0.0,0.0,1.0
1983.0,ssp119_BC_off-road_striving,0.4359407310524635,ssp119,0.4359407310524635,0.0,non-CO2,BC,off-road,0.4359407310524635,0.0,0.0,1.0
1983.0,ssp119_BC_on-road_striving,0.4359407310524635,ssp119,0.4359407310524635,0.0,non-CO2,BC,on-road,0.4359407310524635,0.0,0.0,1.0
1983.0,ssp119_CH4_Marine_striving,0.4359407310524635,ssp119,0.4359407310524635,0.0,non-CO2,CH4,Marine,0.4359407310524635,0.0,0.0,1.0
1983.0,ssp119_CH4_off-road_striving,0.4359407310524635,ssp119,0.4359407310524635,0.0,non-CO2,CH4,off-road,0.4359407310524635,0.0,0.0,1.0
1983.0,ssp119_CH4_on-road_striving,0.4359407310524635,ssp119,0.4359407310524635,0.0,non-CO2,CH4,on-road,0.4359407310524635,0.0,0.0,1.0
1983.0,ssp119_CO2 FFI_Marine_striving,0.4359407310524635,ssp119,0.4359407310524635,0.0,CO2,CO2 FFI,Marine,0.4359407310524635,0.0,0.0,1.0
1983.0,ssp119_CO2 FFI_off-road_striving,0.4359407310524635,ssp119,0.4359407310524635,0.0,CO2,CO2 FFI,off-road,0.4359407310524635,0.0,0.0,1.0
1983.0,ssp119_CO2 FFI_on-road_striving,0.4359407310524635,ssp119,0.4359407310524635,0.0,CO2,CO2 FFI,on-road,0.4359407310524635,0.0,0.0,1.0
1983.0,ssp119_N2O_Marine_striving,0.4359407310524635,ssp119,0.4359407310524635,0.0,non-CO2,N2O,Marine,0.4359407310524635,0.0,0.0,1.0
1983.0,ssp119_N2O_off-road_striving,0.4359407310524635,ssp119,0.4359407310524635,0.0,non-CO2,N2O,off-road,0.4359407310524635,0.0,0.0,1.0
1983.0,ssp119_N2O_on-road_striving,0.4359407310524635,ssp119,0.4359407310524635,0.0,non-CO2,N2O,on-road,0.4359407310524635,0.0,0.0,1.0
1983.0,ssp119_Sulfur_Marine_striving,0.4359407310524635,ssp119,0.4359407310524635,0.0,non-CO2,Sulfur,Marine,0.4359407310524635,0.0,0.0,1.0
1983.0,ssp119_striving,0.4359407310524635,ssp119,0.4359407310524635,0.0,,,Other,,,,1.0
1983.0,ssp119_zero_tra,0.4359407310524635,ssp119,0.4359407310524635,0.0,,,Other,,,,1.0
1984.0,ssp119,0.38846386237364433,ssp119,0.38846386237364433,0.0,,,Other,,,,1.0
1984.0,ssp119_BC_Marine_striving,0.38846386237364433,ssp119,0.38846386237364433,0.0,non-CO2,BC,Marine,0.38846386237364433,0.0,0.0,1.0
1984.0,ssp119_BC_off-road_striving,0.38846386237364433,ssp119,0.38846386237364433,0.0,non-CO2,BC,off-road,0.38846386237364433,0.0,0.0,1.0
1984.0,ssp119_BC_on-road_striving,0.38846386237364433,ssp119,0.38846386237364433,0.0,non-CO2,BC,on-road,0.38846386237364433,0.0,0.0,1.0
1984.0,ssp119_CH4_Marine_striving,0.38846386237364433,ssp119,0.38846386237364433,0.0,non-CO2,CH4,Marine,0.38846386237364433,0.0,0.0,1.0
1984.0,ssp119_CH4_off-road_striving,0.38846386237364433,ssp119,0.38846386237364433,0.0,non-CO2,CH4,off-road,0.38846386237364433,0.0,0.0,1.0
1984.0,ssp119_CH4_on-road_striving,0.38846386237364433,ssp119,0.38846386237364433,0.0,non-CO2,CH4,on-road,0.38846386237364433,0.0,0.0,1.0
1984.0,ssp119_CO2 FFI_Marine_striving,0.38846386237364433,ssp119,0.38846386237364433,0.0,CO2,CO2 FFI,Marine,0.38846386237364433,0.0,0.0,1.0
1984.0,ssp119_CO2 FFI_off-road_striving,0.38846386237364433,ssp119,0.38846386237364433,0.0,CO2,CO2 FFI,off-road,0.38846386237364433,0.0,0.0,1.0
1984.0,ssp119_CO2 FFI_on-road_striving,0.38846386237364433,ssp119,0.38846386237364433,0.0,CO2,CO2 FFI,on-road,0.38846386237364433,0.0,0.0,1.0
1984.0,ssp119_N2O_Marine_striving,0.38846386237364433,ssp119,0.38846386237364433,0.0,non-CO2,N2O,Marine,0.38846386237364433,0.0,0.0,1.0
1984.0,ssp119_N2O_off-road_striving,0.38846386237364433,ssp119,0.38846386237364433,0.0,non-CO2,N2O,off-road,0.38846386237364433,0.0,0.0,1.0
1984.0,ssp119_N2O_on-road_striving,0.38846386237364433,ssp119,0.38846386237364433,0.0,non-CO2,N2O,on-road,0.38846386237364433,0.0,0.0,1.0
1984.0,ssp119_Sulfur_Marine_striving,0.38846386237364433,ssp119,0.38846386237364433,0.0,non-CO2,Sulfur,Marine,0.38846386237364433,0.0,0.0,1.0
1984.0,ssp119_striving,0.38846386237364433,ssp119,0.38846386237364433,0.0,,,Other,,,,1.0
1984.0,ssp119_zero_tra,0.38846386237364433,ssp119,0.38846386237364433,0.0,,,Other,,,,1.0
1985.0,ssp119,0.39427301964983585,ssp119,0.39427301964983585,0.0,,,Other,,,,1.0
1985.0,ssp119_BC_Marine_striving,0.39427301964983585,ssp119,0.39427301964983585,0.0,non-CO2,BC,Marine,0.39427301964983585,0.0,0.0,1.0
1985.0,ssp119_BC_off-road_striving,0.39427301964983585,ssp119,0.39427301964983585,0.0,non-CO2,BC,off-road,0.39427301964983585,0.0,0.0,1.0
1985.0,ssp119_BC_on-road_striving,0.39427301964983585,ssp119,0.39427301964983585,0.0,non-CO2,BC,on-road,0.39427301964983585,0.0,0.0,1.0
1985.0,ssp119_CH4_Marine_striving,0.39427301964983585,ssp119,0.39427301964983585,0.0,non-CO2,CH4,Marine,0.39427301964983585,0.0,0.0,1.0
1985.0,ssp119_CH4_off-road_striving,0.39427301964983585,ssp119,0.39427301964983585,0.0,non-CO2,CH4,off-road,0.39427301964983585,0.0,0.0,1.0
1985.0,ssp119_CH4_on-road_striving,0.39427301964983585,ssp119,0.39427301964983585,0.0,non-CO2,CH4,on-road,0.39427301964983585,0.0,0.0,1.0
1985.0,ssp119_CO2 FFI_Marine_striving,0.39427301964983585,ssp119,0.39427301964983585,0.0,CO2,CO2 FFI,Marine,0.39427301964983585,0.0,0.0,1.0
1985.0,ssp119_CO2 FFI_off-road_striving,0.39427301964983585,ssp119,0.39427301964983585,0.0,CO2,CO2 FFI,off-road,0.39427301964983585,0.0,0.0,1.0
1985.0,ssp119_CO2 FFI_on-road_striving,0.39427301964983585,ssp119,0.39427301964983585,0.0,CO2,CO2 FFI,on-road,0.39427301964983585,0.0,0.0,1.0
1985.0,ssp119_N2O_Marine_striving,0.39427301964983585,ssp119,0.39427301964983585,0.0,non-CO2,N2O,Marine,0.39427301964983585,0.0,0.0,1.0
1985.0,ssp119_N2O_off-road_striving,0.39427301964983585,ssp119,0.39427301964983585,0.0,non-CO2,N2O,off-road,0.39427301964983585,0.0,0.0,1.0
1985.0,ssp119_N2O_on-road_striving,0.39427301964983585,ssp119,0.39427301964983585,0.0,non-CO2,N2O,on-road,0.39427301964983585,0.0,0.0,1.0
1985.0,ssp119_Sulfur_Marine_striving,0.39427301964983585,ssp119,0.39427301964983585,0.0,non-CO2,Sulfur,Marine,0.39427301964983585,0.0,0.0,1.0
1985.0,ssp119_striving,0.39427301964983585,ssp119,0.39427301964983585,0.0,,,Other,,,,1.0
1985.0,ssp119_zero_tra,0.39427301964983585,ssp119,0.39427301964983585,0.0,,,Other,,,,1.0
1986.0,ssp119,0.43995980528682466,ssp119,0.43995980528682466,0.0,,,Other,,,,1.0
1986.0,ssp119_BC_Marine_striving,0.43995980528682466,ssp119,0.43995980528682466,0.0,non-CO2,BC,Marine,0.43995980528682466,0.0,0.0,1.0
1986.0,ssp119_BC_off-road_striving,0.43995980528682466,ssp119,0.43995980528682466,0.0,non-CO2,BC,off-road,0.43995980528682466,0.0,0.0,1.0
1986.0,ssp119_BC_on-road_striving,0.43995980528682466,ssp119,0.43995980528682466,0.0,non-CO2,BC,on-road,0.43995980528682466,0.0,0.0,1.0
1986.0,ssp119_CH4_Marine_striving,0.43995980528682466,ssp119,0.43995980528682466,0.0,non-CO2,CH4,Marine,0.43995980528682466,0.0,0.0,1.0
1986.0,ssp119_CH4_off-road_striving,0.43995980528682466,ssp119,0.43995980528682466,0.0,non-CO2,CH4,off-road,0.43995980528682466,0.0,0.0,1.0
1986.0,ssp119_CH4_on-road_striving,0.43995980528682466,ssp119,0.43995980528682466,0.0,non-CO2,CH4,on-road,0.43995980528682466,0.0,0.0,1.0
1986.0,ssp119_CO2 FFI_Marine_striving,0.43995980528682466,ssp119,0.43995980528682466,0.0,CO2,CO2 FFI,Marine,0.43995980528682466,0.0,0.0,1.0
1986.0,ssp119_CO2 FFI_off-road_striving,0.43995980528682466,ssp119,0.43995980528682466,0.0,CO2,CO2 FFI,off-road,0.43995980528682466,0.0,0.0,1.0
1986.0,ssp119_CO2 FFI_on-road_striving,0.43995980528682466,ssp119,0.43995980528682466,0.0,CO2,CO2 FFI,on-road,0.43995980528682466,0.0,0.0,1.0
1986.0,ssp119_N2O_Marine_striving,0.43995980528682466,ssp119,0.43995980528682466,0.0,non-CO2,N2O,Marine,0.43995980528682466,0.0,0.0,1.0
1986.0,ssp119_N2O_off-road_striving,0.43995980528682466,ssp119,0.43995980528682466,0.0,non-CO2,N2O,off-road,0.43995980528682466,0.0,0.0,1.0
1986.0,ssp119_N2O_on-road_striving,0.43995980528682466,ssp119,0.43995980528682466,0.0,non-CO2,N2O,on-road,0.43995980528682466,0.0,0.0,1.0
1986.0,ssp119_Sulfur_Marine_striving,0.43995980528682466,ssp119,0.43995980528682466,0.0,non-CO2,Sulfur,Marine,0.43995980528682466,0.0,0.0,1.0
1986.0,ssp119_striving,0.43995980528682466,ssp119,0.43995980528682466,0.0,,,Other,,,,1.0
1986.0,ssp119_zero_tra,0.43995980528682466,ssp119,0.43995980528682466,0.0,,,Other,,,,1.0
1987.0,ssp119,0.4986013606939808,ssp119,0.4986013606939808,0.0,,,Other,,,,1.0
1987.0,ssp119_BC_Marine_striving,0.4986013606939808,ssp119,0.4986013606939808,0.0,non-CO2,BC,Marine,0.4986013606939808,0.0,0.0,1.0
1987.0,ssp119_BC_off-road_striving,0.4986013606939808,ssp119,0.4986013606939808,0.0,non-CO2,BC,off-road,0.4986013606939808,0.0,0.0,1.0
1987.0,ssp119_BC_on-road_striving,0.4986013606939808,ssp119,0.4986013606939808,0.0,non-CO2,BC,on-road,0.4986013606939808,0.0,0.0,1.0
1987.0,ssp119_CH4_Marine_striving,0.4986013606939808,ssp119,0.4986013606939808,0.0,non-CO2,CH4,Marine,0.4986013606939808,0.0,0.0,1.0
1987.0,ssp119_CH4_off-road_striving,0.4986013606939808,ssp119,0.4986013606939808,0.0,non-CO2,CH4,off-road,0.4986013606939808,0.0,0.0,1.0
1987.0,ssp119_CH4_on-road_striving,0.4986013606939808,ssp119,0.4986013606939808,0.0,non-CO2,CH4,on-road,0.4986013606939808,0.0,0.0,1.0
1987.0,ssp119_CO2 FFI_Marine_striving,0.4986013606939808,ssp119,0.4986013606939808,0.0,CO2,CO2 FFI,Marine,0.4986013606939808,0.0,0.0,1.0
1987.0,ssp119_CO2 FFI_off-road_striving,0.4986013606939808,ssp119,0.4986013606939808,0.0,CO2,CO2 FFI,off-road,0.4986013606939808,0.0,0.0,1.0
1987.0,ssp119_CO2 FFI_on-road_striving,0.4986013606939808,ssp119,0.4986013606939808,0.0,CO2,CO2 FFI,on-road,0.4986013606939808,0.0,0.0,1.0
1987.0,ssp119_N2O_Marine_striving,0.4986013606939808,ssp119,0.4986013606939808,0.0,non-CO2,N2O,Marine,0.4986013606939808,0.0,0.0,1.0
1987.0,ssp119_N2O_off-road_striving,0.4986013606939808,ssp119,0.4986013606939808,0.0,non-CO2,N2O,off-road,0.4986013606939808,0.0,0.0,1.0
1987.0,ssp119_N2O_on-road_striving,0.4986013606939808,ssp119,0.4986013606939808,0.0,non-CO2,N2O,on-road,0.4986013606939808,0.0,0.0,1.0
1987.0,ssp119_Sulfur_Marine_striving,0.4986013606939808,ssp119,0.4986013606939808,0.0,non-CO2,Sulfur,Marine,0.4986013606939808,0.0,0.0,1.0
1987.0,ssp119_striving,0.4986013606939808,ssp119,0.4986013606939808,0.0,,,Other,,,,1.0
1987.0,ssp119_zero_tra,0.4986013606939808,ssp119,0.4986013606939808,0.0,,,Other,,,,1.0
1988.0,ssp119,0.5509537638444352,ssp119,0.5509537638444352,0.0,,,Other,,,,1.0
1988.0,ssp119_BC_Marine_striving,0.5509537638444352,ssp119,0.5509537638444352,0.0,non-CO2,BC,Marine,0.5509537638444352,0.0,0.0,1.0
1988.0,ssp119_BC_off-road_striving,0.5509537638444352,ssp119,0.5509537638444352,0.0,non-CO2,BC,off-road,0.5509537638444352,0.0,0.0,1.0
1988.0,ssp119_BC_on-road_striving,0.5509537638444352,ssp119,0.5509537638444352,0.0,non-CO2,BC,on-road,0.5509537638444352,0.0,0.0,1.0
1988.0,ssp119_CH4_Marine_striving,0.5509537638444352,ssp119,0.5509537638444352,0.0,non-CO2,CH4,Marine,0.5509537638444352,0.0,0.0,1.0
1988.0,ssp119_CH4_off-road_striving,0.5509537638444352,ssp119,0.5509537638444352,0.0,non-CO2,CH4,off-road,0.5509537638444352,0.0,0.0,1.0
1988.0,ssp119_CH4_on-road_striving,0.5509537638444352,ssp119,0.5509537638444352,0.0,non-CO2,CH4,on-road,0.5509537638444352,0.0,0.0,1.0
1988.0,ssp119_CO2 FFI_Marine_striving,0.5509537638444352,ssp119,0.5509537638444352,0.0,CO2,CO2 FFI,Marine,0.5509537638444352,0.0,0.0,1.0
1988.0,ssp119_CO2 FFI_off-road_striving,0.5509537638444352,ssp119,0.5509537638444352,0.0,CO2,CO2 FFI,off-road,0.5509537638444352,0.0,0.0,1.0
1988.0,ssp119_CO2 FFI_on-road_striving,0.5509537638444352,ssp119,0.5509537638444352,0.0,CO2,CO2 FFI,on-road,0.5509537638444352,0.0,0.0,1.0
1988.0,ssp119_N2O_Marine_striving,0.5509537638444352,ssp119,0.5509537638444352,0.0,non-CO2,N2O,Marine,0.5509537638444352,0.0,0.0,1.0
1988.0,ssp119_N2O_off-road_striving,0.5509537638444352,ssp119,0.5509537638444352,0.0,non-CO2,N2O,off-road,0.5509537638444352,0.0,0.0,1.0
1988.0,ssp119_N2O_on-road_striving,0.5509537638444352,ssp119,0.5509537638444352,0.0,non-CO2,N2O,on-road,0.5509537638444352,0.0,0.0,1.0
1988.0,ssp119_Sulfur_Marine_striving,0.5509537638444352,ssp119,0.5509537638444352,0.0,non-CO2,Sulfur,Marine,0.5509537638444352,0.0,0.0,1.0
1988.0,ssp119_striving,0.5509537638444352,ssp119,0.5509537638444352,0.0,,,Other,,,,1.0
1988.0,ssp119_zero_tra,0.5509537638444352,ssp119,0.5509537638444352,0.0,,,Other,,,,1.0
1989.0,ssp119,0.5950154064701877,ssp119,0.5950154064701877,0.0,,,Other,,,,1.0
1989.0,ssp119_BC_Marine_striving,0.5950154064701877,ssp119,0.5950154064701877,0.0,non-CO2,BC,Marine,0.5950154064701877,0.0,0.0,1.0
1989.0,ssp119_BC_off-road_striving,0.5950154064701877,ssp119,0.5950154064701877,0.0,non-CO2,BC,off-road,0.5950154064701877,0.0,0.0,1.0
1989.0,ssp119_BC_on-road_striving,0.5950154064701877,ssp119,0.5950154064701877,0.0,non-CO2,BC,on-road,0.5950154064701877,0.0,0.0,1.0
1989.0,ssp119_CH4_Marine_striving,0.5950154064701877,ssp119,0.5950154064701877,0.0,non-CO2,CH4,Marine,0.5950154064701877,0.0,0.0,1.0
1989.0,ssp119_CH4_off-road_striving,0.5950154064701877,ssp119,0.5950154064701877,0.0,non-CO2,CH4,off-road,0.5950154064701877,0.0,0.0,1.0
1989.0,ssp119_CH4_on-road_striving,0.5950154064701877,ssp119,0.5950154064701877,0.0,non-CO2,CH4,on-road,0.5950154064701877,0.0,0.0,1.0
1989.0,ssp119_CO2 FFI_Marine_striving,0.5950154064701877,ssp119,0.5950154064701877,0.0,CO2,CO2 FFI,Marine,0.5950154064701877,0.0,0.0,1.0
1989.0,ssp119_CO2 FFI_off-road_striving,0.5950154064701877,ssp119,0.5950154064701877,0.0,CO2,CO2 FFI,off-road,0.5950154064701877,0.0,0.0,1.0
1989.0,ssp119_CO2 FFI_on-road_striving,0.5950154064701877,ssp119,0.5950154064701877,0.0,CO2,CO2 FFI,on-road,0.5950154064701877,0.0,0.0,1.0
1989.0,ssp119_N2O_Marine_striving,0.5950154064701877,ssp119,0.5950154064701877,0.0,non-CO2,N2O,Marine,0.5950154064701877,0.0,0.0,1.0
1989.0,ssp119_N2O_off-road_striving,0.5950154064701877,ssp119,0.5950154064701877,0.0,non-CO2,N2O,off-road,0.5950154064701877,0.0,0.0,1.0
1989.0,ssp119_N2O_on-road_striving,0.5950154064701877,ssp119,0.5950154064701877,0.0,non-CO2,N2O,on-road,0.5950154064701877,0.0,0.0,1.0
1989.0,ssp119_Sulfur_Marine_striving,0.5950154064701877,ssp119,0.5950154064701877,0.0,non-CO2,Sulfur,Marine,0.5950154064701877,0.0,0.0,1.0
1989.0,ssp119_striving,0.5950154064701877,ssp119,0.5950154064701877,0.0,,,Other,,,,1.0
1989.0,ssp119_zero_tra,0.5950154064701877,ssp119,0.5950154064701877,0.0,,,Other,,,,1.0
1990.0,ssp119,0.6475330784363069,ssp119,0.6475330784363069,0.0,,,Other,,,,1.0
1990.0,ssp119_BC_Marine_striving,0.6475330784363069,ssp119,0.6475330784363069,0.0,non-CO2,BC,Marine,0.6475330784363069,0.0,0.0,1.0
1990.0,ssp119_BC_off-road_striving,0.6475330784363069,ssp119,0.6475330784363069,0.0,non-CO2,BC,off-road,0.6475330784363069,0.0,0.0,1.0
1990.0,ssp119_BC_on-road_striving,0.6475330784363069,ssp119,0.6475330784363069,0.0,non-CO2,BC,on-road,0.6475330784363069,0.0,0.0,1.0
1990.0,ssp119_CH4_Marine_striving,0.6475330784363069,ssp119,0.6475330784363069,0.0,non-CO2,CH4,Marine,0.6475330784363069,0.0,0.0,1.0
1990.0,ssp119_CH4_off-road_striving,0.6475330784363069,ssp119,0.6475330784363069,0.0,non-CO2,CH4,off-road,0.6475330784363069,0.0,0.0,1.0
1990.0,ssp119_CH4_on-road_striving,0.6475330784363069,ssp119,0.6475330784363069,0.0,non-CO2,CH4,on-road,0.6475330784363069,0.0,0.0,1.0
1990.0,ssp119_CO2 FFI_Marine_striving,0.6475330784363069,ssp119,0.6475330784363069,0.0,CO2,CO2 FFI,Marine,0.6475330784363069,0.0,0.0,1.0
1990.0,ssp119_CO2 FFI_off-road_striving,0.6475330784363069,ssp119,0.6475330784363069,0.0,CO2,CO2 FFI,off-road,0.6475330784363069,0.0,0.0,1.0
1990.0,ssp119_CO2 FFI_on-road_striving,0.6475330784363069,ssp119,0.6475330784363069,0.0,CO2,CO2 FFI,on-road,0.6475330784363069,0.0,0.0,1.0
1990.0,ssp119_N2O_Marine_striving,0.6475330784363069,ssp119,0.6475330784363069,0.0,non-CO2,N2O,Marine,0.6475330784363069,0.0,0.0,1.0
1990.0,ssp119_N2O_off-road_striving,0.6475330784363069,ssp119,0.6475330784363069,0.0,non-CO2,N2O,off-road,0.6475330784363069,0.0,0.0,1.0
1990.0,ssp119_N2O_on-road_striving,0.6475330784363069,ssp119,0.6475330784363069,0.0,non-CO2,N2O,on-road,0.6475330784363069,0.0,0.0,1.0
1990.0,ssp119_Sulfur_Marine_striving,0.6475330784363069,ssp119,0.6475330784363069,0.0,non-CO2,Sulfur,Marine,0.6475330784363069,0.0,0.0,1.0
1990.0,ssp119_striving,0.6475330784363069,ssp119,0.6475330784363069,0.0,,,Other,,,,1.0
1990.0,ssp119_zero_tra,0.6475330784363069,ssp119,0.6475330784363069,0.0,,,Other,,,,1.0
1991.0,ssp119,0.6853935375875988,ssp119,0.6853935375875988,0.0,,,Other,,,,1.0
1991.0,ssp119_BC_Marine_striving,0.6853935375875988,ssp119,0.6853935375875988,0.0,non-CO2,BC,Marine,0.6853935375875988,0.0,0.0,1.0
1991.0,ssp119_BC_off-road_striving,0.6853935375875988,ssp119,0.6853935375875988,0.0,non-CO2,BC,off-road,0.6853935375875988,0.0,0.0,1.0
1991.0,ssp119_BC_on-road_striving,0.6853935375875988,ssp119,0.6853935375875988,0.0,non-CO2,BC,on-road,0.6853935375875988,0.0,0.0,1.0
1991.0,ssp119_CH4_Marine_striving,0.6853935375875988,ssp119,0.6853935375875988,0.0,non-CO2,CH4,Marine,0.6853935375875988,0.0,0.0,1.0
1991.0,ssp119_CH4_off-road_striving,0.6853935375875988,ssp119,0.6853935375875988,0.0,non-CO2,CH4,off-road,0.6853935375875988,0.0,0.0,1.0
1991.0,ssp119_CH4_on-road_striving,0.6853935375875988,ssp119,0.6853935375875988,0.0,non-CO2,CH4,on-road,0.6853935375875988,0.0,0.0,1.0
1991.0,ssp119_CO2 FFI_Marine_striving,0.6853935375875988,ssp119,0.6853935375875988,0.0,CO2,CO2 FFI,Marine,0.6853935375875988,0.0,0.0,1.0
1991.0,ssp119_CO2 FFI_off-road_striving,0.6853935375875988,ssp119,0.6853935375875988,0.0,CO2,CO2 FFI,off-road,0.6853935375875988,0.0,0.0,1.0
1991.0,ssp119_CO2 FFI_on-road_striving,0.6853935375875988,ssp119,0.6853935375875988,0.0,CO2,CO2 FFI,on-road,0.6853935375875988,0.0,0.0,1.0
1991.0,ssp119_N2O_Marine_striving,0.6853935375875988,ssp119,0.6853935375875988,0.0,non-CO2,N2O,Marine,0.6853935375875988,0.0,0.0,1.0
1991.0,ssp119_N2O_off-road_striving,0.6853935375875988,ssp119,0.6853935375875988,0.0,non-CO2,N2O,off-road,0.6853935375875988,0.0,0.0,1.0
1991.0,ssp119_N2O_on-road_striving,0.6853935375875988,ssp119,0.6853935375875988,0.0,non-CO2,N2O,on-road,0.6853935375875988,0.0,0.0,1.0
1991.0,ssp119_Sulfur_Marine_striving,0.6853935375875988,ssp119,0.6853935375875988,0.0,non-CO2,Sulfur,Marine,0.6853935375875988,0.0,0.0,1.0
1991.0,ssp119_striving,0.6853935375875988,ssp119,0.6853935375875988,0.0,,,Other,,,,1.0
1991.0,ssp119_zero_tra,0.6853935375875988,ssp119,0.6853935375875988,0.0,,,Other,,,,1.0
1992.0,ssp119,0.5959546770302508,ssp119,0.5959546770302508,0.0,,,Other,,,,1.0
1992.0,ssp119_BC_Marine_striving,0.5959546770302508,ssp119,0.5959546770302508,0.0,non-CO2,BC,Marine,0.5959546770302508,0.0,0.0,1.0
1992.0,ssp119_BC_off-road_striving,0.5959546770302508,ssp119,0.5959546770302508,0.0,non-CO2,BC,off-road,0.5959546770302508,0.0,0.0,1.0
1992.0,ssp119_BC_on-road_striving,0.5959546770302508,ssp119,0.5959546770302508,0.0,non-CO2,BC,on-road,0.5959546770302508,0.0,0.0,1.0
1992.0,ssp119_CH4_Marine_striving,0.5959546770302508,ssp119,0.5959546770302508,0.0,non-CO2,CH4,Marine,0.5959546770302508,0.0,0.0,1.0
1992.0,ssp119_CH4_off-road_striving,0.5959546770302508,ssp119,0.5959546770302508,0.0,non-CO2,CH4,off-road,0.5959546770302508,0.0,0.0,1.0
1992.0,ssp119_CH4_on-road_striving,0.5959546770302508,ssp119,0.5959546770302508,0.0,non-CO2,CH4,on-road,0.5959546770302508,0.0,0.0,1.0
1992.0,ssp119_CO2 FFI_Marine_striving,0.5959546770302508,ssp119,0.5959546770302508,0.0,CO2,CO2 FFI,Marine,0.5959546770302508,0.0,0.0,1.0
1992.0,ssp119_CO2 FFI_off-road_striving,0.5959546770302508,ssp119,0.5959546770302508,0.0,CO2,CO2 FFI,off-road,0.5959546770302508,0.0,0.0,1.0
1992.0,ssp119_CO2 FFI_on-road_striving,0.5959546770302508,ssp119,0.5959546770302508,0.0,CO2,CO2 FFI,on-road,0.5959546770302508,0.0,0.0,1.0
1992.0,ssp119_N2O_Marine_striving,0.5959546770302508,ssp119,0.5959546770302508,0.0,non-CO2,N2O,Marine,0.5959546770302508,0.0,0.0,1.0
1992.0,ssp119_N2O_off-road_striving,0.5959546770302508,ssp119,0.5959546770302508,0.0,non-CO2,N2O,off-road,0.5959546770302508,0.0,0.0,1.0
1992.0,ssp119_N2O_on-road_striving,0.5959546770302508,ssp119,0.5959546770302508,0.0,non-CO2,N2O,on-road,0.5959546770302508,0.0,0.0,1.0
1992.0,ssp119_Sulfur_Marine_striving,0.5959546770302508,ssp119,0.5959546770302508,0.0,non-CO2,Sulfur,Marine,0.5959546770302508,0.0,0.0,1.0
1992.0,ssp119_striving,0.5959546770302508,ssp119,0.5959546770302508,0.0,,,Other,,,,1.0
1992.0,ssp119_zero_tra,0.5959546770302508,ssp119,0.5959546770302508,0.0,,,Other,,,,1.0
1993.0,ssp119,0.42270743498992036,ssp119,0.42270743498992036,0.0,,,Other,,,,1.0
1993.0,ssp119_BC_Marine_striving,0.42270743498992036,ssp119,0.42270743498992036,0.0,non-CO2,BC,Marine,0.42270743498992036,0.0,0.0,1.0
1993.0,ssp119_BC_off-road_striving,0.42270743498992036,ssp119,0.42270743498992036,0.0,non-CO2,BC,off-road,0.42270743498992036,0.0,0.0,1.0
1993.0,ssp119_BC_on-road_striving,0.42270743498992036,ssp119,0.42270743498992036,0.0,non-CO2,BC,on-road,0.42270743498992036,0.0,0.0,1.0
1993.0,ssp119_CH4_Marine_striving,0.42270743498992036,ssp119,0.42270743498992036,0.0,non-CO2,CH4,Marine,0.42270743498992036,0.0,0.0,1.0
1993.0,ssp119_CH4_off-road_striving,0.42270743498992036,ssp119,0.42270743498992036,0.0,non-CO2,CH4,off-road,0.42270743498992036,0.0,0.0,1.0
1993.0,ssp119_CH4_on-road_striving,0.42270743498992036,ssp119,0.42270743498992036,0.0,non-CO2,CH4,on-road,0.42270743498992036,0.0,0.0,1.0
1993.0,ssp119_CO2 FFI_Marine_striving,0.42270743498992036,ssp119,0.42270743498992036,0.0,CO2,CO2 FFI,Marine,0.42270743498992036,0.0,0.0,1.0
1993.0,ssp119_CO2 FFI_off-road_striving,0.42270743498992036,ssp119,0.42270743498992036,0.0,CO2,CO2 FFI,off-road,0.42270743498992036,0.0,0.0,1.0
1993.0,ssp119_CO2 FFI_on-road_striving,0.42270743498992036,ssp119,0.42270743498992036,0.0,CO2,CO2 FFI,on-road,0.42270743498992036,0.0,0.0,1.0
1993.0,ssp119_N2O_Marine_striving,0.42270743498992036,ssp119,0.42270743498992036,0.0,non-CO2,N2O,Marine,0.42270743498992036,0.0,0.0,1.0
1993.0,ssp119_N2O_off-road_striving,0.42270743498992036,ssp119,0.42270743498992036,0.0,non-CO2,N2O,off-road,0.42270743498992036,0.0,0.0,1.0
1993.0,ssp119_N2O_on-road_striving,0.42270743498992036,ssp119,0.42270743498992036,0.0,non-CO2,N2O,on-road,0.42270743498992036,0.0,0.0,1.0
1993.0,ssp119_Sulfur_Marine_striving,0.42270743498992036,ssp119,0.42270743498992036,0.0,non-CO2,Sulfur,Marine,0.42270743498992036,0.0,0.0,1.0
1993.0,ssp119_striving,0.42270743498992036,ssp119,0.42270743498992036,0.0,,,Other,,,,1.0
1993.0,ssp119_zero_tra,0.42270743498992036,ssp119,0.42270743498992036,0.0,,,Other,,,,1.0
1994.0,ssp119,0.44572581484858215,ssp119,0.44572581484858215,0.0,,,Other,,,,1.0
1994.0,ssp119_BC_Marine_striving,0.44572581484858215,ssp119,0.44572581484858215,0.0,non-CO2,BC,Marine,0.44572581484858215,0.0,0.0,1.0
1994.0,ssp119_BC_off-road_striving,0.44572581484858215,ssp119,0.44572581484858215,0.0,non-CO2,BC,off-road,0.44572581484858215,0.0,0.0,1.0
1994.0,ssp119_BC_on-road_striving,0.44572581484858215,ssp119,0.44572581484858215,0.0,non-CO2,BC,on-road,0.44572581484858215,0.0,0.0,1.0
1994.0,ssp119_CH4_Marine_striving,0.44572581484858215,ssp119,0.44572581484858215,0.0,non-CO2,CH4,Marine,0.44572581484858215,0.0,0.0,1.0
1994.0,ssp119_CH4_off-road_striving,0.44572581484858215,ssp119,0.44572581484858215,0.0,non-CO2,CH4,off-road,0.44572581484858215,0.0,0.0,1.0
1994.0,ssp119_CH4_on-road_striving,0.44572581484858215,ssp119,0.44572581484858215,0.0,non-CO2,CH4,on-road,0.44572581484858215,0.0,0.0,1.0
1994.0,ssp119_CO2 FFI_Marine_striving,0.44572581484858215,ssp119,0.44572581484858215,0.0,CO2,CO2 FFI,Marine,0.44572581484858215,0.0,0.0,1.0
1994.0,ssp119_CO2 FFI_off-road_striving,0.44572581484858215,ssp119,0.44572581484858215,0.0,CO2,CO2 FFI,off-road,0.44572581484858215,0.0,0.0,1.0
1994.0,ssp119_CO2 FFI_on-road_striving,0.44572581484858215,ssp119,0.44572581484858215,0.0,CO2,CO2 FFI,on-road,0.44572581484858215,0.0,0.0,1.0
1994.0,ssp119_N2O_Marine_striving,0.44572581484858215,ssp119,0.44572581484858215,0.0,non-CO2,N2O,Marine,0.44572581484858215,0.0,0.0,1.0
1994.0,ssp119_N2O_off-road_striving,0.44572581484858215,ssp119,0.44572581484858215,0.0,non-CO2,N2O,off-road,0.44572581484858215,0.0,0.0,1.0
1994.0,ssp119_N2O_on-road_striving,0.44572581484858215,ssp119,0.44572581484858215,0.0,non-CO2,N2O,on-road,0.44572581484858215,0.0,0.0,1.0
1994.0,ssp119_Sulfur_Marine_striving,0.44572581484858215,ssp119,0.44572581484858215,0.0,non-CO2,Sulfur,Marine,0.44572581484858215,0.0,0.0,1.0
1994.0,ssp119_striving,0.44572581484858215,ssp119,0.44572581484858215,0.0,,,Other,,,,1.0
1994.0,ssp119_zero_tra,0.44572581484858215,ssp119,0.44572581484858215,0.0,,,Other,,,,1.0
1995.0,ssp119,0.5713621524118145,ssp119,0.5713621524118145,0.0,,,Other,,,,1.0
1995.0,ssp119_BC_Marine_striving,0.5713621524118145,ssp119,0.5713621524118145,0.0,non-CO2,BC,Marine,0.5713621524118145,0.0,0.0,1.0
1995.0,ssp119_BC_off-road_striving,0.5713621524118145,ssp119,0.5713621524118145,0.0,non-CO2,BC,off-road,0.5713621524118145,0.0,0.0,1.0
1995.0,ssp119_BC_on-road_striving,0.5713621524118145,ssp119,0.5713621524118145,0.0,non-CO2,BC,on-road,0.5713621524118145,0.0,0.0,1.0
1995.0,ssp119_CH4_Marine_striving,0.5713621524118145,ssp119,0.5713621524118145,0.0,non-CO2,CH4,Marine,0.5713621524118145,0.0,0.0,1.0
1995.0,ssp119_CH4_off-road_striving,0.5713621524118145,ssp119,0.5713621524118145,0.0,non-CO2,CH4,off-road,0.5713621524118145,0.0,0.0,1.0
1995.0,ssp119_CH4_on-road_striving,0.5713621524118145,ssp119,0.5713621524118145,0.0,non-CO2,CH4,on-road,0.5713621524118145,0.0,0.0,1.0
1995.0,ssp119_CO2 FFI_Marine_striving,0.5713621524118145,ssp119,0.5713621524118145,0.0,CO2,CO2 FFI,Marine,0.5713621524118145,0.0,0.0,1.0
1995.0,ssp119_CO2 FFI_off-road_striving,0.5713621524118145,ssp119,0.5713621524118145,0.0,CO2,CO2 FFI,off-road,0.5713621524118145,0.0,0.0,1.0
1995.0,ssp119_CO2 FFI_on-road_striving,0.5713621524118145,ssp119,0.5713621524118145,0.0,CO2,CO2 FFI,on-road,0.5713621524118145,0.0,0.0,1.0
1995.0,ssp119_N2O_Marine_striving,0.5713621524118145,ssp119,0.5713621524118145,0.0,non-CO2,N2O,Marine,0.5713621524118145,0.0,0.0,1.0
1995.0,ssp119_N2O_off-road_striving,0.5713621524118145,ssp119,0.5713621524118145,0.0,non-CO2,N2O,off-road,0.5713621524118145,0.0,0.0,1.0
1995.0,ssp119_N2O_on-road_striving,0.5713621524118145,ssp119,0.5713621524118145,0.0,non-CO2,N2O,on-road,0.5713621524118145,0.0,0.0,1.0
1995.0,ssp119_Sulfur_Marine_striving,0.5713621524118145,ssp119,0.5713621524118145,0.0,non-CO2,Sulfur,Marine,0.5713621524118145,0.0,0.0,1.0
1995.0,ssp119_striving,0.5713621524118145,ssp119,0.5713621524118145,0.0,,,Other,,,,1.0
1995.0,ssp119_zero_tra,0.5713621524118145,ssp119,0.5713621524118145,0.0,,,Other,,,,1.0
1996.0,ssp119,0.6651226074467433,ssp119,0.6651226074467433,0.0,,,Other,,,,1.0
1996.0,ssp119_BC_Marine_striving,0.6651226074467433,ssp119,0.6651226074467433,0.0,non-CO2,BC,Marine,0.6651226074467433,0.0,0.0,1.0
1996.0,ssp119_BC_off-road_striving,0.6651226074467433,ssp119,0.6651226074467433,0.0,non-CO2,BC,off-road,0.6651226074467433,0.0,0.0,1.0
1996.0,ssp119_BC_on-road_striving,0.6651226074467433,ssp119,0.6651226074467433,0.0,non-CO2,BC,on-road,0.6651226074467433,0.0,0.0,1.0
1996.0,ssp119_CH4_Marine_striving,0.6651226074467433,ssp119,0.6651226074467433,0.0,non-CO2,CH4,Marine,0.6651226074467433,0.0,0.0,1.0
1996.0,ssp119_CH4_off-road_striving,0.6651226074467433,ssp119,0.6651226074467433,0.0,non-CO2,CH4,off-road,0.6651226074467433,0.0,0.0,1.0
1996.0,ssp119_CH4_on-road_striving,0.6651226074467433,ssp119,0.6651226074467433,0.0,non-CO2,CH4,on-road,0.6651226074467433,0.0,0.0,1.0
1996.0,ssp119_CO2 FFI_Marine_striving,0.6651226074467433,ssp119,0.6651226074467433,0.0,CO2,CO2 FFI,Marine,0.6651226074467433,0.0,0.0,1.0
1996.0,ssp119_CO2 FFI_off-road_striving,0.6651226074467433,ssp119,0.6651226074467433,0.0,CO2,CO2 FFI,off-road,0.6651226074467433,0.0,0.0,1.0
1996.0,ssp119_CO2 FFI_on-road_striving,0.6651226074467433,ssp119,0.6651226074467433,0.0,CO2,CO2 FFI,on-road,0.6651226074467433,0.0,0.0,1.0
1996.0,ssp119_N2O_Marine_striving,0.6651226074467433,ssp119,0.6651226074467433,0.0,non-CO2,N2O,Marine,0.6651226074467433,0.0,0.0,1.0
1996.0,ssp119_N2O_off-road_striving,0.6651226074467433,ssp119,0.6651226074467433,0.0,non-CO2,N2O,off-road,0.6651226074467433,0.0,0.0,1.0
1996.0,ssp119_N2O_on-road_striving,0.6651226074467433,ssp119,0.6651226074467433,0.0,non-CO2,N2O,on-road,0.6651226074467433,0.0,0.0,1.0
1996.0,ssp119_Sulfur_Marine_striving,0.6651226074467433,ssp119,0.6651226074467433,0.0,non-CO2,Sulfur,Marine,0.6651226074467433,0.0,0.0,1.0
1996.0,ssp119_striving,0.6651226074467433,ssp119,0.6651226074467433,0.0,,,Other,,,,1.0
1996.0,ssp119_zero_tra,0.6651226074467433,ssp119,0.6651226074467433,0.0,,,Other,,,,1.0
1997.0,ssp119,0.746803427508961,ssp119,0.746803427508961,0.0,,,Other,,,,1.0
1997.0,ssp119_BC_Marine_striving,0.746803427508961,ssp119,0.746803427508961,0.0,non-CO2,BC,Marine,0.746803427508961,0.0,0.0,1.0
1997.0,ssp119_BC_off-road_striving,0.746803427508961,ssp119,0.746803427508961,0.0,non-CO2,BC,off-road,0.746803427508961,0.0,0.0,1.0
1997.0,ssp119_BC_on-road_striving,0.746803427508961,ssp119,0.746803427508961,0.0,non-CO2,BC,on-road,0.746803427508961,0.0,0.0,1.0
1997.0,ssp119_CH4_Marine_striving,0.746803427508961,ssp119,0.746803427508961,0.0,non-CO2,CH4,Marine,0.746803427508961,0.0,0.0,1.0
1997.0,ssp119_CH4_off-road_striving,0.746803427508961,ssp119,0.746803427508961,0.0,non-CO2,CH4,off-road,0.746803427508961,0.0,0.0,1.0
1997.0,ssp119_CH4_on-road_striving,0.746803427508961,ssp119,0.746803427508961,0.0,non-CO2,CH4,on-road,0.746803427508961,0.0,0.0,1.0
1997.0,ssp119_CO2 FFI_Marine_striving,0.746803427508961,ssp119,0.746803427508961,0.0,CO2,CO2 FFI,Marine,0.746803427508961,0.0,0.0,1.0
1997.0,ssp119_CO2 FFI_off-road_striving,0.746803427508961,ssp119,0.746803427508961,0.0,CO2,CO2 FFI,off-road,0.746803427508961,0.0,0.0,1.0
1997.0,ssp119_CO2 FFI_on-road_striving,0.746803427508961,ssp119,0.746803427508961,0.0,CO2,CO2 FFI,on-road,0.746803427508961,0.0,0.0,1.0
1997.0,ssp119_N2O_Marine_striving,0.746803427508961,ssp119,0.746803427508961,0.0,non-CO2,N2O,Marine,0.746803427508961,0.0,0.0,1.0
1997.0,ssp119_N2O_off-road_striving,0.746803427508961,ssp119,0.746803427508961,0.0,non-CO2,N2O,off-road,0.746803427508961,0.0,0.0,1.0
1997.0,ssp119_N2O_on-road_striving,0.746803427508961,ssp119,0.746803427508961,0.0,non-CO2,N2O,on-road,0.746803427508961,0.0,0.0,1.0
1997.0,ssp119_Sulfur_Marine_striving,0.746803427508961,ssp119,0.746803427508961,0.0,non-CO2,Sulfur,Marine,0.746803427508961,0.0,0.0,1.0
1997.0,ssp119_striving,0.746803427508961,ssp119,0.746803427508961,0.0,,,Other,,,,1.0
1997.0,ssp119_zero_tra,0.746803427508961,ssp119,0.746803427508961,0.0,,,Other,,,,1.0
1998.0,ssp119,0.8029129689432501,ssp119,0.8029129689432501,0.0,,,Other,,,,1.0
1998.0,ssp119_BC_Marine_striving,0.8029129689432501,ssp119,0.8029129689432501,0.0,non-CO2,BC,Marine,0.8029129689432501,0.0,0.0,1.0
1998.0,ssp119_BC_off-road_striving,0.8029129689432501,ssp119,0.8029129689432501,0.0,non-CO2,BC,off-road,0.8029129689432501,0.0,0.0,1.0
1998.0,ssp119_BC_on-road_striving,0.8029129689432501,ssp119,0.8029129689432501,0.0,non-CO2,BC,on-road,0.8029129689432501,0.0,0.0,1.0
1998.0,ssp119_CH4_Marine_striving,0.8029129689432501,ssp119,0.8029129689432501,0.0,non-CO2,CH4,Marine,0.8029129689432501,0.0,0.0,1.0
1998.0,ssp119_CH4_off-road_striving,0.8029129689432501,ssp119,0.8029129689432501,0.0,non-CO2,CH4,off-road,0.8029129689432501,0.0,0.0,1.0
1998.0,ssp119_CH4_on-road_striving,0.8029129689432501,ssp119,0.8029129689432501,0.0,non-CO2,CH4,on-road,0.8029129689432501,0.0,0.0,1.0
1998.0,ssp119_CO2 FFI_Marine_striving,0.8029129689432501,ssp119,0.8029129689432501,0.0,CO2,CO2 FFI,Marine,0.8029129689432501,0.0,0.0,1.0
1998.0,ssp119_CO2 FFI_off-road_striving,0.8029129689432501,ssp119,0.8029129689432501,0.0,CO2,CO2 FFI,off-road,0.8029129689432501,0.0,0.0,1.0
1998.0,ssp119_CO2 FFI_on-road_striving,0.8029129689432501,ssp119,0.8029129689432501,0.0,CO2,CO2 FFI,on-road,0.8029129689432501,0.0,0.0,1.0
1998.0,ssp119_N2O_Marine_striving,0.8029129689432501,ssp119,0.8029129689432501,0.0,non-CO2,N2O,Marine,0.8029129689432501,0.0,0.0,1.0
1998.0,ssp119_N2O_off-road_striving,0.8029129689432501,ssp119,0.8029129689432501,0.0,non-CO2,N2O,off-road,0.8029129689432501,0.0,0.0,1.0
1998.0,ssp119_N2O_on-road_striving,0.8029129689432501,ssp119,0.8029129689432501,0.0,non-CO2,N2O,on-road,0.8029129689432501,0.0,0.0,1.0
1998.0,ssp119_Sulfur_Marine_striving,0.8029129689432501,ssp119,0.8029129689432501,0.0,non-CO2,Sulfur,Marine,0.8029129689432501,0.0,0.0,1.0
1998.0,ssp119_striving,0.8029129689432501,ssp119,0.8029129689432501,0.0,,,Other,,,,1.0
1998.0,ssp119_zero_tra,0.8029129689432501,ssp119,0.8029129689432501,0.0,,,Other,,,,1.0
1999.0,ssp119,0.865289161879348,ssp119,0.865289161879348,0.0,,,Other,,,,1.0
1999.0,ssp119_BC_Marine_striving,0.865289161879348,ssp119,0.865289161879348,0.0,non-CO2,BC,Marine,0.865289161879348,0.0,0.0,1.0
1999.0,ssp119_BC_off-road_striving,0.865289161879348,ssp119,0.865289161879348,0.0,non-CO2,BC,off-road,0.865289161879348,0.0,0.0,1.0
1999.0,ssp119_BC_on-road_striving,0.865289161879348,ssp119,0.865289161879348,0.0,non-CO2,BC,on-road,0.865289161879348,0.0,0.0,1.0
1999.0,ssp119_CH4_Marine_striving,0.865289161879348,ssp119,0.865289161879348,0.0,non-CO2,CH4,Marine,0.865289161879348,0.0,0.0,1.0
1999.0,ssp119_CH4_off-road_striving,0.865289161879348,ssp119,0.865289161879348,0.0,non-CO2,CH4,off-road,0.865289161879348,0.0,0.0,1.0
1999.0,ssp119_CH4_on-road_striving,0.865289161879348,ssp119,0.865289161879348,0.0,non-CO2,CH4,on-road,0.865289161879348,0.0,0.0,1.0
1999.0,ssp119_CO2 FFI_Marine_striving,0.865289161879348,ssp119,0.865289161879348,0.0,CO2,CO2 FFI,Marine,0.865289161879348,0.0,0.0,1.0
1999.0,ssp119_CO2 FFI_off-road_striving,0.865289161879348,ssp119,0.865289161879348,0.0,CO2,CO2 FFI,off-road,0.865289161879348,0.0,0.0,1.0
1999.0,ssp119_CO2 FFI_on-road_striving,0.865289161879348,ssp119,0.865289161879348,0.0,CO2,CO2 FFI,on-road,0.865289161879348,0.0,0.0,1.0
1999.0,ssp119_N2O_Marine_striving,0.865289161879348,ssp119,0.865289161879348,0.0,non-CO2,N2O,Marine,0.865289161879348,0.0,0.0,1.0
1999.0,ssp119_N2O_off-road_striving,0.865289161879348,ssp119,0.865289161879348,0.0,non-CO2,N2O,off-road,0.865289161879348,0.0,0.0,1.0
1999.0,ssp119_N2O_on-road_striving,0.865289161879348,ssp119,0.865289161879348,0.0,non-CO2,N2O,on-road,0.865289161879348,0.0,0.0,1.0
1999.0,ssp119_Sulfur_Marine_striving,0.865289161879348,ssp119,0.865289161879348,0.0,non-CO2,Sulfur,Marine,0.865289161879348,0.0,0.0,1.0
1999.0,ssp119_striving,0.865289161879348,ssp119,0.865289161879348,0.0,,,Other,,,,1.0
1999.0,ssp119_zero_tra,0.865289161879348,ssp119,0.865289161879348,0.0,,,Other,,,,1.0
2000.0,ssp119,0.9249553964652378,ssp119,0.9249553964652378,0.0,,,Other,,,,1.0
2000.0,ssp119_BC_Marine_striving,0.9249553964652378,ssp119,0.9249553964652378,0.0,non-CO2,BC,Marine,0.9249553964652378,0.0,0.0,1.0
2000.0,ssp119_BC_off-road_striving,0.9249553964652378,ssp119,0.9249553964652378,0.0,non-CO2,BC,off-road,0.9249553964652378,0.0,0.0,1.0
2000.0,ssp119_BC_on-road_striving,0.9249553964652378,ssp119,0.9249553964652378,0.0,non-CO2,BC,on-road,0.9249553964652378,0.0,0.0,1.0
2000.0,ssp119_CH4_Marine_striving,0.9249553964652378,ssp119,0.9249553964652378,0.0,non-CO2,CH4,Marine,0.9249553964652378,0.0,0.0,1.0
2000.0,ssp119_CH4_off-road_striving,0.9249553964652378,ssp119,0.9249553964652378,0.0,non-CO2,CH4,off-road,0.9249553964652378,0.0,0.0,1.0
2000.0,ssp119_CH4_on-road_striving,0.9249553964652378,ssp119,0.9249553964652378,0.0,non-CO2,CH4,on-road,0.9249553964652378,0.0,0.0,1.0
2000.0,ssp119_CO2 FFI_Marine_striving,0.9249553964652378,ssp119,0.9249553964652378,0.0,CO2,CO2 FFI,Marine,0.9249553964652378,0.0,0.0,1.0
2000.0,ssp119_CO2 FFI_off-road_striving,0.9249553964652378,ssp119,0.9249553964652378,0.0,CO2,CO2 FFI,off-road,0.9249553964652378,0.0,0.0,1.0
2000.0,ssp119_CO2 FFI_on-road_striving,0.9249553964652378,ssp119,0.9249553964652378,0.0,CO2,CO2 FFI,on-road,0.9249553964652378,0.0,0.0,1.0
2000.0,ssp119_N2O_Marine_striving,0.9249553964652378,ssp119,0.9249553964652378,0.0,non-CO2,N2O,Marine,0.9249553964652378,0.0,0.0,1.0
2000.0,ssp119_N2O_off-road_striving,0.9249553964652378,ssp119,0.9249553964652378,0.0,non-CO2,N2O,off-road,0.9249553964652378,0.0,0.0,1.0
2000.0,ssp119_N2O_on-road_striving,0.9249553964652378,ssp119,0.9249553964652378,0.0,non-CO2,N2O,on-road,0.9249553964652378,0.0,0.0,1.0
2000.0,ssp119_Sulfur_Marine_striving,0.9249553964652378,ssp119,0.9249553964652378,0.0,non-CO2,Sulfur,Marine,0.9249553964652378,0.0,0.0,1.0
2000.0,ssp119_striving,0.9249553964652378,ssp119,0.9249553964652378,0.0,,,Other,,,,1.0
2000.0,ssp119_zero_tra,0.9249553964652378,ssp119,0.9249553964652378,0.0,,,Other,,,,1.0
2001.0,ssp119,0.9779103506748039,ssp119,0.9779103506748039,0.0,,,Other,,,,1.0
2001.0,ssp119_BC_Marine_striving,0.9779103506748039,ssp119,0.9779103506748039,0.0,non-CO2,BC,Marine,0.9779103506748039,0.0,0.0,1.0
2001.0,ssp119_BC_off-road_striving,0.9779103506748039,ssp119,0.9779103506748039,0.0,non-CO2,BC,off-road,0.9779103506748039,0.0,0.0,1.0
2001.0,ssp119_BC_on-road_striving,0.9779103506748039,ssp119,0.9779103506748039,0.0,non-CO2,BC,on-road,0.9779103506748039,0.0,0.0,1.0
2001.0,ssp119_CH4_Marine_striving,0.9779103506748039,ssp119,0.9779103506748039,0.0,non-CO2,CH4,Marine,0.9779103506748039,0.0,0.0,1.0
2001.0,ssp119_CH4_off-road_striving,0.9779103506748039,ssp119,0.9779103506748039,0.0,non-CO2,CH4,off-road,0.9779103506748039,0.0,0.0,1.0
2001.0,ssp119_CH4_on-road_striving,0.9779103506748039,ssp119,0.9779103506748039,0.0,non-CO2,CH4,on-road,0.9779103506748039,0.0,0.0,1.0
2001.0,ssp119_CO2 FFI_Marine_striving,0.9779103506748039,ssp119,0.9779103506748039,0.0,CO2,CO2 FFI,Marine,0.9779103506748039,0.0,0.0,1.0
2001.0,ssp119_CO2 FFI_off-road_striving,0.9779103506748039,ssp119,0.9779103506748039,0.0,CO2,CO2 FFI,off-road,0.9779103506748039,0.0,0.0,1.0
2001.0,ssp119_CO2 FFI_on-road_striving,0.9779103506748039,ssp119,0.9779103506748039,0.0,CO2,CO2 FFI,on-road,0.9779103506748039,0.0,0.0,1.0
2001.0,ssp119_N2O_Marine_striving,0.9779103506748039,ssp119,0.9779103506748039,0.0,non-CO2,N2O,Marine,0.9779103506748039,0.0,0.0,1.0
2001.0,ssp119_N2O_off-road_striving,0.9779103506748039,ssp119,0.9779103506748039,0.0,non-CO2,N2O,off-road,0.9779103506748039,0.0,0.0,1.0
2001.0,ssp119_N2O_on-road_striving,0.9779103506748039,ssp119,0.9779103506748039,0.0,non-CO2,N2O,on-road,0.9779103506748039,0.0,0.0,1.0
2001.0,ssp119_Sulfur_Marine_striving,0.9779103506748039,ssp119,0.9779103506748039,0.0,non-CO2,Sulfur,Marine,0.9779103506748039,0.0,0.0,1.0
2001.0,ssp119_striving,0.9779103506748039,ssp119,0.9779103506748039,0.0,,,Other,,,,1.0
2001.0,ssp119_zero_tra,0.9779103506748039,ssp119,0.9779103506748039,0.0,,,Other,,,,1.0
2002.0,ssp119,1.008363489706798,ssp119,1.008363489706798,0.0,,,Other,,,,1.0
2002.0,ssp119_BC_Marine_striving,1.008363489706798,ssp119,1.008363489706798,0.0,non-CO2,BC,Marine,1.008363489706798,0.0,0.0,1.0
2002.0,ssp119_BC_off-road_striving,1.008363489706798,ssp119,1.008363489706798,0.0,non-CO2,BC,off-road,1.008363489706798,0.0,0.0,1.0
2002.0,ssp119_BC_on-road_striving,1.008363489706798,ssp119,1.008363489706798,0.0,non-CO2,BC,on-road,1.008363489706798,0.0,0.0,1.0
2002.0,ssp119_CH4_Marine_striving,1.008363489706798,ssp119,1.008363489706798,0.0,non-CO2,CH4,Marine,1.008363489706798,0.0,0.0,1.0
2002.0,ssp119_CH4_off-road_striving,1.008363489706798,ssp119,1.008363489706798,0.0,non-CO2,CH4,off-road,1.008363489706798,0.0,0.0,1.0
2002.0,ssp119_CH4_on-road_striving,1.008363489706798,ssp119,1.008363489706798,0.0,non-CO2,CH4,on-road,1.008363489706798,0.0,0.0,1.0
2002.0,ssp119_CO2 FFI_Marine_striving,1.008363489706798,ssp119,1.008363489706798,0.0,CO2,CO2 FFI,Marine,1.008363489706798,0.0,0.0,1.0
2002.0,ssp119_CO2 FFI_off-road_striving,1.008363489706798,ssp119,1.008363489706798,0.0,CO2,CO2 FFI,off-road,1.008363489706798,0.0,0.0,1.0
2002.0,ssp119_CO2 FFI_on-road_striving,1.008363489706798,ssp119,1.008363489706798,0.0,CO2,CO2 FFI,on-road,1.008363489706798,0.0,0.0,1.0
2002.0,ssp119_N2O_Marine_striving,1.008363489706798,ssp119,1.008363489706798,0.0,non-CO2,N2O,Marine,1.008363489706798,0.0,0.0,1.0
2002.0,ssp119_N2O_off-road_striving,1.008363489706798,ssp119,1.008363489706798,0.0,non-CO2,N2O,off-road,1.008363489706798,0.0,0.0,1.0
2002.0,ssp119_N2O_on-road_striving,1.008363489706798,ssp119,1.008363489706798,0.0,non-CO2,N2O,on-road,1.008363489706798,0.0,0.0,1.0
2002.0,ssp119_Sulfur_Marine_striving,1.008363489706798,ssp119,1.008363489706798,0.0,non-CO2,Sulfur,Marine,1.008363489706798,0.0,0.0,1.0
2002.0,ssp119_striving,1.008363489706798,ssp119,1.008363489706798,0.0,,,Other,,,,1.0
2002.0,ssp119_zero_tra,1.008363489706798,ssp119,1.008363489706798,0.0,,,Other,,,,1.0
2003.0,ssp119,1.03622070739759,ssp119,1.03622070739759,0.0,,,Other,,,,1.0
2003.0,ssp119_BC_Marine_striving,1.03622070739759,ssp119,1.03622070739759,0.0,non-CO2,BC,Marine,1.03622070739759,0.0,0.0,1.0
2003.0,ssp119_BC_off-road_striving,1.03622070739759,ssp119,1.03622070739759,0.0,non-CO2,BC,off-road,1.03622070739759,0.0,0.0,1.0
2003.0,ssp119_BC_on-road_striving,1.03622070739759,ssp119,1.03622070739759,0.0,non-CO2,BC,on-road,1.03622070739759,0.0,0.0,1.0
2003.0,ssp119_CH4_Marine_striving,1.03622070739759,ssp119,1.03622070739759,0.0,non-CO2,CH4,Marine,1.03622070739759,0.0,0.0,1.0
2003.0,ssp119_CH4_off-road_striving,1.03622070739759,ssp119,1.03622070739759,0.0,non-CO2,CH4,off-road,1.03622070739759,0.0,0.0,1.0
2003.0,ssp119_CH4_on-road_striving,1.03622070739759,ssp119,1.03622070739759,0.0,non-CO2,CH4,on-road,1.03622070739759,0.0,0.0,1.0
2003.0,ssp119_CO2 FFI_Marine_striving,1.03622070739759,ssp119,1.03622070739759,0.0,CO2,CO2 FFI,Marine,1.03622070739759,0.0,0.0,1.0
2003.0,ssp119_CO2 FFI_off-road_striving,1.03622070739759,ssp119,1.03622070739759,0.0,CO2,CO2 FFI,off-road,1.03622070739759,0.0,0.0,1.0
2003.0,ssp119_CO2 FFI_on-road_striving,1.03622070739759,ssp119,1.03622070739759,0.0,CO2,CO2 FFI,on-road,1.03622070739759,0.0,0.0,1.0
2003.0,ssp119_N2O_Marine_striving,1.03622070739759,ssp119,1.03622070739759,0.0,non-CO2,N2O,Marine,1.03622070739759,0.0,0.0,1.0
2003.0,ssp119_N2O_off-road_striving,1.03622070739759,ssp119,1.03622070739759,0.0,non-CO2,N2O,off-road,1.03622070739759,0.0,0.0,1.0
2003.0,ssp119_N2O_on-road_striving,1.03622070739759,ssp119,1.03622070739759,0.0,non-CO2,N2O,on-road,1.03622070739759,0.0,0.0,1.0
2003.0,ssp119_Sulfur_Marine_striving,1.03622070739759,ssp119,1.03622070739759,0.0,non-CO2,Sulfur,Marine,1.03622070739759,0.0,0.0,1.0
2003.0,ssp119_striving,1.03622070739759,ssp119,1.03622070739759,0.0,,,Other,,,,1.0
2003.0,ssp119_zero_tra,1.03622070739759,ssp119,1.03622070739759,0.0,,,Other,,,,1.0
2004.0,ssp119,1.052354222930224,ssp119,1.052354222930224,0.0,,,Other,,,,1.0
2004.0,ssp119_BC_Marine_striving,1.052354222930224,ssp119,1.052354222930224,0.0,non-CO2,BC,Marine,1.052354222930224,0.0,0.0,1.0
2004.0,ssp119_BC_off-road_striving,1.052354222930224,ssp119,1.052354222930224,0.0,non-CO2,BC,off-road,1.052354222930224,0.0,0.0,1.0
2004.0,ssp119_BC_on-road_striving,1.052354222930224,ssp119,1.052354222930224,0.0,non-CO2,BC,on-road,1.052354222930224,0.0,0.0,1.0
2004.0,ssp119_CH4_Marine_striving,1.052354222930224,ssp119,1.052354222930224,0.0,non-CO2,CH4,Marine,1.052354222930224,0.0,0.0,1.0
2004.0,ssp119_CH4_off-road_striving,1.052354222930224,ssp119,1.052354222930224,0.0,non-CO2,CH4,off-road,1.052354222930224,0.0,0.0,1.0
2004.0,ssp119_CH4_on-road_striving,1.052354222930224,ssp119,1.052354222930224,0.0,non-CO2,CH4,on-road,1.052354222930224,0.0,0.0,1.0
2004.0,ssp119_CO2 FFI_Marine_striving,1.052354222930224,ssp119,1.052354222930224,0.0,CO2,CO2 FFI,Marine,1.052354222930224,0.0,0.0,1.0
2004.0,ssp119_CO2 FFI_off-road_striving,1.052354222930224,ssp119,1.052354222930224,0.0,CO2,CO2 FFI,off-road,1.052354222930224,0.0,0.0,1.0
2004.0,ssp119_CO2 FFI_on-road_striving,1.052354222930224,ssp119,1.052354222930224,0.0,CO2,CO2 FFI,on-road,1.052354222930224,0.0,0.0,1.0
2004.0,ssp119_N2O_Marine_striving,1.052354222930224,ssp119,1.052354222930224,0.0,non-CO2,N2O,Marine,1.052354222930224,0.0,0.0,1.0
2004.0,ssp119_N2O_off-road_striving,1.052354222930224,ssp119,1.052354222930224,0.0,non-CO2,N2O,off-road,1.052354222930224,0.0,0.0,1.0
2004.0,ssp119_N2O_on-road_striving,1.052354222930224,ssp119,1.052354222930224,0.0,non-CO2,N2O,on-road,1.052354222930224,0.0,0.0,1.0
2004.0,ssp119_Sulfur_Marine_striving,1.052354222930224,ssp119,1.052354222930224,0.0,non-CO2,Sulfur,Marine,1.052354222930224,0.0,0.0,1.0
2004.0,ssp119_striving,1.052354222930224,ssp119,1.052354222930224,0.0,,,Other,,,,1.0
2004.0,ssp119_zero_tra,1.052354222930224,ssp119,1.052354222930224,0.0,,,Other,,,,1.0
2005.0,ssp119,1.0809215521216125,ssp119,1.0809215521216125,0.0,,,Other,,,,1.0
2005.0,ssp119_BC_Marine_striving,1.0809215521216125,ssp119,1.0809215521216125,0.0,non-CO2,BC,Marine,1.0809215521216125,0.0,0.0,1.0
2005.0,ssp119_BC_off-road_striving,1.0809215521216125,ssp119,1.0809215521216125,0.0,non-CO2,BC,off-road,1.0809215521216125,0.0,0.0,1.0
2005.0,ssp119_BC_on-road_striving,1.0809215521216125,ssp119,1.0809215521216125,0.0,non-CO2,BC,on-road,1.0809215521216125,0.0,0.0,1.0
2005.0,ssp119_CH4_Marine_striving,1.0809215521216125,ssp119,1.0809215521216125,0.0,non-CO2,CH4,Marine,1.0809215521216125,0.0,0.0,1.0
2005.0,ssp119_CH4_off-road_striving,1.0809215521216125,ssp119,1.0809215521216125,0.0,non-CO2,CH4,off-road,1.0809215521216125,0.0,0.0,1.0
2005.0,ssp119_CH4_on-road_striving,1.0809215521216125,ssp119,1.0809215521216125,0.0,non-CO2,CH4,on-road,1.0809215521216125,0.0,0.0,1.0
2005.0,ssp119_CO2 FFI_Marine_striving,1.0809215521216125,ssp119,1.0809215521216125,0.0,CO2,CO2 FFI,Marine,1.0809215521216125,0.0,0.0,1.0
2005.0,ssp119_CO2 FFI_off-road_striving,1.0809215521216125,ssp119,1.0809215521216125,0.0,CO2,CO2 FFI,off-road,1.0809215521216125,0.0,0.0,1.0
2005.0,ssp119_CO2 FFI_on-road_striving,1.0809215521216125,ssp119,1.0809215521216125,0.0,CO2,CO2 FFI,on-road,1.0809215521216125,0.0,0.0,1.0
2005.0,ssp119_N2O_Marine_striving,1.0809215521216125,ssp119,1.0809215521216125,0.0,non-CO2,N2O,Marine,1.0809215521216125,0.0,0.0,1.0
2005.0,ssp119_N2O_off-road_striving,1.0809215521216125,ssp119,1.0809215521216125,0.0,non-CO2,N2O,off-road,1.0809215521216125,0.0,0.0,1.0
2005.0,ssp119_N2O_on-road_striving,1.0809215521216125,ssp119,1.0809215521216125,0.0,non-CO2,N2O,on-road,1.0809215521216125,0.0,0.0,1.0
2005.0,ssp119_Sulfur_Marine_striving,1.0809215521216125,ssp119,1.0809215521216125,0.0,non-CO2,Sulfur,Marine,1.0809215521216125,0.0,0.0,1.0
2005.0,ssp119_striving,1.0809215521216125,ssp119,1.0809215521216125,0.0,,,Other,,,,1.0
2005.0,ssp119_zero_tra,1.0809215521216125,ssp119,1.0809215521216125,0.0,,,Other,,,,1.0
2006.0,ssp119,1.090658238731042,ssp119,1.090658238731042,0.0,,,Other,,,,1.0
2006.0,ssp119_BC_Marine_striving,1.090658238731042,ssp119,1.090658238731042,0.0,non-CO2,BC,Marine,1.090658238731042,0.0,0.0,1.0
2006.0,ssp119_BC_off-road_striving,1.090658238731042,ssp119,1.090658238731042,0.0,non-CO2,BC,off-road,1.090658238731042,0.0,0.0,1.0
2006.0,ssp119_BC_on-road_striving,1.090658238731042,ssp119,1.090658238731042,0.0,non-CO2,BC,on-road,1.090658238731042,0.0,0.0,1.0
2006.0,ssp119_CH4_Marine_striving,1.090658238731042,ssp119,1.090658238731042,0.0,non-CO2,CH4,Marine,1.090658238731042,0.0,0.0,1.0
2006.0,ssp119_CH4_off-road_striving,1.090658238731042,ssp119,1.090658238731042,0.0,non-CO2,CH4,off-road,1.090658238731042,0.0,0.0,1.0
2006.0,ssp119_CH4_on-road_striving,1.090658238731042,ssp119,1.090658238731042,0.0,non-CO2,CH4,on-road,1.090658238731042,0.0,0.0,1.0
2006.0,ssp119_CO2 FFI_Marine_striving,1.090658238731042,ssp119,1.090658238731042,0.0,CO2,CO2 FFI,Marine,1.090658238731042,0.0,0.0,1.0
2006.0,ssp119_CO2 FFI_off-road_striving,1.090658238731042,ssp119,1.090658238731042,0.0,CO2,CO2 FFI,off-road,1.090658238731042,0.0,0.0,1.0
2006.0,ssp119_CO2 FFI_on-road_striving,1.090658238731042,ssp119,1.090658238731042,0.0,CO2,CO2 FFI,on-road,1.090658238731042,0.0,0.0,1.0
2006.0,ssp119_N2O_Marine_striving,1.090658238731042,ssp119,1.090658238731042,0.0,non-CO2,N2O,Marine,1.090658238731042,0.0,0.0,1.0
2006.0,ssp119_N2O_off-road_striving,1.090658238731042,ssp119,1.090658238731042,0.0,non-CO2,N2O,off-road,1.090658238731042,0.0,0.0,1.0
2006.0,ssp119_N2O_on-road_striving,1.090658238731042,ssp119,1.090658238731042,0.0,non-CO2,N2O,on-road,1.090658238731042,0.0,0.0,1.0
2006.0,ssp119_Sulfur_Marine_striving,1.090658238731042,ssp119,1.090658238731042,0.0,non-CO2,Sulfur,Marine,1.090658238731042,0.0,0.0,1.0
2006.0,ssp119_striving,1.090658238731042,ssp119,1.090658238731042,0.0,,,Other,,,,1.0
2006.0,ssp119_zero_tra,1.090658238731042,ssp119,1.090658238731042,0.0,,,Other,,,,1.0
2007.0,ssp119,1.111180030420502,ssp119,1.111180030420502,0.0,,,Other,,,,1.0
2007.0,ssp119_BC_Marine_striving,1.111180030420502,ssp119,1.111180030420502,0.0,non-CO2,BC,Marine,1.111180030420502,0.0,0.0,1.0
2007.0,ssp119_BC_off-road_striving,1.111180030420502,ssp119,1.111180030420502,0.0,non-CO2,BC,off-road,1.111180030420502,0.0,0.0,1.0
2007.0,ssp119_BC_on-road_striving,1.111180030420502,ssp119,1.111180030420502,0.0,non-CO2,BC,on-road,1.111180030420502,0.0,0.0,1.0
2007.0,ssp119_CH4_Marine_striving,1.111180030420502,ssp119,1.111180030420502,0.0,non-CO2,CH4,Marine,1.111180030420502,0.0,0.0,1.0
2007.0,ssp119_CH4_off-road_striving,1.111180030420502,ssp119,1.111180030420502,0.0,non-CO2,CH4,off-road,1.111180030420502,0.0,0.0,1.0
2007.0,ssp119_CH4_on-road_striving,1.111180030420502,ssp119,1.111180030420502,0.0,non-CO2,CH4,on-road,1.111180030420502,0.0,0.0,1.0
2007.0,ssp119_CO2 FFI_Marine_striving,1.111180030420502,ssp119,1.111180030420502,0.0,CO2,CO2 FFI,Marine,1.111180030420502,0.0,0.0,1.0
2007.0,ssp119_CO2 FFI_off-road_striving,1.111180030420502,ssp119,1.111180030420502,0.0,CO2,CO2 FFI,off-road,1.111180030420502,0.0,0.0,1.0
2007.0,ssp119_CO2 FFI_on-road_striving,1.111180030420502,ssp119,1.111180030420502,0.0,CO2,CO2 FFI,on-road,1.111180030420502,0.0,0.0,1.0
2007.0,ssp119_N2O_Marine_striving,1.111180030420502,ssp119,1.111180030420502,0.0,non-CO2,N2O,Marine,1.111180030420502,0.0,0.0,1.0
2007.0,ssp119_N2O_off-road_striving,1.111180030420502,ssp119,1.111180030420502,0.0,non-CO2,N2O,off-road,1.111180030420502,0.0,0.0,1.0
2007.0,ssp119_N2O_on-road_striving,1.111180030420502,ssp119,1.111180030420502,0.0,non-CO2,N2O,on-road,1.111180030420502,0.0,0.0,1.0
2007.0,ssp119_Sulfur_Marine_striving,1.111180030420502,ssp119,1.111180030420502,0.0,non-CO2,Sulfur,Marine,1.111180030420502,0.0,0.0,1.0
2007.0,ssp119_striving,1.111180030420502,ssp119,1.111180030420502,0.0,,,Other,,,,1.0
2007.0,ssp119_zero_tra,1.111180030420502,ssp119,1.111180030420502,0.0,,,Other,,,,1.0
2008.0,ssp119,1.125883802921438,ssp119,1.125883802921438,0.0,,,Other,,,,1.0
2008.0,ssp119_BC_Marine_striving,1.125883802921438,ssp119,1.125883802921438,0.0,non-CO2,BC,Marine,1.125883802921438,0.0,0.0,1.0
2008.0,ssp119_BC_off-road_striving,1.125883802921438,ssp119,1.125883802921438,0.0,non-CO2,BC,off-road,1.125883802921438,0.0,0.0,1.0
2008.0,ssp119_BC_on-road_striving,1.125883802921438,ssp119,1.125883802921438,0.0,non-CO2,BC,on-road,1.125883802921438,0.0,0.0,1.0
2008.0,ssp119_CH4_Marine_striving,1.125883802921438,ssp119,1.125883802921438,0.0,non-CO2,CH4,Marine,1.125883802921438,0.0,0.0,1.0
2008.0,ssp119_CH4_off-road_striving,1.125883802921438,ssp119,1.125883802921438,0.0,non-CO2,CH4,off-road,1.125883802921438,0.0,0.0,1.0
2008.0,ssp119_CH4_on-road_striving,1.125883802921438,ssp119,1.125883802921438,0.0,non-CO2,CH4,on-road,1.125883802921438,0.0,0.0,1.0
2008.0,ssp119_CO2 FFI_Marine_striving,1.125883802921438,ssp119,1.125883802921438,0.0,CO2,CO2 FFI,Marine,1.125883802921438,0.0,0.0,1.0
2008.0,ssp119_CO2 FFI_off-road_striving,1.125883802921438,ssp119,1.125883802921438,0.0,CO2,CO2 FFI,off-road,1.125883802921438,0.0,0.0,1.0
2008.0,ssp119_CO2 FFI_on-road_striving,1.125883802921438,ssp119,1.125883802921438,0.0,CO2,CO2 FFI,on-road,1.125883802921438,0.0,0.0,1.0
2008.0,ssp119_N2O_Marine_striving,1.125883802921438,ssp119,1.125883802921438,0.0,non-CO2,N2O,Marine,1.125883802921438,0.0,0.0,1.0
2008.0,ssp119_N2O_off-road_striving,1.125883802921438,ssp119,1.125883802921438,0.0,non-CO2,N2O,off-road,1.125883802921438,0.0,0.0,1.0
2008.0,ssp119_N2O_on-road_striving,1.125883802921438,ssp119,1.125883802921438,0.0,non-CO2,N2O,on-road,1.125883802921438,0.0,0.0,1.0
2008.0,ssp119_Sulfur_Marine_striving,1.125883802921438,ssp119,1.125883802921438,0.0,non-CO2,Sulfur,Marine,1.125883802921438,0.0,0.0,1.0
2008.0,ssp119_striving,1.125883802921438,ssp119,1.125883802921438,0.0,,,Other,,,,1.0
2008.0,ssp119_zero_tra,1.125883802921438,ssp119,1.125883802921438,0.0,,,Other,,,,1.0
2009.0,ssp119,1.1752838194538042,ssp119,1.1752838194538042,0.0,,,Other,,,,1.0
2009.0,ssp119_BC_Marine_striving,1.1752838194538042,ssp119,1.1752838194538042,0.0,non-CO2,BC,Marine,1.1752838194538042,0.0,0.0,1.0
2009.0,ssp119_BC_off-road_striving,1.1752838194538042,ssp119,1.1752838194538042,0.0,non-CO2,BC,off-road,1.1752838194538042,0.0,0.0,1.0
2009.0,ssp119_BC_on-road_striving,1.1752838194538042,ssp119,1.1752838194538042,0.0,non-CO2,BC,on-road,1.1752838194538042,0.0,0.0,1.0
2009.0,ssp119_CH4_Marine_striving,1.1752838194538042,ssp119,1.1752838194538042,0.0,non-CO2,CH4,Marine,1.1752838194538042,0.0,0.0,1.0
2009.0,ssp119_CH4_off-road_striving,1.1752838194538042,ssp119,1.1752838194538042,0.0,non-CO2,CH4,off-road,1.1752838194538042,0.0,0.0,1.0
2009.0,ssp119_CH4_on-road_striving,1.1752838194538042,ssp119,1.1752838194538042,0.0,non-CO2,CH4,on-road,1.1752838194538042,0.0,0.0,1.0
2009.0,ssp119_CO2 FFI_Marine_striving,1.1752838194538042,ssp119,1.1752838194538042,0.0,CO2,CO2 FFI,Marine,1.1752838194538042,0.0,0.0,1.0
2009.0,ssp119_CO2 FFI_off-road_striving,1.1752838194538042,ssp119,1.1752838194538042,0.0,CO2,CO2 FFI,off-road,1.1752838194538042,0.0,0.0,1.0
2009.0,ssp119_CO2 FFI_on-road_striving,1.1752838194538042,ssp119,1.1752838194538042,0.0,CO2,CO2 FFI,on-road,1.1752838194538042,0.0,0.0,1.0
2009.0,ssp119_N2O_Marine_striving,1.1752838194538042,ssp119,1.1752838194538042,0.0,non-CO2,N2O,Marine,1.1752838194538042,0.0,0.0,1.0
2009.0,ssp119_N2O_off-road_striving,1.1752838194538042,ssp119,1.1752838194538042,0.0,non-CO2,N2O,off-road,1.1752838194538042,0.0,0.0,1.0
2009.0,ssp119_N2O_on-road_striving,1.1752838194538042,ssp119,1.1752838194538042,0.0,non-CO2,N2O,on-road,1.1752838194538042,0.0,0.0,1.0
2009.0,ssp119_Sulfur_Marine_striving,1.1752838194538042,ssp119,1.1752838194538042,0.0,non-CO2,Sulfur,Marine,1.1752838194538042,0.0,0.0,1.0
2009.0,ssp119_striving,1.1752838194538042,ssp119,1.1752838194538042,0.0,,,Other,,,,1.0
2009.0,ssp119_zero_tra,1.1752838194538042,ssp119,1.1752838194538042,0.0,,,Other,,,,1.0
2010.0,ssp119,1.197664959038207,ssp119,1.197664959038207,0.0,,,Other,,,,1.0
2010.0,ssp119_BC_Marine_striving,1.197664959038207,ssp119,1.197664959038207,0.0,non-CO2,BC,Marine,1.197664959038207,0.0,0.0,1.0
2010.0,ssp119_BC_off-road_striving,1.197664959038207,ssp119,1.197664959038207,0.0,non-CO2,BC,off-road,1.197664959038207,0.0,0.0,1.0
2010.0,ssp119_BC_on-road_striving,1.197664959038207,ssp119,1.197664959038207,0.0,non-CO2,BC,on-road,1.197664959038207,0.0,0.0,1.0
2010.0,ssp119_CH4_Marine_striving,1.197664959038207,ssp119,1.197664959038207,0.0,non-CO2,CH4,Marine,1.197664959038207,0.0,0.0,1.0
2010.0,ssp119_CH4_off-road_striving,1.197664959038207,ssp119,1.197664959038207,0.0,non-CO2,CH4,off-road,1.197664959038207,0.0,0.0,1.0
2010.0,ssp119_CH4_on-road_striving,1.197664959038207,ssp119,1.197664959038207,0.0,non-CO2,CH4,on-road,1.197664959038207,0.0,0.0,1.0
2010.0,ssp119_CO2 FFI_Marine_striving,1.197664959038207,ssp119,1.197664959038207,0.0,CO2,CO2 FFI,Marine,1.197664959038207,0.0,0.0,1.0
2010.0,ssp119_CO2 FFI_off-road_striving,1.197664959038207,ssp119,1.197664959038207,0.0,CO2,CO2 FFI,off-road,1.197664959038207,0.0,0.0,1.0
2010.0,ssp119_CO2 FFI_on-road_striving,1.197664959038207,ssp119,1.197664959038207,0.0,CO2,CO2 FFI,on-road,1.197664959038207,0.0,0.0,1.0
2010.0,ssp119_N2O_Marine_striving,1.197664959038207,ssp119,1.197664959038207,0.0,non-CO2,N2O,Marine,1.197664959038207,0.0,0.0,1.0
2010.0,ssp119_N2O_off-road_striving,1.197664959038207,ssp119,1.197664959038207,0.0,non-CO2,N2O,off-road,1.197664959038207,0.0,0.0,1.0
2010.0,ssp119_N2O_on-road_striving,1.197664959038207,ssp119,1.197664959038207,0.0,non-CO2,N2O,on-road,1.197664959038207,0.0,0.0,1.0
2010.0,ssp119_Sulfur_Marine_striving,1.197664959038207,ssp119,1.197664959038207,0.0,non-CO2,Sulfur,Marine,1.197664959038207,0.0,0.0,1.0
2010.0,ssp119_striving,1.197664959038207,ssp119,1.197664959038207,0.0,,,Other,,,,1.0
2010.0,ssp119_zero_tra,1.197664959038207,ssp119,1.197664959038207,0.0,,,Other,,,,1.0
2011.0,ssp119,1.2468776251459808,ssp119,1.2468776251459808,0.0,,,Other,,,,1.0
2011.0,ssp119_BC_Marine_striving,1.2468776251459808,ssp119,1.2468776251459808,0.0,non-CO2,BC,Marine,1.2468776251459808,0.0,0.0,1.0
2011.0,ssp119_BC_off-road_striving,1.2468776251459808,ssp119,1.2468776251459808,0.0,non-CO2,BC,off-road,1.2468776251459808,0.0,0.0,1.0
2011.0,ssp119_BC_on-road_striving,1.2468776251459808,ssp119,1.2468776251459808,0.0,non-CO2,BC,on-road,1.2468776251459808,0.0,0.0,1.0
2011.0,ssp119_CH4_Marine_striving,1.2468776251459808,ssp119,1.2468776251459808,0.0,non-CO2,CH4,Marine,1.2468776251459808,0.0,0.0,1.0
2011.0,ssp119_CH4_off-road_striving,1.2468776251459808,ssp119,1.2468776251459808,0.0,non-CO2,CH4,off-road,1.2468776251459808,0.0,0.0,1.0
2011.0,ssp119_CH4_on-road_striving,1.2468776251459808,ssp119,1.2468776251459808,0.0,non-CO2,CH4,on-road,1.2468776251459808,0.0,0.0,1.0
2011.0,ssp119_CO2 FFI_Marine_striving,1.2468776251459808,ssp119,1.2468776251459808,0.0,CO2,CO2 FFI,Marine,1.2468776251459808,0.0,0.0,1.0
2011.0,ssp119_CO2 FFI_off-road_striving,1.2468776251459808,ssp119,1.2468776251459808,0.0,CO2,CO2 FFI,off-road,1.2468776251459808,0.0,0.0,1.0
2011.0,ssp119_CO2 FFI_on-road_striving,1.2468776251459808,ssp119,1.2468776251459808,0.0,CO2,CO2 FFI,on-road,1.2468776251459808,0.0,0.0,1.0
2011.0,ssp119_N2O_Marine_striving,1.2468776251459808,ssp119,1.2468776251459808,0.0,non-CO2,N2O,Marine,1.2468776251459808,0.0,0.0,1.0
2011.0,ssp119_N2O_off-road_striving,1.2468776251459808,ssp119,1.2468776251459808,0.0,non-CO2,N2O,off-road,1.2468776251459808,0.0,0.0,1.0
2011.0,ssp119_N2O_on-road_striving,1.2468776251459808,ssp119,1.2468776251459808,0.0,non-CO2,N2O,on-road,1.2468776251459808,0.0,0.0,1.0
2011.0,ssp119_Sulfur_Marine_striving,1.2468776251459808,ssp119,1.2468776251459808,0.0,non-CO2,Sulfur,Marine,1.2468776251459808,0.0,0.0,1.0
2011.0,ssp119_striving,1.2468776251459808,ssp119,1.2468776251459808,0.0,,,Other,,,,1.0
2011.0,ssp119_zero_tra,1.2468776251459808,ssp119,1.2468776251459808,0.0,,,Other,,,,1.0
2012.0,ssp119,1.2680234545188211,ssp119,1.2680234545188211,0.0,,,Other,,,,1.0
2012.0,ssp119_BC_Marine_striving,1.2680234545188211,ssp119,1.2680234545188211,0.0,non-CO2,BC,Marine,1.2680234545188211,0.0,0.0,1.0
2012.0,ssp119_BC_off-road_striving,1.2680234545188211,ssp119,1.2680234545188211,0.0,non-CO2,BC,off-road,1.2680234545188211,0.0,0.0,1.0
2012.0,ssp119_BC_on-road_striving,1.2680234545188211,ssp119,1.2680234545188211,0.0,non-CO2,BC,on-road,1.2680234545188211,0.0,0.0,1.0
2012.0,ssp119_CH4_Marine_striving,1.2680234545188211,ssp119,1.2680234545188211,0.0,non-CO2,CH4,Marine,1.2680234545188211,0.0,0.0,1.0
2012.0,ssp119_CH4_off-road_striving,1.2680234545188211,ssp119,1.2680234545188211,0.0,non-CO2,CH4,off-road,1.2680234545188211,0.0,0.0,1.0
2012.0,ssp119_CH4_on-road_striving,1.2680234545188211,ssp119,1.2680234545188211,0.0,non-CO2,CH4,on-road,1.2680234545188211,0.0,0.0,1.0
2012.0,ssp119_CO2 FFI_Marine_striving,1.2680234545188211,ssp119,1.2680234545188211,0.0,CO2,CO2 FFI,Marine,1.2680234545188211,0.0,0.0,1.0
2012.0,ssp119_CO2 FFI_off-road_striving,1.2680234545188211,ssp119,1.2680234545188211,0.0,CO2,CO2 FFI,off-road,1.2680234545188211,0.0,0.0,1.0
2012.0,ssp119_CO2 FFI_on-road_striving,1.2680234545188211,ssp119,1.2680234545188211,0.0,CO2,CO2 FFI,on-road,1.2680234545188211,0.0,0.0,1.0
2012.0,ssp119_N2O_Marine_striving,1.2680234545188211,ssp119,1.2680234545188211,0.0,non-CO2,N2O,Marine,1.2680234545188211,0.0,0.0,1.0
2012.0,ssp119_N2O_off-road_striving,1.2680234545188211,ssp119,1.2680234545188211,0.0,non-CO2,N2O,off-road,1.2680234545188211,0.0,0.0,1.0
2012.0,ssp119_N2O_on-road_striving,1.2680234545188211,ssp119,1.2680234545188211,0.0,non-CO2,N2O,on-road,1.2680234545188211,0.0,0.0,1.0
2012.0,ssp119_Sulfur_Marine_striving,1.2680234545188211,ssp119,1.2680234545188211,0.0,non-CO2,Sulfur,Marine,1.2680234545188211,0.0,0.0,1.0
2012.0,ssp119_striving,1.2680234545188211,ssp119,1.2680234545188211,0.0,,,Other,,,,1.0
2012.0,ssp119_zero_tra,1.2680234545188211,ssp119,1.2680234545188211,0.0,,,Other,,,,1.0
2013.0,ssp119,1.3443082989101633,ssp119,1.3443082989101633,0.0,,,Other,,,,1.0
2013.0,ssp119_BC_Marine_striving,1.3443082989101633,ssp119,1.3443082989101633,0.0,non-CO2,BC,Marine,1.3443082989101633,0.0,0.0,1.0
2013.0,ssp119_BC_off-road_striving,1.3443082989101633,ssp119,1.3443082989101633,0.0,non-CO2,BC,off-road,1.3443082989101633,0.0,0.0,1.0
2013.0,ssp119_BC_on-road_striving,1.3443082989101633,ssp119,1.3443082989101633,0.0,non-CO2,BC,on-road,1.3443082989101633,0.0,0.0,1.0
2013.0,ssp119_CH4_Marine_striving,1.3443082989101633,ssp119,1.3443082989101633,0.0,non-CO2,CH4,Marine,1.3443082989101633,0.0,0.0,1.0
2013.0,ssp119_CH4_off-road_striving,1.3443082989101633,ssp119,1.3443082989101633,0.0,non-CO2,CH4,off-road,1.3443082989101633,0.0,0.0,1.0
2013.0,ssp119_CH4_on-road_striving,1.3443082989101633,ssp119,1.3443082989101633,0.0,non-CO2,CH4,on-road,1.3443082989101633,0.0,0.0,1.0
2013.0,ssp119_CO2 FFI_Marine_striving,1.3443082989101633,ssp119,1.3443082989101633,0.0,CO2,CO2 FFI,Marine,1.3443082989101633,0.0,0.0,1.0
2013.0,ssp119_CO2 FFI_off-road_striving,1.3443082989101633,ssp119,1.3443082989101633,0.0,CO2,CO2 FFI,off-road,1.3443082989101633,0.0,0.0,1.0
2013.0,ssp119_CO2 FFI_on-road_striving,1.3443082989101633,ssp119,1.3443082989101633,0.0,CO2,CO2 FFI,on-road,1.3443082989101633,0.0,0.0,1.0
2013.0,ssp119_N2O_Marine_striving,1.3443082989101633,ssp119,1.3443082989101633,0.0,non-CO2,N2O,Marine,1.3443082989101633,0.0,0.0,1.0
2013.0,ssp119_N2O_off-road_striving,1.3443082989101633,ssp119,1.3443082989101633,0.0,non-CO2,N2O,off-road,1.3443082989101633,0.0,0.0,1.0
2013.0,ssp119_N2O_on-road_striving,1.3443082989101633,ssp119,1.3443082989101633,0.0,non-CO2,N2O,on-road,1.3443082989101633,0.0,0.0,1.0
2013.0,ssp119_Sulfur_Marine_striving,1.3443082989101633,ssp119,1.3443082989101633,0.0,non-CO2,Sulfur,Marine,1.3443082989101633,0.0,0.0,1.0
2013.0,ssp119_striving,1.3443082989101633,ssp119,1.3443082989101633,0.0,,,Other,,,,1.0
2013.0,ssp119_zero_tra,1.3443082989101633,ssp119,1.3443082989101633,0.0,,,Other,,,,1.0
2014.0,ssp119,1.348647259781454,ssp119,1.348647259781454,0.0,,,Other,,,,1.0
2014.0,ssp119_BC_Marine_striving,1.348647259781454,ssp119,1.348647259781454,0.0,non-CO2,BC,Marine,1.348647259781454,0.0,0.0,1.0
2014.0,ssp119_BC_off-road_striving,1.348647259781454,ssp119,1.348647259781454,0.0,non-CO2,BC,off-road,1.348647259781454,0.0,0.0,1.0
2014.0,ssp119_BC_on-road_striving,1.348647259781454,ssp119,1.348647259781454,0.0,non-CO2,BC,on-road,1.348647259781454,0.0,0.0,1.0
2014.0,ssp119_CH4_Marine_striving,1.348647259781454,ssp119,1.348647259781454,0.0,non-CO2,CH4,Marine,1.348647259781454,0.0,0.0,1.0
2014.0,ssp119_CH4_off-road_striving,1.348647259781454,ssp119,1.348647259781454,0.0,non-CO2,CH4,off-road,1.348647259781454,0.0,0.0,1.0
2014.0,ssp119_CH4_on-road_striving,1.348647259781454,ssp119,1.348647259781454,0.0,non-CO2,CH4,on-road,1.348647259781454,0.0,0.0,1.0
2014.0,ssp119_CO2 FFI_Marine_striving,1.348647259781454,ssp119,1.348647259781454,0.0,CO2,CO2 FFI,Marine,1.348647259781454,0.0,0.0,1.0
2014.0,ssp119_CO2 FFI_off-road_striving,1.348647259781454,ssp119,1.348647259781454,0.0,CO2,CO2 FFI,off-road,1.348647259781454,0.0,0.0,1.0
2014.0,ssp119_CO2 FFI_on-road_striving,1.348647259781454,ssp119,1.348647259781454,0.0,CO2,CO2 FFI,on-road,1.348647259781454,0.0,0.0,1.0
2014.0,ssp119_N2O_Marine_striving,1.348647259781454,ssp119,1.348647259781454,0.0,non-CO2,N2O,Marine,1.348647259781454,0.0,0.0,1.0
2014.0,ssp119_N2O_off-road_striving,1.348647259781454,ssp119,1.348647259781454,0.0,non-CO2,N2O,off-road,1.348647259781454,0.0,0.0,1.0
2014.0,ssp119_N2O_on-road_striving,1.348647259781454,ssp119,1.348647259781454,0.0,non-CO2,N2O,on-road,1.348647259781454,0.0,0.0,1.0
2014.0,ssp119_Sulfur_Marine_striving,1.348647259781454,ssp119,1.348647259781454,0.0,non-CO2,Sulfur,Marine,1.348647259781454,0.0,0.0,1.0
2014.0,ssp119_striving,1.348647259781454,ssp119,1.348647259781454,0.0,,,Other,,,,1.0
2014.0,ssp119_zero_tra,1.348647259781454,ssp119,1.348647259781454,0.0,,,Other,,,,1.0
2015.0,ssp119,1.3764388083411434,ssp119,1.3764388083411434,0.0,,,Other,,,,1.0
2015.0,ssp119_BC_Marine_striving,1.3764388083411434,ssp119,1.3764388083411434,0.0,non-CO2,BC,Marine,1.3764388083411434,0.0,0.0,1.0
2015.0,ssp119_BC_off-road_striving,1.3764388083411434,ssp119,1.3764388083411434,0.0,non-CO2,BC,off-road,1.3764388083411434,0.0,0.0,1.0
2015.0,ssp119_BC_on-road_striving,1.3764388083411434,ssp119,1.3764388083411434,0.0,non-CO2,BC,on-road,1.3764388083411434,0.0,0.0,1.0
2015.0,ssp119_CH4_Marine_striving,1.3764388083411434,ssp119,1.3764388083411434,0.0,non-CO2,CH4,Marine,1.3764388083411434,0.0,0.0,1.0
2015.0,ssp119_CH4_off-road_striving,1.3764388083411434,ssp119,1.3764388083411434,0.0,non-CO2,CH4,off-road,1.3764388083411434,0.0,0.0,1.0
2015.0,ssp119_CH4_on-road_striving,1.3764388083411434,ssp119,1.3764388083411434,0.0,non-CO2,CH4,on-road,1.3764388083411434,0.0,0.0,1.0
2015.0,ssp119_CO2 FFI_Marine_striving,1.3764388083411434,ssp119,1.3764388083411434,0.0,CO2,CO2 FFI,Marine,1.3764388083411434,0.0,0.0,1.0
2015.0,ssp119_CO2 FFI_off-road_striving,1.3764388083411434,ssp119,1.3764388083411434,0.0,CO2,CO2 FFI,off-road,1.3764388083411434,0.0,0.0,1.0
2015.0,ssp119_CO2 FFI_on-road_striving,1.3764388083411434,ssp119,1.3764388083411434,0.0,CO2,CO2 FFI,on-road,1.3764388083411434,0.0,0.0,1.0
2015.0,ssp119_N2O_Marine_striving,1.3764388083411434,ssp119,1.3764388083411434,0.0,non-CO2,N2O,Marine,1.3764388083411434,0.0,0.0,1.0
2015.0,ssp119_N2O_off-road_striving,1.3764388083411434,ssp119,1.3764388083411434,0.0,non-CO2,N2O,off-road,1.3764388083411434,0.0,0.0,1.0
2015.0,ssp119_N2O_on-road_striving,1.3764388083411434,ssp119,1.3764388083411434,0.0,non-CO2,N2O,on-road,1.3764388083411434,0.0,0.0,1.0
2015.0,ssp119_Sulfur_Marine_striving,1.3764388083411434,ssp119,1.3764388083411434,0.0,non-CO2,Sulfur,Marine,1.3764388083411434,0.0,0.0,1.0
2015.0,ssp119_striving,1.3764388083411434,ssp119,1.3764388083411434,0.0,,,Other,,,,1.0
2015.0,ssp119_zero_tra,1.3764388083411434,ssp119,1.3764388083411434,0.0,,,Other,,,,1.0
2016.0,ssp119,1.4056320945057306,ssp119,1.4056320945057306,0.0,,,Other,,,,1.0
2016.0,ssp119_BC_Marine_striving,1.4056320945057306,ssp119,1.4056320945057306,0.0,non-CO2,BC,Marine,1.4056320945057306,0.0,0.0,1.0
2016.0,ssp119_BC_off-road_striving,1.4056320945057306,ssp119,1.4056320945057306,0.0,non-CO2,BC,off-road,1.4056320945057306,0.0,0.0,1.0
2016.0,ssp119_BC_on-road_striving,1.4056320945057306,ssp119,1.4056320945057306,0.0,non-CO2,BC,on-road,1.4056320945057306,0.0,0.0,1.0
2016.0,ssp119_CH4_Marine_striving,1.4056320945057306,ssp119,1.4056320945057306,0.0,non-CO2,CH4,Marine,1.4056320945057306,0.0,0.0,1.0
2016.0,ssp119_CH4_off-road_striving,1.4056320945057306,ssp119,1.4056320945057306,0.0,non-CO2,CH4,off-road,1.4056320945057306,0.0,0.0,1.0
2016.0,ssp119_CH4_on-road_striving,1.4056320945057306,ssp119,1.4056320945057306,0.0,non-CO2,CH4,on-road,1.4056320945057306,0.0,0.0,1.0
2016.0,ssp119_CO2 FFI_Marine_striving,1.4056320945057306,ssp119,1.4056320945057306,0.0,CO2,CO2 FFI,Marine,1.4056320945057306,0.0,0.0,1.0
2016.0,ssp119_CO2 FFI_off-road_striving,1.4056320945057306,ssp119,1.4056320945057306,0.0,CO2,CO2 FFI,off-road,1.4056320945057306,0.0,0.0,1.0
2016.0,ssp119_CO2 FFI_on-road_striving,1.4056320945057306,ssp119,1.4056320945057306,0.0,CO2,CO2 FFI,on-road,1.4056320945057306,0.0,0.0,1.0
2016.0,ssp119_N2O_Marine_striving,1.4056320945057306,ssp119,1.4056320945057306,0.0,non-CO2,N2O,Marine,1.4056320945057306,0.0,0.0,1.0
2016.0,ssp119_N2O_off-road_striving,1.4056320945057306,ssp119,1.4056320945057306,0.0,non-CO2,N2O,off-road,1.4056320945057306,0.0,0.0,1.0
2016.0,ssp119_N2O_on-road_striving,1.4056320945057306,ssp119,1.4056320945057306,0.0,non-CO2,N2O,on-road,1.4056320945057306,0.0,0.0,1.0
2016.0,ssp119_Sulfur_Marine_striving,1.4056320945057306,ssp119,1.4056320945057306,0.0,non-CO2,Sulfur,Marine,1.4056320945057306,0.0,0.0,1.0
2016.0,ssp119_striving,1.4056320945057306,ssp119,1.4056320945057306,0.0,,,Other,,,,1.0
2016.0,ssp119_zero_tra,1.4056320945057306,ssp119,1.4056320945057306,0.0,,,Other,,,,1.0
2017.0,ssp119,1.4424509432915307,ssp119,1.4424509432915307,0.0,,,Other,,,,1.0
2017.0,ssp119_BC_Marine_striving,1.4424509432915307,ssp119,1.4424509432915307,0.0,non-CO2,BC,Marine,1.4424509432915307,0.0,0.0,1.0
2017.0,ssp119_BC_off-road_striving,1.4424509432915307,ssp119,1.4424509432915307,0.0,non-CO2,BC,off-road,1.4424509432915307,0.0,0.0,1.0
2017.0,ssp119_BC_on-road_striving,1.4424509432915307,ssp119,1.4424509432915307,0.0,non-CO2,BC,on-road,1.4424509432915307,0.0,0.0,1.0
2017.0,ssp119_CH4_Marine_striving,1.4424509432915307,ssp119,1.4424509432915307,0.0,non-CO2,CH4,Marine,1.4424509432915307,0.0,0.0,1.0
2017.0,ssp119_CH4_off-road_striving,1.4424509432915307,ssp119,1.4424509432915307,0.0,non-CO2,CH4,off-road,1.4424509432915307,0.0,0.0,1.0
2017.0,ssp119_CH4_on-road_striving,1.4424509432915307,ssp119,1.4424509432915307,0.0,non-CO2,CH4,on-road,1.4424509432915307,0.0,0.0,1.0
2017.0,ssp119_CO2 FFI_Marine_striving,1.4424509432915307,ssp119,1.4424509432915307,0.0,CO2,CO2 FFI,Marine,1.4424509432915307,0.0,0.0,1.0
2017.0,ssp119_CO2 FFI_off-road_striving,1.4424509432915307,ssp119,1.4424509432915307,0.0,CO2,CO2 FFI,off-road,1.4424509432915307,0.0,0.0,1.0
2017.0,ssp119_CO2 FFI_on-road_striving,1.4424509432915307,ssp119,1.4424509432915307,0.0,CO2,CO2 FFI,on-road,1.4424509432915307,0.0,0.0,1.0
2017.0,ssp119_N2O_Marine_striving,1.4424509432915307,ssp119,1.4424509432915307,0.0,non-CO2,N2O,Marine,1.4424509432915307,0.0,0.0,1.0
2017.0,ssp119_N2O_off-road_striving,1.4424509432915307,ssp119,1.4424509432915307,0.0,non-CO2,N2O,off-road,1.4424509432915307,0.0,0.0,1.0
2017.0,ssp119_N2O_on-road_striving,1.4424509432915307,ssp119,1.4424509432915307,0.0,non-CO2,N2O,on-road,1.4424509432915307,0.0,0.0,1.0
2017.0,ssp119_Sulfur_Marine_striving,1.4424509432915307,ssp119,1.4424509432915307,0.0,non-CO2,Sulfur,Marine,1.4424509432915307,0.0,0.0,1.0
2017.0,ssp119_striving,1.4424509432915307,ssp119,1.4424509432915307,0.0,,,Other,,,,1.0
2017.0,ssp119_zero_tra,1.4424509432915307,ssp119,1.4424509432915307,0.0,,,Other,,,,1.0
2018.0,ssp119,1.4769823874116157,ssp119,1.4769823874116157,0.0,,,Other,,,,1.0
2018.0,ssp119_BC_Marine_striving,1.4769823874116157,ssp119,1.4769823874116157,0.0,non-CO2,BC,Marine,1.4769823874116157,0.0,0.0,1.0
2018.0,ssp119_BC_off-road_striving,1.4769823874116157,ssp119,1.4769823874116157,0.0,non-CO2,BC,off-road,1.4769823874116157,0.0,0.0,1.0
2018.0,ssp119_BC_on-road_striving,1.4769823874116157,ssp119,1.4769823874116157,0.0,non-CO2,BC,on-road,1.4769823874116157,0.0,0.0,1.0
2018.0,ssp119_CH4_Marine_striving,1.4769823874116157,ssp119,1.4769823874116157,0.0,non-CO2,CH4,Marine,1.4769823874116157,0.0,0.0,1.0
2018.0,ssp119_CH4_off-road_striving,1.4769823874116157,ssp119,1.4769823874116157,0.0,non-CO2,CH4,off-road,1.4769823874116157,0.0,0.0,1.0
2018.0,ssp119_CH4_on-road_striving,1.4769823874116157,ssp119,1.4769823874116157,0.0,non-CO2,CH4,on-road,1.4769823874116157,0.0,0.0,1.0
2018.0,ssp119_CO2 FFI_Marine_striving,1.4769823874116157,ssp119,1.4769823874116157,0.0,CO2,CO2 FFI,Marine,1.4769823874116157,0.0,0.0,1.0
2018.0,ssp119_CO2 FFI_off-road_striving,1.4769823874116157,ssp119,1.4769823874116157,0.0,CO2,CO2 FFI,off-road,1.4769823874116157,0.0,0.0,1.0
2018.0,ssp119_CO2 FFI_on-road_striving,1.4769823874116157,ssp119,1.4769823874116157,0.0,CO2,CO2 FFI,on-road,1.4769823874116157,0.0,0.0,1.0
2018.0,ssp119_N2O_Marine_striving,1.4769823874116157,ssp119,1.4769823874116157,0.0,non-CO2,N2O,Marine,1.4769823874116157,0.0,0.0,1.0
2018.0,ssp119_N2O_off-road_striving,1.4769823874116157,ssp119,1.4769823874116157,0.0,non-CO2,N2O,off-road,1.4769823874116157,0.0,0.0,1.0
2018.0,ssp119_N2O_on-road_striving,1.4769823874116157,ssp119,1.4769823874116157,0.0,non-CO2,N2O,on-road,1.4769823874116157,0.0,0.0,1.0
2018.0,ssp119_Sulfur_Marine_striving,1.4769823874116157,ssp119,1.4769823874116157,0.0,non-CO2,Sulfur,Marine,1.4769823874116157,0.0,0.0,1.0
2018.0,ssp119_striving,1.4769823874116157,ssp119,1.4769823874116157,0.0,,,Other,,,,1.0
2018.0,ssp119_zero_tra,1.4769823874116157,ssp119,1.4769823874116157,0.0,,,Other,,,,1.0
2019.0,ssp119,1.5372687736409207,ssp119,1.5372687736409207,0.0,,,Other,,,,1.0
2019.0,ssp119_BC_Marine_striving,1.5372687736409207,ssp119,1.5372687736409207,0.0,non-CO2,BC,Marine,1.5372687736409207,0.0,0.0,1.0
2019.0,ssp119_BC_off-road_striving,1.5372687736409207,ssp119,1.5372687736409207,0.0,non-CO2,BC,off-road,1.5372687736409207,0.0,0.0,1.0
2019.0,ssp119_BC_on-road_striving,1.5372687736409207,ssp119,1.5372687736409207,0.0,non-CO2,BC,on-road,1.5372687736409207,0.0,0.0,1.0
2019.0,ssp119_CH4_Marine_striving,1.5372687736409207,ssp119,1.5372687736409207,0.0,non-CO2,CH4,Marine,1.5372687736409207,0.0,0.0,1.0
2019.0,ssp119_CH4_off-road_striving,1.5372687736409207,ssp119,1.5372687736409207,0.0,non-CO2,CH4,off-road,1.5372687736409207,0.0,0.0,1.0
2019.0,ssp119_CH4_on-road_striving,1.5372687736409207,ssp119,1.5372687736409207,0.0,non-CO2,CH4,on-road,1.5372687736409207,0.0,0.0,1.0
2019.0,ssp119_CO2 FFI_Marine_striving,1.5372687736409207,ssp119,1.5372687736409207,0.0,CO2,CO2 FFI,Marine,1.5372687736409207,0.0,0.0,1.0
2019.0,ssp119_CO2 FFI_off-road_striving,1.5372687736409207,ssp119,1.5372687736409207,0.0,CO2,CO2 FFI,off-road,1.5372687736409207,0.0,0.0,1.0
2019.0,ssp119_CO2 FFI_on-road_striving,1.5372687736409207,ssp119,1.5372687736409207,0.0,CO2,CO2 FFI,on-road,1.5372687736409207,0.0,0.0,1.0
2019.0,ssp119_N2O_Marine_striving,1.5372687736409207,ssp119,1.5372687736409207,0.0,non-CO2,N2O,Marine,1.5372687736409207,0.0,0.0,1.0
2019.0,ssp119_N2O_off-road_striving,1.5372687736409207,ssp119,1.5372687736409207,0.0,non-CO2,N2O,off-road,1.5372687736409207,0.0,0.0,1.0
2019.0,ssp119_N2O_on-road_striving,1.5372687736409207,ssp119,1.5372687736409207,0.0,non-CO2,N2O,on-road,1.5372687736409207,0.0,0.0,1.0
2019.0,ssp119_Sulfur_Marine_striving,1.5372687736409207,ssp119,1.5372687736409207,0.0,non-CO2,Sulfur,Marine,1.5372687736409207,0.0,0.0,1.0
2019.0,ssp119_striving,1.5372687736409207,ssp119,1.5372687736409207,0.0,,,Other,,,,1.0
2019.0,ssp119_zero_tra,1.5372687736409207,ssp119,1.5372687736409207,0.0,,,Other,,,,1.0
2020.0,ssp119,1.6049418848567725,ssp119,1.6049418848567725,0.0,,,Other,,,,1.1
2020.0,ssp119_BC_Marine_striving,1.6049418848567725,ssp119,1.6049418848567725,0.0,non-CO2,BC,Marine,1.6049418848567725,0.0,0.0,1.1
2020.0,ssp119_BC_off-road_striving,1.6049418848567725,ssp119,1.6049418848567725,0.0,non-CO2,BC,off-road,1.6049418848567725,0.0,0.0,1.1
2020.0,ssp119_BC_on-road_striving,1.6049418848567725,ssp119,1.6049418848567725,0.0,non-CO2,BC,on-road,1.6049418848567725,0.0,0.0,1.1
2020.0,ssp119_CH4_Marine_striving,1.6049418848567725,ssp119,1.6049418848567725,0.0,non-CO2,CH4,Marine,1.6049418848567725,0.0,0.0,1.1
2020.0,ssp119_CH4_off-road_striving,1.6049418848567725,ssp119,1.6049418848567725,0.0,non-CO2,CH4,off-road,1.6049418848567725,0.0,0.0,1.1
2020.0,ssp119_CH4_on-road_striving,1.6049418848567725,ssp119,1.6049418848567725,0.0,non-CO2,CH4,on-road,1.6049418848567725,0.0,0.0,1.1
2020.0,ssp119_CO2 FFI_Marine_striving,1.6049418848567725,ssp119,1.6049418848567725,0.0,CO2,CO2 FFI,Marine,1.6049418848567725,0.0,0.0,1.1
2020.0,ssp119_CO2 FFI_off-road_striving,1.6049418848567725,ssp119,1.6049418848567725,0.0,CO2,CO2 FFI,off-road,1.6049418848567725,0.0,0.0,1.1
2020.0,ssp119_CO2 FFI_on-road_striving,1.6049418848567725,ssp119,1.6049418848567725,0.0,CO2,CO2 FFI,on-road,1.6049418848567725,0.0,0.0,1.1
2020.0,ssp119_N2O_Marine_striving,1.6049418848567725,ssp119,1.6049418848567725,0.0,non-CO2,N2O,Marine,1.6049418848567725,0.0,0.0,1.1
2020.0,ssp119_N2O_off-road_striving,1.6049418848567725,ssp119,1.6049418848567725,0.0,non-CO2,N2O,off-road,1.6049418848567725,0.0,0.0,1.1
2020.0,ssp119_N2O_on-road_striving,1.6049418848567725,ssp119,1.6049418848567725,0.0,non-CO2,N2O,on-road,1.6049418848567725,0.0,0.0,1.1
2020.0,ssp119_Sulfur_Marine_striving,1.6049418848567725,ssp119,1.6049418848567725,0.0,non-CO2,Sulfur,Marine,1.6049418848567725,0.0,0.0,1.1
2020.0,ssp119_striving,1.6047340763097897,ssp119,1.6049418848567725,0.0002078085469827684,,,Other,,,,1.1
2020.0,ssp119_zero_tra,1.6033803274876741,ssp119,1.6049418848567725,0.0015615573690983542,,,Other,,,,1.1
2021.0,ssp119,1.639717069674683,ssp119,1.639717069674683,0.0,,,Other,,,,1.1083333333333334
2021.0,ssp119_BC_Marine_striving,1.639717069674683,ssp119,1.639717069674683,0.0,non-CO2,BC,Marine,1.6393951572256624,0.00035678629766447423,0.00035678629766447423,1.1083333333333334
2021.0,ssp119_BC_off-road_striving,1.639717069674683,ssp119,1.639717069674683,0.0,non-CO2,BC,off-road,1.6386112678246245,0.0011058018500584854,0.0011058018500584854,1.1083333333333334
2021.0,ssp119_BC_on-road_striving,1.6397088922361873,ssp119,1.639717069674683,8.17743849568231e-06,non-CO2,BC,on-road,1.6367643136758772,0.002952755998805845,0.0029445785603101626,1.1083333333333334
2021.0,ssp119_CH4_Marine_striving,1.639717069674683,ssp119,1.639717069674683,0.0,non-CO2,CH4,Marine,1.639682862100758,3.4207573925026935e-05,3.4207573925026935e-05,1.1083333333333334
2021.0,ssp119_CH4_off-road_striving,1.639717069674683,ssp119,1.639717069674683,0.0,non-CO2,CH4,off-road,1.6396054577053754,0.00011161196930764561,0.00011161196930764561,1.1083333333333334
2021.0,ssp119_CH4_on-road_striving,1.6397171158372383,ssp119,1.639717069674683,-4.616255533385072e-08,non-CO2,CH4,on-road,1.6394780222934633,0.0002390473812197147,0.00023909354377504854,1.1083333333333334
2021.0,ssp119_CO2 FFI_Marine_striving,1.639717069674683,ssp119,1.639717069674683,0.0,CO2,CO2 FFI,Marine,1.6395099633965189,0.0002071062781641153,0.0002071062781641153,1.1083333333333334
2021.0,ssp119_CO2 FFI_off-road_striving,1.639717069674683,ssp119,1.639717069674683,0.0,CO2,CO2 FFI,off-road,1.6394046958593667,0.0003123738153163469,0.0003123738153163469,1.1083333333333334
2021.0,ssp119_CO2 FFI_on-road_striving,1.639717069674683,ssp119,1.639717069674683,0.0,CO2,CO2 FFI,on-road,1.6380205930220622,0.0016964766526208486,0.0016964766526208486,1.1083333333333334
2021.0,ssp119_N2O_Marine_striving,1.639717069674683,ssp119,1.639717069674683,0.0,non-CO2,N2O,Marine,1.639714473461687,2.5962129959200553e-06,2.5962129959200553e-06,1.1083333333333334
2021.0,ssp119_N2O_off-road_striving,1.639717069674683,ssp119,1.639717069674683,0.0,non-CO2,N2O,off-road,1.6397164775809616,5.920937213854671e-07,5.920937213854671e-07,1.1083333333333334
2021.0,ssp119_N2O_on-road_striving,1.6397170700518022,ssp119,1.639717069674683,-3.771192247370436e-10,non-CO2,N2O,on-road,1.6397074121589224,9.657515760652657e-06,9.657892879877394e-06,1.1083333333333334
2021.0,ssp119_Sulfur_Marine_striving,1.639717069674683,ssp119,1.639717069674683,0.0,non-CO2,Sulfur,Marine,1.6418782119537354,-0.002161142279052397,-0.002161142279052397,1.1083333333333334
2021.0,ssp119_striving,1.638764871189429,ssp119,1.639717069674683,0.0009521984852540744,,,Other,,,,1.1083333333333334
2021.0,ssp119_zero_tra,1.6301785727249702,ssp119,1.639717069674683,0.00953849694971276,,,Other,,,,1.1083333333333334
2022.0,ssp119,1.6491452055491478,ssp119,1.6491452055491478,0.0,,,Other,,,,1.1166666666666667
2022.0,ssp119_BC_Marine_striving,1.6491452055491478,ssp119,1.6491452055491478,0.0,non-CO2,BC,Marine,1.6485653120694324,0.0006475477190155658,0.0006475477190155658,1.1166666666666667
2022.0,ssp119_BC_off-road_striving,1.6491452055491478,ssp119,1.6491452055491478,0.0,non-CO2,BC,off-road,1.6471816781423387,0.0019635274068090514,0.0019635274068090514,1.1166666666666667
2022.0,ssp119_BC_on-road_striving,1.6491304849047963,ssp119,1.6491452055491478,1.472064435148468e-05,non-CO2,BC,on-road,1.6439137402092772,0.005231465339870622,0.005216744695519138,1.1166666666666667
2022.0,ssp119_CH4_Marine_striving,1.6491452055491478,ssp119,1.6491452055491478,0.0,non-CO2,CH4,Marine,1.6490499777712864,9.522777786141745e-05,9.522777786141745e-05,1.1166666666666667
2022.0,ssp119_CH4_off-road_striving,1.6491452055491478,ssp119,1.6491452055491478,0.0,non-CO2,CH4,off-road,1.6488400028583392,0.0003052026908085814,0.0003052026908085814,1.1166666666666667
2022.0,ssp119_CH4_on-road_striving,1.6491452166343403,ssp119,1.6491452055491478,-1.1085192541671063e-08,non-CO2,CH4,on-road,1.6484838741222048,0.0006613314269430237,0.0006613425121355654,1.1166666666666667
2022.0,ssp119_CO2 FFI_Marine_striving,1.6491452055491478,ssp119,1.6491452055491478,0.0,CO2,CO2 FFI,Marine,1.64857843799752,0.0005667675516278781,0.0005667675516278781,1.1166666666666667
2022.0,ssp119_CO2 FFI_off-road_striving,1.6491452055491478,ssp119,1.6491452055491478,0.0,CO2,CO2 FFI,off-road,1.6482978057430278,0.0008473998061200305,0.0008473998061200305,1.1166666666666667
2022.0,ssp119_CO2 FFI_on-road_striving,1.6491449980668438,ssp119,1.6491452055491478,2.074823040043583e-07,CO2,CO2 FFI,on-road,1.6444827768643373,0.004662428684810482,0.004662221202506478,1.1166666666666667
2022.0,ssp119_N2O_Marine_striving,1.6491452055491478,ssp119,1.6491452055491478,0.0,non-CO2,N2O,Marine,1.6491379888333064,7.216715841362742e-06,7.216715841362742e-06,1.1166666666666667
2022.0,ssp119_N2O_off-road_striving,1.6491452055491478,ssp119,1.6491452055491478,0.0,non-CO2,N2O,off-road,1.6491435612981844,1.644250963384053e-06,1.644250963384053e-06,1.1166666666666667
2022.0,ssp119_N2O_on-road_striving,1.6491451454355357,ssp119,1.6491452055491478,6.011361208813071e-08,non-CO2,N2O,on-road,1.6491181563627417,2.7049186406058467e-05,2.6989072793970337e-05,1.1166666666666667
2022.0,ssp119_Sulfur_Marine_striving,1.6491452055491478,ssp119,1.6491452055491478,0.0,non-CO2,Sulfur,Marine,1.65313548099542,-0.0039902754462721735,-0.0039902754462721735,1.1166666666666667
2022.0,ssp119_striving,1.6468094752028481,ssp119,1.6491452055491478,0.002335730346299636,,,Other,,,,1.1166666666666667
2022.0,ssp119_zero_tra,1.6303045079276863,ssp119,1.6491452055491478,0.018840697621461455,,,Other,,,,1.1166666666666667
2023.0,ssp119,1.6567329313060872,ssp119,1.6567329313060872,0.0,,,Other,,,,1.125
2023.0,ssp119_BC_Marine_striving,1.6567329313060872,ssp119,1.6567329313060872,0.0,non-CO2,BC,Marine,1.655965464699689,0.0008633999321979169,0.0008633999321979169,1.125
2023.0,ssp119_BC_off-road_striving,1.6567329313060872,ssp119,1.6567329313060872,0.0,non-CO2,BC,off-road,1.6542646335672495,0.0024682977388377214,0.0024682977388377214,1.125
2023.0,ssp119_BC_on-road_striving,1.6567058834133286,ssp119,1.6567329313060872,2.7047892758647052e-05,non-CO2,BC,on-road,1.6501964752518572,0.006536456054230033,0.006509408161471386,1.125
2023.0,ssp119_CH4_Marine_striving,1.6567329313060872,ssp119,1.6567329313060872,0.0,non-CO2,CH4,Marine,1.656561394610666,0.00017153669542113725,0.00017153669542113725,1.125
2023.0,ssp119_CH4_off-road_striving,1.6567329313060872,ssp119,1.6567329313060872,0.0,non-CO2,CH4,off-road,1.6561906807505231,0.0005422505555641166,0.0005422505555641166,1.125
2023.0,ssp119_CH4_on-road_striving,1.656732550377845,ssp119,1.6567329313060872,3.8092824228286304e-07,non-CO2,CH4,on-road,1.6555488402839167,0.0011840910221705414,0.0011837100939282585,1.125
2023.0,ssp119_CO2 FFI_Marine_striving,1.6567329313060872,ssp119,1.6567329313060872,0.0,CO2,CO2 FFI,Marine,1.6557261675906902,0.0010067637153969855,0.0010067637153969855,1.125
2023.0,ssp119_CO2 FFI_off-road_striving,1.6567329313060872,ssp119,1.6567329313060872,0.0,CO2,CO2 FFI,off-road,1.6552354043255548,0.0014975269805324043,0.0014975269805324043,1.125
2023.0,ssp119_CO2 FFI_on-road_striving,1.6567298900094056,ssp119,1.6567329313060872,3.0412966816051323e-06,CO2,CO2 FFI,on-road,1.648420355743266,0.008312575562821278,0.008309534266139673,1.125
2023.0,ssp119_N2O_Marine_striving,1.6567329313060872,ssp119,1.6567329313060872,0.0,non-CO2,N2O,Marine,1.6567196666751336,1.3264630953635503e-05,1.3264630953635503e-05,1.125
2023.0,ssp119_N2O_off-road_striving,1.6567329313060872,ssp119,1.6567329313060872,0.0,non-CO2,N2O,off-road,1.6567299621459894,2.969160097787693e-06,2.969160097787693e-06,1.125
2023.0,ssp119_N2O_on-road_striving,1.6567328230622083,ssp119,1.6567329313060872,1.08243878971237e-07,non-CO2,N2O,on-road,1.6566838468982714,4.908440781581369e-05,4.8976163936842454e-05,1.125
2023.0,ssp119_Sulfur_Marine_striving,1.6567329313060872,ssp119,1.6567329313060872,0.0,non-CO2,Sulfur,Marine,1.6619599240443708,-0.005226992738283531,-0.005226992738283531,1.125
2023.0,ssp119_striving,1.6526432036187897,ssp119,1.6567329313060872,0.00408972768729754,,,Other,,,,1.125
2023.0,ssp119_zero_tra,1.6285272670928579,ssp119,1.6567329313060872,0.028205664213229342,,,Other,,,,1.125
2024.0,ssp119,1.6995753377863427,ssp119,1.6995753377863427,0.0,,,Other,,,,1.1333333333333335
2024.0,ssp119_BC_Marine_striving,1.6995753377863427,ssp119,1.6995753377863427,0.0,non-CO2,BC,Marine,1.6986693256933045,0.0010268137054432933,0.0010268137054432933,1.1333333333333335
2024.0,ssp119_BC_off-road_striving,1.6995753377863427,ssp119,1.6995753377863427,0.0,non-CO2,BC,off-road,1.6967841125336582,0.0027912252526844927,0.0027912252526844927,1.1333333333333335
2024.0,ssp119_BC_on-road_striving,1.6995178291128394,ssp119,1.6995753377863427,5.7508673503292584e-05,non-CO2,BC,on-road,1.692246879286068,0.007328458500274637,0.007270949826771345,1.1333333333333335
2024.0,ssp119_CH4_Marine_striving,1.6995753377863427,ssp119,1.6995753377863427,0.0,non-CO2,CH4,Marine,1.6993179545561434,0.000257383230199304,0.000257383230199304,1.1333333333333335
2024.0,ssp119_CH4_off-road_striving,1.6995753377863427,ssp119,1.6995753377863427,0.0,non-CO2,CH4,off-road,1.698771956185364,0.0008033816009787031,0.0008033816009787031,1.1333333333333335
2024.0,ssp119_CH4_on-road_striving,1.699571876207198,ssp119,1.6995753377863427,3.461579144659055e-06,non-CO2,CH4,on-road,1.6978108786899546,0.0017644590963881157,0.0017609975172434567,1.1333333333333335
2024.0,ssp119_CO2 FFI_Marine_striving,1.6995753377863427,ssp119,1.6995753377863427,0.0,CO2,CO2 FFI,Marine,1.6980800651689123,0.001495272617430432,0.001495272617430432,1.1333333333333335
2024.0,ssp119_CO2 FFI_off-road_striving,1.6995753377863427,ssp119,1.6995753377863427,0.0,CO2,CO2 FFI,off-road,1.6973618820450997,0.0022134557412429867,0.0022134557412429867,1.1333333333333335
2024.0,ssp119_CO2 FFI_on-road_striving,1.699549099384729,ssp119,1.6995753377863427,2.6238401613642992e-05,CO2,CO2 FFI,on-road,1.6872071266973643,0.012368211088978454,0.01234197268736481,1.1333333333333335
2024.0,ssp119_N2O_Marine_striving,1.6995753377863427,ssp119,1.6995753377863427,0.0,non-CO2,N2O,Marine,1.6995550517750888,2.028601125392271e-05,2.028601125392271e-05,1.1333333333333335
2024.0,ssp119_N2O_off-road_striving,1.6995753377863427,ssp119,1.6995753377863427,0.0,non-CO2,N2O,off-road,1.699570866148543,4.4716377998188506e-06,4.4716377998188506e-06,1.1333333333333335
2024.0,ssp119_N2O_on-road_striving,1.6995750058983181,ssp119,1.6995753377863427,3.318880246183653e-07,non-CO2,N2O,on-road,1.6995011284016912,7.42093846515246e-05,7.387749662690624e-05,1.1333333333333335
2024.0,ssp119_Sulfur_Marine_striving,1.6995753377863427,ssp119,1.6995753377863427,0.0,non-CO2,Sulfur,Marine,1.7057272702005566,-0.0061519324142138565,-0.0061519324142138565,1.1333333333333335
2024.0,ssp119_striving,1.6936025853804986,ssp119,1.6995753377863427,0.005972752405844162,,,Other,,,,1.1333333333333335
2024.0,ssp119_zero_tra,1.6619794028554833,ssp119,1.6995753377863427,0.03759593493085944,,,Other,,,,1.1333333333333335
2025.0,ssp119,1.6993289504358824,ssp119,1.6993289504358824,0.0,,,Other,,,,1.1416666666666668
2025.0,ssp119_BC_Marine_striving,1.6993351754340804,ssp119,1.6993289504358824,-7.106872942743334e-06,non-CO2,BC,Marine,1.6983182054565094,0.0011539338514508818,0.001161040724393625,1.1416666666666668
2025.0,ssp119_BC_off-road_striving,1.6993289504358824,ssp119,1.6993289504358824,0.0,non-CO2,BC,off-road,1.6963138637216837,0.0030150867141987003,0.0030150867141987003,1.1416666666666668
2025.0,ssp119_BC_on-road_striving,1.6992313314566379,ssp119,1.6993289504358824,9.761897924454033e-05,non-CO2,BC,on-road,1.6914912163343911,0.007837734101491245,0.007740115122246705,1.1416666666666668
2025.0,ssp119_CH4_Marine_striving,1.699328564950032,ssp119,1.6993289504358824,3.8548585035158567e-07,non-CO2,CH4,Marine,1.69897946366378,0.0003494867721023365,0.0003491012862519849,1.1416666666666668
2025.0,ssp119_CH4_off-road_striving,1.6993289504358824,ssp119,1.6993289504358824,0.0,non-CO2,CH4,off-road,1.6982505075848973,0.0010784428509851285,0.0010784428509851285,1.1416666666666668
2025.0,ssp119_CH4_on-road_striving,1.699317487558634,ssp119,1.6993289504358824,1.1462877248291647e-05,non-CO2,CH4,on-road,1.6969488649602757,0.0023800854756066414,0.0023686225983583498,1.1416666666666668
2025.0,ssp119_CO2 FFI_Marine_striving,1.6993292379387088,ssp119,1.6993289504358824,-2.8750282643486e-07,CO2,CO2 FFI,Marine,1.6973168580649696,0.0020120923709128213,0.002012379873739256,1.1416666666666668
2025.0,ssp119_CO2 FFI_off-road_striving,1.6993289504358824,ssp119,1.6993289504358824,0.0,CO2,CO2 FFI,off-road,1.69635565674052,0.0029732936953623668,0.0029732936953623668,1.1416666666666668
2025.0,ssp119_CO2 FFI_on-road_striving,1.6992434010230402,ssp119,1.6993289504358824,8.554941284222295e-05,CO2,CO2 FFI,on-road,1.6826256891115097,0.01670326132437272,0.016617711911530497,1.1416666666666668
2025.0,ssp119_N2O_Marine_striving,1.6993289577511679,ssp119,1.6993289504358824,-7.315285488473933e-09,non-CO2,N2O,Marine,1.6993007374905407,2.821294534172125e-05,2.8220260627209726e-05,1.1416666666666668
2025.0,ssp119_N2O_off-road_striving,1.6993289504358824,ssp119,1.6993289504358824,0.0,non-CO2,N2O,off-road,1.6993228494399248,6.100995957547539e-06,6.100995957547539e-06,1.1416666666666668
2025.0,ssp119_N2O_on-road_striving,1.6993281794936048,ssp119,1.6993289504358824,7.709422775725727e-07,non-CO2,N2O,on-road,1.699227398365211,0.0001015520706713069,0.00010078112839373432,1.1416666666666668
2025.0,ssp119_Sulfur_Marine_striving,1.6993264705205477,ssp119,1.6993289504358824,2.479915334641092e-06,non-CO2,Sulfur,Marine,1.7062464604882996,-0.006917510052417253,-0.006919989967751894,1.1416666666666668
2025.0,ssp119_striving,1.6913797986285393,ssp119,1.6993289504358824,0.007949151807343124,,,Other,,,,1.1416666666666668
2025.0,ssp119_zero_tra,1.65224718962028,ssp119,1.6993289504358824,0.04708176081560245,,,Other,,,,1.1416666666666668
2026.0,ssp119,1.7541035777182508,ssp119,1.7541035777182508,0.0,,,Other,,,,1.1500000000000001
2026.0,ssp119_BC_Marine_striving,1.753973947743366,ssp119,1.7541035777182508,0.00014907447111746076,non-CO2,BC,Marine,1.753005965269223,0.0012622543163820167,0.001113179845264556,1.1500000000000001
2026.0,ssp119_BC_off-road_striving,1.7541035777182508,ssp119,1.7541035777182508,0.0,non-CO2,BC,off-road,1.7509258147750366,0.0031777629432141463,0.0031777629432141463,1.1500000000000001
2026.0,ssp119_BC_on-road_striving,1.753956014261347,ssp119,1.7541035777182508,0.00014756345690369876,non-CO2,BC,on-road,1.745928510219465,0.008175067498785715,0.008027504041882016,1.1500000000000001
2026.0,ssp119_CH4_Marine_striving,1.754101694542808,ssp119,1.7541035777182508,1.8831754426962277e-06,non-CO2,CH4,Marine,1.7536574174079549,0.00044616031029587333,0.0004442771348531771,1.1500000000000001
2026.0,ssp119_CH4_off-road_striving,1.7541035777182508,ssp119,1.7541035777182508,0.0,non-CO2,CH4,off-road,1.7527419808733786,0.0013615968448721372,0.0013615968448721372,1.1500000000000001
2026.0,ssp119_CH4_on-road_striving,1.7540771709322587,ssp119,1.7541035777182508,2.640678599208357e-05,non-CO2,CH4,on-road,1.7510854051204594,0.0030181725977913576,0.002991765811799274,1.1500000000000001
2026.0,ssp119_CO2 FFI_Marine_striving,1.7541003219343703,ssp119,1.7541035777182508,3.255783880495855e-06,CO2,CO2 FFI,Marine,1.7515523910304758,0.0025511866877749867,0.002547930903894491,1.1500000000000001
2026.0,ssp119_CO2 FFI_off-road_striving,1.7541035777182508,ssp119,1.7541035777182508,0.0,CO2,CO2 FFI,off-road,1.75033849918136,0.003765078536890787,0.003765078536890787,1.1500000000000001
2026.0,ssp119_CO2 FFI_on-road_striving,1.7539081243903574,ssp119,1.7541035777182508,0.0001954533278933912,CO2,CO2 FFI,on-road,1.7328564754988331,0.021247102219417613,0.02105164889152422,1.1500000000000001
2026.0,ssp119_N2O_Marine_striving,1.754103543014016,ssp119,1.7541035777182508,3.470423481921614e-08,non-CO2,N2O,Marine,1.7540667245221633,3.685319608748294e-05,3.6818491852663726e-05,1.1500000000000001
2026.0,ssp119_N2O_off-road_striving,1.7541035777182508,ssp119,1.7541035777182508,0.0,non-CO2,N2O,off-road,1.7540957506584982,7.827059752552046e-06,7.827059752552046e-06,1.1500000000000001
2026.0,ssp119_N2O_on-road_striving,1.754102027859587,ssp119,1.7541035777182508,1.549858663851822e-06,non-CO2,N2O,on-road,1.753972933493983,0.00013064422426767308,0.00012909436560382126,1.1500000000000001
2026.0,ssp119_Sulfur_Marine_striving,1.7541453323210017,ssp119,1.7541035777182508,-4.17546027509097e-05,non-CO2,Sulfur,Marine,1.7617156969940204,-0.007612119275769658,-0.007570364673018748,1.1500000000000001
2026.0,ssp119_striving,1.7441512982445264,ssp119,1.7541035777182508,0.009952279473724346,,,Other,,,,1.1500000000000001
2026.0,ssp119_zero_tra,1.6976085170562945,ssp119,1.7541035777182508,0.05649506066195631,,,Other,,,,1.1500000000000001
2027.0,ssp119,1.7780987011121132,ssp119,1.7780987011121132,0.0,,,Other,,,,1.1583333333333334
2027.0,ssp119_BC_Marine_striving,1.777853998587797,ssp119,1.7780987011121132,0.0002834470906662501,non-CO2,BC,Marine,1.7769259688486538,0.001358414871840443,0.0010749677811741928,1.1583333333333334
2027.0,ssp119_BC_off-road_striving,1.7780423175128102,ssp119,1.7780987011121132,5.638359930304482e-05,non-CO2,BC,off-road,1.7747924847997159,0.0033062163123973587,0.003249832713094314,1.1583333333333334
2027.0,ssp119_BC_on-road_striving,1.7777000823720694,ssp119,1.7780987011121132,0.00039861874004376574,non-CO2,BC,on-road,1.769701749522292,0.008396951589821233,0.007998332849777468,1.1583333333333334
2027.0,ssp119_CH4_Marine_striving,1.778093969744055,ssp119,1.7780987011121132,4.731368058230601e-06,non-CO2,CH4,Marine,1.7775523937604358,0.0005463073516773775,0.0005415759836191469,1.1583333333333334
2027.0,ssp119_CH4_off-road_striving,1.7780949818720415,ssp119,1.7780987011121132,3.7192400716978824e-06,non-CO2,CH4,off-road,1.7764499080256222,0.0016487930864910183,0.0016450738464193204,1.1583333333333334
2027.0,ssp119_CH4_on-road_striving,1.778045824321936,ssp119,1.7780987011121132,5.2876790177291966e-05,non-CO2,CH4,on-road,1.7744289802460822,0.003669720866031012,0.00361684407585372,1.1583333333333334
2027.0,ssp119_CO2 FFI_Marine_striving,1.7780849664364147,ssp119,1.7780987011121132,1.3734675698540144e-05,CO2,CO2 FFI,Marine,1.7749876751480416,0.0031110259640716453,0.003097291288373105,1.1583333333333334
2027.0,ssp119_CO2 FFI_off-road_striving,1.7780886448790316,ssp119,1.7780987011121132,1.0056233081590094e-05,CO2,CO2 FFI,off-road,1.7735156580505165,0.004583043061596737,0.0045729868285151465,1.1583333333333334
2027.0,ssp119_CO2 FFI_on-road_striving,1.7777050283674738,ssp119,1.7780987011121132,0.00039367274463941726,CO2,CO2 FFI,on-road,1.7521361493724565,0.02596255173965667,0.025568878995017252,1.1583333333333334
2027.0,ssp119_N2O_Marine_striving,1.7780985835305991,ssp119,1.7780987011121132,1.1758151408081119e-07,non-CO2,N2O,Marine,1.778052657384648,4.6043727465194806e-05,4.5926145951113995e-05,1.1583333333333334
2027.0,ssp119_N2O_off-road_striving,1.7780986817289233,ssp119,1.7780987011121132,1.938318994199051e-08,non-CO2,N2O,off-road,1.7780890726712335,9.62844087970538e-06,9.60905768976339e-06,1.1583333333333334
2027.0,ssp119_N2O_on-road_striving,1.7780957933887438,ssp119,1.7780987011121132,2.9077233694163596e-06,non-CO2,N2O,on-road,1.7779375829642186,0.00016111814789465662,0.00015821042452524026,1.1583333333333334
2027.0,ssp119_Sulfur_Marine_striving,1.778228297090899,ssp119,1.7780987011121132,-0.0001295959787857015,non-CO2,Sulfur,Marine,1.786362900996827,-0.008264199884713719,-0.008134603905928017,1.1583333333333334
2027.0,ssp119_striving,1.76606820377762,ssp119,1.7780987011121132,0.012030497334493129,,,Other,,,,1.1583333333333334
2027.0,ssp119_zero_tra,1.712333430806787,ssp119,1.7780987011121132,0.0657652703053262,,,Other,,,,1.1583333333333334
2028.0,ssp119,1.7978617021588652,ssp119,1.7978617021588652,0.0,,,Other,,,,1.1666666666666667
2028.0,ssp119_BC_Marine_striving,1.7975293482683643,ssp119,1.7978617021588652,0.0003877462055843865,non-CO2,BC,Marine,1.7966227510685564,0.001445442938693605,0.0010576967331092184,1.1666666666666667
2028.0,ssp119_BC_off-road_striving,1.7977058615971395,ssp119,1.7978617021588652,0.00015584056172568417,non-CO2,BC,off-road,1.7944523222395492,0.0034093799193160024,0.003253539357590318,1.1666666666666667
2028.0,ssp119_BC_on-road_striving,1.7970559873291905,ssp119,1.7978617021588652,0.0008057148296747307,non-CO2,BC,on-road,1.7893302805515072,0.00853142160735798,0.00772570677768325,1.1666666666666667
2028.0,ssp119_CH4_Marine_striving,1.7978526307538183,ssp119,1.7978617021588652,9.071405046912062e-06,non-CO2,CH4,Marine,1.7972125252356013,0.0006491769232639388,0.0006401055182170268,1.1666666666666667
2028.0,ssp119_CH4_off-road_striving,1.7978477919175608,ssp119,1.7978617021588652,1.391024130437124e-05,non-CO2,CH4,off-road,1.7959244201243854,0.001937282034479848,0.0019233717931754768,1.1666666666666667
2028.0,ssp119_CH4_on-road_striving,1.7977662042177058,ssp119,1.7978617021588652,9.54979411593726e-05,non-CO2,CH4,on-road,1.7935329925000512,0.004328709658814045,0.004233211717654672,1.1666666666666667
2028.0,ssp119_CO2 FFI_Marine_striving,1.7978199107923638,ssp119,1.7978617021588652,4.179136650139803e-05,CO2,CO2 FFI,Marine,1.7941722103662086,0.0036894917926566517,0.0036477004261552537,1.1666666666666667
2028.0,ssp119_CO2 FFI_off-road_striving,1.7978243165235042,ssp119,1.7978617021588652,3.7385635361042446e-05,CO2,CO2 FFI,off-road,1.7924391436552456,0.005422558503619612,0.00538517286825857,1.1666666666666667
2028.0,ssp119_CO2 FFI_on-road_striving,1.7971429449698129,ssp119,1.7978617021588652,0.0007187571890523436,CO2,CO2 FFI,on-road,1.7670424702955174,0.030819231863347785,0.03010047467429544,1.1666666666666667
2028.0,ssp119_N2O_Marine_striving,1.7978614754643656,ssp119,1.7978617021588652,2.266944996165421e-07,non-CO2,N2O,Marine,1.7978060211829776,5.568097588759535e-05,5.545428138797881e-05,1.1666666666666667
2028.0,ssp119_N2O_off-road_striving,1.797861628988872,ssp119,1.7978617021588652,7.316999317552586e-08,non-CO2,N2O,off-road,1.7978502122787592,1.1489880106019257e-05,1.1416710112843731e-05,1.1666666666666667
2028.0,ssp119_N2O_on-road_striving,1.7978565602470444,ssp119,1.7978617021588652,5.141911820771838e-06,non-CO2,N2O,on-road,1.797668997340088,0.00019270481877731171,0.00018756290695653988,1.1666666666666667
2028.0,ssp119_Sulfur_Marine_striving,1.7982214663374292,ssp119,1.7978617021588652,-0.0003597641785639816,non-CO2,Sulfur,Marine,1.806749827659636,-0.008888125500770894,-0.008528361322206912,1.1666666666666667
2028.0,ssp119_striving,1.7836843153578696,ssp119,1.7978617021588652,0.014177386800995562,,,Other,,,,1.1666666666666667
2028.0,ssp119_zero_tra,1.7228946349616256,ssp119,1.7978617021588652,0.07496706719723956,,,Other,,,,1.1666666666666667
2029.0,ssp119,1.8541099514363875,ssp119,1.8541099514363875,0.0,,,Other,,,,1.175
2029.0,ssp119_BC_Marine_striving,1.8536792355952134,ssp119,1.8541099514363875,0.0005060911133795032,non-CO2,BC,Marine,1.8528128444534888,0.0015241007049059065,0.0010180095915264032,1.175
2029.0,ssp119_BC_off-road_striving,1.8538301099676207,ssp119,1.8541099514363875,0.00027984146876680605,non-CO2,BC,off-road,1.8506185136086064,0.003491437827781052,0.003211596359014246,1.175
2029.0,ssp119_BC_on-road_striving,1.8528037077281396,ssp119,1.8541099514363875,0.001306243708247834,non-CO2,BC,on-road,1.8455061567949016,0.008603794641485862,0.007297550933238028,1.175
2029.0,ssp119_CH4_Marine_striving,1.854094895416535,ssp119,1.8541099514363875,1.5056019852410785e-05,non-CO2,CH4,Marine,1.8533558107146915,0.000754140721695995,0.0007390847018435842,1.175
2029.0,ssp119_CH4_off-road_striving,1.854077894917158,ssp119,1.8541099514363875,3.205651922955077e-05,non-CO2,CH4,off-road,1.8518847803196765,0.0022251711167109445,0.0021931145974813937,1.175
2029.0,ssp119_CH4_on-road_striving,1.8539510840765465,ssp119,1.8541099514363875,0.0001588673598409418,non-CO2,CH4,on-road,1.8491189042793656,0.004991047157021811,0.004832179797180869,1.175
2029.0,ssp119_CO2 FFI_Marine_striving,1.8539946519852555,ssp119,1.8541099514363875,0.00011529945113197826,CO2,CO2 FFI,Marine,1.8498259901391174,0.004283961297270045,0.0041686618461380665,1.175
2029.0,ssp119_CO2 FFI_off-road_striving,1.854024192689797,ssp119,1.8541099514363875,8.575874659055849e-05,CO2,CO2 FFI,off-road,1.8478298872739674,0.006280064162420107,0.0061943054158295485,1.175
2029.0,ssp119_CO2 FFI_on-road_striving,1.8529003423295014,ssp119,1.8541099514363875,0.001209609106886056,CO2,CO2 FFI,on-road,1.818317127827772,0.035792823608615354,0.0345832145017293,1.175
2029.0,ssp119_N2O_Marine_striving,1.8541095965607852,ssp119,1.8541099514363875,3.5487560223756986e-07,non-CO2,N2O,Marine,1.854044264846921,6.568658946637385e-05,6.533171386413628e-05,1.175
2029.0,ssp119_N2O_off-road_striving,1.854109781231359,ssp119,1.8541099514363875,1.7020502851572417e-07,non-CO2,N2O,off-road,1.854096551275364,1.3400161023469082e-05,1.3229955994953357e-05,1.175
2029.0,ssp119_N2O_on-road_striving,1.854101426947193,ssp119,1.8541099514363875,8.524489194527973e-06,non-CO2,N2O,on-road,1.853884681085144,0.0002252703512435339,0.00021674586204900592,1.175
2029.0,ssp119_Sulfur_Marine_striving,1.8550812876970382,ssp119,1.8541099514363875,-0.0009713362606507125,non-CO2,Sulfur,Marine,1.8635971081023055,-0.00948715666591804,-0.008515820405267327,1.175
2029.0,ssp119_striving,1.837847722621787,ssp119,1.8541099514363875,0.016262228814600377,,,Other,,,,1.175
2029.0,ssp119_zero_tra,1.7699439584647982,ssp119,1.8541099514363875,0.08416599297158922,,,Other,,,,1.175
2030.0,ssp119,1.8598496714602477,ssp119,1.8598496714602477,0.0,,,Other,,,,1.1833333333333333
2030.0,ssp119_BC_Marine_striving,1.8593194441014453,ssp119,1.8598496714602477,0.000627435707916139,non-CO2,BC,Marine,1.8585002470064462,0.0015968189369984231,0.0009693832290822843,1.1833333333333333
2030.0,ssp119_BC_off-road_striving,1.8594308953083327,ssp119,1.8598496714602477,0.0004187761519149902,non-CO2,BC,off-road,1.8562940157664476,0.0035556556938001194,0.003136879541885129,1.1833333333333333
2030.0,ssp119_BC_on-road_striving,1.8579653930539868,ssp119,1.8598496714602477,0.0018842784062609308,non-CO2,BC,on-road,1.8512129513595799,0.00863672010066785,0.006752441694406919,1.1833333333333333
2030.0,ssp119_CH4_Marine_striving,1.8598268140203977,ssp119,1.8598496714602477,2.2857439849977013e-05,non-CO2,CH4,Marine,1.858988864659076,0.0008608068011717318,0.0008379493613217548,1.1833333333333333
2030.0,ssp119_CH4_off-road_striving,1.859790671990353,ssp119,1.8598496714602477,5.8999469894738255e-05,non-CO2,CH4,off-road,1.8573387101324372,0.002510961327810479,0.002451961857915741,1.1833333333333333
2030.0,ssp119_CH4_on-road_striving,1.8596014017649478,ssp119,1.8598496714602477,0.0002482696952998964,non-CO2,CH4,on-road,1.8541961448206912,0.005653526639556539,0.005405256944256642,1.1833333333333333
2030.0,ssp119_CO2 FFI_Marine_striving,1.8596070654742567,ssp119,1.8598496714602477,0.0002426059859910179,CO2,CO2 FFI,Marine,1.8549558163382402,0.004893855122007462,0.004651249136016444,1.1833333333333333
2030.0,ssp119_CO2 FFI_off-road_striving,1.859692256199398,ssp119,1.8598496714602477,0.00015741526084966928,CO2,CO2 FFI,off-road,1.8526952587027994,0.007154412757448325,0.006996997496598656,1.1833333333333333
2030.0,ssp119_CO2 FFI_on-road_striving,1.8579381465858322,ssp119,1.8598496714602477,0.0019115248744154822,CO2,CO2 FFI,on-road,1.8189770122253086,0.0408726592349391,0.03896113436052362,1.1833333333333333
2030.0,ssp119_N2O_Marine_striving,1.8598491732116158,ssp119,1.8598496714602477,4.982486319082824e-07,non-CO2,N2O,Marine,1.859773661623565,7.600983668276662e-05,7.551158805085834e-05,1.1833333333333333
2030.0,ssp119_N2O_off-road_striving,1.859849355249272,ssp119,1.8598496714602477,3.1621097562606337e-07,non-CO2,N2O,off-road,1.8598343210112034,1.5350449044326808e-05,1.5034238068700745e-05,1.1833333333333333
2030.0,ssp119_N2O_on-road_striving,1.859836425027255,ssp119,1.8598496714602477,1.3246432992719548e-05,non-CO2,N2O,on-road,1.8595910223631098,0.0002586490971379085,0.00024540266414518896,1.1833333333333333
2030.0,ssp119_Sulfur_Marine_striving,1.8616013773364157,ssp119,1.8598496714602477,-0.0017517058761680193,non-CO2,Sulfur,Marine,1.8699269075683447,-0.010077236108096965,-0.008325530231928946,1.1833333333333333
2030.0,ssp119_striving,1.841288427037506,ssp119,1.8598496714602477,0.018561244422741652,,,Other,,,,1.1833333333333333
2030.0,ssp119_zero_tra,1.7664526578536048,ssp119,1.8598496714602477,0.09339701360664288,,,Other,,,,1.1833333333333333
2031.0,ssp119,1.9016198936386257,ssp119,1.9016198936386257,0.0,,,Other,,,,1.1916666666666667
2031.0,ssp119_BC_Marine_striving,1.9010027653340986,ssp119,1.9016198936386257,0.0007354112295614519,non-CO2,BC,Marine,1.9002230940594018,0.0016645194985751418,0.0009291082690136898,1.1916666666666667
2031.0,ssp119_BC_off-road_striving,1.901052529266851,ssp119,1.9016198936386257,0.0005673643717747368,non-CO2,BC,off-road,1.898015166584548,0.003604727054077772,0.0030373626823030353,1.1916666666666667
2031.0,ssp119_BC_on-road_striving,1.8990640260270681,ssp119,1.9016198936386257,0.002555867611557572,non-CO2,BC,on-road,1.8929814317702571,0.008638461868368585,0.006082594256811014,1.1916666666666667
2031.0,ssp119_CH4_Marine_striving,1.901587234137218,ssp119,1.9016198936386257,3.26595014077391e-05,non-CO2,CH4,Marine,1.9006509439943782,0.0009689496442475409,0.0009362901428398018,1.1916666666666667
2031.0,ssp119_CH4_off-road_striving,1.9015246434819262,ssp119,1.9016198936386257,9.52501566995334e-05,non-CO2,CH4,off-road,1.898826231046428,0.002793662592197821,0.0026984124354982875,1.1916666666666667
2031.0,ssp119_CH4_on-road_striving,1.9012489799559837,ssp119,1.9016198936386257,0.0003709136826419712,non-CO2,CH4,on-road,1.895305926156276,0.006313967482349803,0.005943053799707831,1.1916666666666667
2031.0,ssp119_CO2 FFI_Marine_striving,1.901204686851894,ssp119,1.9016198936386257,0.0004152067867317921,CO2,CO2 FFI,Marine,1.8961024776868407,0.00551741595178501,0.0051022091650532175,1.1916666666666667
2031.0,ssp119_CO2 FFI_off-road_striving,1.9013661472006798,ssp119,1.9016198936386257,0.0002537464379459564,CO2,CO2 FFI,off-road,1.8935769726848661,0.00804292095375958,0.007789174515813624,1.1916666666666667
2031.0,ssp119_CO2 FFI_on-road_striving,1.898738303506859,ssp119,1.9016198936386257,0.002881590131766698,CO2,CO2 FFI,on-road,1.8555821957618541,0.04603769787677159,0.04315610774500489,1.1916666666666667
2031.0,ssp119_N2O_Marine_striving,1.9016192402033143,ssp119,1.9016198936386257,6.534353114151514e-07,non-CO2,N2O,Marine,1.9015332786406773,8.661499794837546e-05,8.596156263696031e-05,1.1916666666666667
2031.0,ssp119_N2O_off-road_striving,1.9016193783629463,ssp119,1.9016198936386257,5.152756794579716e-07,non-CO2,N2O,off-road,1.901602559497854,1.7334140771652073e-05,1.6818865092194102e-05,1.1916666666666667
2031.0,ssp119_N2O_on-road_striving,1.9016002033394437,ssp119,1.9016198936386257,1.9690299182029136e-05,non-CO2,N2O,on-road,1.9013271251690496,0.00029276846957615454,0.0002730781703941254,1.1916666666666667
2031.0,ssp119_Sulfur_Marine_striving,1.90411474281353,ssp119,1.9016198936386257,-0.00249484917490439,non-CO2,Sulfur,Marine,1.9122854178909627,-0.010665524252337022,-0.008170675077432632,1.1916666666666667
2031.0,ssp119_striving,1.8802649880446565,ssp119,1.9016198936386257,0.021354905593969242,,,Other,,,,1.1916666666666667
2031.0,ssp119_zero_tra,1.7989625944781513,ssp119,1.9016198936386257,0.10265729916047439,,,Other,,,,1.1916666666666667
2032.0,ssp119,1.8814308842326448,ssp119,1.8814308842326448,0.0,,,Other,,,,1.2000000000000002
2032.0,ssp119_BC_Marine_striving,1.8807362292439411,ssp119,1.8814308842326448,0.0008335859864444296,non-CO2,BC,Marine,1.879991830632178,0.0017268643205603064,0.0008932783341158768,1.2000000000000002
2032.0,ssp119_BC_off-road_striving,1.8807025964189434,ssp119,1.8814308842326448,0.0007282878137013782,non-CO2,BC,off-road,1.8777732700784162,0.0036576141542286056,0.0029293263405272274,1.2000000000000002
2032.0,ssp119_BC_on-road_striving,1.8783399584213532,ssp119,1.8814308842326448,0.003090925811291667,non-CO2,BC,on-road,1.8728082632284708,0.008622621004173991,0.005531695192882324,1.2000000000000002
2032.0,ssp119_CH4_Marine_striving,1.8813862546828004,ssp119,1.8814308842326448,4.4629549844410477e-05,non-CO2,CH4,Marine,1.880352814071307,0.001078070161337763,0.0010334406114933525,1.2000000000000002
2032.0,ssp119_CH4_off-road_striving,1.8812896762415487,ssp119,1.8814308842326448,0.00014120799109607063,non-CO2,CH4,off-road,1.8783584418104886,0.0030724424221562074,0.002931234431060137,1.2000000000000002
2032.0,ssp119_CH4_on-road_striving,1.8809053403902476,ssp119,1.8814308842326448,0.0005255438423972247,non-CO2,CH4,on-road,1.8744619037039982,0.0069689805286465845,0.00644343668624936,1.2000000000000002
2032.0,ssp119_CO2 FFI_Marine_striving,1.880803495356502,ssp119,1.8814308842326448,0.0006273888761427759,CO2,CO2 FFI,Marine,1.875277333895505,0.006153550337139713,0.005526161460996937,1.2000000000000002
2032.0,ssp119_CO2 FFI_off-road_striving,1.8810546664234333,ssp119,1.8814308842326448,0.0003762178092114876,CO2,CO2 FFI,off-road,1.8724846092763885,0.008946274956256328,0.00857005714704484,1.2000000000000002
2032.0,ssp119_CO2 FFI_on-road_striving,1.877320667557835,ssp119,1.8814308842326448,0.004110216674809708,CO2,CO2 FFI,on-road,1.8301521729494448,0.05127871128320005,0.04716849460839034,1.2000000000000002
2032.0,ssp119_N2O_Marine_striving,1.8814300685766023,ssp119,1.8814308842326448,8.156560424854575e-07,non-CO2,N2O,Marine,1.881333420619386,9.746361325890796e-05,9.66479572164225e-05,1.2000000000000002
2032.0,ssp119_N2O_off-road_striving,1.8814301131348612,ssp119,1.8814308842326448,7.710977836250521e-07,non-CO2,N2O,off-road,1.8814115360707042,1.9348161940602182e-05,1.857706415697713e-05,1.2000000000000002
2032.0,ssp119_N2O_on-road_striving,1.881403071049765,ssp119,1.8814308842326448,2.7813182879921072e-05,non-CO2,N2O,on-road,1.8811033859209998,0.00032749831164502474,0.00029968512876510367,1.2000000000000002
2032.0,ssp119_Sulfur_Marine_striving,1.8846158810749065,ssp119,1.8814308842326448,-0.0031849968422617003,non-CO2,Sulfur,Marine,1.8926006622892673,-0.011169778056622448,-0.007984781214360748,1.2000000000000002
2032.0,ssp119_striving,1.8569994337237268,ssp119,1.8814308842326448,0.02443145050891804,,,Other,,,,1.2000000000000002
2032.0,ssp119_zero_tra,1.7693544349226495,ssp119,1.8814308842326448,0.11207644930999527,,,Other,,,,1.2000000000000002
2033.0,ssp119,1.9156818525023802,ssp119,1.9156818525023802,0.0,,,Other,,,,1.2083333333333335
2033.0,ssp119_BC_Marine_striving,1.914915004237851,ssp119,1.9156818525023802,0.0009266083196393383,non-CO2,BC,Marine,1.9142052988018194,0.001784169054844261,0.0008575607352049228,1.2083333333333335
2033.0,ssp119_BC_off-road_striving,1.9147818169023227,ssp119,1.9156818525023802,0.0009000356000574694,non-CO2,BC,off-road,1.9119691086476907,0.0037127438546895597,0.0028127082546320903,1.2083333333333335
2033.0,ssp119_BC_on-road_striving,1.9121926793194355,ssp119,1.9156818525023802,0.003489173182944727,non-CO2,BC,on-road,1.907084843726834,0.008597008775546255,0.005107835592601528,1.2083333333333335
2033.0,ssp119_CH4_Marine_striving,1.9156229145898471,ssp119,1.9156818525023802,5.893791253308578e-05,non-CO2,CH4,Marine,1.9144940271065956,0.0011878253957846585,0.0011288874832515727,1.2083333333333335
2033.0,ssp119_CH4_off-road_striving,1.915484703963665,ssp119,1.9156818525023802,0.0001971485387151084,non-CO2,CH4,off-road,1.9123350325495978,0.0033468199527824094,0.003149671414067301,1.2083333333333335
2033.0,ssp119_CH4_on-road_striving,1.9149712289861165,ssp119,1.9156818525023802,0.0007106235162637198,non-CO2,CH4,on-road,1.908065254743764,0.007616597758616228,0.006905974242352508,1.2083333333333335
2033.0,ssp119_CO2 FFI_Marine_striving,1.914805266020692,ssp119,1.9156818525023802,0.0008765864816882019,CO2,CO2 FFI,Marine,1.908881999112526,0.006799853389854116,0.005923266908165914,1.2083333333333335
2033.0,ssp119_CO2 FFI_off-road_striving,1.915155992994389,ssp119,1.9156818525023802,0.000525859507991111,CO2,CO2 FFI,off-road,1.9058188723433058,0.009862980159074386,0.009337120651083275,1.2083333333333335
2033.0,ssp119_CO2 FFI_on-road_striving,1.9100946986649394,ssp119,1.9156818525023802,0.005587153837440795,CO2,CO2 FFI,on-road,1.8591047251350339,0.056577127367346325,0.05098997352990553,1.2083333333333335
2033.0,ssp119_N2O_Marine_striving,1.9156808751503682,ssp119,1.9156818525023802,9.773520119882306e-07,non-CO2,N2O,Marine,1.915573326854583,0.00010852564779728624,0.00010754829578529801,1.2083333333333335
2033.0,ssp119_N2O_off-road_striving,1.915680765690236,ssp119,1.9156818525023802,1.0868121442797474e-06,non-CO2,N2O,off-road,1.915660462261478,2.1390240902308122e-05,2.0303428758028375e-05,1.2083333333333335
2033.0,ssp119_N2O_on-road_striving,1.915644127144135,ssp119,1.9156818525023802,3.772535824531076e-05,non-CO2,N2O,on-road,1.9153190584702287,0.0003627940321515588,0.00032506867390624805,1.2083333333333335
2033.0,ssp119_Sulfur_Marine_striving,1.9195341646993422,ssp119,1.9156818525023802,-0.0038523121969620266,non-CO2,Sulfur,Marine,1.9272828442960857,-0.01160099179370544,-0.007748679596743413,1.2083333333333335
2033.0,ssp119_striving,1.8879239842205855,ssp119,1.9156818525023802,0.027757868281794718,,,Other,,,,1.2083333333333335
2033.0,ssp119_zero_tra,1.7940495266917516,ssp119,1.9156818525023802,0.12163232581062866,,,Other,,,,1.2083333333333335
2034.0,ssp119,1.9194103702593552,ssp119,1.9194103702593552,0.0,,,Other,,,,1.2166666666666668
2034.0,ssp119_BC_Marine_striving,1.9185742951637494,ssp119,1.9194103702593552,0.0010172246996537147,non-CO2,BC,Marine,1.9179000324312392,0.0018375776908745257,0.0008203529912208112,1.2166666666666668
2034.0,ssp119_BC_off-road_striving,1.918329721283209,ssp119,1.9194103702593552,0.0010806489761461258,non-CO2,BC,off-road,1.9156438284318895,0.003766541827465719,0.0026858928513195934,1.2166666666666668
2034.0,ssp119_BC_on-road_striving,1.9155980745036898,ssp119,1.9194103702593552,0.00381229575566544,non-CO2,BC,on-road,1.9108431692356378,0.008567201023717441,0.004754905268052001,1.2166666666666668
2034.0,ssp119_CH4_Marine_striving,1.9193346043512323,ssp119,1.9194103702593552,7.576590812297113e-05,non-CO2,CH4,Marine,1.9181123528480517,0.0012980174113035314,0.0012222515031805603,1.2166666666666668
2034.0,ssp119_CH4_off-road_striving,1.919147148442537,ssp119,1.9194103702593552,0.0002632218168181488,non-CO2,CH4,off-road,1.915794093843894,0.0036162764154612503,0.0033530545986431015,1.2166666666666668
2034.0,ssp119_CH4_on-road_striving,1.918484606337232,ssp119,1.9194103702593552,0.0009257639221231795,non-CO2,CH4,on-road,1.911155043453877,0.008255326805478136,0.007329562883354956,1.2166666666666668
2034.0,ssp119_CO2 FFI_Marine_striving,1.9182479078525008,ssp119,1.9194103702593552,0.0011624624068544698,CO2,CO2 FFI,Marine,1.9119542517560382,0.007456118503317066,0.0062936560964625965,1.2166666666666668
2034.0,ssp119_CO2 FFI_off-road_striving,1.9187065633597984,ssp119,1.9194103702593552,0.0007038068995568469,CO2,CO2 FFI,off-road,1.9086168031909039,0.01079356706845136,0.010089760168894513,1.2166666666666668
2034.0,ssp119_CO2 FFI_on-road_striving,1.9120926816877053,ssp119,1.9194103702593552,0.0073176885716499385,CO2,CO2 FFI,on-road,1.8574804472151936,0.06192992304416167,0.054612234472511734,1.2166666666666668
2034.0,ssp119_N2O_Marine_striving,1.9194092438119,ssp119,1.9194103702593552,1.1264474553129844e-06,non-CO2,N2O,Marine,1.9192905879455004,0.00011978231385478821,0.00011865586639947523,1.2166666666666668
2034.0,ssp119_N2O_off-road_striving,1.9194089052485985,ssp119,1.9194103702593552,1.4650107567071302e-06,non-CO2,N2O,off-road,1.9193869125733152,2.3457686040062597e-05,2.1992675283355467e-05,1.2166666666666668
2034.0,ssp119_N2O_on-road_striving,1.9193609471701154,ssp119,1.9194103702593552,4.942308923983063e-05,non-CO2,N2O,on-road,1.9190118115218442,0.00039855873751104554,0.0003491356482712149,1.2166666666666668
2034.0,ssp119_Sulfur_Marine_striving,1.9239321580877997,ssp119,1.9194103702593552,-0.004521787828444479,non-CO2,Sulfur,Marine,1.9313957297509556,-0.0119853594916004,-0.007463571663155921,1.2166666666666668
2034.0,ssp119_striving,1.888027573605487,ssp119,1.9194103702593552,0.03138279665386823,,,Other,,,,1.2166666666666668
2034.0,ssp119_zero_tra,1.7881079812747502,ssp119,1.9194103702593552,0.131302388984605,,,Other,,,,1.2166666666666668
2035.0,ssp119,1.953693063877311,ssp119,1.953693063877311,0.0,,,Other,,,,1.225
2035.0,ssp119_BC_Marine_striving,1.952789248137977,ssp119,1.953693063877311,0.001107174280684098,non-CO2,BC,Marine,1.9521515896239672,0.0018883059603460597,0.0007811316796619617,1.225
2035.0,ssp119_BC_off-road_striving,1.9524242506357623,ssp119,1.953693063877311,0.0012688132415485942,non-CO2,BC,off-road,1.9498753707287486,0.0038176931485622845,0.0025488799070136903,1.225
2035.0,ssp119_BC_on-road_striving,1.9495927262417283,ssp119,1.953693063877311,0.004100337635582596,non-CO2,BC,on-road,1.9451549017347358,0.008538162142575079,0.004437824506992483,1.225
2035.0,ssp119_CH4_Marine_striving,1.9535977465147707,ssp119,1.953693063877311,9.531736254020373e-05,non-CO2,CH4,Marine,1.9522844007127464,0.0014086631645644498,0.0013133458020242461,1.225
2035.0,ssp119_CH4_off-road_striving,1.9533535591546556,ssp119,1.953693063877311,0.00033950472265531495,non-CO2,CH4,off-road,1.9498125758210136,0.00388048805629726,0.003540983333641945,1.225
2035.0,ssp119_CH4_on-road_striving,1.9525218845436147,ssp119,1.953693063877311,0.0011711793336961485,non-CO2,CH4,on-road,1.9448086967227303,0.00888436715458063,0.007713187820884482,1.225
2035.0,ssp119_CO2 FFI_Marine_striving,1.9522076962288284,ssp119,1.953693063877311,0.0014853676484825051,CO2,CO2 FFI,Marine,1.945570985557735,0.008122078319575898,0.006636710671093393,1.225
2035.0,ssp119_CO2 FFI_off-road_striving,1.952782114625661,ssp119,1.953693063877311,0.0009109492516499174,CO2,CO2 FFI,off-road,1.9419554711424798,0.011737592734831104,0.010826643483181186,1.225
2035.0,ssp119_CO2 FFI_on-road_striving,1.944381820475725,ssp119,1.953693063877311,0.009311243401585845,CO2,CO2 FFI,on-road,1.8863638506920777,0.06732921318523322,0.05801796978364737,1.225
2035.0,ssp119_N2O_Marine_striving,1.953691819853027,ssp119,1.953693063877311,1.2440242838085425e-06,non-CO2,N2O,Marine,1.9535618348097437,0.00013122906756724007,0.00012998504328343152,1.225
2035.0,ssp119_N2O_off-road_striving,1.9536911559545647,ssp119,1.953693063877311,1.9079227462359682e-06,non-CO2,N2O,off-road,1.9536675156750165,2.554820229438981e-05,2.3640279548153842e-05,1.225
2035.0,ssp119_N2O_on-road_striving,1.9536301101284812,ssp119,1.953693063877311,6.295374882969718e-05,non-CO2,N2O,on-road,1.9532583529666958,0.00043471091061508815,0.000371757161785391,1.225
2035.0,ssp119_Sulfur_Marine_striving,1.9588976713864994,ssp119,1.953693063877311,-0.005204607509188497,non-CO2,Sulfur,Marine,1.966032987860589,-0.012339923983278211,-0.007135316474089715,1.225
2035.0,ssp119_striving,1.9183421652046888,ssp119,1.953693063877311,0.03535089867262209,,,Other,,,,1.225
2035.0,ssp119_zero_tra,1.8126235461925455,ssp119,1.953693063877311,0.1410695176847654,,,Other,,,,1.225
2036.0,ssp119,1.9695554461207971,ssp119,1.9695554461207971,0.0,,,Other,,,,1.2333333333333334
2036.0,ssp119_BC_Marine_striving,1.9685856394844643,ssp119,1.9695554461207971,0.001196094851477166,non-CO2,BC,Marine,1.967986258379185,0.0019353315479883652,0.0007392366965111993,1.2333333333333334
2036.0,ssp119_BC_off-road_striving,1.9680918751371443,ssp119,1.9695554461207971,0.0014635709836527955,non-CO2,BC,off-road,1.965689572654646,0.003865873466151193,0.0024023024824983974,1.2333333333333334
2036.0,ssp119_BC_on-road_striving,1.9651891995106312,ssp119,1.9695554461207971,0.004366246610165936,non-CO2,BC,on-road,1.961045338088438,0.008510108032359076,0.00414386142219314,1.2333333333333334
2036.0,ssp119_CH4_Marine_striving,1.9694376768771595,ssp119,1.9695554461207971,0.00011776924363759989,non-CO2,CH4,Marine,1.9680357778071376,0.0015196683136595723,0.0014018990700219724,1.2333333333333334
2036.0,ssp119_CH4_off-road_striving,1.9691294436593711,ssp119,1.9695554461207971,0.0004260024614259894,non-CO2,CH4,off-road,1.9654162975970908,0.0041391485237063375,0.003713146062280348,1.2333333333333334
2036.0,ssp119_CH4_on-road_striving,1.9681085164529297,ssp119,1.9695554461207971,0.0014469296678674137,non-CO2,CH4,on-road,1.96005236880458,0.009503077316217245,0.008056147648349832,1.2333333333333334
2036.0,ssp119_CO2 FFI_Marine_striving,1.96770964882729,ssp119,1.9695554461207971,0.0018457972935070899,CO2,CO2 FFI,Marine,1.9607580398353428,0.008797406285454334,0.006951608991947245,1.2333333333333334
2036.0,ssp119_CO2 FFI_off-road_striving,1.9684071920448167,ssp119,1.9695554461207971,0.0011482540759804039,CO2,CO2 FFI,off-road,1.9568600971149614,0.012695349005835688,0.011547094929855284,1.2333333333333334
2036.0,ssp119_CO2 FFI_on-road_striving,1.9579766669043208,ssp119,1.9695554461207971,0.01157877921647632,CO2,CO2 FFI,on-road,1.896783463008424,0.0727719831123732,0.061193203895896886,1.2333333333333334
2036.0,ssp119_N2O_Marine_striving,1.9695541450056535,ssp119,1.9695554461207971,1.3011151436259638e-06,non-CO2,N2O,Marine,1.9694125891030891,0.00014285701770799797,0.000141555902564372,1.2333333333333334
2036.0,ssp119_N2O_off-road_striving,1.969553028659823,ssp119,1.9695554461207971,2.41746097406903e-06,non-CO2,N2O,off-road,1.9695277865021448,2.765961865236477e-05,2.524215767829574e-05,1.2333333333333334
2036.0,ssp119_N2O_on-road_striving,1.9694770204417122,ssp119,1.9695554461207971,7.842567908489251e-05,non-CO2,N2O,on-road,1.9690841976798361,0.00047124844096102514,0.00039282276187613263,1.2333333333333334
2036.0,ssp119_Sulfur_Marine_striving,1.9738809267197284,ssp119,1.9695554461207971,-0.004325480598931231,non-CO2,Sulfur,Marine,1.9797647543886303,-0.010209308267833173,-0.005883827668901942,1.2333333333333334
2036.0,ssp119_striving,1.9282898732164326,ssp119,1.9695554461207971,0.0412655729043645,,,Other,,,,1.2333333333333334
2036.0,ssp119_zero_tra,1.8161590632667644,ssp119,1.9695554461207971,0.1533963828540328,,,Other,,,,1.2333333333333334
2037.0,ssp119,2.0162169314912233,ssp119,2.0162169314912233,0.0,,,Other,,,,1.2416666666666667
2037.0,ssp119_BC_Marine_striving,2.0151821210099135,ssp119,2.0162169314912233,0.0012848896809596962,non-CO2,BC,Marine,2.014622599952028,0.0019796283278338935,0.0006947386468741971,1.2416666666666667
2037.0,ssp119_BC_off-road_striving,2.0145802833382325,ssp119,2.0162169314912233,0.001636648152990805,non-CO2,BC,off-road,2.012303839687012,0.003913091804211177,0.0022764436512203723,1.2416666666666667
2037.0,ssp119_BC_on-road_striving,2.011605745194276,ssp119,2.0162169314912233,0.004611186296947345,non-CO2,BC,on-road,2.007729241135422,0.008487690355801103,0.003876504058853758,1.2416666666666667
2037.0,ssp119_CH4_Marine_striving,2.016073613038038,ssp119,2.0162169314912233,0.00014331845318515946,non-CO2,CH4,Marine,2.0145857935358826,0.0016311379553406447,0.0014878195021554852,1.2416666666666667
2037.0,ssp119_CH4_off-road_striving,2.0156942238368325,ssp119,2.0162169314912233,0.0005227076543907749,non-CO2,CH4,off-road,2.011824658939378,0.0043922725518452665,0.0038695648974544916,1.2416666666666667
2037.0,ssp119_CH4_on-road_striving,2.0144646354062905,ssp119,2.0162169314912233,0.0017522960849327696,non-CO2,CH4,on-road,2.0061054577140838,0.010111473777139501,0.008359177692206732,1.2416666666666667
2037.0,ssp119_CO2 FFI_Marine_striving,2.0139725978135337,ssp119,2.0162169314912233,0.002244333677689614,CO2,CO2 FFI,Marine,2.0067353831161157,0.009481548375107618,0.007237214697418004,1.2416666666666667
2037.0,ssp119_CO2 FFI_off-road_striving,2.0148004470415652,ssp119,2.0162169314912233,0.0014164844496580287,CO2,CO2 FFI,off-road,2.0025504945519024,0.013666436939320903,0.012249952489662874,1.2416666666666667
2037.0,ssp119_CO2 FFI_on-road_striving,2.0021005320251244,ssp119,2.0162169314912233,0.014116399466098883,CO2,CO2 FFI,on-road,1.9379648450212648,0.07825208646995852,0.06413568700385963,1.2416666666666667
2037.0,ssp119_N2O_Marine_striving,2.016215676749302,ssp119,2.0162169314912233,1.254741921474789e-06,non-CO2,N2O,Marine,2.0160622602058735,0.00015467128534973895,0.00015341654342826416,1.2416666666666667
2037.0,ssp119_N2O_off-road_striving,2.0162139360458857,ssp119,2.0162169314912233,2.995445337550251e-06,non-CO2,N2O,off-road,2.0161871405969585,2.979089426480286e-05,2.6795448927252608e-05,1.2416666666666667
2037.0,ssp119_N2O_on-road_striving,2.016121134832263,ssp119,2.0162169314912233,9.579665896009004e-05,non-CO2,N2O,on-road,2.0157088178200073,0.0005081136712159484,0.00041231701225585837,1.2416666666666667
2037.0,ssp119_Sulfur_Marine_striving,2.01986278276322,ssp119,2.0162169314912233,-0.0036458512719965697,non-CO2,Sulfur,Marine,2.0247535713744713,-0.008536639883248043,-0.004890788611251473,1.2416666666666667
2037.0,ssp119_striving,1.9688779701620955,ssp119,2.0162169314912233,0.04733896132912774,,,Other,,,,1.2416666666666667
2037.0,ssp119_zero_tra,1.8508808212263996,ssp119,2.0162169314912233,0.16533611026482364,,,Other,,,,1.2416666666666667
2038.0,ssp119,1.9883910675064655,ssp119,1.9883910675064655,0.0,,,Other,,,,1.25
2038.0,ssp119_BC_Marine_striving,1.9872921527943532,ssp119,1.9883910675064655,0.0013736433901404,non-CO2,BC,Marine,1.9867740795204836,0.002021234982477471,0.0006475915923370712,1.25
2038.0,ssp119_BC_off-road_striving,1.986598007804802,ssp119,1.9883910675064655,0.0017930597016635463,non-CO2,BC,off-road,1.9844319129043302,0.003959154602135362,0.0021660949004718155,1.25
2038.0,ssp119_BC_on-road_striving,1.9835434459113175,ssp119,1.9883910675064655,0.004847621595148066,non-CO2,BC,on-road,1.9799156269307159,0.008475440575749671,0.003627818980601605,1.25
2038.0,ssp119_CH4_Marine_striving,1.9882189211766919,ssp119,1.9883910675064655,0.00017214632977369249,non-CO2,CH4,Marine,1.9866478956182416,0.0017431718882239267,0.0015710255584502342,1.25
2038.0,ssp119_CH4_off-road_striving,1.9877615112068092,ssp119,1.9883910675064655,0.0006295562996563309,non-CO2,CH4,off-road,1.983751278655462,0.004639788851003468,0.004010232551347137,1.25
2038.0,ssp119_CH4_on-road_striving,1.9863044183383696,ssp119,1.9883910675064655,0.0020866491680959776,non-CO2,CH4,on-road,1.9776813976061742,0.010709669900291319,0.008623020732195341,1.25
2038.0,ssp119_CO2 FFI_Marine_striving,1.985708974618699,ssp119,1.9883910675064655,0.0026820928877664407,CO2,CO2 FFI,Marine,1.978216128829308,0.010174938677157463,0.007492845789391023,1.25
2038.0,ssp119_CO2 FFI_off-road_striving,1.9866743843797068,ssp119,1.9883910675064655,0.0017166831267587668,CO2,CO2 FFI,off-road,1.9737392563067802,0.014651811199685394,0.012935128072926627,1.25
2038.0,ssp119_CO2 FFI_on-road_striving,1.9714667581484158,ssp119,1.9883910675064655,0.016924309358049783,CO2,CO2 FFI,on-road,1.9046176861815,0.08377338132496548,0.0668490719669157,1.25
2038.0,ssp119_N2O_Marine_striving,1.9883900247808852,ssp119,1.9883910675064655,1.0427255803246993e-06,non-CO2,N2O,Marine,1.9882243854097152,0.00016668209675030354,0.00016563937116997884,1.25
2038.0,ssp119_N2O_off-road_striving,1.988387424022009,ssp119,1.9883910675064655,3.643484456583579e-06,non-CO2,N2O,off-road,1.9883591266138314,3.194089263414135e-05,2.829740817755777e-05,1.25
2038.0,ssp119_N2O_on-road_striving,1.9882759847983915,ssp119,1.9883910675064655,0.00011508270807403242,non-CO2,N2O,on-road,1.9878458183155492,0.0005452491909163637,0.0004301664828423313,1.25
2038.0,ssp119_Sulfur_Marine_striving,1.9917384015696653,ssp119,1.9883910675064655,-0.0033473340631997583,non-CO2,Sulfur,Marine,1.9959645075616625,-0.0075734400551970005,-0.004226105991997242,1.25
2038.0,ssp119_striving,1.934979527622353,ssp119,1.9883910675064655,0.053411539884112624,,,Other,,,,1.25
2038.0,ssp119_zero_tra,1.811739714062542,ssp119,1.9883910675064655,0.17665135344392358,,,Other,,,,1.25
2039.0,ssp119,1.9919193814347655,ssp119,1.9919193814347655,0.0,,,Other,,,,1.2583333333333333
2039.0,ssp119_BC_Marine_striving,1.9907568582858208,ssp119,1.9919193814347655,0.001462841629088768,non-CO2,BC,Marine,1.9902817270473774,0.002060715104130108,0.0005978734750413402,1.2583333333333333
2039.0,ssp119_BC_off-road_striving,1.9899787098030772,ssp119,1.9919193814347655,0.0019406716316883177,non-CO2,BC,off-road,1.9879156356016514,0.004003745833114136,0.0020630742014258185,1.2583333333333333
2039.0,ssp119_BC_on-road_striving,1.9868335301034943,ssp119,1.9919193814347655,0.005085851331271263,non-CO2,BC,on-road,1.9834424496378869,0.008476931796878695,0.0033910804656074323,1.2583333333333333
2039.0,ssp119_CH4_Marine_striving,1.9917149332045392,ssp119,1.9919193814347655,0.00020444823022636172,non-CO2,CH4,Marine,1.9900632917267214,0.001856089708044184,0.0016516414778178223,1.2583333333333333
2039.0,ssp119_CH4_off-road_striving,1.9911728783520313,ssp119,1.9919193814347655,0.0007465030827342733,non-CO2,CH4,off-road,1.9870374609708337,0.004881920463931877,0.004135417381197604,1.2583333333333333
2039.0,ssp119_CH4_on-road_striving,1.9894697930612095,ssp119,1.9919193814347655,0.002449588373556022,non-CO2,CH4,on-road,1.9806205997045694,0.011298781730196161,0.00884919335664014,1.2583333333333333
2039.0,ssp119_CO2 FFI_Marine_striving,1.988759894802077,ssp119,1.9919193814347655,0.003159486632688502,CO2,CO2 FFI,Marine,1.981042804210691,0.010876577224074646,0.007717090591386144,1.2583333333333333
2039.0,ssp119_CO2 FFI_off-road_striving,1.9898701651905022,ssp119,1.9919193814347655,0.002049216244263352,CO2,CO2 FFI,off-road,1.976269473422995,0.015649908011770464,0.013600691767507112,1.2583333333333333
2039.0,ssp119_CO2 FFI_on-road_striving,1.9719202147016412,ssp119,1.9919193814347655,0.019999166733124296,CO2,CO2 FFI,on-road,1.9025927853404447,0.08932659609432081,0.06932742936119651,1.2583333333333333
2039.0,ssp119_N2O_Marine_striving,1.991918804513381,ssp119,1.9919193814347655,5.769213844430965e-07,non-CO2,N2O,Marine,1.9917404671950105,0.00017891423975502363,0.00017833731837058053,1.2583333333333333
2039.0,ssp119_N2O_off-road_striving,1.9919150183340075,ssp119,1.9919193814347655,4.363100758020266e-06,non-CO2,N2O,off-road,1.9918852723871006,3.410904766498746e-05,2.974594690696719e-05,1.2583333333333333
2039.0,ssp119_N2O_on-road_striving,1.9917831914236634,ssp119,1.9919193814347655,0.00013619001110209972,non-CO2,N2O,on-road,1.9913367575781513,0.0005826238566142283,0.0004464338455121286,1.2583333333333333
2039.0,ssp119_Sulfur_Marine_striving,1.9951566019706533,ssp119,1.9919193814347655,-0.003237220535887708,non-CO2,Sulfur,Marine,1.9988837678099443,-0.0069643863751787105,-0.0037271658392910023,1.2583333333333333
2039.0,ssp119_striving,1.9322251009524753,ssp119,1.9919193814347655,0.059694280482290196,,,Other,,,,1.2583333333333333
2039.0,ssp119_zero_tra,1.8042250472784795,ssp119,1.9919193814347655,0.187694334156286,,,Other,,,,1.2583333333333333
2040.0,ssp119,1.9991736162926708,ssp119,1.9991736162926708,0.0,,,Other,,,,1.2666666666666668
2040.0,ssp119_BC_Marine_striving,1.9979485964943497,ssp119,1.9991736162926708,0.0015516917445399516,non-CO2,BC,Marine,1.9975179312700413,0.0020972010286639978,0.0005455092841240461,1.2666666666666668
2040.0,ssp119_BC_off-road_striving,1.9970902924808864,ssp119,1.9991736162926708,0.0020833238117843322,non-CO2,BC,off-road,1.9951267954922758,0.004046820800394979,0.001963496988610647,1.2666666666666668
2040.0,ssp119_BC_on-road_striving,1.9938452641433337,ssp119,1.9991736162926708,0.005328352149337023,non-CO2,BC,on-road,1.9906826719501947,0.008490944342476103,0.00316259219313908,1.2666666666666668
2040.0,ssp119_CH4_Marine_striving,1.998933251681406,ssp119,1.9991736162926708,0.00024036461126475395,non-CO2,CH4,Marine,1.9972034941445094,0.0019701221481613906,0.0017297575368966367,1.2666666666666668
2040.0,ssp119_CH4_off-road_striving,1.998300146351961,ssp119,1.9991736162926708,0.0008734699407098034,non-CO2,CH4,off-road,1.9940547749727913,0.005118841319879497,0.004245371379169693,1.2666666666666668
2040.0,ssp119_CH4_on-road_striving,1.996332778670963,ssp119,1.9991736162926708,0.002840837621707726,non-CO2,CH4,on-road,1.9872935698991416,0.011880046393529131,0.009039208771821405,1.2666666666666668
2040.0,ssp119_CO2 FFI_Marine_striving,1.9954966357614157,ssp119,1.9991736162926708,0.003676980531255092,CO2,CO2 FFI,Marine,1.9875878688342359,0.01158574745843488,0.007908766927179789,1.2666666666666668
2040.0,ssp119_CO2 FFI_off-road_striving,1.9967589517280953,ssp119,1.9991736162926708,0.0024146645645755083,CO2,CO2 FFI,off-road,1.9825134720001134,0.016660144292557355,0.014245479727981847,1.2666666666666668
2040.0,ssp119_CO2 FFI_on-road_striving,1.975832349018012,ssp119,1.9991736162926708,0.023341267274658684,CO2,CO2 FFI,on-road,1.9042638755364987,0.09490974075617209,0.0715684734815134,1.2666666666666668
2040.0,ssp119_N2O_Marine_striving,1.9991738799172794,ssp119,1.9991736162926708,-2.6362460858742054e-07,non-CO2,N2O,Marine,1.9989822226181815,0.0001913936744892819,0.00019165729909786933,1.2666666666666668
2040.0,ssp119_N2O_off-road_striving,1.9991684606237348,ssp119,1.9991736162926708,5.155668935996616e-06,non-CO2,N2O,off-road,1.9991373215722585,3.629472041222215e-05,3.113905147622553e-05,1.2666666666666668
2040.0,ssp119_N2O_on-road_striving,1.9990145136313566,ssp119,1.9991736162926708,0.00015910266131413664,non-CO2,N2O,on-road,1.9985534020509457,0.0006202142417250922,0.00046111158041095557,1.2666666666666668
2040.0,ssp119_Sulfur_Marine_striving,2.002394656642789,ssp119,1.9991736162926708,-0.003221040350118054,non-CO2,Sulfur,Marine,2.005710262330264,-0.006536646037593075,-0.0033156056874750206,1.2666666666666668
2040.0,ssp119_striving,1.93288280433239,ssp119,1.9991736162926708,0.06629081196028075,,,Other,,,,1.2666666666666668
2040.0,ssp119_zero_tra,1.8005353938527697,ssp119,1.9991736162926708,0.19863822243990104,,,Other,,,,1.2666666666666668
2041.0,ssp119,2.004044600759584,ssp119,2.004044600759584,0.0,,,Other,,,,1.2750000000000001
2041.0,ssp119_BC_Marine_striving,2.002757968033842,ssp119,2.004044600759584,0.0016404567253209491,non-CO2,BC,Marine,2.0023731533228175,0.0021310954818770105,0.0004906387565560611,1.2750000000000001
2041.0,ssp119_BC_off-road_striving,2.001821678311992,ssp119,2.004044600759584,0.002222922447591813,non-CO2,BC,off-road,1.9999561650205993,0.004088435738984542,0.0018655132913927286,1.2750000000000001
2041.0,ssp119_BC_on-road_striving,1.998459984486205,ssp119,2.004044600759584,0.005584616273378806,non-CO2,BC,on-road,1.9955198188546397,0.008524781904944101,0.0029401656315652946,1.2750000000000001
2041.0,ssp119_CH4_Marine_striving,2.003764587449338,ssp119,2.004044600759584,0.0002800133102458524,non-CO2,CH4,Marine,2.001959037926236,0.0020855628333475984,0.001805549523101746,1.2750000000000001
2041.0,ssp119_CH4_off-road_striving,2.003034265662022,ssp119,2.004044600759584,0.0010103350975616543,non-CO2,CH4,off-road,1.9986939906435401,0.0053506101160436526,0.004340275018481998,1.2750000000000001
2041.0,ssp119_CH4_on-road_striving,2.000784376021512,ssp119,2.004044600759584,0.0032602247380717486,non-CO2,CH4,on-road,1.991590051024148,0.012454549735435805,0.009194324997364056,1.2750000000000001
2041.0,ssp119_CO2 FFI_Marine_striving,1.999808822575342,ssp119,2.004044600759584,0.004235778184241701,CO2,CO2 FFI,Marine,1.9917417362727727,0.01230286448681106,0.00806708630256936,1.2750000000000001
2041.0,ssp119_CO2 FFI_off-road_striving,2.001230680995711,ssp119,2.004044600759584,0.0028139197638727964,CO2,CO2 FFI,off-road,1.9863614507799288,0.017683149979655033,0.014869230215782236,1.2750000000000001
2041.0,ssp119_CO2 FFI_on-road_striving,1.9770899586822455,ssp119,2.004044600759584,0.02695464207733833,CO2,CO2 FFI,on-road,1.9035156758322451,0.10052892492733867,0.07357428285000034,1.2750000000000001
2041.0,ssp119_N2O_Marine_striving,2.0040462427325294,ssp119,2.004044600759584,-1.6419729456096377e-06,non-CO2,N2O,Marine,2.0038404411421307,0.00020415961745312572,0.00020580159039873536,1.2750000000000001
2041.0,ssp119_N2O_off-road_striving,2.004038578345095,ssp119,2.004044600759584,6.022414488882077e-06,non-CO2,N2O,off-road,2.0040061036692043,3.849709037950788e-05,3.2474675890625804e-05,1.2750000000000001
2041.0,ssp119_N2O_on-road_striving,2.003860778694849,ssp119,2.004044600759584,0.00018382206473477325,non-CO2,N2O,on-road,2.003386602150193,0.000657998609390642,0.0004741765446558688,1.2750000000000001
2041.0,ssp119_Sulfur_Marine_striving,2.0073024960701775,ssp119,2.004044600759584,-0.003257895310593728,non-CO2,Sulfur,Marine,2.0102584883335206,-0.006213887573936816,-0.002955992263343088,1.2750000000000001
2041.0,ssp119_striving,1.9307829254609352,ssp119,2.004044600759584,0.07326167529864858,,,Other,,,,1.2750000000000001
2041.0,ssp119_zero_tra,1.794464023131643,ssp119,2.004044600759584,0.2095805776279407,,,Other,,,,1.2750000000000001
2042.0,ssp119,2.032593885516661,ssp119,2.032593885516661,0.0,,,Other,,,,1.2833333333333334
2042.0,ssp119_BC_Marine_striving,2.0312473375769433,ssp119,2.032593885516661,0.0017280698559712928,non-CO2,BC,Marine,2.0309096421713817,0.002161445626442027,0.0004333757704707342,1.2833333333333334
2042.0,ssp119_BC_off-road_striving,2.0302372315938113,ssp119,2.032593885516661,0.002356653922849894,non-CO2,BC,off-road,2.028470243395135,0.00412364212152605,0.001766988198676156,1.2833333333333334
2042.0,ssp119_BC_on-road_striving,2.0267477972273777,ssp119,2.032593885516661,0.005846088289283458,non-CO2,BC,on-road,2.024017135891839,0.008576749624822355,0.0027306613355388976,1.2833333333333334
2042.0,ssp119_CH4_Marine_striving,2.032270471518914,ssp119,2.032593885516661,0.00032341399774704627,non-CO2,CH4,Marine,2.030391385317135,0.0022025001995262805,0.0018790862017792342,1.2833333333333334
2042.0,ssp119_CH4_off-road_striving,2.0314372265447447,ssp119,2.032593885516661,0.0011566589719165243,non-CO2,CH4,off-road,2.0270172269201487,0.005576658596512463,0.004419999624595938,1.2833333333333334
2042.0,ssp119_CH4_on-road_striving,2.0288881640442917,ssp119,2.032593885516661,0.003705721472369472,non-CO2,CH4,on-road,2.0195717727641758,0.013022112752485437,0.009316391280115965,1.2833333333333334
2042.0,ssp119_CO2 FFI_Marine_striving,2.027757428074436,ssp119,2.032593885516661,0.004836457442225051,CO2,CO2 FFI,Marine,2.0195664932815744,0.013027392235086754,0.008190934792861704,1.2833333333333334
2042.0,ssp119_CO2 FFI_off-road_striving,2.029346732077066,ssp119,2.032593885516661,0.0032471534395952517,CO2,CO2 FFI,off-road,2.0138758223973157,0.01871806311934554,0.015470909679750289,1.2833333333333334
2042.0,ssp119_CO2 FFI_on-road_striving,2.001768871987447,ssp119,2.032593885516661,0.030825013529214296,CO2,CO2 FFI,on-road,1.926408133442829,0.1061857520738323,0.075360738544618,1.2833333333333334
2042.0,ssp119_N2O_Marine_striving,2.0325976540612443,ssp119,2.032593885516661,-3.768544583060418e-06,non-CO2,N2O,Marine,2.032376628479117,0.00021725703754427172,0.00022102558212733214,1.2833333333333334
2042.0,ssp119_N2O_off-road_striving,2.03258692208525,ssp119,2.032593885516661,6.963431411044496e-06,non-CO2,N2O,off-road,2.0325531714994662,4.0714017194964924e-05,3.375058578392043e-05,1.2833333333333334
2042.0,ssp119_N2O_on-road_striving,2.0323836651870195,ssp119,2.032593885516661,0.00021022032964168602,non-CO2,N2O,on-road,2.0318979276980103,0.0006959578186509496,0.0004857374890092636,1.2833333333333334
2042.0,ssp119_Sulfur_Marine_striving,2.035917961795949,ssp119,2.032593885516661,-0.0033240762792878797,non-CO2,Sulfur,Marine,2.0385484309127273,-0.005954545396066102,-0.0026304691167782224,1.2833333333333334
2042.0,ssp119_striving,1.951989710451385,ssp119,2.032593885516661,0.08060417506527617,,,Other,,,,1.2833333333333334
2042.0,ssp119_zero_tra,1.8120326666283435,ssp119,2.032593885516661,0.2205612188883177,,,Other,,,,1.2833333333333334
2043.0,ssp119,2.016549101998858,ssp119,2.016549101998858,0.0,,,Other,,,,1.2916666666666667
2043.0,ssp119_BC_Marine_striving,2.0151570358826856,ssp119,2.016549101998858,0.0017980854000562707,non-CO2,BC,Marine,2.014854619140217,0.0021887070257448258,0.00039062162568855496,1.2916666666666667
2043.0,ssp119_BC_off-road_striving,2.014063413611385,ssp119,2.016549101998858,0.002485688387473317,non-CO2,BC,off-road,2.012395524127291,0.004153577871567116,0.0016678894840937986,1.2916666666666667
2043.0,ssp119_BC_on-road_striving,2.010439872797354,ssp119,2.016549101998858,0.0061092292015043625,non-CO2,BC,on-road,2.0079043694351295,0.008644732563728663,0.0025355033622243006,1.2916666666666667
2043.0,ssp119_CH4_Marine_striving,2.0161785217344987,ssp119,2.016549101998858,0.0003705802643594325,non-CO2,CH4,Marine,2.0142279303813377,0.0023211716175204344,0.001950591353161002,1.2916666666666667
2043.0,ssp119_CH4_off-road_striving,2.015237105084349,ssp119,2.016549101998858,0.001311996914509006,non-CO2,CH4,off-road,2.0107525993566497,0.005796502642208434,0.004484505727699428,1.2916666666666667
2043.0,ssp119_CH4_on-road_striving,2.0123741460497726,ssp119,2.016549101998858,0.004174955949085568,non-CO2,CH4,on-road,2.0029666803915966,0.01358242160726153,0.009407465658175962,1.2916666666666667
2043.0,ssp119_CO2 FFI_Marine_striving,2.0110817496265954,ssp119,2.016549101998858,0.0054673523722628126,CO2,CO2 FFI,Marine,2.0027894259903025,0.013759676008555655,0.008292323636292842,1.2916666666666667
2043.0,ssp119_CO2 FFI_off-road_striving,2.012834264879164,ssp119,2.016549101998858,0.0037148371196940033,CO2,CO2 FFI,off-road,1.9967841637295827,0.0197649382692755,0.016050101149581497,1.2916666666666667
2043.0,ssp119_CO2 FFI_on-road_striving,1.9816075742660717,ssp119,2.016549101998858,0.03494152773278647,CO2,CO2 FFI,on-road,1.9046626708657972,0.11188643113306096,0.07694490340027449,1.2916666666666667
2043.0,ssp119_N2O_Marine_striving,2.016556009725095,ssp119,2.016549101998858,-6.907726236793366e-06,non-CO2,N2O,Marine,2.0163183497047816,0.00023075229407654163,0.000237660020313335,1.2916666666666667
2043.0,ssp119_N2O_off-road_striving,2.0165411231890022,ssp119,2.016549101998858,7.97880985592414e-06,non-CO2,N2O,off-road,2.0165061583174713,4.294368138690885e-05,3.496487153098471e-05,1.2916666666666667
2043.0,ssp119_N2O_on-road_striving,2.0163109085450905,ssp119,2.016549101998858,0.00023819345376763223,non-CO2,N2O,on-road,2.0158150272006434,0.0007340747982147455,0.0004958813444471133,1.2916666666666667
2043.0,ssp119_Sulfur_Marine_striving,2.0199183183344616,ssp119,2.016549101998858,-0.0033692163356033866,non-CO2,Sulfur,Marine,2.0222888040309757,-0.0057397020321174885,-0.002370485696514102,1.2916666666666667
2043.0,ssp119_striving,1.9282188844012276,ssp119,2.016549101998858,0.0883302175976306,,,Other,,,,1.2916666666666667
2043.0,ssp119_zero_tra,1.7849404629278272,ssp119,2.016549101998858,0.23160863907103102,,,Other,,,,1.2916666666666667
2044.0,ssp119,2.0167902405004687,ssp119,2.0167902405004687,0.0,,,Other,,,,1.3
2044.0,ssp119_BC_Marine_striving,2.015365692508682,ssp119,2.0167902405004687,0.0018519123893227186,non-CO2,BC,Marine,2.0150893003998744,0.0022112221307725834,0.0003593097414498647,1.3
2044.0,ssp119_BC_off-road_striving,2.014178792982335,ssp119,2.0167902405004687,0.0026114475181335806,non-CO2,BC,off-road,2.012610338315427,0.004179902185041939,0.0015684546669083588,1.3
2044.0,ssp119_BC_on-road_striving,2.010416963892016,ssp119,2.0167902405004687,0.006373276608452549,non-CO2,BC,on-road,2.008062234397658,0.00872800610281077,0.002354729494358221,1.3
2044.0,ssp119_CH4_Marine_striving,2.0163687445870067,ssp119,2.0167902405004687,0.0004214959134620777,non-CO2,CH4,Marine,2.01434840542423,0.002441835076238519,0.002020339162776441,1.3
2044.0,ssp119_CH4_off-road_striving,2.0153141970344257,ssp119,2.0167902405004687,0.00147604346604302,non-CO2,CH4,off-road,2.010780086657421,0.006010153843047927,0.004534110377004907,1.3
2044.0,ssp119_CH4_on-road_striving,2.012124553350848,ssp119,2.0167902405004687,0.004665687149620901,non-CO2,CH4,on-road,2.0026542078197362,0.014136032680732491,0.00947034553111159,1.3
2044.0,ssp119_CO2 FFI_Marine_striving,2.0106719706536866,ssp119,2.0167902405004687,0.006118269846782098,CO2,CO2 FFI,Marine,2.002292129897254,0.014498110603214709,0.00837984075643261,1.3
2044.0,ssp119_CO2 FFI_off-road_striving,2.012573404483301,ssp119,2.0167902405004687,0.004216836017167935,CO2,CO2 FFI,off-road,1.9959679615798167,0.020822278920652026,0.01660544290348409,1.3
2044.0,ssp119_CO2 FFI_on-road_striving,1.9775015166556527,ssp119,2.0167902405004687,0.039288723844816076,CO2,CO2 FFI,on-road,1.8991634439956189,0.11762679650484986,0.07833807266003379,1.3
2044.0,ssp119_N2O_Marine_striving,2.016801605250585,ssp119,2.0167902405004687,-1.1364750116094058e-05,non-CO2,N2O,Marine,2.016545519133001,0.00024472136746789275,0.0002560861175839868,1.3
2044.0,ssp119_N2O_off-road_striving,2.016781171565911,ssp119,2.0167902405004687,9.068934557543429e-06,non-CO2,N2O,off-road,2.0167450552067887,4.518529368002788e-05,3.6116359122484454e-05,1.3
2044.0,ssp119_N2O_on-road_striving,2.0165226228317863,ssp119,2.0167902405004687,0.0002676176686824405,non-CO2,N2O,on-road,2.0160178962778135,0.0007723442226552635,0.000504726553972823,1.3
2044.0,ssp119_Sulfur_Marine_striving,2.02018366138715,ssp119,2.0167902405004687,-0.0033934208866814863,non-CO2,Sulfur,Marine,2.0223455512037654,-0.005555310703296623,-0.002161889816615137,1.3
2044.0,ssp119_striving,1.9203754828083697,ssp119,2.0167902405004687,0.09641475769209906,,,Other,,,,1.3
2044.0,ssp119_zero_tra,1.7740588583970645,ssp119,2.0167902405004687,0.24273138210340428,,,Other,,,,1.3
2045.0,ssp119,2.024669460945032,ssp119,2.024669460945032,0.0,,,Other,,,,1.3083333333333333
2045.0,ssp119_BC_Marine_striving,2.0232083331275845,ssp119,2.024669460945032,0.0019116422278273703,non-CO2,BC,Marine,2.0229650627376583,0.0022299209879808415,0.0003182787601534713,1.3083333333333333
2045.0,ssp119_BC_off-road_striving,2.0219347266505867,ssp119,2.024669460945032,0.0027347342944454844,non-CO2,BC,off-road,2.0204659513224876,0.004203509622544566,0.0014687753280990812,1.3083333333333333
2045.0,ssp119_BC_on-road_striving,2.018023361336278,ssp119,2.024669460945032,0.006646099608754064,non-CO2,BC,on-road,2.015838937507083,0.0088305234379491,0.002184423829195037,1.3083333333333333
2045.0,ssp119_CH4_Marine_striving,2.024193138190401,ssp119,2.024669460945032,0.0004763227546313864,non-CO2,CH4,Marine,2.0221044312441045,0.0025650297009276457,0.0020887069462962593,1.3083333333333333
2045.0,ssp119_CH4_off-road_striving,2.023020953158767,ssp119,2.024669460945032,0.0016485077862653519,non-CO2,CH4,off-road,2.0184517756736944,0.006217685271337814,0.004569177485072462,1.3083333333333333
2045.0,ssp119_CH4_on-road_striving,2.0194940364850473,ssp119,2.024669460945032,0.0051754244599848676,non-CO2,CH4,on-road,2.0099860706652564,0.014683390279775832,0.009507965819790964,1.3083333333333333
2045.0,ssp119_CO2 FFI_Marine_striving,2.0178718588834648,ssp119,2.024669460945032,0.0067976020615674315,CO2,CO2 FFI,Marine,2.009427009777997,0.015242451167035043,0.008444849105467611,1.3083333333333333
2045.0,ssp119_CO2 FFI_off-road_striving,2.01991606265616,ssp119,2.024669460945032,0.004753398288872113,CO2,CO2 FFI,off-road,2.00277983614211,0.021889624802922114,0.01713622651405,1.3083333333333333
2045.0,ssp119_CO2 FFI_on-road_striving,1.9808158131153446,ssp119,2.024669460945032,0.04385364782968759,CO2,CO2 FFI,on-road,1.901261987596284,0.12340747334874824,0.07955382551906065,1.3083333333333333
2045.0,ssp119_N2O_Marine_striving,2.024686930884706,ssp119,2.024669460945032,-1.746993967399746e-05,non-CO2,N2O,Marine,2.0244101845998324,0.00025927634519984366,0.0002767462848738411,1.3083333333333333
2045.0,ssp119_N2O_off-road_striving,2.024659226714853,ssp119,2.024669460945032,1.0234230179317905e-05,non-CO2,N2O,off-road,2.024622022672757,4.7438272275268645e-05,3.720404209595074e-05,1.3083333333333333
2045.0,ssp119_N2O_on-road_striving,2.024371060063067,ssp119,2.024669460945032,0.00029840088196531056,non-CO2,N2O,on-road,2.023858699608023,0.0008107613370094136,0.000512360455044103,1.3083333333333333
2045.0,ssp119_Sulfur_Marine_striving,2.0281172062908652,ssp119,2.024669460945032,-0.003447745345833031,non-CO2,Sulfur,Marine,2.03006477134154,-0.0053953103965076465,-0.0019475650506746156,1.3083333333333333
2045.0,ssp119_striving,1.9198421854993801,ssp119,2.024669460945032,0.10482727544565207,,,Other,,,,1.3083333333333333
2045.0,ssp119_zero_tra,1.7707246460594346,ssp119,2.024669460945032,0.2539448148855976,,,Other,,,,1.3083333333333333
2046.0,ssp119,2.032421438434726,ssp119,2.032421438434726,0.0,,,Other,,,,1.3166666666666669
2046.0,ssp119_BC_Marine_striving,2.030932696092832,ssp119,2.032421438434726,0.0019601774168275395,non-CO2,BC,Marine,2.030716267327812,0.00224514195743711,0.00028496454060957064,1.3166666666666669
2046.0,ssp119_BC_off-road_striving,2.029565407812394,ssp119,2.032421438434726,0.002856030622332195,non-CO2,BC,off-road,2.028196526408202,0.004224912026524308,0.0013688814041921127,1.3166666666666669
2046.0,ssp119_BC_on-road_striving,2.025499680110804,ssp119,2.032421438434726,0.006921758323922056,non-CO2,BC,on-road,2.0234739991613973,0.008947439273328861,0.002025680949406805,1.3166666666666669
2046.0,ssp119_CH4_Marine_striving,2.0318858403679556,ssp119,2.032421438434726,0.000535598066770504,non-CO2,CH4,Marine,2.029729931644053,0.0026915067906729817,0.0021559087239024777,1.3166666666666669
2046.0,ssp119_CH4_off-road_striving,2.030592345562738,ssp119,2.032421438434726,0.0018290928719881805,non-CO2,CH4,off-road,2.026002273129181,0.006419165305544983,0.004590072433556802,1.3166666666666669
2046.0,ssp119_CH4_on-road_striving,2.026719781929766,ssp119,2.032421438434726,0.005701656504959907,non-CO2,CH4,on-road,2.0171966146208633,0.015224823813862809,0.009523167308902902,1.3166666666666669
2046.0,ssp119_CO2 FFI_Marine_striving,2.0249215372593947,ssp119,2.032421438434726,0.0074999011753313916,CO2,CO2 FFI,Marine,2.0164281367489068,0.01599330168581936,0.00849340051048797,1.3166666666666669
2046.0,ssp119_CO2 FFI_off-road_striving,2.027096419054211,ssp119,2.032421438434726,0.005325019380514995,CO2,CO2 FFI,off-road,2.00945426665059,0.02296717178413621,0.017642152403621214,1.3166666666666669
2046.0,ssp119_CO2 FFI_on-road_striving,1.9837961435138631,ssp119,2.032421438434726,0.04862529492086298,CO2,CO2 FFI,on-road,1.9031887941039811,0.129232644330745,0.08060734940988201,1.3166666666666669
2046.0,ssp119_N2O_Marine_striving,2.0324469526446833,ssp119,2.032421438434726,-2.5514209957222533e-05,non-CO2,N2O,Marine,2.0321468706405823,0.0002745677941438096,0.00030008200410103214,1.3166666666666669
2046.0,ssp119_N2O_off-road_striving,2.03240996334032,ssp119,2.032421438434726,1.1475094406243613e-05,non-CO2,N2O,off-road,2.0323717363797034,4.9702055022748937e-05,3.822696061650532e-05,1.3166666666666669
2046.0,ssp119_N2O_on-road_striving,2.03209089865473,ssp119,2.032421438434726,0.0003305397799961973,non-CO2,N2O,on-road,2.031572057063634,0.0008493813710921394,0.0005188415910959421,1.3166666666666669
2046.0,ssp119_Sulfur_Marine_striving,2.035908221546642,ssp119,2.032421438434726,-0.0034867831119158588,non-CO2,Sulfur,Marine,2.037676206272722,-0.005254767837995722,-0.0017679847260798631,1.3166666666666669
2046.0,ssp119_striving,1.9188435547300917,ssp119,2.032421438434726,0.1135778837046344,,,Other,,,,1.3166666666666669
2046.0,ssp119_zero_tra,1.7671618191672656,ssp119,2.032421438434726,0.26525961926746056,,,Other,,,,1.3166666666666669
2047.0,ssp119,2.0420093082887134,ssp119,2.0420093082887134,0.0,,,Other,,,,1.3250000000000002
2047.0,ssp119_BC_Marine_striving,2.0405029117584417,ssp119,2.0420093082887134,0.001995975402610051,non-CO2,BC,Marine,2.04030681530204,0.0022558032073424885,0.00025982780473243766,1.3250000000000002
2047.0,ssp119_BC_off-road_striving,2.039034880175709,ssp119,2.0420093082887134,0.0029744281130041905,non-CO2,BC,off-road,2.0377661921867034,0.004243116102010003,0.0012686879890058123,1.3250000000000002
2047.0,ssp119_BC_on-road_striving,2.0348149124488693,ssp119,2.0420093082887134,0.007194395839844159,non-CO2,BC,on-road,2.0329348841194594,0.00907442416925397,0.0018800283294098108,1.3250000000000002
2047.0,ssp119_CH4_Marine_striving,2.041408715106812,ssp119,2.0420093082887134,0.00060059318190131,non-CO2,CH4,Marine,2.0391872613227884,0.002822046965925029,0.002221453784023719,1.3250000000000002
2047.0,ssp119_CH4_off-road_striving,2.0399920198368995,ssp119,2.0420093082887134,0.0020172884518139256,non-CO2,CH4,off-road,2.0353948792340044,0.006614429054708992,0.004597140602895067,1.3250000000000002
2047.0,ssp119_CH4_on-road_striving,2.0357676996032814,ssp119,2.0420093082887134,0.0062416086854319985,non-CO2,CH4,on-road,2.0262487948957464,0.015760513392967024,0.009518904707535025,1.3250000000000002
2047.0,ssp119_CO2 FFI_Marine_striving,2.0337895387572904,ssp119,2.0420093082887134,0.008219769531423005,CO2,CO2 FFI,Marine,2.0252578801146375,0.016751428174075933,0.008531658642652928,1.3250000000000002
2047.0,ssp119_CO2 FFI_off-road_striving,2.036077318711274,ssp119,2.0420093082887134,0.005931989577439456,CO2,CO2 FFI,off-road,2.017954094299113,0.02405521398960042,0.018123224412160965,1.3250000000000002
2047.0,ssp119_CO2 FFI_on-road_striving,1.9884165565598382,ssp119,2.0420093082887134,0.05359275172887523,CO2,CO2 FFI,on-road,1.9068989971178492,0.13511031117086425,0.08151755944198902,1.3250000000000002
2047.0,ssp119_N2O_Marine_striving,2.0420449099965805,ssp119,2.0420093082887134,-3.560170786709449e-05,non-CO2,N2O,Marine,2.0417185277755543,0.0002907805131591168,0.0003263822210262113,1.3250000000000002
2047.0,ssp119_N2O_off-road_striving,2.04199651736067,ssp119,2.0420093082887134,1.2790928043404648e-05,non-CO2,N2O,off-road,2.0419573331876215,5.1975101091894516e-05,3.918417304848987e-05,1.3250000000000002
2047.0,ssp119_N2O_on-road_striving,2.0416453976316324,ssp119,2.0420093082887134,0.00036391065708096804,non-CO2,N2O,on-road,2.041121122691613,0.000888185597100577,0.000524274940019609,1.3250000000000002
2047.0,ssp119_Sulfur_Marine_striving,2.0455154035173164,ssp119,2.0420093082887134,-0.0035060952286030123,non-CO2,Sulfur,Marine,2.047137059969449,-0.005127751680735759,-0.001621656452132747,1.3250000000000002
2047.0,ssp119_striving,1.919362589605041,ssp119,2.0420093082887134,0.12264671868367238,,,Other,,,,1.3250000000000002
2047.0,ssp119_zero_tra,1.7653195282558365,ssp119,2.0420093082887134,0.2766897800328769,,,Other,,,,1.3250000000000002
2048.0,ssp119,2.0577932515277526,ssp119,2.0577932515277526,0.0,,,Other,,,,1.3333333333333335
2048.0,ssp119_BC_Marine_striving,2.056277910760678,ssp119,2.0577932515277526,0.002020454356099322,non-CO2,BC,Marine,2.056098130084894,0.0022601619238115473,0.0002397075677122255,1.3333333333333335
2048.0,ssp119_BC_off-road_striving,2.054702910049864,ssp119,2.0577932515277526,0.0030903414778884475,non-CO2,BC,off-road,2.053534615156797,0.004258636370955582,0.0011682948930671344,1.3333333333333335
2048.0,ssp119_BC_on-road_striving,2.05032845100469,ssp119,2.0577932515277526,0.007464800523062642,non-CO2,BC,on-road,2.048580128204529,0.009213123323223549,0.0017483228001609064,1.3333333333333335
2048.0,ssp119_CH4_Marine_striving,2.0571191671417575,ssp119,2.0577932515277526,0.000674084385995144,non-CO2,CH4,Marine,2.054835814132811,0.0029574373949414756,0.0022833530089463316,1.3333333333333335
2048.0,ssp119_CH4_off-road_striving,2.055580604198513,ssp119,2.0577932515277526,0.0022126473292396476,non-CO2,CH4,off-road,2.0509897930562966,0.006803458471456025,0.004590811142216378,1.3333333333333335
2048.0,ssp119_CH4_on-road_striving,2.0510005882522955,ssp119,2.0577932515277526,0.006792663275457134,non-CO2,CH4,on-road,2.041502574460626,0.016290677067126502,0.009498013791669369,1.3333333333333335
2048.0,ssp119_CO2 FFI_Marine_striving,2.0488397060488976,ssp119,2.0577932515277526,0.008953545478854963,CO2,CO2 FFI,Marine,2.0402767954191336,0.01751645610861896,0.008562910629763998,1.3333333333333335
2048.0,ssp119_CO2 FFI_off-road_striving,2.0512189692517144,ssp119,2.0577932515277526,0.006574282276038179,CO2,CO2 FFI,off-road,2.0326399383619767,0.02515331316577596,0.01857903088973778,1.3333333333333335
2048.0,ssp119_CO2 FFI_on-road_striving,1.9990502661588003,ssp119,2.0577932515277526,0.05874298536895228,CO2,CO2 FFI,on-road,1.9167502589896086,0.141042992538144,0.08230000716919172,1.3333333333333335
2048.0,ssp119_N2O_Marine_striving,2.0578406194301357,ssp119,2.0577932515277526,-4.736790238313304e-05,non-CO2,N2O,Marine,2.057485114589448,0.0003081369383046706,0.00035550484068780364,1.3333333333333335
2048.0,ssp119_N2O_off-road_striving,2.0577790702490955,ssp119,2.0577932515277526,1.4181278657154905e-05,non-CO2,N2O,off-road,2.0577389952492062,5.425627854638293e-05,4.0074999889228025e-05,1.3333333333333335
2048.0,ssp119_N2O_on-road_striving,2.0573949040355943,ssp119,2.0577932515277526,0.0003983474921582797,non-CO2,N2O,on-road,2.0568660996604455,0.0009271518673070744,0.0005288043751487947,1.3333333333333335
2048.0,ssp119_Sulfur_Marine_striving,2.0613027168352547,ssp119,2.0577932515277526,-0.0035094653075020688,non-CO2,Sulfur,Marine,2.0628013902856552,-0.005008138757902625,-0.001498673450400556,1.3333333333333335
2048.0,ssp119_striving,1.9257758987810223,ssp119,2.0577932515277526,0.13201735274673032,,,Other,,,,1.3333333333333335
2048.0,ssp119_zero_tra,1.7695452469097832,ssp119,2.0577932515277526,0.2882480046179694,,,Other,,,,1.3333333333333335
2049.0,ssp119,2.0561376304410515,ssp119,2.0561376304410515,0.0,,,Other,,,,1.3416666666666668
2049.0,ssp119_BC_Marine_striving,2.0546209550440624,ssp119,2.0561376304410515,0.002034872824293677,non-CO2,BC,Marine,2.0544547830807693,0.002257820208378518,0.000222947384084841,1.3416666666666668
2049.0,ssp119_BC_off-road_striving,2.0529333628984605,ssp119,2.0561376304410515,0.003204267542590955,non-CO2,BC,off-road,2.0518655636660212,0.0042720667750302255,0.0010677992324392704,1.3416666666666668
2049.0,ssp119_BC_on-road_striving,2.0484075599724036,ssp119,2.0561376304410515,0.0077300704686478205,non-CO2,BC,on-road,2.046776438966383,0.009361191474668296,0.001631121006020475,1.3416666666666668
2049.0,ssp119_CH4_Marine_striving,2.0553757166866617,ssp119,2.0561376304410515,0.0007619137543897203,non-CO2,CH4,Marine,2.0530388863701163,0.0030987440709351333,0.002336830316545413,1.3416666666666668
2049.0,ssp119_CH4_off-road_striving,2.053722855218712,ssp119,2.0561376304410515,0.0024147752223395713,non-CO2,CH4,off-road,2.0491513247114312,0.0069863057296202236,0.004571530507280652,1.3416666666666668
2049.0,ssp119_CH4_on-road_striving,2.0487852842167307,ssp119,2.0561376304410515,0.007352346224320794,non-CO2,CH4,on-road,2.0393222079441915,0.016815422496859966,0.009463076272539173,1.3416666666666668
2049.0,ssp119_CO2 FFI_Marine_striving,2.0464379286345347,ssp119,2.0561376304410515,0.009699701806516803,CO2,CO2 FFI,Marine,2.037848817708917,0.018288812732134563,0.00858911092561776,1.3416666666666668
2049.0,ssp119_CO2 FFI_off-road_striving,2.04888526823102,ssp119,2.0561376304410515,0.00725236221003156,CO2,CO2 FFI,off-road,2.0298757386498227,0.02626189179122873,0.01900952958119717,1.3416666666666668
2049.0,ssp119_CO2 FFI_on-road_striving,1.992071037516731,ssp119,2.0561376304410515,0.06406659292432049,CO2,CO2 FFI,on-road,1.9091011343268864,0.14703649611416503,0.08296990318984454,1.3416666666666668
2049.0,ssp119_N2O_Marine_striving,2.0561971115394924,ssp119,2.0561376304410515,-5.948109844089444e-05,non-CO2,N2O,Marine,2.055810703217125,0.0003269272239263543,0.00038640832236724876,1.3416666666666668
2049.0,ssp119_N2O_off-road_striving,2.056121984534593,ssp119,2.0561376304410515,1.5645906458416903e-05,non-CO2,N2O,off-road,2.056081085609659,5.654483139228006e-05,4.089892493386316e-05,1.3416666666666668
2049.0,ssp119_N2O_on-road_striving,2.055703836664224,ssp119,2.0561376304410515,0.00043379377682750686,non-CO2,N2O,on-road,2.055171362555146,0.0009662678859054807,0.0005324741090779739,1.3416666666666668
2049.0,ssp119_Sulfur_Marine_striving,2.0596369593136026,ssp119,2.0561376304410515,-0.0034993288725511107,non-CO2,Sulfur,Marine,2.0610302444373003,-0.004892613996248851,-0.0013932851236977406,1.3416666666666668
2049.0,ssp119_striving,1.9144559633207299,ssp119,2.0561376304410515,0.1416816671203216,,,Other,,,,1.3416666666666668
2049.0,ssp119_zero_tra,1.756190143290069,ssp119,2.0561376304410515,0.2999474871509824,,,Other,,,,1.3416666666666668
2050.0,ssp119,2.077022633552025,ssp119,2.077022633552025,0.0,,,Other,,,,1.35
2050.0,ssp119_BC_Marine_striving,2.075511990303055,ssp119,2.077022633552025,0.002039368386109186,non-CO2,BC,Marine,2.075357420126255,0.0022480381247894643,0.0002086697386802783,1.35
2050.0,ssp119_BC_off-road_striving,2.073706118099528,ssp119,2.077022633552025,0.003316515452497004,non-CO2,BC,off-road,2.072738856310198,0.004283777241826936,0.0009672617893299318,1.35
2050.0,ssp119_BC_on-road_striving,2.0690310182037805,ssp119,2.077022633552025,0.00799161534824444,non-CO2,BC,on-road,2.0675062788893754,0.009516354662649551,0.0015247393144051102,1.35
2050.0,ssp119_CH4_Marine_striving,2.076147013520226,ssp119,2.077022633552025,0.0008756200317989737,non-CO2,CH4,Marine,2.073775221277971,0.003247412274054007,0.002371792242255033,1.35
2050.0,ssp119_CH4_off-road_striving,2.0743992632953923,ssp119,2.077022633552025,0.002623370256632729,non-CO2,CH4,off-road,2.0698594295391533,0.007163204012871738,0.004539833756239009,1.35
2050.0,ssp119_CH4_on-road_striving,2.069104227987397,ssp119,2.077022633552025,0.007918405564628195,non-CO2,CH4,on-road,2.0596875492215574,0.0173350843304676,0.009416678765839404,1.35
2050.0,ssp119_CO2 FFI_Marine_striving,2.0665656449921297,ssp119,2.077022633552025,0.010456988559895297,CO2,CO2 FFI,Marine,2.0579541959282963,0.019068437623728673,0.008611449063833376,1.35
2050.0,ssp119_CO2 FFI_off-road_striving,2.069056429914205,ssp119,2.077022633552025,0.00796620363782008,CO2,CO2 FFI,off-road,2.049642251283846,0.02738038226817885,0.01941417863035877,1.35
2050.0,ssp119_CO2 FFI_on-road_striving,2.0074729159463804,ssp119,2.077022633552025,0.06954971760564455,CO2,CO2 FFI,on-road,1.9239331088011034,0.15308952475092164,0.08353980714527709,1.35
2050.0,ssp119_N2O_Marine_striving,2.0770913475168182,ssp119,2.077022633552025,-6.871396479324332e-05,non-CO2,N2O,Marine,2.076675107015663,0.0003475265363621638,0.0004162405011554071,1.35
2050.0,ssp119_N2O_off-road_striving,2.0770054488032152,ssp119,2.077022633552025,1.7184748809739858e-05,non-CO2,N2O,off-road,2.076963793122808,5.8840429216999723e-05,4.1655680407259865e-05,1.35
2050.0,ssp119_N2O_on-road_striving,2.076552413713672,ssp119,2.077022633552025,0.00047021983835282555,non-CO2,N2O,on-road,2.0760170426460545,0.0010055909059705215,0.0005353710676176959,1.35
2050.0,ssp119_Sulfur_Marine_striving,2.080498419181997,ssp119,2.077022633552025,-0.0034757856299720835,non-CO2,Sulfur,Marine,2.081800379613825,-0.004777746061800148,-0.0013019604318280642,1.35
2050.0,ssp119_striving,1.925382220221227,ssp119,2.077022633552025,0.15164041333079803,,,Other,,,,1.35
2050.0,ssp119_zero_tra,1.7652309180167711,ssp119,2.077022633552025,0.31179171553525387,,,Other,,,,1.35
2051.0,ssp119,2.0639530615365924,ssp119,2.0639530615365924,0.0,,,Other,,,,1.0
2051.0,ssp119_BC_Marine_striving,2.0624566232203754,ssp119,2.0639530615365924,0.0014964383162170414,non-CO2,BC,Marine,2.0623120697916324,0.0016409917449600187,0.00014455342874297727,1.0
2051.0,ssp119_BC_off-road_striving,2.0605257865315143,ssp119,2.0639530615365924,0.003427275005078112,non-CO2,BC,off-road,2.059659057851708,0.004294003684884196,0.0008667286798060836,1.0
2051.0,ssp119_BC_on-road_striving,2.0557021355571616,ssp119,2.0639530615365924,0.008250925979430779,non-CO2,BC,on-road,2.0542758811381066,0.009677180398485863,0.001426254419055084,1.0
2051.0,ssp119_CH4_Marine_striving,2.062916217760114,ssp119,2.0639530615365924,0.0010368437764785021,non-CO2,CH4,Marine,2.060548058923594,0.0034050026129985866,0.0023681588365200845,1.0
2051.0,ssp119_CH4_off-road_striving,2.061114993166708,ssp119,2.0639530615365924,0.002838068369884539,non-CO2,CH4,off-road,2.056618837701662,0.00733422383493032,0.004496155465045781,1.0
2051.0,ssp119_CH4_on-road_striving,2.055464660437592,ssp119,2.0639530615365924,0.008488401099000509,non-CO2,CH4,on-road,2.0461036265692756,0.017849434967316835,0.009361033868316326,1.0
2051.0,ssp119_CO2 FFI_Marine_striving,2.0527278713768755,ssp119,2.0639530615365924,0.011225190159716902,CO2,CO2 FFI,Marine,2.044097024786216,0.019856036750376393,0.008630846590659491,1.0
2051.0,ssp119_CO2 FFI_off-road_striving,2.0552365076941173,ssp119,2.0639530615365924,0.008716553842475161,CO2,CO2 FFI,off-road,2.0354434235757806,0.02850963796081185,0.01979308411833669,1.0
2051.0,ssp119_CO2 FFI_on-road_striving,1.9887684444669949,ssp119,2.0639530615365924,0.07518461706959756,CO2,CO2 FFI,on-road,1.9047446130317485,0.15920844850484395,0.08402383143524639,1.0
2051.0,ssp119_N2O_Marine_striving,2.0640213615616054,ssp119,2.0639530615365924,-6.83000250130128e-05,non-CO2,N2O,Marine,2.0635826611640185,0.00037040037257396463,0.00043870039758697743,1.0
2051.0,ssp119_N2O_off-road_striving,2.0639342638509035,ssp119,2.0639530615365924,1.8797685688909382e-05,non-CO2,N2O,off-road,2.0638919189594342,6.114257715816862e-05,4.234489146925924e-05,1.0
2051.0,ssp119_N2O_on-road_striving,2.0634455887615997,ssp119,2.0639530615365924,0.0005074727749927455,non-CO2,N2O,on-road,2.062907960487996,0.001045101048596564,0.0005376282736038185,1.0
2051.0,ssp119_Sulfur_Marine_striving,2.0673895321474163,ssp119,2.0639530615365924,-0.0034364706108238607,non-CO2,Sulfur,Marine,2.068611809770058,-0.0046587482334654595,-0.0012222776226415988,1.0
2051.0,ssp119_striving,1.9078296895653295,ssp119,2.0639530615365924,0.15612337197126291,,,Other,,,,1.0
2051.0,ssp119_zero_tra,1.7464410264915722,ssp119,2.0639530615365924,0.31751203504502024,,,Other,,,,1.0
2052.0,ssp119,2.028322699200451,ssp119,2.028322699200451,0.0,,,Other,,,,1.0
2052.0,ssp119_BC_Marine_striving,2.02715124567369,ssp119,2.028322699200451,0.0011714535267608461,non-CO2,BC,Marine,2.0270154111695082,0.0013072880309428214,0.0001358345041819753,1.0
2052.0,ssp119_BC_off-road_striving,2.0256845392718925,ssp119,2.028322699200451,0.0026381599285585366,non-CO2,BC,off-road,2.0249140646910795,0.0034086345093715664,0.0007704745808130298,1.0
2052.0,ssp119_BC_on-road_striving,2.021950332122058,ssp119,2.028322699200451,0.006372367078392838,non-CO2,BC,on-road,2.0206646647697246,0.007658034430726435,0.001285667352333597,1.0
2052.0,ssp119_CH4_Marine_striving,2.027192325847798,ssp119,2.028322699200451,0.0011303733526530912,non-CO2,CH4,Marine,2.0248617008997916,0.00346099830065949,0.002330624948006399,1.0
2052.0,ssp119_CH4_off-road_striving,2.0253828606381648,ssp119,2.028322699200451,0.002939838562286301,non-CO2,CH4,off-road,2.0209795539737496,0.007343145226701431,0.00440330666441513,1.0
2052.0,ssp119_CH4_on-road_striving,2.019578604467886,ssp119,2.028322699200451,0.008744094732564989,non-CO2,CH4,on-road,2.0103903332698416,0.01793236593060943,0.00918827119804444,1.0
2052.0,ssp119_CO2 FFI_Marine_striving,2.016585211401468,ssp119,2.028322699200451,0.011737487798983093,CO2,CO2 FFI,Marine,2.007938110714702,0.020384588485748978,0.008647100686765885,1.0
2052.0,ssp119_CO2 FFI_off-road_striving,2.019108091333032,ssp119,2.028322699200451,0.009214607867419122,CO2,CO2 FFI,off-road,1.999055939891955,0.029266759308496093,0.02005215144107697,1.0
2052.0,ssp119_CO2 FFI_on-road_striving,1.9494124652415765,ssp119,2.028322699200451,0.07891023395887453,CO2,CO2 FFI,on-road,1.8650642431114441,0.1632584560890069,0.08434822213013238,1.0
2052.0,ssp119_N2O_Marine_striving,2.028390180973153,ssp119,2.028322699200451,-6.74817727017718e-05,non-CO2,N2O,Marine,2.027936447723217,0.00038625147723392317,0.00045373324993569497,1.0
2052.0,ssp119_N2O_off-road_striving,2.028302772461997,ssp119,2.028322699200451,1.9926738453968085e-05,non-CO2,N2O,off-road,2.028259981860446,6.271734000495854e-05,4.279060155099046e-05,1.0
2052.0,ssp119_N2O_on-road_striving,2.027789170688036,ssp119,2.028322699200451,0.0005335285124150602,non-CO2,N2O,on-road,2.0272505664027354,0.0010721327977156747,0.0005386042853006145,1.0
2052.0,ssp119_Sulfur_Marine_striving,2.031043477352317,ssp119,2.028322699200451,-0.00272077815186611,non-CO2,Sulfur,Marine,2.0321958827551625,-0.0038731835547114457,-0.0011524054028453357,1.0
2052.0,ssp119_striving,1.8781233266267963,ssp119,2.028322699200451,0.1501993725736548,,,Other,,,,1.0
2052.0,ssp119_zero_tra,1.7161440670244124,ssp119,2.028322699200451,0.3121786321760387,,,Other,,,,1.0
2053.0,ssp119,2.019255211899824,ssp119,2.019255211899824,0.0,,,Other,,,,1.0
2053.0,ssp119_BC_Marine_striving,2.0183380519807272,ssp119,2.019255211899824,0.0009171599190969104,non-CO2,BC,Marine,2.0182098500771524,0.0010453618226717865,0.00012820190357487604,1.0
2053.0,ssp119_BC_off-road_striving,2.0172445410107556,ssp119,2.019255211899824,0.0020106708890685887,non-CO2,BC,off-road,2.016547659037009,0.002707552862815099,0.0006968819737465104,1.0
2053.0,ssp119_BC_on-road_striving,2.0143777670996514,ssp119,2.019255211899824,0.004877444800172714,non-CO2,BC,on-road,2.0132054952791067,0.006049716620717405,0.0011722718205446903,1.0
2053.0,ssp119_CH4_Marine_striving,2.018088104691239,ssp119,2.019255211899824,0.0011671072085852607,non-CO2,CH4,Marine,2.015815224009964,0.0034399878898603298,0.002272880681275069,1.0
2053.0,ssp119_CH4_off-road_striving,2.0162991980702833,ssp119,2.019255211899824,0.0029560138295408045,non-CO2,CH4,off-road,2.012023220158195,0.007231991741629251,0.004275977912088447,1.0
2053.0,ssp119_CH4_on-road_striving,2.010492022468735,ssp119,2.019255211899824,0.008763189431089113,non-CO2,CH4,on-road,2.001560453274912,0.01769475862491232,0.008931569193823208,1.0
2053.0,ssp119_CO2 FFI_Marine_striving,2.007194995600514,ssp119,2.019255211899824,0.012060216299309978,CO2,CO2 FFI,Marine,1.9985341891850528,0.020721022714771387,0.008660806415461408,1.0
2053.0,ssp119_CO2 FFI_off-road_striving,2.0097316448893925,ssp119,2.019255211899824,0.009523567010431666,CO2,CO2 FFI,off-road,1.9895070846749594,0.02974812722486475,0.020224560214433085,1.0
2053.0,ssp119_CO2 FFI_on-road_striving,1.9380337496027764,ssp119,2.019255211899824,0.08122146229704774,CO2,CO2 FFI,on-road,1.853468624581495,0.16578658731832907,0.08456512502128133,1.0
2053.0,ssp119_N2O_Marine_striving,2.0193228411573183,ssp119,2.019255211899824,-6.762925749415061e-05,non-CO2,N2O,Marine,2.018858786797531,0.0003964251022932075,0.0004640543597873581,1.0
2053.0,ssp119_N2O_off-road_striving,2.019234537793367,ssp119,2.019255211899824,2.067410645700818e-05,non-CO2,N2O,off-road,2.019191487657369,6.372424245526531e-05,4.305013599825713e-05,1.0
2053.0,ssp119_N2O_on-road_striving,2.018704389831776,ssp119,2.019255211899824,0.0005508220680483511,non-CO2,N2O,on-road,2.0181657954623673,0.0010894164374568582,0.0005385943694085071,1.0
2053.0,ssp119_Sulfur_Marine_striving,2.0214140658380404,ssp119,2.019255211899824,-0.002158853938216243,non-CO2,Sulfur,Marine,2.0225049611640116,-0.003249749264187418,-0.0010908953259711751,1.0
2053.0,ssp119_striving,1.8741185243346523,ssp119,2.019255211899824,0.14513668756517184,,,Other,,,,1.0
2053.0,ssp119_zero_tra,1.71209171777584,ssp119,2.019255211899824,0.30716349412398425,,,Other,,,,1.0
2054.0,ssp119,1.9974014841160237,ssp119,1.9974014841160237,0.0,,,Other,,,,1.0
2054.0,ssp119_BC_Marine_striving,1.9966394394636602,ssp119,1.9974014841160237,0.0007620446523635138,non-CO2,BC,Marine,1.9965179489630247,0.0008835351529989932,0.00012149050063547939,1.0
2054.0,ssp119_BC_off-road_striving,1.9957629848386058,ssp119,1.9974014841160237,0.001638499277417882,non-CO2,BC,off-road,1.9951223928247186,0.002279091291305102,0.0006405920138872201,1.0
2054.0,ssp119_BC_on-road_striving,1.9934123787834082,ssp119,1.9974014841160237,0.003989105332615539,non-CO2,BC,on-road,1.9923249125541935,0.005076571561830168,0.0010874662292146287,1.0
2054.0,ssp119_CH4_Marine_striving,1.996228144646799,ssp119,1.9974014841160237,0.001173339469224599,non-CO2,CH4,Marine,1.9940244400126508,0.003377044103372917,0.002203704634148318,1.0
2054.0,ssp119_CH4_off-road_striving,1.9944765996566618,ssp119,1.9974014841160237,0.0029248844593618983,non-CO2,CH4,off-road,1.9903456820543755,0.007055802061648242,0.004130917602286344,1.0
2054.0,ssp119_CH4_on-road_striving,1.9887499959359918,ssp119,1.9974014841160237,0.008651488180031919,non-CO2,CH4,on-road,1.980117748747692,0.01728373536833172,0.008632247188299802,1.0
2054.0,ssp119_CO2 FFI_Marine_striving,1.9851207847917158,ssp119,1.9974014841160237,0.012280699324307864,CO2,CO2 FFI,Marine,1.976448266262611,0.020953217853412642,0.008672518529104778,1.0
2054.0,ssp119_CO2 FFI_off-road_striving,1.9876696904599638,ssp119,1.9974014841160237,0.009731793656059917,CO2,CO2 FFI,off-road,1.967321481166607,0.030080002949416595,0.02034820929335668,1.0
2054.0,ssp119_CO2 FFI_on-road_striving,1.9146227088582826,ssp119,1.9974014841160237,0.08277877525774113,CO2,CO2 FFI,on-road,1.8299010521976147,0.16750043191840902,0.08472165666066789,1.0
2054.0,ssp119_N2O_Marine_striving,1.9974695773215791,ssp119,1.9974014841160237,-6.809320555545284e-05,non-CO2,N2O,Marine,1.9969981457970711,0.0004033383189525619,0.00047143152450801473,1.0
2054.0,ssp119_N2O_off-road_striving,1.997380284516768,ssp119,1.9974014841160237,2.1199599255616874e-05,non-CO2,N2O,off-road,1.997337091059529,6.439305649474925e-05,4.319345723913237e-05,1.0
2054.0,ssp119_N2O_on-road_striving,1.9968385160896398,ssp119,1.9974014841160237,0.0005629680263838921,non-CO2,N2O,on-road,1.996300584605832,0.0011008995101917662,0.0005379314838078741,1.0
2054.0,ssp119_Sulfur_Marine_striving,1.9992146758164389,ssp119,1.9974014841160237,-0.001813191700415162,non-CO2,Sulfur,Marine,2.000251237205219,-0.002849753089195328,-0.0010365613887801661,1.0
2054.0,ssp119_striving,1.8553448751800201,ssp119,1.9974014841160237,0.14205660893600358,,,Other,,,,1.0
2054.0,ssp119_zero_tra,1.6935871367285003,ssp119,1.9974014841160237,0.30381434738752344,,,Other,,,,1.0
2055.0,ssp119,2.0019110776125144,ssp119,2.0019110776125144,0.0,,,Other,,,,1.0
2055.0,ssp119_BC_Marine_striving,2.0012536155618568,ssp119,2.0019110776125144,0.0006574620506576423,non-CO2,BC,Marine,2.0011380483956542,0.0007730292168601771,0.00011556716620253482,1.0
2055.0,ssp119_BC_off-road_striving,2.000516522208322,ssp119,2.0019110776125144,0.0013945554041923103,non-CO2,BC,off-road,1.9999215191153472,0.0019895584971671987,0.0005950030929748884,1.0
2055.0,ssp119_BC_on-road_striving,1.9985054385067877,ssp119,2.0019110776125144,0.0034056391057266655,non-CO2,BC,on-road,1.9974857746874504,0.004425302925064045,0.0010196638193373797,1.0
2055.0,ssp119_CH4_Marine_striving,2.0007489531494187,ssp119,2.0019110776125144,0.001162124463095715,non-CO2,CH4,Marine,1.9986210621548193,0.003290015457695139,0.002127890994599424,1.0
2055.0,ssp119_CH4_off-road_striving,1.9990451601541344,ssp119,2.0019110776125144,0.0028659174583800517,non-CO2,CH4,off-road,1.9950681946525783,0.00684288295993607,0.003976965501556018,1.0
2055.0,ssp119_CH4_on-road_striving,1.9934481410258336,ssp119,2.0019110776125144,0.008462936586680847,non-CO2,CH4,on-road,1.9851363984542914,0.01677467915822306,0.008311742571542213,1.0
2055.0,ssp119_CO2 FFI_Marine_striving,1.989469296828058,ssp119,2.0019110776125144,0.012441780784456347,CO2,CO2 FFI,Marine,1.9807866529531397,0.021124424659374696,0.00868264387491835,1.0
2055.0,ssp119_CO2 FFI_off-road_striving,1.9920287050807943,ssp119,2.0019110776125144,0.009882372531720085,CO2,CO2 FFI,off-road,1.9715865807536548,0.03032449685885963,0.020442124327139544,1.0
2055.0,ssp119_CO2 FFI_on-road_striving,1.9180067832610084,ssp119,2.0019110776125144,0.08390429435150604,CO2,CO2 FFI,on-road,1.8331659128116042,0.16874516480091017,0.08484087044940414,1.0
2055.0,ssp119_N2O_Marine_striving,2.001979660038711,ssp119,2.0019110776125144,-6.858242619678379e-05,non-CO2,N2O,Marine,2.001502879767937,0.00040819784457735153,0.0004767802707741353,1.0
2055.0,ssp119_N2O_off-road_striving,2.0018894941901886,ssp119,2.0019110776125144,2.1583422325832657e-05,non-CO2,N2O,off-road,2.001846236765722,6.484084679225788e-05,4.325742446642522e-05,1.0
2055.0,ssp119_N2O_on-road_striving,2.001339286317149,ssp119,2.0019110776125144,0.0005717912953655535,non-CO2,N2O,on-road,2.00080248507387,0.0011085925386442597,0.0005368012432787062,1.0
2055.0,ssp119_Sulfur_Marine_striving,2.003489228240257,ssp119,2.0019110776125144,-0.0015781506277425805,non-CO2,Sulfur,Marine,2.004477646246766,-0.0025665686342515315,-0.000988418006508951,1.0
2055.0,ssp119_striving,1.862008764770368,ssp119,2.0019110776125144,0.13990231284214638,,,Other,,,,1.0
2055.0,ssp119_zero_tra,1.7006892019500695,ssp119,2.0019110776125144,0.30122187566244496,,,Other,,,,1.0
2056.0,ssp119,2.0073899024897335,ssp119,2.0073899024897335,0.0,,,Other,,,,1.0
2056.0,ssp119_BC_Marine_striving,2.0068099915981596,ssp119,2.0073899024897335,0.0005799108915738316,non-CO2,BC,Marine,2.006699668947439,0.0006902335422944716,0.00011032265072064007,1.0
2056.0,ssp119_BC_off-road_striving,2.006172371864019,ssp119,2.0073899024897335,0.0012175306257145024,non-CO2,BC,off-road,2.005615642143262,0.0017742603464716566,0.0005567297207571542,1.0
2056.0,ssp119_BC_on-road_striving,2.0044084375686912,ssp119,2.0073899024897335,0.0029814649210422317,non-CO2,BC,on-road,2.003445480412869,0.003944422076864296,0.000962957155822064,1.0
2056.0,ssp119_CH4_Marine_striving,2.00624985866823,ssp119,2.0073899024897335,0.0011400438215036779,non-CO2,CH4,Marine,2.0042015696840374,0.0031883328056960814,0.0020482889841924035,1.0
2056.0,ssp119_CH4_off-road_striving,2.0046004987589674,ssp119,2.0073899024897335,0.0027894037307660824,non-CO2,CH4,off-road,2.0007814806665905,0.006608421823143029,0.0038190180923769468,1.0
2056.0,ssp119_CH4_on-road_striving,1.99916372525734,ssp119,2.0073899024897335,0.008226177232393495,non-CO2,CH4,on-road,1.991182082824591,0.01620781966514251,0.007981642432749014,1.0
2056.0,ssp119_CO2 FFI_Marine_striving,1.9948247557743393,ssp119,2.0073899024897335,0.012565146715394215,CO2,CO2 FFI,Marine,1.9861332010047257,0.0212567014850078,0.008691554769613585,1.0
2056.0,ssp119_CO2 FFI_off-road_striving,1.9973930631396757,ssp119,2.0073899024897335,0.009996839350057796,CO2,CO2 FFI,off-road,1.9768766404319182,0.030513262057815238,0.020516422707757442,1.0
2056.0,ssp119_CO2 FFI_on-road_striving,1.9226306304924716,ssp119,2.0073899024897335,0.08475927199726185,CO2,CO2 FFI,on-road,1.8376954542919999,0.1696944481977336,0.08493517620047175,1.0
2056.0,ssp119_N2O_Marine_striving,2.007458898039806,ssp119,2.0073899024897335,-6.899555007233715e-05,non-CO2,N2O,Marine,2.006978278380652,0.0004116241090814654,0.00048061965915380256,1.0
2056.0,ssp119_N2O_off-road_striving,2.007368035185024,ssp119,2.0073899024897335,2.1867304709655144e-05,non-CO2,N2O,off-road,2.007324772506736,6.512998299745831e-05,4.326267828780317e-05,1.0
2056.0,ssp119_N2O_on-road_striving,2.0068116514816983,ssp119,2.0073899024897335,0.0005782510080352132,non-CO2,N2O,on-road,2.0062763364585314,0.0011135660312020512,0.000535315023166838,1.0
2056.0,ssp119_Sulfur_Marine_striving,2.008792531010718,ssp119,2.0073899024897335,-0.0014026285209847167,non-CO2,Sulfur,Marine,2.0097381718912484,-0.002348269401514891,-0.0009456408805301741,1.0
2056.0,ssp119_striving,1.8692031947656254,ssp119,2.0073899024897335,0.13818670772410813,,,Other,,,,1.0
2056.0,ssp119_zero_tra,1.7084158139668841,ssp119,2.0073899024897335,0.29897408852284935,,,Other,,,,1.0
2057.0,ssp119,1.9905777551800554,ssp119,1.9905777551800554,0.0,,,Other,,,,1.0
2057.0,ssp119_BC_Marine_striving,1.9900590757268444,ssp119,1.9905777551800554,0.0005186794532110461,non-CO2,BC,Marine,1.9899534104964989,0.0006243446835565436,0.00010566523034549746,1.0
2057.0,ssp119_BC_off-road_striving,1.9894979245406441,ssp119,1.9905777551800554,0.0010798306394113055,non-CO2,BC,off-road,1.9889739921499117,0.0016037630301437567,0.0005239323907324511,1.0
2057.0,ssp119_BC_on-road_striving,1.9879267209964058,ssp119,1.9905777551800554,0.0026510341836496476,non-CO2,BC,on-road,1.9870124078518423,0.00356534732821312,0.0009143131445634722,1.0
2057.0,ssp119_CH4_Marine_striving,1.9894669445744089,ssp119,1.9905777551800554,0.0011108106056465505,non-CO2,CH4,Marine,1.987500160324971,0.00307759485508452,0.0019667842494379695,1.0
2057.0,ssp119_CH4_off-road_striving,1.9878762976055475,ssp119,1.9905777551800554,0.002701457574507904,non-CO2,CH4,off-road,1.984216180676496,0.006361574503559453,0.003660116929051549,1.0
2057.0,ssp119_CH4_on-road_striving,1.9826194544324014,ssp119,1.9905777551800554,0.007958300747654024,non-CO2,CH4,on-road,1.9749704921614901,0.015607263018565298,0.007648962270911275,1.0
2057.0,ssp119_CO2 FFI_Marine_striving,1.977915214742623,ssp119,1.9905777551800554,0.012662540437432313,CO2,CO2 FFI,Marine,1.9692156987122043,0.021362056467851165,0.008699516030418852,1.0
2057.0,ssp119_CO2 FFI_off-road_striving,1.9804910404867,ssp119,1.9905777551800554,0.010086714693355425,CO2,CO2 FFI,off-road,1.959914243449005,0.03066351173105053,0.020576797037695105,1.0
2057.0,ssp119_CO2 FFI_on-road_striving,1.9051479038291665,ssp119,1.9905777551800554,0.08542985135088887,CO2,CO2 FFI,on-road,1.8201366596001582,0.17044109557989717,0.0850112442290083,1.0
2057.0,ssp119_N2O_Marine_striving,1.9906470598401078,ssp119,1.9905777551800554,-6.930466005239388e-05,non-CO2,N2O,Marine,1.9901637797104244,0.00041397546963106713,0.000483280129683461,1.0
2057.0,ssp119_N2O_off-road_striving,1.990555679516517,ssp119,1.9905777551800554,2.2075663538512202e-05,non-CO2,N2O,off-road,1.990512457262358,6.529791769738225e-05,4.3222254158870044e-05,1.0
2057.0,ssp119_N2O_on-road_striving,1.9899948404594838,ssp119,1.9905777551800554,0.0005829147205715923,non-CO2,N2O,on-road,1.989461292742205,0.0011164624378503518,0.0005335477172787595,1.0
2057.0,ssp119_Sulfur_Marine_striving,1.9918410391196717,ssp119,1.9905777551800554,-0.0012632839396162776,non-CO2,Sulfur,Marine,1.9927485672135985,-0.002170812033543079,-0.0009075280939268016,1.0
2057.0,ssp119_striving,1.8538698040413837,ssp119,1.9905777551800554,0.13670795113867173,,,Other,,,,1.0
2057.0,ssp119_zero_tra,1.693669140451613,ssp119,1.9905777551800554,0.2969086147284423,,,Other,,,,1.0
2058.0,ssp119,1.9694932874919358,ssp119,1.9694932874919358,0.0,,,Other,,,,1.0
2058.0,ssp119_BC_Marine_striving,1.9690248285899734,ssp119,1.9694932874919358,0.0004684589019623431,non-CO2,BC,Marine,1.9689233120692549,0.0005699754226808906,0.00010151652071854755,1.0
2058.0,ssp119_BC_off-road_striving,1.968525258978797,ssp119,1.9694932874919358,0.0009680285131388189,non-CO2,BC,off-road,1.968029779746071,0.0014635077458646784,0.0004954792327258595,1.0
2058.0,ssp119_BC_on-road_striving,1.9671108564121313,ssp119,1.9694932874919358,0.0023824310798044035,non-CO2,BC,on-road,1.966238890136897,0.0032543973550387406,0.0008719662752343371,1.0
2058.0,ssp119_CH4_Marine_striving,1.9684165072061455,ssp119,1.9694932874919358,0.0010767802857902797,non-CO2,CH4,Marine,1.9665317672646148,0.0029615202273209906,0.001884739941530711,1.0
2058.0,ssp119_CH4_off-road_striving,1.9668871440059845,ssp119,1.9694932874919358,0.002606143485951229,non-CO2,CH4,off-road,1.9633847858773663,0.006108501614569439,0.0035023581286182104,1.0
2058.0,ssp119_CH4_on-road_striving,1.9618225812736365,ssp119,1.9694932874919358,0.007670706218299239,non-CO2,CH4,on-road,1.954504156040683,0.01498913145125269,0.007318425232953452,1.0
2058.0,ssp119_CO2 FFI_Marine_striving,1.956752538538278,ssp119,1.9694932874919358,0.012740748953657732,CO2,CO2 FFI,Marine,1.9480458626463366,0.02144742484559914,0.008706675891941407,1.0
2058.0,ssp119_CO2 FFI_off-road_striving,1.9593346942296952,ssp119,1.9694932874919358,0.010158593262240556,CO2,CO2 FFI,off-road,1.9387081131291624,0.030785174362773393,0.020626581100532837,1.0
2058.0,ssp119_CO2 FFI_on-road_striving,1.8835281838621443,ssp119,1.9694932874919358,0.08596510362979148,CO2,CO2 FFI,on-road,1.7984557577039915,0.1710375297879443,0.0850724261581528,1.0
2058.0,ssp119_N2O_Marine_striving,1.9695627967488347,ssp119,1.9694932874919358,-6.95092568989697e-05,non-CO2,N2O,Marine,1.9690778030329446,0.0004154844589911999,0.0004849937158901696,1.0
2058.0,ssp119_N2O_off-road_striving,1.9694710629666237,ssp119,1.9694932874919358,2.222452531208674e-05,non-CO2,N2O,off-road,1.9694279176654057,6.536982653004841e-05,4.3145301217961674e-05,1.0
2058.0,ssp119_N2O_on-road_striving,1.9689071286821835,ssp119,1.9694932874919358,0.000586158809752213,non-CO2,N2O,on-road,1.968375574091404,0.0011177134005317946,0.0005315545907795816,1.0
2058.0,ssp119_Sulfur_Marine_striving,1.970641795200924,ssp119,1.9694932874919358,-0.0011485077089883333,non-CO2,Sulfur,Marine,1.9715152682638355,-0.002021980771899745,-0.0008734730629114118,1.0
2058.0,ssp119_striving,1.8341161028739175,ssp119,1.9694932874919358,0.1353771846180183,,,Other,,,,1.0
2058.0,ssp119_zero_tra,1.6745349296959429,ssp119,1.9694932874919358,0.2949583577959929,,,Other,,,,1.0
2059.0,ssp119,1.970975550205303,ssp119,1.970975550205303,0.0,,,Other,,,,1.0
2059.0,ssp119_BC_Marine_striving,1.9705492345282838,ssp119,1.970975550205303,0.0004263156770192289,non-CO2,BC,Marine,1.9704514249602967,0.000524125245006335,9.780956798710605e-05,1.0
2059.0,ssp119_BC_off-road_striving,1.9701006834007078,ssp119,1.970975550205303,0.0008748668045952535,non-CO2,BC,off-road,1.9696300887612417,0.0013454614440613355,0.00047059463946608204,1.0
2059.0,ssp119_BC_on-road_striving,1.9688171618499617,ssp119,1.970975550205303,0.002158388355341323,non-CO2,BC,on-road,1.9679824056581348,0.0029931445471682583,0.0008347561918269353,1.0
2059.0,ssp119_CH4_Marine_striving,1.9699359803192795,ssp119,1.970975550205303,0.0010395698860234948,non-CO2,CH4,Marine,1.9681328158086917,0.0028427343966113128,0.001803164510587818,1.0
2059.0,ssp119_CH4_off-road_striving,1.9684692077924772,ssp119,1.970975550205303,0.0025063424128257683,non-CO2,CH4,off-road,1.9651219747568969,0.005853575448406145,0.003347233035580377,1.0
2059.0,ssp119_CH4_on-road_striving,1.9636040663091208,ssp119,1.970975550205303,0.0073714838961822515,non-CO2,CH4,on-road,1.9566107321187973,0.014364818086505693,0.006993334190323441,1.0
2059.0,ssp119_CO2 FFI_Marine_striving,1.9581713832211425,ssp119,1.970975550205303,0.012804166984160537,CO2,CO2 FFI,Marine,1.9494582271805694,0.021517323024733637,0.0087131560405731,1.0
2059.0,ssp119_CO2 FFI_off-road_striving,1.9607588537191651,ssp119,1.970975550205303,0.010216696486137877,CO2,CO2 FFI,off-road,1.9400908413817728,0.030884708823530227,0.02066801233739235,1.0
2059.0,ssp119_CO2 FFI_on-road_striving,1.8845791919830495,ssp119,1.970975550205303,0.08639635822225356,CO2,CO2 FFI,on-road,1.799458215774706,0.1715173344305969,0.08512097620834336,1.0
2059.0,ssp119_N2O_Marine_striving,1.9710451685975863,ssp119,1.970975550205303,-6.961839228325495e-05,non-CO2,N2O,Marine,1.970559234654175,0.00041631555112808805,0.000485933943411343,1.0
2059.0,ssp119_N2O_off-road_striving,1.9709532248781905,ssp119,1.970975550205303,2.2325327112548976e-05,non-CO2,N2O,off-road,1.9709101862090594,6.536399624357259e-05,4.303866913102361e-05,1.0
2059.0,ssp119_N2O_on-road_striving,1.9703872962174533,ssp119,1.970975550205303,0.000588253987849674,non-CO2,N2O,on-road,1.9698579178689473,0.001117632336355756,0.0005293783485060821,1.0
2059.0,ssp119_Sulfur_Marine_striving,1.9720274041952515,ssp119,1.970975550205303,-0.001051853989948448,non-CO2,Sulfur,Marine,1.972870357872511,-0.001894807667208065,-0.0008429536772596169,1.0
2059.0,ssp119_striving,1.83682277080424,ssp119,1.970975550205303,0.13415277940106307,,,Other,,,,1.0
2059.0,ssp119_zero_tra,1.6778799124719832,ssp119,1.970975550205303,0.2930956377333198,,,Other,,,,1.0
2060.0,ssp119,2.002665466950535,ssp119,2.002665466950535,0.0,,,Other,,,,1.0
2060.0,ssp119_BC_Marine_striving,2.002275021873883,ssp119,2.002665466950535,0.00039044507665186856,non-CO2,BC,Marine,2.002180534495419,0.0004849324551159384,9.448737846406985e-05,1.0
2060.0,ssp119_BC_off-road_striving,2.001869484823842,ssp119,2.002665466950535,0.0007959821266929623,non-CO2,BC,off-road,2.0014207804394926,0.001244686511042481,0.00044870438434951865,1.0
2060.0,ssp119_BC_on-road_striving,2.0006969541152815,ssp119,2.002665466950535,0.0019685128352535664,non-CO2,BC,on-road,1.9998951069002755,0.002770360050259546,0.0008018472150059797,1.0
2060.0,ssp119_CH4_Marine_striving,2.001665121507498,ssp119,2.002665466950535,0.001000345443037176,non-CO2,CH4,Marine,1.9999423179482791,0.002723149002255898,0.0017228035592187219,1.0
2060.0,ssp119_CH4_off-road_striving,2.000261298727562,ssp119,2.002665466950535,0.0024041682229731798,non-CO2,CH4,off-road,1.9970654959672474,0.005599970983287683,0.0031958027603145034,1.0
2060.0,ssp119_CH4_on-road_striving,1.9955989008422135,ssp119,2.002665466950535,0.00706656610832157,non-CO2,CH4,on-road,1.988922890833524,0.01374257611701113,0.006676010008689559,1.0
2060.0,ssp119_CO2 FFI_Marine_striving,1.989809488597572,ssp119,2.002665466950535,0.012855978352963149,CO2,CO2 FFI,Marine,1.9810903970152225,0.021575069935312552,0.008719091582349403,1.0
2060.0,ssp119_CO2 FFI_off-road_striving,1.9924014261219973,ssp119,2.002665466950535,0.010264040828537713,CO2,CO2 FFI,off-road,1.9716986074100984,0.030966859540436653,0.02070281871189894,1.0
2060.0,ssp119_CO2 FFI_on-road_striving,1.9159193928762457,ssp119,2.002665466950535,0.08674607407428936,CO2,CO2 FFI,on-road,1.8307603625322115,0.17190510441832352,0.08515903034403416,1.0
2060.0,ssp119_N2O_Marine_striving,2.002735110664389,ssp119,2.002665466950535,-6.964371385409507e-05,non-CO2,N2O,Marine,2.0022488748514844,0.00041659209905065,0.00048623581290474505,1.0
2060.0,ssp119_N2O_off-road_striving,2.002643080247527,ssp119,2.002665466950535,2.2386703008248077e-05,non-CO2,N2O,off-road,2.002600172563903,6.529438663216425e-05,4.290768362391617e-05,1.0
2060.0,ssp119_N2O_on-road_striving,2.002076061235569,ssp119,2.002665466950535,0.0005894057149662402,non-CO2,N2O,on-road,2.001549008495015,0.0011164584555198864,0.0005270527405536463,1.0
2060.0,ssp119_Sulfur_Marine_striving,2.003634802938053,ssp119,2.002665466950535,-0.0009693359875178054,non-CO2,Sulfur,Marine,2.0044503263233855,-0.0017848593728504447,-0.0008155233853326394,1.0
2060.0,ssp119_striving,1.8696510413796577,ssp119,2.002665466950535,0.1330144255708774,,,Other,,,,1.0
2060.0,ssp119_zero_tra,1.7113547916307297,ssp119,2.002665466950535,0.29131067531980537,,,Other,,,,1.0
2061.0,ssp119,1.9895759799372625,ssp119,1.9895759799372625,0.0,,,Other,,,,1.0
2061.0,ssp119_BC_Marine_striving,1.9892163495528927,ssp119,1.9895759799372625,0.00035963038436981343,non-CO2,BC,Marine,1.989124847219084,0.0004511327181786484,9.150233380883499e-05,1.0
2061.0,ssp119_BC_off-road_striving,1.9888474872899262,ssp119,1.9895759799372625,0.0007284926473363207,non-CO2,BC,off-road,1.9884181228983104,0.0011578570389521037,0.000429364391615783,1.0
2061.0,ssp119_BC_on-road_striving,1.9877700467256014,ssp119,1.9895759799372625,0.0018059332116611149,non-CO2,BC,on-road,1.9869974409281592,0.00257853900910332,0.0007726057974422051,1.0
2061.0,ssp119_CH4_Marine_striving,1.9886160281579277,ssp119,1.9895759799372625,0.0009599517793348333,non-CO2,CH4,Marine,1.98697185225639,0.002604127680872592,0.0016441759015377588,1.0
2061.0,ssp119_CH4_off-road_striving,1.987274827139002,ssp119,1.9895759799372625,0.0023011527982605973,non-CO2,CH4,off-road,1.984226061768696,0.005349918168566559,0.0030487653703059614,1.0
2061.0,ssp119_CH4_on-road_striving,1.9828157422831096,ssp119,1.9895759799372625,0.006760237654152901,non-CO2,CH4,on-road,1.976447773919752,0.013128206017510635,0.006367968363357734,1.0
2061.0,ssp119_CO2 FFI_Marine_striving,1.9766770410634926,ssp119,1.9895759799372625,0.012898938873769916,CO2,CO2 FFI,Marine,1.9679523396072611,0.021623640330001415,0.008724701456231498,1.0
2061.0,ssp119_CO2 FFI_off-road_striving,1.9792727938908836,ssp119,1.9895759799372625,0.01030318604637892,CO2,CO2 FFI,off-road,1.9585400978015823,0.031035882135680204,0.020732696089301283,1.0
2061.0,ssp119_CO2 FFI_on-road_striving,1.902542386569005,ssp119,1.9895759799372625,0.08703359336825756,CO2,CO2 FFI,on-road,1.817352688988091,0.17222329094917144,0.08518969758091388,1.0
2061.0,ssp119_N2O_Marine_striving,1.9896455764726746,ssp119,1.9895759799372625,-6.959653541205313e-05,non-CO2,N2O,Marine,1.9891595709035546,0.0004164090337079873,0.00048600556912004045,1.0
2061.0,ssp119_N2O_off-road_striving,1.989553564601835,ssp119,1.9895759799372625,2.2415335427572458e-05,non-CO2,N2O,off-road,1.9895108081075497,6.517182971288449e-05,4.275649428531203e-05,1.0
2061.0,ssp119_N2O_on-road_striving,1.9889862065000412,ssp119,1.9895759799372625,0.0005897734372213304,non-CO2,N2O,on-road,1.9884616025830215,0.0011143773542410251,0.0005246039170196948,1.0
2061.0,ssp119_Sulfur_Marine_striving,1.9904742328159373,ssp119,1.9895759799372625,-0.0008982528786747324,non-CO2,Sulfur,Marine,1.9912650414293895,-0.0016890614921269975,-0.0007908086134522652,1.0
2061.0,ssp119_striving,1.8576218250861065,ssp119,1.9895759799372625,0.13195415485115602,,,Other,,,,1.0
2061.0,ssp119_zero_tra,1.6999701060688859,ssp119,1.9895759799372625,0.28960587386837666,,,Other,,,,1.0
2062.0,ssp119,1.9733639752859191,ssp119,1.9733639752859191,0.0,,,Other,,,,1.0
2062.0,ssp119_BC_Marine_striving,1.9730309897740002,ssp119,1.9733639752859191,0.00033298551191895953,non-CO2,BC,Marine,1.9729421775710938,0.0004217977148253116,8.881220290635206e-05,1.0
2062.0,ssp119_BC_off-road_striving,1.972693638163414,ssp119,1.9733639752859191,0.0006703371225051935,non-CO2,BC,off-road,1.9722814280736678,0.001082547212251317,0.0004122100897461234,1.0
2062.0,ssp119_BC_on-road_striving,1.971698246834646,ssp119,1.9733639752859191,0.0016657284512731074,non-CO2,BC,on-road,1.9709517333133209,0.0024122419725982613,0.0007465135213251539,1.0
2062.0,ssp119_CH4_Marine_striving,1.972444914667978,ssp119,1.9733639752859191,0.0009190606179410032,non-CO2,CH4,Marine,1.9708772168130866,0.0024867584728325287,0.0015676978548915255,1.0
2062.0,ssp119_CH4_off-road_striving,1.971165450005687,ssp119,1.9733639752859191,0.002198525280232122,non-CO2,CH4,off-road,1.9682587847144815,0.005105190571437657,0.0029066652912055346,1.0
2062.0,ssp119_CH4_on-road_striving,1.9669080426772618,ssp119,1.9733639752859191,0.006455932608657289,non-CO2,CH4,on-road,1.9608376663297193,0.012526308956199772,0.006070376347542483,1.0
2062.0,ssp119_CO2 FFI_Marine_striving,1.9604293161647637,ssp119,1.9733639752859191,0.012934659121155434,CO2,CO2 FFI,Marine,1.9516993049702294,0.02166467031568975,0.008730011194534315,1.0
2062.0,ssp119_CO2 FFI_off-road_striving,1.9630283259697678,ssp119,1.9733639752859191,0.010335649316151274,CO2,CO2 FFI,off-road,1.942269862867947,0.03109411241797222,0.020758463101820945,1.0
2062.0,ssp119_CO2 FFI_on-road_striving,1.8860938391414066,ssp119,1.9733639752859191,0.08727013614451251,CO2,CO2 FFI,on-road,1.8008801567224588,0.1724838185634603,0.08521368241894778,1.0
2062.0,ssp119_N2O_Marine_striving,1.973433462809683,ssp119,1.9733639752859191,-6.948752376390033e-05,non-CO2,N2O,Marine,1.972948131606567,0.00041584367935221245,0.0004853312031161128,1.0
2062.0,ssp119_N2O_off-road_striving,1.9733415585960747,ssp119,1.9733639752859191,2.2416689844373394e-05,non-CO2,N2O,off-road,1.973298970056618,6.500522930119601e-05,4.2588539456822616e-05,1.0
2062.0,ssp119_N2O_on-road_striving,1.9727744873908304,ssp119,1.9733639752859191,0.000589487895088725,non-CO2,N2O,on-road,1.9722524337275025,0.00111154155841664,0.0005220536633279149,1.0
2062.0,ssp119_Sulfur_Marine_striving,1.9742006023201484,ssp119,1.9733639752859191,-0.0008366270342292648,non-CO2,Sulfur,Marine,1.9749690779690638,-0.0016051026831447324,-0.0007684756489154676,1.0
2062.0,ssp119_striving,1.8424009277056435,ssp119,1.9733639752859191,0.13096304758027566,,,Other,,,,1.0
2062.0,ssp119_zero_tra,1.6853871510124276,ssp119,1.9733639752859191,0.28797682427349147,,,Other,,,,1.0
2063.0,ssp119,1.9734773235550276,ssp119,1.9734773235550276,0.0,,,Other,,,,1.0
2063.0,ssp119_BC_Marine_striving,1.9731674919606483,ssp119,1.9734773235550276,0.0003098315943792507,non-CO2,BC,Marine,1.9730811120076086,0.0003962115474189787,8.637995303972801e-05,1.0
2063.0,ssp119_BC_off-road_striving,1.9728573657235824,ssp119,1.9734773235550276,0.0006199578314451948,non-CO2,BC,off-road,1.9724604282194453,0.0010168953355822463,0.00039693750413705153,1.0
2063.0,ssp119_BC_on-road_striving,1.9719331479809397,ssp119,1.9734773235550276,0.0015441755740879248,non-CO2,BC,on-road,1.971210009882309,0.002267313672718485,0.0007231380986305602,1.0
2063.0,ssp119_CH4_Marine_striving,1.9725991158387413,ssp119,1.9734773235550276,0.0008782077162863278,non-CO2,CH4,Marine,1.9711054216631418,0.0023719018918857415,0.0014936941755994138,1.0
2063.0,ssp119_CH4_off-road_striving,1.971380056558417,ssp119,1.9734773235550276,0.002097266996610614,non-CO2,CH4,off-road,1.9686101459588636,0.004867177596163952,0.002769910599553338,1.0
2063.0,ssp119_CH4_on-road_striving,1.9673209375773837,ssp119,1.9734773235550276,0.006156385977643897,non-CO2,CH4,on-road,1.9615368387876684,0.011940484767359205,0.0057840987897153084,1.0
2063.0,ssp119_CO2 FFI_Marine_striving,1.9605130492803153,ssp119,1.9734773235550276,0.01296427427471225,CO2,CO2 FFI,Marine,1.951778034864629,0.02169928869039861,0.00873501441568636,1.0
2063.0,ssp119_CO2 FFI_off-road_striving,1.9631148211893603,ssp119,1.9734773235550276,0.01036250236566727,CO2,CO2 FFI,off-road,1.9423341628821966,0.03114316067283096,0.02078065830716369,1.0
2063.0,ssp119_CO2 FFI_on-road_striving,1.8860137433697401,ssp119,1.9734773235550276,0.08746358018528744,CO2,CO2 FFI,on-road,1.8007824969634176,0.17269482659160995,0.08523124640632251,1.0
2063.0,ssp119_N2O_Marine_striving,1.9735466498271284,ssp119,1.9734773235550276,-6.932627210076703e-05,non-CO2,N2O,Marine,1.97306236353957,0.0004149600154574884,0.0004842862875582554,1.0
2063.0,ssp119_N2O_off-road_striving,1.9734549282605272,ssp119,1.9734773235550276,2.2395294500432428e-05,non-CO2,N2O,off-road,1.9734125215521607,6.480200286684834e-05,4.240670836641591e-05,1.0
2063.0,ssp119_N2O_on-road_striving,1.9728886658766343,ssp119,1.9734773235550276,0.0005886576783933339,non-CO2,N2O,on-road,1.9723692454301676,0.0011080781248600236,0.0005194204464666896,1.0
2063.0,ssp119_Sulfur_Marine_striving,1.9742602601168582,ssp119,1.9734773235550276,-0.0007829365618305939,non-CO2,Sulfur,Marine,1.9750084904586676,-0.0015311669036399689,-0.000748230341809375,1.0
2063.0,ssp119_striving,1.8434437386868852,ssp119,1.9734773235550276,0.13003358486814243,,,Other,,,,1.0
2063.0,ssp119_zero_tra,1.6870585251947943,ssp119,1.9734773235550276,0.2864187983602333,,,Other,,,,1.0
2064.0,ssp119,1.9622944021545459,ssp119,1.9622944021545459,0.0,,,Other,,,,1.0
2064.0,ssp119_BC_Marine_striving,1.9620047715187445,ssp119,1.9622944021545459,0.0002896306358013412,non-CO2,BC,Marine,1.9619205972496976,0.000373804904848285,8.41742690469438e-05,1.0
2064.0,ssp119_BC_off-road_striving,1.9617182704463803,ssp119,1.9622944021545459,0.000576131708165617,non-CO2,BC,off-road,1.9613349761961454,0.0009594259584004838,0.00038329425023486685,1.0
2064.0,ssp119_BC_on-road_striving,1.960856052525689,ssp119,1.9622944021545459,0.0014383496288568054,non-CO2,BC,on-road,1.9601539300913529,0.0021404720631930108,0.0007021224343362054,1.0
2064.0,ssp119_CH4_Marine_striving,1.961456602480982,ssp119,1.9622944021545459,0.0008377996735637883,non-CO2,CH4,Marine,1.960034217679614,0.0022601844749319255,0.0014223848013681373,1.0
2064.0,ssp119_CH4_off-road_striving,1.9602962918879194,ssp119,1.9622944021545459,0.0019981102666264405,non-CO2,CH4,off-road,1.957657542435901,0.0046368597186448035,0.002638749452018363,1.0
2064.0,ssp119_CH4_on-road_striving,1.9564307763392166,ssp119,1.9622944021545459,0.0058636258153292875,non-CO2,CH4,on-road,1.9509211206949466,0.01137328145959926,0.005509655644269973,1.0
2064.0,ssp119_CO2 FFI_Marine_striving,1.9493055218530508,ssp119,1.9622944021545459,0.012988880301495032,CO2,CO2 FFI,Marine,1.94056575578691,0.02172864636763583,0.008739766066140797,1.0
2064.0,ssp119_CO2 FFI_off-road_striving,1.9519096418729167,ssp119,1.9622944021545459,0.010384760281629157,CO2,CO2 FFI,off-road,1.9311097300167954,0.031184672137750447,0.02079991185612129,1.0
2064.0,ssp119_CO2 FFI_on-road_striving,1.874672840578425,ssp119,1.9622944021545459,0.08762156157612089,CO2,CO2 FFI,on-road,1.7894294403831275,0.1728649617714184,0.08524340019529753,1.0
2064.0,ssp119_N2O_Marine_striving,1.9623635230792995,ssp119,1.9622944021545459,-6.912092475364062e-05,non-CO2,N2O,Marine,1.9618805920443594,0.0004138101101864855,0.0004829310349401261,1.0
2064.0,ssp119_N2O_off-road_striving,1.962272047307341,ssp119,1.9622944021545459,2.2354847204919537e-05,non-CO2,N2O,off-road,1.9622298339749975,6.456817954836325e-05,4.221333234344371e-05,1.0
2064.0,ssp119_N2O_on-road_striving,1.9617070306889237,ssp119,1.9622944021545459,0.0005873714656221551,non-CO2,N2O,on-road,1.9611903117860316,0.0011040903685142212,0.000516718902892066,1.0
2064.0,ssp119_Sulfur_Marine_striving,1.9630303743550264,ssp119,1.9622944021545459,-0.0007359722004804947,non-CO2,Sulfur,Marine,1.9637601981578299,-0.0014657960032840034,-0.0007298238028035087,1.0
2064.0,ssp119_striving,1.833132987375792,ssp119,1.9622944021545459,0.12916141477875387,,,Other,,,,1.0
2064.0,ssp119_zero_tra,1.6773634476411012,ssp119,1.9622944021545459,0.28493095451344463,,,Other,,,,1.0
2065.0,ssp119,1.9580391243943036,ssp119,1.9580391243943036,0.0,,,Other,,,,1.0
2065.0,ssp119_BC_Marine_striving,1.9577671791511373,ssp119,1.9580391243943036,0.0002719452431663161,non-CO2,BC,Marine,1.9576850110996253,0.000354113294678271,8.216805151195494e-05,1.0
2065.0,ssp119_BC_off-road_striving,1.9575012529646123,ssp119,1.9580391243943036,0.0005378714296913056,non-CO2,BC,off-road,1.9571301862272867,0.0009089381670168706,0.00037106673732556494,1.0
2065.0,ssp119_BC_on-road_striving,1.9566932364908074,ssp119,1.9580391243943036,0.0013458879034962123,non-CO2,BC,on-road,1.9560100724035527,0.002029051990750874,0.0006831640872546618,1.0
2065.0,ssp119_CH4_Marine_striving,1.9572409741791514,ssp119,1.9580391243943036,0.0007981502151521713,non-CO2,CH4,Marine,1.955887057144017,0.0021520672502866045,0.0013539170351344332,1.0
2065.0,ssp119_CH4_off-road_striving,1.9561375148782751,ssp119,1.9580391243943036,0.0019016095160284685,non-CO2,CH4,off-road,1.9536241931849287,0.004414931209374862,0.002513321693346393,1.0
2065.0,ssp119_CH4_on-road_striving,1.9524599478742903,ssp119,1.9580391243943036,0.005579176520013274,non-CO2,CH4,on-road,1.9472126142299655,0.01082651016433811,0.005247333644324836,1.0
2065.0,ssp119_CO2 FFI_Marine_striving,1.9450297169544237,ssp119,1.9580391243943036,0.013009407439879883,CO2,CO2 FFI,Marine,1.936285384329234,0.021753740065069582,0.008744332625189699,1.0
2065.0,ssp119_CO2 FFI_off-road_striving,1.9476358471085966,ssp119,1.9580391243943036,0.010403277285707002,CO2,CO2 FFI,off-road,1.9268190515120835,0.031220072882220062,0.02081679559651306,1.0
2065.0,ssp119_CO2 FFI_on-road_striving,1.8702885455469487,ssp119,1.9580391243943036,0.08775057884735493,CO2,CO2 FFI,on-road,1.7850372739721536,0.17300185042215,0.08525127157479506,1.0
2065.0,ssp119_N2O_Marine_striving,1.9581080028777997,ssp119,1.9580391243943036,-6.887848349612646e-05,non-CO2,N2O,Marine,1.95762668701542,0.0004124373788836344,0.00048131586237976087,1.0
2065.0,ssp119_N2O_off-road_striving,1.9580168259585213,ssp119,1.9580391243943036,2.2298435782275305e-05,non-CO2,N2O,off-road,1.95797481559512,6.430879918362109e-05,4.2010363401345785e-05,1.0
2065.0,ssp119_N2O_on-road_striving,1.9574534210727774,ssp119,1.9580391243943036,0.0005857033215261875,non-CO2,N2O,on-road,1.9569394597843457,0.0010996646099579177,0.0005139612884317302,1.0
2065.0,ssp119_Sulfur_Marine_striving,1.9587338726637482,ssp119,1.9580391243943036,-0.0006947482694446006,non-CO2,Sulfur,Marine,1.9594469127196914,-0.0014077883253877932,-0.0007130400559431926,1.0
2065.0,ssp119_striving,1.8296958870552331,ssp119,1.9580391243943036,0.1283432373390705,,,Other,,,,1.0
2065.0,ssp119_zero_tra,1.674525961706521,ssp119,1.9580391243943036,0.2835131626877827,,,Other,,,,1.0
2066.0,ssp119,1.9507177067125232,ssp119,1.9507177067125232,0.0,,,Other,,,,1.0
2066.0,ssp119_BC_Marine_striving,1.9504612932117087,ssp119,1.9507177067125232,0.00025641350081451186,non-CO2,BC,Marine,1.9503809555587872,0.0003367511537359924,8.033765292148054e-05,1.0
2066.0,ssp119_BC_off-road_striving,1.9502133423288563,ssp119,1.9507177067125232,0.0005043643836668554,non-CO2,BC,off-road,1.9498532699275715,0.0008644367849517387,0.00036007240128488327,1.0
2066.0,ssp119_BC_on-road_striving,1.9494528621201566,ssp119,1.9507177067125232,0.001264844592366643,non-CO2,BC,on-road,1.948786858339886,0.0019308483726372394,0.0006660037802705965,1.0
2066.0,ssp119_CH4_Marine_striving,1.949958203925526,ssp119,1.9507177067125232,0.0007595027869971016,non-CO2,CH4,Marine,1.9486698184155848,0.0020478882969383605,0.0012883855099412589,1.0
2066.0,ssp119_CH4_off-road_striving,1.9489095213386014,ssp119,1.9507177067125232,0.0018081853739218001,non-CO2,CH4,off-road,1.9465158302969947,0.004201876415528494,0.0023936910416066937,1.0
2066.0,ssp119_CH4_on-road_striving,1.9454135218591513,ssp119,1.9507177067125232,0.005304184853371918,non-CO2,CH4,on-road,1.940416265674876,0.010301441037647185,0.004997256184275267,1.0
2066.0,ssp119_CO2 FFI_Marine_striving,1.9376911275961524,ssp119,1.9507177067125232,0.01302657911637084,CO2,CO2 FFI,Marine,1.9289423662767478,0.021775340435775448,0.008748761319404608,1.0
2066.0,ssp119_CO2 FFI_off-road_striving,1.9402989894064824,ssp119,1.9507177067125232,0.010418717306040826,CO2,CO2 FFI,off-road,1.9194672408600773,0.03125046585244595,0.020831748546405127,1.0
2066.0,ssp119_CO2 FFI_on-road_striving,1.8628620075881006,ssp119,1.9507177067125232,0.08785569912442259,CO2,CO2 FFI,on-road,1.7776062776182113,0.17311142909431187,0.08525572996988928,1.0
2066.0,ssp119_N2O_Marine_striving,1.9507863116531274,ssp119,1.9507177067125232,-6.860494060423328e-05,non-CO2,N2O,Marine,1.9503068285057896,0.0004108782067335781,0.0004794831473378114,1.0
2066.0,ssp119_N2O_off-road_striving,1.9506954780596604,ssp119,1.9507177067125232,2.2228652862832377e-05,non-CO2,N2O,off-road,1.9506536786255528,6.40280869703691e-05,4.1799434107536726e-05,1.0
2066.0,ssp119_N2O_on-road_striving,1.9501339912772624,ssp119,1.9507177067125232,0.000583715435260812,non-CO2,N2O,on-road,1.9496228334837324,0.0010948732287907603,0.0005111577935299483,1.0
2066.0,ssp119_Sulfur_Marine_striving,1.951376153984572,ssp119,1.9507177067125232,-0.0006584472720487788,non-CO2,Sulfur,Marine,1.9520738440035914,-0.0013561372910682046,-0.0006976900190194257,1.0
2066.0,ssp119_striving,1.82314190954387,ssp119,1.9507177067125232,0.1275757971686533,,,Other,,,,1.0
2066.0,ssp119_zero_tra,1.6685532875934392,ssp119,1.9507177067125232,0.28216441911908396,,,Other,,,,1.0
2067.0,ssp119,1.9376500118858415,ssp119,1.9376500118858415,0.0,,,Other,,,,1.0
2067.0,ssp119_BC_Marine_striving,1.9374072797874549,ssp119,1.9376500118858415,0.00024273209838665544,non-CO2,BC,Marine,1.9373286176038906,0.00032139428195088193,7.86621835642265e-05,1.0
2067.0,ssp119_BC_off-road_striving,1.9371750793408464,ssp119,1.9376500118858415,0.0004749325449950881,non-CO2,BC,off-road,1.9368249258232815,0.0008250860625600431,0.00035015351756495505,1.0
2067.0,ssp119_BC_on-road_striving,1.9364564167951792,ssp119,1.9376500118858415,0.0011935950906623027,non-CO2,BC,on-road,1.9358060004641275,0.0018440114217139758,0.0006504163310516731,1.0
2067.0,ssp119_CH4_Marine_striving,1.9369279673054975,ssp119,1.9376500118858415,0.0007220445803439723,non-CO2,CH4,Marine,1.9357021245197072,0.001947887366134271,0.0012258427857902987,1.0
2067.0,ssp119_CH4_off-road_striving,1.9359318606198694,ssp119,1.9376500118858415,0.0017181512659720788,non-CO2,CH4,off-road,1.9336519997250337,0.003998012160807862,0.0022798608948357835,1.0
2067.0,ssp119_CH4_on-road_striving,1.9326105164592053,ssp119,1.9376500118858415,0.005039495426636176,non-CO2,CH4,on-road,1.9278510984844746,0.00979891340136696,0.004759417974730784,1.0
2067.0,ssp119_CO2 FFI_Marine_striving,1.924609079237303,ssp119,1.9376500118858415,0.013040932648538561,CO2,CO2 FFI,Marine,1.9158560102095588,0.02179400167628276,0.008753069027744198,1.0
2067.0,ssp119_CO2 FFI_off-road_striving,1.927218435295737,ssp119,1.9376500118858415,0.010431576590104408,CO2,CO2 FFI,off-road,1.9063733679156551,0.03127664397018637,0.02084506738008196,1.0
2067.0,ssp119_CO2 FFI_on-road_striving,1.8497093157747893,ssp119,1.9376500118858415,0.08794069611105226,CO2,CO2 FFI,on-road,1.76445205946896,0.1731979524168814,0.08525725630582914,1.0
2067.0,ssp119_N2O_Marine_striving,1.9377183173199608,ssp119,1.9376500118858415,-6.83054341192868e-05,non-CO2,N2O,Marine,1.937240848630076,0.00040916325576545454,0.00047746868988474134,1.0
2067.0,ssp119_N2O_off-road_striving,1.937627864202182,ssp119,1.9376500118858415,2.214768365949027e-05,non-CO2,N2O,off-road,1.937586282284713,6.37296011285482e-05,4.158191746905793e-05,1.0
2067.0,ssp119_N2O_on-road_striving,1.9370685515574055,ssp119,1.9376500118858415,0.0005814603284359787,non-CO2,N2O,on-road,1.9365602346651194,0.0010897772207221212,0.0005083168922861425,1.0
2067.0,ssp119_Sulfur_Marine_striving,1.9382763943023837,ssp119,1.9376500118858415,-0.000626382416542226,non-CO2,Sulfur,Marine,1.938960000246879,-0.0013099883610374619,-0.0006836059444952358,1.0
2067.0,ssp119_striving,1.8107943905798904,ssp119,1.9376500118858415,0.12685562130595107,,,Other,,,,1.0
2067.0,ssp119_zero_tra,1.6567675754481819,ssp119,1.9376500118858415,0.28088243643765964,,,Other,,,,1.0
2068.0,ssp119,1.9310927783953609,ssp119,1.9310927783953609,0.0,,,Other,,,,1.0
2068.0,ssp119_BC_Marine_striving,1.9308621330647384,ssp119,1.9310927783953609,0.00023064533062244763,non-CO2,BC,Marine,1.93078500964949,0.0003077687458707956,7.712341524834798e-05,1.0
2068.0,ssp119_BC_off-road_striving,1.93064377232683,ssp119,1.9310927783953609,0.0004490060685309327,non-CO2,BC,off-road,1.9303025979470214,0.0007901804483394503,0.0003411743798085176,1.0
2068.0,ssp119_BC_on-road_striving,1.9299620050084285,ssp119,1.9310927783953609,0.0011307733869323489,non-CO2,BC,on-road,1.9293257976240716,0.0017669807712892283,0.0006362073843568794,1.0
2068.0,ssp119_CH4_Marine_striving,1.930406865209721,ssp119,1.9310927783953609,0.0006859131856398193,non-CO2,CH4,Marine,1.9292405624217766,0.0018522159735843147,0.0011663027879444954,1.0
2068.0,ssp119_CH4_off-road_striving,1.9294610535312853,ssp119,1.9310927783953609,0.00163172486407559,non-CO2,CH4,off-road,1.927289274517091,0.003803503878269776,0.002171779014194186,1.0
2068.0,ssp119_CH4_on-road_striving,1.9263070956282575,ssp119,1.9310927783953609,0.004785682767103339,non-CO2,CH4,on-road,1.9217733994072315,0.009319378988129401,0.004533696221026062,1.0
2068.0,ssp119_CO2 FFI_Marine_striving,1.9180398621824073,ssp119,1.9310927783953609,0.01305291621295357,CO2,CO2 FFI,Marine,1.9092825904927164,0.02181018790264444,0.008757271689690871,1.0
2068.0,ssp119_CO2 FFI_off-road_striving,1.920650510658591,ssp119,1.9310927783953609,0.010442267736769928,CO2,CO2 FFI,off-road,1.8997935066246805,0.03129927177068037,0.020857004033910442,1.0
2068.0,ssp119_CO2 FFI_on-road_striving,1.843084044530489,ssp119,1.9310927783953609,0.08800873386487185,CO2,CO2 FFI,on-road,1.7578277482265043,0.17326503016885653,0.08525629630398468,1.0
2068.0,ssp119_N2O_Marine_striving,1.9311607627230534,ssp119,1.9310927783953609,-6.798432769250518e-05,non-CO2,N2O,Marine,1.930685460050805,0.0004073183445558737,0.00047530267224837885,1.0
2068.0,ssp119_N2O_off-road_striving,1.9310707210210447,ssp119,1.9310927783953609,2.20573743161534e-05,non-CO2,N2O,off-road,1.9310293620538814,6.341634147943864e-05,4.135896716328524e-05,1.0
2068.0,ssp119_N2O_on-road_striving,1.9305137961382133,ssp119,1.9310927783953609,0.0005789822571475867,non-CO2,N2O,on-road,1.9300083504628904,0.0010844279324704331,0.0005054456753228465,1.0
2068.0,ssp119_Sulfur_Marine_striving,1.9316907521133309,ssp119,1.9310927783953609,-0.0005979737179699907,non-CO2,Sulfur,Marine,1.9323613932300185,-0.0012686148346576775,-0.0006706411166876869,1.0
2068.0,ssp119_striving,1.8049131974397392,ssp119,1.9310927783953609,0.12617958095562165,,,Other,,,,1.0
2068.0,ssp119_zero_tra,1.6514278582040425,ssp119,1.9310927783953609,0.2796649201913184,,,Other,,,,1.0
2069.0,ssp119,1.932831481058306,ssp119,1.932831481058306,0.0,,,Other,,,,1.0
2069.0,ssp119_BC_Marine_striving,1.9326115437450502,ssp119,1.932831481058306,0.00021993731325586907,non-CO2,BC,Marine,1.9325358377187205,0.00029564333958553846,7.570602632966938e-05,1.0
2069.0,ssp119_BC_off-road_striving,1.9324053765191835,ssp119,1.932831481058306,0.0004261045391225071,non-CO2,BC,off-road,1.9320723561976507,0.0007591248606553247,0.0003330203215328176,1.0
2069.0,ssp119_BC_on-road_striving,1.9317562532164931,ssp119,1.932831481058306,0.001075227841812909,non-CO2,BC,on-road,1.9311330396743773,0.0016984413839287171,0.000623213542115808,1.0
2069.0,ssp119_CH4_Marine_striving,1.9321802824735728,ssp119,1.932831481058306,0.0006511985847332813,non-CO2,CH4,Marine,1.931070542117405,0.0017609389409010134,0.0011097403561677321,1.0
2069.0,ssp119_CH4_off-road_striving,1.9312824507685074,ssp119,1.932831481058306,0.0015490302897986918,non-CO2,CH4,off-road,1.9292131142440765,0.0036183668142295566,0.002069336524430865,1.0
2069.0,ssp119_CH4_on-road_striving,1.9282884239051687,ssp119,1.932831481058306,0.004543057153137298,non-CO2,CH4,on-road,1.9239685741951587,0.00886290686314739,0.004319849710010093,1.0
2069.0,ssp119_CO2 FFI_Marine_striving,1.919768527562484,ssp119,1.932831481058306,0.013062953495821983,CO2,CO2 FFI,Marine,1.9110071266375703,0.021824354420735714,0.008761400924913731,1.0
2069.0,ssp119_CO2 FFI_off-road_striving,1.9223803037967901,ssp119,1.932831481058306,0.010451177261515898,CO2,CO2 FFI,off-road,1.9015124786619713,0.03131900239633478,0.020867825134818885,1.0
2069.0,ssp119_CO2 FFI_on-road_striving,1.8447686611009428,ssp119,1.932831481058306,0.0880628199573632,CO2,CO2 FFI,on-road,1.7595151568463436,0.1733163242119624,0.08525350425459921,1.0
2069.0,ssp119_N2O_Marine_striving,1.9328991262410298,ssp119,1.932831481058306,-6.76451827237301e-05,non-CO2,N2O,Marine,1.9324261165326007,0.0004053645257053873,0.0004730097084291174,1.0
2069.0,ssp119_N2O_off-road_striving,1.9328095218275396,ssp119,1.932831481058306,2.195923076642181e-05,non-CO2,N2O,off-road,1.9327683903274753,6.309073083077266e-05,4.1131500064350845e-05,1.0
2069.0,ssp119_N2O_on-road_striving,1.9322551636590581,ssp119,1.932831481058306,0.0005763173992479054,non-CO2,N2O,on-road,1.9317526141453747,0.0010788669129313533,0.0005025495136834479,1.0
2069.0,ssp119_Sulfur_Marine_striving,1.9334042124690836,ssp119,1.932831481058306,-0.0005727314107775161,non-CO2,Sulfur,Marine,1.934062884829796,-0.0012314037714900028,-0.0006586723607124867,1.0
2069.0,ssp119_striving,1.8072862678586845,ssp119,1.932831481058306,0.12554521319962153,,,Other,,,,1.0
2069.0,ssp119_zero_tra,1.6543210654437936,ssp119,1.932831481058306,0.2785104156145124,,,Other,,,,1.0
2070.0,ssp119,1.949147750465661,ssp119,1.949147750465661,0.0,,,Other,,,,1.0
2070.0,ssp119_BC_Marine_striving,1.9489373260659568,ssp119,1.949147750465661,0.00021042439970409,non-CO2,BC,Marine,1.9488629293303952,0.0002848211352657337,7.439673556164372e-05,1.0
2070.0,ssp119_BC_off-road_striving,1.9487419304121705,ssp119,1.949147750465661,0.0004058200534904355,non-CO2,BC,off-road,1.9484163377390598,0.000731412726601155,0.0003255926731107195,1.0
2070.0,ssp119_BC_on-road_striving,1.9481217701127693,ssp119,1.949147750465661,0.0010259803528915867,non-CO2,BC,on-road,1.9475104760598603,0.0016372744058006372,0.0006112940529090505,1.0
2070.0,ssp119_CH4_Marine_striving,1.9485297930656866,ssp119,1.949147750465661,0.0006179573999742782,non-CO2,CH4,Marine,1.9474736877382681,0.0016740627273927888,0.0010561053274185106,1.0
2070.0,ssp119_CH4_off-road_striving,1.9476776228610466,ssp119,1.949147750465661,0.0014701276046142908,non-CO2,CH4,off-road,1.9457052331378344,0.003442517327826522,0.001972389723212231,1.0
2070.0,ssp119_CH4_on-road_striving,1.9448360014723423,ssp119,1.949147750465661,0.004311748993318654,non-CO2,CH4,on-road,1.9407184367490886,0.008429313716572295,0.004117564723253642,1.0
2070.0,ssp119_CO2 FFI_Marine_striving,1.9360763179407288,ssp119,1.949147750465661,0.013071432524932147,CO2,CO2 FFI,Marine,1.927310817840724,0.0218369326249368,0.008765500100004653,1.0
2070.0,ssp119_CO2 FFI_off-road_striving,1.9386890955172524,ssp119,1.949147750465661,0.010458654948408475,CO2,CO2 FFI,off-road,1.9178112951121429,0.03133645535351803,0.02087780040510956,1.0
2070.0,ssp119_CO2 FFI_on-road_striving,1.8610420288752632,ssp119,1.949147750465661,0.08810572159039776,CO2,CO2 FFI,on-road,1.775792387890474,0.1733553625751869,0.08524964098478915,1.0
2070.0,ssp119_N2O_Marine_striving,1.9492150414709013,ssp119,1.949147750465661,-6.729100524038856e-05,non-CO2,N2O,Marine,1.9487444309229467,0.00040331954271422,0.00047061054795460855,1.0
2070.0,ssp119_N2O_off-road_striving,1.949125895939425,ssp119,1.949147750465661,2.1854526235820515e-05,non-CO2,N2O,off-road,1.9490849956531666,6.275481249429227e-05,4.090028625847175e-05,1.0
2070.0,ssp119_N2O_on-road_striving,1.9485742542245816,ssp119,1.949147750465661,0.0005734962410792743,non-CO2,N2O,on-road,1.9480746212947686,0.0010731291708923063,0.000499632929813032,1.0
2070.0,ssp119_Sulfur_Marine_striving,1.9496979888362493,ssp119,1.949147750465661,-0.0005502383705884295,non-CO2,Sulfur,Marine,1.9503455815715571,-0.0011978311058962188,-0.0006475927353077893,1.0
2070.0,ssp119_striving,1.8241972412977314,ssp119,1.949147750465661,0.12495050916792949,,,Other,,,,1.0
2070.0,ssp119_zero_tra,1.6717298254450286,ssp119,1.949147750465661,0.27741792502063234,,,Other,,,,1.0
2071.0,ssp119,1.9567244564372004,ssp119,1.9567244564372004,0.0,,,Other,,,,1.0
2071.0,ssp119_BC_Marine_striving,1.9565225066126417,ssp119,1.9567244564372004,0.00020194982455867816,non-CO2,BC,Marine,1.9564493228097708,0.00027513362742959124,7.318380287091308e-05,1.0
2071.0,ssp119_BC_off-road_striving,1.9563366512920597,ssp119,1.9567244564372004,0.0003878051451406961,non-CO2,BC,off-road,1.956017845666788,0.0007066107704123414,0.00031880562527164535,1.0
2071.0,ssp119_BC_on-road_striving,1.9557422590994689,ssp119,1.9567244564372004,0.0009821973377315274,non-CO2,BC,on-road,1.955141933290952,0.0015825231462482936,0.0006003258085167662,1.0
2071.0,ssp119_CH4_Marine_striving,1.9561382349424512,ssp119,1.9567244564372004,0.000586221494749184,non-CO2,CH4,Marine,1.9551329040993963,0.0015915523378040586,0.0010053308430548746,1.0
2071.0,ssp119_CH4_off-road_striving,1.9553294260282414,ssp119,1.9567244564372004,0.0013950304089589416,non-CO2,CH4,off-road,1.9534486530284005,0.003275803408799849,0.0018807729998409073,1.0
2071.0,ssp119_CH4_on-road_striving,1.9526326973371024,ssp119,1.9567244564372004,0.004091759100097958,non-CO2,CH4,on-road,1.9487062150530405,0.008018241384159852,0.003926482284061894,1.0
2071.0,ssp119_CO2 FFI_Marine_striving,1.9436457716449766,ssp119,1.9567244564372004,0.013078684792223738,CO2,CO2 FFI,Marine,1.9348761585094854,0.021848297927715032,0.008769613135491294,1.0
2071.0,ssp119_CO2 FFI_off-road_striving,1.9462594589357616,ssp119,1.9567244564372004,0.01046499750143881,CO2,CO2 FFI,off-road,1.9253722864049918,0.03135217003220858,0.02088717253076977,1.0
2071.0,ssp119_CO2 FFI_on-road_striving,1.8685846442724847,ssp119,1.9567244564372004,0.08813981216471567,CO2,CO2 FFI,on-road,1.7833392258137768,0.1733852306234236,0.08524541845870792,1.0
2071.0,ssp119_N2O_Marine_striving,1.9567913808267947,ssp119,1.9567244564372004,-6.6924389594325e-05,non-CO2,N2O,Marine,1.9563232577931624,0.0004011986440379811,0.0004681230336323061,1.0
2071.0,ssp119_N2O_off-road_striving,1.9567027120844134,ssp119,1.9567244564372004,2.1744352787012033e-05,non-CO2,N2O,off-road,1.9566620460861184,6.241035108200954e-05,4.066599829499751e-05,1.0
2071.0,ssp119_N2O_on-road_striving,1.9561539115124675,ssp119,1.9567244564372004,0.000570544924732852,non-CO2,N2O,on-road,1.9556572114964146,0.0010672449407858053,0.0004967000160529533,1.0
2071.0,ssp119_Sulfur_Marine_striving,1.9572545943420543,ssp119,1.9567244564372004,-0.0005301379048539001,non-CO2,Sulfur,Marine,1.9578919017528604,-0.0011674453156600428,-0.0006373074108061427,1.0
2071.0,ssp119_striving,1.8323308363062603,ssp119,1.9567244564372004,0.12439362013094013,,,Other,,,,1.0
2071.0,ssp119_zero_tra,1.6803381078704287,ssp119,1.9567244564372004,0.2763863485667717,,,Other,,,,1.0
2072.0,ssp119,1.9365504401819775,ssp119,1.9365504401819775,0.0,,,Other,,,,1.0
2072.0,ssp119_BC_Marine_striving,1.936356061472398,ssp119,1.9365504401819775,0.00019437870957950132,non-CO2,BC,Marine,1.936284004683791,0.00026643549818650136,7.205678860700004e-05,1.0
2072.0,ssp119_BC_off-road_striving,1.9361786786170658,ssp119,1.9365504401819775,0.000371761564911699,non-CO2,BC,off-road,1.9358660946591666,0.0006843455228109363,0.0003125839578992373,1.0
2072.0,ssp119_BC_on-road_striving,1.9356072772850057,ssp119,1.9365504401819775,0.0009431628969718275,non-CO2,BC,on-road,1.9350170768860573,0.0015333632959202426,0.000590200398948415,1.0
2072.0,ssp119_CH4_Marine_striving,1.9359944355643115,ssp119,1.9365504401819775,0.0005560046176660283,non-CO2,CH4,Marine,1.9350370958118746,0.0015133443701029758,0.0009573397524369476,1.0
2072.0,ssp119_CH4_off-road_striving,1.935226720837026,ssp119,1.9365504401819775,0.0013237193449515683,non-CO2,CH4,off-road,1.9334324119449668,0.0031180282370106838,0.0017943088920591155,1.0
2072.0,ssp119_CH4_on-road_striving,1.9326674429660258,ssp119,1.9365504401819775,0.0038829972159517556,non-CO2,CH4,on-road,1.9289212236094708,0.007629216572506703,0.0037462193565549473,1.0
2072.0,ssp119_CO2 FFI_Marine_striving,1.9234654950269248,ssp119,1.9365504401819775,0.013084945155052763,CO2,CO2 FFI,Marine,1.914691741966558,0.021858698215419636,0.008773753060366873,1.0
2072.0,ssp119_CO2 FFI_off-road_striving,1.9260800215752063,ssp119,1.9365504401819775,0.010470418606771226,CO2,CO2 FFI,off-road,1.9051839374690995,0.031366502712878,0.02089608410610677,1.0
2072.0,ssp119_CO2 FFI_on-road_striving,1.8483836526749748,ssp119,1.9365504401819775,0.08816678750700269,CO2,CO2 FFI,on-road,1.763142456530166,0.17340798365181143,0.08524119614480874,1.0
2072.0,ssp119_N2O_Marine_striving,1.9366169877147776,ssp119,1.9365504401819775,-6.654753280010972e-05,non-CO2,N2O,Marine,1.9361514255089078,0.0003990146730696864,0.00046556220586979613,1.0
2072.0,ssp119_N2O_off-road_striving,1.9365288105512815,ssp119,1.9365504401819775,2.162963069607393e-05,non-CO2,N2O,off-road,1.9364883813558442,6.205882613330438e-05,4.042919543723045e-05,1.0
2072.0,ssp119_N2O_on-road_striving,1.9359829546452998,ssp119,1.9365504401819775,0.0005674855366777365,non-CO2,N2O,on-road,1.9354892006108453,0.0010612395711322442,0.0004937540344545077,1.0
2072.0,ssp119_Sulfur_Marine_striving,1.9370625627259308,ssp119,1.9365504401819775,-0.0005121225439532751,non-CO2,Sulfur,Marine,1.9376902944248544,-0.001139854242876881,-0.0006277316989236059,1.0
2072.0,ssp119_striving,1.8126780514246605,ssp119,1.9365504401819775,0.12387238875731699,,,Other,,,,1.0
2072.0,ssp119_zero_tra,1.6611368591762488,ssp119,1.9365504401819775,0.27541358100572877,,,Other,,,,1.0
2073.0,ssp119,1.9088251937392193,ssp119,1.9088251937392193,0.0,,,Other,,,,1.0
2073.0,ssp119_BC_Marine_striving,1.9086375991331446,ssp119,1.9088251937392193,0.00018759460607475908,non-CO2,BC,Marine,1.9085665929626716,0.00025860077654771274,7.100617047295366e-05,1.0
2073.0,ssp119_BC_off-road_striving,1.9084677612287935,ssp119,1.9088251937392193,0.0003574325104258591,non-CO2,BC,off-road,1.9081609003707976,0.0006642933684217756,0.00030686085799591645,1.0
2073.0,ssp119_BC_on-road_striving,1.9079169336110962,ssp119,1.9088251937392193,0.0009082601281231728,non-CO2,BC,on-road,1.9073361131015343,0.0014890806376850474,0.0005808205095618746,1.0
2073.0,ssp119_CH4_Marine_striving,1.9082978865960951,ssp119,1.9088251937392193,0.0005273071431242116,non-CO2,CH4,Marine,1.9073858378773765,0.0014393558618428504,0.0009120487187186388,1.0
2073.0,ssp119_CH4_off-road_striving,1.907569042180251,ssp119,1.9088251937392193,0.0012561515589684102,non-CO2,CH4,off-road,1.9058562280365168,0.002968965702702553,0.0017128141437341426,1.0
2073.0,ssp119_CH4_on-road_striving,1.9051398848784902,ssp119,1.9088251937392193,0.003685308860729153,non-CO2,CH4,on-road,1.90156350339519,0.007261690344029237,0.003576381483300084,1.0
2073.0,ssp119_CO2 FFI_Marine_striving,1.895734886834622,ssp119,1.9088251937392193,0.013090306904597337,CO2,CO2 FFI,Marine,1.8869570021822015,0.021868191557017802,0.008777884652420465,1.0
2073.0,ssp119_CO2 FFI_off-road_striving,1.898350182211325,ssp119,1.9088251937392193,0.010475011527894429,CO2,CO2 FFI,off-road,1.8774456572392981,0.0313795364999212,0.020904524972026772,1.0
2073.0,ssp119_CO2 FFI_on-road_striving,1.8206378535961953,ssp119,1.9088251937392193,0.08818734014302398,CO2,CO2 FFI,on-road,1.7354011179869857,0.17342407575223362,0.08523673560920964,1.0
2073.0,ssp119_N2O_Marine_striving,1.9088913560856615,ssp119,1.9088251937392193,-6.616234644218899e-05,non-CO2,N2O,Marine,1.9084284150447448,0.00039677869447451997,0.00046294104091670896,1.0
2073.0,ssp119_N2O_off-road_striving,1.9088036825845622,ssp119,1.9088251937392193,2.1511154657094522e-05,non-CO2,N2O,off-road,1.908763492225054,6.170151416529102e-05,4.0190359508196494e-05,1.0
2073.0,ssp119_N2O_on-road_striving,1.9082608566136636,ssp119,1.9088251937392193,0.0005643371255557028,non-CO2,N2O,on-road,1.9077700588025674,0.0010551349366518803,0.0004907978110961775,1.0
2073.0,ssp119_Sulfur_Marine_striving,1.9093211198310116,ssp119,1.9088251937392193,-0.0004959260917922759,non-CO2,Sulfur,Marine,1.9099399078745298,-0.0011147141353105017,-0.0006187880435182258,1.0
2073.0,ssp119_striving,1.7854413360587518,ssp119,1.9088251937392193,0.12338385768046756,,,Other,,,,1.0
2073.0,ssp119_zero_tra,1.6343296598836394,ssp119,1.9088251937392193,0.2744955338555799,,,Other,,,,1.0
2074.0,ssp119,1.904702719180215,ssp119,1.904702719180215,0.0,,,Other,,,,1.0
2074.0,ssp119_BC_Marine_striving,1.9045212227114743,ssp119,1.904702719180215,0.00018149646874077163,non-CO2,BC,Marine,1.9044511995571383,0.0002515196230767902,7.002315433601858e-05,1.0
2074.0,ssp119_BC_off-road_striving,1.904358123322544,ssp119,1.904702719180215,0.0003445958576711039,non-CO2,BC,off-road,1.9040565469678248,0.0006461722123902724,0.00030157635471916855,1.0
2074.0,ssp119_BC_on-road_striving,1.9038257642561074,ssp119,1.904702719180215,0.0008769549241076646,non-CO2,BC,on-road,1.9032536665949429,0.0014490525852721703,0.0005720976611645057,1.0
2074.0,ssp119_CH4_Marine_striving,1.9042026022304865,ssp119,1.904702719180215,0.000500116949728513,non-CO2,CH4,Marine,1.903333234881072,0.0013694842991429645,0.0008693673494144516,1.0
2074.0,ssp119_CH4_off-road_striving,1.9035104575989792,ssp119,1.904702719180215,0.001192261581235865,non-CO2,CH4,off-road,1.901874360253007,0.002828358927208008,0.0016360973459721428,1.0
2074.0,ssp119_CH4_on-road_striving,1.9012042418520032,ssp119,1.904702719180215,0.0034984773282118464,non-CO2,CH4,on-road,1.897787683809566,0.006915035370649081,0.0034165580424372344,1.0
2074.0,ssp119_CO2 FFI_Marine_striving,1.8916079531979366,ssp119,1.904702719180215,0.013094765982278433,CO2,CO2 FFI,Marine,1.882826015984942,0.02187670319527313,0.008781937212994695,1.0
2074.0,ssp119_CO2 FFI_off-road_striving,1.8942239322133367,ssp119,1.904702719180215,0.010478786966878317,CO2,CO2 FFI,off-road,1.8733115559069224,0.03139116327329261,0.020912376306414293,1.0
2074.0,ssp119_CO2 FFI_on-road_striving,1.8165012470203437,ssp119,1.904702719180215,0.0882014721598714,CO2,CO2 FFI,on-road,1.7312698844440466,0.17343283473616844,0.08523136257629704,1.0
2074.0,ssp119_N2O_Marine_striving,1.9047684896672499,ssp119,1.904702719180215,-6.577048703482191e-05,non-CO2,N2O,Marine,1.904308218963083,0.0003945002171319434,0.0004602707041667653,1.0
2074.0,ssp119_N2O_off-road_striving,1.9046813295689198,ssp119,1.904702719180215,2.1389611295274946e-05,non-CO2,N2O,off-road,1.9046413796679074,6.133951230768986e-05,3.994990101241491e-05,1.0
2074.0,ssp119_N2O_on-road_striving,1.9041416030892502,ssp119,1.904702719180215,0.0005611160909648749,non-CO2,N2O,on-road,1.9036537693494278,0.0010489498307872935,0.0004878337398224186,1.0
2074.0,ssp119_Sulfur_Marine_striving,1.9051840360425267,ssp119,1.904702719180215,-0.0004813168623116759,non-CO2,Sulfur,Marine,1.905794440416862,-0.0010917212366470253,-0.0006104043743353493,1.0
2074.0,ssp119_striving,1.7817781419377887,ssp119,1.904702719180215,0.12292457724242634,,,Other,,,,1.0
2074.0,ssp119_zero_tra,1.6310759574619926,ssp119,1.904702719180215,0.2736267617182224,,,Other,,,,1.0
2075.0,ssp119,1.9081410624511412,ssp119,1.9081410624511412,0.0,,,Other,,,,1.0
2075.0,ssp119_BC_Marine_striving,1.9079650632653722,ssp119,1.9081410624511412,0.00017599918576904905,non-CO2,BC,Marine,1.9078959623399319,0.00024510011120937314,6.910092544032409e-05,1.0
2075.0,ssp119_BC_off-road_striving,1.907807998438075,ssp119,1.9081410624511412,0.00033306401306631983,non-CO2,BC,off-road,1.9075113164293782,0.0006297460217630224,0.0002966820086967026,1.0
2075.0,ssp119_BC_on-road_striving,1.9072922657152414,ssp119,1.9081410624511412,0.0008487967358998816,non-CO2,BC,on-road,1.9067283038364549,0.0014127586146863713,0.0005639618787864897,1.0
2075.0,ssp119_CH4_Marine_striving,1.90766666242576,ssp119,1.9081410624511412,0.0004744000253811276,non-CO2,CH4,Marine,1.9068374757576336,0.001303586693507608,0.0008291866681264803,1.0
2075.0,ssp119_CH4_off-road_striving,1.907009122394081,ssp119,1.9081410624511412,0.0011319400570601879,non-CO2,CH4,off-road,1.9054451815359035,0.0026958809152377583,0.0015639408581775704,1.0
2075.0,ssp119_CH4_on-road_striving,1.904818900123614,ssp119,1.9081410624511412,0.003322162327527245,non-CO2,CH4,on-road,1.901552614728373,0.006588447722768231,0.0032662853952409865,1.0
2075.0,ssp119_CO2 FFI_Marine_striving,1.8950425244909666,ssp119,1.9081410624511412,0.013098537960174683,CO2,CO2 FFI,Marine,1.8862565669991067,0.021884495452034525,0.008785957491859842,1.0
2075.0,ssp119_CO2 FFI_off-road_striving,1.8976591288216036,ssp119,1.9081410624511412,0.010481933629537643,CO2,CO2 FFI,off-road,1.8767393014995,0.03140176095164127,0.020919827322103624,1.0
2075.0,ssp119_CO2 FFI_on-road_striving,1.8199303168018546,ssp119,1.9081410624511412,0.08821074564928666,CO2,CO2 FFI,on-road,1.7347045637217016,0.17343649872943967,0.08522575308015301,1.0
2075.0,ssp119_N2O_Marine_striving,1.9082064357417323,ssp119,1.9081410624511412,-6.537329059108643e-05,non-CO2,N2O,Marine,1.907748875290564,0.0003921871605772065,0.0004575604511682929,1.0
2075.0,ssp119_N2O_off-road_striving,1.9081197968922363,ssp119,1.9081410624511412,2.1265558904914883e-05,non-CO2,N2O,off-road,1.9080800887067648,6.097374437641356e-05,3.970818547149868e-05,1.0
2075.0,ssp119_N2O_on-road_striving,1.907583226537203,ssp119,1.9081410624511412,0.0005578359139382094,non-CO2,N2O,on-road,1.907098362373322,0.0010427000778192586,0.00048486416388104914,1.0
2075.0,ssp119_Sulfur_Marine_striving,1.9086091628282789,ssp119,1.9081410624511412,-0.00046810037713762576,non-CO2,Sulfur,Marine,1.9092116881071173,-0.001070625655976043,-0.0006025252788384172,1.0
2075.0,ssp119_striving,1.7856476518569542,ssp119,1.9081410624511412,0.12249341059418706,,,Other,,,,1.0
2075.0,ssp119_zero_tra,1.6353345479103616,ssp119,1.9081410624511412,0.27280651454077964,,,Other,,,,1.0
2076.0,ssp119,1.911007291389161,ssp119,1.911007291389161,0.0,,,Other,,,,1.0
2076.0,ssp119_BC_Marine_striving,1.9108362618593515,ssp119,1.911007291389161,0.00017102952980940778,non-CO2,BC,Marine,1.910768028133358,0.00023926325580281294,6.823372599340516e-05,1.0
2076.0,ssp119_BC_off-road_striving,1.9106846157329869,ssp119,1.911007291389161,0.000322675656174054,non-CO2,BC,off-road,1.910392479291623,0.0006148120975379978,0.0002921364413639438,1.0
2076.0,ssp119_BC_on-road_striving,1.9101838932376398,ssp119,1.911007291389161,0.0008233981515211042,non-CO2,BC,on-road,1.9096275394025712,0.0013797519865896835,0.0005563538350685793,1.0
2076.0,ssp119_CH4_Marine_striving,1.9105571782739474,ssp119,1.911007291389161,0.00045011311521347963,non-CO2,CH4,Marine,1.9097657847530498,0.0012415066361111116,0.0007913935208976319,1.0
2076.0,ssp119_CH4_off-road_striving,1.9099322302168973,ssp119,1.911007291389161,0.001075061172263636,non-CO2,CH4,off-road,1.908436106439751,0.002571184949409888,0.0014961237771462521,1.0
2076.0,ssp119_CH4_on-road_striving,1.9078513126482821,ssp119,1.911007291389161,0.0031559787408788065,non-CO2,CH4,on-road,1.9047262183827114,0.0062810730064495335,0.003125094265570727,1.0
2076.0,ssp119_CO2 FFI_Marine_striving,1.897905484318623,ssp119,1.911007291389161,0.013101807070537985,CO2,CO2 FFI,Marine,1.8891154966455879,0.021891794743573056,0.008789987673035071,1.0
2076.0,ssp119_CO2 FFI_off-road_striving,1.9005226787580956,ssp119,1.911007291389161,0.010484612631065371,CO2,CO2 FFI,off-road,1.8795956350754863,0.031411656313674596,0.020927043682609225,1.0
2076.0,ssp119_CO2 FFI_on-road_striving,1.822790783736226,ssp119,1.911007291389161,0.08821650765293487,CO2,CO2 FFI,on-road,1.7375702349521083,0.17343705643705265,0.08522054878411778,1.0
2076.0,ssp119_N2O_Marine_striving,1.911072263232853,ssp119,1.911007291389161,-6.497184369202991e-05,non-CO2,N2O,Marine,1.9106174453783222,0.0003898460108386903,0.0004548178545307202,1.0
2076.0,ssp119_N2O_off-road_striving,1.9109861519312943,ssp119,1.911007291389161,2.1139457866636846e-05,non-CO2,N2O,off-road,1.9109466864299582,6.0604959202681385e-05,3.946550133604454e-05,1.0
2076.0,ssp119_N2O_on-road_striving,1.9104527837603953,ssp119,1.911007291389161,0.0005545076287656325,non-CO2,N2O,on-road,1.9099708928479315,0.0010363985412293886,0.00048189091246375604,1.0
2076.0,ssp119_Sulfur_Marine_striving,1.9114634007207278,ssp119,1.911007291389161,-0.0004561093315669229,non-CO2,Sulfur,Marine,1.9120585046647858,-0.0010512132756248516,-0.0005951039440579287,1.0
2076.0,ssp119_striving,1.7889180375342129,ssp119,1.911007291389161,0.12208925385494807,,,Other,,,,1.0
2076.0,ssp119_zero_tra,1.6389732779225648,ssp119,1.911007291389161,0.27203401346659617,,,Other,,,,1.0
2077.0,ssp119,1.9091469732244815,ssp119,1.9091469732244815,0.0,,,Other,,,,1.0
2077.0,ssp119_BC_Marine_striving,1.9089804499645278,ssp119,1.9091469732244815,0.0001665232599536992,non-CO2,BC,Marine,1.9089130340263571,0.00023393919812431108,6.741593817061187e-05,1.0
2077.0,ssp119_BC_off-road_striving,1.9088336833490105,ssp119,1.9091469732244815,0.00031328987547096787,non-CO2,BC,off-road,1.9085457820263036,0.0006011911981778084,0.00028790132270684055,1.0
2077.0,ssp119_BC_on-road_striving,1.908346552968414,ssp119,1.9091469732244815,0.0008004202560674134,non-CO2,BC,on-road,1.9077973357330278,0.0013496374914536702,0.0005492172353862568,1.0
2077.0,ssp119_CH4_Marine_striving,1.908719762852986,ssp119,1.9091469732244815,0.0004272103714955122,non-CO2,CH4,Marine,1.9079638860558708,0.001183087168610708,0.0007558767971151958,1.0
2077.0,ssp119_CH4_off-road_striving,1.9081254766897917,ssp119,1.9091469732244815,0.0010214965346897475,non-CO2,CH4,off-road,1.90669304590635,0.0024539273181314325,0.001432430783441685,1.0
2077.0,ssp119_CH4_on-road_striving,1.9061474370762268,ssp119,1.9091469732244815,0.0029995361482546556,non-CO2,CH4,on-road,1.9031549092687232,0.005992063955758242,0.0029925278075035866,1.0
2077.0,ssp119_CO2 FFI_Marine_striving,1.8960422776373829,ssp119,1.9091469732244815,0.013104695587098592,CO2,CO2 FFI,Marine,1.8872482363488983,0.02189873687558319,0.0087940412884846,1.0
2077.0,ssp119_CO2 FFI_off-road_striving,1.8986600403685634,ssp119,1.9091469732244815,0.010486932855918063,CO2,CO2 FFI,off-road,1.8777259286294985,0.03142104459498296,0.020934111739064898,1.0
2077.0,ssp119_CO2 FFI_on-road_striving,1.8209273284654417,ssp119,1.9091469732244815,0.08821964475903976,CO2,CO2 FFI,on-road,1.7357113526114303,0.17343562061305118,0.08521597585401142,1.0
2077.0,ssp119_N2O_Marine_striving,1.9092115403668022,ssp119,1.9091469732244815,-6.456714232072613e-05,non-CO2,N2O,Marine,1.9087594905912297,0.0003874826332517234,0.0004520497755724495,1.0
2077.0,ssp119_N2O_off-road_striving,1.9091259614980796,ssp119,1.9091469732244815,2.10117264018983e-05,non-CO2,N2O,off-road,1.9090867393769788,6.0233847502644267e-05,3.9222121100745966e-05,1.0
2077.0,ssp119_N2O_on-road_striving,1.9085958320270728,ssp119,1.9091469732244815,0.0005511411974086222,non-CO2,N2O,on-road,1.9081169162406646,0.0010300569838168627,0.0004789157864082405,1.0
2077.0,ssp119_Sulfur_Marine_striving,1.909592169437676,ssp119,1.9091469732244815,-0.00044519621319460967,non-CO2,Sulfur,Marine,1.910180263773299,-0.0010332905488175115,-0.0005880943356229018,1.0
2077.0,ssp119_striving,1.7874362963882213,ssp119,1.9091469732244815,0.12171067683626013,,,Other,,,,1.0
2077.0,ssp119_zero_tra,1.637839634404141,ssp119,1.9091469732244815,0.2713073388203404,,,Other,,,,1.0
2078.0,ssp119,1.8912197995830604,ssp119,1.8912197995830604,0.0,,,Other,,,,1.0
2078.0,ssp119_BC_Marine_striving,1.891057374613775,ssp119,1.8912197995830604,0.00016242496928531303,non-CO2,BC,Marine,1.8909907318442682,0.0002290677387921658,6.664276950685277e-05,1.0
2078.0,ssp119_BC_off-road_striving,1.8909150143944125,ssp119,1.8912197995830604,0.0003047851886479602,non-CO2,BC,off-road,1.890631070671251,0.0005887289118093886,0.00028394372316142835,1.0
2078.0,ssp119_BC_on-road_striving,1.8904402286954949,ssp119,1.8912197995830604,0.0007795708875655283,non-CO2,BC,on-road,1.889897724741568,0.0013220748414923822,0.0005425039539268539,1.0
2078.0,ssp119_CH4_Marine_striving,1.8908141585800138,ssp119,1.8912197995830604,0.00040564100304663064,non-CO2,CH4,Marine,1.8900916335008084,0.001128166082251969,0.0007225250792053384,1.0
2078.0,ssp119_CH4_off-road_striving,1.890248689667981,ssp119,1.8912197995830604,0.0009711099150793157,non-CO2,CH4,off-road,1.8888760405312228,0.0023437590518375906,0.001372649136758275,1.0
2078.0,ssp119_CH4_on-road_striving,1.88836737587771,ssp119,1.8912197995830604,0.0028524237053504375,non-CO2,CH4,on-road,1.8854992403093036,0.005720559273756809,0.0028681355684063714,1.0
2078.0,ssp119_CO2 FFI_Marine_striving,1.8781125119140902,ssp119,1.8912197995830604,0.01310728766897018,CO2,CO2 FFI,Marine,1.869314388589839,0.02190541099322152,0.008798123324251339,1.0
2078.0,ssp119_CO2 FFI_off-road_striving,1.88073082927139,ssp119,1.8912197995830604,0.010488970311670398,CO2,CO2 FFI,off-road,1.8597897450563083,0.03143005452675207,0.020941084215081673,1.0
2078.0,ssp119_CO2 FFI_on-road_striving,1.8029990147687798,ssp119,1.8912197995830604,0.08822078481428064,CO2,CO2 FFI,on-road,1.7177868253852284,0.173432974197832,0.08521218938355135,1.0
2078.0,ssp119_N2O_Marine_striving,1.891283959579521,ssp119,1.8912197995830604,-6.415999646058879e-05,non-CO2,N2O,Marine,1.8908346977436132,0.00038510183944717724,0.00044926183590776603,1.0
2078.0,ssp119_N2O_off-road_striving,1.8911989168798078,ssp119,1.8912197995830604,2.0882703252622647e-05,non-CO2,N2O,off-road,1.8911599386159819,5.986096707855104e-05,3.8978263825928394e-05,1.0
2078.0,ssp119_N2O_on-road_striving,1.8906720547895601,ssp119,1.8912197995830604,0.0005477447935002822,non-CO2,N2O,on-road,1.8901961145826103,0.0010236850004501363,0.00047594020694985417,1.0
2078.0,ssp119_Sulfur_Marine_striving,1.8916550333963411,ssp119,1.8912197995830604,-0.0004352338132806999,non-CO2,Sulfur,Marine,1.8922364906009497,-0.0010166910178892596,-0.0005814572046085598,1.0
2078.0,ssp119_striving,1.7698636313569762,ssp119,1.8912197995830604,0.1213561682260842,,,Other,,,,1.0
2078.0,ssp119_zero_tra,1.6205954107700657,ssp119,1.8912197995830604,0.27062438881299467,,,Other,,,,1.0
2079.0,ssp119,1.8781287327752239,ssp119,1.8781287327752239,0.0,,,Other,,,,1.0
2079.0,ssp119_BC_Marine_striving,1.877970046802693,ssp119,1.8781287327752239,0.0001586859725308809,non-CO2,BC,Marine,1.8779041370767935,0.0002245956984303632,6.59097258994823e-05,1.0
2079.0,ssp119_BC_off-road_striving,1.877831677575589,ssp119,1.8781287327752239,0.0002970551996348547,non-CO2,BC,off-road,1.8775514439025704,0.0005772888726534031,0.0002802336730185484,1.0
2079.0,ssp119_BC_on-road_striving,1.8773681388833277,ssp119,1.8781287327752239,0.0007605938918961996,non-CO2,BC,on-road,1.876831969288801,0.001296763486422936,0.0005361695945267364,1.0
2079.0,ssp119_CH4_Marine_striving,1.8777433800358698,ssp119,1.8781287327752239,0.0003853527393540279,non-CO2,CH4,Marine,1.8770521504997595,0.0010765822754643661,0.0006912295361103382,1.0
2079.0,ssp119_CH4_off-road_striving,1.8772049684749406,ssp119,1.8781287327752239,0.0009237643002832918,non-CO2,CH4,off-road,1.8758883959774677,0.0022403367977561484,0.0013165724974728565,1.0
2079.0,ssp119_CH4_on-road_striving,1.875414502707284,ssp119,1.8781287327752239,0.0027142300679399156,non-CO2,CH4,on-road,1.8726630214920603,0.005465711283163532,0.0027514812152236168,1.0
2079.0,ssp119_CO2 FFI_Marine_striving,1.8650191510532126,ssp119,1.8781287327752239,0.013109581722011265,CO2,CO2 FFI,Marine,1.8562169497848586,0.021911782990365225,0.00880220126835396,1.0
2079.0,ssp119_CO2 FFI_off-road_striving,1.8676380028823583,ssp119,1.8781287327752239,0.010490729892865591,CO2,CO2 FFI,off-road,1.8466900954965606,0.03143863727866325,0.02094790738579766,1.0
2079.0,ssp119_CO2 FFI_on-road_striving,1.7899087868163603,ssp119,1.8781287327752239,0.08821994595886351,CO2,CO2 FFI,on-road,1.704699881772861,0.17342885100236294,0.08520890504349943,1.0
2079.0,ssp119_N2O_Marine_striving,1.8781924838635995,ssp119,1.8781287327752239,-6.375108837564092e-05,non-CO2,N2O,Marine,1.8777460251288745,0.0003827076463494006,0.0004464587347250415,1.0
2079.0,ssp119_N2O_off-road_striving,1.87810798009787,ssp119,1.8781287327752239,2.0752677353907956e-05,non-CO2,N2O,off-road,1.8780692459996935,5.948677553035964e-05,3.873409817645168e-05,1.0
2079.0,ssp119_N2O_on-road_striving,1.8775844074786525,ssp119,1.8781287327752239,0.0005443252965713352,non-CO2,N2O,on-road,1.8771114422620458,0.0010172905131780041,0.0004729652166066689,1.0
2079.0,ssp119_Sulfur_Marine_striving,1.8785548427272238,ssp119,1.8781287327752239,-0.0004261099519999867,non-CO2,Sulfur,Marine,1.879129998248434,-0.0010012654732101112,-0.0005751555212101245,1.0
2079.0,ssp119_striving,1.7571050898180627,ssp119,1.8781287327752239,0.12102364295716117,,,Other,,,,1.0
2079.0,ssp119_zero_tra,1.6081470291775055,ssp119,1.8781287327752239,0.26998170359771834,,,Other,,,,1.0
2080.0,ssp119,1.866640156861122,ssp119,1.866640156861122,0.0,,,Other,,,,1.0
2080.0,ssp119_BC_Marine_striving,1.866484892887346,ssp119,1.866640156861122,0.00015526397377585432,non-CO2,BC,Marine,1.8664196801085748,0.0002204767525471052,6.521277877125087e-05,1.0
2080.0,ssp119_BC_off-road_striving,1.866350149226985,ssp119,1.866640156861122,0.0002900076341370017,non-CO2,BC,off-road,1.866073404545934,0.0005667523151879905,0.0002767446810509888,1.0
2080.0,ssp119_BC_on-road_striving,1.8658968898668793,ssp119,1.866640156861122,0.0007432669942426529,non-CO2,BC,on-road,1.865366715208175,0.0012734416529469605,0.0005301746587043077,1.0
2080.0,ssp119_CH4_Marine_striving,1.8662738658980453,ssp119,1.866640156861122,0.0003662909630766098,non-CO2,CH4,Marine,1.8656119833255678,0.0010281735355541777,0.0006618825724775679,1.0
2080.0,ssp119_CH4_off-road_striving,1.8657608371444212,ssp119,1.866640156861122,0.0008793197167007438,non-CO2,CH4,off-road,1.8644968383988938,0.00214331846222815,0.001263998745527406,1.0
2080.0,ssp119_CH4_on-road_striving,1.8640556198498799,ssp119,1.866640156861122,0.0025845370112420607,non-CO2,CH4,on-road,1.8614134817787693,0.005226675082352639,0.002642138071110578,1.0
2080.0,ssp119_CO2 FFI_Marine_striving,1.853528553913744,ssp119,1.866640156861122,0.013111602947377898,CO2,CO2 FFI,Marine,1.8447222946778123,0.0219178621833096,0.008806259235931702,1.0
2080.0,ssp119_CO2 FFI_off-road_striving,1.8561479193690604,ssp119,1.866640156861122,0.010492237492061518,CO2,CO2 FFI,off-road,1.8351933505133795,0.03144680634774244,0.020954568855680922,1.0
2080.0,ssp119_CO2 FFI_on-road_striving,1.778422827858794,ssp119,1.866640156861122,0.08821732900232804,CO2,CO2 FFI,on-road,1.6932168292312664,0.17342332762985557,0.08520599862752753,1.0
2080.0,ssp119_N2O_Marine_striving,1.866703497870195,ssp119,1.866640156861122,-6.334100907312568e-05,non-CO2,N2O,Marine,1.8662598532785628,0.0003803035825591383,0.000443644591632264,1.0
2080.0,ssp119_N2O_off-road_striving,1.8666195349635795,ssp119,1.866640156861122,2.0621897542483225e-05,non-CO2,N2O,off-road,1.8665810451704403,5.9111690681623585e-05,3.848979313914036e-05,1.0
2080.0,ssp119_N2O_on-road_striving,1.8660992681685191,ssp119,1.866640156861122,0.0005408886926028256,non-CO2,N2O,on-road,1.8656292763014954,0.0010108805596265036,0.000469991867023678,1.0
2080.0,ssp119_Sulfur_Marine_striving,1.8670578838774807,ssp119,1.866640156861122,-0.00041772701635878207,non-CO2,Sulfur,Marine,1.8676270399274315,-0.000986883066309563,-0.0005691560499507808,1.0
2080.0,ssp119_striving,1.7459287213392027,ssp119,1.866640156861122,0.12071143552191921,,,Other,,,,1.0
2080.0,ssp119_zero_tra,1.597263627621663,ssp119,1.866640156861122,0.269376529239459,,,Other,,,,1.0
2081.0,ssp119,1.8852076728497902,ssp119,1.8852076728497902,0.0,,,Other,,,,1.0
2081.0,ssp119_BC_Marine_striving,1.885055550890203,ssp119,1.8852076728497902,0.00015212195958724806,non-CO2,BC,Marine,1.884991002577977,0.00021667027181315746,6.45483122259094e-05,1.0
2081.0,ssp119_BC_off-road_striving,1.8849241109548835,ssp119,1.8852076728497902,0.0002835618949066365,non-CO2,BC,off-road,1.88465065775136,0.0005570150984302025,0.00027345320352356595,1.0
2081.0,ssp119_BC_on-road_striving,1.884480276883345,ssp119,1.8852076728497902,0.0007273959664451102,non-CO2,BC,on-road,1.8839557930075024,0.0012518798422878064,0.0005244838758426962,1.0
2081.0,ssp119_CH4_Marine_striving,1.8848592728983076,ssp119,1.8852076728497902,0.00034839995148261416,non-CO2,CH4,Marine,1.8842248939914263,0.000982778858363842,0.0006343789068812278,1.0
2081.0,ssp119_CH4_off-road_striving,1.8843700371338228,ssp119,1.8852076728497902,0.0008376357159673997,non-CO2,CH4,off-road,1.8831553055872132,0.0020523672625769596,0.0012147315466095598,1.0
2081.0,ssp119_CH4_on-road_striving,1.8827447464409057,ssp119,1.8852076728497902,0.0024629264088844582,non-CO2,CH4,on-road,1.8802050541671018,0.0050026186826883645,0.0025396922738039063,1.0
2081.0,ssp119_CO2 FFI_Marine_striving,1.8720943330207833,ssp119,1.8852076728497902,0.013113339829006865,CO2,CO2 FFI,Marine,1.8632840666744064,0.021923606175383803,0.008810266346376938,1.0
2081.0,ssp119_CO2 FFI_off-road_striving,1.874714184424874,ssp119,1.8852076728497902,0.010493488424916153,CO2,CO2 FFI,off-road,1.8537531719866565,0.03145450086313373,0.020961012438217574,1.0
2081.0,ssp119_CO2 FFI_on-road_striving,1.7969947976906333,ssp119,1.8852076728497902,0.08821287515915688,CO2,CO2 FFI,on-road,1.7117916182002704,0.1734160546495198,0.08520317949036293,1.0
2081.0,ssp119_N2O_Marine_striving,1.8852706030882513,ssp119,1.8852076728497902,-6.293023846115631e-05,non-CO2,N2O,Marine,1.884829780339326,0.00037789251046427275,0.00044082274892542905,1.0
2081.0,ssp119_N2O_off-road_striving,1.8851871822836124,ssp119,1.8852076728497902,2.0490566177810976e-05,non-CO2,N2O,off-road,1.8851489368109489,5.8736038841322724e-05,3.824547266351175e-05,1.0
2081.0,ssp119_N2O_on-road_striving,1.8846702329865304,ssp119,1.8852076728497902,0.0005374398632598254,non-CO2,N2O,on-road,1.884203212086204,0.001004460763586179,0.0004670209003263537,1.0
2081.0,ssp119_Sulfur_Marine_striving,1.8856176723040354,ssp119,1.8852076728497902,-0.00040999945424524675,non-CO2,Sulfur,Marine,1.8861811011516643,-0.0009734283018740797,-0.0005634288476288329,1.0
2081.0,ssp119_striving,1.7647899608975757,ssp119,1.8852076728497902,0.12041771195221451,,,Other,,,,1.0
2081.0,ssp119_zero_tra,1.6164019988050593,ssp119,1.8852076728497902,0.2688056740447309,,,Other,,,,1.0
2082.0,ssp119,1.873784430570885,ssp119,1.873784430570885,0.0,,,Other,,,,1.0
2082.0,ssp119_BC_Marine_striving,1.8736352010008053,ssp119,1.873784430570885,0.00014922957007978965,non-CO2,BC,Marine,1.873571286991033,0.00021314357985202648,6.391400977223682e-05,1.0
2082.0,ssp119_BC_off-road_striving,1.8735067793030336,ssp119,1.873784430570885,0.0002776512678515086,non-CO2,BC,off-road,1.8732364370538246,0.0005479935170604744,0.00027034224920896577,1.0
2082.0,ssp119_BC_on-road_striving,1.873071609967623,ssp119,1.873784430570885,0.0007128206032620543,non-CO2,BC,on-road,1.8725525366178786,0.001231893953006491,0.0005190733497444366,1.0
2082.0,ssp119_CH4_Marine_striving,1.8734528106428334,ssp119,1.873784430570885,0.00033161992805164076,non-CO2,CH4,Marine,1.8728441975479113,0.0009402330229737466,0.0006086130949221058,1.0
2082.0,ssp119_CH4_off-road_striving,1.8729858655187999,ssp119,1.873784430570885,0.0007985650520851983,non-CO2,CH4,off-road,1.871817287994809,0.0019671425760761085,0.0011685775239909102,1.0
2082.0,ssp119_CH4_on-road_striving,1.8714354683243561,ssp119,1.873784430570885,0.0023489622465289184,non-CO2,CH4,on-road,1.8689917310619069,0.004792699508978204,0.002443737262449286,1.0
2082.0,ssp119_CO2 FFI_Marine_striving,1.8606694045408863,ssp119,1.873784430570885,0.01311502602999881,CO2,CO2 FFI,Marine,1.8518550763685973,0.02192935420228781,0.008814328172288999,1.0
2082.0,ssp119_CO2 FFI_off-road_striving,1.8632897538827775,ssp119,1.873784430570885,0.010494676688107551,CO2,CO2 FFI,off-road,1.8423222209858456,0.031462209585039425,0.020967532896931873,1.0
2082.0,ssp119_CO2 FFI_on-road_striving,1.785576183904127,ssp119,1.873784430570885,0.08820824666675797,CO2,CO2 FFI,on-road,1.700374525226593,0.17340990534429213,0.08520165867753415,1.0
2082.0,ssp119_N2O_Marine_striving,1.873846949687172,ssp119,1.873784430570885,-6.251911628685214e-05,non-CO2,N2O,Marine,1.873408953916057,0.00037547665482806636,0.0004379957711149185,1.0
2082.0,ssp119_N2O_off-road_striving,1.8737640717361501,ssp119,1.873784430570885,2.035883473494593e-05,non-CO2,N2O,off-road,1.8737260704922978,5.836007858728287e-05,3.800124385233694e-05,1.0
2082.0,ssp119_N2O_on-road_striving,1.8732504480806997,ssp119,1.873784430570885,0.0005339824901853252,non-CO2,N2O,on-road,1.8727863949903834,0.0009980355805017105,0.0004640530903163853,1.0
2082.0,ssp119_Sulfur_Marine_striving,1.874187288412941,ssp119,1.873784430570885,-0.0004028578420558482,non-CO2,Sulfur,Marine,1.8747452436140621,-0.0009608130431770778,-0.0005579552011212296,1.0
2082.0,ssp119_striving,1.7536414128124094,ssp119,1.873784430570885,0.12014301775847569,,,Other,,,,1.0
2082.0,ssp119_zero_tra,1.605513404362746,ssp119,1.873784430570885,0.26827102620813914,,,Other,,,,1.0
2083.0,ssp119,1.8781833863720774,ssp119,1.8781833863720774,0.0,,,Other,,,,1.0
2083.0,ssp119_BC_Marine_striving,1.8780368281203517,ssp119,1.8781833863720774,0.00014655825172571468,non-CO2,BC,Marine,1.8779735212686939,0.00020986510338349973,6.330685165778505e-05,1.0
2083.0,ssp119_BC_off-road_striving,1.8779111724795554,ssp119,1.8781833863720774,0.00027221389252196637,non-CO2,BC,off-road,1.8776437796938463,0.0005396066782310527,0.0002673927857090863,1.0
2083.0,ssp119_BC_on-road_striving,1.8774839947950828,ssp119,1.8781833863720774,0.0006993915769946124,non-CO2,BC,on-road,1.876970080656839,0.0012133057152383664,0.000513914138243754,1.0
2083.0,ssp119_CH4_Marine_striving,1.877867490677837,ssp119,1.8781833863720774,0.0003158956942403979,non-CO2,CH4,Marine,1.8772830040408195,0.0009003823312578874,0.0005844866370174895,1.0
2083.0,ssp119_CH4_off-road_striving,1.877421414690131,ssp119,1.8781833863720774,0.0007619716819464717,non-CO2,CH4,off-road,1.8762960598167897,0.0018873265552876717,0.0011253548733412,1.0
2083.0,ssp119_CH4_on-road_striving,1.8759411447943521,ssp119,1.8781833863720774,0.0022422415777252347,non-CO2,CH4,on-road,1.8735872540435117,0.004596132328565705,0.0023538907508404705,1.0
2083.0,ssp119_CO2 FFI_Marine_striving,1.8650667435854325,ssp119,1.8781833863720774,0.013116642786644928,CO2,CO2 FFI,Marine,1.8562483291933694,0.02193505717870803,0.0088184143920631,1.0
2083.0,ssp119_CO2 FFI_off-road_striving,1.8676875957491152,ssp119,1.8781833863720774,0.010495790622962131,CO2,CO2 FFI,off-road,1.8467135250571831,0.031469861314894265,0.020974070691932134,1.0
2083.0,ssp119_CO2 FFI_on-road_striving,1.789980071877201,ssp119,1.8781833863720774,0.0882033144948764,CO2,CO2 FFI,on-road,1.70477897862809,0.17340440774398735,0.08520109324911096,1.0
2083.0,ssp119_N2O_Marine_striving,1.878245494276051,ssp119,1.8781833863720774,-6.21079039735406e-05,non-CO2,N2O,Marine,1.8778103287746484,0.00037305759742900513,0.00043516550140254573,1.0
2083.0,ssp119_N2O_off-road_striving,1.8781631595444073,ssp119,1.8781833863720774,2.022682767011119e-05,non-CO2,N2O,off-road,1.8781254023976506,5.79839744268007e-05,3.775714675668951e-05,1.0
2083.0,ssp119_N2O_on-road_striving,1.877652866987966,ssp119,1.8781833863720774,0.0005305193841114164,non-CO2,N2O,on-road,1.8771917786048633,0.0009916077672140755,0.0004610883831026591,1.0
2083.0,ssp119_Sulfur_Marine_striving,1.8785796221967146,ssp119,1.8781833863720774,-0.0003962358246372144,non-CO2,Sulfur,Marine,1.879132332095807,-0.0009489457237297216,-0.0005527098990925072,1.0
2083.0,ssp119_striving,1.7582976814485025,ssp119,1.8781833863720774,0.11988570492357487,,,Other,,,,1.0
2083.0,ssp119_zero_tra,1.6104138855158596,ssp119,1.8781833863720774,0.26776950085621776,,,Other,,,,1.0
2084.0,ssp119,1.8637882668563825,ssp119,1.8637882668563825,0.0,,,Other,,,,1.0
2084.0,ssp119_BC_Marine_striving,1.8636441825663914,ssp119,1.8637882668563825,0.000144084289991131,non-CO2,BC,Marine,1.8635814577918164,0.00020680906456616022,6.272477457502923e-05,1.0
2084.0,ssp119_BC_off-road_striving,1.8635210688670978,ssp119,1.8637882668563825,0.000267197989284762,non-CO2,BC,off-road,1.8632564782725123,0.000531788583870263,0.00026459059458550094,1.0
2084.0,ssp119_BC_on-road_striving,1.8631012825603175,ssp119,1.8637882668563825,0.000686984296065063,non-CO2,BC,on-road,1.8625922968970205,0.0011959699593619977,0.0005089856632969347,1.0
2084.0,ssp119_CH4_Marine_striving,1.8634870963433765,ssp119,1.8637882668563825,0.0003011705130060438,non-CO2,CH4,Marine,1.8629251933991686,0.0008630734572139254,0.0005619029442078816,1.0
2084.0,ssp119_CH4_off-road_striving,1.8630605490141239,ssp119,1.8637882668563825,0.0007277178422586683,non-CO2,CH4,off-road,1.8619756614908058,0.0018126053655767027,0.0010848875233180344,1.0
2084.0,ssp119_CH4_on-road_striving,1.8616459090052677,ssp119,1.8637882668563825,0.002142357851114829,non-CO2,CH4,on-road,1.859376125767039,0.004412141089343624,0.0022697832382287952,1.0
2084.0,ssp119_CO2 FFI_Marine_striving,1.8506699980271755,ssp119,1.8637882668563825,0.01311826882920708,CO2,CO2 FFI,Marine,1.841847445384758,0.021940821471624572,0.008822552642417492,1.0
2084.0,ssp119_CO2 FFI_off-road_striving,1.8532913697771165,ssp119,1.8637882668563825,0.010496897079266043,CO2,CO2 FFI,off-road,1.8323106572350816,0.03147760962130097,0.02098071254203493,1.0
2084.0,ssp119_CO2 FFI_on-road_striving,1.7755896144677104,ssp119,1.8637882668563825,0.0881986523886722,CO2,CO2 FFI,on-road,1.6903877808867325,0.17340048596965008,0.08520183358097788,1.0
2084.0,ssp119_N2O_Marine_striving,1.863849963655346,ssp119,1.8637882668563825,-6.169679896350644e-05,non-CO2,N2O,Marine,1.8634176302066572,0.00037063664972536436,0.0004323334486888708,1.0
2084.0,ssp119_N2O_off-road_striving,1.863768172217973,ssp119,1.8637882668563825,2.0094638409462462e-05,non-CO2,N2O,off-road,1.8637306589923186,5.760786406394658e-05,3.751322565448412e-05,1.0
2084.0,ssp119_N2O_on-road_striving,1.8632612140834373,ssp119,1.8637882668563825,0.0005270527729452912,non-CO2,N2O,on-road,1.8628030871175953,0.0009851797387872008,0.0004581269658419096,1.0
2084.0,ssp119_Sulfur_Marine_striving,1.8641783456702419,ssp119,1.8637882668563825,-0.0003900788138593292,non-CO2,Sulfur,Marine,1.864726021709686,-0.0009377548533033853,-0.0005476760394440561,1.0
2084.0,ssp119_striving,1.7441430904738344,ssp119,1.8637882668563825,0.11964517638254812,,,Other,,,,1.0
2084.0,ssp119_zero_tra,1.5964878918510146,ssp119,1.8637882668563825,0.26730037500536796,,,Other,,,,1.0
2085.0,ssp119,1.8417354334815728,ssp119,1.8417354334815728,0.0,,,Other,,,,1.0
2085.0,ssp119_BC_Marine_striving,1.8415936474245815,ssp119,1.8417354334815728,0.00014178605699122215,non-CO2,BC,Marine,1.8415314819067399,0.0002039515748328835,6.216551784166136e-05,1.0
2085.0,ssp119_BC_off-road_striving,1.8414728767802222,ssp119,1.8417354334815728,0.0002625567013505581,non-CO2,BC,off-road,1.8412109554111327,0.0005244780704400931,0.000261921369089535,1.0
2085.0,ssp119_BC_on-road_striving,1.8410599478007263,ssp119,1.8417354334815728,0.0006754856808464105,non-CO2,BC,on-road,1.840555681499131,0.0011797519824416902,0.0005042663015952797,1.0
2085.0,ssp119_CH4_Marine_striving,1.8414480431604325,ssp119,1.8417354334815728,0.000287390321140224,non-CO2,CH4,Marine,1.8409072728008355,0.000828160680737211,0.000540770359596987,1.0
2085.0,ssp119_CH4_off-road_striving,1.841039760808206,ssp119,1.8417354334815728,0.0006956726733666763,non-CO2,CH4,off-road,1.8399927525827615,0.001742680898811244,0.0010470082254445678,1.0
2085.0,ssp119_CH4_on-road_striving,1.8396865083116842,ssp119,1.8417354334815728,0.002048925169888527,non-CO2,CH4,on-road,1.8374954443934761,0.004239989088096641,0.0021910639182081137,1.0
2085.0,ssp119_CO2 FFI_Marine_striving,1.8286155336030239,ssp119,1.8417354334815728,0.01311989987854889,CO2,CO2 FFI,Marine,1.8197888095641963,0.02194662391737645,0.00882672403882756,1.0
2085.0,ssp119_CO2 FFI_off-road_striving,1.831237438101618,ssp119,1.8417354334815728,0.010497995379954661,CO2,CO2 FFI,off-road,1.810250012340426,0.03148542114114683,0.02098742576119217,1.0
2085.0,ssp119_CO2 FFI_on-road_striving,1.7535411912872458,ssp119,1.8417354334815728,0.08819424219432692,CO2,CO2 FFI,on-road,1.6683375009681725,0.1733979325134003,0.08520369031907338,1.0
2085.0,ssp119_N2O_Marine_striving,1.8417967194239637,ssp119,1.8417354334815728,-6.128594239096508e-05,non-CO2,N2O,Marine,1.8413672186988566,0.000368214782716203,0.0004295007251071681,1.0
2085.0,ssp119_N2O_off-road_striving,1.8417154711274764,ssp119,1.8417354334815728,1.9962354096403345e-05,non-CO2,N2O,off-road,1.8416782016382738,5.7231843298977125e-05,3.726948920257378e-05,1.0
2085.0,ssp119_N2O_on-road_striving,1.8412118490825742,ssp119,1.8417354334815728,0.0005235843989985778,non-CO2,N2O,on-road,1.8407566803802489,0.0009787531013238926,0.0004551687023253148,1.0
2085.0,ssp119_Sulfur_Marine_striving,1.8421197700495742,ssp119,1.8417354334815728,-0.0003843365680014088,non-CO2,Sulfur,Marine,1.8426626049183974,-0.0009271714368246364,-0.0005428348688232276,1.0
2085.0,ssp119_striving,1.7223152643006205,ssp119,1.8417354334815728,0.11942016918095222,,,Other,,,,1.0
2085.0,ssp119_zero_tra,1.5748741204346708,ssp119,1.8417354334815728,0.26686131304690197,,,Other,,,,1.0
2086.0,ssp119,1.8405463951570034,ssp119,1.8405463951570034,0.0,,,Other,,,,1.0
2086.0,ssp119_BC_Marine_striving,1.8404067514694153,ssp119,1.8405463951570034,0.00013964368758800916,non-CO2,BC,Marine,1.8403451247975857,0.00020127035941763793,6.162667182962878e-05,1.0
2086.0,ssp119_BC_off-road_striving,1.840288147782968,ssp119,1.8405463951570034,0.0002582473740353475,non-CO2,BC,off-road,1.8400287770573887,0.0005176180996147028,0.00025937072557935537,1.0
2086.0,ssp119_BC_on-road_striving,1.8398816026973437,ssp119,1.8405463951570034,0.0006647924596596688,non-CO2,BC,on-road,1.8393818691128665,0.00116452604413686,0.0004997335844771911,1.0
2086.0,ssp119_CH4_Marine_striving,1.8402718918769567,ssp119,1.8405463951570034,0.00027450328004663405,non-CO2,CH4,Marine,1.8397508904620048,0.0007955046949985611,0.0005210014149519271,1.0
2086.0,ssp119_CH4_off-road_striving,1.8398806840329365,ssp119,1.8405463951570034,0.0006657111240668812,non-CO2,CH4,off-road,1.8388691267949462,0.0016772683620571716,0.0010115572379902904,1.0
2086.0,ssp119_CH4_on-road_striving,1.8385848200640784,ssp119,1.8405463951570034,0.0019615750929249387,non-CO2,CH4,on-road,1.8364674221769055,0.00407897298009785,0.0021173978871729116,1.0
2086.0,ssp119_CO2 FFI_Marine_striving,1.8274249890578707,ssp119,1.8405463951570034,0.013121406099132704,CO2,CO2 FFI,Marine,1.8185941432017145,0.021952251955288826,0.008830845856156122,1.0
2086.0,ssp119_CO2 FFI_off-road_striving,1.8300474129259068,ssp119,1.8405463951570034,0.010498982231096576,CO2,CO2 FFI,off-road,1.809053405136822,0.031492990020181466,0.02099400778908489,1.0
2086.0,ssp119_CO2 FFI_on-road_striving,1.7523572074380986,ssp119,1.8405463951570034,0.08818918771890472,CO2,CO2 FFI,on-road,1.6671514239726528,0.17339497118435054,0.08520578346544583,1.0
2086.0,ssp119_N2O_Marine_striving,1.8406072705963659,ssp119,1.8405463951570034,-6.087543936250661e-05,non-CO2,N2O,Marine,1.840180602529171,0.0003657926278324286,0.0004266680671949352,1.0
2086.0,ssp119_N2O_off-road_striving,1.8405265651369964,ssp119,1.8405463951570034,1.983002000693901e-05,non-CO2,N2O,off-road,1.8404895392030725,5.685595393090104e-05,3.702593392396203e-05,1.0
2086.0,ssp119_N2O_on-road_striving,1.8400262796390745,ssp119,1.8405463951570034,0.0005201155179288541,non-CO2,N2O,on-road,1.8395740665158364,0.0009723286411669196,0.0004522131232380655,1.0
2086.0,ssp119_Sulfur_Marine_striving,1.8409253576566196,ssp119,1.8405463951570034,-0.00037896249961621997,non-CO2,Sulfur,Marine,1.8414635237329615,-0.0009171285759581593,-0.0005381660763419394,1.0
2086.0,ssp119_striving,1.721338014129625,ssp119,1.8405463951570034,0.1192083810273783,,,Other,,,,1.0
2086.0,ssp119_zero_tra,1.5740986453985555,ssp119,1.8405463951570034,0.26644774975844787,,,Other,,,,1.0
2087.0,ssp119,1.8336350089193638,ssp119,1.8336350089193638,0.0,,,Other,,,,1.0
2087.0,ssp119_BC_Marine_striving,1.8334973675612793,ssp119,1.8336350089193638,0.00013764135808447264,non-CO2,BC,Marine,1.8334362607372434,0.00019874818212040068,6.110682403592804e-05,1.0
2087.0,ssp119_BC_off-road_striving,1.8333807733850322,ssp119,1.8336350089193638,0.00025423553433157053,non-CO2,BC,off-road,1.8331238443383489,0.0005111645810149668,0.0002569290466833962,1.0
2087.0,ssp119_BC_on-road_striving,1.8329801872650708,ssp119,1.8336350089193638,0.0006548216542929808,non-CO2,BC,on-road,1.8324848136978766,0.0011501952214871825,0.0004953735671942017,1.0
2087.0,ssp119_CH4_Marine_striving,1.8333725524357556,ssp119,1.8336350089193638,0.00026245648360823104,non-CO2,CH4,Marine,1.8328700418005004,0.0007649671188634244,0.0005025106352551933,1.0
2087.0,ssp119_CH4_off-road_striving,1.832997301799289,ssp119,1.8336350089193638,0.0006377071200747153,non-CO2,CH4,off-road,1.8320189212521227,0.001616087667241084,0.0009783805471663687,1.0
2087.0,ssp119_CH4_on-road_striving,1.8317550715987743,ssp119,1.8336350089193638,0.001879937320589553,non-CO2,CH4,on-road,1.8297066086220433,0.003928400297320556,0.0020484629767310025,1.0
2087.0,ssp119_CO2 FFI_Marine_striving,1.8205121010891356,ssp119,1.8336350089193638,0.013122907830228181,CO2,CO2 FFI,Marine,1.8116771285559181,0.021957880363445703,0.008834972533217522,1.0
2087.0,ssp119_CO2 FFI_off-road_striving,1.8231350514626576,ssp119,1.8336350089193638,0.010499957456706177,CO2,CO2 FFI,off-road,1.802134440977387,0.031500567941976865,0.021000610485270688,1.0
2087.0,ssp119_CO2 FFI_on-road_striving,1.745450667699862,ssp119,1.8336350089193638,0.0881843412195018,CO2,CO2 FFI,on-road,1.6602419455049804,0.17339306341438343,0.08520872219488163,1.0
2087.0,ssp119_N2O_Marine_striving,1.8336954743480176,ssp119,1.8336350089193638,-6.046542865378868e-05,non-CO2,N2O,Marine,1.833271637774004,0.000363371145359892,0.0004238365740136807,1.0
2087.0,ssp119_N2O_off-road_striving,1.83361531122062,ssp119,1.8336350089193638,1.9697698743881276e-05,non-CO2,N2O,off-road,1.833578528609276,5.648031008775867e-05,3.678261134387739e-05,1.0
2087.0,ssp119_N2O_on-road_striving,1.8331183612598316,ssp119,1.8336350089193638,0.0005166476595321878,non-CO2,N2O,on-road,1.8326691005999214,0.0009659083194424323,0.00044926065991024444,1.0
2087.0,ssp119_Sulfur_Marine_striving,1.8340089290526014,ssp119,1.8336350089193638,-0.0003739201332375597,non-CO2,Sulfur,Marine,1.834542587162569,-0.0009075782432050872,-0.0005336581099675275,1.0
2087.0,ssp119_striving,1.714625145386865,ssp119,1.8336350089193638,0.11900986353249876,,,Other,,,,1.0
2087.0,ssp119_zero_tra,1.5675748652767922,ssp119,1.8336350089193638,0.2660601436425716,,,Other,,,,1.0
2088.0,ssp119,1.8106685381277012,ssp119,1.8106685381277012,0.0,,,Other,,,,1.0
2088.0,ssp119_BC_Marine_striving,1.810532774009589,ssp119,1.8106685381277012,0.0001357641181123359,non-CO2,BC,Marine,1.8104721697632735,0.00019636836442771255,6.060424631537664e-05,1.0
2088.0,ssp119_BC_off-road_striving,1.8104180490958557,ssp119,1.8106685381277012,0.0002504890318455466,non-CO2,BC,off-road,1.8101634633134103,0.0005050748142909622,0.00025458578244541563,1.0
2088.0,ssp119_BC_on-road_striving,1.810023042632216,ssp119,1.8106685381277012,0.0006454954954853154,non-CO2,BC,on-road,1.8095318726651182,0.0011366654625830641,0.0004911699670977487,1.0
2088.0,ssp119_CH4_Marine_striving,1.8104173377262065,ssp119,1.8106685381277012,0.00025120040149473333,non-CO2,CH4,Marine,1.8099321201118517,0.0007364180158495603,0.000485217614354827,1.0
2088.0,ssp119_CH4_off-road_striving,1.8100569954539534,ssp119,1.8106685381277012,0.0006115426737478558,non-CO2,CH4,off-road,1.8091096627051415,0.0015588754225597246,0.0009473327488118688,1.0
2088.0,ssp119_CH4_on-road_striving,1.8088648727982546,ssp119,1.8106685381277012,0.0018036653294466465,non-CO2,CH4,on-road,1.8068809177694438,0.0037876203582574153,0.001983955028810769,1.0
2088.0,ssp119_CO2 FFI_Marine_striving,1.797544177682844,ssp119,1.8106685381277012,0.013124360444857208,CO2,CO2 FFI,Marine,1.7887051092396815,0.02196342888801972,0.008839068443162512,1.0
2088.0,ssp119_CO2 FFI_off-road_striving,1.8001676514523066,ssp119,1.8106685381277012,0.010500886675394616,CO2,CO2 FFI,off-road,1.7791604987803296,0.031508039347371675,0.02100715267197706,1.0
2088.0,ssp119_CO2 FFI_on-road_striving,1.7224891399159938,ssp119,1.8106685381277012,0.0881793982117074,CO2,CO2 FFI,on-road,1.6372770158249874,0.17339152230271382,0.08521212409100642,1.0
2088.0,ssp119_N2O_Marine_striving,1.8107285941075117,ssp119,1.8106685381277012,-6.0055979810513804e-05,non-CO2,N2O,Marine,1.8103075872617849,0.00036095086591636516,0.00042100684572687896,1.0
2088.0,ssp119_N2O_off-road_striving,1.8106489726947366,ssp119,1.8106685381277012,1.9565432964663287e-05,non-CO2,N2O,off-road,1.8106124331631699,5.610496453134495e-05,3.653953156668166e-05,1.0
2088.0,ssp119_N2O_on-road_striving,1.8101553563541581,ssp119,1.8106685381277012,0.0005131817735430921,non-CO2,N2O,on-road,1.8097090451582882,0.0009594929694130006,0.0004463111958699084,1.0
2088.0,ssp119_Sulfur_Marine_striving,1.8110377126387334,ssp119,1.8106685381277012,-0.00036917451103213317,non-CO2,Sulfur,Marine,1.811567009058915,-0.0008984709312138683,-0.0005292964201817352,1.0
2088.0,ssp119_striving,1.6918452871588716,ssp119,1.8106685381277012,0.11882325096882962,,,Other,,,,1.0
2088.0,ssp119_zero_tra,1.5449727380982883,ssp119,1.8106685381277012,0.26569580002941295,,,Other,,,,1.0
2089.0,ssp119,1.8235048171502488,ssp119,1.8235048171502488,0.0,,,Other,,,,1.0
2089.0,ssp119_BC_Marine_striving,1.823370818103214,ssp119,1.8235048171502488,0.00013399904703481624,non-CO2,BC,Marine,1.8233107005364533,0.00019411661379553635,6.011756676072011e-05,1.0
2089.0,ssp119_BC_off-road_striving,1.8232578371785249,ssp119,1.8235048171502488,0.0002469799717239596,non-CO2,BC,off-road,1.823005504896556,0.0004993122536927075,0.0002523322819687479,1.0
2089.0,ssp119_BC_on-road_striving,1.82286807052553,ssp119,1.8235048171502488,0.0006367466247187981,non-CO2,BC,on-road,1.8223809607695813,0.0011238563806674762,0.0004871097559486781,1.0
2089.0,ssp119_CH4_Marine_striving,1.8232641301455086,ssp119,1.8235048171502488,0.00024068700474022542,non-CO2,CH4,Marine,1.8227950844849161,0.0007097326653326963,0.0004690456605924709,1.0
2089.0,ssp119_CH4_off-road_striving,1.822917713210162,ssp119,1.8235048171502488,0.0005871039400868749,non-CO2,CH4,off-road,1.8219994373734982,0.0015053797767505817,0.0009182758366637067,1.0
2089.0,ssp119_CH4_on-road_striving,1.8217723919185578,ssp119,1.8235048171502488,0.0017324252316910371,non-CO2,CH4,on-road,1.8198488062590907,0.003656010891158079,0.001923585659467042,1.0
2089.0,ssp119_CO2 FFI_Marine_striving,1.8103790791875853,ssp119,1.8235048171502488,0.013125737962663475,CO2,CO2 FFI,Marine,1.8015359670396196,0.021968850110629212,0.008843112147965737,1.0
2089.0,ssp119_CO2 FFI_off-road_striving,1.813003067006041,ssp119,1.8235048171502488,0.010501750144207733,CO2,CO2 FFI,off-road,1.7919894806160304,0.03151533653421845,0.02101358639001072,1.0
2089.0,ssp119_CO2 FFI_on-road_striving,1.7353306212380508,ssp119,1.8235048171502488,0.088174195912198,CO2,CO2 FFI,on-road,1.6501148200180746,0.17338999713217418,0.08521580121997618,1.0
2089.0,ssp119_N2O_Marine_striving,1.8235644642934816,ssp119,1.8235048171502488,-5.964714323281051e-05,non-CO2,N2O,Marine,1.8231462849544249,0.00035853219582393514,0.00041817933905674565,1.0
2089.0,ssp119_N2O_off-road_striving,1.8234853838943186,ssp119,1.8235048171502488,1.9433255930234594e-05,non-CO2,N2O,off-road,1.8234490871990416,5.5729951207172945e-05,3.629669527693835e-05,1.0
2089.0,ssp119_N2O_on-road_striving,1.8229950985788468,ssp119,1.8235048171502488,0.0005097185714020291,non-CO2,N2O,on-road,1.8225517339386401,0.0009530832116086962,0.0004433646402066671,1.0
2089.0,ssp119_Sulfur_Marine_striving,1.8238695126488809,ssp119,1.8235048171502488,-0.00036469549863205053,non-CO2,Sulfur,Marine,1.8243945822256606,-0.0008897650754118303,-0.0005250695767797797,1.0
2089.0,ssp119_striving,1.7048573698461307,ssp119,1.8235048171502488,0.11864744730411814,,,Other,,,,1.0
2089.0,ssp119_zero_tra,1.55815210688912,ssp119,1.8235048171502488,0.26535271026112883,,,Other,,,,1.0
2090.0,ssp119,1.8177380216157002,ssp119,1.8177380216157002,0.0,,,Other,,,,1.0
2090.0,ssp119_BC_Marine_striving,1.8176056857751837,ssp119,1.8177380216157002,0.0001323358405165287,non-CO2,BC,Marine,1.8175460397554675,0.00019198186023272612,5.964601971619743e-05,1.0
2090.0,ssp119_BC_off-road_striving,1.817494335797116,ssp119,1.8177380216157002,0.0002436858185841384,non-CO2,BC,off-road,1.8172441729922575,0.0004938486234427053,0.0002501628048585669,1.0
2090.0,ssp119_BC_on-road_striving,1.8171095007011342,ssp119,1.8177380216157002,0.0006285209145659998,non-CO2,BC,on-road,1.816626315670137,0.0011117059455632017,0.0004831850309972019,1.0
2090.0,ssp119_CH4_Marine_striving,1.817507152345074,ssp119,1.8177380216157002,0.00023086927062609952,non-CO2,CH4,Marine,1.8170532305855696,0.0006847910301306381,0.0004539217595045386,1.0
2090.0,ssp119_CH4_off-road_striving,1.8171737413152473,ssp119,1.8177380216157002,0.0005642803004528574,non-CO2,CH4,off-road,1.8162826616873906,0.0014553599283095853,0.0008910796278567279,1.0
2090.0,ssp119_CH4_on-road_striving,1.816072128349448,ssp119,1.8177380216157002,0.0016658932662521053,non-CO2,CH4,on-road,1.8142050451080707,0.003532976507629515,0.0018670832413774097,1.0
2090.0,ssp119_CO2 FFI_Marine_striving,1.804610825711218,ssp119,1.8177380216157002,0.013127195904482303,CO2,CO2 FFI,Marine,1.7957636422118046,0.021974379403895572,0.00884718349941327,1.0
2090.0,ssp119_CO2 FFI_off-road_striving,1.8072353463445552,ssp119,1.8177380216157002,0.010502675271145012,CO2,CO2 FFI,off-road,1.786215223360259,0.03152279825544113,0.02102012298429612,1.0
2090.0,ssp119_CO2 FFI_on-road_striving,1.7295681978303508,ssp119,1.8177380216157002,0.08816982378534943,CO2,CO2 FFI,on-road,1.6443475846739832,0.17339043694171696,0.08522061315636753,1.0
2090.0,ssp119_N2O_Marine_striving,1.817797260653774,ssp119,1.8177380216157002,-5.923903807381059e-05,non-CO2,N2O,Marine,1.817381905612977,0.00035611600272322796,0.00041535504079703855,1.0
2090.0,ssp119_N2O_off-road_striving,1.8177187204029972,ssp119,1.8177380216157002,1.9301212702993453e-05,non-CO2,N2O,off-road,1.8176826662298493,5.535538585088595e-05,3.60541731478925e-05,1.0
2090.0,ssp119_N2O_on-road_striving,1.8172317623063223,ssp119,1.8177380216157002,0.0005062593093778656,non-CO2,N2O,on-road,1.816791340536074,0.0009466810796261438,0.0004404217702482782,1.0
2090.0,ssp119_Sulfur_Marine_striving,1.8180984811456862,ssp119,1.8177380216157002,-0.0003604595299859792,non-CO2,Sulfur,Marine,1.8186194525577108,-0.0008814309420106525,-0.0005209714120246733,1.0
2090.0,ssp119_striving,1.6992549785935198,ssp119,1.8177380216157002,0.11848304302218038,,,Other,,,,1.0
2090.0,ssp119_zero_tra,1.55270562992866,ssp119,1.8177380216157002,0.2650323916870403,,,Other,,,,1.0
2091.0,ssp119,1.8463108613053176,ssp119,1.8463108613053176,0.0,,,Other,,,,1.0
2091.0,ssp119_BC_Marine_striving,1.8461800970635784,ssp119,1.8463108613053176,0.00013076424173918966,non-CO2,BC,Marine,1.8461209087177886,0.00018995258752907418,5.918834578988452e-05,1.0
2091.0,ssp119_BC_off-road_striving,1.8460702767240733,ssp119,1.8463108613053176,0.00024058458124431858,non-CO2,BC,off-road,1.8458222068558034,0.0004886544495141809,0.0002480698682698623,1.0
2091.0,ssp119_BC_on-road_striving,1.8456900962004816,ssp119,1.8463108613053176,0.0006207651048359963,non-CO2,BC,on-road,1.8452107120651713,0.001100149240146342,0.0004793841353103456,1.0
2091.0,ssp119_CH4_Marine_striving,1.8460891575961185,ssp119,1.8463108613053176,0.00022170370919916138,non-CO2,CH4,Marine,1.8456493801697489,0.0006614811355687422,0.00043977742636958084,1.0
2091.0,ssp119_CH4_off-road_striving,1.8457678920781693,ssp119,1.8463108613053176,0.0005429692271483599,non-CO2,CH4,off-road,1.844902270866842,0.001408590438475521,0.0008656212113271611,1.0
2091.0,ssp119_CH4_on-road_striving,1.8447070921284323,ssp119,1.8463108613053176,0.0016037691768853168,non-CO2,CH4,on-road,1.8428929008676067,0.0034179604377109207,0.0018141912608256039,1.0
2091.0,ssp119_CO2 FFI_Marine_striving,1.8331821847742371,ssp119,1.8463108613053176,0.013128676531080519,CO2,CO2 FFI,Marine,1.8243309414101683,0.021979919895149358,0.00885124336406884,1.0
2091.0,ssp119_CO2 FFI_off-road_striving,1.835807244872952,ssp119,1.8463108613053176,0.010503616432365526,CO2,CO2 FFI,off-road,1.8147805762927962,0.03153028501252142,0.021026668580155894,1.0
2091.0,ssp119_CO2 FFI_on-road_striving,1.758144979173324,ssp119,1.8463108613053176,0.08816588213199372,CO2,CO2 FFI,on-road,1.6729188453430257,0.17339201596229192,0.0852261338302982,1.0
2091.0,ssp119_N2O_Marine_striving,1.8463696929976907,ssp119,1.8463108613053176,-5.883169237308472e-05,non-CO2,N2O,Marine,1.8459571587132022,0.00035370259211542354,0.00041253428448850826,1.0
2091.0,ssp119_N2O_off-road_striving,1.846291691971681,ssp119,1.8463108613053176,1.9169333636659402e-05,non-CO2,N2O,off-road,1.8462558800094515,5.4981295866118884e-05,3.581196222945948e-05,1.0
2091.0,ssp119_N2O_on-road_striving,1.8458080568059465,ssp119,1.8463108613053176,0.0005028044993711234,non-CO2,N2O,on-road,1.8453705742640798,0.0009402870412378306,0.0004374825418667072,1.0
2091.0,ssp119_Sulfur_Marine_striving,1.846667303788591,ssp119,1.8463108613053176,-0.00035644248327337813,non-CO2,Sulfur,Marine,1.8471842951541346,-0.0008734338488169957,-0.0005169913655436176,1.0
2091.0,ssp119_striving,1.7279820993882187,ssp119,1.8463108613053176,0.11832876191709896,,,Other,,,,1.0
2091.0,ssp119_zero_tra,1.581578605393716,ssp119,1.8463108613053176,0.26473225591160165,,,Other,,,,1.0
2092.0,ssp119,1.8289096975371752,ssp119,1.8289096975371752,0.0,,,Other,,,,1.0
2092.0,ssp119_BC_Marine_striving,1.8287804207109004,ssp119,1.8289096975371752,0.00012927682627483783,non-CO2,BC,Marine,1.8287216765082706,0.00018802102890469463,5.87442026298568e-05,1.0
2092.0,ssp119_BC_off-road_striving,1.8286720377052708,ssp119,1.8289096975371752,0.00023765983190449091,non-CO2,BC,off-road,1.8284259876392128,0.00048370989796242547,0.00024605006605793456,1.0
2092.0,ssp119_BC_on-road_striving,1.8282962576185027,ssp119,1.8289096975371752,0.0006134399186725759,non-CO2,BC,on-road,1.8278205546511628,0.001089142886012473,0.00047570296733989714,1.0
2092.0,ssp119_CH4_Marine_striving,1.828696550203377,ssp119,1.8289096975371752,0.00021314733379829143,non-CO2,CH4,Marine,1.8282700026863195,0.0006396948508557987,0.00042654751705750726,1.0
2092.0,ssp119_CH4_off-road_striving,1.828386627224858,ssp119,1.8289096975371752,0.000523070312317353,non-CO2,CH4,off-road,1.8275448419189413,0.0013648556182339622,0.0008417853059166092,1.0
2092.0,ssp119_CH4_on-road_striving,1.827363937884172,ssp119,1.8289096975371752,0.001545759653003298,non-CO2,CH4,on-road,1.8255992682867306,0.0033104292504446686,0.0017646695974413706,1.0
2092.0,ssp119_CO2 FFI_Marine_striving,1.8157793134549518,ssp119,1.8289096975371752,0.013130384082223445,CO2,CO2 FFI,Marine,1.806923911116093,0.021985786421082176,0.008855402338858731,1.0
2092.0,ssp119_CO2 FFI_off-road_striving,1.8184049574386356,ssp119,1.8289096975371752,0.010504740098539633,CO2,CO2 FFI,off-road,1.797371447896287,0.03153824964088825,0.021033509542348616,1.0
2092.0,ssp119_CO2 FFI_on-road_striving,1.7407459067304354,ssp119,1.8289096975371752,0.08816379080673986,CO2,CO2 FFI,on-road,1.6555123798850921,0.1733973176520831,0.08523352684534324,1.0
2092.0,ssp119_N2O_Marine_striving,1.8289681227668135,ssp119,1.8289096975371752,-5.842522963828145e-05,non-CO2,N2O,Marine,1.8285584045814978,0.00035129295567748464,0.0004097181853157661,1.0
2092.0,ssp119_N2O_off-road_striving,1.828890659867479,ssp119,1.8289096975371752,1.9037669696242432e-05,non-CO2,N2O,off-road,1.8288550897051061,5.460783206912012e-05,3.557016237287769e-05,1.0
2092.0,ssp119_N2O_on-road_striving,1.8284103420494064,ssp119,1.8289096975371752,0.0004993554877688045,non-CO2,N2O,on-road,1.8279757939499217,0.0009339035872535373,0.00043454809948473283,1.0
2092.0,ssp119_Sulfur_Marine_striving,1.8292623251173916,ssp119,1.8289096975371752,-0.0003526275802163692,non-CO2,Sulfur,Marine,1.8297754519345246,-0.000865754397349372,-0.0005131268171330028,1.0
2092.0,ssp119_striving,1.710723951543404,ssp119,1.8289096975371752,0.11818574599377119,,,Other,,,,1.0
2092.0,ssp119_zero_tra,1.5644547504244715,ssp119,1.8289096975371752,0.2644549471127038,,,Other,,,,1.0
2093.0,ssp119,1.8322540825548683,ssp119,1.8322540825548683,0.0,,,Other,,,,1.0
2093.0,ssp119_BC_Marine_striving,1.8321262178545001,ssp119,1.8322540825548683,0.00012786470036818542,non-CO2,BC,Marine,1.8320679056602016,0.00018617689466671195,5.831219429852652e-05,1.0
2093.0,ssp119_BC_off-road_striving,1.8320191897204616,ssp119,1.8322540825548683,0.00023489283440669695,non-CO2,BC,off-road,1.8317750939074777,0.0004789886473905991,0.00024409581298390215,1.0
2093.0,ssp119_BC_on-road_striving,1.8316475828653624,ssp119,1.8322540825548683,0.0006064996895058794,non-CO2,BC,on-road,1.831175453787434,0.0010786287674342532,0.0004721290779283738,1.0
2093.0,ssp119_CH4_Marine_striving,1.8320489217680098,ssp119,1.8322540825548683,0.0002051607868585048,non-CO2,CH4,Marine,1.8316347516126137,0.0006193309422546367,0.0004141701553961319,1.0
2093.0,ssp119_CH4_off-road_striving,1.8317495915543813,ssp119,1.8322540825548683,0.0005044910004869951,non-CO2,CH4,off-road,1.8309301308846013,0.0013239516702669984,0.0008194606697800033,1.0
2093.0,ssp119_CH4_on-road_striving,1.8307624886780989,ssp119,1.8322540825548683,0.001491593876769448,non-CO2,CH4,on-road,1.8290442024500873,0.003209880104781071,0.001718286228011623,1.0
2093.0,ssp119_CO2 FFI_Marine_striving,1.819121906415541,ssp119,1.8322540825548683,0.013132176139327267,CO2,CO2 FFI,Marine,1.8102623355156673,0.021991747039201037,0.00885957089987377,1.0
2093.0,ssp119_CO2 FFI_off-road_striving,1.8217481503692392,ssp119,1.8322540825548683,0.010505932185629119,CO2,CO2 FFI,off-road,1.800707724674738,0.03154635788013027,0.021040425694501153,1.0
2093.0,ssp119_CO2 FFI_on-road_striving,1.7440915302993285,ssp119,1.8322540825548683,0.08816255225553982,CO2,CO2 FFI,on-road,1.6588497221204015,0.17340436043446683,0.08524180817892701,1.0
2093.0,ssp119_N2O_Marine_striving,1.8323121021872093,ssp119,1.8322540825548683,-5.801963234097762e-05,non-CO2,N2O,Marine,1.8319051955632832,0.0003488869915850845,0.00040690662392606214,1.0
2093.0,ssp119_N2O_off-road_striving,1.8322351763340945,ssp119,1.8322540825548683,1.8906220773828863e-05,non-CO2,N2O,off-road,1.8321998475890242,5.423496584411325e-05,3.5328745070284384e-05,1.0
2093.0,ssp119_N2O_on-road_striving,1.8317581703147139,ssp119,1.8322540825548683,0.0004959122401544391,non-CO2,N2O,on-road,1.8313265523606252,0.0009275301942430758,0.0004316179540886367,1.0
2093.0,ssp119_Sulfur_Marine_striving,1.8326030761211038,ssp119,1.8322540825548683,-0.0003489935662355226,non-CO2,Sulfur,Marine,1.8331124419791365,-0.0008583594242681514,-0.0005093658580326288,1.0
2093.0,ssp119_striving,1.7142020436757859,ssp119,1.8322540825548683,0.11805203887908244,,,Other,,,,1.0
2093.0,ssp119_zero_tra,1.5680578219014567,ssp119,1.8322540825548683,0.2641962606534116,,,Other,,,,1.0
2094.0,ssp119,1.8210456648809794,ssp119,1.8210456648809794,0.0,,,Other,,,,1.0
2094.0,ssp119_BC_Marine_striving,1.8209191442769819,ssp119,1.8210456648809794,0.0001265206039975375,non-CO2,BC,Marine,1.8208612528786579,0.00018441200232155452,5.789139832401702e-05,1.0
2094.0,ssp119_BC_off-road_striving,1.8208133967868443,ssp119,1.8210456648809794,0.00023226809413512406,non-CO2,BC,off-road,1.82057119509881,0.0004744697821694732,0.00024220168803434916,1.0
2094.0,ssp119_BC_on-road_striving,1.8204457580265645,ssp119,1.8210456648809794,0.0005999068544149111,non-CO2,BC,on-road,1.819977104006413,0.0010685608745664155,0.00046865402015150437,1.0
2094.0,ssp119_CH4_Marine_striving,1.820847958021408,ssp119,1.8210456648809794,0.00019770685957132272,non-CO2,CH4,Marine,1.8204453700983336,0.0006002947826457827,0.00040258792307446,1.0
2094.0,ssp119_CH4_off-road_striving,1.820558520694449,ssp119,1.8210456648809794,0.00048714418653039715,non-CO2,CH4,off-road,1.8197599759525325,0.0012856889284469375,0.0007985447419165403,1.0
2094.0,ssp119_CH4_on-road_striving,1.8196046476245804,ssp119,1.8210456648809794,0.001441017256399002,non-CO2,CH4,on-road,1.8179298201272107,0.003115844753768693,0.0016748274973696908,1.0
2094.0,ssp119_CO2 FFI_Marine_striving,1.8079116754976343,ssp119,1.8210456648809794,0.01313398938334509,CO2,CO2 FFI,Marine,1.7990479649882731,0.02199769989270628,0.008863710509361189,1.0
2094.0,ssp119_CO2 FFI_off-road_striving,1.8105385229239876,ssp119,1.8210456648809794,0.010507141956991761,CO2,CO2 FFI,off-road,1.7894912013496374,0.03155446353134206,0.021047321574350297,1.0
2094.0,ssp119_CO2 FFI_on-road_striving,1.7328839285548407,ssp119,1.8210456648809794,0.08816173632613866,CO2,CO2 FFI,on-road,1.6476333395432525,0.17341232533772688,0.08525058901158822,1.0
2094.0,ssp119_N2O_Marine_striving,1.8211032797757332,ssp119,1.8210456648809794,-5.76148947537547e-05,non-CO2,N2O,Marine,1.820699180123013,0.0003464847579663921,0.0004040996527201468,1.0
2094.0,ssp119_N2O_off-road_striving,1.8210268898912578,ssp119,1.8210456648809794,1.8774989721581647e-05,non-CO2,N2O,off-road,1.8209918021878073,5.3862693172090914e-05,3.508770345050927e-05,1.0
2094.0,ssp119_N2O_on-road_striving,1.8205531900153613,ssp119,1.8210456648809794,0.0004924748656180977,non-CO2,N2O,on-road,1.820124498046284,0.0009211668346953417,0.00042869196907724394,1.0
2094.0,ssp119_Sulfur_Marine_striving,1.8213911881996578,ssp119,1.8210456648809794,-0.0003455233186784312,non-CO2,Sulfur,Marine,1.8218968889288425,-0.0008512240478630861,-0.0005057007291846549,1.0
2094.0,ssp119_striving,1.7031191730723023,ssp119,1.8210456648809794,0.11792649180867709,,,Other,,,,1.0
2094.0,ssp119_zero_tra,1.5570917438921708,ssp119,1.8210456648809794,0.26395392098880865,,,Other,,,,1.0
2095.0,ssp119,1.8310550986939838,ssp119,1.8310550986939838,0.0,,,Other,,,,1.0
2095.0,ssp119_BC_Marine_striving,1.830929860518702,ssp119,1.8310550986939838,0.00012523817528165004,non-CO2,BC,Marine,1.8308723795076325,0.0001827191863512656,5.748101106961556e-05,1.0
2095.0,ssp119_BC_off-road_striving,1.8308253266599799,ssp119,1.8310550986939838,0.00022977203400387225,non-CO2,BC,off-road,1.8305849637128828,0.00047013498110093366,0.0002403629470970614,1.0
2095.0,ssp119_BC_on-road_striving,1.8304614701951571,ssp119,1.8310550986939838,0.0005936284988266038,non-CO2,BC,on-road,1.8299961998231313,0.0010588988708524205,0.00046527037202581667,1.0
2095.0,ssp119_CH4_Marine_striving,1.8308643483959872,ssp119,1.8310550986939838,0.00019075029799653365,non-CO2,CH4,Marine,1.8304726015564827,0.0005824971375010257,0.00039174683950449207,1.0
2095.0,ssp119_CH4_off-road_striving,1.830584151152294,ssp119,1.8310550986939838,0.00047094754168974795,non-CO2,CH4,off-road,1.8298052098331512,0.0012498888608325487,0.0007789413191428007,1.0
2095.0,ssp119_CH4_on-road_striving,1.829661309347847,ssp119,1.8310550986939838,0.0013937893461366535,non-CO2,CH4,on-road,1.8280272162780233,0.0030278824159604145,0.001634093069823761,1.0
2095.0,ssp119_CO2 FFI_Marine_striving,1.8179192971658633,ssp119,1.8310550986939838,0.013135801528120439,CO2,CO2 FFI,Marine,1.8090514916664782,0.02200360702750559,0.00886780549938515,1.0
2095.0,ssp119_CO2 FFI_off-road_striving,1.8205467467352228,ssp119,1.8310550986939838,0.010508351958760986,CO2,CO2 FFI,off-road,1.7994925865734315,0.03156251212055228,0.02105416016179129,1.0
2095.0,ssp119_CO2 FFI_on-road_striving,1.7428939059933715,ssp119,1.8310550986939838,0.08816119270061229,CO2,CO2 FFI,on-road,1.6576341961357528,0.17342090255823095,0.08525970985761866,1.0
2095.0,ssp119_N2O_Marine_striving,1.8311123097161381,ssp119,1.8310550986939838,-5.721102215439089e-05,non-CO2,N2O,Marine,1.8307110122987784,0.00034408639520533413,0.000401297417359725,1.0
2095.0,ssp119_N2O_off-road_striving,1.8310364546986877,ssp119,1.8310550986939838,1.864399529605265e-05,non-CO2,N2O,off-road,1.8310016076667015,5.349102728224864e-05,3.4847031986195987e-05,1.0
2095.0,ssp119_N2O_on-road_striving,1.830566055123088,ssp119,1.8310550986939838,0.0004890435708957419,non-CO2,N2O,on-road,1.8301402849550115,0.0009148137389722866,0.00042577016807654466,1.0
2095.0,ssp119_Sulfur_Marine_striving,1.8313973005235913,ssp119,1.8310550986939838,-0.00034220182960753576,non-CO2,Sulfur,Marine,1.8318994251688976,-0.0008443264749138368,-0.0005021246453063011,1.0
2095.0,ssp119_striving,1.7132467395819497,ssp119,1.8310550986939838,0.11780835911203402,,,Other,,,,1.0
2095.0,ssp119_zero_tra,1.5673286243279039,ssp119,1.8310550986939838,0.2637264743660799,,,Other,,,,1.0
2096.0,ssp119,1.819272946912659,ssp119,1.819272946912659,0.0,,,Other,,,,1.0
2096.0,ssp119_BC_Marine_striving,1.8191489346471048,ssp119,1.819272946912659,0.0001240122655541409,non-CO2,BC,Marine,1.8190918541116716,0.00018109280098732583,5.708053543318492e-05,1.0
2096.0,ssp119_BC_off-road_striving,1.819045553386979,ssp119,1.819272946912659,0.0002273935256800197,non-CO2,BC,off-road,1.8188069770636734,0.00046596984898550353,0.00023857632330548384,1.0
2096.0,ssp119_BC_on-road_striving,1.8186853091106836,ssp119,1.819272946912659,0.0005876378019753492,non-CO2,BC,on-road,1.8182233357550475,0.0010496111576114853,0.00046197335563613606,1.0
2096.0,ssp119_CH4_Marine_striving,1.8190886891561338,ssp119,1.819272946912659,0.00018425775652519683,non-CO2,CH4,Marine,1.8187070925416375,0.0005658543710214126,0.00038159661449621574,1.0
2096.0,ssp119_CH4_off-road_striving,1.8188171234544017,ssp119,1.819272946912659,0.0004558234582572318,non-CO2,CH4,off-road,1.8180565621186358,0.0012163847940231953,0.0007605613357659635,1.0
2096.0,ssp119_CH4_on-road_striving,1.8179232631786766,ssp119,1.819272946912659,0.0013496837339823653,non-CO2,CH4,on-road,1.8163273654964378,0.0029455814162211436,0.0015958976822387783,1.0
2096.0,ssp119_CO2 FFI_Marine_striving,1.8061352656729976,ssp119,1.819272946912659,0.013137681239661303,CO2,CO2 FFI,Marine,1.797263372676156,0.02200957423650296,0.008871892996841657,1.0
2096.0,ssp119_CO2 FFI_off-road_striving,1.8087633286012854,ssp119,1.819272946912659,0.010509618311373536,CO2,CO2 FFI,off-road,1.787702291231269,0.03157065568138995,0.02106103737001641,1.0
2096.0,ssp119_CO2 FFI_on-road_striving,1.731111552236369,ssp119,1.819272946912659,0.08816139467629003,CO2,CO2 FFI,on-road,1.6458420059696965,0.1734309409429624,0.08526954626667238,1.0
2096.0,ssp119_N2O_Marine_striving,1.8193297549750125,ssp119,1.819272946912659,-5.680806235353053e-05,non-CO2,N2O,Marine,1.81893125462494,0.0003416922877188533,0.0003985003500723838,1.0
2096.0,ssp119_N2O_off-road_striving,1.8192544336583063,ssp119,1.819272946912659,1.8513254352647834e-05,non-CO2,N2O,off-road,1.8192198268915907,5.312002106827585e-05,3.460676671562801e-05,1.0
2096.0,ssp119_N2O_on-road_striving,1.818787328035053,ssp119,1.819272946912659,0.00048561887760589784,non-CO2,N2O,on-road,1.8183644750220072,0.0009084718906517963,0.0004228530130458985,1.0
2096.0,ssp119_Sulfur_Marine_striving,1.819611964088195,ssp119,1.819272946912659,-0.00033901717553597166,non-CO2,Sulfur,Marine,1.8201105976206158,-0.0008376507079568274,-0.0004986335324208557,1.0
2096.0,ssp119_striving,1.7015752023192023,ssp119,1.819272946912659,0.11769774459345661,,,Other,,,,1.0
2096.0,ssp119_zero_tra,1.555758689590483,ssp119,1.819272946912659,0.26351425732217604,,,Other,,,,1.0
2097.0,ssp119,1.8024722830454163,ssp119,1.8024722830454163,0.0,,,Other,,,,1.0
2097.0,ssp119_BC_Marine_striving,1.8023494455980142,ssp119,1.8024722830454163,0.0001228374474020466,non-CO2,BC,Marine,1.8022927564596825,0.00017952658573383573,5.6689138331789124e-05,1.0
2097.0,ssp119_BC_off-road_striving,1.8022471619176297,ssp119,1.8024722830454163,0.00022512112778660942,non-CO2,BC,off-road,1.8020103246608827,0.0004619583845335562,0.00023683725674694678,1.0
2097.0,ssp119_BC_on-road_striving,1.8018903761553056,ssp119,1.8024722830454163,0.0005819068901107283,non-CO2,BC,on-road,1.801431620583501,0.0010406624619152538,0.00045875557180452553,1.0
2097.0,ssp119_CH4_Marine_striving,1.80229408509754,ssp119,1.8024722830454163,0.00017819794787632404,non-CO2,CH4,Marine,1.801921995679578,0.0005502873658382867,0.0003720894179619627,1.0
2097.0,ssp119_CH4_off-road_striving,1.8020305840585977,ssp119,1.8024722830454163,0.0004416989868185617,non-CO2,CH4,off-road,1.801287264602426,0.0011850184429902377,0.000743319456171676,1.0
2097.0,ssp119_CH4_on-road_striving,1.801163795572063,ssp119,1.8024722830454163,0.0013084874733533258,non-CO2,CH4,on-road,1.7996037318314737,0.002868551213942583,0.001560063740589257,1.0
2097.0,ssp119_CO2 FFI_Marine_striving,1.7893327430140165,ssp119,1.8024722830454163,0.013139540031399832,CO2,CO2 FFI,Marine,1.7804568240463443,0.02201545899907198,0.008875918967672147,1.0
2097.0,ssp119_CO2 FFI_off-road_striving,1.7919614130979091,ssp119,1.8024722830454163,0.010510869947507162,CO2,CO2 FFI,off-road,1.7708935938301436,0.03157868921527274,0.021067819267765575,1.0
2097.0,ssp119_CO2 FFI_on-road_striving,1.7143105520532167,ssp119,1.8024722830454163,0.0881617309921996,CO2,CO2 FFI,on-road,1.6290310255300187,0.17344125751539763,0.08527952652319803,1.0
2097.0,ssp119_N2O_Marine_striving,1.8025286890411947,ssp119,1.8024722830454163,-5.640599577838579e-05,non-CO2,N2O,Marine,1.8021329806884303,0.0003393023569859821,0.0003957083527643679,1.0
2097.0,ssp119_N2O_off-road_striving,1.8024539002870166,ssp119,1.8024722830454163,1.838275839971537e-05,non-CO2,N2O,off-road,1.8024195333876882,5.2749657728057286e-05,3.4366899328341916e-05,1.0
2097.0,ssp119_N2O_on-road_striving,1.8019900823589572,ssp119,1.8024722830454163,0.00048220068645909997,non-CO2,N2O,on-road,1.8015701420860493,0.000902140959367026,0.000419940272907926,1.0
2097.0,ssp119_Sulfur_Marine_striving,1.8028082394248903,ssp119,1.8024722830454163,-0.0003359563794740339,non-CO2,Sulfur,Marine,1.8033034597510906,-0.0008311767056743413,-0.0004952203262003074,1.0
2097.0,ssp119_striving,1.6848788998824953,ssp119,1.8024722830454163,0.117593383162921,,,Other,,,,1.0
2097.0,ssp119_zero_tra,1.5391576641649352,ssp119,1.8024722830454163,0.26331461888048113,,,Other,,,,1.0
2098.0,ssp119,1.7939257262316752,ssp119,1.7939257262316752,0.0,,,Other,,,,1.0
2098.0,ssp119_BC_Marine_striving,1.793804017064557,ssp119,1.7939257262316752,0.00012170916711817803,non-CO2,BC,Marine,1.793747710835231,0.0001780153964441311,5.630622932595308e-05,1.0
2098.0,ssp119_BC_off-road_striving,1.7937027810479915,ssp119,1.7939257262316752,0.0002229451836837093,non-CO2,BC,off-road,1.7934676387706585,0.0004580874610167207,0.0002351422773330114,1.0
2098.0,ssp119_BC_on-road_striving,1.7933493139120722,ssp119,1.7939257262316752,0.0005764123196030368,non-CO2,BC,on-road,1.7928937023107785,0.0010320239208967408,0.00045561160129370393,1.0
2098.0,ssp119_CH4_Marine_striving,1.793753184804464,ssp119,1.7939257262316752,0.00017254142721112586,non-CO2,CH4,Marine,1.7933900040509407,0.0005357221807344992,0.0003631807535233733,1.0
2098.0,ssp119_CH4_off-road_striving,1.7934972205640314,ssp119,1.7939257262316752,0.00042850566764385256,non-CO2,CH4,off-road,1.7927700839040164,0.0011556423276588568,0.0007271366600150042,1.0
2098.0,ssp119_CH4_on-road_striving,1.7926557253188373,ssp119,1.7939257262316752,0.0012700009128379097,non-CO2,CH4,on-road,1.7911292983949696,0.0027964278367056394,0.0015264269238677297,1.0
2098.0,ssp119_CO2 FFI_Marine_striving,1.780784381532317,ssp119,1.7939257262316752,0.013141344699358237,CO2,CO2 FFI,Marine,1.7719045180535888,0.022021208178086393,0.008879863478728156,1.0
2098.0,ssp119_CO2 FFI_off-road_striving,1.7834136459886214,ssp119,1.7939257262316752,0.010512080243053834,CO2,CO2 FFI,off-road,1.762339189624901,0.03158653660677424,0.021074456363720406,1.0
2098.0,ssp119_CO2 FFI_on-road_striving,1.7057637467360722,ssp119,1.7939257262316752,0.088161979495603,CO2,CO2 FFI,on-road,1.6204742910245993,0.17345143520707595,0.08528945571147295,1.0
2098.0,ssp119_N2O_Marine_striving,1.7939817310546373,ssp119,1.7939257262316752,-5.6004822962085754e-05,non-CO2,N2O,Marine,1.7935888095450405,0.00033691668663471397,0.0003929215095967997,1.0
2098.0,ssp119_N2O_off-road_striving,1.7939074737216065,ssp119,1.7939257262316752,1.8252510068705874e-05,non-CO2,N2O,off-road,1.7938733462910503,5.237994062490259e-05,3.4127430556196714e-05,1.0
2098.0,ssp119_N2O_on-road_striving,1.7934469371281057,ssp119,1.7939257262316752,0.0004787891035695768,non-CO2,N2O,on-road,1.7930299051233767,0.0008958211082985557,0.00041703200472897883,1.0
2098.0,ssp119_Sulfur_Marine_striving,1.7942587349176242,ssp119,1.7939257262316752,-0.0003330086859489878,non-CO2,Sulfur,Marine,1.7947506149213528,-0.0008248886896775609,-0.0004918800037285731,1.0
2098.0,ssp119_striving,1.676431169895055,ssp119,1.7939257262316752,0.11749455633662031,,,Other,,,,1.0
2098.0,ssp119_zero_tra,1.5307995744623926,ssp119,1.7939257262316752,0.26312615176928267,,,Other,,,,1.0
2099.0,ssp119,1.7734210214005497,ssp119,1.7734210214005497,0.0,,,Other,,,,1.0
2099.0,ssp119_BC_Marine_striving,1.7733003979390647,ssp119,1.7734210214005497,0.00012062346148500325,non-CO2,BC,Marine,1.7732444666298095,0.00017655477074018933,5.593130925518608e-05,1.0
2099.0,ssp119_BC_off-road_striving,1.7732001641612456,ssp119,1.7734210214005497,0.0002208572393040953,non-CO2,BC,off-road,1.7729666757395144,0.0004543456610353047,0.00023348842173120943,1.0
2099.0,ssp119_BC_on-road_striving,1.7728498878053247,ssp119,1.7734210214005497,0.0005711335952249819,non-CO2,BC,on-road,1.7723973509744428,0.0010236704261068486,0.0004525368308818667,1.0
2099.0,ssp119_CH4_Marine_striving,1.7732537609324237,ssp119,1.7734210214005497,0.00016726046812598483,non-CO2,CH4,Marine,1.7728989319623663,0.0005220894381834373,0.0003548289700574525,1.0
2099.0,ssp119_CH4_off-road_striving,1.7730048422547993,ssp119,1.7734210214005497,0.00041617914575042825,non-CO2,CH4,off-road,1.7722929031419619,0.001128118258587829,0.0007119391128374009,1.0
2099.0,ssp119_CH4_on-road_striving,1.7721869849895302,ssp119,1.7734210214005497,0.0012340364110194901,non-CO2,CH4,on-road,1.7706921512157154,0.0027288701848342534,0.0014948337738147632,1.0
2099.0,ssp119_CO2 FFI_Marine_striving,1.7602779354280413,ssp119,1.7734210214005497,0.01314308597250835,CO2,CO2 FFI,Marine,1.751394214559969,0.02202680684058067,0.00888372086807232,1.0
2099.0,ssp119_CO2 FFI_off-road_striving,1.7629077795263812,ssp119,1.7734210214005497,0.010513241874168466,CO2,CO2 FFI,off-road,1.7418268448347156,0.031594176565834076,0.02108093469166561,1.0
2099.0,ssp119_CO2 FFI_on-road_striving,1.6852589413081698,ssp119,1.7734210214005497,0.08816208009237991,CO2,CO2 FFI,on-road,1.5999596620986958,0.1734613593018539,0.085299279209474,1.0
2099.0,ssp119_N2O_Marine_striving,1.773476625952024,ssp119,1.7734210214005497,-5.560455147435306e-05,non-CO2,N2O,Marine,1.773086485964543,0.0003345354360066999,0.00039013998748105294,1.0
2099.0,ssp119_N2O_off-road_striving,1.7734028988769606,ssp119,1.7734210214005497,1.8122523589125805e-05,non-CO2,N2O,off-road,1.7733690105047462,5.2010895803533685e-05,3.388837221440788e-05,1.0
2099.0,ssp119_N2O_on-road_striving,1.7729456370638252,ssp119,1.7734210214005497,0.00047538433672444924,non-CO2,N2O,on-road,1.772531508671208,0.0008895127293417904,0.00041412839261734113,1.0
2099.0,ssp119_Sulfur_Marine_striving,1.7737511861119724,ssp119,1.7734210214005497,-0.0003301647114226647,non-CO2,Sulfur,Marine,1.7742397944343524,-0.0008187730338027333,-0.0004886083223800686,1.0
2099.0,ssp119_striving,1.656020235590029,ssp119,1.7734210214005497,0.1174007858105206,,,Other,,,,1.0
2099.0,ssp119_zero_tra,1.510473075010827,ssp119,1.7734210214005497,0.26294794638972263,,,Other,,,,1.0
2100.0,ssp119,1.7751203850889783,ssp119,1.7751203850889783,0.0,,,Other,,,,1.0
2100.0,ssp119_BC_Marine_striving,1.7750008094504415,ssp119,1.7751203850889783,0.00011957563853681741,non-CO2,BC,Marine,1.7749452461145103,0.0001751389744679699,5.556333593115248e-05,1.0
2100.0,ssp119_BC_off-road_striving,1.7749015373895405,ssp119,1.7751203850889783,0.00021884769943780746,non-CO2,BC,off-road,1.7746696667931896,0.00045071829578868794,0.00023187059635088048,1.0
2100.0,ssp119_BC_on-road_striving,1.7745543380541695,ssp119,1.7751203850889783,0.0005660470348087809,non-CO2,BC,on-road,1.7741048156911143,0.001015569397863958,0.000449522363055177,1.0
2100.0,ssp119_CH4_Marine_striving,1.7749580564021759,ssp119,1.7751203850889783,0.00016232868680243762,non-CO2,CH4,Marine,1.7746110630090413,0.0005093220799370357,0.0003469933931345981,1.0
2100.0,ssp119_CH4_off-road_striving,1.7747157271937983,ssp119,1.7751203850889783,0.00040465789517996065,non-CO2,CH4,off-road,1.774018073295889,0.0011023117930892834,0.0006976538979093228,1.0
2100.0,ssp119_CH4_on-road_striving,1.7739199706721038,ssp119,1.7751203850889783,0.0012004144168744624,non-CO2,CH4,on-road,1.7724548380698222,0.0026655470191561115,0.001465132602281649,1.0
2100.0,ssp119_CO2 FFI_Marine_striving,1.76197577428437,ssp119,1.7751203850889783,0.01314461080460827,CO2,CO2 FFI,Marine,1.7530883775010677,0.022032007587910574,0.008887396783302304,1.0
2100.0,ssp119_CO2 FFI_off-road_striving,1.7646061532345052,ssp119,1.7751203850889783,0.010514231854473088,CO2,CO2 FFI,off-road,1.7435191323119348,0.03160125277704351,0.02108702092257042,1.0
2100.0,ssp119_CO2 FFI_on-road_striving,1.686959420569506,ssp119,1.7751203850889783,0.0881609645194723,CO2,CO2 FFI,on-road,1.6016514389763605,0.17346894611261776,0.08530798159314545,1.0
2100.0,ssp119_N2O_Marine_striving,1.775175590207392,ssp119,1.7751203850889783,-5.5205118413725884e-05,non-CO2,N2O,Marine,1.774788226843816,0.0003321582451623062,0.00038736336357603207,1.0
2100.0,ssp119_N2O_off-road_striving,1.7751023923088618,ssp119,1.7751203850889783,1.7992780116493634e-05,non-CO2,N2O,off-road,1.7750687426169984,5.164247197986249e-05,3.364969186336886e-05,1.0
2100.0,ssp119_N2O_on-road_striving,1.7746483991726427,ssp119,1.7751203850889783,0.0004719859163355711,non-CO2,N2O,on-road,1.77423717033941,0.0008832147495683174,0.0004112288332327463,1.0
2100.0,ssp119_Sulfur_Marine_striving,1.77544779796163,ssp119,1.7751203850889783,-0.00032741287265181107,non-CO2,Sulfur,Marine,1.7759331942614036,-0.0008128091724253217,-0.0004853962997735106,1.0
2100.0,ssp119_striving,1.657810093061116,ssp119,1.7751203850889783,0.11731029202786236,,,Other,,,,1.0
2100.0,ssp119_zero_tra,1.5123442692886933,ssp119,1.7751203850889783,0.26277611580028504,,,Other,,,,1.0
1940.0,ssp119_BC_Aviation_striving,,ssp119,,0.0,non-CO2,BC,Aviation,,0.0,0.0,1.0
1940.0,ssp119_CH4_Aviation_striving,,ssp119,,0.0,non-CO2,CH4,Aviation,,0.0,0.0,1.0
1940.0,ssp119_CO2 FFI_Aviation_striving,,ssp119,,0.0,CO2,CO2 FFI,Aviation,,0.0,0.0,1.0
1940.0,ssp119_N2O_Aviation_striving,,ssp119,,0.0,non-CO2,N2O,Aviation,,0.0,0.0,1.0
1940.0,ssp119_NOx aviation_Aviation_striving,,ssp119,,0.0,non-CO2,NOx aviation,Aviation,,3.2244859349023214e-05,3.2244859349023214e-05,1.0
1940.0,ssp119_Stratospheric water vapour_Aviation_striving,,ssp119,,0.0,non-CO2,Stratospheric water vapour,Aviation,,3.603553487219191e-06,3.603553487219191e-06,1.0
1940.0,ssp119_Sulfur_Aviation_striving,,ssp119,,0.0,non-CO2,Sulfur,Aviation,,0.0,0.0,1.0
1940.0,ssp119_contrails_Aviation_striving,,ssp119,,0.0,non-CO2,contrails,Aviation,,2.3800538454243902e-05,2.3800538454243902e-05,1.0
1940.0,ssp119_striving,,ssp119,,0.0,non-CO2,All,Aviation,,5.964895129045855e-05,5.964895129045855e-05,1.0
1941.0,ssp119_BC_Aviation_striving,,ssp119,,0.0,non-CO2,BC,Aviation,,3.2747352965989407e-06,3.2747352965989407e-06,1.0
1941.0,ssp119_CH4_Aviation_striving,,ssp119,,0.0,non-CO2,CH4,Aviation,,1.105714928339996e-06,1.105714928339996e-06,1.0
1941.0,ssp119_CO2 FFI_Aviation_striving,,ssp119,,0.0,CO2,CO2 FFI,Aviation,,8.395512489656198e-06,8.395512489656198e-06,1.0
1941.0,ssp119_N2O_Aviation_striving,,ssp119,,0.0,non-CO2,N2O,Aviation,,5.2258463112409e-09,5.2258463112409e-09,1.0
1941.0,ssp119_NOx aviation_Aviation_striving,,ssp119,,0.0,non-CO2,NOx aviation,Aviation,,9.269070569006832e-05,9.269070569006832e-05,1.0
1941.0,ssp119_Stratospheric water vapour_Aviation_striving,,ssp119,,0.0,non-CO2,Stratospheric water vapour,Aviation,,1.035873479210414e-05,1.035873479210414e-05,1.0
1941.0,ssp119_Sulfur_Aviation_striving,,ssp119,,0.0,non-CO2,Sulfur,Aviation,,-1.333587391405544e-05,-1.333587391405544e-05,1.0
1941.0,ssp119_contrails_Aviation_striving,,ssp119,,0.0,non-CO2,contrails,Aviation,,6.865936150690644e-05,6.865936150690644e-05,1.0
1941.0,ssp119_striving,,ssp119,,0.0,non-CO2,All,Aviation,,0.0001711540932015,0.0001711540932015,1.0
1942.0,ssp119_BC_Aviation_striving,,ssp119,,0.0,non-CO2,BC,Aviation,,6.138792472715204e-06,6.138792472715204e-06,1.0
1942.0,ssp119_CH4_Aviation_striving,,ssp119,,0.0,non-CO2,CH4,Aviation,,3.0929231097098775e-06,3.0929231097098775e-06,1.0
1942.0,ssp119_CO2 FFI_Aviation_striving,,ssp119,,0.0,CO2,CO2 FFI,Aviation,,2.2647426018512773e-05,2.2647426018512773e-05,1.0
1942.0,ssp119_N2O_Aviation_striving,,ssp119,,0.0,non-CO2,N2O,Aviation,,1.4946685833461263e-08,1.4946685833461263e-08,1.0
1942.0,ssp119_NOx aviation_Aviation_striving,,ssp119,,0.0,non-CO2,NOx aviation,Aviation,,0.0001417497324827,0.0001417497324827,1.0
1942.0,ssp119_Stratospheric water vapour_Aviation_striving,,ssp119,,0.0,non-CO2,Stratospheric water vapour,Aviation,,1.5841370859498438e-05,1.5841370859498438e-05,1.0
1942.0,ssp119_Sulfur_Aviation_striving,,ssp119,,0.0,non-CO2,Sulfur,Aviation,,-2.4881538234156064e-05,-2.4881538234156064e-05,1.0
1942.0,ssp119_contrails_Aviation_striving,,ssp119,,0.0,non-CO2,contrails,Aviation,,0.0001055951812401,0.0001055951812401,1.0
1942.0,ssp119_striving,,ssp119,,0.0,non-CO2,All,Aviation,,0.0002701986938261,0.0002701986938261,1.0
1943.0,ssp119_BC_Aviation_striving,,ssp119,,0.0,non-CO2,BC,Aviation,,8.257123572108505e-06,8.257123572108505e-06,1.0
1943.0,ssp119_CH4_Aviation_striving,,ssp119,,0.0,non-CO2,CH4,Aviation,,5.641314757803828e-06,5.641314757803828e-06,1.0
1943.0,ssp119_CO2 FFI_Aviation_striving,,ssp119,,0.0,CO2,CO2 FFI,Aviation,,4.03780879731086e-05,4.03780879731086e-05,1.0
1943.0,ssp119_N2O_Aviation_striving,,ssp119,,0.0,non-CO2,N2O,Aviation,,2.7906622457329888e-08,2.7906622457329888e-08,1.0
1943.0,ssp119_NOx aviation_Aviation_striving,,ssp119,,0.0,non-CO2,NOx aviation,Aviation,,0.0001800608442598,0.0001800608442598,1.0
1943.0,ssp119_Stratospheric water vapour_Aviation_striving,,ssp119,,0.0,non-CO2,Stratospheric water vapour,Aviation,,2.012286356622983e-05,2.012286356622983e-05,1.0
1943.0,ssp119_Sulfur_Aviation_striving,,ssp119,,0.0,non-CO2,Sulfur,Aviation,,-3.324602802154408e-05,-3.324602802154408e-05,1.0
1943.0,ssp119_contrails_Aviation_striving,,ssp119,,0.0,non-CO2,contrails,Aviation,,0.0001350406762488,0.0001350406762488,1.0
1943.0,ssp119_striving,,ssp119,,0.0,non-CO2,All,Aviation,,0.0003562824067516,0.0003562824067516,1.0
1944.0,ssp119_BC_Aviation_striving,,ssp119,,0.0,non-CO2,BC,Aviation,,1.002966879087852e-05,1.002966879087852e-05,1.0
1944.0,ssp119_CH4_Aviation_striving,,ssp119,,0.0,non-CO2,CH4,Aviation,,8.589968076011534e-06,8.589968076011534e-06,1.0
1944.0,ssp119_CO2 FFI_Aviation_striving,,ssp119,,0.0,CO2,CO2 FFI,Aviation,,6.072594558437227e-05,6.072594558437227e-05,1.0
1944.0,ssp119_N2O_Aviation_striving,,ssp119,,0.0,non-CO2,N2O,Aviation,,4.3506691360661875e-08,4.3506691360661875e-08,1.0
1944.0,ssp119_NOx aviation_Aviation_striving,,ssp119,,0.0,non-CO2,NOx aviation,Aviation,,0.0002137814781519,0.0002137814781519,1.0
1944.0,ssp119_Stratospheric water vapour_Aviation_striving,,ssp119,,0.0,non-CO2,Stratospheric water vapour,Aviation,,2.3891343238657825e-05,2.3891343238657825e-05,1.0
1944.0,ssp119_Sulfur_Aviation_striving,,ssp119,,0.0,non-CO2,Sulfur,Aviation,,-4.022242180939939e-05,-4.022242180939939e-05,1.0
1944.0,ssp119_contrails_Aviation_striving,,ssp119,,0.0,non-CO2,contrails,Aviation,,0.0001615049487125,0.0001615049487125,1.0
1944.0,ssp119_striving,,ssp119,,0.0,non-CO2,All,Aviation,,0.0004383436805206,0.0004383436805206,1.0
1945.0,ssp119_BC_Aviation_striving,,ssp119,,0.0,non-CO2,BC,Aviation,,1.16818071471958e-05,1.16818071471958e-05,1.0
1945.0,ssp119_CH4_Aviation_striving,,ssp119,,0.0,non-CO2,CH4,Aviation,,1.186674496453377e-05,1.186674496453377e-05,1.0
1945.0,ssp119_CO2 FFI_Aviation_striving,,ssp119,,0.0,CO2,CO2 FFI,Aviation,,8.343897739701567e-05,8.343897739701567e-05,1.0
1945.0,ssp119_N2O_Aviation_striving,,ssp119,,0.0,non-CO2,N2O,Aviation,,6.151631562478778e-08,6.151631562478778e-08,1.0
1945.0,ssp119_NOx aviation_Aviation_striving,,ssp119,,0.0,non-CO2,NOx aviation,Aviation,,0.0002458267208725,0.0002458267208725,1.0
1945.0,ssp119_Stratospheric water vapour_Aviation_striving,,ssp119,,0.0,non-CO2,Stratospheric water vapour,Aviation,,2.7472588289056965e-05,2.7472588289056965e-05,1.0
1945.0,ssp119_Sulfur_Aviation_striving,,ssp119,,0.0,non-CO2,Sulfur,Aviation,,-4.682532716043797e-05,-4.682532716043797e-05,1.0
1945.0,ssp119_contrails_Aviation_striving,,ssp119,,0.0,non-CO2,contrails,Aviation,,0.0001871419951195,0.0001871419951195,1.0
1945.0,ssp119_striving,,ssp119,,0.0,non-CO2,All,Aviation,,0.0005206637388496,0.0005206637388496,1.0
1946.0,ssp119_BC_Aviation_striving,,ssp119,,0.0,non-CO2,BC,Aviation,,1.3284081007758353e-05,1.3284081007758353e-05,1.0
1946.0,ssp119_CH4_Aviation_striving,,ssp119,,0.0,non-CO2,CH4,Aviation,,1.5428814376217126e-05,1.5428814376217126e-05,1.0
1946.0,ssp119_CO2 FFI_Aviation_striving,,ssp119,,0.0,CO2,CO2 FFI,Aviation,,0.0001084623960569,0.0001084623960569,1.0
1946.0,ssp119_N2O_Aviation_striving,,ssp119,,0.0,non-CO2,N2O,Aviation,,8.181817190422437e-08,8.181817190422437e-08,1.0
1946.0,ssp119_NOx aviation_Aviation_striving,,ssp119,,0.0,non-CO2,NOx aviation,Aviation,,0.0002779612951251,0.0002779612951251,1.0
1946.0,ssp119_Stratospheric water vapour_Aviation_striving,,ssp119,,0.0,non-CO2,Stratospheric water vapour,Aviation,,3.106381580031403e-05,3.106381580031403e-05,1.0
1946.0,ssp119_Sulfur_Aviation_striving,,ssp119,,0.0,non-CO2,Sulfur,Aviation,,-5.389252273091394e-05,-5.389252273091394e-05,1.0
1946.0,ssp119_contrails_Aviation_striving,,ssp119,,0.0,non-CO2,contrails,Aviation,,0.0002132987811255,0.0002132987811255,1.0
1946.0,ssp119_striving,,ssp119,,0.0,non-CO2,All,Aviation,,0.0006056865017478,0.0006056865017478,1.0
1947.0,ssp119_BC_Aviation_striving,,ssp119,,0.0,non-CO2,BC,Aviation,,1.4945350683193135e-05,1.4945350683193135e-05,1.0
1947.0,ssp119_CH4_Aviation_striving,,ssp119,,0.0,non-CO2,CH4,Aviation,,1.9272906405520818e-05,1.9272906405520818e-05,1.0
1947.0,ssp119_CO2 FFI_Aviation_striving,,ssp119,,0.0,CO2,CO2 FFI,Aviation,,0.0001359391680406,0.0001359391680406,1.0
1947.0,ssp119_N2O_Aviation_striving,,ssp119,,0.0,non-CO2,N2O,Aviation,,1.0446891557380766e-07,1.0446891557380766e-07,1.0
1947.0,ssp119_NOx aviation_Aviation_striving,,ssp119,,0.0,non-CO2,NOx aviation,Aviation,,0.0003107854207589,0.0003107854207589,1.0
1947.0,ssp119_Stratospheric water vapour_Aviation_striving,,ssp119,,0.0,non-CO2,Stratospheric water vapour,Aviation,,3.473210436966134e-05,3.473210436966134e-05,1.0
1947.0,ssp119_Sulfur_Aviation_striving,,ssp119,,0.0,non-CO2,Sulfur,Aviation,,-6.124279778707553e-05,-6.124279778707553e-05,1.0
1947.0,ssp119_contrails_Aviation_striving,,ssp119,,0.0,non-CO2,contrails,Aviation,,0.0002404513092781,0.0002404513092781,1.0
1947.0,ssp119_striving,,ssp119,,0.0,non-CO2,All,Aviation,,0.0006949850631801,0.0006949850631801,1.0
1948.0,ssp119_BC_Aviation_striving,,ssp119,,0.0,non-CO2,BC,Aviation,,1.661779249989559e-05,1.661779249989559e-05,1.0
1948.0,ssp119_CH4_Aviation_striving,,ssp119,,0.0,non-CO2,CH4,Aviation,,2.3377226146981123e-05,2.3377226146981123e-05,1.0
1948.0,ssp119_CO2 FFI_Aviation_striving,,ssp119,,0.0,CO2,CO2 FFI,Aviation,,0.000165854901136,0.000165854901136,1.0
1948.0,ssp119_N2O_Aviation_striving,,ssp119,,0.0,non-CO2,N2O,Aviation,,1.2944856908614358e-07,1.2944856908614358e-07,1.0
1948.0,ssp119_NOx aviation_Aviation_striving,,ssp119,,0.0,non-CO2,NOx aviation,Aviation,,0.0003445641561009,0.0003445641561009,1.0
1948.0,ssp119_Stratospheric water vapour_Aviation_striving,,ssp119,,0.0,non-CO2,Stratospheric water vapour,Aviation,,3.850707714064816e-05,3.850707714064816e-05,1.0
1948.0,ssp119_Sulfur_Aviation_striving,,ssp119,,0.0,non-CO2,Sulfur,Aviation,,-6.784560487238522e-05,-6.784560487238522e-05,1.0
1948.0,ssp119_contrails_Aviation_striving,,ssp119,,0.0,non-CO2,contrails,Aviation,,0.0002688421529176,0.0002688421529176,1.0
1948.0,ssp119_striving,,ssp119,,0.0,non-CO2,All,Aviation,,0.0007900431610846,0.0007900431610846,1.0
1949.0,ssp119_BC_Aviation_striving,,ssp119,,0.0,non-CO2,BC,Aviation,,1.8376085118843033e-05,1.8376085118843033e-05,1.0
1949.0,ssp119_CH4_Aviation_striving,,ssp119,,0.0,non-CO2,CH4,Aviation,,2.7748423390316912e-05,2.7748423390316912e-05,1.0
1949.0,ssp119_CO2 FFI_Aviation_striving,,ssp119,,0.0,CO2,CO2 FFI,Aviation,,0.000198338821688,0.000198338821688,1.0
1949.0,ssp119_N2O_Aviation_striving,,ssp119,,0.0,non-CO2,N2O,Aviation,,1.56855353650176e-07,1.56855353650176e-07,1.0
1949.0,ssp119_NOx aviation_Aviation_striving,,ssp119,,0.0,non-CO2,NOx aviation,Aviation,,0.0003799001589389,0.0003799001589389,1.0
1949.0,ssp119_Stratospheric water vapour_Aviation_striving,,ssp119,,0.0,non-CO2,Stratospheric water vapour,Aviation,,4.245608391068023e-05,4.245608391068023e-05,1.0
1949.0,ssp119_Sulfur_Aviation_striving,,ssp119,,0.0,non-CO2,Sulfur,Aviation,,-7.440275528897144e-05,-7.440275528897144e-05,1.0
1949.0,ssp119_contrails_Aviation_striving,,ssp119,,0.0,non-CO2,contrails,Aviation,,0.0002989867962654,0.0002989867962654,1.0
1949.0,ssp119_striving,,ssp119,,0.0,non-CO2,All,Aviation,,0.0008915550962456,0.0008915550962456,1.0
1950.0,ssp119_BC_Aviation_striving,,ssp119,,0.0,non-CO2,BC,Aviation,,2.020662376045479e-05,2.020662376045479e-05,1.0
1950.0,ssp119_CH4_Aviation_striving,,ssp119,,0.0,non-CO2,CH4,Aviation,,3.239093211038213e-05,3.239093211038213e-05,1.0
1950.0,ssp119_CO2 FFI_Aviation_striving,,ssp119,,0.0,CO2,CO2 FFI,Aviation,,0.0002334857189821,0.0002334857189821,1.0
1950.0,ssp119_N2O_Aviation_striving,,ssp119,,0.0,non-CO2,N2O,Aviation,,1.867630631258166e-07,1.867630631258166e-07,1.0
1950.0,ssp119_NOx aviation_Aviation_striving,,ssp119,,0.0,non-CO2,NOx aviation,Aviation,,0.0004172634336398,0.0004172634336398,1.0
1950.0,ssp119_Stratospheric water vapour_Aviation_striving,,ssp119,,0.0,non-CO2,Stratospheric water vapour,Aviation,,4.663164996399072e-05,4.663164996399072e-05,1.0
1950.0,ssp119_Sulfur_Aviation_striving,,ssp119,,0.0,non-CO2,Sulfur,Aviation,,-8.154127322052007e-05,-8.154127322052007e-05,1.0
1950.0,ssp119_contrails_Aviation_striving,,ssp119,,0.0,non-CO2,contrails,Aviation,,0.0003313182257623,0.0003313182257623,1.0
1950.0,ssp119_striving,,ssp119,,0.0,non-CO2,All,Aviation,,0.000999935009215,0.000999935009215,1.0
1951.0,ssp119_BC_Aviation_striving,,ssp119,,0.0,non-CO2,BC,Aviation,,2.2170885201955315e-05,2.2170885201955315e-05,1.0
1951.0,ssp119_CH4_Aviation_striving,,ssp119,,0.0,non-CO2,CH4,Aviation,,3.732478418361218e-05,3.732478418361218e-05,1.0
1951.0,ssp119_CO2 FFI_Aviation_striving,,ssp119,,0.0,CO2,CO2 FFI,Aviation,,0.000271466985146,0.000271466985146,1.0
1951.0,ssp119_N2O_Aviation_striving,,ssp119,,0.0,non-CO2,N2O,Aviation,,2.19342717155957e-07,2.19342717155957e-07,1.0
1951.0,ssp119_NOx aviation_Aviation_striving,,ssp119,,0.0,non-CO2,NOx aviation,Aviation,,0.0004569702774362,0.0004569702774362,1.0
1951.0,ssp119_Stratospheric water vapour_Aviation_striving,,ssp119,,0.0,non-CO2,Stratospheric water vapour,Aviation,,5.106912353292081e-05,5.106912353292081e-05,1.0
1951.0,ssp119_Sulfur_Aviation_striving,,ssp119,,0.0,non-CO2,Sulfur,Aviation,,-8.834708683735926e-05,-8.834708683735926e-05,1.0
1951.0,ssp119_contrails_Aviation_striving,,ssp119,,0.0,non-CO2,contrails,Aviation,,0.0003661534731791,0.0003661534731791,1.0
1951.0,ssp119_striving,,ssp119,,0.0,non-CO2,All,Aviation,,0.0011170186754006,0.0011170186754006,1.0
1952.0,ssp119_BC_Aviation_striving,,ssp119,,0.0,non-CO2,BC,Aviation,,2.4239706519102455e-05,2.4239706519102455e-05,1.0
1952.0,ssp119_CH4_Aviation_striving,,ssp119,,0.0,non-CO2,CH4,Aviation,,4.2554155113117e-05,4.2554155113117e-05,1.0
1952.0,ssp119_CO2 FFI_Aviation_striving,,ssp119,,0.0,CO2,CO2 FFI,Aviation,,0.0003123812486752,0.0003123812486752,1.0
1952.0,ssp119_N2O_Aviation_striving,,ssp119,,0.0,non-CO2,N2O,Aviation,,2.547153455378926e-07,2.547153455378926e-07,1.0
1952.0,ssp119_NOx aviation_Aviation_striving,,ssp119,,0.0,non-CO2,NOx aviation,Aviation,,0.0004988370360385,0.0004988370360385,1.0
1952.0,ssp119_Stratospheric water vapour_Aviation_striving,,ssp119,,0.0,non-CO2,Stratospheric water vapour,Aviation,,5.574798003776804e-05,5.574798003776804e-05,1.0
1952.0,ssp119_Sulfur_Aviation_striving,,ssp119,,0.0,non-CO2,Sulfur,Aviation,,-9.581589259721746e-05,-9.581589259721746e-05,1.0
1952.0,ssp119_contrails_Aviation_striving,,ssp119,,0.0,non-CO2,contrails,Aviation,,0.0004034139741347,0.0004034139741347,1.0
1952.0,ssp119_striving,,ssp119,,0.0,non-CO2,All,Aviation,,0.0012416013576617,0.0012416013576617,1.0
1953.0,ssp119_BC_Aviation_striving,,ssp119,,0.0,non-CO2,BC,Aviation,,2.6423356484228663e-05,2.6423356484228663e-05,1.0
1953.0,ssp119_CH4_Aviation_striving,,ssp119,,0.0,non-CO2,CH4,Aviation,,4.808958576252298e-05,4.808958576252298e-05,1.0
1953.0,ssp119_CO2 FFI_Aviation_striving,,ssp119,,0.0,CO2,CO2 FFI,Aviation,,0.000356487815727,0.000356487815727,1.0
1953.0,ssp119_N2O_Aviation_striving,,ssp119,,0.0,non-CO2,N2O,Aviation,,2.9301398507541876e-07,2.9301398507541876e-07,1.0
1953.0,ssp119_NOx aviation_Aviation_striving,,ssp119,,0.0,non-CO2,NOx aviation,Aviation,,0.0005435487056099,0.0005435487056099,1.0
1953.0,ssp119_Stratospheric water vapour_Aviation_striving,,ssp119,,0.0,non-CO2,Stratospheric water vapour,Aviation,,6.074477271367229e-05,6.074477271367229e-05,1.0
1953.0,ssp119_Sulfur_Aviation_striving,,ssp119,,0.0,non-CO2,Sulfur,Aviation,,-0.0001037286659705,-0.0001037286659705,1.0
1953.0,ssp119_contrails_Aviation_striving,,ssp119,,0.0,non-CO2,contrails,Aviation,,0.0004437467744579,0.0004437467744579,1.0
1953.0,ssp119_striving,,ssp119,,0.0,non-CO2,All,Aviation,,0.0013755908662119,0.0013755908662119,1.0
1954.0,ssp119_BC_Aviation_striving,,ssp119,,0.0,non-CO2,BC,Aviation,,2.8780988710508385e-05,2.8780988710508385e-05,1.0
1954.0,ssp119_CH4_Aviation_striving,,ssp119,,0.0,non-CO2,CH4,Aviation,,5.396013276914857e-05,5.396013276914857e-05,1.0
1954.0,ssp119_CO2 FFI_Aviation_striving,,ssp119,,0.0,CO2,CO2 FFI,Aviation,,0.0004041246176074,0.0004041246176074,1.0
1954.0,ssp119_N2O_Aviation_striving,,ssp119,,0.0,non-CO2,N2O,Aviation,,3.3445826874700657e-07,3.3445826874700657e-07,1.0
1954.0,ssp119_NOx aviation_Aviation_striving,,ssp119,,0.0,non-CO2,NOx aviation,Aviation,,0.000591711790745,0.000591711790745,1.0
1954.0,ssp119_Stratospheric water vapour_Aviation_striving,,ssp119,,0.0,non-CO2,Stratospheric water vapour,Aviation,,6.612727980570554e-05,6.612727980570554e-05,1.0
1954.0,ssp119_Sulfur_Aviation_striving,,ssp119,,0.0,non-CO2,Sulfur,Aviation,,-0.0001121009670498,-0.0001121009670498,1.0
1954.0,ssp119_contrails_Aviation_striving,,ssp119,,0.0,non-CO2,contrails,Aviation,,0.0004877500287413,0.0004877500287413,1.0
1954.0,ssp119_striving,,ssp119,,0.0,non-CO2,All,Aviation,,0.0015206703684678,0.0015206703684678,1.0
1955.0,ssp119_BC_Aviation_striving,,ssp119,,0.0,non-CO2,BC,Aviation,,3.131515842669241e-05,3.131515842669241e-05,1.0
1955.0,ssp119_CH4_Aviation_striving,,ssp119,,0.0,non-CO2,CH4,Aviation,,6.019406128787707e-05,6.019406128787707e-05,1.0
1955.0,ssp119_CO2 FFI_Aviation_striving,,ssp119,,0.0,CO2,CO2 FFI,Aviation,,0.0004555233719278,0.0004555233719278,1.0
1955.0,ssp119_N2O_Aviation_striving,,ssp119,,0.0,non-CO2,N2O,Aviation,,3.792692208071103e-07,3.792692208071103e-07,1.0
1955.0,ssp119_NOx aviation_Aviation_striving,,ssp119,,0.0,non-CO2,NOx aviation,Aviation,,0.0006433043699911,0.0006433043699911,1.0
1955.0,ssp119_Stratospheric water vapour_Aviation_striving,,ssp119,,0.0,non-CO2,Stratospheric water vapour,Aviation,,7.18930528001982e-05,7.18930528001982e-05,1.0
1955.0,ssp119_Sulfur_Aviation_striving,,ssp119,,0.0,non-CO2,Sulfur,Aviation,,-0.0001212382885838,-0.0001212382885838,1.0
1955.0,ssp119_contrails_Aviation_striving,,ssp119,,0.0,non-CO2,contrails,Aviation,,0.0005355112712606,0.0005355112712606,1.0
1955.0,ssp119_striving,,ssp119,,0.0,non-CO2,All,Aviation,,0.0016768601990972,0.0016768601990972,1.0
1956.0,ssp119_BC_Aviation_striving,,ssp119,,0.0,non-CO2,BC,Aviation,,3.4021253516980376e-05,3.4021253516980376e-05,1.0
1956.0,ssp119_CH4_Aviation_striving,,ssp119,,0.0,non-CO2,CH4,Aviation,,6.681109985745559e-05,6.681109985745559e-05,1.0
1956.0,ssp119_CO2 FFI_Aviation_striving,,ssp119,,0.0,CO2,CO2 FFI,Aviation,,0.0005109494148221,0.0005109494148221,1.0
1956.0,ssp119_N2O_Aviation_striving,,ssp119,,0.0,non-CO2,N2O,Aviation,,4.2765686275592074e-07,4.2765686275592074e-07,1.0
1956.0,ssp119_NOx aviation_Aviation_striving,,ssp119,,0.0,non-CO2,NOx aviation,Aviation,,0.0006986997198197,0.0006986997198197,1.0
1956.0,ssp119_Stratospheric water vapour_Aviation_striving,,ssp119,,0.0,non-CO2,Stratospheric water vapour,Aviation,,7.808380862817099e-05,7.808380862817099e-05,1.0
1956.0,ssp119_Sulfur_Aviation_striving,,ssp119,,0.0,non-CO2,Sulfur,Aviation,,-0.000130247740563,-0.000130247740563,1.0
1956.0,ssp119_contrails_Aviation_striving,,ssp119,,0.0,non-CO2,contrails,Aviation,,0.0005874678036893,0.0005874678036893,1.0
1956.0,ssp119_striving,,ssp119,,0.0,non-CO2,All,Aviation,,0.0018461860990769,0.0018461860990769,1.0
1957.0,ssp119_BC_Aviation_striving,,ssp119,,0.0,non-CO2,BC,Aviation,,3.69418477252359e-05,3.69418477252359e-05,1.0
1957.0,ssp119_CH4_Aviation_striving,,ssp119,,0.0,non-CO2,CH4,Aviation,,7.384524617681798e-05,7.384524617681798e-05,1.0
1957.0,ssp119_CO2 FFI_Aviation_striving,,ssp119,,0.0,CO2,CO2 FFI,Aviation,,0.0005707565336972,0.0005707565336972,1.0
1957.0,ssp119_N2O_Aviation_striving,,ssp119,,0.0,non-CO2,N2O,Aviation,,4.798906074188203e-07,4.798906074188203e-07,1.0
1957.0,ssp119_NOx aviation_Aviation_striving,,ssp119,,0.0,non-CO2,NOx aviation,Aviation,,0.000758252026667,0.000758252026667,1.0
1957.0,ssp119_Stratospheric water vapour_Aviation_striving,,ssp119,,0.0,non-CO2,Stratospheric water vapour,Aviation,,8.47391297322253e-05,8.47391297322253e-05,1.0
1957.0,ssp119_Sulfur_Aviation_striving,,ssp119,,0.0,non-CO2,Sulfur,Aviation,,-0.0001391239143931,-0.0001391239143931,1.0
1957.0,ssp119_contrails_Aviation_striving,,ssp119,,0.0,non-CO2,contrails,Aviation,,0.0006440520502406,0.0006440520502406,1.0
1957.0,ssp119_striving,,ssp119,,0.0,non-CO2,All,Aviation,,0.0020299101793203,0.0020299101793203,1.0
1958.0,ssp119_BC_Aviation_striving,,ssp119,,0.0,non-CO2,BC,Aviation,,4.007012998435977e-05,4.007012998435977e-05,1.0
1958.0,ssp119_CH4_Aviation_striving,,ssp119,,0.0,non-CO2,CH4,Aviation,,8.132619299272559e-05,8.132619299272559e-05,1.0
1958.0,ssp119_CO2 FFI_Aviation_striving,,ssp119,,0.0,CO2,CO2 FFI,Aviation,,0.0006353435790781,0.0006353435790781,1.0
1958.0,ssp119_N2O_Aviation_striving,,ssp119,,0.0,non-CO2,N2O,Aviation,,5.362191486946166e-07,5.362191486946166e-07,1.0
1958.0,ssp119_NOx aviation_Aviation_striving,,ssp119,,0.0,non-CO2,NOx aviation,Aviation,,0.0008222105548204,0.0008222105548204,1.0
1958.0,ssp119_Stratospheric water vapour_Aviation_striving,,ssp119,,0.0,non-CO2,Stratospheric water vapour,Aviation,,9.188687253663952e-05,9.188687253663952e-05,1.0
1958.0,ssp119_Sulfur_Aviation_striving,,ssp119,,0.0,non-CO2,Sulfur,Aviation,,-0.0001483105272213,-0.0001483105272213,1.0
1958.0,ssp119_contrails_Aviation_striving,,ssp119,,0.0,non-CO2,contrails,Aviation,,0.0007056262648,0.0007056262648,1.0
1958.0,ssp119_striving,,ssp119,,0.0,non-CO2,All,Aviation,,0.0022286499450233,0.0022286499450233,1.0
1959.0,ssp119_BC_Aviation_striving,,ssp119,,0.0,non-CO2,BC,Aviation,,4.343813570156785e-05,4.343813570156785e-05,1.0
1959.0,ssp119_CH4_Aviation_striving,,ssp119,,0.0,non-CO2,CH4,Aviation,,8.92880496868309e-05,8.92880496868309e-05,1.0
1959.0,ssp119_CO2 FFI_Aviation_striving,,ssp119,,0.0,CO2,CO2 FFI,Aviation,,0.0007050978922614,0.0007050978922614,1.0
1959.0,ssp119_N2O_Aviation_striving,,ssp119,,0.0,non-CO2,N2O,Aviation,,5.969398769734013e-07,5.969398769734013e-07,1.0
1959.0,ssp119_NOx aviation_Aviation_striving,,ssp119,,0.0,non-CO2,NOx aviation,Aviation,,0.0008907655137285,0.0008907655137285,1.0
1959.0,ssp119_Stratospheric water vapour_Aviation_striving,,ssp119,,0.0,non-CO2,Stratospheric water vapour,Aviation,,9.954829353103768e-05,9.954829353103768e-05,1.0
1959.0,ssp119_Sulfur_Aviation_striving,,ssp119,,0.0,non-CO2,Sulfur,Aviation,,-0.000159265232643,-0.000159265232643,1.0
1959.0,ssp119_contrails_Aviation_striving,,ssp119,,0.0,non-CO2,contrails,Aviation,,0.0007725116652825,0.0007725116652825,1.0
1959.0,ssp119_striving,,ssp119,,0.0,non-CO2,All,Aviation,,0.0024419340460098,0.0024419340460098,1.0
1960.0,ssp119_BC_Aviation_striving,,ssp119,,0.0,non-CO2,BC,Aviation,,4.7033321369127634e-05,4.7033321369127634e-05,1.0
1960.0,ssp119_CH4_Aviation_striving,,ssp119,,0.0,non-CO2,CH4,Aviation,,9.776438280428844e-05,9.776438280428844e-05,1.0
1960.0,ssp119_CO2 FFI_Aviation_striving,,ssp119,,0.0,CO2,CO2 FFI,Aviation,,0.00078017061738,0.00078017061738,1.0
1960.0,ssp119_N2O_Aviation_striving,,ssp119,,0.0,non-CO2,N2O,Aviation,,6.623280586204316e-07,6.623280586204316e-07,1.0
1960.0,ssp119_NOx aviation_Aviation_striving,,ssp119,,0.0,non-CO2,NOx aviation,Aviation,,0.0009644950812133,0.0009644950812133,1.0
1960.0,ssp119_Stratospheric water vapour_Aviation_striving,,ssp119,,0.0,non-CO2,Stratospheric water vapour,Aviation,,0.0001077880072929,0.0001077880072929,1.0
1960.0,ssp119_Sulfur_Aviation_striving,,ssp119,,0.0,non-CO2,Sulfur,Aviation,,-0.0001707488163799,-0.0001707488163799,1.0
1960.0,ssp119_contrails_Aviation_striving,,ssp119,,0.0,non-CO2,contrails,Aviation,,0.0008454005260964,0.0008454005260964,1.0
1960.0,ssp119_striving,,ssp119,,0.0,non-CO2,All,Aviation,,0.002672508996395,0.002672508996395,1.0
1961.0,ssp119_BC_Aviation_striving,,ssp119,,0.0,non-CO2,BC,Aviation,,5.09268517955852e-05,5.09268517955852e-05,1.0
1961.0,ssp119_CH4_Aviation_striving,,ssp119,,0.0,non-CO2,CH4,Aviation,,0.0001068043723653,0.0001068043723653,1.0
1961.0,ssp119_CO2 FFI_Aviation_striving,,ssp119,,0.0,CO2,CO2 FFI,Aviation,,0.0008610006258348,0.0008610006258348,1.0
1961.0,ssp119_N2O_Aviation_striving,,ssp119,,0.0,non-CO2,N2O,Aviation,,7.327561430403584e-07,7.327561430403584e-07,1.0
1961.0,ssp119_NOx aviation_Aviation_striving,,ssp119,,0.0,non-CO2,NOx aviation,Aviation,,0.001046798752896,0.001046798752896,1.0
1961.0,ssp119_Stratospheric water vapour_Aviation_striving,,ssp119,,0.0,non-CO2,Stratospheric water vapour,Aviation,,0.0001169859270809,0.0001169859270809,1.0
1961.0,ssp119_Sulfur_Aviation_striving,,ssp119,,0.0,non-CO2,Sulfur,Aviation,,-0.0001829247153287,-0.0001829247153287,1.0
1961.0,ssp119_contrails_Aviation_striving,,ssp119,,0.0,non-CO2,contrails,Aviation,,0.0009275969856066,0.0009275969856066,1.0
1961.0,ssp119_striving,,ssp119,,0.0,non-CO2,All,Aviation,,0.0029278542866176,0.0029278542866176,1.0
1962.0,ssp119_BC_Aviation_striving,,ssp119,,0.0,non-CO2,BC,Aviation,,5.539286619005157e-05,5.539286619005157e-05,1.0
1962.0,ssp119_CH4_Aviation_striving,,ssp119,,0.0,non-CO2,CH4,Aviation,,0.0001165466196433,0.0001165466196433,1.0
1962.0,ssp119_CO2 FFI_Aviation_striving,,ssp119,,0.0,CO2,CO2 FFI,Aviation,,0.0009488428650113,0.0009488428650113,1.0
1962.0,ssp119_N2O_Aviation_striving,,ssp119,,0.0,non-CO2,N2O,Aviation,,8.090019377737789e-07,8.090019377737789e-07,1.0
1962.0,ssp119_NOx aviation_Aviation_striving,,ssp119,,0.0,non-CO2,NOx aviation,Aviation,,0.0011411755941521,0.0011411755941521,1.0
1962.0,ssp119_Stratospheric water vapour_Aviation_striving,,ssp119,,0.0,non-CO2,Stratospheric water vapour,Aviation,,0.0001275330935668,0.0001275330935668,1.0
1962.0,ssp119_Sulfur_Aviation_striving,,ssp119,,0.0,non-CO2,Sulfur,Aviation,,-0.0001948919352918,-0.0001948919352918,1.0
1962.0,ssp119_contrails_Aviation_striving,,ssp119,,0.0,non-CO2,contrails,Aviation,,0.0010226048218928,0.0010226048218928,1.0
1962.0,ssp119_striving,,ssp119,,0.0,non-CO2,All,Aviation,,0.0032179329233784,0.0032179329233784,1.0
1963.0,ssp119_BC_Aviation_striving,,ssp119,,0.0,non-CO2,BC,Aviation,,6.051259909634066e-05,6.051259909634066e-05,1.0
1963.0,ssp119_CH4_Aviation_striving,,ssp119,,0.0,non-CO2,CH4,Aviation,,0.0001271302032582,0.0001271302032582,1.0
1963.0,ssp119_CO2 FFI_Aviation_striving,,ssp119,,0.0,CO2,CO2 FFI,Aviation,,0.0010447713597954,0.0010447713597954,1.0
1963.0,ssp119_N2O_Aviation_striving,,ssp119,,0.0,non-CO2,N2O,Aviation,,8.919662207729218e-07,8.919662207729218e-07,1.0
1963.0,ssp119_NOx aviation_Aviation_striving,,ssp119,,0.0,non-CO2,NOx aviation,Aviation,,0.0012399398781085,0.0012399398781085,1.0
1963.0,ssp119_Stratospheric water vapour_Aviation_striving,,ssp119,,0.0,non-CO2,Stratospheric water vapour,Aviation,,0.0001385705827767,0.0001385705827767,1.0
1963.0,ssp119_Sulfur_Aviation_striving,,ssp119,,0.0,non-CO2,Sulfur,Aviation,,-0.0002096019281068,-0.0002096019281068,1.0
1963.0,ssp119_contrails_Aviation_striving,,ssp119,,0.0,non-CO2,contrails,Aviation,,0.0011235770135445,0.0011235770135445,1.0
1963.0,ssp119_striving,,ssp119,,0.0,non-CO2,All,Aviation,,0.0035256964927271,0.0035256964927271,1.0
1964.0,ssp119_BC_Aviation_striving,,ssp119,,0.0,non-CO2,BC,Aviation,,6.54245441004675e-05,6.54245441004675e-05,1.0
1964.0,ssp119_CH4_Aviation_striving,,ssp119,,0.0,non-CO2,CH4,Aviation,,0.0001384310651189,0.0001384310651189,1.0
1964.0,ssp119_CO2 FFI_Aviation_striving,,ssp119,,0.0,CO2,CO2 FFI,Aviation,,0.0011475615413996,0.0011475615413996,1.0
1964.0,ssp119_N2O_Aviation_striving,,ssp119,,0.0,non-CO2,N2O,Aviation,,9.811798682979322e-07,9.811798682979322e-07,1.0
1964.0,ssp119_NOx aviation_Aviation_striving,,ssp119,,0.0,non-CO2,NOx aviation,Aviation,,0.0013333514427598,0.0013333514427598,1.0
1964.0,ssp119_Stratospheric water vapour_Aviation_striving,,ssp119,,0.0,non-CO2,Stratospheric water vapour,Aviation,,0.0001490098734158,0.0001490098734158,1.0
1964.0,ssp119_Sulfur_Aviation_striving,,ssp119,,0.0,non-CO2,Sulfur,Aviation,,-0.0002230586932435,-0.0002230586932435,1.0
1964.0,ssp119_contrails_Aviation_striving,,ssp119,,0.0,non-CO2,contrails,Aviation,,0.0012215700196549,0.0012215700196549,1.0
1964.0,ssp119_striving,,ssp119,,0.0,non-CO2,All,Aviation,,0.0038331578853424,0.0038331578853424,1.0
1965.0,ssp119_BC_Aviation_striving,,ssp119,,0.0,non-CO2,BC,Aviation,,7.000122180916835e-05,7.000122180916835e-05,1.0
1965.0,ssp119_CH4_Aviation_striving,,ssp119,,0.0,non-CO2,CH4,Aviation,,0.0001502740121624,0.0001502740121624,1.0
1965.0,ssp119_CO2 FFI_Aviation_striving,,ssp119,,0.0,CO2,CO2 FFI,Aviation,,0.0012553129232509,0.0012553129232509,1.0
1965.0,ssp119_N2O_Aviation_striving,,ssp119,,0.0,non-CO2,N2O,Aviation,,1.0759948239624784e-06,1.0759948239624784e-06,1.0
1965.0,ssp119_NOx aviation_Aviation_striving,,ssp119,,0.0,non-CO2,NOx aviation,Aviation,,0.0014267191117024,0.0014267191117024,1.0
1965.0,ssp119_Stratospheric water vapour_Aviation_striving,,ssp119,,0.0,non-CO2,Stratospheric water vapour,Aviation,,0.0001594442574368,0.0001594442574368,1.0
1965.0,ssp119_Sulfur_Aviation_striving,,ssp119,,0.0,non-CO2,Sulfur,Aviation,,-0.0002361208456146,-0.0002361208456146,1.0
1965.0,ssp119_contrails_Aviation_striving,,ssp119,,0.0,non-CO2,contrails,Aviation,,0.0013216797345024,0.0013216797345024,1.0
1965.0,ssp119_striving,,ssp119,,0.0,non-CO2,All,Aviation,,0.0041482525210397,0.0041482525210397,1.0
1966.0,ssp119_BC_Aviation_striving,,ssp119,,0.0,non-CO2,BC,Aviation,,7.490871366874763e-05,7.490871366874763e-05,1.0
1966.0,ssp119_CH4_Aviation_striving,,ssp119,,0.0,non-CO2,CH4,Aviation,,0.0001627208369498,0.0001627208369498,1.0
1966.0,ssp119_CO2 FFI_Aviation_striving,,ssp119,,0.0,CO2,CO2 FFI,Aviation,,0.00136891011674,0.00136891011674,1.0
1966.0,ssp119_N2O_Aviation_striving,,ssp119,,0.0,non-CO2,N2O,Aviation,,1.1767944013280074e-06,1.1767944013280074e-06,1.0
1966.0,ssp119_NOx aviation_Aviation_striving,,ssp119,,0.0,non-CO2,NOx aviation,Aviation,,0.0015307300498668,0.0015307300498668,1.0
1966.0,ssp119_Stratospheric water vapour_Aviation_striving,,ssp119,,0.0,non-CO2,Stratospheric water vapour,Aviation,,0.0001710680884888,0.0001710680884888,1.0
1966.0,ssp119_Sulfur_Aviation_striving,,ssp119,,0.0,non-CO2,Sulfur,Aviation,,-0.0002502110179369,-0.0002502110179369,1.0
1966.0,ssp119_contrails_Aviation_striving,,ssp119,,0.0,non-CO2,contrails,Aviation,,0.0014343127475433,0.0014343127475433,1.0
1966.0,ssp119_striving,,ssp119,,0.0,non-CO2,All,Aviation,,0.0044934586688031,0.0044934586688031,1.0
1967.0,ssp119_BC_Aviation_striving,,ssp119,,0.0,non-CO2,BC,Aviation,,8.056595718708426e-05,8.056595718708426e-05,1.0
1967.0,ssp119_CH4_Aviation_striving,,ssp119,,0.0,non-CO2,CH4,Aviation,,0.0001759497540076,0.0001759497540076,1.0
1967.0,ssp119_CO2 FFI_Aviation_striving,,ssp119,,0.0,CO2,CO2 FFI,Aviation,,0.0014907053934554,0.0014907053934554,1.0
1967.0,ssp119_N2O_Aviation_striving,,ssp119,,0.0,non-CO2,N2O,Aviation,,1.284594477318768e-06,1.284594477318768e-06,1.0
1967.0,ssp119_NOx aviation_Aviation_striving,,ssp119,,0.0,non-CO2,NOx aviation,Aviation,,0.0016714452125845,0.0016714452125845,1.0
1967.0,ssp119_Stratospheric water vapour_Aviation_striving,,ssp119,,0.0,non-CO2,Stratospheric water vapour,Aviation,,0.0001867938354812,0.0001867938354812,1.0
1967.0,ssp119_Sulfur_Aviation_striving,,ssp119,,0.0,non-CO2,Sulfur,Aviation,,-0.0002666668254794,-0.0002666668254794,1.0
1967.0,ssp119_contrails_Aviation_striving,,ssp119,,0.0,non-CO2,contrails,Aviation,,0.0015855358545302,0.0015855358545302,1.0
1967.0,ssp119_striving,,ssp119,,0.0,non-CO2,All,Aviation,,0.0049254288997263,0.0049254288997263,1.0
1968.0,ssp119_BC_Aviation_striving,,ssp119,,0.0,non-CO2,BC,Aviation,,8.920065973316849e-05,8.920065973316849e-05,1.0
1968.0,ssp119_CH4_Aviation_striving,,ssp119,,0.0,non-CO2,CH4,Aviation,,0.000190783652021,0.000190783652021,1.0
1968.0,ssp119_CO2 FFI_Aviation_striving,,ssp119,,0.0,CO2,CO2 FFI,Aviation,,0.0016285603411436,0.0016285603411436,1.0
1968.0,ssp119_N2O_Aviation_striving,,ssp119,,0.0,non-CO2,N2O,Aviation,,1.4038216548106774e-06,1.4038216548106774e-06,1.0
1968.0,ssp119_NOx aviation_Aviation_striving,,ssp119,,0.0,non-CO2,NOx aviation,Aviation,,0.0018586762524499,0.0018586762524499,1.0
1968.0,ssp119_Stratospheric water vapour_Aviation_striving,,ssp119,,0.0,non-CO2,Stratospheric water vapour,Aviation,,0.0002077180038662,0.0002077180038662,1.0
1968.0,ssp119_Sulfur_Aviation_striving,,ssp119,,0.0,non-CO2,Sulfur,Aviation,,-0.0002927839214207,-0.0002927839214207,1.0
1968.0,ssp119_contrails_Aviation_striving,,ssp119,,0.0,non-CO2,contrails,Aviation,,0.0017860471794534,0.0017860471794534,1.0
1968.0,ssp119_striving,,ssp119,,0.0,non-CO2,All,Aviation,,0.0054693887358934,0.0054693887358934,1.0
1969.0,ssp119_BC_Aviation_striving,,ssp119,,0.0,non-CO2,BC,Aviation,,9.958237986959496e-05,9.958237986959496e-05,1.0
1969.0,ssp119_CH4_Aviation_striving,,ssp119,,0.0,non-CO2,CH4,Aviation,,0.0002076043683121,0.0002076043683121,1.0
1969.0,ssp119_CO2 FFI_Aviation_striving,,ssp119,,0.0,CO2,CO2 FFI,Aviation,,0.0017848991262155,0.0017848991262155,1.0
1969.0,ssp119_N2O_Aviation_striving,,ssp119,,0.0,non-CO2,N2O,Aviation,,1.5369325840619563e-06,1.5369325840619563e-06,1.0
1969.0,ssp119_NOx aviation_Aviation_striving,,ssp119,,0.0,non-CO2,NOx aviation,Aviation,,0.002051474067902,0.002051474067902,1.0
1969.0,ssp119_Stratospheric water vapour_Aviation_striving,,ssp119,,0.0,non-CO2,Stratospheric water vapour,Aviation,,0.0002292642908421,0.0002292642908421,1.0
1969.0,ssp119_Sulfur_Aviation_striving,,ssp119,,0.0,non-CO2,Sulfur,Aviation,,-0.0003240063347374,-0.0003240063347374,1.0
1969.0,ssp119_contrails_Aviation_striving,,ssp119,,0.0,non-CO2,contrails,Aviation,,0.0019961205860869,0.0019961205860869,1.0
1969.0,ssp119_striving,,ssp119,,0.0,non-CO2,All,Aviation,,0.0060462179507516,0.0060462179507516,1.0
1970.0,ssp119_BC_Aviation_striving,,ssp119,,0.0,non-CO2,BC,Aviation,,0.0001087828033614,0.0001087828033614,1.0
1970.0,ssp119_CH4_Aviation_striving,,ssp119,,0.0,non-CO2,CH4,Aviation,,0.0002259081416666,0.0002259081416666,1.0
1970.0,ssp119_CO2 FFI_Aviation_striving,,ssp119,,0.0,CO2,CO2 FFI,Aviation,,0.0019550949360498,0.0019550949360498,1.0
1970.0,ssp119_N2O_Aviation_striving,,ssp119,,0.0,non-CO2,N2O,Aviation,,1.6818136680529785e-06,1.6818136680529785e-06,1.0
1970.0,ssp119_NOx aviation_Aviation_striving,,ssp119,,0.0,non-CO2,NOx aviation,Aviation,,0.0022090438076224,0.0022090438076224,1.0
1970.0,ssp119_Stratospheric water vapour_Aviation_striving,,ssp119,,0.0,non-CO2,Stratospheric water vapour,Aviation,,0.0002468736281699,0.0002468736281699,1.0
1970.0,ssp119_Sulfur_Aviation_striving,,ssp119,,0.0,non-CO2,Sulfur,Aviation,,-0.0003512858922458,-0.0003512858922458,1.0
1970.0,ssp119_contrails_Aviation_striving,,ssp119,,0.0,non-CO2,contrails,Aviation,,0.0021748247219746,0.0021748247219746,1.0
1970.0,ssp119_striving,,ssp119,,0.0,non-CO2,All,Aviation,,0.0065706176514694,0.0065706176514694,1.0
1971.0,ssp119_BC_Aviation_striving,,ssp119,,0.0,non-CO2,BC,Aviation,,0.0001155870868329,0.0001155870868329,1.0
1971.0,ssp119_CH4_Aviation_striving,,ssp119,,0.0,non-CO2,CH4,Aviation,,0.0002448389136868,0.0002448389136868,1.0
1971.0,ssp119_CO2 FFI_Aviation_striving,,ssp119,,0.0,CO2,CO2 FFI,Aviation,,0.0021330101272883,0.0021330101272883,1.0
1971.0,ssp119_N2O_Aviation_striving,,ssp119,,0.0,non-CO2,N2O,Aviation,,1.834516414223053e-06,1.834516414223053e-06,1.0
1971.0,ssp119_NOx aviation_Aviation_striving,,ssp119,,0.0,non-CO2,NOx aviation,Aviation,,0.0023767612086303,0.0023767612086303,1.0
1971.0,ssp119_Stratospheric water vapour_Aviation_striving,,ssp119,,0.0,non-CO2,Stratospheric water vapour,Aviation,,0.0002656170265145,0.0002656170265145,1.0
1971.0,ssp119_Sulfur_Aviation_striving,,ssp119,,0.0,non-CO2,Sulfur,Aviation,,-0.00036930825113,-0.00036930825113,1.0
1971.0,ssp119_contrails_Aviation_striving,,ssp119,,0.0,non-CO2,contrails,Aviation,,0.0023687012479778,0.0023687012479778,1.0
1971.0,ssp119_striving,,ssp119,,0.0,non-CO2,All,Aviation,,0.0071366795840398,0.0071366795840398,1.0
1972.0,ssp119_BC_Aviation_striving,,ssp119,,0.0,non-CO2,BC,Aviation,,0.0001258182006839,0.0001258182006839,1.0
1972.0,ssp119_CH4_Aviation_striving,,ssp119,,0.0,non-CO2,CH4,Aviation,,0.0002653652417596,0.0002653652417596,1.0
1972.0,ssp119_CO2 FFI_Aviation_striving,,ssp119,,0.0,CO2,CO2 FFI,Aviation,,0.0023276375440422,0.0023276375440422,1.0
1972.0,ssp119_N2O_Aviation_striving,,ssp119,,0.0,non-CO2,N2O,Aviation,,2.00015698592626e-06,2.00015698592626e-06,1.0
1972.0,ssp119_NOx aviation_Aviation_striving,,ssp119,,0.0,non-CO2,NOx aviation,Aviation,,0.0025833650494105,0.0025833650494105,1.0
1972.0,ssp119_Stratospheric water vapour_Aviation_striving,,ssp119,,0.0,non-CO2,Stratospheric water vapour,Aviation,,0.0002887062133804,0.0002887062133804,1.0
1972.0,ssp119_Sulfur_Aviation_striving,,ssp119,,0.0,non-CO2,Sulfur,Aviation,,-0.0003982001751381,-0.0003982001751381,1.0
1972.0,ssp119_contrails_Aviation_striving,,ssp119,,0.0,non-CO2,contrails,Aviation,,0.0026075582032057,0.0026075582032057,1.0
1972.0,ssp119_striving,,ssp119,,0.0,non-CO2,All,Aviation,,0.0078018234668434,0.0078018234668434,1.0
1973.0,ssp119_BC_Aviation_striving,,ssp119,,0.0,non-CO2,BC,Aviation,,0.0001365719473412,0.0001365719473412,1.0
1973.0,ssp119_CH4_Aviation_striving,,ssp119,,0.0,non-CO2,CH4,Aviation,,0.0002875085869047,0.0002875085869047,1.0
1973.0,ssp119_CO2 FFI_Aviation_striving,,ssp119,,0.0,CO2,CO2 FFI,Aviation,,0.0025384938945545,0.0025384938945545,1.0
1973.0,ssp119_N2O_Aviation_striving,,ssp119,,0.0,non-CO2,N2O,Aviation,,2.179201236851558e-06,2.179201236851558e-06,1.0
1973.0,ssp119_NOx aviation_Aviation_striving,,ssp119,,0.0,non-CO2,NOx aviation,Aviation,,0.0027827423417965,0.0027827423417965,1.0
1973.0,ssp119_Stratospheric water vapour_Aviation_striving,,ssp119,,0.0,non-CO2,Stratospheric water vapour,Aviation,,0.0003109877889734,0.0003109877889734,1.0
1973.0,ssp119_Sulfur_Aviation_striving,,ssp119,,0.0,non-CO2,Sulfur,Aviation,,-0.000426961263962,-0.000426961263962,1.0
1973.0,ssp119_contrails_Aviation_striving,,ssp119,,0.0,non-CO2,contrails,Aviation,,0.0028439865410647,0.0028439865410647,1.0
1973.0,ssp119_striving,,ssp119,,0.0,non-CO2,All,Aviation,,0.0084750057734803,0.0084750057734803,1.0
1974.0,ssp119_BC_Aviation_striving,,ssp119,,0.0,non-CO2,BC,Aviation,,0.0001460688833987,0.0001460688833987,1.0
1974.0,ssp119_CH4_Aviation_striving,,ssp119,,0.0,non-CO2,CH4,Aviation,,0.0003106801378869,0.0003106801378869,1.0
1974.0,ssp119_CO2 FFI_Aviation_striving,,ssp119,,0.0,CO2,CO2 FFI,Aviation,,0.0027618186595499,0.0027618186595499,1.0
1974.0,ssp119_N2O_Aviation_striving,,ssp119,,0.0,non-CO2,N2O,Aviation,,2.369357388620763e-06,2.369357388620763e-06,1.0
1974.0,ssp119_NOx aviation_Aviation_striving,,ssp119,,0.0,non-CO2,NOx aviation,Aviation,,0.0029327531418908,0.0029327531418908,1.0
1974.0,ssp119_Stratospheric water vapour_Aviation_striving,,ssp119,,0.0,non-CO2,Stratospheric water vapour,Aviation,,0.0003277523633689,0.0003277523633689,1.0
1974.0,ssp119_Sulfur_Aviation_striving,,ssp119,,0.0,non-CO2,Sulfur,Aviation,,-0.0004521694106135,-0.0004521694106135,1.0
1974.0,ssp119_contrails_Aviation_striving,,ssp119,,0.0,non-CO2,contrails,Aviation,,0.0030328111991077,0.0030328111991077,1.0
1974.0,ssp119_striving,,ssp119,,0.0,non-CO2,All,Aviation,,0.0090614931627817,0.0090614931627817,1.0
1975.0,ssp119_BC_Aviation_striving,,ssp119,,0.0,non-CO2,BC,Aviation,,0.0001518085341522,0.0001518085341522,1.0
1975.0,ssp119_CH4_Aviation_striving,,ssp119,,0.0,non-CO2,CH4,Aviation,,0.0003337220096364,0.0003337220096364,1.0
1975.0,ssp119_CO2 FFI_Aviation_striving,,ssp119,,0.0,CO2,CO2 FFI,Aviation,,0.0029889735745521,0.0029889735745521,1.0
1975.0,ssp119_N2O_Aviation_striving,,ssp119,,0.0,non-CO2,N2O,Aviation,,2.564656839454394e-06,2.564656839454394e-06,1.0
1975.0,ssp119_NOx aviation_Aviation_striving,,ssp119,,0.0,non-CO2,NOx aviation,Aviation,,0.0030332694399366,0.0030332694399366,1.0
1975.0,ssp119_Stratospheric water vapour_Aviation_striving,,ssp119,,0.0,non-CO2,Stratospheric water vapour,Aviation,,0.0003389856348897,0.0003389856348897,1.0
1975.0,ssp119_Sulfur_Aviation_striving,,ssp119,,0.0,non-CO2,Sulfur,Aviation,,-0.0004676704023033,-0.0004676704023033,1.0
1975.0,ssp119_contrails_Aviation_striving,,ssp119,,0.0,non-CO2,contrails,Aviation,,0.003172823914911,0.003172823914911,1.0
1975.0,ssp119_striving,,ssp119,,0.0,non-CO2,All,Aviation,,0.009553789709192,0.009553789709192,1.0
1976.0,ssp119_BC_Aviation_striving,,ssp119,,0.0,non-CO2,BC,Aviation,,0.0001562784748718,0.0001562784748718,1.0
1976.0,ssp119_CH4_Aviation_striving,,ssp119,,0.0,non-CO2,CH4,Aviation,,0.000356302633808,0.000356302633808,1.0
1976.0,ssp119_CO2 FFI_Aviation_striving,,ssp119,,0.0,CO2,CO2 FFI,Aviation,,0.0032179095305053,0.0032179095305053,1.0
1976.0,ssp119_N2O_Aviation_striving,,ssp119,,0.0,non-CO2,N2O,Aviation,,2.7630346135509853e-06,2.7630346135509853e-06,1.0
1976.0,ssp119_NOx aviation_Aviation_striving,,ssp119,,0.0,non-CO2,NOx aviation,Aviation,,0.003117173651922,0.003117173651922,1.0
1976.0,ssp119_Stratospheric water vapour_Aviation_striving,,ssp119,,0.0,non-CO2,Stratospheric water vapour,Aviation,,0.0003483624046295,0.0003483624046295,1.0
1976.0,ssp119_Sulfur_Aviation_striving,,ssp119,,0.0,non-CO2,Sulfur,Aviation,,-0.0004809814124129,-0.0004809814124129,1.0
1976.0,ssp119_contrails_Aviation_striving,,ssp119,,0.0,non-CO2,contrails,Aviation,,0.0032985101390164,0.0032985101390164,1.0
1976.0,ssp119_striving,,ssp119,,0.0,non-CO2,All,Aviation,,0.0100155286328043,0.0100155286328043,1.0
1977.0,ssp119_BC_Aviation_striving,,ssp119,,0.0,non-CO2,BC,Aviation,,0.000160332473664,0.000160332473664,1.0
1977.0,ssp119_CH4_Aviation_striving,,ssp119,,0.0,non-CO2,CH4,Aviation,,0.0003783112378852,0.0003783112378852,1.0
1977.0,ssp119_CO2 FFI_Aviation_striving,,ssp119,,0.0,CO2,CO2 FFI,Aviation,,0.0034476213201132,0.0034476213201132,1.0
1977.0,ssp119_N2O_Aviation_striving,,ssp119,,0.0,non-CO2,N2O,Aviation,,2.963754221041448e-06,2.963754221041448e-06,1.0
1977.0,ssp119_NOx aviation_Aviation_striving,,ssp119,,0.0,non-CO2,NOx aviation,Aviation,,0.003216222505202,0.003216222505202,1.0
1977.0,ssp119_Stratospheric water vapour_Aviation_striving,,ssp119,,0.0,non-CO2,Stratospheric water vapour,Aviation,,0.0003594316749345,0.0003594316749345,1.0
1977.0,ssp119_Sulfur_Aviation_striving,,ssp119,,0.0,non-CO2,Sulfur,Aviation,,-0.0004904124422136,-0.0004904124422136,1.0
1977.0,ssp119_contrails_Aviation_striving,,ssp119,,0.0,non-CO2,contrails,Aviation,,0.0034448800141629,0.0034448800141629,1.0
1977.0,ssp119_striving,,ssp119,,0.0,non-CO2,All,Aviation,,0.0105184541180297,0.0105184541180297,1.0
1978.0,ssp119_BC_Aviation_striving,,ssp119,,0.0,non-CO2,BC,Aviation,,0.0001663405403885,0.0001663405403885,1.0
1978.0,ssp119_CH4_Aviation_striving,,ssp119,,0.0,non-CO2,CH4,Aviation,,0.0004003413617236,0.0004003413617236,1.0
1978.0,ssp119_CO2 FFI_Aviation_striving,,ssp119,,0.0,CO2,CO2 FFI,Aviation,,0.0036844133992005,0.0036844133992005,1.0
1978.0,ssp119_N2O_Aviation_striving,,ssp119,,0.0,non-CO2,N2O,Aviation,,3.169684266834949e-06,3.169684266834949e-06,1.0
1978.0,ssp119_NOx aviation_Aviation_striving,,ssp119,,0.0,non-CO2,NOx aviation,Aviation,,0.0033407154835233,0.0033407154835233,1.0
1978.0,ssp119_Stratospheric water vapour_Aviation_striving,,ssp119,,0.0,non-CO2,Stratospheric water vapour,Aviation,,0.0003733444766794,0.0003733444766794,1.0
1978.0,ssp119_Sulfur_Aviation_striving,,ssp119,,0.0,non-CO2,Sulfur,Aviation,,-0.0005056033674932,-0.0005056033674932,1.0
1978.0,ssp119_contrails_Aviation_striving,,ssp119,,0.0,non-CO2,contrails,Aviation,,0.0036239248627926,0.0036239248627926,1.0
1978.0,ssp119_striving,,ssp119,,0.0,non-CO2,All,Aviation,,0.0110856383723085,0.0110856383723085,1.0
1979.0,ssp119_BC_Aviation_striving,,ssp119,,0.0,non-CO2,BC,Aviation,,0.0001729787471995,0.0001729787471995,1.0
1979.0,ssp119_CH4_Aviation_striving,,ssp119,,0.0,non-CO2,CH4,Aviation,,0.0004225572536985,0.0004225572536985,1.0
1979.0,ssp119_CO2 FFI_Aviation_striving,,ssp119,,0.0,CO2,CO2 FFI,Aviation,,0.0039298817275542,0.0039298817275542,1.0
1979.0,ssp119_N2O_Aviation_striving,,ssp119,,0.0,non-CO2,N2O,Aviation,,3.3816388791407803e-06,3.3816388791407803e-06,1.0
1979.0,ssp119_NOx aviation_Aviation_striving,,ssp119,,0.0,non-CO2,NOx aviation,Aviation,,0.00347630777387,0.00347630777387,1.0
1979.0,ssp119_Stratospheric water vapour_Aviation_striving,,ssp119,,0.0,non-CO2,Stratospheric water vapour,Aviation,,0.0003884976930176,0.0003884976930176,1.0
1979.0,ssp119_Sulfur_Aviation_striving,,ssp119,,0.0,non-CO2,Sulfur,Aviation,,-0.0005229220471673,-0.0005229220471673,1.0
1979.0,ssp119_contrails_Aviation_striving,,ssp119,,0.0,non-CO2,contrails,Aviation,,0.0038203583473915,0.0038203583473915,1.0
1979.0,ssp119_striving,,ssp119,,0.0,non-CO2,All,Aviation,,0.0116899140000473,0.0116899140000473,1.0
1980.0,ssp119_BC_Aviation_striving,,ssp119,,0.0,non-CO2,BC,Aviation,,0.0001801139058136,0.0001801139058136,1.0
1980.0,ssp119_CH4_Aviation_striving,,ssp119,,0.0,non-CO2,CH4,Aviation,,0.0004450669822803,0.0004450669822803,1.0
1980.0,ssp119_CO2 FFI_Aviation_striving,,ssp119,,0.0,CO2,CO2 FFI,Aviation,,0.004184794321704,0.004184794321704,1.0
1980.0,ssp119_N2O_Aviation_striving,,ssp119,,0.0,non-CO2,N2O,Aviation,,3.60018693623676e-06,3.60018693623676e-06,1.0
1980.0,ssp119_NOx aviation_Aviation_striving,,ssp119,,0.0,non-CO2,NOx aviation,Aviation,,0.0036054732627551,0.0036054732627551,1.0
1980.0,ssp119_Stratospheric water vapour_Aviation_striving,,ssp119,,0.0,non-CO2,Stratospheric water vapour,Aviation,,0.0004029326768512,0.0004029326768512,1.0
1980.0,ssp119_Sulfur_Aviation_striving,,ssp119,,0.0,non-CO2,Sulfur,Aviation,,-0.0005414468961242,-0.0005414468961242,1.0
1980.0,ssp119_contrails_Aviation_striving,,ssp119,,0.0,non-CO2,contrails,Aviation,,0.0040142988900749,0.0040142988900749,1.0
1980.0,ssp119_striving,,ssp119,,0.0,non-CO2,All,Aviation,,0.0122935781016592,0.0122935781016592,1.0
1981.0,ssp119_BC_Aviation_striving,,ssp119,,0.0,non-CO2,BC,Aviation,,0.000186098079785,0.000186098079785,1.0
1981.0,ssp119_CH4_Aviation_striving,,ssp119,,0.0,non-CO2,CH4,Aviation,,0.0004675591504283,0.0004675591504283,1.0
1981.0,ssp119_CO2 FFI_Aviation_striving,,ssp119,,0.0,CO2,CO2 FFI,Aviation,,0.004446460448327,0.004446460448327,1.0
1981.0,ssp119_N2O_Aviation_striving,,ssp119,,0.0,non-CO2,N2O,Aviation,,3.823433800898002e-06,3.823433800898002e-06,1.0
1981.0,ssp119_NOx aviation_Aviation_striving,,ssp119,,0.0,non-CO2,NOx aviation,Aviation,,0.0037037772617986,0.0037037772617986,1.0
1981.0,ssp119_Stratospheric water vapour_Aviation_striving,,ssp119,,0.0,non-CO2,Stratospheric water vapour,Aviation,,0.0004139187072172,0.0004139187072172,1.0
1981.0,ssp119_Sulfur_Aviation_striving,,ssp119,,0.0,non-CO2,Sulfur,Aviation,,-0.0005574039810493,-0.0005574039810493,1.0
1981.0,ssp119_contrails_Aviation_striving,,ssp119,,0.0,non-CO2,contrails,Aviation,,0.0041768001728707,0.0041768001728707,1.0
1981.0,ssp119_striving,,ssp119,,0.0,non-CO2,All,Aviation,,0.0128396411528236,0.0128396411528236,1.0
1982.0,ssp119_BC_Aviation_striving,,ssp119,,0.0,non-CO2,BC,Aviation,,0.000190097992027,0.000190097992027,1.0
1982.0,ssp119_CH4_Aviation_striving,,ssp119,,0.0,non-CO2,CH4,Aviation,,0.0004895695819602,0.0004895695819602,1.0
1982.0,ssp119_CO2 FFI_Aviation_striving,,ssp119,,0.0,CO2,CO2 FFI,Aviation,,0.0047098828392723,0.0047098828392723,1.0
1982.0,ssp119_N2O_Aviation_striving,,ssp119,,0.0,non-CO2,N2O,Aviation,,4.048371295806152e-06,4.048371295806152e-06,1.0
1982.0,ssp119_NOx aviation_Aviation_striving,,ssp119,,0.0,non-CO2,NOx aviation,Aviation,,0.003780676518059,0.003780676518059,1.0
1982.0,ssp119_Stratospheric water vapour_Aviation_striving,,ssp119,,0.0,non-CO2,Stratospheric water vapour,Aviation,,0.0004225126366377,0.0004225126366377,1.0
1982.0,ssp119_Sulfur_Aviation_striving,,ssp119,,0.0,non-CO2,Sulfur,Aviation,,-0.0005696575073052,-0.0005696575073052,1.0
1982.0,ssp119_contrails_Aviation_striving,,ssp119,,0.0,non-CO2,contrails,Aviation,,0.0043184652575792,0.0043184652575792,1.0
1982.0,ssp119_striving,,ssp119,,0.0,non-CO2,All,Aviation,,0.0133440599229877,0.0133440599229877,1.0
1983.0,ssp119_BC_Aviation_striving,,ssp119,,0.0,non-CO2,BC,Aviation,,0.0001939086632989,0.0001939086632989,1.0
1983.0,ssp119_CH4_Aviation_striving,,ssp119,,0.0,non-CO2,CH4,Aviation,,0.0005111742539934,0.0005111742539934,1.0
1983.0,ssp119_CO2 FFI_Aviation_striving,,ssp119,,0.0,CO2,CO2 FFI,Aviation,,0.0049751052433563,0.0049751052433563,1.0
1983.0,ssp119_N2O_Aviation_striving,,ssp119,,0.0,non-CO2,N2O,Aviation,,4.274649097524286e-06,4.274649097524286e-06,1.0
1983.0,ssp119_NOx aviation_Aviation_striving,,ssp119,,0.0,non-CO2,NOx aviation,Aviation,,0.0038577147489505,0.0038577147489505,1.0
1983.0,ssp119_Stratospheric water vapour_Aviation_striving,,ssp119,,0.0,non-CO2,Stratospheric water vapour,Aviation,,0.0004311220990965,0.0004311220990965,1.0
1983.0,ssp119_Sulfur_Aviation_striving,,ssp119,,0.0,non-CO2,Sulfur,Aviation,,-0.0005799048414718,-0.0005799048414718,1.0
1983.0,ssp119_contrails_Aviation_striving,,ssp119,,0.0,non-CO2,contrails,Aviation,,0.0044646766934621,0.0044646766934621,1.0
1983.0,ssp119_striving,,ssp119,,0.0,non-CO2,All,Aviation,,0.0138563872894658,0.0138563872894658,1.0
1984.0,ssp119_BC_Aviation_striving,,ssp119,,0.0,non-CO2,BC,Aviation,,0.0001979233231539,0.0001979233231539,1.0
1984.0,ssp119_CH4_Aviation_striving,,ssp119,,0.0,non-CO2,CH4,Aviation,,0.0005324246612778,0.0005324246612778,1.0
1984.0,ssp119_CO2 FFI_Aviation_striving,,ssp119,,0.0,CO2,CO2 FFI,Aviation,,0.0052419277501324,0.0052419277501324,1.0
1984.0,ssp119_N2O_Aviation_striving,,ssp119,,0.0,non-CO2,N2O,Aviation,,4.502538221762276e-06,4.502538221762276e-06,1.0
1984.0,ssp119_NOx aviation_Aviation_striving,,ssp119,,0.0,non-CO2,NOx aviation,Aviation,,0.0039626504562726,0.0039626504562726,1.0
1984.0,ssp119_Stratospheric water vapour_Aviation_striving,,ssp119,,0.0,non-CO2,Stratospheric water vapour,Aviation,,0.0004428492721308,0.0004428492721308,1.0
1984.0,ssp119_Sulfur_Aviation_striving,,ssp119,,0.0,non-CO2,Sulfur,Aviation,,-0.0005938923444969,-0.0005938923444969,1.0
1984.0,ssp119_contrails_Aviation_striving,,ssp119,,0.0,non-CO2,contrails,Aviation,,0.004650235570287,0.004650235570287,1.0
1984.0,ssp119_striving,,ssp119,,0.0,non-CO2,All,Aviation,,0.014436784066201,0.014436784066201,1.0
1985.0,ssp119_BC_Aviation_striving,,ssp119,,0.0,non-CO2,BC,Aviation,,0.0002045685982475,0.0002045685982475,1.0
1985.0,ssp119_CH4_Aviation_striving,,ssp119,,0.0,non-CO2,CH4,Aviation,,0.0005540469343043,0.0005540469343043,1.0
1985.0,ssp119_CO2 FFI_Aviation_striving,,ssp119,,0.0,CO2,CO2 FFI,Aviation,,0.0055163607991136,0.0055163607991136,1.0
1985.0,ssp119_N2O_Aviation_striving,,ssp119,,0.0,non-CO2,N2O,Aviation,,4.73601179334926e-06,4.73601179334926e-06,1.0
1985.0,ssp119_NOx aviation_Aviation_striving,,ssp119,,0.0,non-CO2,NOx aviation,Aviation,,0.0040984496827517,0.0040984496827517,1.0
1985.0,ssp119_Stratospheric water vapour_Aviation_striving,,ssp119,,0.0,non-CO2,Stratospheric water vapour,Aviation,,0.0004580256243791,0.0004580256243791,1.0
1985.0,ssp119_Sulfur_Aviation_striving,,ssp119,,0.0,non-CO2,Sulfur,Aviation,,-0.000614223867625,-0.000614223867625,1.0
1985.0,ssp119_contrails_Aviation_striving,,ssp119,,0.0,non-CO2,contrails,Aviation,,0.0048798611002944,0.0048798611002944,1.0
1985.0,ssp119_striving,,ssp119,,0.0,non-CO2,All,Aviation,,0.015099828046366,0.015099828046366,1.0
1986.0,ssp119_BC_Aviation_striving,,ssp119,,0.0,non-CO2,BC,Aviation,,0.0002117177011113,0.0002117177011113,1.0
1986.0,ssp119_CH4_Aviation_striving,,ssp119,,0.0,non-CO2,CH4,Aviation,,0.0005761424275434,0.0005761424275434,1.0
1986.0,ssp119_CO2 FFI_Aviation_striving,,ssp119,,0.0,CO2,CO2 FFI,Aviation,,0.0057995959747798,0.0057995959747798,1.0
1986.0,ssp119_N2O_Aviation_striving,,ssp119,,0.0,non-CO2,N2O,Aviation,,4.9757007224426886e-06,4.9757007224426886e-06,1.0
1986.0,ssp119_NOx aviation_Aviation_striving,,ssp119,,0.0,non-CO2,NOx aviation,Aviation,,0.0042502500424784,0.0042502500424784,1.0
1986.0,ssp119_Stratospheric water vapour_Aviation_striving,,ssp119,,0.0,non-CO2,Stratospheric water vapour,Aviation,,0.0004749901925836,0.0004749901925836,1.0
1986.0,ssp119_Sulfur_Aviation_striving,,ssp119,,0.0,non-CO2,Sulfur,Aviation,,-0.0006350022345655,-0.0006350022345655,1.0
1986.0,ssp119_contrails_Aviation_striving,,ssp119,,0.0,non-CO2,contrails,Aviation,,0.005136566062137,0.005136566062137,1.0
1986.0,ssp119_striving,,ssp119,,0.0,non-CO2,All,Aviation,,0.0158170697378058,0.0158170697378058,1.0
1987.0,ssp119_BC_Aviation_striving,,ssp119,,0.0,non-CO2,BC,Aviation,,0.000219987550227,0.000219987550227,1.0
1987.0,ssp119_CH4_Aviation_striving,,ssp119,,0.0,non-CO2,CH4,Aviation,,0.0005989690134532,0.0005989690134532,1.0
1987.0,ssp119_CO2 FFI_Aviation_striving,,ssp119,,0.0,CO2,CO2 FFI,Aviation,,0.0060946796571904,0.0060946796571904,1.0
1987.0,ssp119_N2O_Aviation_striving,,ssp119,,0.0,non-CO2,N2O,Aviation,,5.223067067849918e-06,5.223067067849918e-06,1.0
1987.0,ssp119_NOx aviation_Aviation_striving,,ssp119,,0.0,non-CO2,NOx aviation,Aviation,,0.0044191784423792,0.0044191784423792,1.0
1987.0,ssp119_Stratospheric water vapour_Aviation_striving,,ssp119,,0.0,non-CO2,Stratospheric water vapour,Aviation,,0.0004938689235557,0.0004938689235557,1.0
1987.0,ssp119_Sulfur_Aviation_striving,,ssp119,,0.0,non-CO2,Sulfur,Aviation,,-0.0006591026597292,-0.0006591026597292,1.0
1987.0,ssp119_contrails_Aviation_striving,,ssp119,,0.0,non-CO2,contrails,Aviation,,0.0054230191123872,0.0054230191123872,1.0
1987.0,ssp119_striving,,ssp119,,0.0,non-CO2,All,Aviation,,0.0165934762872699,0.0165934762872699,1.0
1988.0,ssp119_BC_Aviation_striving,,ssp119,,0.0,non-CO2,BC,Aviation,,0.0002288761037159,0.0002288761037159,1.0
1988.0,ssp119_CH4_Aviation_striving,,ssp119,,0.0,non-CO2,CH4,Aviation,,0.0006225931245883,0.0006225931245883,1.0
1988.0,ssp119_CO2 FFI_Aviation_striving,,ssp119,,0.0,CO2,CO2 FFI,Aviation,,0.0064030953459656,0.0064030953459656,1.0
1988.0,ssp119_N2O_Aviation_striving,,ssp119,,0.0,non-CO2,N2O,Aviation,,5.478715428219871e-06,5.478715428219871e-06,1.0
1988.0,ssp119_NOx aviation_Aviation_striving,,ssp119,,0.0,non-CO2,NOx aviation,Aviation,,0.0045983559597945,0.0045983559597945,1.0
1988.0,ssp119_Stratospheric water vapour_Aviation_striving,,ssp119,,0.0,non-CO2,Stratospheric water vapour,Aviation,,0.0005138930504675,0.0005138930504675,1.0
1988.0,ssp119_Sulfur_Aviation_striving,,ssp119,,0.0,non-CO2,Sulfur,Aviation,,-0.0006830842577335,-0.0006830842577335,1.0
1988.0,ssp119_contrails_Aviation_striving,,ssp119,,0.0,non-CO2,contrails,Aviation,,0.0057314326584054,0.0057314326584054,1.0
1988.0,ssp119_striving,,ssp119,,0.0,non-CO2,All,Aviation,,0.0174180998032731,0.0174180998032731,1.0
1989.0,ssp119_BC_Aviation_striving,,ssp119,,0.0,non-CO2,BC,Aviation,,0.0002381870457002,0.0002381870457002,1.0
1989.0,ssp119_CH4_Aviation_striving,,ssp119,,0.0,non-CO2,CH4,Aviation,,0.0006469475983723,0.0006469475983723,1.0
1989.0,ssp119_CO2 FFI_Aviation_striving,,ssp119,,0.0,CO2,CO2 FFI,Aviation,,0.0067251650016537,0.0067251650016537,1.0
1989.0,ssp119_N2O_Aviation_striving,,ssp119,,0.0,non-CO2,N2O,Aviation,,5.743074000141846e-06,5.743074000141846e-06,1.0
1989.0,ssp119_NOx aviation_Aviation_striving,,ssp119,,0.0,non-CO2,NOx aviation,Aviation,,0.0047821932485788,0.0047821932485788,1.0
1989.0,ssp119_Stratospheric water vapour_Aviation_striving,,ssp119,,0.0,non-CO2,Stratospheric water vapour,Aviation,,0.0005344379289498,0.0005344379289498,1.0
1989.0,ssp119_Sulfur_Aviation_striving,,ssp119,,0.0,non-CO2,Sulfur,Aviation,,-0.0007083079671431,-0.0007083079671431,1.0
1989.0,ssp119_contrails_Aviation_striving,,ssp119,,0.0,non-CO2,contrails,Aviation,,0.0060553124537323,0.0060553124537323,1.0
1989.0,ssp119_striving,,ssp119,,0.0,non-CO2,All,Aviation,,0.0182769282301532,0.0182769282301532,1.0
1990.0,ssp119_BC_Aviation_striving,,ssp119,,0.0,non-CO2,BC,Aviation,,0.0002475486245345,0.0002475486245345,1.0
1990.0,ssp119_CH4_Aviation_striving,,ssp119,,0.0,non-CO2,CH4,Aviation,,0.0006719432353767,0.0006719432353767,1.0
1990.0,ssp119_CO2 FFI_Aviation_striving,,ssp119,,0.0,CO2,CO2 FFI,Aviation,,0.0070606179967279,0.0070606179967279,1.0
1990.0,ssp119_N2O_Aviation_striving,,ssp119,,0.0,non-CO2,N2O,Aviation,,6.01597670502052e-06,6.01597670502052e-06,1.0
1990.0,ssp119_NOx aviation_Aviation_striving,,ssp119,,0.0,non-CO2,NOx aviation,Aviation,,0.0049585945673953,0.0049585945673953,1.0
1990.0,ssp119_Stratospheric water vapour_Aviation_striving,,ssp119,,0.0,non-CO2,Stratospheric water vapour,Aviation,,0.0005541517879589,0.0005541517879589,1.0
1990.0,ssp119_Sulfur_Aviation_striving,,ssp119,,0.0,non-CO2,Sulfur,Aviation,,-0.0007350590000594,-0.0007350590000594,1.0
1990.0,ssp119_contrails_Aviation_striving,,ssp119,,0.0,non-CO2,contrails,Aviation,,0.0062673539144014,0.0062673539144014,1.0
1990.0,ssp119_striving,,ssp119,,0.0,non-CO2,All,Aviation,,0.0190281915106382,0.0190281915106382,1.0
1991.0,ssp119_BC_Aviation_striving,,ssp119,,0.0,non-CO2,BC,Aviation,,0.0002561033585086,0.0002561033585086,1.0
1991.0,ssp119_CH4_Aviation_striving,,ssp119,,0.0,non-CO2,CH4,Aviation,,0.0006973664339596,0.0006973664339596,1.0
1991.0,ssp119_CO2 FFI_Aviation_striving,,ssp119,,0.0,CO2,CO2 FFI,Aviation,,0.00740758076549,0.00740758076549,1.0
1991.0,ssp119_N2O_Aviation_striving,,ssp119,,0.0,non-CO2,N2O,Aviation,,6.296053309262639e-06,6.296053309262639e-06,1.0
1991.0,ssp119_NOx aviation_Aviation_striving,,ssp119,,0.0,non-CO2,NOx aviation,Aviation,,0.0050877857428094,0.0050877857428094,1.0
1991.0,ssp119_Stratospheric water vapour_Aviation_striving,,ssp119,,0.0,non-CO2,Stratospheric water vapour,Aviation,,0.0005685896381943,0.0005685896381943,1.0
1991.0,ssp119_Sulfur_Aviation_striving,,ssp119,,0.0,non-CO2,Sulfur,Aviation,,-0.0007590935470352,-0.0007590935470352,1.0
1991.0,ssp119_contrails_Aviation_striving,,ssp119,,0.0,non-CO2,contrails,Aviation,,0.0063420688461752,0.0063420688461752,1.0
1991.0,ssp119_striving,,ssp119,,0.0,non-CO2,All,Aviation,,0.0196034818096106,0.0196034818096106,1.0
1992.0,ssp119_BC_Aviation_striving,,ssp119,,0.0,non-CO2,BC,Aviation,,0.0002606717872278,0.0002606717872278,1.0
1992.0,ssp119_CH4_Aviation_striving,,ssp119,,0.0,non-CO2,CH4,Aviation,,0.000722272087272,0.000722272087272,1.0
1992.0,ssp119_CO2 FFI_Aviation_striving,,ssp119,,0.0,CO2,CO2 FFI,Aviation,,0.0077561913485831,0.0077561913485831,1.0
1992.0,ssp119_N2O_Aviation_striving,,ssp119,,0.0,non-CO2,N2O,Aviation,,6.577235799998249e-06,6.577235799998249e-06,1.0
1992.0,ssp119_NOx aviation_Aviation_striving,,ssp119,,0.0,non-CO2,NOx aviation,Aviation,,0.0051699915559394,0.0051699915559394,1.0
1992.0,ssp119_Stratospheric water vapour_Aviation_striving,,ssp119,,0.0,non-CO2,Stratospheric water vapour,Aviation,,0.0005777765992331,0.0005777765992331,1.0
1992.0,ssp119_Sulfur_Aviation_striving,,ssp119,,0.0,non-CO2,Sulfur,Aviation,,-0.0007667039969714,-0.0007667039969714,1.0
1992.0,ssp119_contrails_Aviation_striving,,ssp119,,0.0,non-CO2,contrails,Aviation,,0.0064795156210887,0.0064795156210887,1.0
1992.0,ssp119_striving,,ssp119,,0.0,non-CO2,All,Aviation,,0.020202829882654,0.020202829882654,1.0
1993.0,ssp119_BC_Aviation_striving,,ssp119,,0.0,non-CO2,BC,Aviation,,0.0002644551406332,0.0002644551406332,1.0
1993.0,ssp119_CH4_Aviation_striving,,ssp119,,0.0,non-CO2,CH4,Aviation,,0.0007464494645781,0.0007464494645781,1.0
1993.0,ssp119_CO2 FFI_Aviation_striving,,ssp119,,0.0,CO2,CO2 FFI,Aviation,,0.0081033130946014,0.0081033130946014,1.0
1993.0,ssp119_N2O_Aviation_striving,,ssp119,,0.0,non-CO2,N2O,Aviation,,6.858339000326286e-06,6.858339000326286e-06,1.0
1993.0,ssp119_NOx aviation_Aviation_striving,,ssp119,,0.0,non-CO2,NOx aviation,Aviation,,0.0052455991676843,0.0052455991676843,1.0
1993.0,ssp119_Stratospheric water vapour_Aviation_striving,,ssp119,,0.0,non-CO2,Stratospheric water vapour,Aviation,,0.0005862261746872,0.0005862261746872,1.0
1993.0,ssp119_Sulfur_Aviation_striving,,ssp119,,0.0,non-CO2,Sulfur,Aviation,,-0.0007813630999087,-0.0007813630999087,1.0
1993.0,ssp119_contrails_Aviation_striving,,ssp119,,0.0,non-CO2,contrails,Aviation,,0.0067622754694447,0.0067622754694447,1.0
1993.0,ssp119_striving,,ssp119,,0.0,non-CO2,All,Aviation,,0.0209300998285782,0.0209300998285782,1.0
1994.0,ssp119_BC_Aviation_striving,,ssp119,,0.0,non-CO2,BC,Aviation,,0.0002683555092369,0.0002683555092369,1.0
1994.0,ssp119_CH4_Aviation_striving,,ssp119,,0.0,non-CO2,CH4,Aviation,,0.0007700240495767,0.0007700240495767,1.0
1994.0,ssp119_CO2 FFI_Aviation_striving,,ssp119,,0.0,CO2,CO2 FFI,Aviation,,0.0084471213451768,0.0084471213451768,1.0
1994.0,ssp119_N2O_Aviation_striving,,ssp119,,0.0,non-CO2,N2O,Aviation,,7.139822383317451e-06,7.139822383317451e-06,1.0
1994.0,ssp119_NOx aviation_Aviation_striving,,ssp119,,0.0,non-CO2,NOx aviation,Aviation,,0.0053480743200827,0.0053480743200827,1.0
1994.0,ssp119_Stratospheric water vapour_Aviation_striving,,ssp119,,0.0,non-CO2,Stratospheric water vapour,Aviation,,0.000597678369454,0.000597678369454,1.0
1994.0,ssp119_Sulfur_Aviation_striving,,ssp119,,0.0,non-CO2,Sulfur,Aviation,,-0.0007960584158808,-0.0007960584158808,1.0
1994.0,ssp119_contrails_Aviation_striving,,ssp119,,0.0,non-CO2,contrails,Aviation,,0.0071285933813096,0.0071285933813096,1.0
1994.0,ssp119_striving,,ssp119,,0.0,non-CO2,All,Aviation,,0.0217669534084736,0.0217669534084736,1.0
1995.0,ssp119_BC_Aviation_striving,,ssp119,,0.0,non-CO2,BC,Aviation,,0.0002748632629797,0.0002748632629797,1.0
1995.0,ssp119_CH4_Aviation_striving,,ssp119,,0.0,non-CO2,CH4,Aviation,,0.0007938493538758,0.0007938493538758,1.0
1995.0,ssp119_CO2 FFI_Aviation_striving,,ssp119,,0.0,CO2,CO2 FFI,Aviation,,0.0087972293179326,0.0087972293179326,1.0
1995.0,ssp119_N2O_Aviation_striving,,ssp119,,0.0,non-CO2,N2O,Aviation,,7.425430200602712e-06,7.425430200602712e-06,1.0
1995.0,ssp119_NOx aviation_Aviation_striving,,ssp119,,0.0,non-CO2,NOx aviation,Aviation,,0.0054822618389136,0.0054822618389136,1.0
1995.0,ssp119_Stratospheric water vapour_Aviation_striving,,ssp119,,0.0,non-CO2,Stratospheric water vapour,Aviation,,0.0006126746094962,0.0006126746094962,1.0
1995.0,ssp119_Sulfur_Aviation_striving,,ssp119,,0.0,non-CO2,Sulfur,Aviation,,-0.00081388321437,-0.00081388321437,1.0
1995.0,ssp119_contrails_Aviation_striving,,ssp119,,0.0,non-CO2,contrails,Aviation,,0.0075318730453095,0.0075318730453095,1.0
1995.0,ssp119_striving,,ssp119,,0.0,non-CO2,All,Aviation,,0.0226820487630818,0.0226820487630818,1.0
1996.0,ssp119_BC_Aviation_striving,,ssp119,,0.0,non-CO2,BC,Aviation,,0.0002819800439725,0.0002819800439725,1.0
1996.0,ssp119_CH4_Aviation_striving,,ssp119,,0.0,non-CO2,CH4,Aviation,,0.0008177882675952,0.0008177882675952,1.0
1996.0,ssp119_CO2 FFI_Aviation_striving,,ssp119,,0.0,CO2,CO2 FFI,Aviation,,0.0091579176926217,0.0091579176926217,1.0
1996.0,ssp119_N2O_Aviation_striving,,ssp119,,0.0,non-CO2,N2O,Aviation,,7.715573611788429e-06,7.715573611788429e-06,1.0
1996.0,ssp119_NOx aviation_Aviation_striving,,ssp119,,0.0,non-CO2,NOx aviation,Aviation,,0.0056372526918255,0.0056372526918255,1.0
1996.0,ssp119_Stratospheric water vapour_Aviation_striving,,ssp119,,0.0,non-CO2,Stratospheric water vapour,Aviation,,0.0006299957360903,0.0006299957360903,1.0
1996.0,ssp119_Sulfur_Aviation_striving,,ssp119,,0.0,non-CO2,Sulfur,Aviation,,-0.0008376759519387,-0.0008376759519387,1.0
1996.0,ssp119_contrails_Aviation_striving,,ssp119,,0.0,non-CO2,contrails,Aviation,,0.0079597697247748,0.0079597697247748,1.0
1996.0,ssp119_striving,,ssp119,,0.0,non-CO2,All,Aviation,,0.0236502200829022,0.0236502200829022,1.0
1997.0,ssp119_BC_Aviation_striving,,ssp119,,0.0,non-CO2,BC,Aviation,,0.0002906034902673,0.0002906034902673,1.0
1997.0,ssp119_CH4_Aviation_striving,,ssp119,,0.0,non-CO2,CH4,Aviation,,0.0008421539271241,0.0008421539271241,1.0
1997.0,ssp119_CO2 FFI_Aviation_striving,,ssp119,,0.0,CO2,CO2 FFI,Aviation,,0.0095328064486995,0.0095328064486995,1.0
1997.0,ssp119_N2O_Aviation_striving,,ssp119,,0.0,non-CO2,N2O,Aviation,,8.012428338588506e-06,8.012428338588506e-06,1.0
1997.0,ssp119_NOx aviation_Aviation_striving,,ssp119,,0.0,non-CO2,NOx aviation,Aviation,,0.0058104008865278,0.0058104008865278,1.0
1997.0,ssp119_Stratospheric water vapour_Aviation_striving,,ssp119,,0.0,non-CO2,Stratospheric water vapour,Aviation,,0.0006493460432864,0.0006493460432864,1.0
1997.0,ssp119_Sulfur_Aviation_striving,,ssp119,,0.0,non-CO2,Sulfur,Aviation,,-0.0008678437787208,-0.0008678437787208,1.0
1997.0,ssp119_contrails_Aviation_striving,,ssp119,,0.0,non-CO2,contrails,Aviation,,0.0083978001260294,0.0083978001260294,1.0
1997.0,ssp119_striving,,ssp119,,0.0,non-CO2,All,Aviation,,0.0246584630938032,0.0246584630938032,1.0
1998.0,ssp119_BC_Aviation_striving,,ssp119,,0.0,non-CO2,BC,Aviation,,0.0002995721195283,0.0002995721195283,1.0
1998.0,ssp119_CH4_Aviation_striving,,ssp119,,0.0,non-CO2,CH4,Aviation,,0.0008673210104905,0.0008673210104905,1.0
1998.0,ssp119_CO2 FFI_Aviation_striving,,ssp119,,0.0,CO2,CO2 FFI,Aviation,,0.0099209070775886,0.0099209070775886,1.0
1998.0,ssp119_N2O_Aviation_striving,,ssp119,,0.0,non-CO2,N2O,Aviation,,8.316506563743609e-06,8.316506563743609e-06,1.0
1998.0,ssp119_NOx aviation_Aviation_striving,,ssp119,,0.0,non-CO2,NOx aviation,Aviation,,0.0059810055657266,0.0059810055657266,1.0
1998.0,ssp119_Stratospheric water vapour_Aviation_striving,,ssp119,,0.0,non-CO2,Stratospheric water vapour,Aviation,,0.0006684120814965,0.0006684120814965,1.0
1998.0,ssp119_Sulfur_Aviation_striving,,ssp119,,0.0,non-CO2,Sulfur,Aviation,,-0.0008881639530677,-0.0008881639530677,1.0
1998.0,ssp119_contrails_Aviation_striving,,ssp119,,0.0,non-CO2,contrails,Aviation,,0.0088281221406297,0.0088281221406297,1.0
1998.0,ssp119_striving,,ssp119,,0.0,non-CO2,All,Aviation,,0.0256803680933676,0.0256803680933676,1.0
1999.0,ssp119_BC_Aviation_striving,,ssp119,,0.0,non-CO2,BC,Aviation,,0.000307934341659,0.000307934341659,1.0
1999.0,ssp119_CH4_Aviation_striving,,ssp119,,0.0,non-CO2,CH4,Aviation,,0.000892941084451,0.000892941084451,1.0
1999.0,ssp119_CO2 FFI_Aviation_striving,,ssp119,,0.0,CO2,CO2 FFI,Aviation,,0.010321773255741,0.010321773255741,1.0
1999.0,ssp119_N2O_Aviation_striving,,ssp119,,0.0,non-CO2,N2O,Aviation,,8.62672764367911e-06,8.62672764367911e-06,1.0
1999.0,ssp119_NOx aviation_Aviation_striving,,ssp119,,0.0,non-CO2,NOx aviation,Aviation,,0.006150811686325,0.006150811686325,1.0
1999.0,ssp119_Stratospheric water vapour_Aviation_striving,,ssp119,,0.0,non-CO2,Stratospheric water vapour,Aviation,,0.0006873888709593,0.0006873888709593,1.0
1999.0,ssp119_Sulfur_Aviation_striving,,ssp119,,0.0,non-CO2,Sulfur,Aviation,,-0.0009091241738532,-0.0009091241738532,1.0
1999.0,ssp119_contrails_Aviation_striving,,ssp119,,0.0,non-CO2,contrails,Aviation,,0.0092693157453955,0.0092693157453955,1.0
1999.0,ssp119_striving,,ssp119,,0.0,non-CO2,All,Aviation,,0.026724214666015,0.026724214666015,1.0
2000.0,ssp119_BC_Aviation_striving,,ssp119,,0.0,non-CO2,BC,Aviation,,0.0003168139083202,0.0003168139083202,1.0
2000.0,ssp119_CH4_Aviation_striving,,ssp119,,0.0,non-CO2,CH4,Aviation,,0.0009190051166126,0.0009190051166126,1.0
2000.0,ssp119_CO2 FFI_Aviation_striving,,ssp119,,0.0,CO2,CO2 FFI,Aviation,,0.0107363910707624,0.0107363910707624,1.0
2000.0,ssp119_N2O_Aviation_striving,,ssp119,,0.0,non-CO2,N2O,Aviation,,8.943674021932857e-06,8.943674021932857e-06,1.0
2000.0,ssp119_NOx aviation_Aviation_striving,,ssp119,,0.0,non-CO2,NOx aviation,Aviation,,0.0063463905655453,0.0063463905655453,1.0
2000.0,ssp119_Stratospheric water vapour_Aviation_striving,,ssp119,,0.0,non-CO2,Stratospheric water vapour,Aviation,,0.0007092459316903,0.0007092459316903,1.0
2000.0,ssp119_Sulfur_Aviation_striving,,ssp119,,0.0,non-CO2,Sulfur,Aviation,,-0.000944797251368,-0.000944797251368,1.0
2000.0,ssp119_contrails_Aviation_striving,,ssp119,,0.0,non-CO2,contrails,Aviation,,0.0097985734149176,0.0097985734149176,1.0
2000.0,ssp119_striving,,ssp119,,0.0,non-CO2,All,Aviation,,0.027884762103415,0.027884762103415,1.0
2001.0,ssp119_BC_Aviation_striving,,ssp119,,0.0,non-CO2,BC,Aviation,,0.0003277925284854,0.0003277925284854,1.0
2001.0,ssp119_CH4_Aviation_striving,,ssp119,,0.0,non-CO2,CH4,Aviation,,0.0009458888649178,0.0009458888649178,1.0
2001.0,ssp119_CO2 FFI_Aviation_striving,,ssp119,,0.0,CO2,CO2 FFI,Aviation,,0.0111679563460482,0.0111679563460482,1.0
2001.0,ssp119_N2O_Aviation_striving,,ssp119,,0.0,non-CO2,N2O,Aviation,,9.270361132074356e-06,9.270361132074356e-06,1.0
2001.0,ssp119_NOx aviation_Aviation_striving,,ssp119,,0.0,non-CO2,NOx aviation,Aviation,,0.0065101808035155,0.0065101808035155,1.0
2001.0,ssp119_Stratospheric water vapour_Aviation_striving,,ssp119,,0.0,non-CO2,Stratospheric water vapour,Aviation,,0.0007275504308106,0.0007275504308106,1.0
2001.0,ssp119_Sulfur_Aviation_striving,,ssp119,,0.0,non-CO2,Sulfur,Aviation,,-0.0009882871785005,-0.0009882871785005,1.0
2001.0,ssp119_contrails_Aviation_striving,,ssp119,,0.0,non-CO2,contrails,Aviation,,0.0103385549146313,0.0103385549146313,1.0
2001.0,ssp119_striving,,ssp119,,0.0,non-CO2,All,Aviation,,0.0290327260331562,0.0290327260331562,1.0
2002.0,ssp119_BC_Aviation_striving,,ssp119,,0.0,non-CO2,BC,Aviation,,0.0003334447321226,0.0003334447321226,1.0
2002.0,ssp119_CH4_Aviation_striving,,ssp119,,0.0,non-CO2,CH4,Aviation,,0.0009720728595454,0.0009720728595454,1.0
2002.0,ssp119_CO2 FFI_Aviation_striving,,ssp119,,0.0,CO2,CO2 FFI,Aviation,,0.0116041415782981,0.0116041415782981,1.0
2002.0,ssp119_N2O_Aviation_striving,,ssp119,,0.0,non-CO2,N2O,Aviation,,9.598828794477043e-06,9.598828794477043e-06,1.0
2002.0,ssp119_NOx aviation_Aviation_striving,,ssp119,,0.0,non-CO2,NOx aviation,Aviation,,0.0066086206742348,0.0066086206742348,1.0
2002.0,ssp119_Stratospheric water vapour_Aviation_striving,,ssp119,,0.0,non-CO2,Stratospheric water vapour,Aviation,,0.0007385516376585,0.0007385516376585,1.0
2002.0,ssp119_Sulfur_Aviation_striving,,ssp119,,0.0,non-CO2,Sulfur,Aviation,,-0.0010114359155766,-0.0010114359155766,1.0
2002.0,ssp119_contrails_Aviation_striving,,ssp119,,0.0,non-CO2,contrails,Aviation,,0.010724447464913,0.010724447464913,1.0
2002.0,ssp119_striving,,ssp119,,0.0,non-CO2,All,Aviation,,0.0299728620079301,0.0299728620079301,1.0
2003.0,ssp119_BC_Aviation_striving,,ssp119,,0.0,non-CO2,BC,Aviation,,0.0003377909416648,0.0003377909416648,1.0
2003.0,ssp119_CH4_Aviation_striving,,ssp119,,0.0,non-CO2,CH4,Aviation,,0.0009974432993109,0.0009974432993109,1.0
2003.0,ssp119_CO2 FFI_Aviation_striving,,ssp119,,0.0,CO2,CO2 FFI,Aviation,,0.0120414230435745,0.0120414230435745,1.0
2003.0,ssp119_N2O_Aviation_striving,,ssp119,,0.0,non-CO2,N2O,Aviation,,9.92723834380982e-06,9.92723834380982e-06,1.0
2003.0,ssp119_NOx aviation_Aviation_striving,,ssp119,,0.0,non-CO2,NOx aviation,Aviation,,0.0066907367029964,0.0066907367029964,1.0
2003.0,ssp119_Stratospheric water vapour_Aviation_striving,,ssp119,,0.0,non-CO2,Stratospheric water vapour,Aviation,,0.0007477285576213,0.0007477285576213,1.0
2003.0,ssp119_Sulfur_Aviation_striving,,ssp119,,0.0,non-CO2,Sulfur,Aviation,,-0.0010219777522186,-0.0010219777522186,1.0
2003.0,ssp119_contrails_Aviation_striving,,ssp119,,0.0,non-CO2,contrails,Aviation,,0.0110389382898929,0.0110389382898929,1.0
2003.0,ssp119_striving,,ssp119,,0.0,non-CO2,All,Aviation,,0.0308350190814061,0.0308350190814061,1.0
2004.0,ssp119_BC_Aviation_striving,,ssp119,,0.0,non-CO2,BC,Aviation,,0.0003417866700672,0.0003417866700672,1.0
2004.0,ssp119_CH4_Aviation_striving,,ssp119,,0.0,non-CO2,CH4,Aviation,,0.001021752681183,0.001021752681183,1.0
2004.0,ssp119_CO2 FFI_Aviation_striving,,ssp119,,0.0,CO2,CO2 FFI,Aviation,,0.0124794605758209,0.0124794605758209,1.0
2004.0,ssp119_N2O_Aviation_striving,,ssp119,,0.0,non-CO2,N2O,Aviation,,1.025484448202718e-05,1.025484448202718e-05,1.0
2004.0,ssp119_NOx aviation_Aviation_striving,,ssp119,,0.0,non-CO2,NOx aviation,Aviation,,0.0068136249354118,0.0068136249354118,1.0
2004.0,ssp119_Stratospheric water vapour_Aviation_striving,,ssp119,,0.0,non-CO2,Stratospheric water vapour,Aviation,,0.000761462015365,0.000761462015365,1.0
2004.0,ssp119_Sulfur_Aviation_striving,,ssp119,,0.0,non-CO2,Sulfur,Aviation,,-0.0010288063236512,-0.0010288063236512,1.0
2004.0,ssp119_contrails_Aviation_striving,,ssp119,,0.0,non-CO2,contrails,Aviation,,0.0115432167791711,0.0115432167791711,1.0
2004.0,ssp119_striving,,ssp119,,0.0,non-CO2,All,Aviation,,0.0319353456289295,0.0319353456289295,1.0
2005.0,ssp119_BC_Aviation_striving,,ssp119,,0.0,non-CO2,BC,Aviation,,0.0003502758401296,0.0003502758401296,1.0
2005.0,ssp119_CH4_Aviation_striving,,ssp119,,0.0,non-CO2,CH4,Aviation,,0.001045948079263,0.001045948079263,1.0
2005.0,ssp119_CO2 FFI_Aviation_striving,,ssp119,,0.0,CO2,CO2 FFI,Aviation,,0.0129276970191634,0.0129276970191634,1.0
2005.0,ssp119_N2O_Aviation_striving,,ssp119,,0.0,non-CO2,N2O,Aviation,,1.0587867972589038e-05,1.0587867972589038e-05,1.0
2005.0,ssp119_NOx aviation_Aviation_striving,,ssp119,,0.0,non-CO2,NOx aviation,Aviation,,0.0070076905905254,0.0070076905905254,1.0
2005.0,ssp119_Stratospheric water vapour_Aviation_striving,,ssp119,,0.0,non-CO2,Stratospheric water vapour,Aviation,,0.0007831499601009,0.0007831499601009,1.0
2005.0,ssp119_Sulfur_Aviation_striving,,ssp119,,0.0,non-CO2,Sulfur,Aviation,,-0.0010498855792546,-0.0010498855792546,1.0
2005.0,ssp119_contrails_Aviation_striving,,ssp119,,0.0,non-CO2,contrails,Aviation,,0.0122382362303365,0.0122382362303365,1.0
2005.0,ssp119_striving,,ssp119,,0.0,non-CO2,All,Aviation,,0.0333058725817294,0.0333058725817294,1.0
2006.0,ssp119_BC_Aviation_striving,,ssp119,,0.0,non-CO2,BC,Aviation,,0.0003615035130968,0.0003615035130968,1.0
2006.0,ssp119_CH4_Aviation_striving,,ssp119,,0.0,non-CO2,CH4,Aviation,,0.0010707109539478,0.0010707109539478,1.0
2006.0,ssp119_CO2 FFI_Aviation_striving,,ssp119,,0.0,CO2,CO2 FFI,Aviation,,0.0133914587497634,0.0133914587497634,1.0
2006.0,ssp119_N2O_Aviation_striving,,ssp119,,0.0,non-CO2,N2O,Aviation,,1.09301222495084e-05,1.09301222495084e-05,1.0
2006.0,ssp119_NOx aviation_Aviation_striving,,ssp119,,0.0,non-CO2,NOx aviation,Aviation,,0.0072137824193991,0.0072137824193991,1.0
2006.0,ssp119_Stratospheric water vapour_Aviation_striving,,ssp119,,0.0,non-CO2,Stratospheric water vapour,Aviation,,0.0008061818816296,0.0008061818816296,1.0
2006.0,ssp119_Sulfur_Aviation_striving,,ssp119,,0.0,non-CO2,Sulfur,Aviation,,-0.0010774849035966,-0.0010774849035966,1.0
2006.0,ssp119_contrails_Aviation_striving,,ssp119,,0.0,non-CO2,contrails,Aviation,,0.0129367571714766,0.0129367571714766,1.0
2006.0,ssp119_striving,,ssp119,,0.0,non-CO2,All,Aviation,,0.0347055736156634,0.0347055736156634,1.0
2007.0,ssp119_BC_Aviation_striving,,ssp119,,0.0,non-CO2,BC,Aviation,,0.0003712151309771,0.0003712151309771,1.0
2007.0,ssp119_CH4_Aviation_striving,,ssp119,,0.0,non-CO2,CH4,Aviation,,0.0010956552069949,0.0010956552069949,1.0
2007.0,ssp119_CO2 FFI_Aviation_striving,,ssp119,,0.0,CO2,CO2 FFI,Aviation,,0.0138661276411744,0.0138661276411744,1.0
2007.0,ssp119_N2O_Aviation_striving,,ssp119,,0.0,non-CO2,N2O,Aviation,,1.1279064707769848e-05,1.1279064707769848e-05,1.0
2007.0,ssp119_NOx aviation_Aviation_striving,,ssp119,,0.0,non-CO2,NOx aviation,Aviation,,0.0074063303265714,0.0074063303265714,1.0
2007.0,ssp119_Stratospheric water vapour_Aviation_striving,,ssp119,,0.0,non-CO2,Stratospheric water vapour,Aviation,,0.0008277001787251,0.0008277001787251,1.0
2007.0,ssp119_Sulfur_Aviation_striving,,ssp119,,0.0,non-CO2,Sulfur,Aviation,,-0.0010998162351385,-0.0010998162351385,1.0
2007.0,ssp119_contrails_Aviation_striving,,ssp119,,0.0,non-CO2,contrails,Aviation,,0.0136223034989819,0.0136223034989819,1.0
2007.0,ssp119_striving,,ssp119,,0.0,non-CO2,All,Aviation,,0.036092064864299,0.036092064864299,1.0
2008.0,ssp119_BC_Aviation_striving,,ssp119,,0.0,non-CO2,BC,Aviation,,0.0003810652787845,0.0003810652787845,1.0
2008.0,ssp119_CH4_Aviation_striving,,ssp119,,0.0,non-CO2,CH4,Aviation,,0.0011206383330759,0.0011206383330759,1.0
2008.0,ssp119_CO2 FFI_Aviation_striving,,ssp119,,0.0,CO2,CO2 FFI,Aviation,,0.0143516561182373,0.0143516561182373,1.0
2008.0,ssp119_N2O_Aviation_striving,,ssp119,,0.0,non-CO2,N2O,Aviation,,1.1634733195986511e-05,1.1634733195986511e-05,1.0
2008.0,ssp119_NOx aviation_Aviation_striving,,ssp119,,0.0,non-CO2,NOx aviation,Aviation,,0.0075764434227627,0.0075764434227627,1.0
2008.0,ssp119_Stratospheric water vapour_Aviation_striving,,ssp119,,0.0,non-CO2,Stratospheric water vapour,Aviation,,0.0008467112394507,0.0008467112394507,1.0
2008.0,ssp119_Sulfur_Aviation_striving,,ssp119,,0.0,non-CO2,Sulfur,Aviation,,-0.0011260677614515,-0.0011260677614515,1.0
2008.0,ssp119_contrails_Aviation_striving,,ssp119,,0.0,non-CO2,contrails,Aviation,,0.014283226713915,0.014283226713915,1.0
2008.0,ssp119_striving,,ssp119,,0.0,non-CO2,All,Aviation,,0.037436089010693,0.037436089010693,1.0
2009.0,ssp119_BC_Aviation_striving,,ssp119,,0.0,non-CO2,BC,Aviation,,0.0003884968806304,0.0003884968806304,1.0
2009.0,ssp119_CH4_Aviation_striving,,ssp119,,0.0,non-CO2,CH4,Aviation,,0.0011450355157505,0.0011450355157505,1.0
2009.0,ssp119_CO2 FFI_Aviation_striving,,ssp119,,0.0,CO2,CO2 FFI,Aviation,,0.0148438992470794,0.0148438992470794,1.0
2009.0,ssp119_N2O_Aviation_striving,,ssp119,,0.0,non-CO2,N2O,Aviation,,1.1993541918942086e-05,1.1993541918942086e-05,1.0
2009.0,ssp119_NOx aviation_Aviation_striving,,ssp119,,0.0,non-CO2,NOx aviation,Aviation,,0.0076624395320077,0.0076624395320077,1.0
2009.0,ssp119_Stratospheric water vapour_Aviation_striving,,ssp119,,0.0,non-CO2,Stratospheric water vapour,Aviation,,0.0008563217370571,0.0008563217370571,1.0
2009.0,ssp119_Sulfur_Aviation_striving,,ssp119,,0.0,non-CO2,Sulfur,Aviation,,-0.0011500290633352,-0.0011500290633352,1.0
2009.0,ssp119_contrails_Aviation_striving,,ssp119,,0.0,non-CO2,contrails,Aviation,,0.0147902044442953,0.0147902044442953,1.0
2009.0,ssp119_striving,,ssp119,,0.0,non-CO2,All,Aviation,,0.0385386266407079,0.0385386266407079,1.0
2010.0,ssp119_BC_Aviation_striving,,ssp119,,0.0,non-CO2,BC,Aviation,,0.0003898015654013,0.0003898015654013,1.0
2010.0,ssp119_CH4_Aviation_striving,,ssp119,,0.0,non-CO2,CH4,Aviation,,0.0011677174031305,0.0011677174031305,1.0
2010.0,ssp119_CO2 FFI_Aviation_striving,,ssp119,,0.0,CO2,CO2 FFI,Aviation,,0.0153304052065166,0.0153304052065166,1.0
2010.0,ssp119_N2O_Aviation_striving,,ssp119,,0.0,non-CO2,N2O,Aviation,,1.2346686533160067e-05,1.2346686533160067e-05,1.0
2010.0,ssp119_NOx aviation_Aviation_striving,,ssp119,,0.0,non-CO2,NOx aviation,Aviation,,0.0077304861298876,0.0077304861298876,1.0
2010.0,ssp119_Stratospheric water vapour_Aviation_striving,,ssp119,,0.0,non-CO2,Stratospheric water vapour,Aviation,,0.0008639262846079,0.0008639262846079,1.0
2010.0,ssp119_Sulfur_Aviation_striving,,ssp119,,0.0,non-CO2,Sulfur,Aviation,,-0.0011584863909432,-0.0011584863909432,1.0
2010.0,ssp119_contrails_Aviation_striving,,ssp119,,0.0,non-CO2,contrails,Aviation,,0.0153216677914749,0.0153216677914749,1.0
2010.0,ssp119_striving,,ssp119,,0.0,non-CO2,All,Aviation,,0.0396475966505542,0.0396475966505542,1.0
2011.0,ssp119_BC_Aviation_striving,,ssp119,,0.0,non-CO2,BC,Aviation,,0.0003954091580467,0.0003954091580467,1.0
2011.0,ssp119_CH4_Aviation_striving,,ssp119,,0.0,non-CO2,CH4,Aviation,,0.0011899234068279,0.0011899234068279,1.0
2011.0,ssp119_CO2 FFI_Aviation_striving,,ssp119,,0.0,CO2,CO2 FFI,Aviation,,0.0158203058193431,0.0158203058193431,1.0
2011.0,ssp119_N2O_Aviation_striving,,ssp119,,0.0,non-CO2,N2O,Aviation,,1.2700297360668245e-05,1.2700297360668245e-05,1.0
2011.0,ssp119_NOx aviation_Aviation_striving,,ssp119,,0.0,non-CO2,NOx aviation,Aviation,,0.0078660641666015,0.0078660641666015,1.0
2011.0,ssp119_Stratospheric water vapour_Aviation_striving,,ssp119,,0.0,non-CO2,Stratospheric water vapour,Aviation,,0.0008790778697371,0.0008790778697371,1.0
2011.0,ssp119_Sulfur_Aviation_striving,,ssp119,,0.0,non-CO2,Sulfur,Aviation,,-0.0011754665557732,-0.0011754665557732,1.0
2011.0,ssp119_contrails_Aviation_striving,,ssp119,,0.0,non-CO2,contrails,Aviation,,0.0160526492518271,0.0160526492518271,1.0
2011.0,ssp119_striving,,ssp119,,0.0,non-CO2,All,Aviation,,0.0410298602299292,0.0410298602299292,1.0
2012.0,ssp119_BC_Aviation_striving,,ssp119,,0.0,non-CO2,BC,Aviation,,0.0004035727710796,0.0004035727710796,1.0
2012.0,ssp119_CH4_Aviation_striving,,ssp119,,0.0,non-CO2,CH4,Aviation,,0.001212081849683,0.001212081849683,1.0
2012.0,ssp119_CO2 FFI_Aviation_striving,,ssp119,,0.0,CO2,CO2 FFI,Aviation,,0.0163193320335046,0.0163193320335046,1.0
2012.0,ssp119_N2O_Aviation_striving,,ssp119,,0.0,non-CO2,N2O,Aviation,,1.305779820093278e-05,1.305779820093278e-05,1.0
2012.0,ssp119_NOx aviation_Aviation_striving,,ssp119,,0.0,non-CO2,NOx aviation,Aviation,,0.0080213717714507,0.0080213717714507,1.0
2012.0,ssp119_Stratospheric water vapour_Aviation_striving,,ssp119,,0.0,non-CO2,Stratospheric water vapour,Aviation,,0.0008964343321939,0.0008964343321939,1.0
2012.0,ssp119_Sulfur_Aviation_striving,,ssp119,,0.0,non-CO2,Sulfur,Aviation,,-0.0012010604403291,-0.0012010604403291,1.0
2012.0,ssp119_contrails_Aviation_striving,,ssp119,,0.0,non-CO2,contrails,Aviation,,0.0168011120539821,0.0168011120539821,1.0
2012.0,ssp119_striving,,ssp119,,0.0,non-CO2,All,Aviation,,0.0424545622300414,0.0424545622300414,1.0
2013.0,ssp119_BC_Aviation_striving,,ssp119,,0.0,non-CO2,BC,Aviation,,0.0004111902654309,0.0004111902654309,1.0
2013.0,ssp119_CH4_Aviation_striving,,ssp119,,0.0,non-CO2,CH4,Aviation,,0.0012343017436744,0.0012343017436744,1.0
2013.0,ssp119_CO2 FFI_Aviation_striving,,ssp119,,0.0,CO2,CO2 FFI,Aviation,,0.0168257678803958,0.0168257678803958,1.0
2013.0,ssp119_N2O_Aviation_striving,,ssp119,,0.0,non-CO2,N2O,Aviation,,1.3418598096226477e-05,1.3418598096226477e-05,1.0
2013.0,ssp119_NOx aviation_Aviation_striving,,ssp119,,0.0,non-CO2,NOx aviation,Aviation,,0.0081812192332326,0.0081812192332326,1.0
2013.0,ssp119_Stratospheric water vapour_Aviation_striving,,ssp119,,0.0,non-CO2,Stratospheric water vapour,Aviation,,0.0009142981448244,0.0009142981448244,1.0
2013.0,ssp119_Sulfur_Aviation_striving,,ssp119,,0.0,non-CO2,Sulfur,Aviation,,-0.0012219583894936,-0.0012219583894936,1.0
2013.0,ssp119_contrails_Aviation_striving,,ssp119,,0.0,non-CO2,contrails,Aviation,,0.017495655889576,0.017495655889576,1.0
2013.0,ssp119_striving,,ssp119,,0.0,non-CO2,All,Aviation,,0.0438420058226958,0.0438420058226958,1.0
2014.0,ssp119_BC_Aviation_striving,,ssp119,,0.0,non-CO2,BC,Aviation,,0.0004198116317331,0.0004198116317331,1.0
2014.0,ssp119_CH4_Aviation_striving,,ssp119,,0.0,non-CO2,CH4,Aviation,,0.0012568963346175,0.0012568963346175,1.0
2014.0,ssp119_CO2 FFI_Aviation_striving,,ssp119,,0.0,CO2,CO2 FFI,Aviation,,0.0173426424969793,0.0173426424969793,1.0
2014.0,ssp119_N2O_Aviation_striving,,ssp119,,0.0,non-CO2,N2O,Aviation,,1.3783758908925137e-05,1.3783758908925137e-05,1.0
2014.0,ssp119_NOx aviation_Aviation_striving,,ssp119,,0.0,non-CO2,NOx aviation,Aviation,,0.0083641502614506,0.0083641502614506,1.0
2014.0,ssp119_Stratospheric water vapour_Aviation_striving,,ssp119,,0.0,non-CO2,Stratospheric water vapour,Aviation,,0.0009347416609555,0.0009347416609555,1.0
2014.0,ssp119_Sulfur_Aviation_striving,,ssp119,,0.0,non-CO2,Sulfur,Aviation,,-0.0012500129563846,-0.0012500129563846,1.0
2014.0,ssp119_contrails_Aviation_striving,,ssp119,,0.0,non-CO2,contrails,Aviation,,0.0181931446566854,0.0181931446566854,1.0
2014.0,ssp119_striving,,ssp119,,0.0,non-CO2,All,Aviation,,0.0452627134468492,0.0452627134468492,1.0
2015.0,ssp119_BC_Aviation_striving,,ssp119,,0.0,non-CO2,BC,Aviation,,0.0004297777667399,0.0004297777667399,1.0
2015.0,ssp119_CH4_Aviation_striving,,ssp119,,0.0,non-CO2,CH4,Aviation,,0.0012804672277646,0.0012804672277646,1.0
2015.0,ssp119_CO2 FFI_Aviation_striving,,ssp119,,0.0,CO2,CO2 FFI,Aviation,,0.0178714750670714,0.0178714750670714,1.0
2015.0,ssp119_N2O_Aviation_striving,,ssp119,,0.0,non-CO2,N2O,Aviation,,1.4155311893304656e-05,1.4155311893304656e-05,1.0
2015.0,ssp119_NOx aviation_Aviation_striving,,ssp119,,0.0,non-CO2,NOx aviation,Aviation,,0.0085925123321541,0.0085925123321541,1.0
2015.0,ssp119_Stratospheric water vapour_Aviation_striving,,ssp119,,0.0,non-CO2,Stratospheric water vapour,Aviation,,0.0009602623461626,0.0009602623461626,1.0
2015.0,ssp119_Sulfur_Aviation_striving,,ssp119,,0.0,non-CO2,Sulfur,Aviation,,-0.0012785222876272,-0.0012785222876272,1.0
2015.0,ssp119_contrails_Aviation_striving,,ssp119,,0.0,non-CO2,contrails,Aviation,,0.0189544641110537,0.0189544641110537,1.0
2015.0,ssp119_striving,,ssp119,,0.0,non-CO2,All,Aviation,,0.0468115740794936,0.0468115740794936,1.0
2016.0,ssp119_BC_Aviation_striving,,ssp119,,0.0,non-CO2,BC,Aviation,,0.0004430095011536,0.0004430095011536,1.0
2016.0,ssp119_CH4_Aviation_striving,,ssp119,,0.0,non-CO2,CH4,Aviation,,0.001305749176758,0.001305749176758,1.0
2016.0,ssp119_CO2 FFI_Aviation_striving,,ssp119,,0.0,CO2,CO2 FFI,Aviation,,0.0184198579412462,0.0184198579412462,1.0
2016.0,ssp119_N2O_Aviation_striving,,ssp119,,0.0,non-CO2,N2O,Aviation,,1.4537540384607084e-05,1.4537540384607084e-05,1.0
2016.0,ssp119_NOx aviation_Aviation_striving,,ssp119,,0.0,non-CO2,NOx aviation,Aviation,,0.0088741891747343,0.0088741891747343,1.0
2016.0,ssp119_Stratospheric water vapour_Aviation_striving,,ssp119,,0.0,non-CO2,Stratospheric water vapour,Aviation,,0.000991741247095,0.000991741247095,1.0
2016.0,ssp119_Sulfur_Aviation_striving,,ssp119,,0.0,non-CO2,Sulfur,Aviation,,-0.0013293439453363,-0.0013293439453363,1.0
2016.0,ssp119_contrails_Aviation_striving,,ssp119,,0.0,non-CO2,contrails,Aviation,,0.0198072444678116,0.0198072444678116,1.0
2016.0,ssp119_striving,,ssp119,,0.0,non-CO2,All,Aviation,,0.0485133700258075,0.0485133700258075,1.0
2017.0,ssp119_BC_Aviation_striving,,ssp119,,0.0,non-CO2,BC,Aviation,,0.0004583856123521,0.0004583856123521,1.0
2017.0,ssp119_CH4_Aviation_striving,,ssp119,,0.0,non-CO2,CH4,Aviation,,0.0013332946465631,0.0013332946465631,1.0
2017.0,ssp119_CO2 FFI_Aviation_striving,,ssp119,,0.0,CO2,CO2 FFI,Aviation,,0.0189912580011704,0.0189912580011704,1.0
2017.0,ssp119_N2O_Aviation_striving,,ssp119,,0.0,non-CO2,N2O,Aviation,,1.4933203624556413e-05,1.4933203624556413e-05,1.0
2017.0,ssp119_NOx aviation_Aviation_striving,,ssp119,,0.0,non-CO2,NOx aviation,Aviation,,0.0092039124442402,0.0092039124442402,1.0
2017.0,ssp119_Stratospheric water vapour_Aviation_striving,,ssp119,,0.0,non-CO2,Stratospheric water vapour,Aviation,,0.0010285896015991,0.0010285896015991,1.0
2017.0,ssp119_Sulfur_Aviation_striving,,ssp119,,0.0,non-CO2,Sulfur,Aviation,,-0.0013909929791016,-0.0013909929791016,1.0
2017.0,ssp119_contrails_Aviation_striving,,ssp119,,0.0,non-CO2,contrails,Aviation,,0.0207333253332677,0.0207333253332677,1.0
2017.0,ssp119_striving,,ssp119,,0.0,non-CO2,All,Aviation,,0.0503584592592099,0.0503584592592099,1.0
2018.0,ssp119_BC_Aviation_striving,,ssp119,,0.0,non-CO2,BC,Aviation,,0.0004764942892099,0.0004764942892099,1.0
2018.0,ssp119_CH4_Aviation_striving,,ssp119,,0.0,non-CO2,CH4,Aviation,,0.0013637503598034,0.0013637503598034,1.0
2018.0,ssp119_CO2 FFI_Aviation_striving,,ssp119,,0.0,CO2,CO2 FFI,Aviation,,0.0195901633450492,0.0195901633450492,1.0
2018.0,ssp119_N2O_Aviation_striving,,ssp119,,0.0,non-CO2,N2O,Aviation,,1.5345992851800716e-05,1.5345992851800716e-05,1.0
2018.0,ssp119_NOx aviation_Aviation_striving,,ssp119,,0.0,non-CO2,NOx aviation,Aviation,,0.0095771364021499,0.0095771364021499,1.0
2018.0,ssp119_Stratospheric water vapour_Aviation_striving,,ssp119,,0.0,non-CO2,Stratospheric water vapour,Aviation,,0.0010702993869518,0.0010702993869518,1.0
2018.0,ssp119_Sulfur_Aviation_striving,,ssp119,,0.0,non-CO2,Sulfur,Aviation,,-0.0014635835177465,-0.0014635835177465,1.0
2018.0,ssp119_contrails_Aviation_striving,,ssp119,,0.0,non-CO2,contrails,Aviation,,0.0216319276828576,0.0216319276828576,1.0
2018.0,ssp119_striving,,ssp119,,0.0,non-CO2,All,Aviation,,0.0522466138196231,0.0522466138196231,1.0
2019.0,ssp119_BC_Aviation_striving,,ssp119,,0.0,non-CO2,BC,Aviation,,0.000496287889522,0.000496287889522,1.0
2019.0,ssp119_CH4_Aviation_striving,,ssp119,,0.0,non-CO2,CH4,Aviation,,0.0013973933217474,0.0013973933217474,1.0
2019.0,ssp119_CO2 FFI_Aviation_striving,,ssp119,,0.0,CO2,CO2 FFI,Aviation,,0.0202186087508615,0.0202186087508615,1.0
2019.0,ssp119_N2O_Aviation_striving,,ssp119,,0.0,non-CO2,N2O,Aviation,,1.5778105373120965e-05,1.5778105373120965e-05,1.0
2019.0,ssp119_NOx aviation_Aviation_striving,,ssp119,,0.0,non-CO2,NOx aviation,Aviation,,0.0097954297877291,0.0097954297877291,1.0
2019.0,ssp119_Stratospheric water vapour_Aviation_striving,,ssp119,,0.0,non-CO2,Stratospheric water vapour,Aviation,,0.0010946947152699,0.0010946947152699,1.0
2019.0,ssp119_Sulfur_Aviation_striving,,ssp119,,0.0,non-CO2,Sulfur,Aviation,,-0.0015446033564952,-0.0015446033564952,1.0
2019.0,ssp119_contrails_Aviation_striving,,ssp119,,0.0,non-CO2,contrails,Aviation,,0.0223618292349769,0.0223618292349769,1.0
2019.0,ssp119_striving,,ssp119,,0.0,non-CO2,All,Aviation,,0.0538197767537704,0.0538197767537704,1.0
2020.0,ssp119_BC_Aviation_striving,,ssp119,,0.0,non-CO2,BC,Aviation,,0.0004986602204499,0.0004986602204499,1.1
2020.0,ssp119_CH4_Aviation_striving,,ssp119,,0.0,non-CO2,CH4,Aviation,,0.0014293802844846,0.0014293802844846,1.1
2020.0,ssp119_CO2 FFI_Aviation_striving,,ssp119,,0.0,CO2,CO2 FFI,Aviation,,0.0208386389689501,0.0208386389689501,1.1
2020.0,ssp119_N2O_Aviation_striving,,ssp119,,0.0,non-CO2,N2O,Aviation,,1.6204248681539468e-05,1.6204248681539468e-05,1.1
2020.0,ssp119_NOx aviation_Aviation_striving,,ssp119,,0.0,non-CO2,NOx aviation,Aviation,,0.0093474229850856,0.0093474229850856,1.1
2020.0,ssp119_Stratospheric water vapour_Aviation_striving,,ssp119,,0.0,non-CO2,Stratospheric water vapour,Aviation,,0.0010446270471506,0.0010446270471506,1.1
2020.0,ssp119_Sulfur_Aviation_striving,,ssp119,,0.0,non-CO2,Sulfur,Aviation,,-0.0015711541349334,-0.0015711541349334,1.1
2020.0,ssp119_contrails_Aviation_striving,,ssp119,,0.0,non-CO2,contrails,Aviation,,0.0217173809772492,0.0217173809772492,1.1
2020.0,ssp119_striving,,ssp119,,0.0,non-CO2,All,Aviation,,0.0533047633739971,0.0533047633739971,1.1
2021.0,ssp119_BC_Aviation_striving,,ssp119,,0.0,non-CO2,BC,Aviation,,0.000450785466187,0.000450785466187,1.1083333333333334
2021.0,ssp119_CH4_Aviation_striving,,ssp119,,0.0,non-CO2,CH4,Aviation,,0.0014465392992302,0.0014465392992302,1.1083333333333334
2021.0,ssp119_CO2 FFI_Aviation_striving,,ssp119,,0.0,CO2,CO2 FFI,Aviation,,0.0213460498804551,0.0213460498804551,1.1083333333333334
2021.0,ssp119_N2O_Aviation_striving,,ssp119,,0.0,non-CO2,N2O,Aviation,,1.6552854186224764e-05,1.6552854186224764e-05,1.1083333333333334
2021.0,ssp119_NOx aviation_Aviation_striving,,ssp119,,0.0,non-CO2,NOx aviation,Aviation,,0.0086288315067299,0.0086288315067299,1.1083333333333334
2021.0,ssp119_Stratospheric water vapour_Aviation_striving,,ssp119,,0.0,non-CO2,Stratospheric water vapour,Aviation,,0.0009643200202695,0.0009643200202695,1.1083333333333334
2021.0,ssp119_Sulfur_Aviation_striving,,ssp119,,0.0,non-CO2,Sulfur,Aviation,,-0.0014293824666142,-0.0014293824666142,1.1083333333333334
2021.0,ssp119_contrails_Aviation_striving,,ssp119,,0.0,non-CO2,contrails,Aviation,,0.0203553687491502,0.0203553687491502,1.1083333333333334
2021.0,ssp119_striving,,ssp119,,0.0,non-CO2,All,Aviation,,0.0517619583951829,0.0517619583951829,1.1083333333333334
2022.0,ssp119_BC_Aviation_striving,,ssp119,,0.0,non-CO2,BC,Aviation,,0.0004256809931688,0.0004256809931688,1.1166666666666667
2022.0,ssp119_CH4_Aviation_striving,,ssp119,,0.0,non-CO2,CH4,Aviation,,0.001456288363435,0.001456288363435,1.1166666666666667
2022.0,ssp119_CO2 FFI_Aviation_striving,,ssp119,,0.0,CO2,CO2 FFI,Aviation,,0.0218025927112412,0.0218025927112412,1.1166666666666667
2022.0,ssp119_N2O_Aviation_striving,,ssp119,,0.0,non-CO2,N2O,Aviation,,1.6859466223539954e-05,1.6859466223539954e-05,1.1166666666666667
2022.0,ssp119_NOx aviation_Aviation_striving,,ssp119,,0.0,non-CO2,NOx aviation,Aviation,,0.008417633416051,0.008417633416051,1.1166666666666667
2022.0,ssp119_Stratospheric water vapour_Aviation_striving,,ssp119,,0.0,non-CO2,Stratospheric water vapour,Aviation,,0.0009407173322395,0.0009407173322395,1.1166666666666667
2022.0,ssp119_Sulfur_Aviation_striving,,ssp119,,0.0,non-CO2,Sulfur,Aviation,,-0.0013637904911587,-0.0013637904911587,1.1166666666666667
2022.0,ssp119_contrails_Aviation_striving,,ssp119,,0.0,non-CO2,contrails,Aviation,,0.0202321468982116,0.0202321468982116,1.1166666666666667
2022.0,ssp119_striving,,ssp119,,0.0,non-CO2,All,Aviation,,0.0519104466169062,0.0519104466169062,1.1166666666666667
2023.0,ssp119_BC_Aviation_striving,,ssp119,,0.0,non-CO2,BC,Aviation,,0.0004293365027201,0.0004293365027201,1.125
2023.0,ssp119_CH4_Aviation_striving,,ssp119,,0.0,non-CO2,CH4,Aviation,,0.0014670219448267,0.0014670219448267,1.125
2023.0,ssp119_CO2 FFI_Aviation_striving,,ssp119,,0.0,CO2,CO2 FFI,Aviation,,0.0222733781125772,0.0222733781125772,1.125
2023.0,ssp119_N2O_Aviation_striving,,ssp119,,0.0,non-CO2,N2O,Aviation,,1.7167030909481795e-05,1.7167030909481795e-05,1.125
2023.0,ssp119_NOx aviation_Aviation_striving,,ssp119,,0.0,non-CO2,NOx aviation,Aviation,,0.0086361474817699,0.0086361474817699,1.125
2023.0,ssp119_Stratospheric water vapour_Aviation_striving,,ssp119,,0.0,non-CO2,Stratospheric water vapour,Aviation,,0.0009651375749748,0.0009651375749748,1.125
2023.0,ssp119_Sulfur_Aviation_striving,,ssp119,,0.0,non-CO2,Sulfur,Aviation,,-0.0013976161897217,-0.0013976161897217,1.125
2023.0,ssp119_contrails_Aviation_striving,,ssp119,,0.0,non-CO2,contrails,Aviation,,0.0210303208432856,0.0210303208432856,1.125
2023.0,ssp119_striving,,ssp119,,0.0,non-CO2,All,Aviation,,0.053402744359271,0.053402744359271,1.125
2024.0,ssp119_BC_Aviation_striving,,ssp119,,0.0,non-CO2,BC,Aviation,,0.0004478702043193,0.0004478702043193,1.1333333333333335
2024.0,ssp119_CH4_Aviation_striving,,ssp119,,0.0,non-CO2,CH4,Aviation,,0.0014827514542665,0.0014827514542665,1.1333333333333335
2024.0,ssp119_CO2 FFI_Aviation_striving,,ssp119,,0.0,CO2,CO2 FFI,Aviation,,0.0227869462725647,0.0227869462725647,1.1333333333333335
2024.0,ssp119_N2O_Aviation_striving,,ssp119,,0.0,non-CO2,N2O,Aviation,,1.7497214161776853e-05,1.7497214161776853e-05,1.1333333333333335
2024.0,ssp119_NOx aviation_Aviation_striving,,ssp119,,5.281411414400153e-06,non-CO2,NOx aviation,Aviation,,0.0090382245444833,0.0090329431330689,1.1333333333333335
2024.0,ssp119_Stratospheric water vapour_Aviation_striving,,ssp119,,5.867687843000118e-07,non-CO2,Stratospheric water vapour,Aviation,,0.0010093786598364,0.0010087918910521,1.1333333333333335
2024.0,ssp119_Sulfur_Aviation_striving,,ssp119,,0.0,non-CO2,Sulfur,Aviation,,-0.0014862435267757,-0.0014862435267757,1.1333333333333335
2024.0,ssp119_contrails_Aviation_striving,,ssp119,,1.4257261383397724e-05,non-CO2,contrails,Aviation,,0.0221891936674389,0.0221749364060555,1.1333333333333335
2024.0,ssp119_striving,,ssp119,,2.0125441582405368e-05,non-CO2,All,Aviation,,0.0554670359602449,0.0554469105186625,1.1333333333333335
2025.0,ssp119_BC_Aviation_striving,,ssp119,,5.319140039999936e-07,non-CO2,BC,Aviation,,0.0004692707531275,0.0004687388391235,1.1416666666666668
2025.0,ssp119_CH4_Aviation_striving,,ssp119,,1.1778535879991038e-07,non-CO2,CH4,Aviation,,0.0015039656665216,0.0015038478811628,1.1416666666666668
2025.0,ssp119_CO2 FFI_Aviation_striving,,ssp119,,1.0089564606019508e-06,CO2,CO2 FFI,Aviation,,0.0233452133518359,0.0233442043953753,1.1416666666666668
2025.0,ssp119_N2O_Aviation_striving,,ssp119,,7.604126217586327e-10,non-CO2,N2O,Aviation,,1.7853854619165332e-05,1.7853094206543574e-05,1.1416666666666668
2025.0,ssp119_NOx aviation_Aviation_striving,,ssp119,,1.553916506710079e-05,non-CO2,NOx aviation,Aviation,,0.0094834528611362,0.0094679136960691,1.1416666666666668
2025.0,ssp119_Stratospheric water vapour_Aviation_striving,,ssp119,,1.7215216357000136e-06,non-CO2,Stratospheric water vapour,Aviation,,0.0010571010896991,0.0010553795680634,1.1416666666666668
2025.0,ssp119_Sulfur_Aviation_striving,,ssp119,,-1.967418530299898e-06,non-CO2,Sulfur,Aviation,,-0.0015887328882937,-0.0015867654697634,1.1416666666666668
2025.0,ssp119_contrails_Aviation_striving,,ssp119,,8.184996111880102e-05,non-CO2,contrails,Aviation,,0.0235339090903685,0.0234520591292497,1.1416666666666668
2025.0,ssp119_striving,,ssp119,,9.880262584770205e-05,non-CO2,All,Aviation,,0.057802984643305,0.0577041820174573,1.1416666666666668
2026.0,ssp119_BC_Aviation_striving,,ssp119,,3.3956701816999614e-06,non-CO2,BC,Aviation,,0.0004911431424332,0.0004877474722515,1.1500000000000001
2026.0,ssp119_CH4_Aviation_striving,,ssp119,,8.869428968999536e-07,non-CO2,CH4,Aviation,,0.0015304870164252,0.0015296000735283,1.1500000000000001
2026.0,ssp119_CO2 FFI_Aviation_striving,,ssp119,,7.657593745099417e-06,CO2,CO2 FFI,Aviation,,0.0239449947040173,0.0239373371102722,1.1500000000000001
2026.0,ssp119_N2O_Aviation_striving,,ssp119,,5.017988469191437e-09,non-CO2,N2O,Aviation,,1.823731907624193e-05,1.823230108777274e-05,1.1500000000000001
2026.0,ssp119_NOx aviation_Aviation_striving,,ssp119,,2.9445551124098954e-05,non-CO2,NOx aviation,Aviation,,0.0098972592917463,0.0098678137406222,1.1500000000000001
2026.0,ssp119_Stratospheric water vapour_Aviation_striving,,ssp119,,3.2462658251998944e-06,non-CO2,Stratospheric water vapour,Aviation,,0.0011002142017719,0.0010969679359467,1.1500000000000001
2026.0,ssp119_Sulfur_Aviation_striving,,ssp119,,-1.3672686145499956e-05,non-CO2,Sulfur,Aviation,,-0.0016974635023807,-0.0016837908162352,1.1500000000000001
2026.0,ssp119_contrails_Aviation_striving,,ssp119,,0.00021225114134199724,non-CO2,contrails,Aviation,,0.0248171714968976,0.0246049203555556,1.1500000000000001
2026.0,ssp119_striving,,ssp119,,0.00024321546473109884,non-CO2,All,Aviation,,0.060082448059038,0.0598392325943069,1.1500000000000001
2027.0,ssp119_BC_Aviation_striving,,ssp119,,7.383590526999933e-06,non-CO2,BC,Aviation,,0.0005087979028282,0.0005014143123012,1.1583333333333334
2027.0,ssp119_CH4_Aviation_striving,,ssp119,,2.540680586099941e-06,non-CO2,CH4,Aviation,,0.0015608485907969,0.0015583079102108,1.1583333333333334
2027.0,ssp119_CO2 FFI_Aviation_striving,,ssp119,,2.183110919379977e-05,CO2,CO2 FFI,Aviation,,0.0245756842139313,0.0245538531047375,1.1583333333333334
2027.0,ssp119_N2O_Aviation_striving,,ssp119,,1.414631989326781e-08,non-CO2,N2O,Aviation,,1.8641171325217695e-05,1.8627025005324427e-05,1.1583333333333334
2027.0,ssp119_NOx aviation_Aviation_striving,,ssp119,,5.117495285449948e-05,non-CO2,NOx aviation,Aviation,,0.0102503315227089,0.0101991565698544,1.1583333333333334
2027.0,ssp119_Stratospheric water vapour_Aviation_striving,,ssp119,,5.613717441799995e-06,non-CO2,Stratospheric water vapour,Aviation,,0.0011357383822272,0.0011301246647854,1.1583333333333334
2027.0,ssp119_Sulfur_Aviation_striving,,ssp119,,-3.048019668149991e-05,non-CO2,Sulfur,Aviation,,-0.0017951619634215,-0.00176468176674,1.1583333333333334
2027.0,ssp119_contrails_Aviation_striving,,ssp119,,0.0004180699728817995,non-CO2,contrails,Aviation,,0.0259106756505065,0.0254926056776247,1.1583333333333334
2027.0,ssp119_striving,,ssp119,,0.00047614788940929936,non-CO2,All,Aviation,,0.0621453174472803,0.061669169557871,1.1583333333333334
2028.0,ssp119_BC_Aviation_striving,,ssp119,,1.3867435710899958e-05,non-CO2,BC,Aviation,,0.0005237156401476,0.0005098482044367,1.1666666666666667
2028.0,ssp119_CH4_Aviation_striving,,ssp119,,5.193040233200143e-06,non-CO2,CH4,Aviation,,0.0015941072723426,0.0015889142321094,1.1666666666666667
2028.0,ssp119_CO2 FFI_Aviation_striving,,ssp119,,4.42440754627009e-05,CO2,CO2 FFI,Aviation,,0.0252305103930863,0.0251862663176236,1.1666666666666667
2028.0,ssp119_N2O_Aviation_striving,,ssp119,,2.893203787657228e-08,non-CO2,N2O,Aviation,,1.9061474293202707e-05,1.9032542255326135e-05,1.1666666666666667
2028.0,ssp119_NOx aviation_Aviation_striving,,ssp119,,7.973772457520005e-05,non-CO2,NOx aviation,Aviation,,0.0105722530972867,0.0104925153727115,1.1666666666666667
2028.0,ssp119_Stratospheric water vapour_Aviation_striving,,ssp119,,8.703854588700032e-06,non-CO2,Stratospheric water vapour,Aviation,,0.0011671255524217,0.001158421697833,1.1666666666666667
2028.0,ssp119_Sulfur_Aviation_striving,,ssp119,,-6.035844561019994e-05,non-CO2,Sulfur,Aviation,,-0.0018873514964352,-0.001826993050825,1.1666666666666667
2028.0,ssp119_contrails_Aviation_striving,,ssp119,,0.0007173723760452028,non-CO2,contrails,Aviation,,0.0268919722171401,0.0261745998410949,1.1666666666666667
2028.0,ssp119_striving,,ssp119,,0.0008087886721363929,non-CO2,All,Aviation,,0.0640904184479009,0.0632816297757645,1.1666666666666667
2029.0,ssp119_BC_Aviation_striving,,ssp119,,2.2346489730499988e-05,non-CO2,BC,Aviation,,0.0005375259139042,0.0005151794241737,1.175
2029.0,ssp119_CH4_Aviation_striving,,ssp119,,8.933152853299927e-06,non-CO2,CH4,Aviation,,0.0016298361820337,0.0016209030291804,1.175
2029.0,ssp119_CO2 FFI_Aviation_striving,,ssp119,,7.551627161600169e-05,CO2,CO2 FFI,Aviation,,0.0259066555969811,0.0258311393253651,1.175
2029.0,ssp119_N2O_Aviation_striving,,ssp119,,5.004220993143349e-08,non-CO2,N2O,Aviation,,1.949683716517825e-05,1.9446794955246816e-05,1.175
2029.0,ssp119_NOx aviation_Aviation_striving,,ssp119,,0.00011381392258670055,non-CO2,NOx aviation,Aviation,,0.010884697615545,0.0107708836929583,1.175
2029.0,ssp119_Stratospheric water vapour_Aviation_striving,,ssp119,,1.2361364397e-05,non-CO2,Stratospheric water vapour,Aviation,,0.0011968702043314,0.0011845088399344,1.175
2029.0,ssp119_Sulfur_Aviation_striving,,ssp119,,-0.00010213350857819986,non-CO2,Sulfur,Aviation,,-0.0019803569872824,-0.0018782234787042,1.175
2029.0,ssp119_contrails_Aviation_striving,,ssp119,,0.0011410817236887014,non-CO2,contrails,Aviation,,0.0278262004857698,0.0266851187620811,1.175
2029.0,ssp119_striving,,ssp119,,0.0012719684886772914,non-CO2,All,Aviation,,0.0659991205281653,0.064727152039488,1.175
2030.0,ssp119_BC_Aviation_striving,,ssp119,,3.487753625289994e-05,non-CO2,BC,Aviation,,0.000550930689952,0.0005160531536991,1.1833333333333333
2030.0,ssp119_CH4_Aviation_striving,,ssp119,,1.3836079014499948e-05,non-CO2,CH4,Aviation,,0.0016677656993033,0.0016539296202888,1.1833333333333333
2030.0,ssp119_CO2 FFI_Aviation_striving,,ssp119,,0.00011602726751419948,CO2,CO2 FFI,Aviation,,0.0266040426546345,0.0264880153871203,1.1833333333333333
2030.0,ssp119_N2O_Aviation_striving,,ssp119,,7.806127610976432e-08,non-CO2,N2O,Aviation,,1.9946705649642738e-05,1.9868644373532973e-05,1.1833333333333333
2030.0,ssp119_NOx aviation_Aviation_striving,,ssp119,,0.00015560952992690023,non-CO2,NOx aviation,Aviation,,0.0111969758529635,0.0110413663230366,1.1833333333333333
2030.0,ssp119_Stratospheric water vapour_Aviation_striving,,ssp119,,1.6803959216599943e-05,non-CO2,Stratospheric water vapour,Aviation,,0.0012260510481303,0.0012092470889137,1.1833333333333333
2030.0,ssp119_Sulfur_Aviation_striving,,ssp119,,-0.0001700681386537998,non-CO2,Sulfur,Aviation,,-0.0020772776398978,-0.001907209501244,1.1833333333333333
2030.0,ssp119_contrails_Aviation_striving,,ssp119,,0.0017308402782878,non-CO2,contrails,Aviation,,0.0287436812239527,0.0270128409456649,1.1833333333333333
2030.0,ssp119_striving,,ssp119,,0.0018980021960215004,non-CO2,All,Aviation,,0.0679094014478007,0.0660113992517792,1.1833333333333333
2031.0,ssp119_BC_Aviation_striving,,ssp119,,5.057019388950005e-05,non-CO2,BC,Aviation,,0.0005642376110763,0.0005136674171868,1.1916666666666667
2031.0,ssp119_CH4_Aviation_striving,,ssp119,,2.003707369199986e-05,non-CO2,CH4,Aviation,,0.00170778301391,0.001687745940218,1.1916666666666667
2031.0,ssp119_CO2 FFI_Aviation_striving,,ssp119,,0.00016667214196930055,CO2,CO2 FFI,Aviation,,0.0273219328996092,0.0271552607576399,1.1916666666666667
2031.0,ssp119_N2O_Aviation_striving,,ssp119,,1.1388330434236254e-07,non-CO2,N2O,Aviation,,2.0411220813976172e-05,2.029733750963381e-05,1.1916666666666667
2031.0,ssp119_NOx aviation_Aviation_striving,,ssp119,,0.00020557766495410065,non-CO2,NOx aviation,Aviation,,0.0115134190539241,0.01130784138897,1.1916666666666667
2031.0,ssp119_Stratospheric water vapour_Aviation_striving,,ssp119,,2.2073051674200133e-05,non-CO2,Stratospheric water vapour,Aviation,,0.0012551713116146,0.0012330982599404,1.1916666666666667
2031.0,ssp119_Sulfur_Aviation_striving,,ssp119,,-0.00026255228138970005,non-CO2,Sulfur,Aviation,,-0.0021799474578114,-0.0019173951764217,1.1916666666666667
2031.0,ssp119_contrails_Aviation_striving,,ssp119,,0.0024895131742412972,non-CO2,contrails,Aviation,,0.0296594025047729,0.0271698893305316,1.1916666666666667
2031.0,ssp119_striving,,ssp119,,0.002691999684156593,non-CO2,All,Aviation,,0.069838705817518,0.0671467061333614,1.1916666666666667
2032.0,ssp119_BC_Aviation_striving,,ssp119,,6.983287778910001e-05,non-CO2,BC,Aviation,,0.0005775909674885,0.0005077580896994,1.2000000000000002
2032.0,ssp119_CH4_Aviation_striving,,ssp119,,2.8228050382300045e-05,non-CO2,CH4,Aviation,,0.0017495286284845,0.0017213005781022,1.2000000000000002
2032.0,ssp119_CO2 FFI_Aviation_striving,,ssp119,,0.00023330654098870085,CO2,CO2 FFI,Aviation,,0.028060400181971,0.0278270936409823,1.2000000000000002
2032.0,ssp119_N2O_Aviation_striving,,ssp119,,1.5828753818780683e-07,non-CO2,N2O,Aviation,,2.08902942018252e-05,2.0732006663637392e-05,1.2000000000000002
2032.0,ssp119_NOx aviation_Aviation_striving,,ssp119,,0.0002611349305335006,non-CO2,NOx aviation,Aviation,,0.0118361920044429,0.0115750570739094,1.2000000000000002
2032.0,ssp119_Stratospheric water vapour_Aviation_striving,,ssp119,,2.7892797143099857e-05,non-CO2,Stratospheric water vapour,Aviation,,0.0012844831470837,0.0012565903499406,1.2000000000000002
2032.0,ssp119_Sulfur_Aviation_striving,,ssp119,,-0.0003824966339343,non-CO2,Sulfur,Aviation,,-0.0022750875991299,-0.0018925909651956,1.2000000000000002
2032.0,ssp119_contrails_Aviation_striving,,ssp119,,0.0034283989378087014,non-CO2,contrails,Aviation,,0.0305814400966741,0.0271530411588654,1.2000000000000002
2032.0,ssp119_striving,,ssp119,,0.0036664452812612963,non-CO2,All,Aviation,,0.0718106715589503,0.068144226277689,1.2000000000000002
2033.0,ssp119_BC_Aviation_striving,,ssp119,,9.245513624330003e-05,non-CO2,BC,Aviation,,0.000591073519347,0.0004986183831037,1.2083333333333335
2033.0,ssp119_CH4_Aviation_striving,,ssp119,,3.894209254440002e-05,non-CO2,CH4,Aviation,,0.0017928097706085,0.0017538676780641,1.2083333333333335
2033.0,ssp119_CO2 FFI_Aviation_striving,,ssp119,,0.0003202855183330987,CO2,CO2 FFI,Aviation,,0.0288184522432424,0.0284981667249093,1.2083333333333335
2033.0,ssp119_N2O_Aviation_striving,,ssp119,,2.1194154364856388e-07,non-CO2,N2O,Aviation,,2.138408559049232e-05,2.1172144046843755e-05,1.2083333333333335
2033.0,ssp119_NOx aviation_Aviation_striving,,ssp119,,0.00032202398577400003,non-CO2,NOx aviation,Aviation,,0.0121666600681971,0.0118446360824231,1.2083333333333335
2033.0,ssp119_Stratospheric water vapour_Aviation_striving,,ssp119,,3.422402854159987e-05,non-CO2,Stratospheric water vapour,Aviation,,0.0013141431640844,0.0012799191355428,1.2083333333333335
2033.0,ssp119_Sulfur_Aviation_striving,,ssp119,,-0.0005352612637819,non-CO2,Sulfur,Aviation,,-0.0023645880882035,-0.0018293268244216,1.2083333333333335
2033.0,ssp119_contrails_Aviation_striving,,ssp119,,0.0045485658654696,non-CO2,contrails,Aviation,,0.0315150697349011,0.0269665038694315,1.2083333333333335
2033.0,ssp119_striving,,ssp119,,0.004821427308090903,non-CO2,All,Aviation,,0.0738290995688568,0.0690076722607659,1.2083333333333335
2034.0,ssp119_BC_Aviation_striving,,ssp119,,0.00011674578915219999,non-CO2,BC,Aviation,,0.0006047375625868,0.0004879917734346,1.2166666666666668
2034.0,ssp119_CH4_Aviation_striving,,ssp119,,5.250704402980002e-05,non-CO2,CH4,Aviation,,0.0018374774231875,0.0017849703791577,1.2166666666666668
2034.0,ssp119_CO2 FFI_Aviation_striving,,ssp119,,0.0004306357496518011,CO2,CO2 FFI,Aviation,,0.0295970612011196,0.0291664254514678,1.2166666666666668
2034.0,ssp119_N2O_Aviation_striving,,ssp119,,2.75455207088271e-07,non-CO2,N2O,Aviation,,2.1892664072931112e-05,2.161720886584284e-05,1.2166666666666668
2034.0,ssp119_NOx aviation_Aviation_striving,,ssp119,,0.000388476371248999,non-CO2,NOx aviation,Aviation,,0.0125057762196221,0.0121172998483731,1.2166666666666668
2034.0,ssp119_Stratospheric water vapour_Aviation_striving,,ssp119,,4.107899319529982e-05,non-CO2,Stratospheric water vapour,Aviation,,0.0013442576574218,0.0013031786642265,1.2166666666666668
2034.0,ssp119_Sulfur_Aviation_striving,,ssp119,,-0.0007153800908320999,non-CO2,Sulfur,Aviation,,-0.0024519269139384,-0.0017365468231063,1.2166666666666668
2034.0,ssp119_contrails_Aviation_striving,,ssp119,,0.005875845657854702,non-CO2,contrails,Aviation,,0.0324638257705862,0.0265879801127315,1.2166666666666668
2034.0,ssp119_striving,,ssp119,,0.006190148772015791,non-CO2,All,Aviation,,0.0758959837841704,0.0697058350121546,1.2166666666666668
2035.0,ssp119_BC_Aviation_striving,,ssp119,,0.0001426025877724,non-CO2,BC,Aviation,,0.0006186271817185,0.0004760245939461,1.225
2035.0,ssp119_CH4_Aviation_striving,,ssp119,,6.91468384952001e-05,non-CO2,CH4,Aviation,,0.0018834641095872,0.001814317271092,1.225
2035.0,ssp119_CO2 FFI_Aviation_striving,,ssp119,,0.0005664932191476006,CO2,CO2 FFI,Aviation,,0.0303966647055826,0.029830171486435,1.225
2035.0,ssp119_N2O_Aviation_striving,,ssp119,,3.493681888233658e-07,non-CO2,N2O,Aviation,,2.2416194404906165e-05,2.20668262160828e-05,1.225
2035.0,ssp119_NOx aviation_Aviation_striving,,ssp119,,0.00046578991230310056,non-CO2,NOx aviation,Aviation,,0.0128544569934636,0.0123886670811605,1.225
2035.0,ssp119_Stratospheric water vapour_Aviation_striving,,ssp119,,4.861287218969998e-05,non-CO2,Stratospheric water vapour,Aviation,,0.0013749236794022,0.0013263108072125,1.225
2035.0,ssp119_Sulfur_Aviation_striving,,ssp119,,-0.000935212746848,non-CO2,Sulfur,Aviation,,-0.0025389108886137,-0.0016036981417657,1.225
2035.0,ssp119_contrails_Aviation_striving,,ssp119,,0.007460440623474198,non-CO2,contrails,Aviation,,0.033430504104265,0.0259700634807908,1.225
2035.0,ssp119_striving,,ssp119,,0.007818160187220508,non-CO2,All,Aviation,,0.0780137374307841,0.0701955772435636,1.225
2036.0,ssp119_BC_Aviation_striving,,ssp119,,0.00016875937206579998,non-CO2,BC,Aviation,,0.0006327841763624,0.0004640248042966,1.2333333333333334
2036.0,ssp119_CH4_Aviation_striving,,ssp119,,8.905811783859992e-05,non-CO2,CH4,Aviation,,0.0019307084097397,0.0018416502919011,1.2333333333333334
2036.0,ssp119_CO2 FFI_Aviation_striving,,ssp119,,0.0007301500943270971,CO2,CO2 FFI,Aviation,,0.0312182891813039,0.0304881390869768,1.2333333333333334
2036.0,ssp119_N2O_Aviation_striving,,ssp119,,4.3440917818493235e-07,non-CO2,N2O,Aviation,,2.2954804238750622e-05,2.252039506056569e-05,1.2333333333333334
2036.0,ssp119_NOx aviation_Aviation_striving,,ssp119,,0.0005731675764634996,non-CO2,NOx aviation,Aviation,,0.0132136505282056,0.0126404829517421,1.2333333333333334
2036.0,ssp119_Stratospheric water vapour_Aviation_striving,,ssp119,,5.720972998759979e-05,non-CO2,Stratospheric water vapour,Aviation,,0.0014062367298255,0.0013490269998379,1.2333333333333334
2036.0,ssp119_Sulfur_Aviation_striving,,ssp119,,-0.0011902949187493999,non-CO2,Sulfur,Aviation,,-0.0026265527411821,-0.0014362578224327,1.2333333333333334
2036.0,ssp119_contrails_Aviation_striving,,ssp119,,0.009328287133539202,non-CO2,contrails,Aviation,,0.0344173001005301,0.0250890129669909,1.2333333333333334
2036.0,ssp119_striving,,ssp119,,0.0097566681064198,non-CO2,All,Aviation,,0.0801855945341338,0.070428926427714,1.2333333333333334
2037.0,ssp119_BC_Aviation_striving,,ssp119,,0.00019330657041879994,non-CO2,BC,Aviation,,0.0006472569220266,0.0004539503516078,1.2416666666666667
2037.0,ssp119_CH4_Aviation_striving,,ssp119,,0.00011244980271479972,non-CO2,CH4,Aviation,,0.0019792149027373,0.0018667651000225,1.2416666666666667
2037.0,ssp119_CO2 FFI_Aviation_striving,,ssp119,,0.0009243500190137012,CO2,CO2 FFI,Aviation,,0.032062261423845,0.0311379114048313,1.2416666666666667
2037.0,ssp119_N2O_Aviation_striving,,ssp119,,5.315416444773291e-07,non-CO2,N2O,Aviation,,2.350878360335429e-05,2.297724195887696e-05,1.2416666666666667
2037.0,ssp119_NOx aviation_Aviation_striving,,ssp119,,0.0007302314858099995,non-CO2,NOx aviation,Aviation,,0.0135844875790591,0.0128542560932491,1.2416666666666667
2037.0,ssp119_Stratospheric water vapour_Aviation_striving,,ssp119,,6.731774527459996e-05,non-CO2,Stratospheric water vapour,Aviation,,0.0014383064337968,0.0013709886885222,1.2416666666666667
2037.0,ssp119_Sulfur_Aviation_striving,,ssp119,,-0.0014440686208035,non-CO2,Sulfur,Aviation,,-0.0027155551870357,-0.0012714865662322,1.2416666666666667
2037.0,ssp119_contrails_Aviation_striving,,ssp119,,0.0115158363717156,non-CO2,contrails,Aviation,,0.0354262579845714,0.0239104216128558,1.2416666666666667
2037.0,ssp119_striving,,ssp119,,0.012099789681821807,non-CO2,All,Aviation,,0.082414508322441,0.0703147186406192,1.2416666666666667
2038.0,ssp119_BC_Aviation_striving,,ssp119,,0.00021704250737999997,non-CO2,BC,Aviation,,0.0006620968225612,0.0004450543151812,1.25
2038.0,ssp119_CH4_Aviation_striving,,ssp119,,0.00013953741616709982,non-CO2,CH4,Aviation,,0.0020289678930625,0.0018894304768954,1.25
2038.0,ssp119_CO2 FFI_Aviation_striving,,ssp119,,0.0011521410613846012,CO2,CO2 FFI,Aviation,,0.0329300715587017,0.0317779304973171,1.25
2038.0,ssp119_N2O_Aviation_striving,,ssp119,,6.419562312842686e-07,non-CO2,N2O,Aviation,,2.4078371132052467e-05,2.34364149007682e-05,1.25
2038.0,ssp119_NOx aviation_Aviation_striving,,ssp119,,0.0009486528256487988,non-CO2,NOx aviation,Aviation,,0.0139681597451095,0.0130195069194607,1.25
2038.0,ssp119_Stratospheric water vapour_Aviation_striving,,ssp119,,7.942908734600001e-05,non-CO2,Stratospheric water vapour,Aviation,,0.0014712442322566,0.0013918151449106,1.25
2038.0,ssp119_Sulfur_Aviation_striving,,ssp119,,-0.0016989629414974,non-CO2,Sulfur,Aviation,,-0.0028064777613754,-0.001107514819878,1.25
2038.0,ssp119_contrails_Aviation_striving,,ssp119,,0.014015034974158597,non-CO2,contrails,Aviation,,0.0364590952696428,0.0224440602954842,1.25
2038.0,ssp119_striving,,ssp119,,0.014853260751529901,non-CO2,All,Aviation,,0.0847044634178777,0.0698512026663478,1.25
2039.0,ssp119_BC_Aviation_striving,,ssp119,,0.00024094140931650007,non-CO2,BC,Aviation,,0.0006773614871242,0.0004364200778077,1.2583333333333333
2039.0,ssp119_CH4_Aviation_striving,,ssp119,,0.00017057032432220005,non-CO2,CH4,Aviation,,0.0020800592319556,0.0019094889076334,1.2583333333333333
2039.0,ssp119_CO2 FFI_Aviation_striving,,ssp119,,0.0014162796943213984,CO2,CO2 FFI,Aviation,,0.0338213111611911,0.0324050314668697,1.2583333333333333
2039.0,ssp119_N2O_Aviation_striving,,ssp119,,7.67145402313929e-07,non-CO2,N2O,Aviation,,2.4664073431601707e-05,2.389692802928778e-05,1.2583333333333333
2039.0,ssp119_NOx aviation_Aviation_striving,,ssp119,,0.0012389310381247,non-CO2,NOx aviation,Aviation,,0.0143659917653902,0.0131270607272655,1.2583333333333333
2039.0,ssp119_Stratospheric water vapour_Aviation_striving,,ssp119,,9.404353644270019e-05,non-CO2,Stratospheric water vapour,Aviation,,0.0015051706884623,0.0014111271520196,1.2583333333333333
2039.0,ssp119_Sulfur_Aviation_striving,,ssp119,,-0.0019472249261195,non-CO2,Sulfur,Aviation,,-0.0028998344181148,-0.0009526094919953,1.2583333333333333
2039.0,ssp119_contrails_Aviation_striving,,ssp119,,0.016709342563240897,non-CO2,contrails,Aviation,,0.0375176632015425,0.0208083206383016,1.2583333333333333
2039.0,ssp119_striving,,ssp119,,0.017923262731038198,non-CO2,All,Aviation,,0.0870579634124597,0.0691347006814215,1.2583333333333333
2040.0,ssp119_BC_Aviation_striving,,ssp119,,0.00026580332346349997,non-CO2,BC,Aviation,,0.0006931056252126,0.0004273023017491,1.2666666666666668
2040.0,ssp119_CH4_Aviation_striving,,ssp119,,0.00020580538371289987,non-CO2,CH4,Aviation,,0.0021325714384348,0.0019267660547219,1.2666666666666668
2040.0,ssp119_CO2 FFI_Aviation_striving,,ssp119,,0.0017197710053009976,CO2,CO2 FFI,Aviation,,0.0347363698407008,0.0330165988353998,1.2666666666666668
2040.0,ssp119_N2O_Aviation_striving,,ssp119,,9.087931838180941e-07,non-CO2,N2O,Aviation,,2.5266364773290917e-05,2.4357571589472823e-05,1.2666666666666668
2040.0,ssp119_NOx aviation_Aviation_striving,,ssp119,,0.0016013272122958992,non-CO2,NOx aviation,Aviation,,0.0147792014143877,0.0131778742020918,1.2666666666666668
2040.0,ssp119_Stratospheric water vapour_Aviation_striving,,ssp119,,0.0001112921083502999,non-CO2,Stratospheric water vapour,Aviation,,0.0015401916742536,0.0014288995659033,1.2666666666666668
2040.0,ssp119_Sulfur_Aviation_striving,,ssp119,,-0.0021563228177746002,non-CO2,Sulfur,Aviation,,-0.0029960863399494,-0.0008397635221748,1.2666666666666668
2040.0,ssp119_contrails_Aviation_striving,,ssp119,,0.019442739565803,non-CO2,contrails,Aviation,,0.0386036220453791,0.0191608824795761,1.2666666666666668
2040.0,ssp119_striving,,ssp119,,0.021190750141297093,non-CO2,All,Aviation,,0.0894780433027846,0.0682872931614875,1.2666666666666668
2041.0,ssp119_BC_Aviation_striving,,ssp119,,0.0002919499536036,non-CO2,BC,Aviation,,0.000709372987504,0.0004174230339004,1.2750000000000001
2041.0,ssp119_CH4_Aviation_striving,,ssp119,,0.0002454443274166999,non-CO2,CH4,Aviation,,0.0021865538567382,0.0019411095293215,1.2750000000000001
2041.0,ssp119_CO2 FFI_Aviation_striving,,ssp119,,0.002065383824777299,CO2,CO2 FFI,Aviation,,0.0356766551388703,0.033611271314093,1.2750000000000001
2041.0,ssp119_N2O_Aviation_striving,,ssp119,,1.0684457762977217e-06,non-CO2,N2O,Aviation,,2.588564718219999e-05,2.4817201405902267e-05,1.2750000000000001
2041.0,ssp119_NOx aviation_Aviation_striving,,ssp119,,0.0020283220871962007,non-CO2,NOx aviation,Aviation,,0.0152087488506476,0.0131804267634514,1.2750000000000001
2041.0,ssp119_Stratospheric water vapour_Aviation_striving,,ssp119,,0.00013105350375570003,non-CO2,Stratospheric water vapour,Aviation,,0.0015763841888447,0.001445330685089,1.2750000000000001
2041.0,ssp119_Sulfur_Aviation_striving,,ssp119,,-0.0023379501770875,non-CO2,Sulfur,Aviation,,-0.0030956224902358,-0.0007576723131483,1.2750000000000001
2041.0,ssp119_contrails_Aviation_striving,,ssp119,,0.022105676543425802,non-CO2,contrails,Aviation,,0.0397184012972058,0.01761272475378,1.2750000000000001
2041.0,ssp119_striving,,ssp119,,0.024530119897436406,non-CO2,All,Aviation,,0.0919682774456176,0.0674381575481812,1.2750000000000001
2042.0,ssp119_BC_Aviation_striving,,ssp119,,0.00031944369849229995,non-CO2,BC,Aviation,,0.0007261961434381,0.0004067524449458,1.2833333333333334
2042.0,ssp119_CH4_Aviation_striving,,ssp119,,0.00028974031492579977,non-CO2,CH4,Aviation,,0.0022419357478233,0.0019521954328975,1.2833333333333334
2042.0,ssp119_CO2 FFI_Aviation_striving,,ssp119,,0.0024547456818720045,CO2,CO2 FFI,Aviation,,0.0366426407591804,0.0341878950773084,1.2833333333333334
2042.0,ssp119_N2O_Aviation_striving,,ssp119,,1.2401040021536858e-06,non-CO2,N2O,Aviation,,2.6522399259931717e-05,2.528229525777803e-05,1.2833333333333334
2042.0,ssp119_NOx aviation_Aviation_striving,,ssp119,,0.002512563494452698,non-CO2,NOx aviation,Aviation,,0.0156553245355568,0.0131427610411041,1.2833333333333334
2042.0,ssp119_Stratospheric water vapour_Aviation_striving,,ssp119,,0.00015319718954340017,non-CO2,Stratospheric water vapour,Aviation,,0.0016137961371875,0.0014605989476441,1.2833333333333334
2042.0,ssp119_Sulfur_Aviation_striving,,ssp119,,-0.0025026867267841,non-CO2,Sulfur,Aviation,,-0.0031962520668105,-0.0006935653400264,1.2833333333333334
2042.0,ssp119_contrails_Aviation_striving,,ssp119,,0.0246587094115993,non-CO2,contrails,Aviation,,0.0408634879574791,0.0162047785458798,1.2833333333333334
2042.0,ssp119_striving,,ssp119,,0.0278857887216319,non-CO2,All,Aviation,,0.0945335088299827,0.0666477201083508,1.2833333333333334
2043.0,ssp119_BC_Aviation_striving,,ssp119,,0.00034817304896029997,non-CO2,BC,Aviation,,0.0007435895482275,0.0003954164992672,1.2916666666666667
2043.0,ssp119_CH4_Aviation_striving,,ssp119,,0.0003388675069567002,non-CO2,CH4,Aviation,,0.0022986483550018,0.0019597808480451,1.2916666666666667
2043.0,ssp119_CO2 FFI_Aviation_striving,,ssp119,,0.002889615709769998,CO2,CO2 FFI,Aviation,,0.0376355998361086,0.0347459841263386,1.2916666666666667
2043.0,ssp119_N2O_Aviation_striving,,ssp119,,1.4192380590749565e-06,non-CO2,N2O,Aviation,,2.717707985011586e-05,2.5757841791040903e-05,1.2916666666666667
2043.0,ssp119_NOx aviation_Aviation_striving,,ssp119,,0.003048176939041799,non-CO2,NOx aviation,Aviation,,0.0161192537823198,0.013071076843278,1.2916666666666667
2043.0,ssp119_Stratospheric water vapour_Aviation_striving,,ssp119,,0.00017758580752510003,non-CO2,Stratospheric water vapour,Aviation,,0.0016524382580112,0.0014748524504861,1.2916666666666667
2043.0,ssp119_Sulfur_Aviation_striving,,ssp119,,-0.0026574101414226997,non-CO2,Sulfur,Aviation,,-0.0032985036126533,-0.0006410934712306,1.2916666666666667
2043.0,ssp119_contrails_Aviation_striving,,ssp119,,0.027100937991815295,non-CO2,contrails,Aviation,,0.0420402911505575,0.0149393531587422,1.2916666666666667
2043.0,ssp119_striving,,ssp119,,0.031245772575251102,non-CO2,All,Aviation,,0.0971761744505468,0.0659304018752957,1.2916666666666667
2044.0,ssp119_BC_Aviation_striving,,ssp119,,0.00037811883587529995,non-CO2,BC,Aviation,,0.0007615557216062,0.0003834368857309,1.3
2044.0,ssp119_CH4_Aviation_striving,,ssp119,,0.0003929568359563999,non-CO2,CH4,Aviation,,0.0023567450434049,0.0019637882074485,1.3
2044.0,ssp119_CO2 FFI_Aviation_striving,,ssp119,,0.003371196210602001,CO2,CO2 FFI,Aviation,,0.0386553518993602,0.0352841556887582,1.3
2044.0,ssp119_N2O_Aviation_striving,,ssp119,,1.6036128140939354e-06,non-CO2,N2O,Aviation,,2.785030005858502e-05,2.6246687244491085e-05,1.3
2044.0,ssp119_NOx aviation_Aviation_striving,,ssp119,,0.0036311642956130003,non-CO2,NOx aviation,Aviation,,0.0166006601459502,0.0129694958503372,1.3
2044.0,ssp119_Stratospheric water vapour_Aviation_striving,,ssp119,,0.00020411296941119997,non-CO2,Stratospheric water vapour,Aviation,,0.0016923010183917,0.0014881880489805,1.3
2044.0,ssp119_Sulfur_Aviation_striving,,ssp119,,-0.0028061766245218002,non-CO2,Sulfur,Aviation,,-0.0034031238573151,-0.0005969472327933,1.3
2044.0,ssp119_contrails_Aviation_striving,,ssp119,,0.029433257217796396,non-CO2,contrails,Aviation,,0.0432504461022131,0.0138171888844167,1.3
2044.0,ssp119_striving,,ssp119,,0.0346041024545945,non-CO2,All,Aviation,,0.0998971349452511,0.0652930324906566,1.3
2045.0,ssp119_BC_Aviation_striving,,ssp119,,0.00040919053126850004,non-CO2,BC,Aviation,,0.0007800854177211,0.0003708948864526,1.3083333333333333
2045.0,ssp119_CH4_Aviation_striving,,ssp119,,0.0004520846459778998,non-CO2,CH4,Aviation,,0.0024162733881576,0.0019641887421797,1.3083333333333333
2045.0,ssp119_CO2 FFI_Aviation_striving,,ssp119,,0.0039009157777067996,CO2,CO2 FFI,Aviation,,0.0397025065886309,0.0358015908109241,1.3083333333333333
2045.0,ssp119_N2O_Aviation_striving,,ssp119,,1.7920827515283122e-06,non-CO2,N2O,Aviation,,2.8542608434545255e-05,2.6750525683016942e-05,1.3083333333333333
2045.0,ssp119_NOx aviation_Aviation_striving,,ssp119,,0.004256943999165298,non-CO2,NOx aviation,Aviation,,0.0170994697422939,0.0128425257431286,1.3083333333333333
2045.0,ssp119_Stratospheric water vapour_Aviation_striving,,ssp119,,0.0002325826049700999,non-CO2,Stratospheric water vapour,Aviation,,0.0017333558657717,0.0015007732608016,1.3083333333333333
2045.0,ssp119_Sulfur_Aviation_striving,,ssp119,,-0.0029512837359848,non-CO2,Sulfur,Aviation,,-0.0035104777866465,-0.0005591940506617,1.3083333333333333
2045.0,ssp119_contrails_Aviation_striving,,ssp119,,0.0316501601478514,non-CO2,contrails,Aviation,,0.0444955357385248,0.0128453755906734,1.3083333333333333
2045.0,ssp119_striving,,ssp119,,0.037949595955340004,non-CO2,All,Aviation,,0.1026981402019733,0.0647485442466333,1.3083333333333333
2046.0,ssp119_BC_Aviation_striving,,ssp119,,0.00044126336415,non-CO2,BC,Aviation,,0.0007991629815631,0.0003578996174131,1.3166666666666669
2046.0,ssp119_CH4_Aviation_striving,,ssp119,,0.0005162811064379001,non-CO2,CH4,Aviation,,0.0024772609538277,0.0019609798473898,1.3166666666666669
2046.0,ssp119_CO2 FFI_Aviation_striving,,ssp119,,0.004480308553342999,CO2,CO2 FFI,Aviation,,0.0407781579669546,0.0362978494136116,1.3166666666666669
2046.0,ssp119_N2O_Aviation_striving,,ssp119,,1.9840408174154334e-06,non-CO2,N2O,Aviation,,2.9254457405869516e-05,2.7270416588454083e-05,1.3166666666666669
2046.0,ssp119_NOx aviation_Aviation_striving,,ssp119,,0.0049224920439407994,non-CO2,NOx aviation,Aviation,,0.0176155669599804,0.0126930749160396,1.3166666666666669
2046.0,ssp119_Stratospheric water vapour_Aviation_striving,,ssp119,,0.00026290015222809986,non-CO2,Stratospheric water vapour,Aviation,,0.0017755707295372,0.0015126705773091,1.3166666666666669
2046.0,ssp119_Sulfur_Aviation_striving,,ssp119,,-0.0030941646565119,non-CO2,Sulfur,Aviation,,-0.003620739305794,-0.0005265746492821,1.3166666666666669
2046.0,ssp119_contrails_Aviation_striving,,ssp119,,0.033750977151849604,non-CO2,contrails,Aviation,,0.0457770600043272,0.0120260828524776,1.3166666666666669
2046.0,ssp119_striving,,ssp119,,0.04127845890249439,non-CO2,All,Aviation,,0.1055814661698393,0.0643030072673449,1.3166666666666669
2047.0,ssp119_BC_Aviation_striving,,ssp119,,0.00047428488140209996,non-CO2,BC,Aviation,,0.0008187771080971,0.000344492226695,1.3250000000000002
2047.0,ssp119_CH4_Aviation_striving,,ssp119,,0.0005855584638135001,non-CO2,CH4,Aviation,,0.0025397170542169,0.0019541585904034,1.3250000000000002
2047.0,ssp119_CO2 FFI_Aviation_striving,,ssp119,,0.0051112103835078,CO2,CO2 FFI,Aviation,,0.0418839541634636,0.0367727437799558,1.3250000000000002
2047.0,ssp119_N2O_Aviation_striving,,ssp119,,2.1793713691487005e-06,non-CO2,N2O,Aviation,,2.9986270361881395e-05,2.7806898992732695e-05,1.3250000000000002
2047.0,ssp119_NOx aviation_Aviation_striving,,ssp119,,0.005625246070637,non-CO2,NOx aviation,Aviation,,0.0181490128174393,0.0125237667468023,1.3250000000000002
2047.0,ssp119_Stratospheric water vapour_Aviation_striving,,ssp119,,0.0002949699897300999,non-CO2,Stratospheric water vapour,Aviation,,0.0018189308688758,0.0015239608791457,1.3250000000000002
2047.0,ssp119_Sulfur_Aviation_striving,,ssp119,,-0.0032358357273918,non-CO2,Sulfur,Aviation,,-0.0037340290630067,-0.0004981933356149,1.3250000000000002
2047.0,ssp119_contrails_Aviation_striving,,ssp119,,0.035746890325677703,non-CO2,contrails,Aviation,,0.0470965166158969,0.0113496262902192,1.3250000000000002
2047.0,ssp119_striving,,ssp119,,0.04459998358159771,non-CO2,All,Aviation,,0.108550173763755,0.0639501901821573,1.3250000000000002
2048.0,ssp119_BC_Aviation_striving,,ssp119,,0.0005081575642025,non-CO2,BC,Aviation,,0.0008389285236698,0.0003307709594673,1.3333333333333335
2048.0,ssp119_CH4_Aviation_striving,,ssp119,,0.0006599110372134001,non-CO2,CH4,Aviation,,0.0026036721613511,0.0019437611241377,1.3333333333333335
2048.0,ssp119_CO2 FFI_Aviation_striving,,ssp119,,0.0057949943426161,CO2,CO2 FFI,Aviation,,0.0430206818720999,0.0372256875294838,1.3333333333333335
2048.0,ssp119_N2O_Aviation_striving,,ssp119,,2.378191256813267e-06,non-CO2,N2O,Aviation,,3.0738482057035554e-05,2.8360290800222288e-05,1.3333333333333335
2048.0,ssp119_NOx aviation_Aviation_striving,,ssp119,,0.006361087816581599,non-CO2,NOx aviation,Aviation,,0.018700205621144,0.0123391178045624,1.3333333333333335
2048.0,ssp119_Stratospheric water vapour_Aviation_striving,,ssp119,,0.0003285312005286,non-CO2,Stratospheric water vapour,Aviation,,0.0018634532752477,0.0015349220747191,1.3333333333333335
2048.0,ssp119_Sulfur_Aviation_striving,,ssp119,,-0.0033771198698029003,non-CO2,Sulfur,Aviation,,-0.0038504896605888,-0.0004733697907859,1.3333333333333335
2048.0,ssp119_contrails_Aviation_striving,,ssp119,,0.0376578538080881,non-CO2,contrails,Aviation,,0.0484554424718588,0.0107975886637707,1.3333333333333335
2048.0,ssp119_striving,,ssp119,,0.0479301797754714,non-CO2,All,Aviation,,0.1116068776685923,0.0636766978931209,1.3333333333333335
2049.0,ssp119_BC_Aviation_striving,,ssp119,,0.0005427667111296,non-CO2,BC,Aviation,,0.0008596344521785,0.0003168677410489,1.3416666666666668
2049.0,ssp119_CH4_Aviation_striving,,ssp119,,0.0007393104809515002,non-CO2,CH4,Aviation,,0.0026691537821892,0.0019298433012377,1.3416666666666668
2049.0,ssp119_CO2 FFI_Aviation_striving,,ssp119,,0.0065333397847502014,CO2,CO2 FFI,Aviation,,0.0441898384824881,0.0376564986977379,1.3416666666666668
2049.0,ssp119_N2O_Aviation_striving,,ssp119,,2.5807511336850553e-06,non-CO2,N2O,Aviation,,3.151155362335345e-05,2.8930802489668395e-05,1.3416666666666668
2049.0,ssp119_NOx aviation_Aviation_striving,,ssp119,,0.007125514830888,non-CO2,NOx aviation,Aviation,,0.0192699231392423,0.0121444083083543,1.3416666666666668
2049.0,ssp119_Stratospheric water vapour_Aviation_striving,,ssp119,,0.0003633273148865,non-CO2,Stratospheric water vapour,Aviation,,0.0019091897754575,0.001545862460571,1.3416666666666668
2049.0,ssp119_Sulfur_Aviation_striving,,ssp119,,-0.0035187590818140002,non-CO2,Sulfur,Aviation,,-0.0039703258780061,-0.0004515667961921,1.3416666666666668
2049.0,ssp119_contrails_Aviation_striving,,ssp119,,0.0395061896138382,non-CO2,contrails,Aviation,,0.0498554079284523,0.0103492183146141,1.3416666666666668
2049.0,ssp119_striving,,ssp119,,0.05128739298065231,non-CO2,All,Aviation,,0.1147553010641317,0.0634679080834794,1.3416666666666668
2050.0,ssp119_BC_Aviation_striving,,ssp119,,0.0005779909882610999,non-CO2,BC,Aviation,,0.00088092765596,0.0003029366676989,1.35
2050.0,ssp119_CH4_Aviation_striving,,ssp119,,0.0008237351134829998,non-CO2,CH4,Aviation,,0.0027362401545025,0.0019125050410195,1.35
2050.0,ssp119_CO2 FFI_Aviation_striving,,ssp119,,0.007327327167676603,CO2,CO2 FFI,Aviation,,0.0453919177643671,0.0380645905966905,1.35
2050.0,ssp119_N2O_Aviation_striving,,ssp119,,2.7873868013728043e-06,non-CO2,N2O,Aviation,,3.230604824011607e-05,2.9518661438743266e-05,1.35
2050.0,ssp119_NOx aviation_Aviation_striving,,ssp119,,0.0079139543988531,non-CO2,NOx aviation,Aviation,,0.0198592883103407,0.0119453339114876,1.35
2050.0,ssp119_Stratospheric water vapour_Aviation_striving,,ssp119,,0.0003991246678860998,non-CO2,Stratospheric water vapour,Aviation,,0.0019562223851075,0.0015570977172214,1.35
2050.0,ssp119_Sulfur_Aviation_striving,,ssp119,,-0.0036614696166213,non-CO2,Sulfur,Aviation,,-0.004093814284408,-0.0004323446677867,1.35
2050.0,ssp119_contrails_Aviation_striving,,ssp119,,0.0413124983151034,non-CO2,contrails,Aviation,,0.0512981252448443,0.0099856269297409,1.35
2050.0,ssp119_striving,,ssp119,,0.0546876204525831,non-CO2,All,Aviation,,0.1179986602984262,0.0633110398458431,1.35
