Scenario,CY,RTK,MJ,Fuel (kg),CO2,CH4,N2O,nvPM_mass,nvPM_num,SO2,H2O,OC,Sulphates,NOx,CO,HC,ConERF,Stock,CO2e,EnRoute,Payload,TechEff,AvoidancePenalty,Formation,ConERFLowerBound,ConERFUpperBound,FuelEff,NOxERF,H2OERF,nvPM_massERF,SO2ERF
Current Commitments,1940,,,8953488372.093023,33.29504174418605,0.038634302325581404,7.72686046511613e-05,0.0007991461167132466,8143954060388877.0,0.010744186046511629,11.021423338259904,0.00017906976744185734,0.00021866507026266997,0.1375511575075342,0.0339167610135496,0.004085080603439601,0.00037852697809261527,,,,,,,,6.398432532486963e-05,0.0010578585596153222,,0.0005128265980987415,5.73114013589515e-05,8.045003956952254e-05,-0.00021391674418604653
Current Commitments,1941,,,9651162790.697676,35.88946058139537,0.04164476744186048,8.328953488371934e-05,0.0008614172426909024,8778547883276322.0,0.011581395348837212,11.880235546436003,0.00019302325581395014,0.0002357039069065144,0.1482694295211083,0.03655962550811191,0.004403398572538791,0.00041188099397699836,,,,,,,,6.962232294921616e-05,0.0011510720773905522,,0.000552787112236306,6.177722484146721e-05,8.671887382169315e-05,-0.0002305855813953489
Current Commitments,1942,,,10465116279.069769,38.91628255813955,0.04515697674418606,9.031395348837037e-05,0.0009340668896648338,9518907343311674.0,0.012558139534883724,12.88218312264145,0.00020930232558139173,0.00025558254965766625,0.1607740802036114,0.0396429674184346,0.004774769536487845,0.00045088164301005116,,,,,,,,7.621479947014026e-05,0.0012600660799265446,,0.0005994077120634642,6.698735223773553e-05,9.403251378255883e-05,-0.00025003255813953494
Current Commitments,1943,,,11279069767.441858,41.94310453488372,0.048669186046511624,9.733837209302137e-05,0.0010067165366387648,1.0259266803347024e+16,0.013534883720930231,13.88413069884689,0.00022558139534883324,0.00027546119240881795,0.17327873088611448,0.04272630932875728,0.005146140500436898,0.0004906341192486628,,,,,,,,8.293436113767916e-05,0.001371161192530727,,0.0006460283118906225,7.219747963400383e-05,0.00010134615374342446,-0.0002694795348837209
Current Commitments,1944,,,12209302325.581396,45.40232965116281,0.05268313953488374,0.00010536627906976543,0.0010897447046089726,1.1105391900530286e+16,0.014651162790697676,15.02921364308169,0.0002441860465116237,0.0002981796412672772,0.18756976023754662,0.04625012865484037,0.005570564459235819,0.0005362676853613621,,,,,,,,9.06480331052674e-05,0.0014986920194253938,,0.0006993089974073748,7.815191094402478e-05,0.00010970459941298529,-0.0002917046511627908
Current Commitments,1945,,,13139534883.72093,48.86155476744187,0.056697093023255825,0.00011339418604650945,0.00117277287257918,1.1951516997713544e+16,0.015767441860465116,16.174296587316483,0.00026279069767441406,0.0003208980901257365,0.20186078958897874,0.04977394798092344,0.005994988418034738,0.0005827982348280811,,,,,,,,9.851332669576821e-05,0.0016287296201401556,,0.0007525896829241272,8.410634225404571e-05,0.00011806304508254607,-0.00031392976744186045
Current Commitments,1946,,,14302325581.39535,53.18558616279072,0.061714534883720945,0.0001234290697674395,0.0012765580825419393,1.3009173369192622e+16,0.017162790697674422,17.60565026760998,0.000286046511627902,0.00034929615119881044,0.21972457627826888,0.05417872213852729,0.006525518366533387,0.0006406698734194495,,,,,,,,0.00010829566181325991,0.0017904618394692217,,0.0008191905398200676,9.15493813915719e-05,0.00012851110216949705,-0.0003417111627906977
Current Commitments,1947,,,15348837209.302324,57.07721441860466,0.06623023255813953,0.0001324604651162765,0.0013699647715084225,1.3961064103523786e+16,0.01841860465116279,18.893868579874123,0.00030697674418604117,0.00037485440616457705,0.23580198429863,0.05814301888037074,0.00700299532018217,0.0006944409413776033,,,,,,,,0.00011738485678329024,0.0019407343108946871,,0.0008791313110264139,9.824811661534544e-05,0.0001379143535477529,-0.00036671441860465113
Current Commitments,1948,,,16627906976.744184,61.833648953488385,0.07174941860465117,0.00014349883720929954,0.0014841285024674578,1.5124486112150768e+16,0.019953488372093025,20.468357628196966,0.0003325581395348779,0.0004060922733449585,0.25545214965684915,0.06298827045373497,0.007586578263530685,0.0007599294387432127,,,,,,,,0.000128454707977497,0.0021237531483990642,,0.0009523922536119484,0.00010643545966662422,0.00014940721634339898,-0.00039727395348837215
Current Commitments,1949,,,17906976744.186047,66.5900834883721,0.07726860465116281,0.0001545372093023226,0.0015982922334264933,1.6287908120777754e+16,0.021488372093023258,22.042846676519808,0.0003581395348837147,0.00043733014052533994,0.2751023150150684,0.0678335220270992,0.008170161206879202,0.0008267578683348103,,,,,,,,0.00013975105467776503,0.0023105166563142762,,0.001025653196197483,0.000114622802717903,0.00016090007913904507,-0.00042783348837209306
Current Commitments,1950,,,19418604651.162792,72.21132430232561,0.08379127906976745,0.00016758255813953169,0.0017332130063780803,1.7662861403700552e+16,0.023302325581395354,23.903606460901354,0.0003883720930232491,0.0004742476199203362,0.2983252377111456,0.0735597284319842,0.008859850139927445,0.0009058158731703427,,,,,,,,0.00015311462819746842,0.0025314578096841027,,0.001112234310162206,0.00012429875359668704,0.00017448255335208136,-0.0004639493023255815
Current Commitments,1951,,,20930232558.139538,77.8325651162791,0.09031395348837212,0.00018062790697674074,0.0018681337793296675,1.9037814686623348e+16,0.025116279069767447,25.7643662452829,0.00041860465116278346,0.0005111650993153325,0.3215481604072228,0.0792859348368692,0.00954953907297569,0.0009865252379103614,,,,,,,,0.0001667573394153341,0.0027570139715237855,,0.0011988154241269284,0.00013397470447547107,0.00018806502756511765,-0.0005000651162790699
Current Commitments,1952,,,22558139534.883717,83.88620906976745,0.09733837209302325,0.00019467674418604275,0.0020134330732775297,2.051853360669405e+16,0.027069767441860463,27.76826139769378,0.0004511627906976665,0.0005509223848176359,0.34655746177222896,0.08545261865751456,0.010292281000873796,0.0010744767890749404,,,,,,,,0.00018162423395188265,0.0030028096653993497,,0.001292056623781245,0.00014439495926800767,0.00020269230748684892,-0.0005389590697674418
Current Commitments,1953,,,24418604651.162792,90.80465930232562,0.10536627906976748,0.00021073255813953086,0.0021794894092179453,2.2210783801060572e+16,0.029302325581395353,30.05842728616338,0.0004883720930232474,0.0005963592825345544,0.37513952047509325,0.09250025730968074,0.011141128918471637,0.0011754998977369358,,,,,,,,0.00019870067981719492,0.0032851360685411963,,0.0013986179948147497,0.00015630382188804956,0.00021940919882597058,-0.0005834093023255816
Current Commitments,1954,,,26395348837.2093,98.15551267441863,0.11389593023255815,0.0002277918604651119,0.0023559242661546358,2.4008799632574996e+16,0.031674418604651165,32.491728542662315,0.0005279069767441768,0.0006446359863587803,0.4055079578468865,0.09998837337760726,0.01204302983091934,0.0012843593973822555,,,,,,,,0.00021710175039638208,0.003589362610267548,,0.0015118394515378484,0.00016895698842184405,0.0002371708958737872,-0.0006306376744186047
Current Commitments,1955,,,28488372093.023254,105.93876918604653,0.12292732558139537,0.00024585465116278596,0.0025427376440876025,2.5912581101237332e+16,0.03418604651162791,35.06816516719061,0.0005697674418604552,0.0006957524962903135,0.43766277388760877,0.10791696686129418,0.012997983738216909,0.0014013115216557476,,,,,,,,0.00023687075815550352,0.0039162053794443265,,0.0016317209939505414,0.00018235445886939113,0.00025597739863029897,-0.0006806441860465116
Current Commitments,1956,,,30813953488.372093,114.58683197674421,0.1329622093023256,0.0002659244186046461,0.002750308064013121,2.8027893844195484e+16,0.03697674418604652,37.930872527777595,0.0006162790697674312,0.0007525486184364617,0.4733903472661891,0.11672651517650187,0.014059043635214208,0.0015324064642783602,,,,,,,,0.0002590303978712176,0.004282572680064256,,0.0017649227077424223,0.00019724053714444348,0.0002768735128042009,-0.0007362069767441861
Current Commitments,1957,,,33255813953.48837,123.66729790697677,0.14349883720930234,0.0002869976744185991,0.0029682570049349155,3.0248972224301536e+16,0.03990697674418605,40.93671525639393,0.0006651162790697558,0.000812184546689917,0.5109042993136983,0.12597654090746993,0.01517315652706137,0.0016722698736622201,,,,,,,,0.00028267221577322387,0.004673444964885913,,0.0019047845072238969,0.00021287091933324843,0.00029881443268679796,-0.0007945479069767443
Current Commitments,1958,,,35930232558.139534,133.6125701162791,0.15503895348837213,0.00031007790697673825,0.0032069629878492623,3.2681581878703412e+16,0.04311627906976744,44.228828721068965,0.0007186046511627782,0.0008775000871579872,0.5519910086990657,0.13610752146995878,0.016393375408608264,0.0018271111331376745,,,,,,,,0.0003088458152612,0.005106175420567329,,0.00205796647808456,0.0002299899093495586,0.0003228449639867852,-0.0008584451162790698
Current Commitments,1959,,,38720930232.558136,143.9902454651163,0.16708081395348837,0.0003341616279069703,0.0034560474917598844,3.5219957170253188e+16,0.04646511627906977,47.66407755377335,0.0007744186046511493,0.0009456554337333649,0.594864096753362,0.146678979448208,0.01766664728500502,0.001991461945763822,,,,,,,,0.00033662686250773247,0.00556548195346593,,0.0022178085346348173,0.0002478532032796214,0.0003479203009954676,-0.0009251204651162791
Current Commitments,1960,,,41860465116.279076,155.6651302325582,0.18062790697674425,0.0003612558139534815,0.003736267558659335,3.8075629373246696e+16,0.050232558139534894,51.5287324905658,0.0008372093023255669,0.001022330198630665,0.6430963208144456,0.1585718696737384,0.01909907814595138,0.0021777497859958887,,,,,,,,0.00036811603623463,0.006086095272323026,,0.002397630848253857,0.00026794940895094214,0.0003761300551302353,-0.0010001302325581397
Current Commitments,1961,,,45930232558.139534,170.79924011627912,0.19818895348837212,0.0003963779069767366,0.004099515793528992,4.177742667342346e+16,0.055116279069767446,56.538470371593014,0.0009186046511627747,0.0011217234123864239,0.7056195742269611,0.17398857922535185,0.02095593296569665,0.0024173413974339954,,,,,,,,0.0004086154154033579,0.006755675121687993,,0.0026307338473896486,0.0002940000459322837,0.0004126982549345636,-0.0010973651162790698
Current Commitments,1962,,,50581395348.83721,188.09536569767448,0.2182587209302326,0.00043651744186045673,0.0045146566333800296,4.600805215933975e+16,0.060697674418604665,62.263885092767,0.0010116279069767265,0.0012353156566787201,0.7770747209841217,0.1916076758557672,0.02307805275969125,0.0026935474727047834,,,,,,,,0.0004553039221668242,0.007527580369803404,,0.00289713727497341,0.00032377220248238834,0.00045449048328236757,-0.0012084906976744189
Current Commitments,1963,,,53372093023.25581,198.47304104651167,0.23030058139534887,0.00046060116279068885,0.004763741137290651,4.854642745088954e+16,0.06404651162790698,65.69913392547139,0.0010674418604650977,0.0013034710032540976,0.8199478090384181,0.20217913383401645,0.024351324636088006,0.0028760936087263746,,,,,,,,0.0004861606167486978,0.008037736854522692,,0.0030569793315236675,0.00034163549641245115,0.00047956582029104987,-0.001275166046511628
Current Commitments,1964,,,55813953488.37209,207.55350697674425,0.24083720930232563,0.0004816744186046419,0.0049816900782124465,5.076750583099559e+16,0.06697674418604652,68.70497665408773,0.0011162790697674223,0.0013631069315075532,0.8574617610859274,0.2114291595649845,0.02546543752793517,0.003044026624474361,,,,,,,,0.0005145471818663276,0.008507054468411645,,0.0031968411310051422,0.0003572658786012562,0.0005015067401736471,-0.0013335069767441861
Current Commitments,1965,,,59651162790.69768,221.82281058139543,0.2573947674418605,0.0005147895348837111,0.005324181271089553,5.425777185687654e+16,0.07158139534883722,73.42844379905625,0.0011930232558139326,0.0014568205330486974,0.9164122571605849,0.22596491428507723,0.027216186357980714,0.003293099717315122,,,,,,,,0.000556649263684378,0.009203131943679452,,0.003416623958761746,0.0003818279077550925,0.0005359853285605852,-0.001425185581395349
Current Commitments,1966,,,64651162790.697685,240.41614558139545,0.2789697674418606,0.0005579395348837103,0.005770457673929418,5.880569425423657e+16,0.07758139534883722,79.58326462431829,0.0012930232558139312,0.001578932195662916,0.9932265399245327,0.2449054431627738,0.029497465136524906,0.003613329828423951,,,,,,,,0.0006107793753906913,0.010098069910294227,,0.00370300764341429,0.0004138329760464551,0.0005809119740344744,-0.001544645581395349
Current Commitments,1967,,,76279069767.44185,283.65645953488377,0.32914418604651163,0.0006582883720930105,0.006808309773557009,6.93822579690273e+16,0.09153488372093023,93.89680142725321,0.0015255813953488104,0.0018629128063936556,1.171864406817434,0.2889531847388121,0.03480276462151139,0.004316667154340369,,,,,,,,0.0007296680329477468,0.012063666693558617,,0.004369016212373694,0.00048826336742171665,0.0006853925449039841,-0.0018224595348837209
Current Commitments,1968,,,86395348837.2093,321.27553267441874,0.3727959302325582,0.0007455918604651019,0.007711241100233016,7.858386840089526e+16,0.10367441860465117,106.34957844580661,0.001727906976744156,0.0021099759377294,1.3272793510142584,0.32727471990996565,0.03941837517344965,0.004951237256810359,,,,,,,,0.0008369326196952239,0.013837081676967292,,0.004948443667368377,0.0005530178079181943,0.0007762906415604578,-0.002064157674418605
Current Commitments,1969,,,90465116279.06976,336.40964255813964,0.39035697674418607,0.000780713953488357,0.008074489335102674,8.228566570107202e+16,0.10855813953488372,111.35931632683383,0.0018093023255813638,0.0022093691514851587,1.389802604426774,0.34269142946157904,0.04127522999319492,0.005251154045194722,,,,,,,,0.0008876290679512313,0.014675250579388581,,0.005181546666504168,0.0005790684448995359,0.0008128588413647862,-0.002161392558139535
Current Commitments,1970,,,90697674418.60464,337.2744488372094,0.3913604651162791,0.0007827209302325431,0.008095246377095223,8.249719697536782e+16,0.10883720930232559,111.64558706289253,0.0018139534883720612,0.0022150487636997734,1.3933753617646318,0.34357238429309983,0.04138133598289465,0.00533324890596423,,,,,,,,0.0009015059765547996,0.014904678747502412,,0.005194866837883356,0.0005805570527270411,0.0008149484527821762,-0.0021669488372093025
Current Commitments,1971,,,104651162790.69768,389.16282558139545,0.45156976744186056,0.0009031395348837037,0.009340668896648337,9.518907343311674e+16,0.12558139534883722,128.82183122641447,0.002093023255813917,0.0025558254965766625,1.607740802036114,0.396429674184346,0.04774769536487844,0.0062349874495641906,,,,,,,,0.001053931393158942,0.01742474176041896,,0.005994077120634642,0.0006698735223773552,0.0009403251378255882,-0.002500325581395349
Current Commitments,1972,,,111627906976.74419,415.1070139534885,0.48167441860465127,0.0009633488372092838,0.009963380156424893,1.0153501166199118e+17,0.13395348837209303,137.40995330817546,0.0022325581395348446,0.0027262138630151063,1.7149235221718548,0.422858319129969,0.05093087505587034,0.006739626455951584,,,,,,,,0.0011392330710446588,0.018835042011969488,,0.0063936822620102845,0.0007145317572025124,0.0010030134803472941,-0.0026670139534883722
Current Commitments,1973,,,115581395348.83722,429.8087206976746,0.4987337209302327,0.0009974674418604462,0.010316249870298274,1.0513104332502005e+17,0.13869767441860467,142.27655582117333,0.0023116279069767044,0.002822767270663558,1.7756603969154414,0.43783455126582216,0.052734676880765746,0.007072944190611349,,,,,,,,0.0011955754498058386,0.019766555587192515,,0.006620125175456483,0.0007398380902701013,0.0010385368744429272,-0.0027614706976744193
Current Commitments,1974,,,111627906976.74419,415.1070139534885,0.48167441860465127,0.0009633488372092838,0.009963380156424893,1.0153501166199118e+17,0.13395348837209303,137.40995330817546,0.0022325581395348446,0.0027262138630151063,1.7149235221718548,0.422858319129969,0.05093087505587034,0.006924910906626303,,,,,,,,0.0011705526367711213,0.019352851186622073,,0.0063936822620102845,0.0007145317572025124,0.0010030134803472941,-0.0026670139534883722
Current Commitments,1975,,,111744186046.51163,415.53941709302336,0.48217616279069775,0.0009643523255813769,0.009973758677421169,1.0164077729913909e+17,0.13409302325581396,137.5530886762048,0.0022348837209301936,0.0027290536691224132,1.7167099008407836,0.4232987965457294,0.050983928050720204,0.007028740716279942,,,,,,,,0.0011881035134689304,0.01964302139704881,,0.006400342347699878,0.0007152760611162649,0.001004058286055989,-0.002669792093023256
Current Commitments,1976,,,112093023255.81396,416.8366265116281,0.48368139534883736,0.0009673627906976559,0.010004894240409998,1.0195807421058282e+17,0.1345116279069768,137.98249478029285,0.0022418604651162403,0.002737573087444336,1.7220690368475708,0.4246202287930106,0.051143087035269805,0.0071503404181236735,,,,,,,,0.0012086581247185222,0.01998285261882923,,0.0064203226047686605,0.0007175089728575228,0.0010071927031820745,-0.002678126511627908
Current Commitments,1977,,,118720930232.55814,441.4836054651164,0.5122808139534885,0.0010245616279069571,0.010596469937197725,1.0798671552801352e+17,0.14246511627906977,146.14121075796575,0.0023744186046511214,0.002899442035560858,1.8238926209765245,0.4497274414913525,0.054167107741712094,0.007681707203923436,,,,,,,,0.0012984777340387425,0.021467848233900095,,0.00679994748907552,0.000759934295941422,0.001066746628577695,-0.002836480465116279
Current Commitments,1978,,,122906976744.18605,457.0501184883722,0.5303436046511629,0.0010606872093023051,0.010970096693063657,1.117942784653382e+17,0.1474883720930233,151.29408400702235,0.0024581395348836784,0.0030016750554239242,1.8882022530579694,0.4655846284587264,0.05607701555630724,0.00806823608309179,,,,,,,,0.0013638146610836462,0.02254806947843901,,0.007039710573900908,0.0007867292368365162,0.0011043596340907184,-0.0029364934883720937
Current Commitments,1979,,,128023255813.95348,476.07585662790706,0.5524203488372093,0.0011048406976743971,0.011426751616899797,1.1644796649984613e+17,0.1536279069767442,157.5920402003137,0.002560465116279025,0.0031266265241454497,1.9668029144908457,0.4849656347521832,0.05841134732970129,0.008528142100825404,,,,,,,,0.0014415548961543758,0.023833355721257516,,0.007332754344243044,0.0008194786090416313,0.0011503310852733026,-0.003058731627906977
Current Commitments,1980,,,128953488372.09303,479.5350817441862,0.5564343023255814,0.0011128686046511416,0.011509779784870007,1.172940915970294e+17,0.15474418604651166,158.73712314454852,0.0025790697674418156,0.0031493449730039093,1.981093943842278,0.4884894540782663,0.05883577128850022,0.008718801371251491,,,,,,,,0.0014737829947871776,0.024366185751514703,,0.007386035029759798,0.0008254330403516522,0.0011586895309428635,-0.003080956744186047
Current Commitments,1981,,,127093023255.81395,472.61663151162804,0.5484063953488373,0.0010968127906976534,0.011343723448929591,1.1560184140266286e+17,0.15251162790697678,156.44695725607892,0.002541860465116235,0.003103908075286991,1.9525118851394136,0.4814418154261002,0.057986923370902374,0.008723705870822968,,,,,,,,0.0014746120271000613,0.024379892216714247,,0.007279473658726291,0.0008135241777316104,0.001141972639603742,-0.0030365065116279076
Current Commitments,1982,,,128488372093.02325,477.80546918604665,0.5544273255813954,0.0011088546511627694,0.011468265700884902,1.1687102904843776e+17,0.1541860465116279,158.1645816724311,0.0025697674418604204,0.0031379857485746795,1.973948429166562,0.48672754441522476,0.05862355930910075,0.00895569346218058,,,,,,,,0.0015138260603812677,0.02502822132783548,,0.007359394687001422,0.0008224558246966416,0.0011545103081080832,-0.0030698441860465115
Current Commitments,1983,,,130232558139.53488,484.2915162790699,0.5619534883720931,0.0011239069767441645,0.011623943515829042,1.1845751360565638e+17,0.15627906976744188,160.31161219287134,0.002604651162790652,0.0031805828401842906,2.000744109200497,0.4933347056516305,0.05941935423184873,0.00921965471693784,,,,,,,,0.001558444763340445,0.025765906324975756,,0.007459295972345331,0.0008336203834029309,0.0011701823937385095,-0.0031115162790697677
Current Commitments,1984,,,138953488372.09305,516.7217517441862,0.5995843023255816,0.00119916860465114,0.012402332590549738,1.2638993639174947e+17,0.16674418604651167,171.0467647950726,0.0027790697674418127,0.0033935682982323464,2.1347225093701736,0.5263705118336595,0.06339832884558862,0.009993810497759574,,,,,,,,0.0016893042217120137,0.027929417426204535,,0.007958802399064886,0.0008894431769343775,0.001248542821890642,-0.0033198767441860472
Current Commitments,1985,,,143488372093.02325,533.5854741860467,0.6191523255813954,0.001238304651162767,0.012807094909404498,1.3051479624051782e+17,0.17218604651162792,176.62904414821716,0.002869767441860415,0.0035043207364173342,2.204391277458405,0.5435491310483144,0.06546739564473333,0.010487096111282313,,,,,,,,0.001772686778307476,0.029307988674229155,,0.008218545740959054,0.0009184710295707292,0.0012892902445297506,-0.0034282241860465116
Current Commitments,1986,,,151046511627.90698,561.6916782558142,0.6517656976744187,0.0013035313953488122,0.013481698774162432,1.3738956265513182e+17,0.1812558139534884,185.9328430701249,0.0030209302325580867,0.0036889081333923157,2.320505890938791,0.5721801630727393,0.06891584030997455,0.011221219002880999,,,,,,,,0.001896779275389656,0.03135962100067646,,0.008651451310782666,0.0009668507839646494,0.001357202615594932,-0.003608803255813954
Current Commitments,1987,,,157674418604.65115,586.3386572093025,0.6803651162790698,0.0013607302325581133,0.014073274470950161,1.4341820397256253e+17,0.18920930232558142,194.0915590477978,0.0031534883720929683,0.003850777081508837,2.4223294750677447,0.5972873757710813,0.07193986101641685,0.011909652035506813,,,,,,,,0.002013148585038014,0.03328356518017683,,0.009031076195089525,0.0010092761070485486,0.0014167565409905526,-0.003767157209302326
Current Commitments,1988,,,164418604651.1628,611.4180393023258,0.7094662790697677,0.0014189325581395078,0.014675228688734167,1.495526109271412e+17,0.19730232558139538,202.39341039350012,0.003288372093023199,0.004015485835732667,2.525939437865628,0.6228350658851837,0.07501693471770902,0.012630453925737277,,,,,,,,0.0021349893660351418,0.03529796968367998,,0.009417361165085982,0.0010524457340462005,0.0014773552720948686,-0.003928289302325582
Current Commitments,1989,,,170348837209.30234,633.4705994186048,0.7350552325581398,0.001470110465116251,0.015204533259544238,1.5494665842168445e+17,0.20441860465116282,209.6933141629969,0.0034069767441859875,0.004160315947205345,2.6170447499810074,0.6452994140889633,0.07772263745505215,0.013312609359744371,,,,,,,,0.0022502975415093834,0.037204370037199695,,0.009757025535255277,0.0010904052336475837,0.0015306403632383185,-0.0040699744186046515
Current Commitments,1990,,,173929000000.0,646.7840326430002,0.7505036350000001,0.0015010072699999713,0.015524081693906976,1.5820311893008624e+17,0.20871480000000003,214.10036626339976,0.0034785799999999395,0.004247751873365675,2.6720462773701303,0.6588614494337759,0.07935610733468257,0.012060272305023037,,,,,,,,0.002038608689292162,0.033704499355495555,,0.009962085577586464,0.0011133219045696787,0.0015628093041256152,-0.0041555116680000006
Current Commitments,1991,,,168203000000.0,625.4909454010002,0.7257959450000001,0.0014515918899999723,0.015013005957374762,1.5299483820062954e+17,0.2018436,207.05186545430968,0.0033640599999999413,0.004107909597339872,2.5840785607488574,0.6371707557630378,0.07674358687749376,0.011968798525797688,,,,,,,,0.0020231464147717495,0.03344886019122383,,0.00963411898192237,0.0010766697003624101,0.0015113593097289173,-0.004018706076
Current Commitments,1992,,,168593000000.0,626.9412255310002,0.7274787950000001,0.001454957589999972,0.015047815516796272,1.533495761476236e+17,0.20231160000000004,207.53194147868012,0.0033718599999999414,0.004117434307023781,2.5900700748044456,0.6386481170154982,0.07692152662222021,0.013167188954548145,,,,,,,,0.002225716396562105,0.03679796777452684,,0.00965645690932527,0.0010791660956891366,0.0015148635880758807,-0.004028023956000001
Current Commitments,1993,,,169513000000.0,630.3623991710002,0.7314485950000001,0.0014628971899999718,0.015129930374918808,1.5418639386873786e+17,0.20341560000000003,208.66442851052832,0.003390259999999941,0.004139902852944797,2.604203902833012,0.6421331743289944,0.07734128191747233,0.01436557938329861,,,,,,,,0.0024282863783524618,0.04014707535782987,,0.009709151507301337,0.0010850550282547474,0.0015231300908430765,-0.0040500045960000005
Current Commitments,1994,,,177599000000.0,660.4315405330002,0.7663396850000002,0.0015326793699999704,0.015851648573591438,1.615412939697485e+17,0.21311880000000002,218.61800474914207,0.003551979999999938,0.004337381833724511,2.728427960918868,0.6727637976300052,0.081030565958134,0.015314724743884586,,,,,,,,0.0025887252084679326,0.04279962485132826,,0.010172291202121432,0.0011368136246955388,0.0015957854619034501,-0.0042431953080000005
Current Commitments,1995,,,181923000000.0,676.5110566410001,0.7849977450000002,0.0015699954899999699,0.016237588406767353,1.6547433725898547e+17,0.21830760000000002,223.94069379882868,0.0036384599999999367,0.0044429839995532875,2.79485695265313,0.6891435670034372,0.08300341584581901,0.016339398913005256,,,,,,,,0.0027619310542424604,0.045663252553858356,,0.010419955812608952,0.0011644916077539092,0.0016346380249092696,-0.004346504316000001
Current Commitments,1996,,,190157000000.0,707.1305607190002,0.8205274550000002,0.0016410549099999685,0.01697251638696404,1.7296385586295795e+17,0.2281884,234.07645273387018,0.0038031399999999336,0.004644077485546382,2.921354713508799,0.7203348299592278,0.08676022573832559,0.017288544273591232,,,,,,,,0.0029223698843579313,0.04831580204735676,,0.010891572464494763,0.0012171975542161248,0.00170862322467567,-0.004543231044000001
Current Commitments,1997,,,195947000000.0,728.6616426490002,0.8455113050000002,0.0016910226099999676,0.017489304461452606,1.7823034999910083e+17,0.23513640000000002,241.20373524952362,0.003918939999999932,0.004785482790853647,3.0103056529494507,0.7422679623996004,0.08940194656387976,0.018152090317837884,,,,,,,,0.0030683394300598053,0.05072912957061922,,0.011223204771322407,0.0012542594232975229,0.001760648280134434,-0.004681565724
Current Commitments,1998,,,199811000000.0,743.0305719370002,0.8621844650000001,0.001724368929999967,0.017834186865567255,1.8174498442778067e+17,0.23977320000000005,245.9601807832861,0.00399621999999993,0.004879850683721914,3.0696677306694293,0.7569052031162843,0.09116491880393872,0.018830171176682686,,,,,,,,0.0031829588595322198,0.052624142825037176,,0.011444522082821894,0.0012789929400730878,0.0017953675917566556,-0.004773884412000001
Current Commitments,1999,,,206256000000.0,766.9973807520003,0.8899946400000002,0.001779989279999966,0.01840943714882784,1.8760725639797773e+17,0.2475072,253.89374482704883,0.004125119999999928,0.005037252616831642,3.1686813411521575,0.7813195448396352,0.09410548714948218,0.019924499691452015,,,,,,,,0.0033679387308589875,0.055682431542563186,,0.011813670652339021,0.001320247473100654,0.0018532780377724988,-0.004927868352
Current Commitments,2000,,,216938000000.0,806.7201816460002,0.9360874700000003,0.001872174939999964,0.019362862055854926,1.973234378076977e+17,0.26032560000000005,267.04290403813866,0.004338759999999924,0.005298131972840658,3.3327873748490555,0.821784090733946,0.09897921113196399,0.021803955192291044,,,,,,,,0.0036856325787460375,0.060934892276001865,,0.012425500756230716,0.0013886231009983209,0.0019492593231629153,-0.005183082696000001
Current Commitments,2001,,,208673000000.0,775.9853988910002,0.9004239950000001,0.0018008479899999654,0.018625167161960627,1.8980572208486157e+17,0.2504076,256.8689852139805,0.0041734599999999275,0.005096281394539355,3.20581336544025,0.7904753964991137,0.09520825731103044,0.021951279213861318,,,,,,,,0.0037105355015755277,0.06134661452111206,,0.011952108525500061,0.0013357187231126985,0.0018749955781945764,-0.004985615316
Current Commitments,2002,,,209095000000.0,777.5546763650002,0.9022449250000002,0.0018044898499999654,0.018662832890360314,1.9018956673519875e+17,0.250914,257.38845209163264,0.004181899999999928,0.005106587618863995,3.212296490905527,0.7920739771363912,0.09540079723993958,0.021405313722161895,,,,,,,,0.0036182481993254326,0.05982082031865098,,0.011976279308484737,0.0013384199508764897,0.0018787873870725728,-0.004995697740000001
Current Commitments,2003,,,208964000000.0,777.0675309880003,0.9016796600000002,0.0018033593199999654,0.01865114044860591,1.900704111683879e+17,0.2507568,257.2271957860108,0.004179279999999928,0.0051033882933035025,3.210283956697112,0.7915777352797956,0.09534102773594172,0.022289257851579328,,,,,,,,0.003767665736301662,0.06229115378930034,,0.011968776055946841,0.001337581418087256,0.0018776103089611568,-0.004992567888
Current Commitments,2004,,,222109000000.0,825.9494087030002,0.9584003350000002,0.0019168006699999632,0.019824401111671913,2.020268991510474e+17,0.26653080000000007,273.40821973562464,0.004442179999999922,0.005424419854316282,3.41222870608353,0.8413723856992598,0.1013385096447344,0.02527906887754963,,,,,,,,0.004273048581956483,0.07064669346943671,,0.012721678762898378,0.001421722742625248,0.0019957224599120114,-0.005306628228000001
Current Commitments,2005,,,233025000000.0,866.5423776750002,1.0055028750000001,0.0020110057499999616,0.02079871175435191,2.119559233289638e+17,0.27963000000000005,286.84542456133664,0.004660499999999919,0.005691014036135643,3.579929648213781,0.8827233483450467,0.10631899747405207,0.026734976855412797,,,,,,,,0.004519148054623072,0.07471547800932743,,0.013346911623231813,0.0014915962077189503,0.0020938063123106063,-0.0055674333000000015
Current Commitments,2006,,,235742000000.0,876.6459959140003,1.0172267300000002,0.002034453459999961,0.02104121835165509,2.1442726435968925e+17,0.28289040000000004,290.18995419778406,0.004714839999999918,0.00575736951360021,3.6216705294677096,0.8930156317371871,0.107558644362313,0.02784424007664279,,,,,,,,0.004706652414750151,0.07781550432543718,,0.013502532517472004,0.001508987761828477,0.0021182194514611182,-0.005632347864
Current Commitments,2007,,,242588000000.0,902.1039901960003,1.0467672200000002,0.00209353443999996,0.021652260002423433,2.206542797061546e+17,0.2911056,298.61713487173284,0.004851759999999916,0.005924564802051598,3.7268446454281072,0.9189490038765291,0.1106821712658957,0.02931748029233795,,,,,,,,0.004955681643043772,0.08193272677651789,,0.013894649058498269,0.0015528091013330108,0.002179733014443967,-0.005795912496000001
Current Commitments,2008,,,241466000000.0,897.9316458220002,1.0419257900000003,0.0020838515799999602,0.02155211557762617,2.19633725920187e+17,0.28975920000000005,297.235993078544,0.004829319999999916,0.005897162944960967,3.709607520375877,0.9146987491963741,0.11017025230799038,0.03001750864976402,,,,,,,,0.005074010968958356,0.0838890760798308,,0.013830384559662238,0.001545627164008429,0.0021696514751996265,-0.005769105672000001
Current Commitments,2009,,,228984000000.0,851.5152443280002,0.9880659600000001,0.001976131919999962,0.020438031165576732,2.0828029244741744e+17,0.2747808,281.8710983703599,0.00457967999999992,0.005592323390410832,3.517848344883958,0.8674156129060925,0.10447526796523265,0.0292611695050098,,,,,,,,0.0049461631464920615,0.08177535662373796,,0.013115456329295625,0.0014657297115258715,0.0020574965974386097,-0.005470885728
Current Commitments,2010,,,240546000000.0,894.5104721820002,1.0379559900000002,0.0020759119799999603,0.021470000719503633,2.1879690819907274e+17,0.28865520000000006,296.1035060466958,0.0048109199999999165,0.005874694399039951,3.695473692347311,0.9112136918828778,0.10975049701273824,0.032197310772398624,,,,,,,,0.005442473922012044,0.08998090695887706,,0.01377768996168617,0.0015397382314428184,0.002161384972432431,-0.005747125032000001
Current Commitments,2011,,,247680000000.0,921.0394425600003,1.0687392,0.002137478399999959,0.022106747891075553,2.2528588387562605e+17,0.29721600000000004,304.8852044001797,0.004953599999999914,0.006048923319257917,3.805072310994911,0.9382380384855753,0.1130054255739651,0.03393808616829679,,,,,,,,0.0057367259719185775,0.0948458023547029,,0.014186302202948418,0.0015854030628809344,0.002225486310194576,-0.005917570560000001
Current Commitments,2012,,,250361000000.0,931.0091887870002,1.080307715,0.0021606154299999587,0.022346041298278288,2.2772447986509046e+17,0.30043320000000007,308.1854193266852,0.005007219999999913,0.0061143995927516615,3.84626012941294,0.9483939500697962,0.11422864725502051,0.034788197033069394,,,,,,,,0.0058804245014339755,0.0972215829647223,,0.014339861134659113,0.001602564180498763,0.0022495759774976754,-0.005981625012000001
Current Commitments,2013,,,257476999999.99997,957.4712231590001,1.111013255,0.0022220265099999574,0.022981181874799982,2.3419708302101322e+17,0.30897240000000004,316.944960325198,0.00514953999999991,0.006288188910984216,3.95558221664259,0.9753501107685337,0.1174753632126446,0.03586764826290919,,,,,,,,0.006062889590211614,0.10023829455798137,,0.01474744239465661,0.0016481137936910294,0.0023135155793361146,-0.0061516404840000006
Current Commitments,2014,,,265577000000.0,987.5924258590003,1.145964755,0.002291929509999956,0.023704149647400564,2.4156471730473648e+17,0.31869240000000004,326.9157700621226,0.005311539999999907,0.006486009804419251,4.080021354720186,1.0060337675504023,0.1211710348338862,0.037311569485391494,,,,,,,,0.006306962881125601,0.1042735800541697,,0.015211383963793736,0.0016999620043230375,0.0023862967450038147,-0.0063451656840000014
Current Commitments,2015,,,280081000000.0,1041.5279720270003,1.2085495150000003,0.0024170990299999537,0.024998708236758448,2.5475733059499846e+17,0.33609720000000004,344.76967431204264,0.005601619999999903,0.0068402313153305755,4.302844226161845,1.0609764537188244,0.12778856831468718,0.03919428156805476,,,,,,,,0.0066252072054725835,0.10953514186403684,,0.016042125756233837,0.0017928023064226217,0.002516619958194473,-0.006691695252000001
Current Commitments,2016,,,293627000000.0,1091.9010352090004,1.2670005050000002,0.0025340010099999515,0.02620776026733221,2.670785619539262e+17,0.3523524,361.44431489184257,0.0058725399999998975,0.007171056231685015,4.510949481025931,1.11229013455428,0.1339690087815191,0.04129205689307296,,,,,,,,0.006979804754980952,0.11539773478912385,,0.016817996434694504,0.0018795104374375812,0.002638335226112333,-0.007015336284
Current Commitments,2017,,,310950993000.0,1156.3231962863313,1.3417535347950003,0.0026835070695899487,0.027754018123104806,2.8283619710920787e+17,0.37314119160000003,382.7695294704613,0.006219019859999892,0.007594148549354431,4.777095500406462,1.1779152524929823,0.14187318029962873,0.04329342095498367,,,,,,,,0.007318105422151535,0.1209908899044264,,0.017810258224341485,0.0019904015532463985,0.002793997004452961,-0.007429241124756
Current Commitments,2018,,,327120444636.0,1216.4520024932203,1.4115247186043403,0.002823049437208626,0.02919722706550626,2.9754367935888666e+17,0.39254453356320007,402.67354500292527,0.006542408892719886,0.007989044273920862,5.025504466427598,1.2391668456226175,0.1492505856752094,0.04415128815883689,,,,,,,,0.0074631150448037165,0.1233883469342589,,0.018736391652007238,0.0020939024340152113,0.0029392848486845154,-0.007815561663243313
Current Commitments,2019,,,292505677500.0,1087.7312102318929,1.2621619984125003,0.0025243239968249518,0.026107676312987528,2.6605862441144346e+17,0.35100681300000003,360.06400707687555,0.005850113549999898,0.007143670920724669,4.493722764309017,1.1080424463157876,0.13345739893688827,0.043868355487864705,,,,,,,,0.007415289507623408,0.12259764306080996,,0.01675377074084775,0.0018723328367997527,0.0026282597744284545,-0.006988545646830001
Current Commitments,2020,,,158440575300.0,589.1877388291254,0.6836710824195,0.0013673421648389738,0.014141658001752553,1.4411508821149541e+17,0.19012869036000005,195.03467048458722,0.0031688115059999447,0.00386948841508725,2.4340998304753483,0.6001896583737003,0.07228942441844463,0.024835219303106865,,,,,,,,0.004198022448523261,0.06940627971115759,,0.009074959150576569,0.0010141802865198536,0.0014236407110364295,-0.0037854622250676007
Current Commitments,2021,,,188909916700.0,702.4930732050391,0.8151462905605001,0.0016302925811209686,0.016861207617130905,1.7182952824866922e+17,0.22669190004000003,232.54133788073486,0.003778198333999934,0.004613620802510096,2.9021959516615197,0.7156107465079192,0.08619123680485222,0.03016219387826602,,,,,,,,0.005098467843278976,0.08429342376514502,,0.01082014360239023,0.0012092149569798212,0.0016974177708165682,-0.004513435729796401
Current Commitments,2022,,,231566994700.0,861.1205414800652,0.9992115821305001,0.0019984231642609616,0.020668577082230816,2.1062974433709587e+17,0.27788039364000006,285.0506722845802,0.004631339893999919,0.005655406145878975,3.5575305219366737,0.8772002700473499,0.1056537741640731,0.036973011856443215,,,,,,,,0.006249734776589963,0.10332742269568844,,0.013263401837220424,0.001482263495879817,0.002080705654868176,-0.005532598637372401
Current Commitments,2023,1076937632512.1694,11615863382044.725,269197297382.2647,1001.0551062646144,1.1615863382044724,0.0023231726764089,0.0240272803059941,2.448576836147176e+17,0.3230367568587177,331.37222640652345,0.0053839459476452,0.0065744259109205,4.135639464082358,1.019747836973329,0.1228228163519221,0.0409175141854956,31609.255041993387,1033.2844808044356,1.0,1.0,1.0,1.0,0.0,0.0069164939110077,0.1143510109567864,10.786013072036893,0.01541874278456792,0.001723135577313922,0.0024188263084044264,-0.0064316618290570695
Current Commitments,2024,1198347322705.4666,12554695373775.648,290954701593.87366,1079.212602199146,1.2527577231768294,0.0025034062575308,0.0258831686381518,2.638203205374563e+17,0.3478010332180216,357.84894263335514,0.0058141262657643,0.0070997340578197,4.492414159241649,1.1016089191714291,0.1327204318661201,0.0452139231806048,32587.616609305576,1113.9710421778616,0.99500999,1.0,0.9746971613205142,1.0,1.0,0.0076427376050688,0.1263580627499945,10.476674947152512,0.016748891919781364,0.0018608145016934465,0.002605658586802742,-0.00692471857137081
Current Commitments,2025,1292041079394.611,13362679586764.836,309679712323.6347,1146.9849514813636,1.3316768302810302,0.0026612019837851,0.027527677436489,2.804979598223791e+17,0.3695590751156689,380.878457890815,0.0061883067691699,0.0075566957744168,4.809709992022903,1.1739971247654524,0.1414400286767429,0.0487001745204602,33594.36523400953,1183.9330694065811,0.99401498,1.0,0.9621425078045334,1.0,1.0,0.0082320362622414,0.1361009900293655,10.34230242356222,0.01793185355721582,0.001980567981032238,0.0027712112875313477,-0.007357921185552968
Current Commitments,2026,1332579229192.233,13581029129468.818,314739956650.4941,1162.6895883289392,1.3504216993163158,0.0026977355167504,0.0279013025499742,2.8441769166668173e+17,0.3744667761818612,387.1024135646507,0.0062894252569991,0.0076801526750517,4.918255200456026,1.1935409662408385,0.1438032314515706,0.0497683322593034,34661.586006780475,1200.1575403464158,0.993020965,0.996,0.9526362541935336,1.0,1.0,0.0084125923552439,0.1390861400251424,10.191535956703458,0.018336538410395835,0.0020129325505361833,0.002808824127705903,-0.007455633513780857
Current Commitments,2027,1374480003826.4983,13820623130814.4,320292540690.9479,1180.1301909694137,1.371216748942408,0.0027383453106219,0.0283179632321455,2.8877306975350746e+17,0.3799368903871589,393.9318543408651,0.0064003821328826,0.0078156268972164,5.035809111400208,1.2148692466038489,0.1463853774093728,0.0508632964502655,35768.71207463877,1218.174854810447,0.992027944,0.992016,0.9444264854223278,1.0,1.0,0.0085976796781254,0.1421462052488109,10.055164929528498,0.01877481005663338,0.0020484456425724985,0.0028507693585800875,-0.007564543487608334
Current Commitments,2028,1417787752236.6846,14071370769844.486,326103609961.6335,1198.3141251618536,1.3929335904584046,0.0027806833042538,0.0287552180225358,2.933309423870908e+17,0.3856430237038352,401.07911376686354,0.006516504299989,0.007957415243466,5.158749815377205,1.2371869872922638,0.1490914749448943,0.0519821857812978,36917.1884743672,1236.9610453643834,0.991035916,0.988047936,0.9366892865363756,1.0,1.0,0.0087868111881701,0.1452731333796909,9.924878210892755,0.019233165072547624,0.0020856113915876905,0.0028947877983286786,-0.007678152601943359
Current Commitments,2029,1462549755849.577,14329094325989.76,332076345909.3803,1216.848907671411,1.41509686644484,0.0028245532433366,0.0292037548326021,2.9799934636483565e+17,0.3914651592970609,408.425136329962,0.0066358570403366,0.0081031535943058,5.285609459588967,1.260134359448274,0.1518771907677707,0.0531253212932744,38108.59299776795,1256.1106454741418,0.99004488,0.984095744,0.9291129341551504,1.0,1.0,0.0089800411525369,0.1484678216215651,9.797338017855106,0.0197061309199893,0.002123810708915802,0.0029399419989980533,-0.007794071321604482
Current Commitments,2030,1508815856878.4995,14593228769973.71,338197653997.07324,1235.8286787327722,1.4378170015918077,0.0028695255829563,0.0296634428001491,3.0278552673546323e+17,0.3974341635262357,415.9538985032152,0.0067581786867597,0.0082525167127038,5.4162724824386705,1.2835945590437556,0.1547263973607573,0.0542969817927935,39344.61911583053,1275.7206816602163,0.989054835,0.980159361,0.9216838550364984,1.0,1.0,0.009178092839498,0.1517422278333099,9.671974683620297,0.020193276755178957,0.002162960272216719,0.00298621878669101,-0.007912914195807353
Current Commitments,2031,1556639632499.5896,14863296877704.809,344455959829.7581,1253.3474536823178,1.458664241277092,0.0029228529419627,0.0300921256506854,3.073129437685449e+17,0.4029372664674194,423.65119323105057,0.0068832379489805,0.0084052201758523,5.550612970602472,1.307457278696628,0.157628928702926,0.055452053543732,40627.13519952589,1293.8210598982105,0.98806578,0.976238724,0.9143658198187028,1.0,1.0,0.0093733404465722,0.1549702739420899,9.548322275360496,0.020694133140398346,0.002202986204801463,0.0030293742892544993,-0.008022480975366321
Current Commitments,2032,1606139856319.836,15139605501101.678,350858323441.69696,1271.2706600424567,1.4799926446553542,0.0029774122743349,0.0305302784723961,3.1194611915317274e+17,0.4085675605344699,431.525699716967,0.0070111759071411,0.0085614365408018,5.688782147883894,1.3317695783282344,0.1605903476909001,0.0566384661700559,41961.5876458895,1312.3392935279758,0.987077715,0.972333769,0.9071167468272648,1.0,1.0,0.009573885759973,0.1582859075022568,9.426081696142704,0.021209263877436692,0.002243933638528228,0.0030734831338161154,-0.008134580130241296
Current Commitments,2033,1657383632843.8694,15422473595177.156,357412089916.05426,1289.623543317178,1.5018317166253723,0.0030332662901476,0.0309786375856249,3.166920460694218e+17,0.4143331311098908,439.58644949124806,0.0071421393374947,0.0087213451983726,5.830947369121934,1.3565671305882931,0.1636151188573694,0.0578573003727681,43350.583149748905,1331.3014477065983,0.986090637,0.968444434,0.8999366991912172,1.0,1.0,0.0097799114560446,0.1616921487181091,9.305313078731242,0.02173929290879156,0.0022858495373544894,0.0031186194457448586,-0.008249372640397925
Current Commitments,2034,1710441026936.1565,15712661899990.594,364134845294.0551,1308.467903949956,1.524253566555929,0.0030905646463987,0.0314387967839116,3.2156662879902637e+17,0.4202537984358143,447.855069276113,0.0072764796606014,0.0088853754548323,5.977449867923117,1.3819232815862164,0.1667121726431417,0.0591097197590663,44796.88391290831,1350.7713251087443,0.985104546,0.964570656,0.8928517871621301,1.0,1.0,0.0099916142251838,0.165192249489525,9.186321920806616,0.022285492442365534,0.0023288463602357872,0.0031649436722363806,-0.008367253126857063
Current Commitments,2035,1765385066687.138,16008800477988.318,370987794145.9631,1327.6701932515332,1.5471328692685988,0.0031491119480753,0.0319068595107821,3.26531208672081e+17,0.426279691332687,456.31394304750035,0.0074133430839659,0.0090524873400555,6.122231045266357,1.407531609322655,0.1698488142495157,0.0603969183473599,46303.40146768622,1370.6119148574635,0.984119442,0.960712374,0.885828153367575,1.0,1.0,0.0102091958983477,0.1687895467057301,9.06816352991469,0.022825274440503918,0.0023728325038470015,0.003212063546950434,-0.008487228654433798
Current Commitments,2036,1822292429465.4253,16309930033337.66,377948607491.4485,1347.0769043501923,1.5703660108098034,0.0032086861465284,0.0323812162706286,3.3156570029633197e+17,0.4323852147859366,464.9357723295137,0.0075522829425493,0.0092221364667313,6.262659048815971,1.433273871239225,0.173011523493422,0.0617201512819805,47873.24074119273,1390.6668311622211,0.983135322,0.956869524,0.8788124310444001,1.0,1.0,0.0104328686389169,0.1724875480828232,8.95022652216265,0.02334882667112911,0.002417666016113471,0.0032598170419641816,-0.008608789626387997
Current Commitments,2037,1881250598190.109,16610160163906.455,384880664809.00446,1366.2577451387167,1.5933776058400846,0.0032680936206905,0.0328507553122563,3.3654814660451686e+17,0.4384150180723817,473.5526587170814,0.0076905687276304,0.0093909908351979,6.389711456157026,1.4585247616545862,0.1761269895440964,0.0630809720287049,49510.10777355957,1410.4898055760157,0.982152187,0.953042046,0.8715208186505276,1.0,1.0,0.0106628950370511,0.1762905950473444,8.829318209858146,0.023822511189802824,0.0024624738253288233,0.0033070855372848416,-0.00872884300982112
Current Commitments,2038,1942347559858.812,16902927115482.371,391631720075.942,1384.8520741387497,1.6157049715180074,0.0033264760559443,0.0333075441020043,3.4138256630549254e+17,0.444263878529652,481.9774733038369,0.0078251577260472,0.0095553370403166,6.493819013964164,1.482610251784812,0.1791154977257248,0.0644858704717503,51217.73435068098,1429.707377327312,0.981170035,0.949229878,0.8636623536597131,1.0,1.0,0.0109003721106303,0.1802168246937876,8.702318506123094,0.024210651323801177,0.002506282861179952,0.003353070464748773,-0.008845293821525373
Current Commitments,2039,2005679323537.2576,17190286514973.584,398249251874.6464,1402.865945098704,1.6373821585892414,0.0033837463400586,0.0337520469354177,3.460760137244133e+17,0.4499265953922775,490.26874419856784,0.0079569983483535,0.0097163332701781,6.576898704423586,1.5057407171806316,0.1820019303110172,0.0659316124452922,53000.30911084799,1448.3265025631674,0.980188865,0.945432958,0.8553590570617058,1.0,1.0,0.0111447531722842,0.1842571985910801,8.570805070003134,0.02452039408279663,0.0025493974698325528,0.0033978185649885,-0.008958038514260245
Current Commitments,2040,2071344648725.944,17482793086053.592,404977667810.51935,1421.1655970197737,1.6594130036137522,0.0034419515924312,0.0342035858034189,3.508503258408303e+17,0.4556827566389232,498.7272877160695,0.0080909742677747,0.0098799361523145,6.6519112946063625,1.5291466632775983,0.1849284632038369,0.0674198975359058,54862.191473663945,1467.2412835028013,0.979208676,0.941651226,0.8470457038347625,1.0,1.0,0.0113963255117085,0.1884164665253943,8.440311030231989,0.024800060587499808,0.0025933818961235613,0.003443274982830181,-0.009072643684680961
Current Commitments,2041,2139443171364.098,17783047159304.17,411876995780.442,1440.5629791021368,1.6826510731248228,0.0035023788003349,0.0346813474484172,3.5588585740631123e+17,0.4618179536203473,507.427028167512,0.008228284749445,0.0100476106657915,6.725682139270876,1.5530469055109148,0.1879230873564308,0.0689694108326793,56807.79599244292,1487.2872377036233,0.978229467,0.937884621,0.838836390651374,1.0,1.0,0.0116582475638052,0.1927468471827765,8.311997905495097,0.025075097540977285,0.0026386205464710624,0.0034913712476321596,-0.009194795456581115
Current Commitments,2042,2210039607912.885,18086501349129.19,418841681807.38715,1460.092545937977,1.7060479279636618,0.0035633025213958,0.0351621310870378,3.6096601974696166e+17,0.4680002377874111,516.2382511444912,0.0083668203004069,0.0102167791243409,6.794080390287939,1.5770810315735804,0.1909409979444439,0.0705639105103919,58839.487035162085,1507.46983116693,0.977251238,0.934133083,0.8305101919585841,1.0,1.0,0.0119277738908936,0.1972029499970901,8.183790591069862,0.025330104063790902,0.0026844389059513542,0.0035397717365320954,-0.009317884734347356
Current Commitments,2043,2283241372281.695,18390078600392.78,425800850219.78784,1479.5071514649355,1.7293084017604827,0.0036240859764981,0.035640030995093,3.660307553006739e+17,0.4741519066395503,525.0738690963956,0.0085051644296448,0.0103857110386742,6.854683503745852,1.6010442710554165,0.1939538361011506,0.0722052660637428,60962.11041524018,1527.5337154644046,0.976273987,0.930396551,0.8219245571199625,1.0,1.0,0.012205220503097,0.2017899995919003,8.054373411259258,0.02555604828026986,0.002730384119301257,0.0035878819202760123,-0.009440364461193446
Current Commitments,2044,2359162075253.388,18689701864109.617,432659981046.2112,1498.481240607922,1.7520452391377082,0.0036838902416599,0.0361069676858237,3.7100039406534266e+17,0.4801701746982854,533.8177005497203,0.0086414282258416,0.0105520983186103,6.904094260516003,1.6246307261120758,0.1969228708774747,0.073895399817186,63180.88634468071,1547.142573148441,0.975297713,0.926674964,0.8129026235222485,1.0,1.0,0.0124909123406188,0.2065133682325819,7.922177988598867,0.025740264471271618,0.002775852042858545,0.003634888436931872,-0.009560188178242862
Current Commitments,2045,2437922274608.33,18983801061739.723,439382663850.9283,1516.8908005996243,1.7741066878063176,0.0037423683318069,0.0365611053651149,3.7584957805055264e+17,0.4860168108302716,542.424952431919,0.0087748840340434,0.0107150550392823,6.941321331423179,1.6477584355950947,0.1998382560556232,0.0756362855890859,65501.47039335248,1566.1681690625396,0.9743224150000002,0.922968265,0.803389826207991,1.0,1.0,0.0127851830479379,0.2113785720930747,7.786877071292032,0.025879056703023373,0.0028206097526459785,0.003680606477106117,-0.009676594703630708
Current Commitments,2046,2519648684405.419,19265540694246.973,445810480241.6524,1534.196319369811,1.7948495778672922,0.0037981346302408,0.0369905366087519,3.804526484751069e+17,0.4915189322497124,550.7007662467012,0.0089023661832007,0.0108707170015799,6.960341617748062,1.6700175614714965,0.2026481166608019,0.0774299438474702,67929.90202001977,1584.053118641857,0.973348092,0.919276392,0.7930841614826538,1.0,1.0,0.0130883741549612,0.2163912577178026,7.646121784153894,0.02594996929225636,0.002863643984482846,0.0037238373204030537,-0.009786141941091774
Current Commitments,2047,2604474891067.6387,19539519204888.797,452050005396.60504,1550.754843754498,1.81469101667309,0.0038520552490847,0.0374089987418232,3.8491778836814515e+17,0.4967937653027569,558.7759955147066,0.0090260044216305,0.0110216988764859,6.967747631237871,1.691887206953793,0.2054157990682421,0.0792782481609224,70472.6840773265,1601.1660504910062,0.972374744,0.915599286,0.7822006354374855,1.0,1.0,0.0134008023604414,0.221556661115499,7.5022874176679295,0.025977580842549888,0.002905635176676474,0.003765963903339342,-0.00989116386717789
Current Commitments,2048,2692539466102.2993,19806067288879.14,458108928329.6741,1566.5934884274232,1.8336560035942568,0.0039041588930122,0.0378181042923802,3.892570950993987e+17,0.5018514852393609,566.6600237702389,0.0091459525226011,0.0111681902370377,6.963654802282771,1.7134807307277753,0.2081542446406618,0.0811833170858932,73136.65346336219,1617.5347671029792,0.97140237,0.911936889,0.7707757529111213,1.0,1.0,0.0137228257746663,0.2268807029555087,7.355906027832625,0.025962321708510764,0.002946632123605242,0.003807148559113915,-0.009991863071115674
Current Commitments,2049,2783987383140.728,20078573625688.176,464297580212.3552,1582.784643215006,1.8529917083613905,0.0039570558491569,0.0382407641767013,3.937195044896704e+17,0.507037436367497,574.7345466077109,0.0092684120107808,0.0113177574485176,6.959008936587375,1.735691555714153,0.2109726602572585,0.0831477265851867,75929.08179665972,1634.2662939292557,0.970430967,0.908289141,0.7594411315544356,1.0,1.0,0.0140548798256283,0.2323705822076787,7.212164016000938,0.025945000709233362,0.002988619642360096,0.00384969772966852,-0.010095115358076865
Current Commitments,2050,2878967420770.7188,20366246335634.92,470829406214.1859,1600.0568092687884,1.873544366524482,0.0040125340089718,0.0386927715501852,3.984760187776179e+17,0.5125866191289611,583.2620420866932,0.009397648407774,0.0114756050353998,6.961462095606761,1.7591650604160896,0.2139487732047501,0.0851739886563497,78857.54824407757,1652.1126378227036,0.9694605360000002,0.904655985,0.7485784603155791,1.0,1.0,0.0143973891289494,0.2380333190799743,7.07414963736642,0.02595414672601216,0.003032962618850805,0.0038952013119571438,-0.010205599586857616
Current Commitments_lower,1940,,,8953488372.093023,33.29504174418605,0.038634302325581404,7.72686046511613e-05,0.0007991461167132466,8143954060388877.0,0.010744186046511629,11.021423338259904,0.00017906976744185734,0.00021866507026266997,0.1375511575075342,0.0339167610135496,0.004085080603439601,6.398432532486963e-05,,,,,,,,6.398432532486963e-05,0.0010578585596153222,,1.7163992262896657e-05,2.31449890103458e-05,6.353211627870311e-06,-0.0005348455813953489
Current Commitments_lower,1941,,,9651162790.697676,35.88946058139537,0.04164476744186048,8.328953488371934e-05,0.0008614172426909024,8778547883276322.0,0.011581395348837212,11.880235546436003,0.00019302325581395014,0.0002357039069065144,0.1482694295211083,0.03655962550811191,0.004403398572538791,6.962232294921616e-05,,,,,,,,6.962232294921616e-05,0.0011510720773905522,,1.8501446205460037e-05,2.4948494647515604e-05,6.848267079392674e-06,-0.0005765218604651165
Current Commitments_lower,1942,,,10465116279.069769,38.91628255813955,0.04515697674418606,9.031395348837037e-05,0.0009340668896648338,9518907343311674.0,0.012558139534883724,12.88218312264145,0.00020930232558139173,0.00025558254965766625,0.1607740802036114,0.0396429674184346,0.004774769536487845,7.621479947014026e-05,,,,,,,,7.621479947014026e-05,0.0012600660799265446,,2.0061809138450635e-05,2.7052584557547046e-05,7.425831772835428e-06,-0.0006251441860465118
Current Commitments_lower,1943,,,11279069767.441858,41.94310453488372,0.048669186046511624,9.733837209302137e-05,0.0010067165366387648,1.0259266803347024e+16,0.013534883720930231,13.88413069884689,0.00022558139534883324,0.00027546119240881795,0.17327873088611448,0.04272630932875728,0.005146140500436898,8.293436113767916e-05,,,,,,,,8.293436113767916e-05,0.001371161192530727,,2.162217207144124e-05,2.915667446757847e-05,8.003396466278181e-06,-0.0006737665116279069
Current Commitments_lower,1944,,,12209302325.581396,45.40232965116281,0.05268313953488374,0.00010536627906976543,0.0010897447046089726,1.1105391900530286e+16,0.014651162790697676,15.02921364308169,0.0002441860465116237,0.0002981796412672772,0.18756976023754662,0.04625012865484037,0.005570564459235819,9.06480331052674e-05,,,,,,,,9.06480331052674e-05,0.0014986920194253938,,2.3405443994859077e-05,3.156134865047155e-05,8.663470401641333e-06,-0.0007293348837209304
Current Commitments_lower,1945,,,13139534883.72093,48.86155476744187,0.056697093023255825,0.00011339418604650945,0.00117277287257918,1.1951516997713544e+16,0.015767441860465116,16.174296587316483,0.00026279069767441406,0.0003208980901257365,0.20186078958897874,0.04977394798092344,0.005994988418034738,9.851332669576821e-05,,,,,,,,9.851332669576821e-05,0.0016287296201401556,,2.518871591827691e-05,3.3966022833364614e-05,9.32354433700448e-06,-0.0007849032558139535
Current Commitments_lower,1946,,,14302325581.39535,53.18558616279072,0.061714534883720945,0.0001234290697674395,0.0012765580825419393,1.3009173369192622e+16,0.017162790697674422,17.60565026760998,0.000286046511627902,0.00034929615119881044,0.21972457627826888,0.05417872213852729,0.006525518366533387,0.00010829566181325991,,,,,,,,0.00010829566181325991,0.0017904618394692217,,2.7417805822549203e-05,3.697186556198096e-05,1.0148636756208418e-05,-0.0008543637209302327
Current Commitments_lower,1947,,,15348837209.302324,57.07721441860466,0.06623023255813953,0.0001324604651162765,0.0013699647715084225,1.3961064103523786e+16,0.01841860465116279,18.893868579874123,0.00030697674418604117,0.00037485440616457705,0.23580198429863,0.05814301888037074,0.00700299532018217,0.00011738485678329024,,,,,,,,0.00011738485678329024,0.0019407343108946871,,2.9423986736394266e-05,3.9677124017735656e-05,1.0891219933491959e-05,-0.0009168781395348836
Current Commitments_lower,1948,,,16627906976.744184,61.833648953488385,0.07174941860465117,0.00014349883720929954,0.0014841285024674578,1.5124486112150768e+16,0.019953488372093025,20.468357628196966,0.0003325581395348779,0.0004060922733449585,0.25545214965684915,0.06298827045373497,0.007586578263530685,0.000128454707977497,,,,,,,,0.000128454707977497,0.0021237531483990642,,3.1875985631093786e-05,4.298355101921363e-05,1.1798821594616289e-05,-0.0009932846511627909
Current Commitments_lower,1949,,,17906976744.186047,66.5900834883721,0.07726860465116281,0.0001545372093023226,0.0015982922334264933,1.6287908120777754e+16,0.021488372093023258,22.042846676519808,0.0003581395348837147,0.00043733014052533994,0.2751023150150684,0.0678335220270992,0.008170161206879202,0.00013975105467776503,,,,,,,,0.00013975105467776503,0.0023105166563142762,,3.4327984525793314e-05,4.62899780206916e-05,1.2706423255740621e-05,-0.0010696911627906978
Current Commitments_lower,1950,,,19418604651.162792,72.21132430232561,0.08379127906976745,0.00016758255813953169,0.0017332130063780803,1.7662861403700552e+16,0.023302325581395354,23.903606460901354,0.0003883720930232491,0.0004742476199203362,0.2983252377111456,0.0735597284319842,0.008859850139927445,0.00015311462819746842,,,,,,,,0.00015311462819746842,0.0025314578096841027,,3.72258014013473e-05,5.019757356789284e-05,1.3779043400705738e-05,-0.0011599897674418607
Current Commitments_lower,1951,,,20930232558.139538,77.8325651162791,0.09031395348837212,0.00018062790697674074,0.0018681337793296675,1.9037814686623348e+16,0.025116279069767447,25.7643662452829,0.00041860465116278346,0.0005111650993153325,0.3215481604072228,0.0792859348368692,0.00954953907297569,0.0001667573394153341,,,,,,,,0.0001667573394153341,0.0027570139715237855,,4.012361827690127e-05,5.410516911509409e-05,1.4851663545670857e-05,-0.0012502883720930235
Current Commitments_lower,1952,,,22558139534.883717,83.88620906976745,0.09733837209302325,0.00019467674418604275,0.0020134330732775297,2.051853360669405e+16,0.027069767441860463,27.76826139769378,0.0004511627906976665,0.0005509223848176359,0.34655746177222896,0.08545261865751456,0.010292281000873796,0.00018162423395188265,,,,,,,,0.00018162423395188265,0.0030028096653993497,,4.324434414288248e-05,5.831334893515694e-05,1.6006792932556362e-05,-0.0013475330232558139
Current Commitments_lower,1953,,,24418604651.162792,90.80465930232562,0.10536627906976748,0.00021073255813953086,0.0021794894092179453,2.2210783801060572e+16,0.029302325581395353,30.05842728616338,0.0004883720930232474,0.0005963592825345544,0.37513952047509325,0.09250025730968074,0.011141128918471637,0.00019870067981719492,,,,,,,,0.00019870067981719492,0.0032851360685411963,,4.6810887989718155e-05,6.31226973009431e-05,1.7326940803282667e-05,-0.0014586697674418608
Current Commitments_lower,1954,,,26395348837.2093,98.15551267441863,0.11389593023255815,0.0002277918604651119,0.0023559242661546358,2.4008799632574996e+16,0.031674418604651165,32.491728542662315,0.0005279069767441768,0.0006446359863587803,0.4055079578468865,0.09998837337760726,0.01204302983091934,0.00021710175039638208,,,,,,,,0.00021710175039638208,0.003589362610267548,,5.060034082698105e-05,6.823262993959085e-05,1.8729597915929353e-05,-0.0015767525581395349
Current Commitments_lower,1955,,,28488372093.023254,105.93876918604653,0.12292732558139537,0.00024585465116278596,0.0025427376440876025,2.5912581101237332e+16,0.03418604651162791,35.06816516719061,0.0005697674418604552,0.0006957524962903135,0.43766277388760877,0.10791696686129418,0.012997983738216909,0.00023687075815550352,,,,,,,,0.00023687075815550352,0.0039162053794443265,,5.461270265467118e-05,7.364314685110026e-05,2.021476427049644e-05,-0.0017017813953488375
Current Commitments_lower,1956,,,30813953488.372093,114.58683197674421,0.1329622093023256,0.0002659244186046461,0.002750308064013121,2.8027893844195484e+16,0.03697674418604652,37.930872527777595,0.0006162790697674312,0.0007525486184364617,0.4733903472661891,0.11672651517650187,0.014059043635214208,0.0002590303978712176,,,,,,,,0.0002590303978712176,0.004282572680064256,,5.907088246321577e-05,7.965483230833295e-05,2.1864949108904316e-05,-0.0018407023255813957
Current Commitments_lower,1957,,,33255813953.48837,123.66729790697677,0.14349883720930234,0.0002869976744185991,0.0029682570049349155,3.0248972224301536e+16,0.03990697674418605,40.93671525639393,0.0006651162790697558,0.000812184546689917,0.5109042993136983,0.12597654090746993,0.01517315652706137,0.00028267221577322387,,,,,,,,0.00028267221577322387,0.004673444964885913,,6.375197126218757e-05,8.596710203842725e-05,2.3597643189232578e-05,-0.0019865693023255818
Current Commitments_lower,1958,,,35930232558.139534,133.6125701162791,0.15503895348837213,0.00031007790697673825,0.0032069629878492623,3.2681581878703412e+16,0.04311627906976744,44.228828721068965,0.0007186046511627782,0.0008775000871579872,0.5519910086990657,0.13610752146995878,0.016393375408608264,0.0003088458152612,,,,,,,,0.0003088458152612,0.005106175420567329,,6.887887804201384e-05,9.288054031424482e-05,2.5495355753401637e-05,-0.0021463283720930234
Current Commitments_lower,1959,,,38720930232.558136,143.9902454651163,0.16708081395348837,0.0003341616279069703,0.0034560474917598844,3.5219957170253188e+16,0.04646511627906977,47.66407755377335,0.0007744186046511493,0.0009456554337333649,0.594864096753362,0.146678979448208,0.01766664728500502,0.00033662686250773247,,,,,,,,0.00033662686250773247,0.00556548195346593,,7.422869381226734e-05,0.00010009456286292404,2.747557755949108e-05,-0.002313033488372093
Current Commitments_lower,1960,,,41860465116.279076,155.6651302325582,0.18062790697674425,0.0003612558139534815,0.003736267558659335,3.8075629373246696e+16,0.050232558139534894,51.5287324905658,0.0008372093023255669,0.001022330198630665,0.6430963208144456,0.1585718696737384,0.01909907814595138,0.00036811603623463,,,,,,,,0.00036811603623463,0.006086095272323026,,8.024723655380254e-05,0.00010821033823018818,2.9703327091341713e-05,-0.002500576744186047
Current Commitments_lower,1961,,,45930232558.139534,170.79924011627912,0.19818895348837212,0.0003963779069767366,0.004099515793528992,4.177742667342346e+16,0.055116279069767446,56.538470371593014,0.0009186046511627747,0.0011217234123864239,0.7056195742269611,0.17398857922535185,0.02095593296569665,0.0004086154154033579,,,,,,,,0.0004086154154033579,0.006755675121687993,,8.804905121875558e-05,0.00011873078778034532,3.2591150558555484e-05,-0.0027436883720930237
Current Commitments_lower,1962,,,50581395348.83721,188.09536569767448,0.2182587209302326,0.00043651744186045673,0.0045146566333800296,4.600805215933975e+16,0.060697674418604665,62.263885092767,0.0010116279069767265,0.0012353156566787201,0.7770747209841217,0.1916076758557672,0.02307805275969125,0.0004553039221668242,,,,,,,,0.0004553039221668242,0.007527580369803404,,9.696541083584475e-05,0.0001307541586948107,3.589152023537123e-05,-0.00302153023255814
Current Commitments_lower,1963,,,53372093023.25581,198.47304104651167,0.23030058139534887,0.00046060116279068885,0.004763741137290651,4.854642745088954e+16,0.06404651162790698,65.69913392547139,0.0010674418604650977,0.0013034710032540976,0.8199478090384181,0.20217913383401645,0.024351324636088006,0.0004861606167486978,,,,,,,,0.0004861606167486978,0.008037736854522692,,0.00010231522660609825,0.0001379681812434899,3.787174204146068e-05,-0.0031882353488372093
Current Commitments_lower,1964,,,55813953488.37209,207.55350697674425,0.24083720930232563,0.0004816744186046419,0.0049816900782124465,5.076750583099559e+16,0.06697674418604652,68.70497665408773,0.0011162790697674223,0.0013631069315075532,0.8574617610859274,0.2114291595649845,0.02546543752793517,0.0005145471818663276,,,,,,,,0.0005145471818663276,0.008507054468411645,,0.00010699631540507007,0.0001442804509735842,3.9604436121788953e-05,-0.003334102325581396
Current Commitments_lower,1965,,,59651162790.69768,221.82281058139543,0.2573947674418605,0.0005147895348837111,0.005324181271089553,5.425777185687654e+16,0.07158139534883722,73.42844379905625,0.0011930232558139326,0.0014568205330486974,0.9164122571605849,0.22596491428507723,0.027216186357980714,0.000556649263684378,,,,,,,,0.000556649263684378,0.009203131943679452,,0.00011435231208916863,0.00015419973197801812,4.232724110516194e-05,-0.0035633218604651166
Current Commitments_lower,1966,,,64651162790.697685,240.41614558139545,0.2789697674418606,0.0005579395348837103,0.005770457673929418,5.880569425423657e+16,0.07758139534883722,79.58326462431829,0.0012930232558139312,0.001578932195662916,0.9932265399245327,0.2449054431627738,0.029497465136524906,0.0006107793753906913,,,,,,,,0.0006107793753906913,0.010098069910294227,,0.0001239373986775395,0.00016712485571106838,4.587513850773887e-05,-0.0038620018604651166
Current Commitments_lower,1967,,,76279069767.44185,283.65645953488377,0.32914418604651163,0.0006582883720930105,0.006808309773557009,6.93822579690273e+16,0.09153488372093023,93.89680142725321,0.0015255813953488104,0.0018629128063936556,1.171864406817434,0.2889531847388121,0.03480276462151139,0.0007296680329477468,,,,,,,,0.0007296680329477468,0.012063666693558617,,0.0001462282977202624,0.00019718328299723174,5.412606269977822e-05,-0.004556606511627906
Current Commitments_lower,1968,,,86395348837.2093,321.27553267441874,0.3727959302325582,0.0007455918604651019,0.007711241100233016,7.858386840089526e+16,0.10367441860465117,106.34957844580661,0.001727906976744156,0.0021099759377294,1.3272793510142584,0.32727471990996565,0.03941837517344965,0.0008369326196952239,,,,,,,,0.0008369326196952239,0.013837081676967292,,0.00016562137988743137,0.00022333411473619388,6.130436674685249e-05,-0.005160912558139536
Current Commitments_lower,1969,,,90465116279.06976,336.40964255813964,0.39035697674418607,0.000780713953488357,0.008074489335102674,8.228566570107202e+16,0.10855813953488372,111.35931632683383,0.0018093023255813638,0.0022093691514851587,1.389802604426774,0.34269142946157904,0.04127522999319492,0.0008876290679512313,,,,,,,,0.0008876290679512313,0.014675250579388581,,0.0001734231945523844,0.00023385456428635105,6.419219021406626e-05,-0.005404024186046511
Current Commitments_lower,1970,,,90697674418.60464,337.2744488372094,0.3913604651162791,0.0007827209302325431,0.008095246377095223,8.249719697536782e+16,0.10883720930232559,111.64558706289253,0.0018139534883720612,0.0022150487636997734,1.3933753617646318,0.34357238429309983,0.04138133598289465,0.0009015059765547996,,,,,,,,0.0009015059765547996,0.014904678747502412,,0.00017386901253323882,0.0002344557328320743,6.435720869790703e-05,-0.005417916279069768
Current Commitments_lower,1971,,,104651162790.69768,389.16282558139545,0.45156976744186056,0.0009031395348837037,0.009340668896648337,9.518907343311674e+16,0.12558139534883722,128.82183122641447,0.002093023255813917,0.0025558254965766625,1.607740802036114,0.396429674184346,0.04774769536487844,0.001053931393158942,,,,,,,,0.001053931393158942,0.01742474176041896,,0.00020061809138450636,0.0002705258455754704,7.425831772835428e-05,-0.006251441860465117
Current Commitments_lower,1972,,,111627906976.74419,415.1070139534885,0.48167441860465127,0.0009633488372092838,0.009963380156424893,1.0153501166199118e+17,0.13395348837209303,137.40995330817546,0.0022325581395348446,0.0027262138630151063,1.7149235221718548,0.422858319129969,0.05093087505587034,0.0011392330710446588,,,,,,,,0.0011392330710446588,0.018835042011969488,,0.00021399263081014013,0.0002885609019471684,7.920887224357791e-05,-0.006668204651162792
Current Commitments_lower,1973,,,115581395348.83722,429.8087206976746,0.4987337209302327,0.0009974674418604462,0.010316249870298274,1.0513104332502005e+17,0.13869767441860467,142.27655582117333,0.0023116279069767044,0.002822767270663558,1.7756603969154414,0.43783455126582216,0.052734676880765746,0.0011955754498058386,,,,,,,,0.0011955754498058386,0.019766555587192515,,0.00022157153648466593,0.000298780767224464,8.201418646887127e-05,-0.006904370232558141
Current Commitments_lower,1974,,,111627906976.74419,415.1070139534885,0.48167441860465127,0.0009633488372092838,0.009963380156424893,1.0153501166199118e+17,0.13395348837209303,137.40995330817546,0.0022325581395348446,0.0027262138630151063,1.7149235221718548,0.422858319129969,0.05093087505587034,0.0011705526367711213,,,,,,,,0.0011705526367711213,0.019352851186622073,,0.00021399263081014013,0.0002885609019471684,7.920887224357791e-05,-0.006668204651162792
Current Commitments_lower,1975,,,111744186046.51163,415.53941709302336,0.48217616279069775,0.0009643523255813769,0.009973758677421169,1.0164077729913909e+17,0.13409302325581396,137.5530886762048,0.0022348837209301936,0.0027290536691224132,1.7167099008407836,0.4232987965457294,0.050983928050720204,0.0011881035134689304,,,,,,,,0.0011881035134689304,0.01964302139704881,,0.0002142155398005673,0.00028886148622003007,7.929138148549828e-05,-0.0066751506976744195
Current Commitments_lower,1976,,,112093023255.81396,416.8366265116281,0.48368139534883736,0.0009673627906976559,0.010004894240409998,1.0195807421058282e+17,0.1345116279069768,137.98249478029285,0.0022418604651162403,0.002737573087444336,1.7220690368475708,0.4246202287930106,0.051143087035269805,0.0012086581247185222,,,,,,,,0.0012086581247185222,0.01998285261882923,,0.00021488426677184903,0.000289763239038615,7.953890921125949e-05,-0.006695988837209305
Current Commitments_lower,1977,,,118720930232.55814,441.4836054651164,0.5122808139534885,0.0010245616279069571,0.010596469937197725,1.0798671552801352e+17,0.14246511627906977,146.14121075796575,0.0023744186046511214,0.002899442035560858,1.8238926209765245,0.4497274414913525,0.054167107741712094,0.0012984777340387425,,,,,,,,0.0012984777340387425,0.021467848233900095,,0.00022759007922620107,0.00030689654259172803,8.424193600072191e-05,-0.007091913488372093
Current Commitments_lower,1978,,,122906976744.18605,457.0501184883722,0.5303436046511629,0.0010606872093023051,0.010970096693063657,1.117942784653382e+17,0.1474883720930233,151.29408400702235,0.0024581395348836784,0.0030016750554239242,1.8882022530579694,0.4655846284587264,0.05607701555630724,0.0013638146610836462,,,,,,,,0.0013638146610836462,0.02254806947843901,,0.00023561480288158138,0.0003177175764147469,8.721226870985607e-05,-0.007341971162790699
Current Commitments_lower,1979,,,128023255813.95348,476.07585662790706,0.5524203488372093,0.0011048406976743971,0.011426751616899797,1.1644796649984613e+17,0.1536279069767442,157.5920402003137,0.002560465116279025,0.0031266265241454497,1.9668029144908457,0.4849656347521832,0.05841134732970129,0.0014415548961543758,,,,,,,,0.0014415548961543758,0.023833355721257516,,0.00024542279846037943,0.00033094328442065873,9.08426753543534e-05,-0.007647597209302326
Current Commitments_lower,1980,,,128953488372.09303,479.5350817441862,0.5564343023255814,0.0011128686046511416,0.011509779784870007,1.172940915970294e+17,0.15474418604651166,158.73712314454852,0.0025790697674418156,0.0031493449730039093,1.981093943842278,0.4884894540782663,0.05883577128850022,0.0014737829947871776,,,,,,,,0.0014737829947871776,0.024366185751514703,,0.0002472060703837973,0.00033334795860355185,9.150274928971657e-05,-0.007703165581395351
Current Commitments_lower,1981,,,127093023255.81395,472.61663151162804,0.5484063953488373,0.0010968127906976534,0.011343723448929591,1.1560184140266286e+17,0.15251162790697678,156.44695725607892,0.002541860465116235,0.003103908075286991,1.9525118851394136,0.4814418154261002,0.057986923370902374,0.0014746120271000613,,,,,,,,0.0014746120271000613,0.024379892216714247,,0.0002436395265369616,0.0003285386102377657,9.018260141899026e-05,-0.007592028837209304
Current Commitments_lower,1982,,,128488372093.02325,477.80546918604665,0.5544273255813954,0.0011088546511627694,0.011468265700884902,1.1687102904843776e+17,0.1541860465116279,158.1645816724311,0.0025697674418604204,0.0031379857485746795,1.973948429166562,0.48672754441522476,0.05862355930910075,0.0015138260603812677,,,,,,,,0.0015138260603812677,0.02502822132783548,,0.0002463144344220884,0.0003321456215121053,9.117271232203498e-05,-0.007675381395348837
Current Commitments_lower,1983,,,130232558139.53488,484.2915162790699,0.5619534883720931,0.0011239069767441645,0.011623943515829042,1.1845751360565638e+17,0.15627906976744188,160.31161219287134,0.002604651162790652,0.0031805828401842906,2.000744109200497,0.4933347056516305,0.05941935423184873,0.001558444763340445,,,,,,,,0.001558444763340445,0.025765906324975756,,0.00024965806927849677,0.0003366543856050298,9.241035095084088e-05,-0.007779572093023257
Current Commitments_lower,1984,,,138953488372.09305,516.7217517441862,0.5995843023255816,0.00119916860465114,0.012402332590549738,1.2638993639174947e+17,0.16674418604651167,171.0467647950726,0.0027790697674418127,0.0033935682982323464,2.1347225093701736,0.5263705118336595,0.06339832884558862,0.0016893042217120137,,,,,,,,0.0016893042217120137,0.027929417426204535,,0.000266376243560539,0.0003591982060696524,9.859854409487042e-05,-0.008300525581395352
Current Commitments_lower,1985,,,143488372093.02325,533.5854741860467,0.6191523255813954,0.001238304651162767,0.012807094909404498,1.3051479624051782e+17,0.17218604651162792,176.62904414821716,0.002869767441860415,0.0035043207364173342,2.204391277458405,0.5435491310483144,0.06546739564473333,0.001772686778307476,,,,,,,,0.001772686778307476,0.029307988674229155,,0.00027506969418720096,0.000370920992711256,0.00010181640452976575,-0.008571421395348838
Current Commitments_lower,1986,,,151046511627.90698,561.6916782558142,0.6517656976744187,0.0013035313953488122,0.013481698774162432,1.3738956265513182e+17,0.1812558139534884,185.9328430701249,0.0030209302325580867,0.0036889081333923157,2.320505890938791,0.5721801630727393,0.06891584030997455,0.001896779275389656,,,,,,,,0.001896779275389656,0.03135962100067646,,0.0002895587785649709,0.0003904589704472623,0.00010717950525459134,-0.009022914418604651
Current Commitments_lower,1987,,,157674418604.65115,586.3386572093025,0.6803651162790698,0.0013607302325581133,0.014073274470950161,1.4341820397256253e+17,0.18920930232558142,194.0915590477978,0.0031534883720929683,0.003850777081508837,2.4223294750677447,0.5972873757710813,0.07193986101641685,0.002013148585038014,,,,,,,,0.002013148585038014,0.03328356518017683,,0.0003022645910193229,0.00040759227400037536,0.00011188253204405378,-0.009418839069767444
Current Commitments_lower,1988,,,164418604651.1628,611.4180393023258,0.7094662790697677,0.0014189325581395078,0.014675228688734167,1.495526109271412e+17,0.19730232558139538,202.39341039350012,0.003288372093023199,0.004015485835732667,2.525939437865628,0.6228350658851837,0.07501693471770902,0.0021349893660351418,,,,,,,,0.0021349893660351418,0.03529796968367998,,0.00031519331246410224,0.00042502616182635023,0.00011666806807543663,-0.009821709767441861
Current Commitments_lower,1989,,,170348837209.30234,633.4705994186048,0.7350552325581398,0.001470110465116251,0.015204533259544238,1.5494665842168445e+17,0.20441860465116282,209.6933141629969,0.0034069767441859875,0.004160315947205345,2.6170447499810074,0.6452994140889633,0.07772263745505215,0.0022502975415093834,,,,,,,,0.0022502975415093834,0.037204370037199695,,0.0003265616709758909,0.00044035595974229347,0.0001208760394133767,-0.010175958139534886
Current Commitments_lower,1990,,,173929000000.0,646.7840326430002,0.7505036350000001,0.0015010072699999713,0.015524081693906976,1.5820311893008624e+17,0.20871480000000003,214.10036626339976,0.0034785799999999395,0.004247751873365675,2.6720462773701303,0.6588614494337759,0.07935610733468257,0.002038608689292162,,,,,,,,0.002038608689292162,0.033704499355495555,,0.000333424905045751,0.0004496107691531395,0.00012341644946656046,-0.010389822744000002
Current Commitments_lower,1991,,,168203000000.0,625.4909454010002,0.7257959450000001,0.0014515918899999723,0.015013005957374762,1.5299483820062954e+17,0.2018436,207.05186545430968,0.0033640599999999413,0.004107909597339872,2.5840785607488574,0.6371707557630378,0.07674358687749376,0.0020231464147717495,,,,,,,,0.0020231464147717495,0.03344886019122383,,0.0003224480638847487,0.0004348089174540503,0.00011935339736112936,-0.010047774408
Current Commitments_lower,1992,,,168593000000.0,626.9412255310002,0.7274787950000001,0.001454957589999972,0.015047815516796272,1.533495761476236e+17,0.20231160000000004,207.53194147868012,0.0033718599999999414,0.004117434307023781,2.5900700748044456,0.6386481170154982,0.07692152662222021,0.002225716396562105,,,,,,,,0.002225716396562105,0.03679796777452684,,0.0003231957006386417,0.0004358170771052282,0.00011963013335853036,-0.010071071448
Current Commitments_lower,1993,,,169513000000.0,630.3623991710002,0.7314485950000001,0.0014628971899999718,0.015129930374918808,1.5418639386873786e+17,0.20341560000000003,208.66442851052832,0.003390259999999941,0.004139902852944797,2.604203902833012,0.6421331743289944,0.07734128191747233,0.0024282863783524618,,,,,,,,0.0024282863783524618,0.04014707535782987,,0.0003249593565709019,0.00043819529987210946,0.00012028294648060451,-0.010126028568000002
Current Commitments_lower,1994,,,177599000000.0,660.4315405330002,0.7663396850000002,0.0015326793699999704,0.015851648573591438,1.615412939697485e+17,0.21311880000000002,218.61800474914207,0.003551979999999938,0.004337381833724511,2.728427960918868,0.6727637976300052,0.081030565958134,0.0025887252084679326,,,,,,,,0.0025887252084679326,0.04279962485132826,,0.0003404603586016152,0.0004590978099731983,0.0001260206061600519,-0.010609053864000002
Current Commitments_lower,1995,,,181923000000.0,676.5110566410001,0.7849977450000002,0.0015699954899999699,0.016237588406767353,1.6547433725898547e+17,0.21830760000000002,223.94069379882868,0.0036384599999999367,0.0044429839995532875,2.79485695265313,0.6891435670034372,0.08300341584581901,0.0027619310542424604,,,,,,,,0.0027619310542424604,0.045663252553858356,,0.0003487495414832383,0.0004702754569775402,0.00012908882783380047,-0.010867352328
Current Commitments_lower,1996,,,190157000000.0,707.1305607190002,0.8205274550000002,0.0016410549099999685,0.01697251638696404,1.7296385586295795e+17,0.2281884,234.07645273387018,0.0038031399999999336,0.004644077485546382,2.921354713508799,0.7203348299592278,0.08676022573832559,0.0029223698843579313,,,,,,,,0.0029223698843579313,0.04831580204735676,,0.00036453426207696757,0.0004915605507411273,0.00013493150527636412,-0.011359218552000002
Current Commitments_lower,1997,,,195947000000.0,728.6616426490002,0.8455113050000002,0.0016910226099999676,0.017489304461452606,1.7823034999910083e+17,0.23513640000000002,241.20373524952362,0.003918939999999932,0.004785482790853647,3.0103056529494507,0.7422679623996004,0.08940194656387976,0.0030683394300598053,,,,,,,,0.0030683394300598053,0.05072912957061922,,0.000375633792346301,0.0005065278440239996,0.00013903997046854822,-0.011705089992000001
Current Commitments_lower,1998,,,199811000000.0,743.0305719370002,0.8621844650000001,0.001724368929999967,0.017834186865567255,1.8174498442778067e+17,0.23977320000000005,245.9601807832861,0.00399621999999993,0.004879850683721914,3.0696677306694293,0.7569052031162843,0.09116491880393872,0.0031829588595322198,,,,,,,,0.0031829588595322198,0.052624142825037176,,0.000383041147261794,0.0005165163796449008,0.00014178178558125966,-0.011935909896000001
Current Commitments_lower,1999,,,206256000000.0,766.9973807520003,0.8899946400000002,0.001779989279999966,0.01840943714882784,1.8760725639797773e+17,0.2475072,253.89374482704883,0.004125119999999928,0.005037252616831642,3.1686813411521575,0.7813195448396352,0.09410548714948218,0.0033679387308589875,,,,,,,,0.0033679387308589875,0.055682431542563186,,0.000395396323874204,0.0005331768641368026,0.0001463550253331813,-0.012320908416
Current Commitments_lower,2000,,,216938000000.0,806.7201816460002,0.9360874700000003,0.001872174939999964,0.019362862055854926,1.973234378076977e+17,0.26032560000000005,267.04290403813866,0.004338759999999924,0.005298131972840658,3.3327873748490555,0.821784090733946,0.09897921113196399,0.0036856325787460375,,,,,,,,0.0036856325787460375,0.060934892276001865,,0.0004158739028615995,0.0005607900984800912,0.00015393475334404667,-0.012959008368000003
Current Commitments_lower,2001,,,208673000000.0,775.9853988910002,0.9004239950000001,0.0018008479899999654,0.018625167161960627,1.8980572208486157e+17,0.2504076,256.8689852139805,0.0041734599999999275,0.005096281394539355,3.20581336544025,0.7904753964991137,0.09520825731103044,0.0037105355015755277,,,,,,,,0.0037105355015755277,0.06134661452111206,,0.00040002975473102246,0.000539424868949359,0.00014807007893758697,-0.012465290328
Current Commitments_lower,2002,,,209095000000.0,777.5546763650002,0.9022449250000002,0.0018044898499999654,0.018662832890360314,1.9018956673519875e+17,0.250914,257.38845209163264,0.004181899999999928,0.005106587618863995,3.212296490905527,0.7920739771363912,0.09540079723993958,0.0036182481993254326,,,,,,,,0.0036182481993254326,0.05982082031865098,,0.000400838736039081,0.0005405157493924285,0.00014836952147836448,-0.012490498920000002
Current Commitments_lower,2003,,,208964000000.0,777.0675309880003,0.9016796600000002,0.0018033593199999654,0.01865114044860591,1.900704111683879e+17,0.2507568,257.2271957860108,0.004179279999999928,0.0051033882933035025,3.210283956697112,0.7915777352797956,0.09534102773594172,0.003767665736301662,,,,,,,,0.003767665736301662,0.06229115378930034,,0.00040058760677046573,0.0005401771111506226,0.000148276566566417,-0.012482673504000001
Current Commitments_lower,2004,,,222109000000.0,825.9494087030002,0.9584003350000002,0.0019168006699999632,0.019824401111671913,2.020268991510474e+17,0.26653080000000007,273.40821973562464,0.004442179999999922,0.005424419854316282,3.41222870608353,0.8413723856992598,0.1013385096447344,0.004273048581956483,,,,,,,,0.004273048581956483,0.07064669346943671,,0.00042578679941129263,0.0005741572614448117,0.00015760398883779173,-0.013267903224000004
Current Commitments_lower,2005,,,233025000000.0,866.5423776750002,1.0055028750000001,0.0020110057499999616,0.02079871175435191,2.119559233289638e+17,0.27963000000000005,286.84542456133664,0.004660499999999919,0.005691014036135643,3.579929648213781,0.8827233483450467,0.10631899747405207,0.004519148054623072,,,,,,,,0.004519148054623072,0.07471547800932743,,0.00044671296045102393,0.000602375391578807,0.00016534975844709768,-0.013919981400000003
Current Commitments_lower,2006,,,235742000000.0,876.6459959140003,1.0172267300000002,0.002034453459999961,0.02104121835165509,2.1442726435968925e+17,0.28289040000000004,290.18995419778406,0.004714839999999918,0.00575736951360021,3.6216705294677096,0.8930156317371871,0.107558644362313,0.004706652414750151,,,,,,,,0.004706652414750151,0.07781550432543718,,0.0004519214965031446,0.0006093989038153465,0.00016727768589565797,-0.014082284112000002
Current Commitments_lower,2007,,,242588000000.0,902.1039901960003,1.0467672200000002,0.00209353443999996,0.021652260002423433,2.206542797061546e+17,0.2911056,298.61713487173284,0.004851759999999916,0.005924564802051598,3.7268446454281072,0.9189490038765291,0.1106821712658957,0.004955681643043772,,,,,,,,0.004955681643043772,0.08193272677651789,,0.00046504539705994203,0.000627095983230639,0.0001721354670192663,-0.014491236768000001
Current Commitments_lower,2008,,,241466000000.0,897.9316458220002,1.0419257900000003,0.0020838515799999602,0.02155211557762617,2.19633725920187e+17,0.28975920000000005,297.235993078544,0.004829319999999916,0.005897162944960967,3.709607520375877,0.9146987491963741,0.11017025230799038,0.005074010968958356,,,,,,,,0.005074010968958356,0.0838890760798308,,0.00046289450362951157,0.0006241955854649425,0.00017133931884212805,-0.014424212976000004
Current Commitments_lower,2009,,,228984000000.0,851.5152443280002,0.9880659600000001,0.001976131919999962,0.020438031165576732,2.0828029244741744e+17,0.2747808,281.8710983703599,0.00457967999999992,0.005592323390410832,3.517848344883958,0.8674156129060925,0.10447526796523265,0.0049461631464920615,,,,,,,,0.0049461631464920615,0.08177535662373796,,0.0004389662934703026,0.0005919293065777557,0.00016248234776633502,-0.013678588224000001
Current Commitments_lower,2010,,,240546000000.0,894.5104721820002,1.0379559900000002,0.0020759119799999603,0.021470000719503633,2.1879690819907274e+17,0.28865520000000006,296.1035060466958,0.0048109199999999165,0.005874694399039951,3.695473692347311,0.9112136918828778,0.10975049701273824,0.005442473922012044,,,,,,,,0.005442473922012044,0.08998090695887706,,0.0004611308476972514,0.0006218173626980612,0.00017068650572005389,-0.014369255856000003
Current Commitments_lower,2011,,,247680000000.0,921.0394425600003,1.0687392,0.002137478399999959,0.022106747891075553,2.2528588387562605e+17,0.29721600000000004,304.8852044001797,0.004953599999999914,0.006048923319257917,3.805072310994911,0.9382380384855753,0.1130054255739651,0.0057367259719185775,,,,,,,,0.0057367259719185775,0.0948458023547029,,0.0004748068492415389,0.0006402589292403773,0.00017574864573405066,-0.01479541248
Current Commitments_lower,2012,,,250361000000.0,931.0091887870002,1.080307715,0.0021606154299999587,0.022346041298278288,2.2772447986509046e+17,0.30043320000000007,308.1854193266852,0.005007219999999913,0.0061143995927516615,3.84626012941294,0.9483939500697962,0.11422864725502051,0.0058804245014339755,,,,,,,,0.0058804245014339755,0.0972215829647223,,0.0004799463726702233,0.0006471893805860388,0.0001776510283213124,-0.014955564696000003
Current Commitments_lower,2013,,,257476999999.99997,957.4712231590001,1.111013255,0.0022220265099999574,0.022981181874799982,2.3419708302101322e+17,0.30897240000000004,316.944960325198,0.00514953999999991,0.006288188910984216,3.95558221664259,0.9753501107685337,0.1174753632126446,0.006062889590211614,,,,,,,,0.006062889590211614,0.10023829455798137,,0.0004935878679027927,0.0006655844166829158,0.00018270039590465985,-0.015380646072000003
Current Commitments_lower,2014,,,265577000000.0,987.5924258590003,1.145964755,0.002291929509999956,0.023704149647400564,2.4156471730473648e+17,0.31869240000000004,326.9157700621226,0.005311539999999907,0.006486009804419251,4.080021354720186,1.0060337675504023,0.1211710348338862,0.006306962881125601,,,,,,,,0.006306962881125601,0.1042735800541697,,0.0005091157081759536,0.0006865231171304574,0.0001884479896968345,-0.015864507672
Current Commitments_lower,2015,,,280081000000.0,1041.5279720270003,1.2085495150000003,0.0024170990299999537,0.024998708236758448,2.5475733059499846e+17,0.33609720000000004,344.76967431204264,0.005601619999999903,0.0068402313153305755,4.302844226161845,1.0609764537188244,0.12778856831468718,0.0066252072054725835,,,,,,,,0.0066252072054725835,0.10953514186403684,,0.0005369201273514998,0.0007240163160552895,0.0001987397304822297,-0.016730918616000005
Current Commitments_lower,2016,,,293627000000.0,1091.9010352090004,1.2670005050000002,0.0025340010099999515,0.02620776026733221,2.670785619539262e+17,0.3523524,361.44431489184257,0.0058725399999998975,0.007171056231685015,4.510949481025931,1.11229013455428,0.1339690087815191,0.006979804754980952,,,,,,,,0.006979804754980952,0.11539773478912385,,0.000562888043936714,0.0007590330612728693,0.00020835169412529106,-0.017540102472
Current Commitments_lower,2017,,,310950993000.0,1156.3231962863313,1.3417535347950003,0.0026835070695899487,0.027754018123104806,2.8283619710920787e+17,0.37314119160000003,382.7695294704613,0.006219019859999892,0.007594148549354431,4.777095500406462,1.1779152524929823,0.14187318029962873,0.007318105422151535,,,,,,,,0.007318105422151535,0.1209908899044264,,0.0005960984385289803,0.0008038160118879687,0.00022064444407868323,-0.018574968517848
Current Commitments_lower,2018,,,327120444636.0,1216.4520024932203,1.4115247186043403,0.002823049437208626,0.02919722706550626,2.9754367935888666e+17,0.39254453356320007,402.67354500292527,0.006542408892719886,0.007989044273920862,5.025504466427598,1.2391668456226175,0.1492505856752094,0.0074631150448037165,,,,,,,,0.0074631150448037165,0.1233883469342589,,0.0006270955573324872,0.000845614444506143,0.00023211795517077478,-0.019540866880776102
Current Commitments_lower,2019,,,292505677500.0,1087.7312102318929,1.2621619984125003,0.0025243239968249518,0.026107676312987528,2.6605862441144346e+17,0.35100681300000003,360.06400707687555,0.005850113549999898,0.007143670920724669,4.493722764309017,1.1080424463157876,0.13345739893688827,0.007415289507623408,,,,,,,,0.007415289507623408,0.12259764306080996,,0.0005607384492855164,0.0007561344148614386,0.00020755602668825086,-0.017473119151140002
Current Commitments_lower,2020,,,158440575300.0,589.1877388291254,0.6836710824195,0.0013673421648389738,0.014141658001752553,1.4411508821149541e+17,0.19012869036000005,195.03467048458722,0.0031688115059999447,0.00386948841508725,2.4340998304753483,0.6001896583737003,0.07228942441844463,0.004198022448523261,,,,,,,,0.004198022448523261,0.06940627971115759,,0.00030373332667235864,0.00040957280801763314,0.0001124261811139328,-0.009464606206120801
Current Commitments_lower,2021,,,188909916700.0,702.4930732050391,0.8151462905605001,0.0016302925811209686,0.016861207617130905,1.7182952824866922e+17,0.22669190004000003,232.54133788073486,0.003778198333999934,0.004613620802510096,2.9021959516615197,0.7156107465079192,0.08619123680485222,0.005098467843278976,,,,,,,,0.005098467843278976,0.08429342376514502,,0.00036214358179428527,0.0004883368095495432,0.00013404660055619068,-0.0112847227839912
Current Commitments_lower,2022,,,231566994700.0,861.1205414800652,0.9992115821305001,0.0019984231642609616,0.020668577082230816,2.1062974433709587e+17,0.27788039364000006,285.0506722845802,0.004631339893999919,0.005655406145878975,3.5575305219366737,0.8772002700473499,0.1056537741640731,0.006249734776589963,,,,,,,,0.006249734776589963,0.10332742269568844,,0.00044391793904166317,0.0005986064117976183,0.000164315187803735,-0.013832885995399202
Current Commitments_lower,2023,1076937632512.1694,11615863382044.725,269197297382.2647,1001.0551062646144,1.1615863382044724,0.0023231726764089,0.0240272803059941,2.448576836147176e+17,0.3230367568587177,331.37222640652345,0.0053839459476452,0.0065744259109205,4.135639464082358,1.019747836973329,0.1228228163519221,0.0069164939110077,31609.255041993387,1033.2844808044356,1.0,1.0,1.0,1.0,0.0,0.0069164939110077,0.1143510109567864,10.786013072036893,0.0005160558809528855,0.0006958816754536991,0.0001910168784326531,-0.016080769756426968
Current Commitments_lower,2024,1198347322705.4666,12554695373775.648,290954701593.87366,1079.212602199146,1.2527577231768294,0.0025034062575308,0.0258831686381518,2.638203205374563e+17,0.3478010332180216,357.84894263335514,0.0058141262657643,0.0070997340578197,4.492414159241649,1.1016089191714291,0.1327204318661201,0.0076427376050688,32587.616609305576,1113.9710421778616,0.99500999,1.0,0.9746971613205142,1.0,1.0,0.0076427376050688,0.1263580627499945,10.476674947152512,0.000560575158131458,0.0007514827795300457,0.0002057711906733068,-0.017313535433593114
Current Commitments_lower,2025,1292041079394.611,13362679586764.836,309679712323.6347,1146.9849514813636,1.3316768302810302,0.0026612019837851,0.027527677436489,2.804979598223791e+17,0.3695590751156689,380.878457890815,0.0061883067691699,0.0075566957744168,4.809709992022903,1.1739971247654524,0.1414400286767429,0.0082320362622414,33594.36523400953,1183.9330694065811,0.99401498,1.0,0.9621425078045334,1.0,1.0,0.0082320362622414,0.1361009900293655,10.34230242356222,0.0006001681598741622,0.0007998447615707115,0.00021884503562008756,-0.018396650759257997
Current Commitments_lower,2026,1332579229192.233,13581029129468.818,314739956650.4941,1162.6895883289392,1.3504216993163158,0.0026977355167504,0.0279013025499742,2.8441769166668173e+17,0.3744667761818612,387.1024135646507,0.0062894252569991,0.0076801526750517,4.918255200456026,1.1935409662408385,0.1438032314515706,0.0084125923552439,34661.586006780475,1200.1575403464158,0.993020965,0.996,0.9526362541935336,1.0,1.0,0.0084125923552439,0.1390861400251424,10.191535956703458,0.0006137127141438607,0.0008129150684857664,0.0002218153552722949,-0.018640956118333052
Current Commitments_lower,2027,1374480003826.4983,13820623130814.4,320292540690.9479,1180.1301909694137,1.371216748942408,0.0027383453106219,0.0283179632321455,2.8877306975350746e+17,0.3799368903871589,393.9318543408651,0.0064003821328826,0.0078156268972164,5.035809111400208,1.2148692466038489,0.1463853774093728,0.0085976796781254,35768.71207463877,1218.174854810447,0.992027944,0.992016,0.9444264854223278,1.0,1.0,0.0085976796781254,0.1421462052488109,10.055164929528498,0.000628381397813852,0.0008272568941158166,0.00022512780769555672,-0.01891325840347277
Current Commitments_lower,2028,1417787752236.6846,14071370769844.486,326103609961.6335,1198.3141251618536,1.3929335904584046,0.0027806833042538,0.0287552180225358,2.933309423870908e+17,0.3856430237038352,401.07911376686354,0.006516504299989,0.007957415243466,5.158749815377205,1.2371869872922638,0.1490914749448943,0.0087868111881701,36917.1884743672,1236.9610453643834,0.991035916,0.988047936,0.9366892865363756,1.0,1.0,0.0087868111881701,0.1452731333796909,9.924878210892755,0.0006437222595709816,0.0008422661389104134,0.00022860398327915958,-0.019197309719976914
Current Commitments_lower,2029,1462549755849.577,14329094325989.76,332076345909.3803,1216.848907671411,1.41509686644484,0.0028245532433366,0.0292037548326021,2.9799934636483565e+17,0.3914651592970609,408.425136329962,0.0066358570403366,0.0081031535943058,5.285609459588967,1.260134359448274,0.1518771907677707,0.0089800411525369,38108.59299776795,1256.1106454741418,0.99004488,0.984095744,0.9291129341551504,1.0,1.0,0.0089800411525369,0.1484678216215651,9.797338017855106,0.0006595521369139276,0.0008576927862929203,0.0002321698509191867,-0.01948713562980769
Current Commitments_lower,2030,1508815856878.4995,14593228769973.71,338197653997.07324,1235.8286787327722,1.4378170015918077,0.0028695255829563,0.0296634428001491,3.0278552673546323e+17,0.3974341635262357,415.9538985032152,0.0067581786867597,0.0082525167127038,5.4162724824386705,1.2835945590437556,0.1547263973607573,0.009178092839498,39344.61911583053,1275.7206816602163,0.989054835,0.980159361,0.9216838550364984,1.0,1.0,0.009178092839498,0.1517422278333099,9.671974683620297,0.0006758566097651731,0.0008735031868567518,0.00023582437026118536,-0.01978427266033601
Current Commitments_lower,2031,1556639632499.5896,14863296877704.809,344455959829.7581,1253.3474536823178,1.458664241277092,0.0029228529419627,0.0300921256506854,3.073129437685449e+17,0.4029372664674194,423.65119323105057,0.0068832379489805,0.0084052201758523,5.550612970602472,1.307457278696628,0.157628928702926,0.0093733404465722,40627.13519952589,1293.8210598982105,0.98806578,0.976238724,0.9143658198187028,1.0,1.0,0.0093733404465722,0.1549702739420899,9.548322275360496,0.0006926199663316998,0.0008896675057852062,0.00023923239892294893,-0.02005821712474814
Current Commitments_lower,2032,1606139856319.836,15139605501101.678,350858323441.69696,1271.2706600424567,1.4799926446553542,0.0029774122743349,0.0305302784723961,3.1194611915317274e+17,0.4085675605344699,431.525699716967,0.0070111759071411,0.0085614365408018,5.688782147883894,1.3317695783282344,0.1605903476909001,0.009573885759973,41961.5876458895,1312.3392935279758,0.987077715,0.972333769,0.9071167468272648,1.0,1.0,0.009573885759973,0.1582859075022568,9.426081696142704,0.0007098610767142076,0.0009062039694056306,0.00024271571385554898,-0.020338493163405913
Current Commitments_lower,2033,1657383632843.8694,15422473595177.156,357412089916.05426,1289.623543317178,1.5018317166253723,0.0030332662901476,0.0309786375856249,3.166920460694218e+17,0.4143331311098908,439.58644949124806,0.0071421393374947,0.0087213451983726,5.830947369121934,1.3565671305882931,0.1636151188573694,0.0097799114560446,43350.583149748905,1331.3014477065983,0.986090637,0.968444434,0.8999366991912172,1.0,1.0,0.0097799114560446,0.1616921487181091,9.305313078731242,0.0007276008238860847,0.0009231315439316209,0.000246280168805718,-0.02062550326665036
Current Commitments_lower,2034,1710441026936.1565,15712661899990.594,364134845294.0551,1308.467903949956,1.524253566555929,0.0030905646463987,0.0314387967839116,3.2156662879902637e+17,0.4202537984358143,447.855069276113,0.0072764796606014,0.0088853754548323,5.977449867923117,1.3819232815862164,0.1667121726431417,0.0099916142251838,44796.88391290831,1350.7713251087443,0.985104546,0.964570656,0.8928517871621301,1.0,1.0,0.0099916142251838,0.165192249489525,9.186321920806616,0.000745881787866928,0.0009404956454798372,0.00024993843443209723,-0.020920234086134838
Current Commitments_lower,2035,1765385066687.138,16008800477988.318,370987794145.9631,1327.6701932515332,1.5471328692685988,0.0031491119480753,0.0319068595107821,3.26531208672081e+17,0.426279691332687,456.31394304750035,0.0074133430839659,0.0090524873400555,6.122231045266357,1.407531609322655,0.1698488142495157,0.0102091958983477,46303.40146768622,1370.6119148574635,0.984119442,0.960712374,0.885828153367575,1.0,1.0,0.0102091958983477,0.1687895467057301,9.06816352991469,0.0007639479608658454,0.0009582592803997507,0.0002536595331107177,-0.02122020303454116
Current Commitments_lower,2036,1822292429465.4253,16309930033337.66,377948607491.4485,1347.0769043501923,1.5703660108098034,0.0032086861465284,0.0323812162706286,3.3156570029633197e+17,0.4323852147859366,464.9357723295137,0.0075522829425493,0.0092221364667313,6.262659048815971,1.433273871239225,0.173011523493422,0.0104328686389169,47873.24074119273,1390.6668311622211,0.983135322,0.956869524,0.8788124310444001,1.0,1.0,0.0104328686389169,0.1724875480828232,8.95022652216265,0.0007814709334826884,0.0009763651218919788,0.0002574306693514974,-0.021524135992043922
Current Commitments_lower,2037,1881250598190.109,16610160163906.455,384880664809.00446,1366.2577451387167,1.5933776058400846,0.0032680936206905,0.0328507553122563,3.3654814660451686e+17,0.4384150180723817,473.5526587170814,0.0076905687276304,0.0093909908351979,6.389711456157026,1.4585247616545862,0.1761269895440964,0.0106628950370511,49510.10777355957,1410.4898055760157,0.982152187,0.953042046,0.8715208186505276,1.0,1.0,0.0106628950370511,0.1762905950473444,8.829318209858146,0.000797324864311768,0.0009944605833058708,0.0002611635047324376,-0.021824299599643163
Current Commitments_lower,2038,1942347559858.812,16902927115482.371,391631720075.942,1384.8520741387497,1.6157049715180074,0.0033264760559443,0.0333075441020043,3.4138256630549254e+17,0.444263878529652,481.9774733038369,0.0078251577260472,0.0095553370403166,6.493819013964164,1.482610251784812,0.1791154977257248,0.0109003721106303,51217.73435068098,1429.707377327312,0.981170035,0.949229878,0.8636623536597131,1.0,1.0,0.0109003721106303,0.1802168246937876,8.702318506123094,0.0008103156769598761,0.0010121526939380573,0.0002647949756109342,-0.022115455873206076
Current Commitments_lower,2039,2005679323537.2576,17190286514973.584,398249251874.6464,1402.865945098704,1.6373821585892414,0.0033837463400586,0.0337520469354177,3.460760137244133e+17,0.4499265953922775,490.26874419856784,0.0079569983483535,0.0097163332701781,6.576898704423586,1.5057407171806316,0.1820019303110172,0.0111447531722842,53000.30911084799,1448.3265025631674,0.980188865,0.945432958,0.8553590570617058,1.0,1.0,0.0111447531722842,0.1842571985910801,8.570805070003134,0.00082068257746503,0.0010295643628169923,0.00026832877313657074,-0.022397345918627572
Current Commitments_lower,2040,2071344648725.944,17482793086053.592,404977667810.51935,1421.1655970197737,1.6594130036137522,0.0034419515924312,0.0342035858034189,3.508503258408303e+17,0.4556827566389232,498.7272877160695,0.0080909742677747,0.0098799361523145,6.6519112946063625,1.5291466632775983,0.1849284632038369,0.0113963255117085,54862.191473663945,1467.2412835028013,0.979208676,0.941651226,0.8470457038347625,1.0,1.0,0.0113963255117085,0.1884164665253943,8.440311030231989,0.0008300428441530548,0.0010473273042037458,0.0002719185071371803,-0.0226838876254856
Current Commitments_lower,2041,2139443171364.098,17783047159304.17,411876995780.442,1440.5629791021368,1.6826510731248228,0.0035023788003349,0.0346813474484172,3.5588585740631123e+17,0.4618179536203473,507.427028167512,0.008228284749445,0.0100476106657915,6.725682139270876,1.5530469055109148,0.1879230873564308,0.0116582475638052,56807.79599244292,1487.2872377036233,0.978229467,0.937884621,0.838836390651374,1.0,1.0,0.0116582475638052,0.1927468471827765,8.311997905495097,0.0008392481625959745,0.0010655967591517751,0.0002757167122149167,-0.022989297731220888
Current Commitments_lower,2042,2210039607912.885,18086501349129.19,418841681807.38715,1460.092545937977,1.7060479279636618,0.0035633025213958,0.0351621310870378,3.6096601974696166e+17,0.4680002377874111,516.2382511444912,0.0083668203004069,0.0102167791243409,6.794080390287939,1.5770810315735804,0.1909409979444439,0.0119277738908936,58839.487035162085,1507.46983116693,0.977251238,0.934133083,0.8305101919585841,1.0,1.0,0.0119277738908936,0.1972029499970901,8.183790591069862,0.0008477830747881036,0.0010841003274034314,0.0002795389421419505,-0.023297051837057325
Current Commitments_lower,2043,2283241372281.695,18390078600392.78,425800850219.78784,1479.5071514649355,1.7293084017604827,0.0036240859764981,0.035640030995093,3.660307553006739e+17,0.4741519066395503,525.0738690963956,0.0085051644296448,0.0103857110386742,6.854683503745852,1.6010442710554165,0.1939538361011506,0.012205220503097,60962.11041524018,1527.5337154644046,0.976273987,0.930396551,0.8219245571199625,1.0,1.0,0.012205220503097,0.2017899995919003,8.054373411259258,0.0008553452893804607,0.0011026551251024305,0.0002833382464109893,-0.023603281912516816
Current Commitments_lower,2044,2359162075253.388,18689701864109.617,432659981046.2112,1498.481240607922,1.7520452391377082,0.0036838902416599,0.0361069676858237,3.7100039406534266e+17,0.4801701746982854,533.8177005497203,0.0086414282258416,0.0105520983186103,6.904094260516003,1.6246307261120758,0.1969228708774747,0.0124909123406188,63180.88634468071,1547.142573148441,0.975297713,0.926674964,0.8129026235222485,1.0,1.0,0.0124909123406188,0.2065133682325819,7.922177988598867,0.0008615108925078663,0.0011210171711544127,0.0002870503931022984,-0.023902871296480648
Current Commitments_lower,2045,2437922274608.33,18983801061739.723,439382663850.9283,1516.8908005996243,1.7741066878063176,0.0037423683318069,0.0365611053651149,3.7584957805055264e+17,0.4860168108302716,542.424952431919,0.0087748840340434,0.0107150550392823,6.941321331423179,1.6477584355950947,0.1998382560556232,0.0127851830479379,65501.47039335248,1566.1681690625396,0.9743224150000002,0.922968265,0.803389826207991,1.0,1.0,0.0127851830479379,0.2113785720930747,7.786877071292032,0.0008661561835297619,0.0011390924001070297,0.00029066078765266345,-0.024193916843130922
Current Commitments_lower,2046,2519648684405.419,19265540694246.973,445810480241.6524,1534.196319369811,1.7948495778672922,0.0037981346302408,0.0369905366087519,3.804526484751069e+17,0.4915189322497124,550.7007662467012,0.0089023661832007,0.0108707170015799,6.960341617748062,1.6700175614714965,0.2026481166608019,0.0130883741549612,67929.90202001977,1584.053118641857,0.973348092,0.919276392,0.7930841614826538,1.0,1.0,0.0130883741549612,0.2163912577178026,7.646121784153894,0.000868529584475519,0.0011564716091180724,0.0002940747660395776,-0.024467812447390682
Current Commitments_lower,2047,2604474891067.6387,19539519204888.797,452050005396.60504,1550.754843754498,1.81469101667309,0.0038520552490847,0.0374089987418232,3.8491778836814515e+17,0.4967937653027569,558.7759955147066,0.0090260044216305,0.0110216988764859,6.967747631237871,1.691887206953793,0.2054157990682421,0.0134008023604414,70472.6840773265,1601.1660504910062,0.972374744,0.915599286,0.7822006354374855,1.0,1.0,0.0134008023604414,0.221556661115499,7.5022874176679295,0.0008694537261588125,0.0011734295905808836,0.0002974015399974944,-0.024730393636771236
Current Commitments_lower,2048,2692539466102.2993,19806067288879.14,458108928329.6741,1566.5934884274232,1.8336560035942568,0.0039041588930122,0.0378181042923802,3.892570950993987e+17,0.5018514852393609,566.6600237702389,0.0091459525226011,0.0111681902370377,6.963654802282771,1.7134807307277753,0.2081542446406618,0.0137228257746663,73136.65346336219,1617.5347671029792,0.97140237,0.911936889,0.7707757529111213,1.0,1.0,0.0137228257746663,0.2268807029555087,7.355906027832625,0.0008689430122848501,0.0011899860499175016,0.00030065392912442265,-0.024982166935215384
Current Commitments_lower,2049,2783987383140.728,20078573625688.176,464297580212.3552,1582.784643215006,1.8529917083613905,0.0039570558491569,0.0382407641767013,3.937195044896704e+17,0.507037436367497,574.7345466077109,0.0092684120107808,0.0113177574485176,6.959008936587375,1.735691555714153,0.2109726602572585,0.0140548798256283,75929.08179665972,1634.2662939292557,0.970430967,0.908289141,0.7594411315544356,1.0,1.0,0.0140548798256283,0.2323705822076787,7.212164016000938,0.0008683632890437289,0.001206942547876193,0.00030401407520477537,-0.025240323582373998
Current Commitments_lower,2050,2878967420770.7188,20366246335634.92,470829406214.1859,1600.0568092687884,1.873544366524482,0.0040125340089718,0.0386927715501852,3.984760187776179e+17,0.5125866191289611,583.2620420866932,0.009397648407774,0.0114756050353998,6.961462095606761,1.7591650604160896,0.2139487732047501,0.0143973891289494,78857.54824407757,1652.1126378227036,0.9694605360000002,0.904655985,0.7485784603155791,1.0,1.0,0.0143973891289494,0.2380333190799743,7.07414963736642,0.000868669400625713,0.0012248502883820556,0.00030760753382397233,-0.02551656190023968
Current Commitments_upper,1940,,,8953488372.093023,33.29504174418605,0.038634302325581404,7.72686046511613e-05,0.0007991461167132466,8143954060388877.0,0.010744186046511629,11.021423338259904,0.00017906976744185734,0.00021866507026266997,0.1375511575075342,0.0339167610135496,0.004085080603439601,0.0010578585596153222,,,,,,,,6.398432532486963e-05,0.0010578585596153222,,0.0008335002096445669,9.14778137075572e-05,0.00034255398292913316,-7.381255813953489e-05
Current Commitments_upper,1941,,,9651162790.697676,35.88946058139537,0.04164476744186048,8.328953488371934e-05,0.0008614172426909024,8778547883276322.0,0.011581395348837212,11.880235546436003,0.00019302325581395014,0.0002357039069065144,0.1482694295211083,0.03655962550811191,0.004403398572538791,0.0011510720773905522,,,,,,,,6.962232294921616e-05,0.0011510720773905522,,0.0008984482779285593,9.860595503541883e-05,0.00036924650107945527,-7.956418604651165e-05
Current Commitments_upper,1942,,,10465116279.069769,38.91628255813955,0.04515697674418606,9.031395348837037e-05,0.0009340668896648338,9518907343311674.0,0.012558139534883724,12.88218312264145,0.00020930232558139173,0.00025558254965766625,0.1607740802036114,0.0396429674184346,0.004774769536487845,0.0012600660799265446,,,,,,,,7.621479947014026e-05,0.0012600660799265446,,0.0009742210242598834,0.00010692211991792404,0.000400387772254831,-8.627441860465118e-05
Current Commitments_upper,1943,,,11279069767.441858,41.94310453488372,0.048669186046511624,9.733837209302137e-05,0.0010067165366387648,1.0259266803347024e+16,0.013534883720930231,13.88413069884689,0.00022558139534883324,0.00027546119240881795,0.17327873088611448,0.04272630932875728,0.005146140500436898,0.001371161192530727,,,,,,,,8.293436113767916e-05,0.001371161192530727,,0.0010499937705912075,0.0001152382848004292,0.00043152904343020653,-9.298465116279068e-05
Current Commitments_upper,1944,,,12209302325.581396,45.40232965116281,0.05268313953488374,0.00010536627906976543,0.0010897447046089726,1.1105391900530286e+16,0.014651162790697676,15.02921364308169,0.0002441860465116237,0.0002981796412672772,0.18756976023754662,0.04625012865484037,0.005570564459235819,0.0014986920194253938,,,,,,,,9.06480331052674e-05,0.0014986920194253938,,0.001136591194969864,0.000124742473237578,0.0004671190676306361,-0.00010065348837209304
Current Commitments_upper,1945,,,13139534883.72093,48.86155476744187,0.056697093023255825,0.00011339418604650945,0.00117277287257918,1.1951516997713544e+16,0.015767441860465116,16.174296587316483,0.00026279069767441406,0.0003208980901257365,0.20186078958897874,0.04977394798092344,0.005994988418034738,0.0016287296201401556,,,,,,,,9.851332669576821e-05,0.0016287296201401556,,0.0012231886193485202,0.0001342466616747268,0.0005027090918310655,-0.00010832232558139535
Current Commitments_upper,1946,,,14302325581.39535,53.18558616279072,0.061714534883720945,0.0001234290697674395,0.0012765580825419393,1.3009173369192622e+16,0.017162790697674422,17.60565026760998,0.000286046511627902,0.00034929615119881044,0.21972457627826888,0.05417872213852729,0.006525518366533387,0.0017904618394692217,,,,,,,,0.00010829566181325991,0.0017904618394692217,,0.0013314353998218407,0.00014612689722116285,0.0005471966220816023,-0.00011790837209302329
Current Commitments_upper,1947,,,15348837209.302324,57.07721441860466,0.06623023255813953,0.0001324604651162765,0.0013699647715084225,1.3961064103523786e+16,0.01841860465116279,18.893868579874123,0.00030697674418604117,0.00037485440616457705,0.23580198429863,0.05814301888037074,0.00700299532018217,0.0019407343108946871,,,,,,,,0.00011738485678329024,0.0019407343108946871,,0.0014288575022478288,0.0001568191092129552,0.0005872353993070852,-0.00012653581395348837
Current Commitments_upper,1948,,,16627906976.744184,61.833648953488385,0.07174941860465117,0.00014349883720929954,0.0014841285024674578,1.5124486112150768e+16,0.019953488372093025,20.468357628196966,0.0003325581395348779,0.0004060922733449585,0.25545214965684915,0.06298827045373497,0.007586578263530685,0.0021237531483990642,,,,,,,,0.000128454707977497,0.0021237531483990642,,0.001547928960768481,0.0001698873683140348,0.0006361716825826758,-0.00013708046511627908
Current Commitments_upper,1949,,,17906976744.186047,66.5900834883721,0.07726860465116281,0.0001545372093023226,0.0015982922334264933,1.6287908120777754e+16,0.021488372093023258,22.042846676519808,0.0003581395348837147,0.00043733014052533994,0.2751023150150684,0.0678335220270992,0.008170161206879202,0.0023105166563142762,,,,,,,,0.00013975105467776503,0.0023105166563142762,,0.0016670004192891339,0.0001829556274151144,0.0006851079658582663,-0.00014762511627906978
Current Commitments_upper,1950,,,19418604651.162792,72.21132430232561,0.08379127906976745,0.00016758255813953169,0.0017332130063780803,1.7662861403700552e+16,0.023302325581395354,23.903606460901354,0.0003883720930232491,0.0004742476199203362,0.2983252377111456,0.0735597284319842,0.008859850139927445,0.0025314578096841027,,,,,,,,0.00015311462819746842,0.0025314578096841027,,0.0018077212339044507,0.00019839993362548124,0.0007429417551839641,-0.00016008697674418609
Current Commitments_upper,1951,,,20930232558.139538,77.8325651162791,0.09031395348837212,0.00018062790697674074,0.0018681337793296675,1.9037814686623348e+16,0.025116279069767447,25.7643662452829,0.00041860465116278346,0.0005111650993153325,0.3215481604072228,0.0792859348368692,0.00954953907297569,0.0027570139715237855,,,,,,,,0.0001667573394153341,0.0027570139715237855,,0.0019484420485197669,0.00021384423983584808,0.000800775544509662,-0.00017254883720930236
Current Commitments_upper,1952,,,22558139534.883717,83.88620906976745,0.09733837209302325,0.00019467674418604275,0.0020134330732775297,2.051853360669405e+16,0.027069767441860463,27.76826139769378,0.0004511627906976665,0.0005509223848176359,0.34655746177222896,0.08545261865751456,0.010292281000873796,0.0030028096653993497,,,,,,,,0.00018162423395188265,0.0030028096653993497,,0.002099987541182415,0.0002304765696008584,0.0008630580868604131,-0.00018596930232558137
Current Commitments_upper,1953,,,24418604651.162792,90.80465930232562,0.10536627906976748,0.00021073255813953086,0.0021794894092179453,2.2210783801060572e+16,0.029302325581395353,30.05842728616338,0.0004883720930232474,0.0005963592825345544,0.37513952047509325,0.09250025730968074,0.011141128918471637,0.0032851360685411963,,,,,,,,0.00019870067981719492,0.0032851360685411963,,0.002273182389939728,0.000249484946475156,0.0009342381352612722,-0.00020130697674418607
Current Commitments_upper,1954,,,26395348837.2093,98.15551267441863,0.11389593023255815,0.0002277918604651119,0.0023559242661546358,2.4008799632574996e+16,0.031674418604651165,32.491728542662315,0.0005279069767441768,0.0006446359863587803,0.4055079578468865,0.09998837337760726,0.01204302983091934,0.003589362610267548,,,,,,,,0.00021710175039638208,0.003589362610267548,,0.0024572019167443723,0.0002696813469040972,0.0010098669366871847,-0.0002176032558139535
Current Commitments_upper,1955,,,28488372093.023254,105.93876918604653,0.12292732558139537,0.00024585465116278596,0.0025427376440876025,2.5912581101237332e+16,0.03418604651162791,35.06816516719061,0.0005697674418604552,0.0006957524962903135,0.43766277388760877,0.10791696686129418,0.012997983738216909,0.0039162053794443265,,,,,,,,0.00023687075815550352,0.0039162053794443265,,0.0026520461215963492,0.00029106577088768205,0.0010899444911381508,-0.00023485813953488374
Current Commitments_upper,1956,,,30813953488.372093,114.58683197674421,0.1329622093023256,0.0002659244186046461,0.002750308064013121,2.8027893844195484e+16,0.03697674418604652,37.930872527777595,0.0006162790697674312,0.0007525486184364617,0.4733903472661891,0.11672651517650187,0.014059043635214208,0.004282572680064256,,,,,,,,0.0002590303978712176,0.004282572680064256,,0.0028685396825429903,0.000314826241980554,0.0011789195516392244,-0.00025403023255813955
Current Commitments_upper,1957,,,33255813953.48837,123.66729790697677,0.14349883720930234,0.0002869976744185991,0.0029682570049349155,3.0248972224301536e+16,0.03990697674418605,40.93671525639393,0.0006651162790697558,0.000812184546689917,0.5109042993136983,0.12597654090746993,0.01517315652706137,0.004673444964885913,,,,,,,,0.00028267221577322387,0.004673444964885913,,0.003095857921536962,0.0003397747366280696,0.0012723433651653515,-0.00027416093023255816
Current Commitments_upper,1958,,,35930232558.139534,133.6125701162791,0.15503895348837213,0.00031007790697673825,0.0032069629878492623,3.2681581878703412e+16,0.04311627906976744,44.228828721068965,0.0007186046511627782,0.0008775000871579872,0.5519910086990657,0.13610752146995878,0.016393375408608264,0.005106175420567329,,,,,,,,0.0003088458152612,0.005106175420567329,,0.0033448255166255996,0.0003670992783848724,0.0013746646847415862,-0.0002962088372093024
Current Commitments_upper,1959,,,38720930232.558136,143.9902454651163,0.16708081395348837,0.0003341616279069703,0.0034560474917598844,3.5219957170253188e+16,0.04646511627906977,47.66407755377335,0.0007744186046511493,0.0009456554337333649,0.594864096753362,0.146678979448208,0.01766664728500502,0.00556548195346593,,,,,,,,0.00033662686250773247,0.00556548195346593,,0.003604617789761568,0.00039561184369631884,0.0014814347573428744,-0.0003192153488372093
Current Commitments_upper,1960,,,41860465116.279076,155.6651302325582,0.18062790697674425,0.0003612558139534815,0.003736267558659335,3.8075629373246696e+16,0.050232558139534894,51.5287324905658,0.0008372093023255669,0.001022330198630665,0.6430963208144456,0.1585718696737384,0.01909907814595138,0.006086095272323026,,,,,,,,0.00036811603623463,0.006086095272323026,,0.0038968840970395337,0.00042768847967169615,0.001601551089019324,-0.0003450976744186047
Current Commitments_upper,1961,,,45930232558.139534,170.79924011627912,0.19818895348837212,0.0003963779069767366,0.004099515793528992,4.177742667342346e+16,0.055116279069767446,56.538470371593014,0.0009186046511627747,0.0011217234123864239,0.7056195742269611,0.17398857922535185,0.02095593296569665,0.006755675121687993,,,,,,,,0.0004086154154033579,0.006755675121687993,,0.004275747828696155,0.000469269304084222,0.0017572574448962025,-0.00037864883720930236
Current Commitments_upper,1962,,,50581395348.83721,188.09536569767448,0.2182587209302326,0.00043651744186045673,0.0045146566333800296,4.600805215933975e+16,0.060697674418604665,62.263885092767,0.0010116279069767265,0.0012353156566787201,0.7770747209841217,0.1916076758557672,0.02307805275969125,0.007527580369803404,,,,,,,,0.0004553039221668242,0.007527580369803404,,0.004708734950589436,0.000516790246269966,0.0019352075658983497,-0.00041699302325581405
Current Commitments_upper,1963,,,53372093023.25581,198.47304104651167,0.23030058139534887,0.00046060116279068885,0.004763741137290651,4.854642745088954e+16,0.06404651162790698,65.69913392547139,0.0010674418604650977,0.0013034710032540976,0.8199478090384181,0.20217913383401645,0.024351324636088006,0.008037736854522692,,,,,,,,0.0004861606167486978,0.008037736854522692,,0.004968527223725406,0.0005453028115814124,0.0020419776384996377,-0.000439999534883721
Current Commitments_upper,1964,,,55813953488.37209,207.55350697674425,0.24083720930232563,0.0004816744186046419,0.0049816900782124465,5.076750583099559e+16,0.06697674418604652,68.70497665408773,0.0011162790697674223,0.0013631069315075532,0.8574617610859274,0.2114291595649845,0.02546543752793517,0.008507054468411645,,,,,,,,0.0005145471818663276,0.008507054468411645,,0.005195845462719379,0.0005702513062289282,0.0021354014520257652,-0.0004601302325581396
Current Commitments_upper,1965,,,59651162790.69768,221.82281058139543,0.2573947674418605,0.0005147895348837111,0.005324181271089553,5.425777185687654e+16,0.07158139534883722,73.42844379905625,0.0011930232558139326,0.0014568205330486974,0.9164122571605849,0.22596491428507723,0.027216186357980714,0.009203131943679452,,,,,,,,0.000556649263684378,0.009203131943679452,,0.005553059838281335,0.0006094560835321669,0.0022822103018525367,-0.0004917641860465116
Current Commitments_upper,1966,,,64651162790.697685,240.41614558139545,0.2789697674418606,0.0005579395348837103,0.005770457673929418,5.880569425423657e+16,0.07758139534883722,79.58326462431829,0.0012930232558139312,0.001578932195662916,0.9932265399245327,0.2449054431627738,0.029497465136524906,0.010098069910294227,,,,,,,,0.0006107793753906913,0.010098069910294227,,0.006018520994316614,0.0006605410963818418,0.002473506681929845,-0.0005329841860465118
Current Commitments_upper,1967,,,76279069767.44185,283.65645953488377,0.32914418604651163,0.0006582883720930105,0.006808309773557009,6.93822579690273e+16,0.09153488372093023,93.89680142725321,0.0015255813953488104,0.0018629128063936556,1.171864406817434,0.2889531847388121,0.03480276462151139,0.012063666693558617,,,,,,,,0.0007296680329477468,0.012063666693558617,,0.007100988799049816,0.0007793434518462017,0.0029183819844352116,-0.0006288446511627906
Current Commitments_upper,1968,,,86395348837.2093,321.27553267441874,0.3727959302325582,0.0007455918604651019,0.007711241100233016,7.858386840089526e+16,0.10367441860465117,106.34957844580661,0.001727906976744156,0.0021099759377294,1.3272793510142584,0.32727471990996565,0.03941837517344965,0.013837081676967292,,,,,,,,0.0008369326196952239,0.013837081676967292,,0.008042735789167704,0.0008827015011001948,0.003305423497614882,-0.0007122432558139536
Current Commitments_upper,1969,,,90465116279.06976,336.40964255813964,0.39035697674418607,0.000780713953488357,0.008074489335102674,8.228566570107202e+16,0.10855813953488372,111.35931632683383,0.0018093023255813638,0.0022093691514851587,1.389802604426774,0.34269142946157904,0.04127522999319492,0.014675250579388581,,,,,,,,0.0008876290679512313,0.014675250579388581,,0.008421599520824325,0.0009242823255127208,0.003461129853491761,-0.0007457944186046511
Current Commitments_upper,1970,,,90697674418.60464,337.2744488372094,0.3913604651162791,0.0007827209302325431,0.008095246377095223,8.249719697536782e+16,0.10883720930232559,111.64558706289253,0.0018139534883720612,0.0022150487636997734,1.3933753617646318,0.34357238429309983,0.04138133598289465,0.014904678747502412,,,,,,,,0.0009015059765547996,0.014904678747502412,,0.008443248876918987,0.000926658372622008,0.0034700273595418673,-0.0007477116279069767
Current Commitments_upper,1971,,,104651162790.69768,389.16282558139545,0.45156976744186056,0.0009031395348837037,0.009340668896648337,9.518907343311674e+16,0.12558139534883722,128.82183122641447,0.002093023255813917,0.0025558254965766625,1.607740802036114,0.396429674184346,0.04774769536487844,0.01742474176041896,,,,,,,,0.001053931393158942,0.01742474176041896,,0.009742210242598833,0.0010692211991792401,0.00400387772254831,-0.0008627441860465117
Current Commitments_upper,1972,,,111627906976.74419,415.1070139534885,0.48167441860465127,0.0009633488372092838,0.009963380156424893,1.0153501166199118e+17,0.13395348837209303,137.40995330817546,0.0022325581395348446,0.0027262138630151063,1.7149235221718548,0.422858319129969,0.05093087505587034,0.018835042011969488,,,,,,,,0.0011392330710446588,0.018835042011969488,,0.010391690925438757,0.0011405026124578564,0.0042708029040515304,-0.0009202604651162792
Current Commitments_upper,1973,,,115581395348.83722,429.8087206976746,0.4987337209302327,0.0009974674418604462,0.010316249870298274,1.0513104332502005e+17,0.13869767441860467,142.27655582117333,0.0023116279069767044,0.002822767270663558,1.7756603969154414,0.43783455126582216,0.052734676880765746,0.019766555587192515,,,,,,,,0.0011955754498058386,0.019766555587192515,,0.010759729979048047,0.0011808954133157388,0.004422060506903355,-0.0009528530232558141
Current Commitments_upper,1974,,,111627906976.74419,415.1070139534885,0.48167441860465127,0.0009633488372092838,0.009963380156424893,1.0153501166199118e+17,0.13395348837209303,137.40995330817546,0.0022325581395348446,0.0027262138630151063,1.7149235221718548,0.422858319129969,0.05093087505587034,0.019352851186622073,,,,,,,,0.0011705526367711213,0.019352851186622073,,0.010391690925438757,0.0011405026124578564,0.0042708029040515304,-0.0009202604651162792
Current Commitments_upper,1975,,,111744186046.51163,415.53941709302336,0.48217616279069775,0.0009643523255813769,0.009973758677421169,1.0164077729913909e+17,0.13409302325581396,137.5530886762048,0.0022348837209301936,0.0027290536691224132,1.7167099008407836,0.4232987965457294,0.050983928050720204,0.01964302139704881,,,,,,,,0.0011881035134689304,0.01964302139704881,,0.010402515603486087,0.0011416906360125,0.004275251657076584,-0.000921219069767442
Current Commitments_upper,1976,,,112093023255.81396,416.8366265116281,0.48368139534883736,0.0009673627906976559,0.010004894240409998,1.0195807421058282e+17,0.1345116279069768,137.98249478029285,0.0022418604651162403,0.002737573087444336,1.7220690368475708,0.4246202287930106,0.051143087035269805,0.01998285261882923,,,,,,,,0.0012086581247185222,0.01998285261882923,,0.010434989637628083,0.0011452547066764308,0.004288597916151745,-0.0009240948837209306
Current Commitments_upper,1977,,,118720930232.55814,441.4836054651164,0.5122808139534885,0.0010245616279069571,0.010596469937197725,1.0798671552801352e+17,0.14246511627906977,146.14121075796575,0.0023744186046511214,0.002899442035560858,1.8238926209765245,0.4497274414913525,0.054167107741712094,0.021467848233900095,,,,,,,,0.0012984777340387425,0.021467848233900095,,0.01105199628632601,0.0012129720492911158,0.004542176838579804,-0.0009787353488372094
Current Commitments_upper,1978,,,122906976744.18605,457.0501184883722,0.5303436046511629,0.0010606872093023051,0.010970096693063657,1.117942784653382e+17,0.1474883720930233,151.29408400702235,0.0024581395348836784,0.0030016750554239242,1.8882022530579694,0.4655846284587264,0.05607701555630724,0.02254806947843901,,,,,,,,0.0013638146610836462,0.02254806947843901,,0.011441684696029965,0.0012557408972582854,0.004702331947481737,-0.00101324511627907
Current Commitments_upper,1979,,,128023255813.95348,476.07585662790706,0.5524203488372093,0.0011048406976743971,0.011426751616899797,1.1644796649984613e+17,0.1536279069767442,157.5920402003137,0.002560465116279025,0.0031266265241454497,1.9668029144908457,0.4849656347521832,0.05841134732970129,0.023833355721257516,,,,,,,,0.0014415548961543758,0.023833355721257516,,0.011917970530112572,0.0013080139336626038,0.004898077080584098,-0.0010554237209302326
Current Commitments_upper,1980,,,128953488372.09303,479.5350817441862,0.5564343023255814,0.0011128686046511416,0.011509779784870007,1.172940915970294e+17,0.15474418604651166,158.73712314454852,0.0025790697674418156,0.0031493449730039093,1.981093943842278,0.4884894540782663,0.05883577128850022,0.024366185751514703,,,,,,,,0.0014737829947871776,0.024366185751514703,,0.012004567954491232,0.0013175181220997528,0.004933667104784528,-0.001063092558139535
Current Commitments_upper,1981,,,127093023255.81395,472.61663151162804,0.5484063953488373,0.0010968127906976534,0.011343723448929591,1.1560184140266286e+17,0.15251162790697678,156.44695725607892,0.002541860465116235,0.003103908075286991,1.9525118851394136,0.4814418154261002,0.057986923370902374,0.024379892216714247,,,,,,,,0.0014746120271000613,0.024379892216714247,,0.011831373105733917,0.0012985097452254551,0.004862487056383669,-0.0010477548837209306
Current Commitments_upper,1982,,,128488372093.02325,477.80546918604665,0.5544273255813954,0.0011088546511627694,0.011468265700884902,1.1687102904843776e+17,0.1541860465116279,158.1645816724311,0.0025697674418604204,0.0031379857485746795,1.973948429166562,0.48672754441522476,0.05862355930910075,0.02502822132783548,,,,,,,,0.0015138260603812677,0.02502822132783548,,0.011961269242301903,0.0013127660278811782,0.004915872092684313,-0.0010592581395348836
Current Commitments_upper,1983,,,130232558139.53488,484.2915162790699,0.5619534883720931,0.0011239069767441645,0.011623943515829042,1.1845751360565638e+17,0.15627906976744188,160.31161219287134,0.002604651162790652,0.0031805828401842906,2.000744109200497,0.4933347056516305,0.05941935423184873,0.025765906324975756,,,,,,,,0.001558444763340445,0.025765906324975756,,0.012123639413011882,0.001330586381200832,0.004982603388060118,-0.0010736372093023256
Current Commitments_upper,1984,,,138953488372.09305,516.7217517441862,0.5995843023255816,0.00119916860465114,0.012402332590549738,1.2638993639174947e+17,0.16674418604651167,171.0467647950726,0.0027790697674418127,0.0033935682982323464,2.1347225093701736,0.5263705118336595,0.06339832884558862,0.027929417426204535,,,,,,,,0.0016893042217120137,0.027929417426204535,,0.012935490266561786,0.0014196881477991025,0.005316259864939145,-0.0011455325581395353
Current Commitments_upper,1985,,,143488372093.02325,533.5854741860467,0.6191523255813954,0.001238304651162767,0.012807094909404498,1.3051479624051782e+17,0.17218604651162792,176.62904414821716,0.002869767441860415,0.0035043207364173342,2.204391277458405,0.5435491310483144,0.06546739564473333,0.029307988674229155,,,,,,,,0.001772686778307476,0.029307988674229155,,0.013357652710407734,0.0014660210664302026,0.005489761232916238,-0.0011829181395348837
Current Commitments_upper,1986,,,151046511627.90698,561.6916782558142,0.6517656976744187,0.0013035313953488122,0.013481698774162432,1.3738956265513182e+17,0.1812558139534884,185.9328430701249,0.0030209302325580867,0.0036889081333923157,2.320505890938791,0.5721801630727393,0.06891584030997455,0.03135962100067646,,,,,,,,0.001896779275389656,0.03135962100067646,,0.014061256783484317,0.0015432425974820367,0.005778930179544726,-0.0012452274418604651
Current Commitments_upper,1987,,,157674418604.65115,586.3386572093025,0.6803651162790698,0.0013607302325581133,0.014073274470950161,1.4341820397256253e+17,0.18920930232558142,194.0915590477978,0.0031534883720929683,0.003850777081508837,2.4223294750677447,0.5972873757710813,0.07193986101641685,0.03328356518017683,,,,,,,,0.002013148585038014,0.03328356518017683,,0.014678263432182242,0.0016109599400967217,0.006032509101972786,-0.0012998679069767443
Current Commitments_upper,1988,,,164418604651.1628,611.4180393023258,0.7094662790697677,0.0014189325581395078,0.014675228688734167,1.495526109271412e+17,0.19730232558139538,202.39341039350012,0.003288372093023199,0.004015485835732667,2.525939437865628,0.6228350658851837,0.07501693471770902,0.03529796968367998,,,,,,,,0.0021349893660351418,0.03529796968367998,,0.015306094758927502,0.001679865306266051,0.0062905367774259,-0.0013554669767441862
Current Commitments_upper,1989,,,170348837209.30234,633.4705994186048,0.7350552325581398,0.001470110465116251,0.015204533259544238,1.5494665842168445e+17,0.20441860465116282,209.6933141629969,0.0034069767441859875,0.004160315947205345,2.6170447499810074,0.6452994140889633,0.07772263745505215,0.037204370037199695,,,,,,,,0.0022502975415093834,0.037204370037199695,,0.015858153339341433,0.0017404545075528743,0.006517423181703637,-0.0014043558139534887
Current Commitments_upper,1990,,,173929000000.0,646.7840326430002,0.7505036350000001,0.0015010072699999713,0.015524081693906976,1.5820311893008624e+17,0.20871480000000003,214.10036626339976,0.0034785799999999395,0.004247751873365675,2.6720462773701303,0.6588614494337759,0.07935610733468257,0.033704499355495555,,,,,,,,0.002038608689292162,0.033704499355495555,,0.01619143868161196,0.001777033039986218,0.006654397618093225,-0.0014338706760000002
Current Commitments_upper,1991,,,168203000000.0,625.4909454010002,0.7257959450000001,0.0014515918899999723,0.015013005957374762,1.5299483820062954e+17,0.2018436,207.05186545430968,0.0033640599999999413,0.004107909597339872,2.5840785607488574,0.6371707557630378,0.07674358687749376,0.03344886019122383,,,,,,,,0.0020231464147717495,0.03344886019122383,,0.01565839256572036,0.0017185304832707704,0.0064353250036286915,-0.001386665532
Current Commitments_upper,1992,,,168593000000.0,626.9412255310002,0.7274787950000001,0.001454957589999972,0.015047815516796272,1.533495761476236e+17,0.20231160000000004,207.53194147868012,0.0033718599999999414,0.004117434307023781,2.5900700748044456,0.6386481170154982,0.07692152662222021,0.03679796777452684,,,,,,,,0.002225716396562105,0.03679796777452684,,0.015694698535891113,0.001722515114273045,0.006450246121274722,-0.0013898806920000003
Current Commitments_upper,1993,,,169513000000.0,630.3623991710002,0.7314485950000001,0.0014628971899999718,0.015129930374918808,1.5418639386873786e+17,0.20341560000000003,208.66442851052832,0.003390259999999941,0.004139902852944797,2.604203902833012,0.6421331743289944,0.07734128191747233,0.04014707535782987,,,,,,,,0.0024282863783524618,0.04014707535782987,,0.0157803433886016,0.001731914756637385,0.006485444655208947,-0.0013974651720000003
Current Commitments_upper,1994,,,177599000000.0,660.4315405330002,0.7663396850000002,0.0015326793699999704,0.015851648573591438,1.615412939697485e+17,0.21311880000000002,218.61800474914207,0.003551979999999938,0.004337381833724511,2.728427960918868,0.6727637976300052,0.081030565958134,0.04279962485132826,,,,,,,,0.0025887252084679326,0.04279962485132826,,0.016533087170141854,0.0018145294394178793,0.00679480916106997,-0.0014641261560000003
Current Commitments_upper,1995,,,181923000000.0,676.5110566410001,0.7849977450000002,0.0015699954899999699,0.016237588406767353,1.6547433725898547e+17,0.21830760000000002,223.94069379882868,0.0036384599999999367,0.0044429839995532875,2.79485695265313,0.6891435670034372,0.08300341584581901,0.045663252553858356,,,,,,,,0.0027619310542424604,0.045663252553858356,,0.01693561797788116,0.0018587077585302781,0.006960242270560826,-0.0014997732120000003
Current Commitments_upper,1996,,,190157000000.0,707.1305607190002,0.8205274550000002,0.0016410549099999685,0.01697251638696404,1.7296385586295795e+17,0.2281884,234.07645273387018,0.0038031399999999336,0.004644077485546382,2.921354713508799,0.7203348299592278,0.08676022573832559,0.04831580204735676,,,,,,,,0.0029223698843579313,0.04831580204735676,,0.017702139409640057,0.0019428345576911225,0.0072752691492721355,-0.001567654308
Current Commitments_upper,1997,,,195947000000.0,728.6616426490002,0.8455113050000002,0.0016910226099999676,0.017489304461452606,1.7823034999910083e+17,0.23513640000000002,241.20373524952362,0.003918939999999932,0.004785482790853647,3.0103056529494507,0.7422679623996004,0.08940194656387976,0.05072912957061922,,,,,,,,0.0030683394300598053,0.05072912957061922,,0.018241143428328912,0.002001991002571046,0.007496790357401659,-0.0016153870680000002
Current Commitments_upper,1998,,,199811000000.0,743.0305719370002,0.8621844650000001,0.001724368929999967,0.017834186865567255,1.8174498442778067e+17,0.23977320000000005,245.9601807832861,0.00399621999999993,0.004879850683721914,3.0696677306694293,0.7569052031162843,0.09116491880393872,0.052624142825037176,,,,,,,,0.0031829588595322198,0.052624142825037176,,0.018600851809712972,0.0020414695005012743,0.0076446241999254035,-0.0016472418840000002
Current Commitments_upper,1999,,,206256000000.0,766.9973807520003,0.8899946400000002,0.001779989279999966,0.01840943714882784,1.8760725639797773e+17,0.2475072,253.89374482704883,0.004125119999999928,0.005037252616831642,3.1686813411521575,0.7813195448396352,0.09410548714948218,0.055682431542563186,,,,,,,,0.0033679387308589875,0.055682431542563186,,0.019200831239842443,0.0021073180820645053,0.007891205233845053,-0.001700374464
Current Commitments_upper,2000,,,216938000000.0,806.7201816460002,0.9360874700000003,0.001872174939999964,0.019362862055854926,1.973234378076977e+17,0.26032560000000005,267.04290403813866,0.004338759999999924,0.005298131972840658,3.3327873748490555,0.821784090733946,0.09897921113196399,0.060934892276001865,,,,,,,,0.0036856325787460375,0.060934892276001865,,0.02019524245359621,0.0022164561035165507,0.008299890820242213,-0.0017884368720000004
Current Commitments_upper,2001,,,208673000000.0,775.9853988910002,0.9004239950000001,0.0018008479899999654,0.018625167161960627,1.8980572208486157e+17,0.2504076,256.8689852139805,0.0041734599999999275,0.005096281394539355,3.20581336544025,0.7904753964991137,0.09520825731103044,0.06134661452111206,,,,,,,,0.0037105355015755277,0.06134661452111206,,0.019425835162669897,0.0021320125772760386,0.007983677903974423,-0.0017203002120000001
Current Commitments_upper,2002,,,209095000000.0,777.5546763650002,0.9022449250000002,0.0018044898499999654,0.018662832890360314,1.9018956673519875e+17,0.250914,257.38845209163264,0.004181899999999928,0.005106587618863995,3.212296490905527,0.7920739771363912,0.09540079723993958,0.05982082031865098,,,,,,,,0.0036182481993254326,0.05982082031865098,,0.019465120084239274,0.002136324152360551,0.00799982331845295,-0.00172377918
Current Commitments_upper,2003,,,208964000000.0,777.0675309880003,0.9016796600000002,0.0018033593199999654,0.01865114044860591,1.900704111683879e+17,0.2507568,257.2271957860108,0.004179279999999928,0.0051033882933035025,3.210283956697112,0.7915777352797956,0.09534102773594172,0.06229115378930034,,,,,,,,0.003767665736301662,0.06229115378930034,,0.019452925001951154,0.0021349857250238897,0.007994811353294922,-0.001722699216
Current Commitments_upper,2004,,,222109000000.0,825.9494087030002,0.9584003350000002,0.0019168006699999632,0.019824401111671913,2.020268991510474e+17,0.26653080000000007,273.40821973562464,0.004442179999999922,0.005424419854316282,3.41222870608353,0.8413723856992598,0.1013385096447344,0.07064669346943671,,,,,,,,0.004273048581956483,0.07064669346943671,,0.020676622381167895,0.0022692882238056844,0.008497729536518164,-0.0018310665960000006
Current Commitments_upper,2005,,,233025000000.0,866.5423776750002,1.0055028750000001,0.0020110057499999616,0.02079871175435191,2.119559233289638e+17,0.27963000000000005,286.84542456133664,0.004660499999999919,0.005691014036135643,3.579929648213781,0.8827233483450467,0.10631899747405207,0.07471547800932743,,,,,,,,0.004519148054623072,0.07471547800932743,,0.021692817177024114,0.0023808170238590943,0.008915367793502944,-0.0019210581000000005
Current Commitments_upper,2006,,,235742000000.0,876.6459959140003,1.0172267300000002,0.002034453459999961,0.02104121835165509,2.1442726435968925e+17,0.28289040000000004,290.18995419778406,0.004714839999999918,0.00575736951360021,3.6216705294677096,0.8930156317371871,0.107558644362313,0.07781550432543718,,,,,,,,0.004706652414750151,0.07781550432543718,,0.021945748769213683,0.0024085766198416077,0.009019318246436954,-0.0019434570480000005
Current Commitments_upper,2007,,,242588000000.0,902.1039901960003,1.0467672200000002,0.00209353443999996,0.021652260002423433,2.206542797061546e+17,0.2911056,298.61713487173284,0.004851759999999916,0.005924564802051598,3.7268446454281072,0.9189490038765291,0.1106821712658957,0.08193272677651789,,,,,,,,0.004955681643043772,0.08193272677651789,,0.022583058184057186,0.0024785222194353826,0.009281241250038803,-0.001999895472
Current Commitments_upper,2008,,,241466000000.0,897.9316458220002,1.0419257900000003,0.0020838515799999602,0.02155211557762617,2.19633725920187e+17,0.28975920000000005,297.235993078544,0.004829319999999916,0.005897162944960967,3.709607520375877,0.9146987491963741,0.11017025230799038,0.0838890760798308,,,,,,,,0.005074010968958356,0.0838890760798308,,0.02247860870064287,0.002467058742551915,0.009238314342349457,-0.0019906457040000003
Current Commitments_upper,2009,,,228984000000.0,851.5152443280002,0.9880659600000001,0.001976131919999962,0.020438031165576732,2.0828029244741744e+17,0.2747808,281.8710983703599,0.00457967999999992,0.005592323390410832,3.517848344883958,0.8674156129060925,0.10447526796523265,0.08177535662373796,,,,,,,,0.0049461631464920615,0.08177535662373796,,0.021316631470716402,0.0023395301164739874,0.008760762059124466,-0.001887744096
Current Commitments_upper,2010,,,240546000000.0,894.5104721820002,1.0379559900000002,0.0020759119799999603,0.021470000719503633,2.1879690819907274e+17,0.28865520000000006,296.1035060466958,0.0048109199999999165,0.005874694399039951,3.695473692347311,0.9112136918828778,0.10975049701273824,0.08998090695887706,,,,,,,,0.005442473922012044,0.08998090695887706,,0.02239296384793238,0.0024576591001875757,0.009203115808415232,-0.0019830612240000003
Current Commitments_upper,2011,,,247680000000.0,921.0394425600003,1.0687392,0.002137478399999959,0.022106747891075553,2.2528588387562605e+17,0.29721600000000004,304.8852044001797,0.004953599999999914,0.006048923319257917,3.805072310994911,0.9382380384855753,0.1130054255739651,0.0948458023547029,,,,,,,,0.0057367259719185775,0.0948458023547029,,0.02305708382536351,0.0025305471965214915,0.009476057483509536,-0.0020418739200000003
Current Commitments_upper,2012,,,250361000000.0,931.0091887870002,1.080307715,0.0021606154299999587,0.022346041298278288,2.2772447986509046e+17,0.30043320000000007,308.1854193266852,0.005007219999999913,0.0061143995927516615,3.84626012941294,0.9483939500697962,0.11422864725502051,0.0972215829647223,,,,,,,,0.0058804245014339755,0.0972215829647223,,0.02330666409722963,0.0025579389804114873,0.009578630602506986,-0.0020639760840000005
Current Commitments_upper,2013,,,257476999999.99997,957.4712231590001,1.111013255,0.0022220265099999574,0.022981181874799982,2.3419708302101322e+17,0.30897240000000004,316.944960325198,0.00514953999999991,0.006288188910984216,3.95558221664259,0.9753501107685337,0.1174753632126446,0.10023829455798137,,,,,,,,0.006062889590211614,0.10023829455798137,,0.02396910841449903,0.0026306431706991434,0.009850883610633012,-0.002122640388
Current Commitments_upper,2014,,,265577000000.0,987.5924258590003,1.145964755,0.002291929509999956,0.023704149647400564,2.4156471730473648e+17,0.31869240000000004,326.9157700621226,0.005311539999999907,0.006486009804419251,4.080021354720186,1.0060337675504023,0.1211710348338862,0.1042735800541697,,,,,,,,0.006306962881125601,0.1042735800541697,,0.02472315548727619,0.0027134008915156173,0.010160783746358253,-0.0021894167880000003
Current Commitments_upper,2015,,,280081000000.0,1041.5279720270003,1.2085495150000003,0.0024170990299999537,0.024998708236758448,2.5475733059499846e+17,0.33609720000000004,344.76967431204264,0.005601619999999903,0.0068402313153305755,4.302844226161845,1.0609764537188244,0.12778856831468718,0.10953514186403684,,,,,,,,0.0066252072054725835,0.10953514186403684,,0.02607336520870332,0.0028615882967899537,0.01071569628568651,-0.002308987764
Current Commitments_upper,2016,,,293627000000.0,1091.9010352090004,1.2670005050000002,0.0025340010099999515,0.02620776026733221,2.670785619539262e+17,0.3523524,361.44431489184257,0.0058725399999998975,0.007171056231685015,4.510949481025931,1.11229013455428,0.1339690087815191,0.11539773478912385,,,,,,,,0.006979804754980952,0.11539773478912385,,0.02733439257263409,0.0029999878136022936,0.01123395643859195,-0.002420660988
Current Commitments_upper,2017,,,310950993000.0,1156.3231962863313,1.3417535347950003,0.0026835070695899487,0.027754018123104806,2.8283619710920787e+17,0.37314119160000003,382.7695294704613,0.006219019859999892,0.007594148549354431,4.777095500406462,1.1779152524929823,0.14187318029962873,0.1209908899044264,,,,,,,,0.007318105422151535,0.1209908899044264,,0.028947121734419504,0.003176987094604829,0.011896759868468875,-0.0025634799862920003
Current Commitments_upper,2018,,,327120444636.0,1216.4520024932203,1.4115247186043403,0.002823049437208626,0.02919722706550626,2.9754367935888666e+17,0.39254453356320007,402.67354500292527,0.006542408892719886,0.007989044273920862,5.025504466427598,1.2391668456226175,0.1492505856752094,0.1233883469342589,,,,,,,,0.0074631150448037165,0.1233883469342589,,0.030452372064609313,0.0033421904235242795,0.012515391381629257,-0.0026967809455791846
Current Commitments_upper,2019,,,292505677500.0,1087.7312102318929,1.2621619984125003,0.0025243239968249518,0.026107676312987528,2.6605862441144346e+17,0.35100681300000003,360.06400707687555,0.005850113549999898,0.007143670920724669,4.493722764309017,1.1080424463157876,0.13345739893688827,0.12259764306080996,,,,,,,,0.007415289507623408,0.12259764306080996,,0.027230006159206423,0.002988531258738067,0.011191055451562104,-0.00241141680531
Current Commitments_upper,2020,,,158440575300.0,589.1877388291254,0.6836710824195,0.0013673421648389738,0.014141658001752553,1.4411508821149541e+17,0.19012869036000005,195.03467048458722,0.0031688115059999447,0.00386948841508725,2.4340998304753483,0.6001896583737003,0.07228942441844463,0.06940627971115759,,,,,,,,0.004198022448523261,0.06940627971115759,,0.01474958666840649,0.001618787765022074,0.006061821702451232,-0.0013061841027732005
Current Commitments_upper,2021,,,188909916700.0,702.4930732050391,0.8151462905605001,0.0016302925811209686,0.016861207617130905,1.7182952824866922e+17,0.22669190004000003,232.54133788073486,0.003778198333999934,0.004613620802510096,2.9021959516615197,0.7156107465079192,0.08619123680485222,0.08429342376514502,,,,,,,,0.005098467843278976,0.08429342376514502,,0.017586045642742,0.0019300931044100992,0.007227556645083162,-0.0015573733532748002
Current Commitments_upper,2022,,,231566994700.0,861.1205414800652,0.9992115821305001,0.0019984231642609616,0.020668577082230816,2.1062974433709587e+17,0.27788039364000006,285.0506722845802,0.004631339893999919,0.005655406145878975,3.5575305219366737,0.8772002700473499,0.1056537741640731,0.10332742269568844,,,,,,,,0.006249734776589963,0.10332742269568844,,0.0215570882105354,0.002365920579962015,0.008859585566298239,-0.0019090383043068005
Current Commitments_upper,2023,1076937632512.1694,11615863382044.725,269197297382.2647,1001.0551062646144,1.1615863382044724,0.0023231726764089,0.0240272803059941,2.448576836147176e+17,0.3230367568587177,331.37222640652345,0.0053839459476452,0.0065744259109205,4.135639464082358,1.019747836973329,0.1228228163519221,0.1143510109567864,31609.255041993387,1033.2844808044356,1.0,1.0,1.0,1.0,0.0,0.0069164939110077,0.1143510109567864,10.786013072036893,0.025060177048224268,0.0027503894791741446,0.01029929370316437,-0.0022192625196193905
Current Commitments_upper,2024,1198347322705.4666,12554695373775.648,290954701593.87366,1079.212602199146,1.2527577231768294,0.0025034062575308,0.0258831686381518,2.638203205374563e+17,0.3478010332180216,357.84894263335514,0.0058141262657643,0.0070997340578197,4.492414159241649,1.1016089191714291,0.1327204318661201,0.1263580627499945,32587.616609305576,1113.9710421778616,0.99500999,1.0,0.9746971613205142,1.0,1.0,0.0076427376050688,0.1263580627499945,10.476674947152512,0.027222076581456898,0.0029701462238568475,0.011094820236743769,-0.0023893930982078083
Current Commitments_upper,2025,1292041079394.611,13362679586764.836,309679712323.6347,1146.9849514813636,1.3316768302810302,0.0026612019837851,0.027527677436489,2.804979598223791e+17,0.3695590751156689,380.878457890815,0.0061883067691699,0.0075566957744168,4.809709992022903,1.1739971247654524,0.1414400286767429,0.1361009900293655,33594.36523400953,1183.9330694065811,0.99401498,1.0,0.9621425078045334,1.0,1.0,0.0082320362622414,0.1361009900293655,10.34230242356222,0.029144751373401386,0.0031612912004937645,0.01179973893315101,-0.0025388708460446453
Current Commitments_upper,2026,1332579229192.233,13581029129468.818,314739956650.4941,1162.6895883289392,1.3504216993163158,0.0026977355167504,0.0279013025499742,2.8441769166668173e+17,0.3744667761818612,387.1024135646507,0.0062894252569991,0.0076801526750517,4.918255200456026,1.1935409662408385,0.1438032314515706,0.1390861400251424,34661.586006780475,1200.1575403464158,0.993020965,0.996,0.9526362541935336,1.0,1.0,0.0084125923552439,0.1390861400251424,10.191535956703458,0.029802488142937233,0.0032129500325866005,0.011959893338046439,-0.002572586752369387
Current Commitments_upper,2027,1374480003826.4983,13820623130814.4,320292540690.9479,1180.1301909694137,1.371216748942408,0.0027383453106219,0.0283179632321455,2.8877306975350746e+17,0.3799368903871589,393.9318543408651,0.0064003821328826,0.0078156268972164,5.035809111400208,1.2148692466038489,0.1463853774093728,0.1421462052488109,35768.71207463877,1218.174854810447,0.992027944,0.992016,0.9444264854223278,1.0,1.0,0.0085976796781254,0.1421462052488109,10.055164929528498,0.030514813732862908,0.00326963439102918,0.012138494939459168,-0.002610166436959782
Current Commitments_upper,2028,1417787752236.6846,14071370769844.486,326103609961.6335,1198.3141251618536,1.3929335904584046,0.0027806833042538,0.0287552180225358,2.933309423870908e+17,0.3856430237038352,401.07911376686354,0.006516504299989,0.007957415243466,5.158749815377205,1.2371869872922638,0.1490914749448943,0.1452731333796909,36917.1884743672,1236.9610453643834,0.991035916,0.988047936,0.9366892865363756,1.0,1.0,0.0087868111881701,0.1452731333796909,9.924878210892755,0.031259780946483524,0.0033289566442649674,0.012325924205359969,-0.0026493675728453477
Current Commitments_upper,2029,1462549755849.577,14329094325989.76,332076345909.3803,1216.848907671411,1.41509686644484,0.0028245532433366,0.0292037548326021,2.9799934636483565e+17,0.3914651592970609,408.425136329962,0.0066358570403366,0.0081031535943058,5.285609459588967,1.260134359448274,0.1518771907677707,0.1484678216215651,38108.59299776795,1256.1106454741418,0.99004488,0.984095744,0.9291129341551504,1.0,1.0,0.0089800411525369,0.1484678216215651,9.797338017855106,0.03202849523403975,0.0033899286315386846,0.01251818950899489,-0.0026893656443708084
Current Commitments_upper,2030,1508815856878.4995,14593228769973.71,338197653997.07324,1235.8286787327722,1.4378170015918077,0.0028695255829563,0.0296634428001491,3.0278552673546323e+17,0.3974341635262357,415.9538985032152,0.0067581786867597,0.0082525167127038,5.4162724824386705,1.2835945590437556,0.1547263973607573,0.1517422278333099,39344.61911583053,1275.7206816602163,0.989054835,0.980159361,0.9216838550364984,1.0,1.0,0.009178092839498,0.1517422278333099,9.671974683620297,0.03282025634249902,0.0034524173575766863,0.012715234756283913,-0.002730372703425239
Current Commitments_upper,2031,1556639632499.5896,14863296877704.809,344455959829.7581,1253.3474536823178,1.458664241277092,0.0029228529419627,0.0300921256506854,3.073129437685449e+17,0.4029372664674194,423.65119323105057,0.0068832379489805,0.0084052201758523,5.550612970602472,1.307457278696628,0.157628928702926,0.1549702739420899,40627.13519952589,1293.8210598982105,0.98806578,0.976238724,0.9143658198187028,1.0,1.0,0.0093733404465722,0.1549702739420899,9.548322275360496,0.03363430129186376,0.0035163049038177195,0.012898989660166294,-0.002768179020631171
Current Commitments_upper,2032,1606139856319.836,15139605501101.678,350858323441.69696,1271.2706600424567,1.4799926446553542,0.0029774122743349,0.0305302784723961,3.1194611915317274e+17,0.4085675605344699,431.525699716967,0.0070111759071411,0.0085614365408018,5.688782147883894,1.3317695783282344,0.1605903476909001,0.1582859075022568,41961.5876458895,1312.3392935279758,0.987077715,0.972333769,0.9071167468272648,1.0,1.0,0.009573885759973,0.1582859075022568,9.426081696142704,0.03447154643263384,0.003581663307650826,0.013086803867192588,-0.0028068591408718082
Current Commitments_upper,2033,1657383632843.8694,15422473595177.156,357412089916.05426,1289.623543317178,1.5018317166253723,0.0030332662901476,0.0309786375856249,3.166920460694218e+17,0.4143331311098908,439.58644949124806,0.0071421393374947,0.0087213451983726,5.830947369121934,1.3565671305882931,0.1636151188573694,0.1616921487181091,43350.583149748905,1331.3014477065983,0.986090637,0.968444434,0.8999366991912172,1.0,1.0,0.0097799114560446,0.1616921487181091,9.305313078731242,0.035333005862370606,0.003648567530777359,0.013278993001078111,-0.0028464686107249498
Current Commitments_upper,2034,1710441026936.1565,15712661899990.594,364134845294.0551,1308.467903949956,1.524253566555929,0.0030905646463987,0.0314387967839116,3.2156662879902637e+17,0.4202537984358143,447.855069276113,0.0072764796606014,0.0088853754548323,5.977449867923117,1.3819232815862164,0.1667121726431417,0.165192249489525,44796.88391290831,1350.7713251087443,0.985104546,0.964570656,0.8928517871621301,1.0,1.0,0.0099916142251838,0.165192249489525,9.186321920806616,0.03622074730836716,0.003717197074991738,0.013476240241423706,-0.0028871435952540444
Current Commitments_upper,2035,1765385066687.138,16008800477988.318,370987794145.9631,1327.6701932515332,1.5471328692685988,0.0031491119480753,0.0319068595107821,3.26531208672081e+17,0.426279691332687,456.31394304750035,0.0074133430839659,0.0090524873400555,6.122231045266357,1.407531609322655,0.1698488142495157,0.1687895467057301,46303.40146768622,1370.6119148574635,0.984119442,0.960712374,0.885828153367575,1.0,1.0,0.0102091958983477,0.1687895467057301,9.06816352991469,0.03709805829472923,0.003787405727294253,0.013676875329296748,-0.0029285414794555597
Current Commitments_upper,2036,1822292429465.4253,16309930033337.66,377948607491.4485,1347.0769043501923,1.5703660108098034,0.0032086861465284,0.0323812162706286,3.3156570029633197e+17,0.4323852147859366,464.9357723295137,0.0075522829425493,0.0092221364667313,6.262659048815971,1.433273871239225,0.173011523493422,0.1724875480828232,47873.24074119273,1390.6668311622211,0.983135322,0.956869524,0.8788124310444001,1.0,1.0,0.0104328686389169,0.1724875480828232,8.95022652216265,0.03794899094058617,0.003858966910334964,0.01388020835440495,-0.0029704864255793843
Current Commitments_upper,2037,1881250598190.109,16610160163906.455,384880664809.00446,1366.2577451387167,1.5933776058400846,0.0032680936206905,0.0328507553122563,3.3654814660451686e+17,0.4384150180723817,473.5526587170814,0.0076905687276304,0.0093909908351979,6.389711456157026,1.4585247616545862,0.1761269895440964,0.1762905950473444,49510.10777355957,1410.4898055760157,0.982152187,0.953042046,0.8715208186505276,1.0,1.0,0.0106628950370511,0.1762905950473444,8.829318209858146,0.03871887328889586,0.003930487067351776,0.014081476264598661,-0.0030119111741572623
Current Commitments_upper,2038,1942347559858.812,16902927115482.371,391631720075.942,1384.8520741387497,1.6157049715180074,0.0033264760559443,0.0333075441020043,3.4138256630549254e+17,0.444263878529652,481.9774733038369,0.0078251577260472,0.0095553370403166,6.493819013964164,1.482610251784812,0.1791154977257248,0.1802168246937876,51217.73435068098,1429.707377327312,0.981170035,0.949229878,0.8636623536597131,1.0,1.0,0.0109003721106303,0.1802168246937876,8.702318506123094,0.039349719825051546,0.004000413028421846,0.014277278779324144,-0.0030520928454987094
Current Commitments_upper,2039,2005679323537.2576,17190286514973.584,398249251874.6464,1402.865945098704,1.6373821585892414,0.0033837463400586,0.0337520469354177,3.460760137244133e+17,0.4499265953922775,490.26874419856784,0.0079569983483535,0.0097163332701781,6.576898704423586,1.5057407171806316,0.1820019303110172,0.1842571985910801,53000.30911084799,1448.3265025631674,0.980188865,0.945432958,0.8553590570617058,1.0,1.0,0.0111447531722842,0.1842571985910801,8.570805070003134,0.03985314662763109,0.004069230576848114,0.014467814918866796,-0.0030909957103449465
Current Commitments_upper,2040,2071344648725.944,17482793086053.592,404977667810.51935,1421.1655970197737,1.6594130036137522,0.0034419515924312,0.0342035858034189,3.508503258408303e+17,0.4556827566389232,498.7272877160695,0.0080909742677747,0.0098799361523145,6.6519112946063625,1.5291466632775983,0.1849284632038369,0.1884164665253943,54862.191473663945,1467.2412835028013,0.979208676,0.941651226,0.8470457038347625,1.0,1.0,0.0113963255117085,0.1884164665253943,8.440311030231989,0.04030769030996908,0.004139436488043377,0.014661367054635513,-0.0031305405381094028
Current Commitments_upper,2041,2139443171364.098,17783047159304.17,411876995780.442,1440.5629791021368,1.6826510731248228,0.0035023788003349,0.0346813474484172,3.5588585740631123e+17,0.4618179536203473,507.427028167512,0.008228284749445,0.0100476106657915,6.725682139270876,1.5530469055109148,0.1879230873564308,0.1927468471827765,56807.79599244292,1487.2872377036233,0.978229467,0.937884621,0.838836390651374,1.0,1.0,0.0116582475638052,0.1927468471827765,8.311997905495097,0.040754709554355735,0.00421164433379035,0.014866159583764032,-0.003172689341371786
Current Commitments_upper,2042,2210039607912.885,18086501349129.19,418841681807.38715,1460.092545937977,1.7060479279636618,0.0035633025213958,0.0351621310870378,3.6096601974696166e+17,0.4680002377874111,516.2382511444912,0.0083668203004069,0.0102167791243409,6.794080390287939,1.5770810315735804,0.1909409979444439,0.1972029499970901,58839.487035162085,1507.46983116693,0.977251238,0.934133083,0.8305101919585841,1.0,1.0,0.0119277738908936,0.1972029499970901,8.183790591069862,0.04116917321714913,0.0042847774844992775,0.015072247490458752,-0.0032151616335995142
Current Commitments_upper,2043,2283241372281.695,18390078600392.78,425800850219.78784,1479.5071514649355,1.7293084017604827,0.0036240859764981,0.035640030995093,3.660307553006739e+17,0.4741519066395503,525.0738690963956,0.0085051644296448,0.0103857110386742,6.854683503745852,1.6010442710554165,0.1939538361011506,0.2017899995919003,60962.11041524018,1527.5337154644046,0.976273987,0.930396551,0.8219245571199625,1.0,1.0,0.012205220503097,0.2017899995919003,8.054373411259258,0.04153640173552432,0.004358113113500084,0.015277099286046612,-0.003257423598613711
Current Commitments_upper,2044,2359162075253.388,18689701864109.617,432659981046.2112,1498.481240607922,1.7520452391377082,0.0036838902416599,0.0361069676858237,3.7100039406534266e+17,0.4801701746982854,533.8177005497203,0.0086414282258416,0.0105520983186103,6.904094260516003,1.6246307261120758,0.1969228708774747,0.2065133682325819,63180.88634468071,1547.142573148441,0.975297713,0.926674964,0.8129026235222485,1.0,1.0,0.0124909123406188,0.2065133682325819,7.922177988598867,0.04183580943861371,0.004430686914562679,0.015477251698528328,-0.0032987691001772207
Current Commitments_upper,2045,2437922274608.33,18983801061739.723,439382663850.9283,1516.8908005996243,1.7741066878063176,0.0037423683318069,0.0365611053651149,3.7584957805055264e+17,0.4860168108302716,542.424952431919,0.0087748840340434,0.0107150550392823,6.941321331423179,1.6477584355950947,0.1998382560556232,0.2113785720930747,65501.47039335248,1566.1681690625396,0.9743224150000002,0.922968265,0.803389826207991,1.0,1.0,0.0127851830479379,0.2113785720930747,7.786877071292032,0.04206138930262819,0.004502127105184928,0.015671917814756502,-0.003338935490403966
Current Commitments_upper,2046,2519648684405.419,19265540694246.973,445810480241.6524,1534.196319369811,1.7948495778672922,0.0037981346302408,0.0369905366087519,3.804526484751069e+17,0.4915189322497124,550.7007662467012,0.0089023661832007,0.0108707170015799,6.960341617748062,1.6700175614714965,0.2026481166608019,0.2163912577178026,67929.90202001977,1584.053118641857,0.973348092,0.919276392,0.7930841614826538,1.0,1.0,0.0130883741549612,0.2163912577178026,7.646121784153894,0.04217664396806727,0.00457081635984762,0.015855993517341502,-0.003376735064555524
Current Commitments_upper,2047,2604474891067.6387,19539519204888.797,452050005396.60504,1550.754843754498,1.81469101667309,0.0038520552490847,0.0374089987418232,3.8491778836814515e+17,0.4967937653027569,558.7759955147066,0.0090260044216305,0.0110216988764859,6.967747631237871,1.691887206953793,0.2054157990682421,0.221556661115499,70472.6840773265,1601.1660504910062,0.972374744,0.915599286,0.7822006354374855,1.0,1.0,0.0134008023604414,0.221556661115499,7.5022874176679295,0.04222152118980966,0.004637840762772065,0.016035367310682513,-0.0034129731676299396
Current Commitments_upper,2048,2692539466102.2993,19806067288879.14,458108928329.6741,1566.5934884274232,1.8336560035942568,0.0039041588930122,0.0378181042923802,3.892570950993987e+17,0.5018514852393609,566.6600237702389,0.0091459525226011,0.0111681902370377,6.963654802282771,1.7134807307277753,0.2081542446406618,0.2268807029555087,73136.65346336219,1617.5347671029792,0.97140237,0.911936889,0.7707757529111213,1.0,1.0,0.0137228257746663,0.2268807029555087,7.355906027832625,0.0421967204258326,0.004703278197292983,0.01621073040492877,-0.003447719703594409
Current Commitments_upper,2049,2783987383140.728,20078573625688.176,464297580212.3552,1582.784643215006,1.8529917083613905,0.0039570558491569,0.0382407641767013,3.937195044896704e+17,0.507037436367497,574.7345466077109,0.0092684120107808,0.0113177574485176,6.959008936587375,1.735691555714153,0.2109726602572585,0.2323705822076787,75929.08179665972,1634.2662939292557,0.970430967,0.908289141,0.7594411315544356,1.0,1.0,0.0140548798256283,0.2323705822076787,7.212164016000938,0.0421685684996601,0.004770296736844,0.016391903564343013,-0.0034833471878447046
Current Commitments_upper,2050,2878967420770.7188,20366246335634.92,470829406214.1859,1600.0568092687884,1.873544366524482,0.0040125340089718,0.0386927715501852,3.984760187776179e+17,0.5125866191289611,583.2620420866932,0.009397648407774,0.0114756050353998,6.961462095606761,1.7591650604160896,0.2139487732047501,0.2380333190799743,78857.54824407757,1652.1126378227036,0.9694605360000002,0.904655985,0.7485784603155791,1.0,1.0,0.0143973891289494,0.2380333190799743,7.07414963736642,0.04218343357672671,0.004841074949319553,0.016585656524986885,-0.0035214700734159626
Full Breakthrough,1940,,,8953488372.093023,33.29504174418605,0.038634302325581404,7.72686046511613e-05,0.0007991461167132466,8143954060388877.0,0.010744186046511629,11.021423338259904,0.00017906976744185734,0.00021866507026266997,0.1375511575075342,0.0339167610135496,0.004085080603439601,0.00037852697809261527,,,,,,,,6.398432532486963e-05,0.0010578585596153222,,0.0005128265980987415,5.73114013589515e-05,8.045003956952254e-05,-0.00021391674418604653
Full Breakthrough,1941,,,9651162790.697676,35.88946058139537,0.04164476744186048,8.328953488371934e-05,0.0008614172426909024,8778547883276322.0,0.011581395348837212,11.880235546436003,0.00019302325581395014,0.0002357039069065144,0.1482694295211083,0.03655962550811191,0.004403398572538791,0.00041188099397699836,,,,,,,,6.962232294921616e-05,0.0011510720773905522,,0.000552787112236306,6.177722484146721e-05,8.671887382169315e-05,-0.0002305855813953489
Full Breakthrough,1942,,,10465116279.069769,38.91628255813955,0.04515697674418606,9.031395348837037e-05,0.0009340668896648338,9518907343311674.0,0.012558139534883724,12.88218312264145,0.00020930232558139173,0.00025558254965766625,0.1607740802036114,0.0396429674184346,0.004774769536487845,0.00045088164301005116,,,,,,,,7.621479947014026e-05,0.0012600660799265446,,0.0005994077120634642,6.698735223773553e-05,9.403251378255883e-05,-0.00025003255813953494
Full Breakthrough,1943,,,11279069767.441858,41.94310453488372,0.048669186046511624,9.733837209302137e-05,0.0010067165366387648,1.0259266803347024e+16,0.013534883720930231,13.88413069884689,0.00022558139534883324,0.00027546119240881795,0.17327873088611448,0.04272630932875728,0.005146140500436898,0.0004906341192486628,,,,,,,,8.293436113767916e-05,0.001371161192530727,,0.0006460283118906225,7.219747963400383e-05,0.00010134615374342446,-0.0002694795348837209
Full Breakthrough,1944,,,12209302325.581396,45.40232965116281,0.05268313953488374,0.00010536627906976543,0.0010897447046089726,1.1105391900530286e+16,0.014651162790697676,15.02921364308169,0.0002441860465116237,0.0002981796412672772,0.18756976023754662,0.04625012865484037,0.005570564459235819,0.0005362676853613621,,,,,,,,9.06480331052674e-05,0.0014986920194253938,,0.0006993089974073748,7.815191094402478e-05,0.00010970459941298529,-0.0002917046511627908
Full Breakthrough,1945,,,13139534883.72093,48.86155476744187,0.056697093023255825,0.00011339418604650945,0.00117277287257918,1.1951516997713544e+16,0.015767441860465116,16.174296587316483,0.00026279069767441406,0.0003208980901257365,0.20186078958897874,0.04977394798092344,0.005994988418034738,0.0005827982348280811,,,,,,,,9.851332669576821e-05,0.0016287296201401556,,0.0007525896829241272,8.410634225404571e-05,0.00011806304508254607,-0.00031392976744186045
Full Breakthrough,1946,,,14302325581.39535,53.18558616279072,0.061714534883720945,0.0001234290697674395,0.0012765580825419393,1.3009173369192622e+16,0.017162790697674422,17.60565026760998,0.000286046511627902,0.00034929615119881044,0.21972457627826888,0.05417872213852729,0.006525518366533387,0.0006406698734194495,,,,,,,,0.00010829566181325991,0.0017904618394692217,,0.0008191905398200676,9.15493813915719e-05,0.00012851110216949705,-0.0003417111627906977
Full Breakthrough,1947,,,15348837209.302324,57.07721441860466,0.06623023255813953,0.0001324604651162765,0.0013699647715084225,1.3961064103523786e+16,0.01841860465116279,18.893868579874123,0.00030697674418604117,0.00037485440616457705,0.23580198429863,0.05814301888037074,0.00700299532018217,0.0006944409413776033,,,,,,,,0.00011738485678329024,0.0019407343108946871,,0.0008791313110264139,9.824811661534544e-05,0.0001379143535477529,-0.00036671441860465113
Full Breakthrough,1948,,,16627906976.744184,61.833648953488385,0.07174941860465117,0.00014349883720929954,0.0014841285024674578,1.5124486112150768e+16,0.019953488372093025,20.468357628196966,0.0003325581395348779,0.0004060922733449585,0.25545214965684915,0.06298827045373497,0.007586578263530685,0.0007599294387432127,,,,,,,,0.000128454707977497,0.0021237531483990642,,0.0009523922536119484,0.00010643545966662422,0.00014940721634339898,-0.00039727395348837215
Full Breakthrough,1949,,,17906976744.186047,66.5900834883721,0.07726860465116281,0.0001545372093023226,0.0015982922334264933,1.6287908120777754e+16,0.021488372093023258,22.042846676519808,0.0003581395348837147,0.00043733014052533994,0.2751023150150684,0.0678335220270992,0.008170161206879202,0.0008267578683348103,,,,,,,,0.00013975105467776503,0.0023105166563142762,,0.001025653196197483,0.000114622802717903,0.00016090007913904507,-0.00042783348837209306
Full Breakthrough,1950,,,19418604651.162792,72.21132430232561,0.08379127906976745,0.00016758255813953169,0.0017332130063780803,1.7662861403700552e+16,0.023302325581395354,23.903606460901354,0.0003883720930232491,0.0004742476199203362,0.2983252377111456,0.0735597284319842,0.008859850139927445,0.0009058158731703427,,,,,,,,0.00015311462819746842,0.0025314578096841027,,0.001112234310162206,0.00012429875359668704,0.00017448255335208136,-0.0004639493023255815
Full Breakthrough,1951,,,20930232558.139538,77.8325651162791,0.09031395348837212,0.00018062790697674074,0.0018681337793296675,1.9037814686623348e+16,0.025116279069767447,25.7643662452829,0.00041860465116278346,0.0005111650993153325,0.3215481604072228,0.0792859348368692,0.00954953907297569,0.0009865252379103614,,,,,,,,0.0001667573394153341,0.0027570139715237855,,0.0011988154241269284,0.00013397470447547107,0.00018806502756511765,-0.0005000651162790699
Full Breakthrough,1952,,,22558139534.883717,83.88620906976745,0.09733837209302325,0.00019467674418604275,0.0020134330732775297,2.051853360669405e+16,0.027069767441860463,27.76826139769378,0.0004511627906976665,0.0005509223848176359,0.34655746177222896,0.08545261865751456,0.010292281000873796,0.0010744767890749404,,,,,,,,0.00018162423395188265,0.0030028096653993497,,0.001292056623781245,0.00014439495926800767,0.00020269230748684892,-0.0005389590697674418
Full Breakthrough,1953,,,24418604651.162792,90.80465930232562,0.10536627906976748,0.00021073255813953086,0.0021794894092179453,2.2210783801060572e+16,0.029302325581395353,30.05842728616338,0.0004883720930232474,0.0005963592825345544,0.37513952047509325,0.09250025730968074,0.011141128918471637,0.0011754998977369358,,,,,,,,0.00019870067981719492,0.0032851360685411963,,0.0013986179948147497,0.00015630382188804956,0.00021940919882597058,-0.0005834093023255816
Full Breakthrough,1954,,,26395348837.2093,98.15551267441863,0.11389593023255815,0.0002277918604651119,0.0023559242661546358,2.4008799632574996e+16,0.031674418604651165,32.491728542662315,0.0005279069767441768,0.0006446359863587803,0.4055079578468865,0.09998837337760726,0.01204302983091934,0.0012843593973822555,,,,,,,,0.00021710175039638208,0.003589362610267548,,0.0015118394515378484,0.00016895698842184405,0.0002371708958737872,-0.0006306376744186047
Full Breakthrough,1955,,,28488372093.023254,105.93876918604653,0.12292732558139537,0.00024585465116278596,0.0025427376440876025,2.5912581101237332e+16,0.03418604651162791,35.06816516719061,0.0005697674418604552,0.0006957524962903135,0.43766277388760877,0.10791696686129418,0.012997983738216909,0.0014013115216557476,,,,,,,,0.00023687075815550352,0.0039162053794443265,,0.0016317209939505414,0.00018235445886939113,0.00025597739863029897,-0.0006806441860465116
Full Breakthrough,1956,,,30813953488.372093,114.58683197674421,0.1329622093023256,0.0002659244186046461,0.002750308064013121,2.8027893844195484e+16,0.03697674418604652,37.930872527777595,0.0006162790697674312,0.0007525486184364617,0.4733903472661891,0.11672651517650187,0.014059043635214208,0.0015324064642783602,,,,,,,,0.0002590303978712176,0.004282572680064256,,0.0017649227077424223,0.00019724053714444348,0.0002768735128042009,-0.0007362069767441861
Full Breakthrough,1957,,,33255813953.48837,123.66729790697677,0.14349883720930234,0.0002869976744185991,0.0029682570049349155,3.0248972224301536e+16,0.03990697674418605,40.93671525639393,0.0006651162790697558,0.000812184546689917,0.5109042993136983,0.12597654090746993,0.01517315652706137,0.0016722698736622201,,,,,,,,0.00028267221577322387,0.004673444964885913,,0.0019047845072238969,0.00021287091933324843,0.00029881443268679796,-0.0007945479069767443
Full Breakthrough,1958,,,35930232558.139534,133.6125701162791,0.15503895348837213,0.00031007790697673825,0.0032069629878492623,3.2681581878703412e+16,0.04311627906976744,44.228828721068965,0.0007186046511627782,0.0008775000871579872,0.5519910086990657,0.13610752146995878,0.016393375408608264,0.0018271111331376745,,,,,,,,0.0003088458152612,0.005106175420567329,,0.00205796647808456,0.0002299899093495586,0.0003228449639867852,-0.0008584451162790698
Full Breakthrough,1959,,,38720930232.558136,143.9902454651163,0.16708081395348837,0.0003341616279069703,0.0034560474917598844,3.5219957170253188e+16,0.04646511627906977,47.66407755377335,0.0007744186046511493,0.0009456554337333649,0.594864096753362,0.146678979448208,0.01766664728500502,0.001991461945763822,,,,,,,,0.00033662686250773247,0.00556548195346593,,0.0022178085346348173,0.0002478532032796214,0.0003479203009954676,-0.0009251204651162791
Full Breakthrough,1960,,,41860465116.279076,155.6651302325582,0.18062790697674425,0.0003612558139534815,0.003736267558659335,3.8075629373246696e+16,0.050232558139534894,51.5287324905658,0.0008372093023255669,0.001022330198630665,0.6430963208144456,0.1585718696737384,0.01909907814595138,0.0021777497859958887,,,,,,,,0.00036811603623463,0.006086095272323026,,0.002397630848253857,0.00026794940895094214,0.0003761300551302353,-0.0010001302325581397
Full Breakthrough,1961,,,45930232558.139534,170.79924011627912,0.19818895348837212,0.0003963779069767366,0.004099515793528992,4.177742667342346e+16,0.055116279069767446,56.538470371593014,0.0009186046511627747,0.0011217234123864239,0.7056195742269611,0.17398857922535185,0.02095593296569665,0.0024173413974339954,,,,,,,,0.0004086154154033579,0.006755675121687993,,0.0026307338473896486,0.0002940000459322837,0.0004126982549345636,-0.0010973651162790698
Full Breakthrough,1962,,,50581395348.83721,188.09536569767448,0.2182587209302326,0.00043651744186045673,0.0045146566333800296,4.600805215933975e+16,0.060697674418604665,62.263885092767,0.0010116279069767265,0.0012353156566787201,0.7770747209841217,0.1916076758557672,0.02307805275969125,0.0026935474727047834,,,,,,,,0.0004553039221668242,0.007527580369803404,,0.00289713727497341,0.00032377220248238834,0.00045449048328236757,-0.0012084906976744189
Full Breakthrough,1963,,,53372093023.25581,198.47304104651167,0.23030058139534887,0.00046060116279068885,0.004763741137290651,4.854642745088954e+16,0.06404651162790698,65.69913392547139,0.0010674418604650977,0.0013034710032540976,0.8199478090384181,0.20217913383401645,0.024351324636088006,0.0028760936087263746,,,,,,,,0.0004861606167486978,0.008037736854522692,,0.0030569793315236675,0.00034163549641245115,0.00047956582029104987,-0.001275166046511628
Full Breakthrough,1964,,,55813953488.37209,207.55350697674425,0.24083720930232563,0.0004816744186046419,0.0049816900782124465,5.076750583099559e+16,0.06697674418604652,68.70497665408773,0.0011162790697674223,0.0013631069315075532,0.8574617610859274,0.2114291595649845,0.02546543752793517,0.003044026624474361,,,,,,,,0.0005145471818663276,0.008507054468411645,,0.0031968411310051422,0.0003572658786012562,0.0005015067401736471,-0.0013335069767441861
Full Breakthrough,1965,,,59651162790.69768,221.82281058139543,0.2573947674418605,0.0005147895348837111,0.005324181271089553,5.425777185687654e+16,0.07158139534883722,73.42844379905625,0.0011930232558139326,0.0014568205330486974,0.9164122571605849,0.22596491428507723,0.027216186357980714,0.003293099717315122,,,,,,,,0.000556649263684378,0.009203131943679452,,0.003416623958761746,0.0003818279077550925,0.0005359853285605852,-0.001425185581395349
Full Breakthrough,1966,,,64651162790.697685,240.41614558139545,0.2789697674418606,0.0005579395348837103,0.005770457673929418,5.880569425423657e+16,0.07758139534883722,79.58326462431829,0.0012930232558139312,0.001578932195662916,0.9932265399245327,0.2449054431627738,0.029497465136524906,0.003613329828423951,,,,,,,,0.0006107793753906913,0.010098069910294227,,0.00370300764341429,0.0004138329760464551,0.0005809119740344744,-0.001544645581395349
Full Breakthrough,1967,,,76279069767.44185,283.65645953488377,0.32914418604651163,0.0006582883720930105,0.006808309773557009,6.93822579690273e+16,0.09153488372093023,93.89680142725321,0.0015255813953488104,0.0018629128063936556,1.171864406817434,0.2889531847388121,0.03480276462151139,0.004316667154340369,,,,,,,,0.0007296680329477468,0.012063666693558617,,0.004369016212373694,0.00048826336742171665,0.0006853925449039841,-0.0018224595348837209
Full Breakthrough,1968,,,86395348837.2093,321.27553267441874,0.3727959302325582,0.0007455918604651019,0.007711241100233016,7.858386840089526e+16,0.10367441860465117,106.34957844580661,0.001727906976744156,0.0021099759377294,1.3272793510142584,0.32727471990996565,0.03941837517344965,0.004951237256810359,,,,,,,,0.0008369326196952239,0.013837081676967292,,0.004948443667368377,0.0005530178079181943,0.0007762906415604578,-0.002064157674418605
Full Breakthrough,1969,,,90465116279.06976,336.40964255813964,0.39035697674418607,0.000780713953488357,0.008074489335102674,8.228566570107202e+16,0.10855813953488372,111.35931632683383,0.0018093023255813638,0.0022093691514851587,1.389802604426774,0.34269142946157904,0.04127522999319492,0.005251154045194722,,,,,,,,0.0008876290679512313,0.014675250579388581,,0.005181546666504168,0.0005790684448995359,0.0008128588413647862,-0.002161392558139535
Full Breakthrough,1970,,,90697674418.60464,337.2744488372094,0.3913604651162791,0.0007827209302325431,0.008095246377095223,8.249719697536782e+16,0.10883720930232559,111.64558706289253,0.0018139534883720612,0.0022150487636997734,1.3933753617646318,0.34357238429309983,0.04138133598289465,0.00533324890596423,,,,,,,,0.0009015059765547996,0.014904678747502412,,0.005194866837883356,0.0005805570527270411,0.0008149484527821762,-0.0021669488372093025
Full Breakthrough,1971,,,104651162790.69768,389.16282558139545,0.45156976744186056,0.0009031395348837037,0.009340668896648337,9.518907343311674e+16,0.12558139534883722,128.82183122641447,0.002093023255813917,0.0025558254965766625,1.607740802036114,0.396429674184346,0.04774769536487844,0.0062349874495641906,,,,,,,,0.001053931393158942,0.01742474176041896,,0.005994077120634642,0.0006698735223773552,0.0009403251378255882,-0.002500325581395349
Full Breakthrough,1972,,,111627906976.74419,415.1070139534885,0.48167441860465127,0.0009633488372092838,0.009963380156424893,1.0153501166199118e+17,0.13395348837209303,137.40995330817546,0.0022325581395348446,0.0027262138630151063,1.7149235221718548,0.422858319129969,0.05093087505587034,0.006739626455951584,,,,,,,,0.0011392330710446588,0.018835042011969488,,0.0063936822620102845,0.0007145317572025124,0.0010030134803472941,-0.0026670139534883722
Full Breakthrough,1973,,,115581395348.83722,429.8087206976746,0.4987337209302327,0.0009974674418604462,0.010316249870298274,1.0513104332502005e+17,0.13869767441860467,142.27655582117333,0.0023116279069767044,0.002822767270663558,1.7756603969154414,0.43783455126582216,0.052734676880765746,0.007072944190611349,,,,,,,,0.0011955754498058386,0.019766555587192515,,0.006620125175456483,0.0007398380902701013,0.0010385368744429272,-0.0027614706976744193
Full Breakthrough,1974,,,111627906976.74419,415.1070139534885,0.48167441860465127,0.0009633488372092838,0.009963380156424893,1.0153501166199118e+17,0.13395348837209303,137.40995330817546,0.0022325581395348446,0.0027262138630151063,1.7149235221718548,0.422858319129969,0.05093087505587034,0.006924910906626303,,,,,,,,0.0011705526367711213,0.019352851186622073,,0.0063936822620102845,0.0007145317572025124,0.0010030134803472941,-0.0026670139534883722
Full Breakthrough,1975,,,111744186046.51163,415.53941709302336,0.48217616279069775,0.0009643523255813769,0.009973758677421169,1.0164077729913909e+17,0.13409302325581396,137.5530886762048,0.0022348837209301936,0.0027290536691224132,1.7167099008407836,0.4232987965457294,0.050983928050720204,0.007028740716279942,,,,,,,,0.0011881035134689304,0.01964302139704881,,0.006400342347699878,0.0007152760611162649,0.001004058286055989,-0.002669792093023256
Full Breakthrough,1976,,,112093023255.81396,416.8366265116281,0.48368139534883736,0.0009673627906976559,0.010004894240409998,1.0195807421058282e+17,0.1345116279069768,137.98249478029285,0.0022418604651162403,0.002737573087444336,1.7220690368475708,0.4246202287930106,0.051143087035269805,0.0071503404181236735,,,,,,,,0.0012086581247185222,0.01998285261882923,,0.0064203226047686605,0.0007175089728575228,0.0010071927031820745,-0.002678126511627908
Full Breakthrough,1977,,,118720930232.55814,441.4836054651164,0.5122808139534885,0.0010245616279069571,0.010596469937197725,1.0798671552801352e+17,0.14246511627906977,146.14121075796575,0.0023744186046511214,0.002899442035560858,1.8238926209765245,0.4497274414913525,0.054167107741712094,0.007681707203923436,,,,,,,,0.0012984777340387425,0.021467848233900095,,0.00679994748907552,0.000759934295941422,0.001066746628577695,-0.002836480465116279
Full Breakthrough,1978,,,122906976744.18605,457.0501184883722,0.5303436046511629,0.0010606872093023051,0.010970096693063657,1.117942784653382e+17,0.1474883720930233,151.29408400702235,0.0024581395348836784,0.0030016750554239242,1.8882022530579694,0.4655846284587264,0.05607701555630724,0.00806823608309179,,,,,,,,0.0013638146610836462,0.02254806947843901,,0.007039710573900908,0.0007867292368365162,0.0011043596340907184,-0.0029364934883720937
Full Breakthrough,1979,,,128023255813.95348,476.07585662790706,0.5524203488372093,0.0011048406976743971,0.011426751616899797,1.1644796649984613e+17,0.1536279069767442,157.5920402003137,0.002560465116279025,0.0031266265241454497,1.9668029144908457,0.4849656347521832,0.05841134732970129,0.008528142100825404,,,,,,,,0.0014415548961543758,0.023833355721257516,,0.007332754344243044,0.0008194786090416313,0.0011503310852733026,-0.003058731627906977
Full Breakthrough,1980,,,128953488372.09303,479.5350817441862,0.5564343023255814,0.0011128686046511416,0.011509779784870007,1.172940915970294e+17,0.15474418604651166,158.73712314454852,0.0025790697674418156,0.0031493449730039093,1.981093943842278,0.4884894540782663,0.05883577128850022,0.008718801371251491,,,,,,,,0.0014737829947871776,0.024366185751514703,,0.007386035029759798,0.0008254330403516522,0.0011586895309428635,-0.003080956744186047
Full Breakthrough,1981,,,127093023255.81395,472.61663151162804,0.5484063953488373,0.0010968127906976534,0.011343723448929591,1.1560184140266286e+17,0.15251162790697678,156.44695725607892,0.002541860465116235,0.003103908075286991,1.9525118851394136,0.4814418154261002,0.057986923370902374,0.008723705870822968,,,,,,,,0.0014746120271000613,0.024379892216714247,,0.007279473658726291,0.0008135241777316104,0.001141972639603742,-0.0030365065116279076
Full Breakthrough,1982,,,128488372093.02325,477.80546918604665,0.5544273255813954,0.0011088546511627694,0.011468265700884902,1.1687102904843776e+17,0.1541860465116279,158.1645816724311,0.0025697674418604204,0.0031379857485746795,1.973948429166562,0.48672754441522476,0.05862355930910075,0.00895569346218058,,,,,,,,0.0015138260603812677,0.02502822132783548,,0.007359394687001422,0.0008224558246966416,0.0011545103081080832,-0.0030698441860465115
Full Breakthrough,1983,,,130232558139.53488,484.2915162790699,0.5619534883720931,0.0011239069767441645,0.011623943515829042,1.1845751360565638e+17,0.15627906976744188,160.31161219287134,0.002604651162790652,0.0031805828401842906,2.000744109200497,0.4933347056516305,0.05941935423184873,0.00921965471693784,,,,,,,,0.001558444763340445,0.025765906324975756,,0.007459295972345331,0.0008336203834029309,0.0011701823937385095,-0.0031115162790697677
Full Breakthrough,1984,,,138953488372.09305,516.7217517441862,0.5995843023255816,0.00119916860465114,0.012402332590549738,1.2638993639174947e+17,0.16674418604651167,171.0467647950726,0.0027790697674418127,0.0033935682982323464,2.1347225093701736,0.5263705118336595,0.06339832884558862,0.009993810497759574,,,,,,,,0.0016893042217120137,0.027929417426204535,,0.007958802399064886,0.0008894431769343775,0.001248542821890642,-0.0033198767441860472
Full Breakthrough,1985,,,143488372093.02325,533.5854741860467,0.6191523255813954,0.001238304651162767,0.012807094909404498,1.3051479624051782e+17,0.17218604651162792,176.62904414821716,0.002869767441860415,0.0035043207364173342,2.204391277458405,0.5435491310483144,0.06546739564473333,0.010487096111282313,,,,,,,,0.001772686778307476,0.029307988674229155,,0.008218545740959054,0.0009184710295707292,0.0012892902445297506,-0.0034282241860465116
Full Breakthrough,1986,,,151046511627.90698,561.6916782558142,0.6517656976744187,0.0013035313953488122,0.013481698774162432,1.3738956265513182e+17,0.1812558139534884,185.9328430701249,0.0030209302325580867,0.0036889081333923157,2.320505890938791,0.5721801630727393,0.06891584030997455,0.011221219002880999,,,,,,,,0.001896779275389656,0.03135962100067646,,0.008651451310782666,0.0009668507839646494,0.001357202615594932,-0.003608803255813954
Full Breakthrough,1987,,,157674418604.65115,586.3386572093025,0.6803651162790698,0.0013607302325581133,0.014073274470950161,1.4341820397256253e+17,0.18920930232558142,194.0915590477978,0.0031534883720929683,0.003850777081508837,2.4223294750677447,0.5972873757710813,0.07193986101641685,0.011909652035506813,,,,,,,,0.002013148585038014,0.03328356518017683,,0.009031076195089525,0.0010092761070485486,0.0014167565409905526,-0.003767157209302326
Full Breakthrough,1988,,,164418604651.1628,611.4180393023258,0.7094662790697677,0.0014189325581395078,0.014675228688734167,1.495526109271412e+17,0.19730232558139538,202.39341039350012,0.003288372093023199,0.004015485835732667,2.525939437865628,0.6228350658851837,0.07501693471770902,0.012630453925737277,,,,,,,,0.0021349893660351418,0.03529796968367998,,0.009417361165085982,0.0010524457340462005,0.0014773552720948686,-0.003928289302325582
Full Breakthrough,1989,,,170348837209.30234,633.4705994186048,0.7350552325581398,0.001470110465116251,0.015204533259544238,1.5494665842168445e+17,0.20441860465116282,209.6933141629969,0.0034069767441859875,0.004160315947205345,2.6170447499810074,0.6452994140889633,0.07772263745505215,0.013312609359744371,,,,,,,,0.0022502975415093834,0.037204370037199695,,0.009757025535255277,0.0010904052336475837,0.0015306403632383185,-0.0040699744186046515
Full Breakthrough,1990,,,173929000000.0,646.7840326430002,0.7505036350000001,0.0015010072699999713,0.015524081693906976,1.5820311893008624e+17,0.20871480000000003,214.10036626339976,0.0034785799999999395,0.004247751873365675,2.6720462773701303,0.6588614494337759,0.07935610733468257,0.012060272305023037,,,,,,,,0.002038608689292162,0.033704499355495555,,0.009962085577586464,0.0011133219045696787,0.0015628093041256152,-0.0041555116680000006
Full Breakthrough,1991,,,168203000000.0,625.4909454010002,0.7257959450000001,0.0014515918899999723,0.015013005957374762,1.5299483820062954e+17,0.2018436,207.05186545430968,0.0033640599999999413,0.004107909597339872,2.5840785607488574,0.6371707557630378,0.07674358687749376,0.011968798525797688,,,,,,,,0.0020231464147717495,0.03344886019122383,,0.00963411898192237,0.0010766697003624101,0.0015113593097289173,-0.004018706076
Full Breakthrough,1992,,,168593000000.0,626.9412255310002,0.7274787950000001,0.001454957589999972,0.015047815516796272,1.533495761476236e+17,0.20231160000000004,207.53194147868012,0.0033718599999999414,0.004117434307023781,2.5900700748044456,0.6386481170154982,0.07692152662222021,0.013167188954548145,,,,,,,,0.002225716396562105,0.03679796777452684,,0.00965645690932527,0.0010791660956891366,0.0015148635880758807,-0.004028023956000001
Full Breakthrough,1993,,,169513000000.0,630.3623991710002,0.7314485950000001,0.0014628971899999718,0.015129930374918808,1.5418639386873786e+17,0.20341560000000003,208.66442851052832,0.003390259999999941,0.004139902852944797,2.604203902833012,0.6421331743289944,0.07734128191747233,0.01436557938329861,,,,,,,,0.0024282863783524618,0.04014707535782987,,0.009709151507301337,0.0010850550282547474,0.0015231300908430765,-0.0040500045960000005
Full Breakthrough,1994,,,177599000000.0,660.4315405330002,0.7663396850000002,0.0015326793699999704,0.015851648573591438,1.615412939697485e+17,0.21311880000000002,218.61800474914207,0.003551979999999938,0.004337381833724511,2.728427960918868,0.6727637976300052,0.081030565958134,0.015314724743884586,,,,,,,,0.0025887252084679326,0.04279962485132826,,0.010172291202121432,0.0011368136246955388,0.0015957854619034501,-0.0042431953080000005
Full Breakthrough,1995,,,181923000000.0,676.5110566410001,0.7849977450000002,0.0015699954899999699,0.016237588406767353,1.6547433725898547e+17,0.21830760000000002,223.94069379882868,0.0036384599999999367,0.0044429839995532875,2.79485695265313,0.6891435670034372,0.08300341584581901,0.016339398913005256,,,,,,,,0.0027619310542424604,0.045663252553858356,,0.010419955812608952,0.0011644916077539092,0.0016346380249092696,-0.004346504316000001
Full Breakthrough,1996,,,190157000000.0,707.1305607190002,0.8205274550000002,0.0016410549099999685,0.01697251638696404,1.7296385586295795e+17,0.2281884,234.07645273387018,0.0038031399999999336,0.004644077485546382,2.921354713508799,0.7203348299592278,0.08676022573832559,0.017288544273591232,,,,,,,,0.0029223698843579313,0.04831580204735676,,0.010891572464494763,0.0012171975542161248,0.00170862322467567,-0.004543231044000001
Full Breakthrough,1997,,,195947000000.0,728.6616426490002,0.8455113050000002,0.0016910226099999676,0.017489304461452606,1.7823034999910083e+17,0.23513640000000002,241.20373524952362,0.003918939999999932,0.004785482790853647,3.0103056529494507,0.7422679623996004,0.08940194656387976,0.018152090317837884,,,,,,,,0.0030683394300598053,0.05072912957061922,,0.011223204771322407,0.0012542594232975229,0.001760648280134434,-0.004681565724
Full Breakthrough,1998,,,199811000000.0,743.0305719370002,0.8621844650000001,0.001724368929999967,0.017834186865567255,1.8174498442778067e+17,0.23977320000000005,245.9601807832861,0.00399621999999993,0.004879850683721914,3.0696677306694293,0.7569052031162843,0.09116491880393872,0.018830171176682686,,,,,,,,0.0031829588595322198,0.052624142825037176,,0.011444522082821894,0.0012789929400730878,0.0017953675917566556,-0.004773884412000001
Full Breakthrough,1999,,,206256000000.0,766.9973807520003,0.8899946400000002,0.001779989279999966,0.01840943714882784,1.8760725639797773e+17,0.2475072,253.89374482704883,0.004125119999999928,0.005037252616831642,3.1686813411521575,0.7813195448396352,0.09410548714948218,0.019924499691452015,,,,,,,,0.0033679387308589875,0.055682431542563186,,0.011813670652339021,0.001320247473100654,0.0018532780377724988,-0.004927868352
Full Breakthrough,2000,,,216938000000.0,806.7201816460002,0.9360874700000003,0.001872174939999964,0.019362862055854926,1.973234378076977e+17,0.26032560000000005,267.04290403813866,0.004338759999999924,0.005298131972840658,3.3327873748490555,0.821784090733946,0.09897921113196399,0.021803955192291044,,,,,,,,0.0036856325787460375,0.060934892276001865,,0.012425500756230716,0.0013886231009983209,0.0019492593231629153,-0.005183082696000001
Full Breakthrough,2001,,,208673000000.0,775.9853988910002,0.9004239950000001,0.0018008479899999654,0.018625167161960627,1.8980572208486157e+17,0.2504076,256.8689852139805,0.0041734599999999275,0.005096281394539355,3.20581336544025,0.7904753964991137,0.09520825731103044,0.021951279213861318,,,,,,,,0.0037105355015755277,0.06134661452111206,,0.011952108525500061,0.0013357187231126985,0.0018749955781945764,-0.004985615316
Full Breakthrough,2002,,,209095000000.0,777.5546763650002,0.9022449250000002,0.0018044898499999654,0.018662832890360314,1.9018956673519875e+17,0.250914,257.38845209163264,0.004181899999999928,0.005106587618863995,3.212296490905527,0.7920739771363912,0.09540079723993958,0.021405313722161895,,,,,,,,0.0036182481993254326,0.05982082031865098,,0.011976279308484737,0.0013384199508764897,0.0018787873870725728,-0.004995697740000001
Full Breakthrough,2003,,,208964000000.0,777.0675309880003,0.9016796600000002,0.0018033593199999654,0.01865114044860591,1.900704111683879e+17,0.2507568,257.2271957860108,0.004179279999999928,0.0051033882933035025,3.210283956697112,0.7915777352797956,0.09534102773594172,0.022289257851579328,,,,,,,,0.003767665736301662,0.06229115378930034,,0.011968776055946841,0.001337581418087256,0.0018776103089611568,-0.004992567888
Full Breakthrough,2004,,,222109000000.0,825.9494087030002,0.9584003350000002,0.0019168006699999632,0.019824401111671913,2.020268991510474e+17,0.26653080000000007,273.40821973562464,0.004442179999999922,0.005424419854316282,3.41222870608353,0.8413723856992598,0.1013385096447344,0.02527906887754963,,,,,,,,0.004273048581956483,0.07064669346943671,,0.012721678762898378,0.001421722742625248,0.0019957224599120114,-0.005306628228000001
Full Breakthrough,2005,,,233025000000.0,866.5423776750002,1.0055028750000001,0.0020110057499999616,0.02079871175435191,2.119559233289638e+17,0.27963000000000005,286.84542456133664,0.004660499999999919,0.005691014036135643,3.579929648213781,0.8827233483450467,0.10631899747405207,0.026734976855412797,,,,,,,,0.004519148054623072,0.07471547800932743,,0.013346911623231813,0.0014915962077189503,0.0020938063123106063,-0.0055674333000000015
Full Breakthrough,2006,,,235742000000.0,876.6459959140003,1.0172267300000002,0.002034453459999961,0.02104121835165509,2.1442726435968925e+17,0.28289040000000004,290.18995419778406,0.004714839999999918,0.00575736951360021,3.6216705294677096,0.8930156317371871,0.107558644362313,0.02784424007664279,,,,,,,,0.004706652414750151,0.07781550432543718,,0.013502532517472004,0.001508987761828477,0.0021182194514611182,-0.005632347864
Full Breakthrough,2007,,,242588000000.0,902.1039901960003,1.0467672200000002,0.00209353443999996,0.021652260002423433,2.206542797061546e+17,0.2911056,298.61713487173284,0.004851759999999916,0.005924564802051598,3.7268446454281072,0.9189490038765291,0.1106821712658957,0.02931748029233795,,,,,,,,0.004955681643043772,0.08193272677651789,,0.013894649058498269,0.0015528091013330108,0.002179733014443967,-0.005795912496000001
Full Breakthrough,2008,,,241466000000.0,897.9316458220002,1.0419257900000003,0.0020838515799999602,0.02155211557762617,2.19633725920187e+17,0.28975920000000005,297.235993078544,0.004829319999999916,0.005897162944960967,3.709607520375877,0.9146987491963741,0.11017025230799038,0.03001750864976402,,,,,,,,0.005074010968958356,0.0838890760798308,,0.013830384559662238,0.001545627164008429,0.0021696514751996265,-0.005769105672000001
Full Breakthrough,2009,,,228984000000.0,851.5152443280002,0.9880659600000001,0.001976131919999962,0.020438031165576732,2.0828029244741744e+17,0.2747808,281.8710983703599,0.00457967999999992,0.005592323390410832,3.517848344883958,0.8674156129060925,0.10447526796523265,0.0292611695050098,,,,,,,,0.0049461631464920615,0.08177535662373796,,0.013115456329295625,0.0014657297115258715,0.0020574965974386097,-0.005470885728
Full Breakthrough,2010,,,240546000000.0,894.5104721820002,1.0379559900000002,0.0020759119799999603,0.021470000719503633,2.1879690819907274e+17,0.28865520000000006,296.1035060466958,0.0048109199999999165,0.005874694399039951,3.695473692347311,0.9112136918828778,0.10975049701273824,0.032197310772398624,,,,,,,,0.005442473922012044,0.08998090695887706,,0.01377768996168617,0.0015397382314428184,0.002161384972432431,-0.005747125032000001
Full Breakthrough,2011,,,247680000000.0,921.0394425600003,1.0687392,0.002137478399999959,0.022106747891075553,2.2528588387562605e+17,0.29721600000000004,304.8852044001797,0.004953599999999914,0.006048923319257917,3.805072310994911,0.9382380384855753,0.1130054255739651,0.03393808616829679,,,,,,,,0.0057367259719185775,0.0948458023547029,,0.014186302202948418,0.0015854030628809344,0.002225486310194576,-0.005917570560000001
Full Breakthrough,2012,,,250361000000.0,931.0091887870002,1.080307715,0.0021606154299999587,0.022346041298278288,2.2772447986509046e+17,0.30043320000000007,308.1854193266852,0.005007219999999913,0.0061143995927516615,3.84626012941294,0.9483939500697962,0.11422864725502051,0.034788197033069394,,,,,,,,0.0058804245014339755,0.0972215829647223,,0.014339861134659113,0.001602564180498763,0.0022495759774976754,-0.005981625012000001
Full Breakthrough,2013,,,257476999999.99997,957.4712231590001,1.111013255,0.0022220265099999574,0.022981181874799982,2.3419708302101322e+17,0.30897240000000004,316.944960325198,0.00514953999999991,0.006288188910984216,3.95558221664259,0.9753501107685337,0.1174753632126446,0.03586764826290919,,,,,,,,0.006062889590211614,0.10023829455798137,,0.01474744239465661,0.0016481137936910294,0.0023135155793361146,-0.0061516404840000006
Full Breakthrough,2014,,,265577000000.0,987.5924258590003,1.145964755,0.002291929509999956,0.023704149647400564,2.4156471730473648e+17,0.31869240000000004,326.9157700621226,0.005311539999999907,0.006486009804419251,4.080021354720186,1.0060337675504023,0.1211710348338862,0.037311569485391494,,,,,,,,0.006306962881125601,0.1042735800541697,,0.015211383963793736,0.0016999620043230375,0.0023862967450038147,-0.0063451656840000014
Full Breakthrough,2015,,,280081000000.0,1041.5279720270003,1.2085495150000003,0.0024170990299999537,0.024998708236758448,2.5475733059499846e+17,0.33609720000000004,344.76967431204264,0.005601619999999903,0.0068402313153305755,4.302844226161845,1.0609764537188244,0.12778856831468718,0.03919428156805476,,,,,,,,0.0066252072054725835,0.10953514186403684,,0.016042125756233837,0.0017928023064226217,0.002516619958194473,-0.006691695252000001
Full Breakthrough,2016,,,293627000000.0,1091.9010352090004,1.2670005050000002,0.0025340010099999515,0.02620776026733221,2.670785619539262e+17,0.3523524,361.44431489184257,0.0058725399999998975,0.007171056231685015,4.510949481025931,1.11229013455428,0.1339690087815191,0.04129205689307296,,,,,,,,0.006979804754980952,0.11539773478912385,,0.016817996434694504,0.0018795104374375812,0.002638335226112333,-0.007015336284
Full Breakthrough,2017,,,310950993000.0,1156.3231962863313,1.3417535347950003,0.0026835070695899487,0.027754018123104806,2.8283619710920787e+17,0.37314119160000003,382.7695294704613,0.006219019859999892,0.007594148549354431,4.777095500406462,1.1779152524929823,0.14187318029962873,0.04329342095498367,,,,,,,,0.007318105422151535,0.1209908899044264,,0.017810258224341485,0.0019904015532463985,0.002793997004452961,-0.007429241124756
Full Breakthrough,2018,,,327120444636.0,1216.4520024932203,1.4115247186043403,0.002823049437208626,0.02919722706550626,2.9754367935888666e+17,0.39254453356320007,402.67354500292527,0.006542408892719886,0.007989044273920862,5.025504466427598,1.2391668456226175,0.1492505856752094,0.04415128815883689,,,,,,,,0.0074631150448037165,0.1233883469342589,,0.018736391652007238,0.0020939024340152113,0.0029392848486845154,-0.007815561663243313
Full Breakthrough,2019,,,292505677500.0,1087.7312102318929,1.2621619984125003,0.0025243239968249518,0.026107676312987528,2.6605862441144346e+17,0.35100681300000003,360.06400707687555,0.005850113549999898,0.007143670920724669,4.493722764309017,1.1080424463157876,0.13345739893688827,0.043868355487864705,,,,,,,,0.007415289507623408,0.12259764306080996,,0.01675377074084775,0.0018723328367997527,0.0026282597744284545,-0.006988545646830001
Full Breakthrough,2020,,,158440575300.0,589.1877388291254,0.6836710824195,0.0013673421648389738,0.014141658001752553,1.4411508821149541e+17,0.19012869036000005,195.03467048458722,0.0031688115059999447,0.00386948841508725,2.4340998304753483,0.6001896583737003,0.07228942441844463,0.024835219303106865,,,,,,,,0.004198022448523261,0.06940627971115759,,0.009074959150576569,0.0010141802865198536,0.0014236407110364295,-0.0037854622250676007
Full Breakthrough,2021,,,188909916700.0,702.4930732050391,0.8151462905605001,0.0016302925811209686,0.016861207617130905,1.7182952824866922e+17,0.22669190004000003,232.54133788073486,0.003778198333999934,0.004613620802510096,2.9021959516615197,0.7156107465079192,0.08619123680485222,0.03016219387826602,,,,,,,,0.005098467843278976,0.08429342376514502,,0.01082014360239023,0.0012092149569798212,0.0016974177708165682,-0.004513435729796401
Full Breakthrough,2022,,,231566994700.0,861.1205414800652,0.9992115821305001,0.0019984231642609616,0.020668577082230816,2.1062974433709587e+17,0.27788039364000006,285.0506722845802,0.004631339893999919,0.005655406145878975,3.5575305219366737,0.8772002700473499,0.1056537741640731,0.036973011856443215,,,,,,,,0.006249734776589963,0.10332742269568844,,0.013263401837220424,0.001482263495879817,0.002080705654868176,-0.005532598637372401
Full Breakthrough,2023,1076937632512.1694,11615863382044.725,269197297382.2647,1001.0551062646144,1.1615863382044724,0.0023231726764089,0.0240272803059941,2.448576836147176e+17,0.3230367568587177,331.37222640652345,0.0053839459476452,0.0065744259109205,4.135639464082358,1.019747836973329,0.1228228163519221,0.0409175141854956,31609.255041993387,1033.2844808044356,1.0,1.0,1.0,1.0,0.0,0.0069164939110077,0.1143510109567864,10.786013072036893,0.01541874278456792,0.001723135577313922,0.0024188263084044264,-0.0064316618290570695
Full Breakthrough,2024,1198347322705.4666,12554695373775.648,290954701593.87366,1079.212602199146,1.2527577231768294,0.0025034062575308,0.0258831686381518,2.638203205374563e+17,0.3478010332180216,357.84894263335514,0.0058141262657643,0.0070997340578197,4.492414159241649,1.1016089191714291,0.1327204318661201,0.0452139231806048,32587.616609305576,1113.9710421778616,0.99500999,1.0,0.9746971613205142,1.0,1.0,0.0076427376050688,0.1263580627499945,10.476674947152512,0.016748891919781364,0.0018608145016934465,0.002605658586802742,-0.00692471857137081
Full Breakthrough,2025,1292041079394.611,13362679586764.836,309679712323.6347,1128.805613729875,1.3132285212957404,0.0026262163647732,0.0270694772783287,2.7637186730320288e+17,0.3628115854381908,380.878457890815,0.0061883067691699,0.0075566957744168,4.809709992022903,1.1739971247654524,0.1414400286767429,0.0481960843213446,33594.36523400953,1165.2423865767023,0.99401498,1.0,0.9621425078045334,1.0,1.0,0.0081468273520184,0.1346922235138593,10.34230242356222,0.01793185355721582,0.001980567981032238,0.00272508427760935,-0.007223578666074379
Full Breakthrough,2026,1332492788861.6396,13552921769402.73,314088569395.19653,1133.2127393962746,1.3202410080779807,0.0026401158596952,0.0271682415051814,2.777442562874431e+17,0.3636730488321875,386.301267215864,0.0062764086336915,0.0076642576154823,4.908079639022036,1.191064939768262,0.143504863863952,0.0489162596967415,34656.9298659465,1169.8440464456924,0.993020965,0.994,0.9526455945269,1.0,1.0,0.0082685622300515,0.1367048771142095,10.171103275524,0.018298601262875636,0.002008766589522493,0.0027350268723266113,-0.007240730402248853
Full Breakthrough,2027,1374253470767.4404,13762998400551.893,318957089236.4286,1139.7445479677178,1.3288405355404191,0.0026571852950045,0.0268533614630218,2.7488117465241786e+17,0.3571039481268669,392.2893721524428,0.0063736959053158,0.0077830393900153,5.0148208522503035,1.209789655963601,0.1457731118204678,0.0490800772101843,35756.4839623636,1176.6144221199534,0.992027944,0.988036,0.9444488420174912,1.0,1.0,0.0082962531310458,0.1371626932510767,10.014890770380273,0.0186965603513245,0.0020399047351927027,0.0027033278984824045,-0.00710993960720592
Full Breakthrough,2028,1417351105513.7383,13982620359690.908,324046821777.3096,1146.6440108934014,1.3379912451999094,0.00267535288117,0.0265632555006376,2.722523610295412e+17,0.350448381083148,398.5494556305272,0.0064754036539431,0.0079072256525891,5.126228975047447,1.2293567678469668,0.1481474378398244,0.0492602810266615,36893.56208215008,1183.7677440993984,0.991035916,0.982107784,0.9367295997053176,1.0,1.0,0.0083267138915347,0.1376663037221091,9.865318695767142,0.019111918896100807,0.0020724571692787414,0.0026741229312491873,-0.006977427267365477
Full Breakthrough,2029,1461819541713.034,14207476279497.51,329257851205.0408,1154.9576300021563,1.3472596142722946,0.0026937515476978,0.0256315754711914,2.6302416542525126e+17,0.3309432872328232,404.95865376204347,0.0065795352692821,0.0080343766370315,5.240775134254011,1.2493945937927018,0.1505819531880648,0.0486139662169416,38068.98574874272,1192.338485682884,0.99004488,0.976215137,0.9291764451306388,1.0,1.0,0.0082174640376517,0.1358600661400125,9.719035677172895,0.019538976859229628,0.0021057849995626257,0.0025803307026848383,-0.006589080848805509
Full Breakthrough,2030,1507689497079.8853,14405730899282.297,333852396275.3719,1160.717815339064,1.353640692508998,0.0027063732595548,0.0247138146193211,2.5392218722413757e+17,0.3101954370018868,410.6097380983163,0.0066713477233387,0.0081464768963522,5.346398300548078,1.2673949078565794,0.1527638956977164,0.0476998433195494,39283.37057605364,1198.275682075167,0.989054835,0.970357846,0.9217751949171974,1.0000060142889846,0.9976628075588144,0.008062945231229,0.1333053929264429,9.554839326786798,0.019932767577043375,0.002135170638111245,0.002487939717727055,-0.006175991150707566
Full Breakthrough,2031,1554518638105.663,14624964966481.66,338932634760.95337,1141.9775084755531,1.3346715125748494,0.002718911546986,0.0234620749308045,2.4193202993669488e+17,0.2805188519178038,416.8579988102902,0.0067728657529617,0.0082704416986547,5.461443803772541,1.2865264357393988,0.1551029417462736,0.0464037873339409,40537.803932107316,1179.0228364699162,0.98806578,0.964535699,0.9144867925075324,1.0000127403600962,0.9971953906417652,0.0078438663474985,0.1296833421943516,9.408034492467484,0.02036168722493458,0.0021676615938135088,0.002361927083284089,-0.005585130341683474
Full Breakthrough,2032,1602729721614.6782,14846745013173.977,344071327876.36145,1122.521223953012,1.3147395441810108,0.0027310551107638,0.0220718089897256,2.2842692050259213e+17,0.2424592102057845,423.17819220650654,0.0068755518771258,0.0083958301826907,5.57870458099138,1.305766510974986,0.1574592028272495,0.0446475582622509,41829.326271064434,1159.0277175999738,0.987077715,0.958748485,0.9072813057449542,1.000027676932134,0.996727904499051,0.0075470020847866,0.1247752588511403,9.263411549026836,0.02079886599217438,0.0022005265994738342,0.002221969010995676,-0.00482736287519717
Full Breakthrough,2033,1652371123538.65,15071400578860.47,349276073508.3123,1101.5160598992147,1.293852460541464,0.0027428487959869,0.0208959691699044,2.170547449665074e+17,0.2031851496423225,429.5796598832534,0.0069795579238389,0.0085228279682651,5.698323698881193,1.3251592048128449,0.1598374596887199,0.0426880693325794,43159.46345668266,1137.4576445472471,0.986090637,0.952995994,0.9001548904363333,1.0000613428546037,0.9962603178712052,0.0072157797825392,0.1192991309746819,9.121074778034234,0.021244837268654882,0.0022338142313929176,0.002103597216334276,-0.004045416329378641
Full Breakthrough,2034,1703496025257.9143,15299922953438.338,354569808301.3243,1079.8153884902124,1.272069416877245,0.0027544540374435,0.0196525710949829,2.0489803991687264e+17,0.1503407047530426,436.0906088577424,0.0070853422343705,0.0086519949581052,5.820702134594255,1.3447880449078469,0.1622487006334844,0.0398728136009228,44529.94410878704,1115.1676425814958,0.985104546,0.947278018,0.8931299580402503,1.0001381446545317,0.9957926007246812,0.006739902899167,0.1114314160016415,8.981484386570191,0.021701096001802495,0.0022676711660602603,0.0019784243321319286,-0.002993283431633078
Full Breakthrough,2035,1756154570764.5403,15516562631017.371,359580693070.03406,1055.1974902366346,1.248109072045206,0.0027631245253959,0.0186926096973777,1.9557084075965e+17,0.0955853590542532,442.283045897812,0.0071853980203531,0.0087741615606917,5.924349627887384,1.363168483025177,0.1645136751735457,0.0364162578526598,45942.320318273145,1089.9003899916977,0.984119442,0.94159435,0.8852845199326304,1.000311102361911,0.99532472240849,0.0061556238376986,0.1017714781459231,8.83553355116244,0.02208752089527579,0.002299871838668622,0.001881785018235013,-0.001903104498770181
Full Breakthrough,2036,1810409891015.8352,15711101079565.191,364071883748.91895,1025.6009139288738,1.221266603062764,0.0027671006251265,0.0182232210158451,1.9125836282477677e+17,0.0614251553096932,447.86560311899206,0.0072749926803361,0.0088835472987713,5.96806313753971,1.3795835092783233,0.1665418267408184,0.0322912108825992,47398.81495022448,1059.5747840028405,0.983135322,0.935944784,0.876573413159196,1.000673653182237,0.9941443283520852,0.0054583463315016,0.0902433269211875,8.678201084479033,0.022250496262783918,0.0023289011362187585,0.0018345316596651265,-0.0012229748422159915
Full Breakthrough,2037,1866372793358.8784,15879807443584.855,367956854035.87823,992.7546641281416,1.1914345288367554,0.0027658327296094,0.0177227425937447,1.8644945512923984e+17,0.0260450693313127,452.7317730071037,0.0073523972591374,0.0089780445425837,5.973133106413381,1.39338747558925,0.1682599184786382,0.0272052764423064,48904.22666878996,1025.9167556476846,0.982152187,0.930329115,0.8662516831230944,1.0013269022972282,0.9929660650833524,0.0045986451671396,0.0760298108637144,8.508379194172804,0.02226939842934554,0.002354205219636939,0.0017841484969122788,-0.0005185573303864358
Full Breakthrough,2038,1924129387324.843,16010662073583.918,370956948692.1997,955.8923855901318,1.157946271841078,0.0027573731242957,0.0171570548152249,1.807399166385431e+17,0.0,456.53881742864183,0.0074120433672512,0.0090508559263648,5.926659381778579,1.4033966945469845,0.1695263794764257,0.0220479852432821,50461.98611681887,988.1412870471418,0.981170035,0.924747141,0.8538156144357067,1.0022745452984612,0.9917898747907822,0.0037268822097508,0.0616168761059129,8.32099035493859,0.02209613226032666,0.0023740018506289372,0.0017272007082486907,-0.0
Full Breakthrough,2039,1983781190423.6072,16103186523093.49,373060957978.0337,915.4449678396549,1.121068727680936,0.0027418327900263,0.016463682852646,1.734755664757651e+17,0.0,459.2729525334176,0.0074537070436429,0.0091017066115029,5.8312481116505905,1.409660374845254,0.1703448174433943,0.0176535375430065,52076.35142175095,946.6865575842534,0.980188865,0.919198658,0.8394569658828285,1.0033657365107664,0.9906157353057958,0.0029840665386079,0.0493358383369722,8.117420711935923,0.021740414155392962,0.0023882193531737715,0.0016573989527758728,-0.0
Full Breakthrough,2040,2045442855941.867,16184531574871.775,374897972777.1553,874.0910229564787,1.0829226039347235,0.0027239756403632,0.0156883175006607,1.6529495276076925e+17,0.0,461.70777559171177,0.0074899597151047,0.009145947470927,5.718969068547594,1.4148590933524905,0.1710376691449145,0.0142741497660541,53752.3043681089,904.2901631333224,0.979208676,0.913683466,0.8247079898479142,1.0044167702752054,0.9894436559750868,0.0024128315687545,0.0398915596117877,7.912482877659894,0.021321808592519833,0.002400880433076901,0.0015793429227915128,-0.0
Full Breakthrough,2041,2109211110739.019,16248848611359.15,376332355105.0215,835.0472204076525,1.038699299122899,0.0028256279827957,0.0148562485247712,1.5645256663314262e+17,0.0,463.6760931185399,0.0075180919422771,0.0091802689274939,5.589916376094059,1.4186964063468988,0.1715668778525567,0.0117066074561544,55493.84571744231,864.0712377830986,0.978229467,0.908201365,0.8095280392398113,1.005349449175622,0.9879718485672814,0.0019788269351355,0.0327161222799806,7.703756408558804,0.020840666489133283,0.002411115684216407,0.0014955785389887165,-0.0
Full Breakthrough,2042,2175473368491.968,16307177133228.998,377619726840.8217,795.3632118600206,0.9936955256387424,0.0029267307341891,0.0140022862588242,1.473542227212858e+17,0.0,465.49195683110435,0.0075432121440657,0.009210923538005,5.454597176241923,1.42208882313462,0.1720526945174884,0.0096638232563856,57321.24818023088,823.190727647828,0.977251238,0.902752157,0.7941212942863948,1.0061901278906942,0.9865007660386104,0.0016335248130381,0.0270072114856656,7.495921287481947,0.02033616121142369,0.0024205581755217427,0.0014096101576758324,-0.0
Full Breakthrough,2043,2244359634284.678,16354031815587.207,378633324663.8155,754.8331984070928,0.9476419014377924,0.0030261304437994,0.0131106430405729,1.3781783122987424e+17,0.0,466.99915807006823,0.0075627880063113,0.0092348189493499,5.308905123845657,1.4246675421530044,0.1724473252182165,0.0080508001285549,59240.6659611083,781.435191737358,0.976273987,0.897335644,0.778197663719137,1.0069609340943342,0.98503044940858,0.0013608673736986,0.0224993417131292,7.286725160158906,0.019792983233468047,0.002428395621964355,0.0013198484348944737,-0.0
Full Breakthrough,2044,2316009124856.39,16394839580833.12,379499207237.87946,713.7839999103996,0.9009341916709585,0.0031246318705665,0.0122036961106062,1.2808199848495896e+17,0.0,468.3524715031342,0.0075793393768686,0.0092550286452882,5.1579462872291035,1.4267307592158864,0.1727862184015005,0.0068976826996972,61258.862568606266,739.1424344245144,0.975297713,0.8919516299999999,0.7621397123840228,1.007637256713134,0.983560935798706,0.0011659501155481,0.0192767572925804,7.0789183880481135,0.01923016930999546,0.002435432851816298,0.001228546087454726,-0.0
Full Breakthrough,2045,2390567139713.3545,16431666817830.26,380225164529.6651,672.2788028049808,0.8536940207651106,0.0032222994724767,0.0112929862655331,1.182743435026534e+17,0.0,469.7340127828711,0.0075925720794064,0.009271191787081,5.004739464013395,1.428148830422172,0.1730529895911218,0.0061878347686088,63383.04027321855,696.3789679257779,0.974322415,0.88659992,0.7461077079817934,1.008170797167408,0.9820922683490876,0.0010459609375433,0.0172929655065605,6.873543329889714,0.018658974306049937,0.0024426168664709296,0.0011368649273512173,-0.0
Full Breakthrough,2046,2468187210874.351,16451800940870.61,380518467680.54407,629.8852193951205,0.8052915323992096,0.0033162397681528,0.0103707714340025,1.0829527961307453e+17,0.0,470.7756738723306,0.0075966576623131,0.0092761893682917,4.844710717455118,1.4282252598038152,0.1731560709173783,0.0058249537172362,65620.99038137338,652.6944825330847,0.9733480920000002,0.881280321,0.7300564362433555,1.0085493150915,0.9798121720068518,0.0009846213221683,0.0162788321725216,6.665540145572097,0.018062345392251145,0.0024480335041361188,0.0010440255602610319,-0.0
Full Breakthrough,2047,2548785168785.63,16469574967276.557,380674231728.8956,587.1505018645468,0.7564375556530372,0.003408554414653,0.0094561582968394,9.837616307130306e+16,0.0,471.9998142639218,0.0075970776610833,0.0092767173996558,4.685350463737322,1.4276616713205066,0.1731850125797579,0.0056932144506674,67966.54714461902,608.6561387335097,0.972374744,0.8759926389999999,0.7141515739141576,1.0087920630425813,0.9775404503950322,0.0009623527691244,0.015910664198129,6.461735249002369,0.0174682087941511,0.0024543990341723936,0.0009519514557428223,-0.0
Full Breakthrough,2048,2632515670175.639,16489848067636.955,380808829528.11206,544.254462111245,0.7072904640235974,0.0034998015462953,0.0085622291434285,8.865706606184046e+16,0.0,473.5334627826024,0.0075961995070301,0.0092756673203337,4.52986120976182,1.4269215127988488,0.1731955954693296,0.0057022911128821,70427.44361651734,564.4482085548254,0.9714023699999998,0.870736683,0.6985686140089935,1.008933159108488,0.9752772228002152,0.0009638870431435,0.0159360304873828,6.26391259678115,0.01688850429291635,0.002462374006469532,0.0008619596078689469,-0.0
Full Breakthrough,2049,2719539049182.9565,16518510839597.168,381062591284.95544,501.3582135397819,0.657996884080258,0.0035909036263651,0.0077035668968774,7.931983427869005e+16,0.0,475.53292539440247,0.007596869892966,0.0092765149327317,4.38261209245779,1.4265412808853335,0.173252140490139,0.0057939511297617,73011.84775056623,520.2360454767626,0.970430967,0.865512263,0.6835175223444941,1.0090071692619615,0.97302262037726,0.0009793807983545,0.0161921901247198,6.074011272079325,0.016339521170793715,0.002472771212050893,0.0007755180795086478,-0.0
Full Breakthrough,2050,2810020886225.781,16561200044550.506,381570000653.0836,458.5547793294277,0.6086286732745391,0.0036828881681568,0.0068903516967468,7.049706057883713e+16,0.0,478.1472753502527,0.007601818848073,0.009282592016707,4.247081171502565,1.4270171787860348,0.173414294385831,0.0059343056799934,75728.33544841001,476.11490771240193,0.969460536,0.860319189,0.6691892009320837,1.0090402322521133,0.9707767827630656,0.0010031056362725,0.0165844349868739,5.893621690048833,0.01583422654158021,0.0024863658318213136,0.0006936517053115005,-0.0
Full Breakthrough_lower,1940,,,8953488372.093023,33.29504174418605,0.038634302325581404,7.72686046511613e-05,0.0007991461167132466,8143954060388877.0,0.010744186046511629,11.021423338259904,0.00017906976744185734,0.00021866507026266997,0.1375511575075342,0.0339167610135496,0.004085080603439601,6.398432532486963e-05,,,,,,,,6.398432532486963e-05,0.0010578585596153222,,1.7163992262896657e-05,2.31449890103458e-05,6.353211627870311e-06,-0.0005348455813953489
Full Breakthrough_lower,1941,,,9651162790.697676,35.88946058139537,0.04164476744186048,8.328953488371934e-05,0.0008614172426909024,8778547883276322.0,0.011581395348837212,11.880235546436003,0.00019302325581395014,0.0002357039069065144,0.1482694295211083,0.03655962550811191,0.004403398572538791,6.962232294921616e-05,,,,,,,,6.962232294921616e-05,0.0011510720773905522,,1.8501446205460037e-05,2.4948494647515604e-05,6.848267079392674e-06,-0.0005765218604651165
Full Breakthrough_lower,1942,,,10465116279.069769,38.91628255813955,0.04515697674418606,9.031395348837037e-05,0.0009340668896648338,9518907343311674.0,0.012558139534883724,12.88218312264145,0.00020930232558139173,0.00025558254965766625,0.1607740802036114,0.0396429674184346,0.004774769536487845,7.621479947014026e-05,,,,,,,,7.621479947014026e-05,0.0012600660799265446,,2.0061809138450635e-05,2.7052584557547046e-05,7.425831772835428e-06,-0.0006251441860465118
Full Breakthrough_lower,1943,,,11279069767.441858,41.94310453488372,0.048669186046511624,9.733837209302137e-05,0.0010067165366387648,1.0259266803347024e+16,0.013534883720930231,13.88413069884689,0.00022558139534883324,0.00027546119240881795,0.17327873088611448,0.04272630932875728,0.005146140500436898,8.293436113767916e-05,,,,,,,,8.293436113767916e-05,0.001371161192530727,,2.162217207144124e-05,2.915667446757847e-05,8.003396466278181e-06,-0.0006737665116279069
Full Breakthrough_lower,1944,,,12209302325.581396,45.40232965116281,0.05268313953488374,0.00010536627906976543,0.0010897447046089726,1.1105391900530286e+16,0.014651162790697676,15.02921364308169,0.0002441860465116237,0.0002981796412672772,0.18756976023754662,0.04625012865484037,0.005570564459235819,9.06480331052674e-05,,,,,,,,9.06480331052674e-05,0.0014986920194253938,,2.3405443994859077e-05,3.156134865047155e-05,8.663470401641333e-06,-0.0007293348837209304
Full Breakthrough_lower,1945,,,13139534883.72093,48.86155476744187,0.056697093023255825,0.00011339418604650945,0.00117277287257918,1.1951516997713544e+16,0.015767441860465116,16.174296587316483,0.00026279069767441406,0.0003208980901257365,0.20186078958897874,0.04977394798092344,0.005994988418034738,9.851332669576821e-05,,,,,,,,9.851332669576821e-05,0.0016287296201401556,,2.518871591827691e-05,3.3966022833364614e-05,9.32354433700448e-06,-0.0007849032558139535
Full Breakthrough_lower,1946,,,14302325581.39535,53.18558616279072,0.061714534883720945,0.0001234290697674395,0.0012765580825419393,1.3009173369192622e+16,0.017162790697674422,17.60565026760998,0.000286046511627902,0.00034929615119881044,0.21972457627826888,0.05417872213852729,0.006525518366533387,0.00010829566181325991,,,,,,,,0.00010829566181325991,0.0017904618394692217,,2.7417805822549203e-05,3.697186556198096e-05,1.0148636756208418e-05,-0.0008543637209302327
Full Breakthrough_lower,1947,,,15348837209.302324,57.07721441860466,0.06623023255813953,0.0001324604651162765,0.0013699647715084225,1.3961064103523786e+16,0.01841860465116279,18.893868579874123,0.00030697674418604117,0.00037485440616457705,0.23580198429863,0.05814301888037074,0.00700299532018217,0.00011738485678329024,,,,,,,,0.00011738485678329024,0.0019407343108946871,,2.9423986736394266e-05,3.9677124017735656e-05,1.0891219933491959e-05,-0.0009168781395348836
Full Breakthrough_lower,1948,,,16627906976.744184,61.833648953488385,0.07174941860465117,0.00014349883720929954,0.0014841285024674578,1.5124486112150768e+16,0.019953488372093025,20.468357628196966,0.0003325581395348779,0.0004060922733449585,0.25545214965684915,0.06298827045373497,0.007586578263530685,0.000128454707977497,,,,,,,,0.000128454707977497,0.0021237531483990642,,3.1875985631093786e-05,4.298355101921363e-05,1.1798821594616289e-05,-0.0009932846511627909
Full Breakthrough_lower,1949,,,17906976744.186047,66.5900834883721,0.07726860465116281,0.0001545372093023226,0.0015982922334264933,1.6287908120777754e+16,0.021488372093023258,22.042846676519808,0.0003581395348837147,0.00043733014052533994,0.2751023150150684,0.0678335220270992,0.008170161206879202,0.00013975105467776503,,,,,,,,0.00013975105467776503,0.0023105166563142762,,3.4327984525793314e-05,4.62899780206916e-05,1.2706423255740621e-05,-0.0010696911627906978
Full Breakthrough_lower,1950,,,19418604651.162792,72.21132430232561,0.08379127906976745,0.00016758255813953169,0.0017332130063780803,1.7662861403700552e+16,0.023302325581395354,23.903606460901354,0.0003883720930232491,0.0004742476199203362,0.2983252377111456,0.0735597284319842,0.008859850139927445,0.00015311462819746842,,,,,,,,0.00015311462819746842,0.0025314578096841027,,3.72258014013473e-05,5.019757356789284e-05,1.3779043400705738e-05,-0.0011599897674418607
Full Breakthrough_lower,1951,,,20930232558.139538,77.8325651162791,0.09031395348837212,0.00018062790697674074,0.0018681337793296675,1.9037814686623348e+16,0.025116279069767447,25.7643662452829,0.00041860465116278346,0.0005111650993153325,0.3215481604072228,0.0792859348368692,0.00954953907297569,0.0001667573394153341,,,,,,,,0.0001667573394153341,0.0027570139715237855,,4.012361827690127e-05,5.410516911509409e-05,1.4851663545670857e-05,-0.0012502883720930235
Full Breakthrough_lower,1952,,,22558139534.883717,83.88620906976745,0.09733837209302325,0.00019467674418604275,0.0020134330732775297,2.051853360669405e+16,0.027069767441860463,27.76826139769378,0.0004511627906976665,0.0005509223848176359,0.34655746177222896,0.08545261865751456,0.010292281000873796,0.00018162423395188265,,,,,,,,0.00018162423395188265,0.0030028096653993497,,4.324434414288248e-05,5.831334893515694e-05,1.6006792932556362e-05,-0.0013475330232558139
Full Breakthrough_lower,1953,,,24418604651.162792,90.80465930232562,0.10536627906976748,0.00021073255813953086,0.0021794894092179453,2.2210783801060572e+16,0.029302325581395353,30.05842728616338,0.0004883720930232474,0.0005963592825345544,0.37513952047509325,0.09250025730968074,0.011141128918471637,0.00019870067981719492,,,,,,,,0.00019870067981719492,0.0032851360685411963,,4.6810887989718155e-05,6.31226973009431e-05,1.7326940803282667e-05,-0.0014586697674418608
Full Breakthrough_lower,1954,,,26395348837.2093,98.15551267441863,0.11389593023255815,0.0002277918604651119,0.0023559242661546358,2.4008799632574996e+16,0.031674418604651165,32.491728542662315,0.0005279069767441768,0.0006446359863587803,0.4055079578468865,0.09998837337760726,0.01204302983091934,0.00021710175039638208,,,,,,,,0.00021710175039638208,0.003589362610267548,,5.060034082698105e-05,6.823262993959085e-05,1.8729597915929353e-05,-0.0015767525581395349
Full Breakthrough_lower,1955,,,28488372093.023254,105.93876918604653,0.12292732558139537,0.00024585465116278596,0.0025427376440876025,2.5912581101237332e+16,0.03418604651162791,35.06816516719061,0.0005697674418604552,0.0006957524962903135,0.43766277388760877,0.10791696686129418,0.012997983738216909,0.00023687075815550352,,,,,,,,0.00023687075815550352,0.0039162053794443265,,5.461270265467118e-05,7.364314685110026e-05,2.021476427049644e-05,-0.0017017813953488375
Full Breakthrough_lower,1956,,,30813953488.372093,114.58683197674421,0.1329622093023256,0.0002659244186046461,0.002750308064013121,2.8027893844195484e+16,0.03697674418604652,37.930872527777595,0.0006162790697674312,0.0007525486184364617,0.4733903472661891,0.11672651517650187,0.014059043635214208,0.0002590303978712176,,,,,,,,0.0002590303978712176,0.004282572680064256,,5.907088246321577e-05,7.965483230833295e-05,2.1864949108904316e-05,-0.0018407023255813957
Full Breakthrough_lower,1957,,,33255813953.48837,123.66729790697677,0.14349883720930234,0.0002869976744185991,0.0029682570049349155,3.0248972224301536e+16,0.03990697674418605,40.93671525639393,0.0006651162790697558,0.000812184546689917,0.5109042993136983,0.12597654090746993,0.01517315652706137,0.00028267221577322387,,,,,,,,0.00028267221577322387,0.004673444964885913,,6.375197126218757e-05,8.596710203842725e-05,2.3597643189232578e-05,-0.0019865693023255818
Full Breakthrough_lower,1958,,,35930232558.139534,133.6125701162791,0.15503895348837213,0.00031007790697673825,0.0032069629878492623,3.2681581878703412e+16,0.04311627906976744,44.228828721068965,0.0007186046511627782,0.0008775000871579872,0.5519910086990657,0.13610752146995878,0.016393375408608264,0.0003088458152612,,,,,,,,0.0003088458152612,0.005106175420567329,,6.887887804201384e-05,9.288054031424482e-05,2.5495355753401637e-05,-0.0021463283720930234
Full Breakthrough_lower,1959,,,38720930232.558136,143.9902454651163,0.16708081395348837,0.0003341616279069703,0.0034560474917598844,3.5219957170253188e+16,0.04646511627906977,47.66407755377335,0.0007744186046511493,0.0009456554337333649,0.594864096753362,0.146678979448208,0.01766664728500502,0.00033662686250773247,,,,,,,,0.00033662686250773247,0.00556548195346593,,7.422869381226734e-05,0.00010009456286292404,2.747557755949108e-05,-0.002313033488372093
Full Breakthrough_lower,1960,,,41860465116.279076,155.6651302325582,0.18062790697674425,0.0003612558139534815,0.003736267558659335,3.8075629373246696e+16,0.050232558139534894,51.5287324905658,0.0008372093023255669,0.001022330198630665,0.6430963208144456,0.1585718696737384,0.01909907814595138,0.00036811603623463,,,,,,,,0.00036811603623463,0.006086095272323026,,8.024723655380254e-05,0.00010821033823018818,2.9703327091341713e-05,-0.002500576744186047
Full Breakthrough_lower,1961,,,45930232558.139534,170.79924011627912,0.19818895348837212,0.0003963779069767366,0.004099515793528992,4.177742667342346e+16,0.055116279069767446,56.538470371593014,0.0009186046511627747,0.0011217234123864239,0.7056195742269611,0.17398857922535185,0.02095593296569665,0.0004086154154033579,,,,,,,,0.0004086154154033579,0.006755675121687993,,8.804905121875558e-05,0.00011873078778034532,3.2591150558555484e-05,-0.0027436883720930237
Full Breakthrough_lower,1962,,,50581395348.83721,188.09536569767448,0.2182587209302326,0.00043651744186045673,0.0045146566333800296,4.600805215933975e+16,0.060697674418604665,62.263885092767,0.0010116279069767265,0.0012353156566787201,0.7770747209841217,0.1916076758557672,0.02307805275969125,0.0004553039221668242,,,,,,,,0.0004553039221668242,0.007527580369803404,,9.696541083584475e-05,0.0001307541586948107,3.589152023537123e-05,-0.00302153023255814
Full Breakthrough_lower,1963,,,53372093023.25581,198.47304104651167,0.23030058139534887,0.00046060116279068885,0.004763741137290651,4.854642745088954e+16,0.06404651162790698,65.69913392547139,0.0010674418604650977,0.0013034710032540976,0.8199478090384181,0.20217913383401645,0.024351324636088006,0.0004861606167486978,,,,,,,,0.0004861606167486978,0.008037736854522692,,0.00010231522660609825,0.0001379681812434899,3.787174204146068e-05,-0.0031882353488372093
Full Breakthrough_lower,1964,,,55813953488.37209,207.55350697674425,0.24083720930232563,0.0004816744186046419,0.0049816900782124465,5.076750583099559e+16,0.06697674418604652,68.70497665408773,0.0011162790697674223,0.0013631069315075532,0.8574617610859274,0.2114291595649845,0.02546543752793517,0.0005145471818663276,,,,,,,,0.0005145471818663276,0.008507054468411645,,0.00010699631540507007,0.0001442804509735842,3.9604436121788953e-05,-0.003334102325581396
Full Breakthrough_lower,1965,,,59651162790.69768,221.82281058139543,0.2573947674418605,0.0005147895348837111,0.005324181271089553,5.425777185687654e+16,0.07158139534883722,73.42844379905625,0.0011930232558139326,0.0014568205330486974,0.9164122571605849,0.22596491428507723,0.027216186357980714,0.000556649263684378,,,,,,,,0.000556649263684378,0.009203131943679452,,0.00011435231208916863,0.00015419973197801812,4.232724110516194e-05,-0.0035633218604651166
Full Breakthrough_lower,1966,,,64651162790.697685,240.41614558139545,0.2789697674418606,0.0005579395348837103,0.005770457673929418,5.880569425423657e+16,0.07758139534883722,79.58326462431829,0.0012930232558139312,0.001578932195662916,0.9932265399245327,0.2449054431627738,0.029497465136524906,0.0006107793753906913,,,,,,,,0.0006107793753906913,0.010098069910294227,,0.0001239373986775395,0.00016712485571106838,4.587513850773887e-05,-0.0038620018604651166
Full Breakthrough_lower,1967,,,76279069767.44185,283.65645953488377,0.32914418604651163,0.0006582883720930105,0.006808309773557009,6.93822579690273e+16,0.09153488372093023,93.89680142725321,0.0015255813953488104,0.0018629128063936556,1.171864406817434,0.2889531847388121,0.03480276462151139,0.0007296680329477468,,,,,,,,0.0007296680329477468,0.012063666693558617,,0.0001462282977202624,0.00019718328299723174,5.412606269977822e-05,-0.004556606511627906
Full Breakthrough_lower,1968,,,86395348837.2093,321.27553267441874,0.3727959302325582,0.0007455918604651019,0.007711241100233016,7.858386840089526e+16,0.10367441860465117,106.34957844580661,0.001727906976744156,0.0021099759377294,1.3272793510142584,0.32727471990996565,0.03941837517344965,0.0008369326196952239,,,,,,,,0.0008369326196952239,0.013837081676967292,,0.00016562137988743137,0.00022333411473619388,6.130436674685249e-05,-0.005160912558139536
Full Breakthrough_lower,1969,,,90465116279.06976,336.40964255813964,0.39035697674418607,0.000780713953488357,0.008074489335102674,8.228566570107202e+16,0.10855813953488372,111.35931632683383,0.0018093023255813638,0.0022093691514851587,1.389802604426774,0.34269142946157904,0.04127522999319492,0.0008876290679512313,,,,,,,,0.0008876290679512313,0.014675250579388581,,0.0001734231945523844,0.00023385456428635105,6.419219021406626e-05,-0.005404024186046511
Full Breakthrough_lower,1970,,,90697674418.60464,337.2744488372094,0.3913604651162791,0.0007827209302325431,0.008095246377095223,8.249719697536782e+16,0.10883720930232559,111.64558706289253,0.0018139534883720612,0.0022150487636997734,1.3933753617646318,0.34357238429309983,0.04138133598289465,0.0009015059765547996,,,,,,,,0.0009015059765547996,0.014904678747502412,,0.00017386901253323882,0.0002344557328320743,6.435720869790703e-05,-0.005417916279069768
Full Breakthrough_lower,1971,,,104651162790.69768,389.16282558139545,0.45156976744186056,0.0009031395348837037,0.009340668896648337,9.518907343311674e+16,0.12558139534883722,128.82183122641447,0.002093023255813917,0.0025558254965766625,1.607740802036114,0.396429674184346,0.04774769536487844,0.001053931393158942,,,,,,,,0.001053931393158942,0.01742474176041896,,0.00020061809138450636,0.0002705258455754704,7.425831772835428e-05,-0.006251441860465117
Full Breakthrough_lower,1972,,,111627906976.74419,415.1070139534885,0.48167441860465127,0.0009633488372092838,0.009963380156424893,1.0153501166199118e+17,0.13395348837209303,137.40995330817546,0.0022325581395348446,0.0027262138630151063,1.7149235221718548,0.422858319129969,0.05093087505587034,0.0011392330710446588,,,,,,,,0.0011392330710446588,0.018835042011969488,,0.00021399263081014013,0.0002885609019471684,7.920887224357791e-05,-0.006668204651162792
Full Breakthrough_lower,1973,,,115581395348.83722,429.8087206976746,0.4987337209302327,0.0009974674418604462,0.010316249870298274,1.0513104332502005e+17,0.13869767441860467,142.27655582117333,0.0023116279069767044,0.002822767270663558,1.7756603969154414,0.43783455126582216,0.052734676880765746,0.0011955754498058386,,,,,,,,0.0011955754498058386,0.019766555587192515,,0.00022157153648466593,0.000298780767224464,8.201418646887127e-05,-0.006904370232558141
Full Breakthrough_lower,1974,,,111627906976.74419,415.1070139534885,0.48167441860465127,0.0009633488372092838,0.009963380156424893,1.0153501166199118e+17,0.13395348837209303,137.40995330817546,0.0022325581395348446,0.0027262138630151063,1.7149235221718548,0.422858319129969,0.05093087505587034,0.0011705526367711213,,,,,,,,0.0011705526367711213,0.019352851186622073,,0.00021399263081014013,0.0002885609019471684,7.920887224357791e-05,-0.006668204651162792
Full Breakthrough_lower,1975,,,111744186046.51163,415.53941709302336,0.48217616279069775,0.0009643523255813769,0.009973758677421169,1.0164077729913909e+17,0.13409302325581396,137.5530886762048,0.0022348837209301936,0.0027290536691224132,1.7167099008407836,0.4232987965457294,0.050983928050720204,0.0011881035134689304,,,,,,,,0.0011881035134689304,0.01964302139704881,,0.0002142155398005673,0.00028886148622003007,7.929138148549828e-05,-0.0066751506976744195
Full Breakthrough_lower,1976,,,112093023255.81396,416.8366265116281,0.48368139534883736,0.0009673627906976559,0.010004894240409998,1.0195807421058282e+17,0.1345116279069768,137.98249478029285,0.0022418604651162403,0.002737573087444336,1.7220690368475708,0.4246202287930106,0.051143087035269805,0.0012086581247185222,,,,,,,,0.0012086581247185222,0.01998285261882923,,0.00021488426677184903,0.000289763239038615,7.953890921125949e-05,-0.006695988837209305
Full Breakthrough_lower,1977,,,118720930232.55814,441.4836054651164,0.5122808139534885,0.0010245616279069571,0.010596469937197725,1.0798671552801352e+17,0.14246511627906977,146.14121075796575,0.0023744186046511214,0.002899442035560858,1.8238926209765245,0.4497274414913525,0.054167107741712094,0.0012984777340387425,,,,,,,,0.0012984777340387425,0.021467848233900095,,0.00022759007922620107,0.00030689654259172803,8.424193600072191e-05,-0.007091913488372093
Full Breakthrough_lower,1978,,,122906976744.18605,457.0501184883722,0.5303436046511629,0.0010606872093023051,0.010970096693063657,1.117942784653382e+17,0.1474883720930233,151.29408400702235,0.0024581395348836784,0.0030016750554239242,1.8882022530579694,0.4655846284587264,0.05607701555630724,0.0013638146610836462,,,,,,,,0.0013638146610836462,0.02254806947843901,,0.00023561480288158138,0.0003177175764147469,8.721226870985607e-05,-0.007341971162790699
Full Breakthrough_lower,1979,,,128023255813.95348,476.07585662790706,0.5524203488372093,0.0011048406976743971,0.011426751616899797,1.1644796649984613e+17,0.1536279069767442,157.5920402003137,0.002560465116279025,0.0031266265241454497,1.9668029144908457,0.4849656347521832,0.05841134732970129,0.0014415548961543758,,,,,,,,0.0014415548961543758,0.023833355721257516,,0.00024542279846037943,0.00033094328442065873,9.08426753543534e-05,-0.007647597209302326
Full Breakthrough_lower,1980,,,128953488372.09303,479.5350817441862,0.5564343023255814,0.0011128686046511416,0.011509779784870007,1.172940915970294e+17,0.15474418604651166,158.73712314454852,0.0025790697674418156,0.0031493449730039093,1.981093943842278,0.4884894540782663,0.05883577128850022,0.0014737829947871776,,,,,,,,0.0014737829947871776,0.024366185751514703,,0.0002472060703837973,0.00033334795860355185,9.150274928971657e-05,-0.007703165581395351
Full Breakthrough_lower,1981,,,127093023255.81395,472.61663151162804,0.5484063953488373,0.0010968127906976534,0.011343723448929591,1.1560184140266286e+17,0.15251162790697678,156.44695725607892,0.002541860465116235,0.003103908075286991,1.9525118851394136,0.4814418154261002,0.057986923370902374,0.0014746120271000613,,,,,,,,0.0014746120271000613,0.024379892216714247,,0.0002436395265369616,0.0003285386102377657,9.018260141899026e-05,-0.007592028837209304
Full Breakthrough_lower,1982,,,128488372093.02325,477.80546918604665,0.5544273255813954,0.0011088546511627694,0.011468265700884902,1.1687102904843776e+17,0.1541860465116279,158.1645816724311,0.0025697674418604204,0.0031379857485746795,1.973948429166562,0.48672754441522476,0.05862355930910075,0.0015138260603812677,,,,,,,,0.0015138260603812677,0.02502822132783548,,0.0002463144344220884,0.0003321456215121053,9.117271232203498e-05,-0.007675381395348837
Full Breakthrough_lower,1983,,,130232558139.53488,484.2915162790699,0.5619534883720931,0.0011239069767441645,0.011623943515829042,1.1845751360565638e+17,0.15627906976744188,160.31161219287134,0.002604651162790652,0.0031805828401842906,2.000744109200497,0.4933347056516305,0.05941935423184873,0.001558444763340445,,,,,,,,0.001558444763340445,0.025765906324975756,,0.00024965806927849677,0.0003366543856050298,9.241035095084088e-05,-0.007779572093023257
Full Breakthrough_lower,1984,,,138953488372.09305,516.7217517441862,0.5995843023255816,0.00119916860465114,0.012402332590549738,1.2638993639174947e+17,0.16674418604651167,171.0467647950726,0.0027790697674418127,0.0033935682982323464,2.1347225093701736,0.5263705118336595,0.06339832884558862,0.0016893042217120137,,,,,,,,0.0016893042217120137,0.027929417426204535,,0.000266376243560539,0.0003591982060696524,9.859854409487042e-05,-0.008300525581395352
Full Breakthrough_lower,1985,,,143488372093.02325,533.5854741860467,0.6191523255813954,0.001238304651162767,0.012807094909404498,1.3051479624051782e+17,0.17218604651162792,176.62904414821716,0.002869767441860415,0.0035043207364173342,2.204391277458405,0.5435491310483144,0.06546739564473333,0.001772686778307476,,,,,,,,0.001772686778307476,0.029307988674229155,,0.00027506969418720096,0.000370920992711256,0.00010181640452976575,-0.008571421395348838
Full Breakthrough_lower,1986,,,151046511627.90698,561.6916782558142,0.6517656976744187,0.0013035313953488122,0.013481698774162432,1.3738956265513182e+17,0.1812558139534884,185.9328430701249,0.0030209302325580867,0.0036889081333923157,2.320505890938791,0.5721801630727393,0.06891584030997455,0.001896779275389656,,,,,,,,0.001896779275389656,0.03135962100067646,,0.0002895587785649709,0.0003904589704472623,0.00010717950525459134,-0.009022914418604651
Full Breakthrough_lower,1987,,,157674418604.65115,586.3386572093025,0.6803651162790698,0.0013607302325581133,0.014073274470950161,1.4341820397256253e+17,0.18920930232558142,194.0915590477978,0.0031534883720929683,0.003850777081508837,2.4223294750677447,0.5972873757710813,0.07193986101641685,0.002013148585038014,,,,,,,,0.002013148585038014,0.03328356518017683,,0.0003022645910193229,0.00040759227400037536,0.00011188253204405378,-0.009418839069767444
Full Breakthrough_lower,1988,,,164418604651.1628,611.4180393023258,0.7094662790697677,0.0014189325581395078,0.014675228688734167,1.495526109271412e+17,0.19730232558139538,202.39341039350012,0.003288372093023199,0.004015485835732667,2.525939437865628,0.6228350658851837,0.07501693471770902,0.0021349893660351418,,,,,,,,0.0021349893660351418,0.03529796968367998,,0.00031519331246410224,0.00042502616182635023,0.00011666806807543663,-0.009821709767441861
Full Breakthrough_lower,1989,,,170348837209.30234,633.4705994186048,0.7350552325581398,0.001470110465116251,0.015204533259544238,1.5494665842168445e+17,0.20441860465116282,209.6933141629969,0.0034069767441859875,0.004160315947205345,2.6170447499810074,0.6452994140889633,0.07772263745505215,0.0022502975415093834,,,,,,,,0.0022502975415093834,0.037204370037199695,,0.0003265616709758909,0.00044035595974229347,0.0001208760394133767,-0.010175958139534886
Full Breakthrough_lower,1990,,,173929000000.0,646.7840326430002,0.7505036350000001,0.0015010072699999713,0.015524081693906976,1.5820311893008624e+17,0.20871480000000003,214.10036626339976,0.0034785799999999395,0.004247751873365675,2.6720462773701303,0.6588614494337759,0.07935610733468257,0.002038608689292162,,,,,,,,0.002038608689292162,0.033704499355495555,,0.000333424905045751,0.0004496107691531395,0.00012341644946656046,-0.010389822744000002
Full Breakthrough_lower,1991,,,168203000000.0,625.4909454010002,0.7257959450000001,0.0014515918899999723,0.015013005957374762,1.5299483820062954e+17,0.2018436,207.05186545430968,0.0033640599999999413,0.004107909597339872,2.5840785607488574,0.6371707557630378,0.07674358687749376,0.0020231464147717495,,,,,,,,0.0020231464147717495,0.03344886019122383,,0.0003224480638847487,0.0004348089174540503,0.00011935339736112936,-0.010047774408
Full Breakthrough_lower,1992,,,168593000000.0,626.9412255310002,0.7274787950000001,0.001454957589999972,0.015047815516796272,1.533495761476236e+17,0.20231160000000004,207.53194147868012,0.0033718599999999414,0.004117434307023781,2.5900700748044456,0.6386481170154982,0.07692152662222021,0.002225716396562105,,,,,,,,0.002225716396562105,0.03679796777452684,,0.0003231957006386417,0.0004358170771052282,0.00011963013335853036,-0.010071071448
Full Breakthrough_lower,1993,,,169513000000.0,630.3623991710002,0.7314485950000001,0.0014628971899999718,0.015129930374918808,1.5418639386873786e+17,0.20341560000000003,208.66442851052832,0.003390259999999941,0.004139902852944797,2.604203902833012,0.6421331743289944,0.07734128191747233,0.0024282863783524618,,,,,,,,0.0024282863783524618,0.04014707535782987,,0.0003249593565709019,0.00043819529987210946,0.00012028294648060451,-0.010126028568000002
Full Breakthrough_lower,1994,,,177599000000.0,660.4315405330002,0.7663396850000002,0.0015326793699999704,0.015851648573591438,1.615412939697485e+17,0.21311880000000002,218.61800474914207,0.003551979999999938,0.004337381833724511,2.728427960918868,0.6727637976300052,0.081030565958134,0.0025887252084679326,,,,,,,,0.0025887252084679326,0.04279962485132826,,0.0003404603586016152,0.0004590978099731983,0.0001260206061600519,-0.010609053864000002
Full Breakthrough_lower,1995,,,181923000000.0,676.5110566410001,0.7849977450000002,0.0015699954899999699,0.016237588406767353,1.6547433725898547e+17,0.21830760000000002,223.94069379882868,0.0036384599999999367,0.0044429839995532875,2.79485695265313,0.6891435670034372,0.08300341584581901,0.0027619310542424604,,,,,,,,0.0027619310542424604,0.045663252553858356,,0.0003487495414832383,0.0004702754569775402,0.00012908882783380047,-0.010867352328
Full Breakthrough_lower,1996,,,190157000000.0,707.1305607190002,0.8205274550000002,0.0016410549099999685,0.01697251638696404,1.7296385586295795e+17,0.2281884,234.07645273387018,0.0038031399999999336,0.004644077485546382,2.921354713508799,0.7203348299592278,0.08676022573832559,0.0029223698843579313,,,,,,,,0.0029223698843579313,0.04831580204735676,,0.00036453426207696757,0.0004915605507411273,0.00013493150527636412,-0.011359218552000002
Full Breakthrough_lower,1997,,,195947000000.0,728.6616426490002,0.8455113050000002,0.0016910226099999676,0.017489304461452606,1.7823034999910083e+17,0.23513640000000002,241.20373524952362,0.003918939999999932,0.004785482790853647,3.0103056529494507,0.7422679623996004,0.08940194656387976,0.0030683394300598053,,,,,,,,0.0030683394300598053,0.05072912957061922,,0.000375633792346301,0.0005065278440239996,0.00013903997046854822,-0.011705089992000001
Full Breakthrough_lower,1998,,,199811000000.0,743.0305719370002,0.8621844650000001,0.001724368929999967,0.017834186865567255,1.8174498442778067e+17,0.23977320000000005,245.9601807832861,0.00399621999999993,0.004879850683721914,3.0696677306694293,0.7569052031162843,0.09116491880393872,0.0031829588595322198,,,,,,,,0.0031829588595322198,0.052624142825037176,,0.000383041147261794,0.0005165163796449008,0.00014178178558125966,-0.011935909896000001
Full Breakthrough_lower,1999,,,206256000000.0,766.9973807520003,0.8899946400000002,0.001779989279999966,0.01840943714882784,1.8760725639797773e+17,0.2475072,253.89374482704883,0.004125119999999928,0.005037252616831642,3.1686813411521575,0.7813195448396352,0.09410548714948218,0.0033679387308589875,,,,,,,,0.0033679387308589875,0.055682431542563186,,0.000395396323874204,0.0005331768641368026,0.0001463550253331813,-0.012320908416
Full Breakthrough_lower,2000,,,216938000000.0,806.7201816460002,0.9360874700000003,0.001872174939999964,0.019362862055854926,1.973234378076977e+17,0.26032560000000005,267.04290403813866,0.004338759999999924,0.005298131972840658,3.3327873748490555,0.821784090733946,0.09897921113196399,0.0036856325787460375,,,,,,,,0.0036856325787460375,0.060934892276001865,,0.0004158739028615995,0.0005607900984800912,0.00015393475334404667,-0.012959008368000003
Full Breakthrough_lower,2001,,,208673000000.0,775.9853988910002,0.9004239950000001,0.0018008479899999654,0.018625167161960627,1.8980572208486157e+17,0.2504076,256.8689852139805,0.0041734599999999275,0.005096281394539355,3.20581336544025,0.7904753964991137,0.09520825731103044,0.0037105355015755277,,,,,,,,0.0037105355015755277,0.06134661452111206,,0.00040002975473102246,0.000539424868949359,0.00014807007893758697,-0.012465290328
Full Breakthrough_lower,2002,,,209095000000.0,777.5546763650002,0.9022449250000002,0.0018044898499999654,0.018662832890360314,1.9018956673519875e+17,0.250914,257.38845209163264,0.004181899999999928,0.005106587618863995,3.212296490905527,0.7920739771363912,0.09540079723993958,0.0036182481993254326,,,,,,,,0.0036182481993254326,0.05982082031865098,,0.000400838736039081,0.0005405157493924285,0.00014836952147836448,-0.012490498920000002
Full Breakthrough_lower,2003,,,208964000000.0,777.0675309880003,0.9016796600000002,0.0018033593199999654,0.01865114044860591,1.900704111683879e+17,0.2507568,257.2271957860108,0.004179279999999928,0.0051033882933035025,3.210283956697112,0.7915777352797956,0.09534102773594172,0.003767665736301662,,,,,,,,0.003767665736301662,0.06229115378930034,,0.00040058760677046573,0.0005401771111506226,0.000148276566566417,-0.012482673504000001
Full Breakthrough_lower,2004,,,222109000000.0,825.9494087030002,0.9584003350000002,0.0019168006699999632,0.019824401111671913,2.020268991510474e+17,0.26653080000000007,273.40821973562464,0.004442179999999922,0.005424419854316282,3.41222870608353,0.8413723856992598,0.1013385096447344,0.004273048581956483,,,,,,,,0.004273048581956483,0.07064669346943671,,0.00042578679941129263,0.0005741572614448117,0.00015760398883779173,-0.013267903224000004
Full Breakthrough_lower,2005,,,233025000000.0,866.5423776750002,1.0055028750000001,0.0020110057499999616,0.02079871175435191,2.119559233289638e+17,0.27963000000000005,286.84542456133664,0.004660499999999919,0.005691014036135643,3.579929648213781,0.8827233483450467,0.10631899747405207,0.004519148054623072,,,,,,,,0.004519148054623072,0.07471547800932743,,0.00044671296045102393,0.000602375391578807,0.00016534975844709768,-0.013919981400000003
Full Breakthrough_lower,2006,,,235742000000.0,876.6459959140003,1.0172267300000002,0.002034453459999961,0.02104121835165509,2.1442726435968925e+17,0.28289040000000004,290.18995419778406,0.004714839999999918,0.00575736951360021,3.6216705294677096,0.8930156317371871,0.107558644362313,0.004706652414750151,,,,,,,,0.004706652414750151,0.07781550432543718,,0.0004519214965031446,0.0006093989038153465,0.00016727768589565797,-0.014082284112000002
Full Breakthrough_lower,2007,,,242588000000.0,902.1039901960003,1.0467672200000002,0.00209353443999996,0.021652260002423433,2.206542797061546e+17,0.2911056,298.61713487173284,0.004851759999999916,0.005924564802051598,3.7268446454281072,0.9189490038765291,0.1106821712658957,0.004955681643043772,,,,,,,,0.004955681643043772,0.08193272677651789,,0.00046504539705994203,0.000627095983230639,0.0001721354670192663,-0.014491236768000001
Full Breakthrough_lower,2008,,,241466000000.0,897.9316458220002,1.0419257900000003,0.0020838515799999602,0.02155211557762617,2.19633725920187e+17,0.28975920000000005,297.235993078544,0.004829319999999916,0.005897162944960967,3.709607520375877,0.9146987491963741,0.11017025230799038,0.005074010968958356,,,,,,,,0.005074010968958356,0.0838890760798308,,0.00046289450362951157,0.0006241955854649425,0.00017133931884212805,-0.014424212976000004
Full Breakthrough_lower,2009,,,228984000000.0,851.5152443280002,0.9880659600000001,0.001976131919999962,0.020438031165576732,2.0828029244741744e+17,0.2747808,281.8710983703599,0.00457967999999992,0.005592323390410832,3.517848344883958,0.8674156129060925,0.10447526796523265,0.0049461631464920615,,,,,,,,0.0049461631464920615,0.08177535662373796,,0.0004389662934703026,0.0005919293065777557,0.00016248234776633502,-0.013678588224000001
Full Breakthrough_lower,2010,,,240546000000.0,894.5104721820002,1.0379559900000002,0.0020759119799999603,0.021470000719503633,2.1879690819907274e+17,0.28865520000000006,296.1035060466958,0.0048109199999999165,0.005874694399039951,3.695473692347311,0.9112136918828778,0.10975049701273824,0.005442473922012044,,,,,,,,0.005442473922012044,0.08998090695887706,,0.0004611308476972514,0.0006218173626980612,0.00017068650572005389,-0.014369255856000003
Full Breakthrough_lower,2011,,,247680000000.0,921.0394425600003,1.0687392,0.002137478399999959,0.022106747891075553,2.2528588387562605e+17,0.29721600000000004,304.8852044001797,0.004953599999999914,0.006048923319257917,3.805072310994911,0.9382380384855753,0.1130054255739651,0.0057367259719185775,,,,,,,,0.0057367259719185775,0.0948458023547029,,0.0004748068492415389,0.0006402589292403773,0.00017574864573405066,-0.01479541248
Full Breakthrough_lower,2012,,,250361000000.0,931.0091887870002,1.080307715,0.0021606154299999587,0.022346041298278288,2.2772447986509046e+17,0.30043320000000007,308.1854193266852,0.005007219999999913,0.0061143995927516615,3.84626012941294,0.9483939500697962,0.11422864725502051,0.0058804245014339755,,,,,,,,0.0058804245014339755,0.0972215829647223,,0.0004799463726702233,0.0006471893805860388,0.0001776510283213124,-0.014955564696000003
Full Breakthrough_lower,2013,,,257476999999.99997,957.4712231590001,1.111013255,0.0022220265099999574,0.022981181874799982,2.3419708302101322e+17,0.30897240000000004,316.944960325198,0.00514953999999991,0.006288188910984216,3.95558221664259,0.9753501107685337,0.1174753632126446,0.006062889590211614,,,,,,,,0.006062889590211614,0.10023829455798137,,0.0004935878679027927,0.0006655844166829158,0.00018270039590465985,-0.015380646072000003
Full Breakthrough_lower,2014,,,265577000000.0,987.5924258590003,1.145964755,0.002291929509999956,0.023704149647400564,2.4156471730473648e+17,0.31869240000000004,326.9157700621226,0.005311539999999907,0.006486009804419251,4.080021354720186,1.0060337675504023,0.1211710348338862,0.006306962881125601,,,,,,,,0.006306962881125601,0.1042735800541697,,0.0005091157081759536,0.0006865231171304574,0.0001884479896968345,-0.015864507672
Full Breakthrough_lower,2015,,,280081000000.0,1041.5279720270003,1.2085495150000003,0.0024170990299999537,0.024998708236758448,2.5475733059499846e+17,0.33609720000000004,344.76967431204264,0.005601619999999903,0.0068402313153305755,4.302844226161845,1.0609764537188244,0.12778856831468718,0.0066252072054725835,,,,,,,,0.0066252072054725835,0.10953514186403684,,0.0005369201273514998,0.0007240163160552895,0.0001987397304822297,-0.016730918616000005
Full Breakthrough_lower,2016,,,293627000000.0,1091.9010352090004,1.2670005050000002,0.0025340010099999515,0.02620776026733221,2.670785619539262e+17,0.3523524,361.44431489184257,0.0058725399999998975,0.007171056231685015,4.510949481025931,1.11229013455428,0.1339690087815191,0.006979804754980952,,,,,,,,0.006979804754980952,0.11539773478912385,,0.000562888043936714,0.0007590330612728693,0.00020835169412529106,-0.017540102472
Full Breakthrough_lower,2017,,,310950993000.0,1156.3231962863313,1.3417535347950003,0.0026835070695899487,0.027754018123104806,2.8283619710920787e+17,0.37314119160000003,382.7695294704613,0.006219019859999892,0.007594148549354431,4.777095500406462,1.1779152524929823,0.14187318029962873,0.007318105422151535,,,,,,,,0.007318105422151535,0.1209908899044264,,0.0005960984385289803,0.0008038160118879687,0.00022064444407868323,-0.018574968517848
Full Breakthrough_lower,2018,,,327120444636.0,1216.4520024932203,1.4115247186043403,0.002823049437208626,0.02919722706550626,2.9754367935888666e+17,0.39254453356320007,402.67354500292527,0.006542408892719886,0.007989044273920862,5.025504466427598,1.2391668456226175,0.1492505856752094,0.0074631150448037165,,,,,,,,0.0074631150448037165,0.1233883469342589,,0.0006270955573324872,0.000845614444506143,0.00023211795517077478,-0.019540866880776102
Full Breakthrough_lower,2019,,,292505677500.0,1087.7312102318929,1.2621619984125003,0.0025243239968249518,0.026107676312987528,2.6605862441144346e+17,0.35100681300000003,360.06400707687555,0.005850113549999898,0.007143670920724669,4.493722764309017,1.1080424463157876,0.13345739893688827,0.007415289507623408,,,,,,,,0.007415289507623408,0.12259764306080996,,0.0005607384492855164,0.0007561344148614386,0.00020755602668825086,-0.017473119151140002
Full Breakthrough_lower,2020,,,158440575300.0,589.1877388291254,0.6836710824195,0.0013673421648389738,0.014141658001752553,1.4411508821149541e+17,0.19012869036000005,195.03467048458722,0.0031688115059999447,0.00386948841508725,2.4340998304753483,0.6001896583737003,0.07228942441844463,0.004198022448523261,,,,,,,,0.004198022448523261,0.06940627971115759,,0.00030373332667235864,0.00040957280801763314,0.0001124261811139328,-0.009464606206120801
Full Breakthrough_lower,2021,,,188909916700.0,702.4930732050391,0.8151462905605001,0.0016302925811209686,0.016861207617130905,1.7182952824866922e+17,0.22669190004000003,232.54133788073486,0.003778198333999934,0.004613620802510096,2.9021959516615197,0.7156107465079192,0.08619123680485222,0.005098467843278976,,,,,,,,0.005098467843278976,0.08429342376514502,,0.00036214358179428527,0.0004883368095495432,0.00013404660055619068,-0.0112847227839912
Full Breakthrough_lower,2022,,,231566994700.0,861.1205414800652,0.9992115821305001,0.0019984231642609616,0.020668577082230816,2.1062974433709587e+17,0.27788039364000006,285.0506722845802,0.004631339893999919,0.005655406145878975,3.5575305219366737,0.8772002700473499,0.1056537741640731,0.006249734776589963,,,,,,,,0.006249734776589963,0.10332742269568844,,0.00044391793904166317,0.0005986064117976183,0.000164315187803735,-0.013832885995399202
Full Breakthrough_lower,2023,1076937632512.1694,11615863382044.725,269197297382.2647,1001.0551062646144,1.1615863382044724,0.0023231726764089,0.0240272803059941,2.448576836147176e+17,0.3230367568587177,331.37222640652345,0.0053839459476452,0.0065744259109205,4.135639464082358,1.019747836973329,0.1228228163519221,0.0069164939110077,31609.255041993387,1033.2844808044356,1.0,1.0,1.0,1.0,0.0,0.0069164939110077,0.1143510109567864,10.786013072036893,0.0005160558809528855,0.0006958816754536991,0.0001910168784326531,-0.016080769756426968
Full Breakthrough_lower,2024,1198347322705.4666,12554695373775.648,290954701593.87366,1079.212602199146,1.2527577231768294,0.0025034062575308,0.0258831686381518,2.638203205374563e+17,0.3478010332180216,357.84894263335514,0.0058141262657643,0.0070997340578197,4.492414159241649,1.1016089191714291,0.1327204318661201,0.0076427376050688,32587.616609305576,1113.9710421778616,0.99500999,1.0,0.9746971613205142,1.0,1.0,0.0076427376050688,0.1263580627499945,10.476674947152512,0.000560575158131458,0.0007514827795300457,0.0002057711906733068,-0.017313535433593114
Full Breakthrough_lower,2025,1292041079394.611,13362679586764.836,309679712323.6347,1128.805613729875,1.3132285212957404,0.0026262163647732,0.0270694772783287,2.7637186730320288e+17,0.3628115854381908,380.878457890815,0.0061883067691699,0.0075566957744168,4.809709992022903,1.1739971247654524,0.1414400286767429,0.0081468273520184,33594.36523400953,1165.2423865767023,0.99401498,1.0,0.9621425078045334,1.0,1.0,0.0081468273520184,0.1346922235138593,10.34230242356222,0.0006001681598741622,0.0007998447615707115,0.00021520234436271315,-0.018060760723113137
Full Breakthrough_lower,2026,1332492788861.6396,13552921769402.73,314088569395.19653,1133.2127393962746,1.3202410080779807,0.0026401158596952,0.0271682415051814,2.777442562874431e+17,0.3636730488321875,386.301267215864,0.0062764086336915,0.0076642576154823,4.908079639022036,1.191064939768262,0.143504863863952,0.0082685622300515,34656.9298659465,1169.8440464456924,0.993020965,0.994,0.9526455945269,1.0,1.0,0.0082685622300515,0.1367048771142095,10.171103275524,0.0006124429810431844,0.0008112326611533143,0.00021598751996619215,-0.018103644370866295
Full Breakthrough_lower,2027,1374253470767.4404,13762998400551.893,318957089236.4286,1139.7445479677178,1.3288405355404191,0.0026571852950045,0.0268533614630218,2.7488117465241786e+17,0.3571039481268669,392.2893721524428,0.0063736959053158,0.0077830393900153,5.0148208522503035,1.209789655963601,0.1457731118204678,0.0082962531310458,35756.4839623636,1176.6144221199534,0.992027944,0.988036,0.9444488420174912,1.0,1.0,0.0082962531310458,0.1371626932510767,10.014890770380273,0.0006257624280851465,0.0008238076815201298,0.00021348422363102332,-0.017776634537755433
Full Breakthrough_lower,2028,1417351105513.7383,13982620359690.908,324046821777.3096,1146.6440108934014,1.3379912451999094,0.00267535288117,0.0265632555006376,2.722523610295412e+17,0.350448381083148,398.5494556305272,0.0064754036539431,0.0079072256525891,5.126228975047447,1.2293567678469668,0.1481474378398244,0.0083267138915347,36893.56208215008,1183.7677440993984,0.991035916,0.982107784,0.9367295997053176,1.0,1.0,0.0083267138915347,0.1376663037221091,9.865318695767142,0.0006396642242776596,0.0008369538568241071,0.00021117788123006895,-0.01744532041031911
Full Breakthrough_lower,2029,1461819541713.034,14207476279497.51,329257851205.0408,1154.9576300021563,1.3472596142722946,0.0026937515476978,0.0256315754711914,2.6302416542525126e+17,0.3309432872328232,404.95865376204347,0.0065795352692821,0.0080343766370315,5.240775134254011,1.2493945937927018,0.1505819531880648,0.0082174640376517,38068.98574874272,1192.338485682884,0.99004488,0.976215137,0.9291764451306388,1.0,1.0,0.0082174640376517,0.1358600661400125,9.719035677172895,0.0006539575928395222,0.0008504131729002913,0.00020377102499597163,-0.01647435683844994
Full Breakthrough_lower,2030,1507689497079.8853,14405730899282.297,333852396275.3719,1160.717815339064,1.353640692508998,0.0027063732595548,0.0247138146193211,2.5392218722413757e+17,0.3101954370018868,410.6097380983163,0.0066713477233387,0.0081464768963522,5.346398300548078,1.2673949078565794,0.1527638956977164,0.008062945231229,39283.37057605364,1198.275682075167,0.989054835,0.970357846,0.9217751949171974,1.0000060142889846,0.9976628075588144,0.008062945231229,0.1333053929264429,9.554839326786798,0.0006671375270683905,0.0008622804500064643,0.00019647482622360275,-0.015441528853953924
Full Breakthrough_lower,2031,1554518638105.663,14624964966481.66,338932634760.95337,1141.9775084755531,1.3346715125748494,0.002718911546986,0.0234620749308045,2.4193202993669488e+17,0.2805188519178038,416.8579988102902,0.0067728657529617,0.0082704416986547,5.461443803772541,1.2865264357393988,0.1551029417462736,0.0078438663474985,40537.803932107316,1179.0228364699162,0.98806578,0.964535699,0.9144867925075324,1.0000127403600962,0.9971953906417652,0.0078438663474985,0.1296833421943516,9.408034492467484,0.0006814932050794431,0.0008754017975016094,0.00018652349569989575,-0.013964228448468273
Full Breakthrough_lower,2032,1602729721614.6782,14846745013173.977,344071327876.36145,1122.521223953012,1.3147395441810108,0.0027310551107638,0.0220718089897256,2.2842692050259213e+17,0.2424592102057845,423.17819220650654,0.0068755518771258,0.0083958301826907,5.57870458099138,1.305766510974986,0.1574592028272495,0.0075470020847866,41829.326271064434,1159.0277175999738,0.987077715,0.958748485,0.9072813057449542,1.000027676932134,0.996727904499051,0.0075470020847866,0.1247752588511403,9.263411549026836,0.0006961253107584895,0.0008886742036336636,0.00017547088146831853,-0.012069619484043953
Full Breakthrough_lower,2033,1652371123538.65,15071400578860.47,349276073508.3123,1101.5160598992147,1.293852460541464,0.0027428487959869,0.0208959691699044,2.170547449665074e+17,0.2031851496423225,429.5796598832534,0.0069795579238389,0.0085228279682651,5.698323698881193,1.3251592048128449,0.1598374596887199,0.0072157797825392,43159.46345668266,1137.4576445472471,0.986090637,0.952995994,0.9001548904363333,1.0000613428546037,0.9962603178712052,0.0072157797825392,0.1192991309746819,9.121074778034234,0.0007110516963386532,0.000902117285754832,0.00016612295490073996,-0.010114556749194816
Full Breakthrough_lower,2034,1703496025257.9143,15299922953438.338,354569808301.3243,1079.8153884902124,1.272069416877245,0.0027544540374435,0.0196525710949829,2.0489803991687264e+17,0.1503407047530426,436.0906088577424,0.0070853422343705,0.0086519949581052,5.820702134594255,1.3447880449078469,0.1622487006334844,0.006739902899167,44529.94410878704,1115.1676425814958,0.985104546,0.947278018,0.8931299580402503,1.0001381446545317,0.9957926007246812,0.006739902899167,0.1114314160016415,8.981484386570191,0.0007263223967950222,0.0009157902786012589,0.00015623794020511406,-0.00748396028260646
Full Breakthrough_lower,2035,1756154570764.5403,15516562631017.371,359580693070.03406,1055.1974902366346,1.248109072045206,0.0027631245253959,0.0186926096973777,1.9557084075965e+17,0.0955853590542532,442.283045897812,0.0071853980203531,0.0087741615606917,5.924349627887384,1.363168483025177,0.1645136751735457,0.0061556238376986,45942.320318273145,1089.9003899916977,0.984119442,0.94159435,0.8852845199326304,1.000311102361911,0.99532472240849,0.0061556238376986,0.1017714781459231,8.83553355116244,0.0007392558013929039,0.0009287943963854051,0.00014860624709415272,-0.004758239173720724
Full Breakthrough_lower,2036,1810409891015.8352,15711101079565.191,364071883748.91895,1025.6009139288738,1.221266603062764,0.0027671006251265,0.0182232210158451,1.9125836282477677e+17,0.0614251553096932,447.86560311899206,0.0072749926803361,0.0088835472987713,5.96806313753971,1.3795835092783233,0.1665418267408184,0.0054583463315016,47398.81495022448,1059.5747840028405,0.983135322,0.935944784,0.876573413159196,1.000673653182237,0.9941443283520852,0.0054583463315016,0.0902433269211875,8.678201084479033,0.0007447104871625639,0.0009405177665498833,0.00014487460707596857,-0.0030577442313165274
Full Breakthrough_lower,2037,1866372793358.8784,15879807443584.855,367956854035.87823,992.7546641281416,1.1914345288367554,0.0027658327296094,0.0177227425937447,1.8644945512923984e+17,0.0260450693313127,452.7317730071037,0.0073523972591374,0.0089780445425837,5.973133106413381,1.39338747558925,0.1682599184786382,0.0045986451671396,48904.22666878996,1025.9167556476846,0.982152187,0.930329115,0.8662516831230944,1.0013269022972282,0.9929660650833524,0.0045986451671396,0.0760298108637144,8.508379194172804,0.0007453431311046262,0.0009507367233149176,0.00014089580362027036,-0.0012965235513127463
Full Breakthrough_lower,2038,1924129387324.843,16010662073583.918,370956948692.1997,955.8923855901318,1.157946271841078,0.0027573731242957,0.0171570548152249,1.807399166385431e+17,0.0,456.53881742864183,0.0074120433672512,0.0090508559263648,5.926659381778579,1.4033966945469845,0.1695263794764257,0.0037268822097508,50461.98611681887,988.1412870471418,0.981170035,0.924747141,0.8538156144357067,1.0022745452984612,0.9917898747907822,0.0037268822097508,0.0616168761059129,8.32099035493859,0.0007395440185088922,0.0009587315166001477,0.00013639858578103794,-0.0
Full Breakthrough_lower,2039,1983781190423.6072,16103186523093.49,373060957978.0337,915.4449678396549,1.121068727680936,0.0027418327900263,0.016463682852646,1.734755664757651e+17,0.0,459.2729525334176,0.0074537070436429,0.0091017066115029,5.8312481116505905,1.409660374845254,0.1703448174433943,0.0029840665386079,52076.35142175095,946.6865575842534,0.980188865,0.919198658,0.8394569658828285,1.0033657365107664,0.9906157353057958,0.0029840665386079,0.0493358383369722,8.117420711935923,0.0007276383513233562,0.0009644732003201769,0.00013088627867853569,-0.0
Full Breakthrough_lower,2040,2045442855941.867,16184531574871.775,374897972777.1553,874.0910229564787,1.0829226039347235,0.0027239756403632,0.0156883175006607,1.6529495276076925e+17,0.0,461.70777559171177,0.0074899597151047,0.009145947470927,5.718969068547594,1.4148590933524905,0.1710376691449145,0.0024128315687545,53752.3043681089,904.2901631333224,0.979208676,0.913683466,0.8247079898479142,1.0044167702752054,0.9894436559750868,0.0024128315687545,0.0398915596117877,7.912482877659894,0.0007136278794231128,0.0009695863287425946,0.0001247221241302526,-0.0
Full Breakthrough_lower,2041,2109211110739.019,16248848611359.15,376332355105.0215,835.0472204076525,1.038699299122899,0.0028256279827957,0.0148562485247712,1.5645256663314262e+17,0.0,463.6760931185399,0.0075180919422771,0.0091802689274939,5.589916376094059,1.4186964063468988,0.1715668778525567,0.0019788269351355,55493.84571744231,864.0712377830986,0.978229467,0.908201365,0.8095280392398113,1.005349449175622,0.9879718485672814,0.0019788269351355,0.0327161222799806,7.703756408558804,0.000697524347799563,0.0009737197955489338,0.00011810717577193104,-0.0
Full Breakthrough_lower,2042,2175473368491.968,16307177133228.998,377619726840.8217,795.3632118600206,0.9936955256387424,0.0029267307341891,0.0140022862588242,1.473542227212858e+17,0.0,465.49195683110435,0.0075432121440657,0.009210923538005,5.454597176241923,1.42208882313462,0.1720526945174884,0.0016335248130381,57321.24818023088,823.190727647828,0.977251238,0.902752157,0.7941212942863948,1.0061901278906942,0.9865007660386104,0.0016335248130381,0.0270072114856656,7.495921287481947,0.0006806388650354052,0.000977533109345319,0.0001113181757576524,-0.0
Full Breakthrough_lower,2043,2244359634284.678,16354031815587.207,378633324663.8155,754.8331984070928,0.9476419014377924,0.0030261304437994,0.0131106430405729,1.3781783122987424e+17,0.0,466.99915807006823,0.0075627880063113,0.0092348189493499,5.308905123845657,1.4246675421530044,0.1724473252182165,0.0013608673736986,59240.6659611083,781.435191737358,0.976273987,0.897335644,0.778197663719137,1.0069609340943342,0.98503044940858,0.0013608673736986,0.0224993417131292,7.286725160158906,0.0006624590306711754,0.0009806982319471432,0.00010422961217255456,-0.0
Full Breakthrough_lower,2044,2316009124856.39,16394839580833.12,379499207237.87946,713.7839999103996,0.9009341916709585,0.0031246318705665,0.0122036961106062,1.2808199848495896e+17,0.0,468.3524715031342,0.0075793393768686,0.0092550286452882,5.1579462872291035,1.4267307592158864,0.1727862184015005,0.0011659501155481,61258.862568606266,739.1424344245144,0.975297713,0.8919516299999999,0.7621397123840228,1.007637256713134,0.983560935798706,0.0011659501155481,0.0192767572925804,7.0789183880481135,0.0006436219932325012,0.0009835401901565819,9.70193840793193e-05,-0.0
Full Breakthrough_lower,2045,2390567139713.3545,16431666817830.26,380225164529.6651,672.2788028049808,0.8536940207651106,0.0032222994724767,0.0112929862655331,1.182743435026534e+17,0.0,469.7340127828711,0.0075925720794064,0.009271191787081,5.004739464013395,1.428148830422172,0.1730529895911218,0.0010459609375433,63383.04027321855,696.3789679257779,0.974322415,0.88659992,0.7461077079817934,1.008170797167408,0.9820922683490876,0.0010459609375433,0.0172929655065605,6.873543329889714,0.0006245044461616713,0.0009864414268440293,8.977924081098814e-05,-0.0
Full Breakthrough_lower,2046,2468187210874.351,16451800940870.61,380518467680.54407,629.8852193951205,0.8052915323992096,0.0033162397681528,0.0103707714340025,1.0829527961307453e+17,0.0,470.7756738723306,0.0075966576623131,0.0092761893682917,4.844710717455118,1.4282252598038152,0.1731560709173783,0.0009846213221683,65620.99038137338,652.6944825330847,0.9733480920000002,0.881280321,0.7300564362433555,1.0085493150915,0.9798121720068518,0.0009846213221683,0.0162788321725216,6.665540145572097,0.0006045356416998342,0.0009886289151318942,8.244763290031989e-05,-0.0
Full Breakthrough_lower,2047,2548785168785.63,16469574967276.557,380674231728.8956,587.1505018645468,0.7564375556530372,0.003408554414653,0.0094561582968394,9.837616307130306e+16,0.0,471.9998142639218,0.0075970776610833,0.0092767173996558,4.685350463737322,1.4276616713205066,0.1731850125797579,0.0009623527691244,67966.54714461902,608.6561387335097,0.972374744,0.8759926389999999,0.7141515739141576,1.0087920630425813,0.9775404503950322,0.0009623527691244,0.015910664198129,6.461735249002369,0.0005846502535185266,0.0009911996099542357,7.517645845987323e-05,-0.0
Full Breakthrough_lower,2048,2632515670175.639,16489848067636.955,380808829528.11206,544.254462111245,0.7072904640235974,0.0034998015462953,0.0085622291434285,8.865706606184046e+16,0.0,473.5334627826024,0.0075961995070301,0.0092756673203337,4.52986120976182,1.4269215127988488,0.1731955954693296,0.0009638870431435,70427.44361651734,564.4482085548254,0.9714023699999998,0.870736683,0.6985686140089935,1.008933159108488,0.9752772228002152,0.0009638870431435,0.0159360304873828,6.26391259678115,0.0005652478987833227,0.000994420271843465,6.806972169025658e-05,-0.0
Full Breakthrough_lower,2049,2719539049182.9565,16518510839597.168,381062591284.95544,501.3582135397819,0.657996884080258,0.0035909036263651,0.0077035668968774,7.931983427869005e+16,0.0,475.53292539440247,0.007596869892966,0.0092765149327317,4.38261209245779,1.4265412808853335,0.173252140490139,0.0009793807983545,73011.84775056623,520.2360454767626,0.970430967,0.865512263,0.6835175223444941,1.0090071692619615,0.97302262037726,0.0009793807983545,0.0161921901247198,6.074011272079325,0.0005468737697979937,0.0009986191433282452,6.124335683017533e-05,-0.0
Full Breakthrough_lower,2050,2810020886225.781,16561200044550.506,381570000653.0836,458.5547793294277,0.6086286732745391,0.0036828881681568,0.0068903516967468,7.049706057883713e+16,0.0,478.1472753502527,0.007601818848073,0.009282592016707,4.247081171502565,1.4270171787860348,0.173414294385831,0.0010031056362725,75728.33544841001,476.11490771240193,0.969460536,0.860319189,0.6691892009320837,1.0090402322521133,0.9707767827630656,0.0010031056362725,0.0165844349868739,5.893621690048833,0.0005299618679222765,0.0010041092782355305,5.477829598913706e-05,-0.0
Full Breakthrough_upper,1940,,,8953488372.093023,33.29504174418605,0.038634302325581404,7.72686046511613e-05,0.0007991461167132466,8143954060388877.0,0.010744186046511629,11.021423338259904,0.00017906976744185734,0.00021866507026266997,0.1375511575075342,0.0339167610135496,0.004085080603439601,0.0010578585596153222,,,,,,,,6.398432532486963e-05,0.0010578585596153222,,0.0008335002096445669,9.14778137075572e-05,0.00034255398292913316,-7.381255813953489e-05
Full Breakthrough_upper,1941,,,9651162790.697676,35.88946058139537,0.04164476744186048,8.328953488371934e-05,0.0008614172426909024,8778547883276322.0,0.011581395348837212,11.880235546436003,0.00019302325581395014,0.0002357039069065144,0.1482694295211083,0.03655962550811191,0.004403398572538791,0.0011510720773905522,,,,,,,,6.962232294921616e-05,0.0011510720773905522,,0.0008984482779285593,9.860595503541883e-05,0.00036924650107945527,-7.956418604651165e-05
Full Breakthrough_upper,1942,,,10465116279.069769,38.91628255813955,0.04515697674418606,9.031395348837037e-05,0.0009340668896648338,9518907343311674.0,0.012558139534883724,12.88218312264145,0.00020930232558139173,0.00025558254965766625,0.1607740802036114,0.0396429674184346,0.004774769536487845,0.0012600660799265446,,,,,,,,7.621479947014026e-05,0.0012600660799265446,,0.0009742210242598834,0.00010692211991792404,0.000400387772254831,-8.627441860465118e-05
Full Breakthrough_upper,1943,,,11279069767.441858,41.94310453488372,0.048669186046511624,9.733837209302137e-05,0.0010067165366387648,1.0259266803347024e+16,0.013534883720930231,13.88413069884689,0.00022558139534883324,0.00027546119240881795,0.17327873088611448,0.04272630932875728,0.005146140500436898,0.001371161192530727,,,,,,,,8.293436113767916e-05,0.001371161192530727,,0.0010499937705912075,0.0001152382848004292,0.00043152904343020653,-9.298465116279068e-05
Full Breakthrough_upper,1944,,,12209302325.581396,45.40232965116281,0.05268313953488374,0.00010536627906976543,0.0010897447046089726,1.1105391900530286e+16,0.014651162790697676,15.02921364308169,0.0002441860465116237,0.0002981796412672772,0.18756976023754662,0.04625012865484037,0.005570564459235819,0.0014986920194253938,,,,,,,,9.06480331052674e-05,0.0014986920194253938,,0.001136591194969864,0.000124742473237578,0.0004671190676306361,-0.00010065348837209304
Full Breakthrough_upper,1945,,,13139534883.72093,48.86155476744187,0.056697093023255825,0.00011339418604650945,0.00117277287257918,1.1951516997713544e+16,0.015767441860465116,16.174296587316483,0.00026279069767441406,0.0003208980901257365,0.20186078958897874,0.04977394798092344,0.005994988418034738,0.0016287296201401556,,,,,,,,9.851332669576821e-05,0.0016287296201401556,,0.0012231886193485202,0.0001342466616747268,0.0005027090918310655,-0.00010832232558139535
Full Breakthrough_upper,1946,,,14302325581.39535,53.18558616279072,0.061714534883720945,0.0001234290697674395,0.0012765580825419393,1.3009173369192622e+16,0.017162790697674422,17.60565026760998,0.000286046511627902,0.00034929615119881044,0.21972457627826888,0.05417872213852729,0.006525518366533387,0.0017904618394692217,,,,,,,,0.00010829566181325991,0.0017904618394692217,,0.0013314353998218407,0.00014612689722116285,0.0005471966220816023,-0.00011790837209302329
Full Breakthrough_upper,1947,,,15348837209.302324,57.07721441860466,0.06623023255813953,0.0001324604651162765,0.0013699647715084225,1.3961064103523786e+16,0.01841860465116279,18.893868579874123,0.00030697674418604117,0.00037485440616457705,0.23580198429863,0.05814301888037074,0.00700299532018217,0.0019407343108946871,,,,,,,,0.00011738485678329024,0.0019407343108946871,,0.0014288575022478288,0.0001568191092129552,0.0005872353993070852,-0.00012653581395348837
Full Breakthrough_upper,1948,,,16627906976.744184,61.833648953488385,0.07174941860465117,0.00014349883720929954,0.0014841285024674578,1.5124486112150768e+16,0.019953488372093025,20.468357628196966,0.0003325581395348779,0.0004060922733449585,0.25545214965684915,0.06298827045373497,0.007586578263530685,0.0021237531483990642,,,,,,,,0.000128454707977497,0.0021237531483990642,,0.001547928960768481,0.0001698873683140348,0.0006361716825826758,-0.00013708046511627908
Full Breakthrough_upper,1949,,,17906976744.186047,66.5900834883721,0.07726860465116281,0.0001545372093023226,0.0015982922334264933,1.6287908120777754e+16,0.021488372093023258,22.042846676519808,0.0003581395348837147,0.00043733014052533994,0.2751023150150684,0.0678335220270992,0.008170161206879202,0.0023105166563142762,,,,,,,,0.00013975105467776503,0.0023105166563142762,,0.0016670004192891339,0.0001829556274151144,0.0006851079658582663,-0.00014762511627906978
Full Breakthrough_upper,1950,,,19418604651.162792,72.21132430232561,0.08379127906976745,0.00016758255813953169,0.0017332130063780803,1.7662861403700552e+16,0.023302325581395354,23.903606460901354,0.0003883720930232491,0.0004742476199203362,0.2983252377111456,0.0735597284319842,0.008859850139927445,0.0025314578096841027,,,,,,,,0.00015311462819746842,0.0025314578096841027,,0.0018077212339044507,0.00019839993362548124,0.0007429417551839641,-0.00016008697674418609
Full Breakthrough_upper,1951,,,20930232558.139538,77.8325651162791,0.09031395348837212,0.00018062790697674074,0.0018681337793296675,1.9037814686623348e+16,0.025116279069767447,25.7643662452829,0.00041860465116278346,0.0005111650993153325,0.3215481604072228,0.0792859348368692,0.00954953907297569,0.0027570139715237855,,,,,,,,0.0001667573394153341,0.0027570139715237855,,0.0019484420485197669,0.00021384423983584808,0.000800775544509662,-0.00017254883720930236
Full Breakthrough_upper,1952,,,22558139534.883717,83.88620906976745,0.09733837209302325,0.00019467674418604275,0.0020134330732775297,2.051853360669405e+16,0.027069767441860463,27.76826139769378,0.0004511627906976665,0.0005509223848176359,0.34655746177222896,0.08545261865751456,0.010292281000873796,0.0030028096653993497,,,,,,,,0.00018162423395188265,0.0030028096653993497,,0.002099987541182415,0.0002304765696008584,0.0008630580868604131,-0.00018596930232558137
Full Breakthrough_upper,1953,,,24418604651.162792,90.80465930232562,0.10536627906976748,0.00021073255813953086,0.0021794894092179453,2.2210783801060572e+16,0.029302325581395353,30.05842728616338,0.0004883720930232474,0.0005963592825345544,0.37513952047509325,0.09250025730968074,0.011141128918471637,0.0032851360685411963,,,,,,,,0.00019870067981719492,0.0032851360685411963,,0.002273182389939728,0.000249484946475156,0.0009342381352612722,-0.00020130697674418607
Full Breakthrough_upper,1954,,,26395348837.2093,98.15551267441863,0.11389593023255815,0.0002277918604651119,0.0023559242661546358,2.4008799632574996e+16,0.031674418604651165,32.491728542662315,0.0005279069767441768,0.0006446359863587803,0.4055079578468865,0.09998837337760726,0.01204302983091934,0.003589362610267548,,,,,,,,0.00021710175039638208,0.003589362610267548,,0.0024572019167443723,0.0002696813469040972,0.0010098669366871847,-0.0002176032558139535
Full Breakthrough_upper,1955,,,28488372093.023254,105.93876918604653,0.12292732558139537,0.00024585465116278596,0.0025427376440876025,2.5912581101237332e+16,0.03418604651162791,35.06816516719061,0.0005697674418604552,0.0006957524962903135,0.43766277388760877,0.10791696686129418,0.012997983738216909,0.0039162053794443265,,,,,,,,0.00023687075815550352,0.0039162053794443265,,0.0026520461215963492,0.00029106577088768205,0.0010899444911381508,-0.00023485813953488374
Full Breakthrough_upper,1956,,,30813953488.372093,114.58683197674421,0.1329622093023256,0.0002659244186046461,0.002750308064013121,2.8027893844195484e+16,0.03697674418604652,37.930872527777595,0.0006162790697674312,0.0007525486184364617,0.4733903472661891,0.11672651517650187,0.014059043635214208,0.004282572680064256,,,,,,,,0.0002590303978712176,0.004282572680064256,,0.0028685396825429903,0.000314826241980554,0.0011789195516392244,-0.00025403023255813955
Full Breakthrough_upper,1957,,,33255813953.48837,123.66729790697677,0.14349883720930234,0.0002869976744185991,0.0029682570049349155,3.0248972224301536e+16,0.03990697674418605,40.93671525639393,0.0006651162790697558,0.000812184546689917,0.5109042993136983,0.12597654090746993,0.01517315652706137,0.004673444964885913,,,,,,,,0.00028267221577322387,0.004673444964885913,,0.003095857921536962,0.0003397747366280696,0.0012723433651653515,-0.00027416093023255816
Full Breakthrough_upper,1958,,,35930232558.139534,133.6125701162791,0.15503895348837213,0.00031007790697673825,0.0032069629878492623,3.2681581878703412e+16,0.04311627906976744,44.228828721068965,0.0007186046511627782,0.0008775000871579872,0.5519910086990657,0.13610752146995878,0.016393375408608264,0.005106175420567329,,,,,,,,0.0003088458152612,0.005106175420567329,,0.0033448255166255996,0.0003670992783848724,0.0013746646847415862,-0.0002962088372093024
Full Breakthrough_upper,1959,,,38720930232.558136,143.9902454651163,0.16708081395348837,0.0003341616279069703,0.0034560474917598844,3.5219957170253188e+16,0.04646511627906977,47.66407755377335,0.0007744186046511493,0.0009456554337333649,0.594864096753362,0.146678979448208,0.01766664728500502,0.00556548195346593,,,,,,,,0.00033662686250773247,0.00556548195346593,,0.003604617789761568,0.00039561184369631884,0.0014814347573428744,-0.0003192153488372093
Full Breakthrough_upper,1960,,,41860465116.279076,155.6651302325582,0.18062790697674425,0.0003612558139534815,0.003736267558659335,3.8075629373246696e+16,0.050232558139534894,51.5287324905658,0.0008372093023255669,0.001022330198630665,0.6430963208144456,0.1585718696737384,0.01909907814595138,0.006086095272323026,,,,,,,,0.00036811603623463,0.006086095272323026,,0.0038968840970395337,0.00042768847967169615,0.001601551089019324,-0.0003450976744186047
Full Breakthrough_upper,1961,,,45930232558.139534,170.79924011627912,0.19818895348837212,0.0003963779069767366,0.004099515793528992,4.177742667342346e+16,0.055116279069767446,56.538470371593014,0.0009186046511627747,0.0011217234123864239,0.7056195742269611,0.17398857922535185,0.02095593296569665,0.006755675121687993,,,,,,,,0.0004086154154033579,0.006755675121687993,,0.004275747828696155,0.000469269304084222,0.0017572574448962025,-0.00037864883720930236
Full Breakthrough_upper,1962,,,50581395348.83721,188.09536569767448,0.2182587209302326,0.00043651744186045673,0.0045146566333800296,4.600805215933975e+16,0.060697674418604665,62.263885092767,0.0010116279069767265,0.0012353156566787201,0.7770747209841217,0.1916076758557672,0.02307805275969125,0.007527580369803404,,,,,,,,0.0004553039221668242,0.007527580369803404,,0.004708734950589436,0.000516790246269966,0.0019352075658983497,-0.00041699302325581405
Full Breakthrough_upper,1963,,,53372093023.25581,198.47304104651167,0.23030058139534887,0.00046060116279068885,0.004763741137290651,4.854642745088954e+16,0.06404651162790698,65.69913392547139,0.0010674418604650977,0.0013034710032540976,0.8199478090384181,0.20217913383401645,0.024351324636088006,0.008037736854522692,,,,,,,,0.0004861606167486978,0.008037736854522692,,0.004968527223725406,0.0005453028115814124,0.0020419776384996377,-0.000439999534883721
Full Breakthrough_upper,1964,,,55813953488.37209,207.55350697674425,0.24083720930232563,0.0004816744186046419,0.0049816900782124465,5.076750583099559e+16,0.06697674418604652,68.70497665408773,0.0011162790697674223,0.0013631069315075532,0.8574617610859274,0.2114291595649845,0.02546543752793517,0.008507054468411645,,,,,,,,0.0005145471818663276,0.008507054468411645,,0.005195845462719379,0.0005702513062289282,0.0021354014520257652,-0.0004601302325581396
Full Breakthrough_upper,1965,,,59651162790.69768,221.82281058139543,0.2573947674418605,0.0005147895348837111,0.005324181271089553,5.425777185687654e+16,0.07158139534883722,73.42844379905625,0.0011930232558139326,0.0014568205330486974,0.9164122571605849,0.22596491428507723,0.027216186357980714,0.009203131943679452,,,,,,,,0.000556649263684378,0.009203131943679452,,0.005553059838281335,0.0006094560835321669,0.0022822103018525367,-0.0004917641860465116
Full Breakthrough_upper,1966,,,64651162790.697685,240.41614558139545,0.2789697674418606,0.0005579395348837103,0.005770457673929418,5.880569425423657e+16,0.07758139534883722,79.58326462431829,0.0012930232558139312,0.001578932195662916,0.9932265399245327,0.2449054431627738,0.029497465136524906,0.010098069910294227,,,,,,,,0.0006107793753906913,0.010098069910294227,,0.006018520994316614,0.0006605410963818418,0.002473506681929845,-0.0005329841860465118
Full Breakthrough_upper,1967,,,76279069767.44185,283.65645953488377,0.32914418604651163,0.0006582883720930105,0.006808309773557009,6.93822579690273e+16,0.09153488372093023,93.89680142725321,0.0015255813953488104,0.0018629128063936556,1.171864406817434,0.2889531847388121,0.03480276462151139,0.012063666693558617,,,,,,,,0.0007296680329477468,0.012063666693558617,,0.007100988799049816,0.0007793434518462017,0.0029183819844352116,-0.0006288446511627906
Full Breakthrough_upper,1968,,,86395348837.2093,321.27553267441874,0.3727959302325582,0.0007455918604651019,0.007711241100233016,7.858386840089526e+16,0.10367441860465117,106.34957844580661,0.001727906976744156,0.0021099759377294,1.3272793510142584,0.32727471990996565,0.03941837517344965,0.013837081676967292,,,,,,,,0.0008369326196952239,0.013837081676967292,,0.008042735789167704,0.0008827015011001948,0.003305423497614882,-0.0007122432558139536
Full Breakthrough_upper,1969,,,90465116279.06976,336.40964255813964,0.39035697674418607,0.000780713953488357,0.008074489335102674,8.228566570107202e+16,0.10855813953488372,111.35931632683383,0.0018093023255813638,0.0022093691514851587,1.389802604426774,0.34269142946157904,0.04127522999319492,0.014675250579388581,,,,,,,,0.0008876290679512313,0.014675250579388581,,0.008421599520824325,0.0009242823255127208,0.003461129853491761,-0.0007457944186046511
Full Breakthrough_upper,1970,,,90697674418.60464,337.2744488372094,0.3913604651162791,0.0007827209302325431,0.008095246377095223,8.249719697536782e+16,0.10883720930232559,111.64558706289253,0.0018139534883720612,0.0022150487636997734,1.3933753617646318,0.34357238429309983,0.04138133598289465,0.014904678747502412,,,,,,,,0.0009015059765547996,0.014904678747502412,,0.008443248876918987,0.000926658372622008,0.0034700273595418673,-0.0007477116279069767
Full Breakthrough_upper,1971,,,104651162790.69768,389.16282558139545,0.45156976744186056,0.0009031395348837037,0.009340668896648337,9.518907343311674e+16,0.12558139534883722,128.82183122641447,0.002093023255813917,0.0025558254965766625,1.607740802036114,0.396429674184346,0.04774769536487844,0.01742474176041896,,,,,,,,0.001053931393158942,0.01742474176041896,,0.009742210242598833,0.0010692211991792401,0.00400387772254831,-0.0008627441860465117
Full Breakthrough_upper,1972,,,111627906976.74419,415.1070139534885,0.48167441860465127,0.0009633488372092838,0.009963380156424893,1.0153501166199118e+17,0.13395348837209303,137.40995330817546,0.0022325581395348446,0.0027262138630151063,1.7149235221718548,0.422858319129969,0.05093087505587034,0.018835042011969488,,,,,,,,0.0011392330710446588,0.018835042011969488,,0.010391690925438757,0.0011405026124578564,0.0042708029040515304,-0.0009202604651162792
Full Breakthrough_upper,1973,,,115581395348.83722,429.8087206976746,0.4987337209302327,0.0009974674418604462,0.010316249870298274,1.0513104332502005e+17,0.13869767441860467,142.27655582117333,0.0023116279069767044,0.002822767270663558,1.7756603969154414,0.43783455126582216,0.052734676880765746,0.019766555587192515,,,,,,,,0.0011955754498058386,0.019766555587192515,,0.010759729979048047,0.0011808954133157388,0.004422060506903355,-0.0009528530232558141
Full Breakthrough_upper,1974,,,111627906976.74419,415.1070139534885,0.48167441860465127,0.0009633488372092838,0.009963380156424893,1.0153501166199118e+17,0.13395348837209303,137.40995330817546,0.0022325581395348446,0.0027262138630151063,1.7149235221718548,0.422858319129969,0.05093087505587034,0.019352851186622073,,,,,,,,0.0011705526367711213,0.019352851186622073,,0.010391690925438757,0.0011405026124578564,0.0042708029040515304,-0.0009202604651162792
Full Breakthrough_upper,1975,,,111744186046.51163,415.53941709302336,0.48217616279069775,0.0009643523255813769,0.009973758677421169,1.0164077729913909e+17,0.13409302325581396,137.5530886762048,0.0022348837209301936,0.0027290536691224132,1.7167099008407836,0.4232987965457294,0.050983928050720204,0.01964302139704881,,,,,,,,0.0011881035134689304,0.01964302139704881,,0.010402515603486087,0.0011416906360125,0.004275251657076584,-0.000921219069767442
Full Breakthrough_upper,1976,,,112093023255.81396,416.8366265116281,0.48368139534883736,0.0009673627906976559,0.010004894240409998,1.0195807421058282e+17,0.1345116279069768,137.98249478029285,0.0022418604651162403,0.002737573087444336,1.7220690368475708,0.4246202287930106,0.051143087035269805,0.01998285261882923,,,,,,,,0.0012086581247185222,0.01998285261882923,,0.010434989637628083,0.0011452547066764308,0.004288597916151745,-0.0009240948837209306
Full Breakthrough_upper,1977,,,118720930232.55814,441.4836054651164,0.5122808139534885,0.0010245616279069571,0.010596469937197725,1.0798671552801352e+17,0.14246511627906977,146.14121075796575,0.0023744186046511214,0.002899442035560858,1.8238926209765245,0.4497274414913525,0.054167107741712094,0.021467848233900095,,,,,,,,0.0012984777340387425,0.021467848233900095,,0.01105199628632601,0.0012129720492911158,0.004542176838579804,-0.0009787353488372094
Full Breakthrough_upper,1978,,,122906976744.18605,457.0501184883722,0.5303436046511629,0.0010606872093023051,0.010970096693063657,1.117942784653382e+17,0.1474883720930233,151.29408400702235,0.0024581395348836784,0.0030016750554239242,1.8882022530579694,0.4655846284587264,0.05607701555630724,0.02254806947843901,,,,,,,,0.0013638146610836462,0.02254806947843901,,0.011441684696029965,0.0012557408972582854,0.004702331947481737,-0.00101324511627907
Full Breakthrough_upper,1979,,,128023255813.95348,476.07585662790706,0.5524203488372093,0.0011048406976743971,0.011426751616899797,1.1644796649984613e+17,0.1536279069767442,157.5920402003137,0.002560465116279025,0.0031266265241454497,1.9668029144908457,0.4849656347521832,0.05841134732970129,0.023833355721257516,,,,,,,,0.0014415548961543758,0.023833355721257516,,0.011917970530112572,0.0013080139336626038,0.004898077080584098,-0.0010554237209302326
Full Breakthrough_upper,1980,,,128953488372.09303,479.5350817441862,0.5564343023255814,0.0011128686046511416,0.011509779784870007,1.172940915970294e+17,0.15474418604651166,158.73712314454852,0.0025790697674418156,0.0031493449730039093,1.981093943842278,0.4884894540782663,0.05883577128850022,0.024366185751514703,,,,,,,,0.0014737829947871776,0.024366185751514703,,0.012004567954491232,0.0013175181220997528,0.004933667104784528,-0.001063092558139535
Full Breakthrough_upper,1981,,,127093023255.81395,472.61663151162804,0.5484063953488373,0.0010968127906976534,0.011343723448929591,1.1560184140266286e+17,0.15251162790697678,156.44695725607892,0.002541860465116235,0.003103908075286991,1.9525118851394136,0.4814418154261002,0.057986923370902374,0.024379892216714247,,,,,,,,0.0014746120271000613,0.024379892216714247,,0.011831373105733917,0.0012985097452254551,0.004862487056383669,-0.0010477548837209306
Full Breakthrough_upper,1982,,,128488372093.02325,477.80546918604665,0.5544273255813954,0.0011088546511627694,0.011468265700884902,1.1687102904843776e+17,0.1541860465116279,158.1645816724311,0.0025697674418604204,0.0031379857485746795,1.973948429166562,0.48672754441522476,0.05862355930910075,0.02502822132783548,,,,,,,,0.0015138260603812677,0.02502822132783548,,0.011961269242301903,0.0013127660278811782,0.004915872092684313,-0.0010592581395348836
Full Breakthrough_upper,1983,,,130232558139.53488,484.2915162790699,0.5619534883720931,0.0011239069767441645,0.011623943515829042,1.1845751360565638e+17,0.15627906976744188,160.31161219287134,0.002604651162790652,0.0031805828401842906,2.000744109200497,0.4933347056516305,0.05941935423184873,0.025765906324975756,,,,,,,,0.001558444763340445,0.025765906324975756,,0.012123639413011882,0.001330586381200832,0.004982603388060118,-0.0010736372093023256
Full Breakthrough_upper,1984,,,138953488372.09305,516.7217517441862,0.5995843023255816,0.00119916860465114,0.012402332590549738,1.2638993639174947e+17,0.16674418604651167,171.0467647950726,0.0027790697674418127,0.0033935682982323464,2.1347225093701736,0.5263705118336595,0.06339832884558862,0.027929417426204535,,,,,,,,0.0016893042217120137,0.027929417426204535,,0.012935490266561786,0.0014196881477991025,0.005316259864939145,-0.0011455325581395353
Full Breakthrough_upper,1985,,,143488372093.02325,533.5854741860467,0.6191523255813954,0.001238304651162767,0.012807094909404498,1.3051479624051782e+17,0.17218604651162792,176.62904414821716,0.002869767441860415,0.0035043207364173342,2.204391277458405,0.5435491310483144,0.06546739564473333,0.029307988674229155,,,,,,,,0.001772686778307476,0.029307988674229155,,0.013357652710407734,0.0014660210664302026,0.005489761232916238,-0.0011829181395348837
Full Breakthrough_upper,1986,,,151046511627.90698,561.6916782558142,0.6517656976744187,0.0013035313953488122,0.013481698774162432,1.3738956265513182e+17,0.1812558139534884,185.9328430701249,0.0030209302325580867,0.0036889081333923157,2.320505890938791,0.5721801630727393,0.06891584030997455,0.03135962100067646,,,,,,,,0.001896779275389656,0.03135962100067646,,0.014061256783484317,0.0015432425974820367,0.005778930179544726,-0.0012452274418604651
Full Breakthrough_upper,1987,,,157674418604.65115,586.3386572093025,0.6803651162790698,0.0013607302325581133,0.014073274470950161,1.4341820397256253e+17,0.18920930232558142,194.0915590477978,0.0031534883720929683,0.003850777081508837,2.4223294750677447,0.5972873757710813,0.07193986101641685,0.03328356518017683,,,,,,,,0.002013148585038014,0.03328356518017683,,0.014678263432182242,0.0016109599400967217,0.006032509101972786,-0.0012998679069767443
Full Breakthrough_upper,1988,,,164418604651.1628,611.4180393023258,0.7094662790697677,0.0014189325581395078,0.014675228688734167,1.495526109271412e+17,0.19730232558139538,202.39341039350012,0.003288372093023199,0.004015485835732667,2.525939437865628,0.6228350658851837,0.07501693471770902,0.03529796968367998,,,,,,,,0.0021349893660351418,0.03529796968367998,,0.015306094758927502,0.001679865306266051,0.0062905367774259,-0.0013554669767441862
Full Breakthrough_upper,1989,,,170348837209.30234,633.4705994186048,0.7350552325581398,0.001470110465116251,0.015204533259544238,1.5494665842168445e+17,0.20441860465116282,209.6933141629969,0.0034069767441859875,0.004160315947205345,2.6170447499810074,0.6452994140889633,0.07772263745505215,0.037204370037199695,,,,,,,,0.0022502975415093834,0.037204370037199695,,0.015858153339341433,0.0017404545075528743,0.006517423181703637,-0.0014043558139534887
Full Breakthrough_upper,1990,,,173929000000.0,646.7840326430002,0.7505036350000001,0.0015010072699999713,0.015524081693906976,1.5820311893008624e+17,0.20871480000000003,214.10036626339976,0.0034785799999999395,0.004247751873365675,2.6720462773701303,0.6588614494337759,0.07935610733468257,0.033704499355495555,,,,,,,,0.002038608689292162,0.033704499355495555,,0.01619143868161196,0.001777033039986218,0.006654397618093225,-0.0014338706760000002
Full Breakthrough_upper,1991,,,168203000000.0,625.4909454010002,0.7257959450000001,0.0014515918899999723,0.015013005957374762,1.5299483820062954e+17,0.2018436,207.05186545430968,0.0033640599999999413,0.004107909597339872,2.5840785607488574,0.6371707557630378,0.07674358687749376,0.03344886019122383,,,,,,,,0.0020231464147717495,0.03344886019122383,,0.01565839256572036,0.0017185304832707704,0.0064353250036286915,-0.001386665532
Full Breakthrough_upper,1992,,,168593000000.0,626.9412255310002,0.7274787950000001,0.001454957589999972,0.015047815516796272,1.533495761476236e+17,0.20231160000000004,207.53194147868012,0.0033718599999999414,0.004117434307023781,2.5900700748044456,0.6386481170154982,0.07692152662222021,0.03679796777452684,,,,,,,,0.002225716396562105,0.03679796777452684,,0.015694698535891113,0.001722515114273045,0.006450246121274722,-0.0013898806920000003
Full Breakthrough_upper,1993,,,169513000000.0,630.3623991710002,0.7314485950000001,0.0014628971899999718,0.015129930374918808,1.5418639386873786e+17,0.20341560000000003,208.66442851052832,0.003390259999999941,0.004139902852944797,2.604203902833012,0.6421331743289944,0.07734128191747233,0.04014707535782987,,,,,,,,0.0024282863783524618,0.04014707535782987,,0.0157803433886016,0.001731914756637385,0.006485444655208947,-0.0013974651720000003
Full Breakthrough_upper,1994,,,177599000000.0,660.4315405330002,0.7663396850000002,0.0015326793699999704,0.015851648573591438,1.615412939697485e+17,0.21311880000000002,218.61800474914207,0.003551979999999938,0.004337381833724511,2.728427960918868,0.6727637976300052,0.081030565958134,0.04279962485132826,,,,,,,,0.0025887252084679326,0.04279962485132826,,0.016533087170141854,0.0018145294394178793,0.00679480916106997,-0.0014641261560000003
Full Breakthrough_upper,1995,,,181923000000.0,676.5110566410001,0.7849977450000002,0.0015699954899999699,0.016237588406767353,1.6547433725898547e+17,0.21830760000000002,223.94069379882868,0.0036384599999999367,0.0044429839995532875,2.79485695265313,0.6891435670034372,0.08300341584581901,0.045663252553858356,,,,,,,,0.0027619310542424604,0.045663252553858356,,0.01693561797788116,0.0018587077585302781,0.006960242270560826,-0.0014997732120000003
Full Breakthrough_upper,1996,,,190157000000.0,707.1305607190002,0.8205274550000002,0.0016410549099999685,0.01697251638696404,1.7296385586295795e+17,0.2281884,234.07645273387018,0.0038031399999999336,0.004644077485546382,2.921354713508799,0.7203348299592278,0.08676022573832559,0.04831580204735676,,,,,,,,0.0029223698843579313,0.04831580204735676,,0.017702139409640057,0.0019428345576911225,0.0072752691492721355,-0.001567654308
Full Breakthrough_upper,1997,,,195947000000.0,728.6616426490002,0.8455113050000002,0.0016910226099999676,0.017489304461452606,1.7823034999910083e+17,0.23513640000000002,241.20373524952362,0.003918939999999932,0.004785482790853647,3.0103056529494507,0.7422679623996004,0.08940194656387976,0.05072912957061922,,,,,,,,0.0030683394300598053,0.05072912957061922,,0.018241143428328912,0.002001991002571046,0.007496790357401659,-0.0016153870680000002
Full Breakthrough_upper,1998,,,199811000000.0,743.0305719370002,0.8621844650000001,0.001724368929999967,0.017834186865567255,1.8174498442778067e+17,0.23977320000000005,245.9601807832861,0.00399621999999993,0.004879850683721914,3.0696677306694293,0.7569052031162843,0.09116491880393872,0.052624142825037176,,,,,,,,0.0031829588595322198,0.052624142825037176,,0.018600851809712972,0.0020414695005012743,0.0076446241999254035,-0.0016472418840000002
Full Breakthrough_upper,1999,,,206256000000.0,766.9973807520003,0.8899946400000002,0.001779989279999966,0.01840943714882784,1.8760725639797773e+17,0.2475072,253.89374482704883,0.004125119999999928,0.005037252616831642,3.1686813411521575,0.7813195448396352,0.09410548714948218,0.055682431542563186,,,,,,,,0.0033679387308589875,0.055682431542563186,,0.019200831239842443,0.0021073180820645053,0.007891205233845053,-0.001700374464
Full Breakthrough_upper,2000,,,216938000000.0,806.7201816460002,0.9360874700000003,0.001872174939999964,0.019362862055854926,1.973234378076977e+17,0.26032560000000005,267.04290403813866,0.004338759999999924,0.005298131972840658,3.3327873748490555,0.821784090733946,0.09897921113196399,0.060934892276001865,,,,,,,,0.0036856325787460375,0.060934892276001865,,0.02019524245359621,0.0022164561035165507,0.008299890820242213,-0.0017884368720000004
Full Breakthrough_upper,2001,,,208673000000.0,775.9853988910002,0.9004239950000001,0.0018008479899999654,0.018625167161960627,1.8980572208486157e+17,0.2504076,256.8689852139805,0.0041734599999999275,0.005096281394539355,3.20581336544025,0.7904753964991137,0.09520825731103044,0.06134661452111206,,,,,,,,0.0037105355015755277,0.06134661452111206,,0.019425835162669897,0.0021320125772760386,0.007983677903974423,-0.0017203002120000001
Full Breakthrough_upper,2002,,,209095000000.0,777.5546763650002,0.9022449250000002,0.0018044898499999654,0.018662832890360314,1.9018956673519875e+17,0.250914,257.38845209163264,0.004181899999999928,0.005106587618863995,3.212296490905527,0.7920739771363912,0.09540079723993958,0.05982082031865098,,,,,,,,0.0036182481993254326,0.05982082031865098,,0.019465120084239274,0.002136324152360551,0.00799982331845295,-0.00172377918
Full Breakthrough_upper,2003,,,208964000000.0,777.0675309880003,0.9016796600000002,0.0018033593199999654,0.01865114044860591,1.900704111683879e+17,0.2507568,257.2271957860108,0.004179279999999928,0.0051033882933035025,3.210283956697112,0.7915777352797956,0.09534102773594172,0.06229115378930034,,,,,,,,0.003767665736301662,0.06229115378930034,,0.019452925001951154,0.0021349857250238897,0.007994811353294922,-0.001722699216
Full Breakthrough_upper,2004,,,222109000000.0,825.9494087030002,0.9584003350000002,0.0019168006699999632,0.019824401111671913,2.020268991510474e+17,0.26653080000000007,273.40821973562464,0.004442179999999922,0.005424419854316282,3.41222870608353,0.8413723856992598,0.1013385096447344,0.07064669346943671,,,,,,,,0.004273048581956483,0.07064669346943671,,0.020676622381167895,0.0022692882238056844,0.008497729536518164,-0.0018310665960000006
Full Breakthrough_upper,2005,,,233025000000.0,866.5423776750002,1.0055028750000001,0.0020110057499999616,0.02079871175435191,2.119559233289638e+17,0.27963000000000005,286.84542456133664,0.004660499999999919,0.005691014036135643,3.579929648213781,0.8827233483450467,0.10631899747405207,0.07471547800932743,,,,,,,,0.004519148054623072,0.07471547800932743,,0.021692817177024114,0.0023808170238590943,0.008915367793502944,-0.0019210581000000005
Full Breakthrough_upper,2006,,,235742000000.0,876.6459959140003,1.0172267300000002,0.002034453459999961,0.02104121835165509,2.1442726435968925e+17,0.28289040000000004,290.18995419778406,0.004714839999999918,0.00575736951360021,3.6216705294677096,0.8930156317371871,0.107558644362313,0.07781550432543718,,,,,,,,0.004706652414750151,0.07781550432543718,,0.021945748769213683,0.0024085766198416077,0.009019318246436954,-0.0019434570480000005
Full Breakthrough_upper,2007,,,242588000000.0,902.1039901960003,1.0467672200000002,0.00209353443999996,0.021652260002423433,2.206542797061546e+17,0.2911056,298.61713487173284,0.004851759999999916,0.005924564802051598,3.7268446454281072,0.9189490038765291,0.1106821712658957,0.08193272677651789,,,,,,,,0.004955681643043772,0.08193272677651789,,0.022583058184057186,0.0024785222194353826,0.009281241250038803,-0.001999895472
Full Breakthrough_upper,2008,,,241466000000.0,897.9316458220002,1.0419257900000003,0.0020838515799999602,0.02155211557762617,2.19633725920187e+17,0.28975920000000005,297.235993078544,0.004829319999999916,0.005897162944960967,3.709607520375877,0.9146987491963741,0.11017025230799038,0.0838890760798308,,,,,,,,0.005074010968958356,0.0838890760798308,,0.02247860870064287,0.002467058742551915,0.009238314342349457,-0.0019906457040000003
Full Breakthrough_upper,2009,,,228984000000.0,851.5152443280002,0.9880659600000001,0.001976131919999962,0.020438031165576732,2.0828029244741744e+17,0.2747808,281.8710983703599,0.00457967999999992,0.005592323390410832,3.517848344883958,0.8674156129060925,0.10447526796523265,0.08177535662373796,,,,,,,,0.0049461631464920615,0.08177535662373796,,0.021316631470716402,0.0023395301164739874,0.008760762059124466,-0.001887744096
Full Breakthrough_upper,2010,,,240546000000.0,894.5104721820002,1.0379559900000002,0.0020759119799999603,0.021470000719503633,2.1879690819907274e+17,0.28865520000000006,296.1035060466958,0.0048109199999999165,0.005874694399039951,3.695473692347311,0.9112136918828778,0.10975049701273824,0.08998090695887706,,,,,,,,0.005442473922012044,0.08998090695887706,,0.02239296384793238,0.0024576591001875757,0.009203115808415232,-0.0019830612240000003
Full Breakthrough_upper,2011,,,247680000000.0,921.0394425600003,1.0687392,0.002137478399999959,0.022106747891075553,2.2528588387562605e+17,0.29721600000000004,304.8852044001797,0.004953599999999914,0.006048923319257917,3.805072310994911,0.9382380384855753,0.1130054255739651,0.0948458023547029,,,,,,,,0.0057367259719185775,0.0948458023547029,,0.02305708382536351,0.0025305471965214915,0.009476057483509536,-0.0020418739200000003
Full Breakthrough_upper,2012,,,250361000000.0,931.0091887870002,1.080307715,0.0021606154299999587,0.022346041298278288,2.2772447986509046e+17,0.30043320000000007,308.1854193266852,0.005007219999999913,0.0061143995927516615,3.84626012941294,0.9483939500697962,0.11422864725502051,0.0972215829647223,,,,,,,,0.0058804245014339755,0.0972215829647223,,0.02330666409722963,0.0025579389804114873,0.009578630602506986,-0.0020639760840000005
Full Breakthrough_upper,2013,,,257476999999.99997,957.4712231590001,1.111013255,0.0022220265099999574,0.022981181874799982,2.3419708302101322e+17,0.30897240000000004,316.944960325198,0.00514953999999991,0.006288188910984216,3.95558221664259,0.9753501107685337,0.1174753632126446,0.10023829455798137,,,,,,,,0.006062889590211614,0.10023829455798137,,0.02396910841449903,0.0026306431706991434,0.009850883610633012,-0.002122640388
Full Breakthrough_upper,2014,,,265577000000.0,987.5924258590003,1.145964755,0.002291929509999956,0.023704149647400564,2.4156471730473648e+17,0.31869240000000004,326.9157700621226,0.005311539999999907,0.006486009804419251,4.080021354720186,1.0060337675504023,0.1211710348338862,0.1042735800541697,,,,,,,,0.006306962881125601,0.1042735800541697,,0.02472315548727619,0.0027134008915156173,0.010160783746358253,-0.0021894167880000003
Full Breakthrough_upper,2015,,,280081000000.0,1041.5279720270003,1.2085495150000003,0.0024170990299999537,0.024998708236758448,2.5475733059499846e+17,0.33609720000000004,344.76967431204264,0.005601619999999903,0.0068402313153305755,4.302844226161845,1.0609764537188244,0.12778856831468718,0.10953514186403684,,,,,,,,0.0066252072054725835,0.10953514186403684,,0.02607336520870332,0.0028615882967899537,0.01071569628568651,-0.002308987764
Full Breakthrough_upper,2016,,,293627000000.0,1091.9010352090004,1.2670005050000002,0.0025340010099999515,0.02620776026733221,2.670785619539262e+17,0.3523524,361.44431489184257,0.0058725399999998975,0.007171056231685015,4.510949481025931,1.11229013455428,0.1339690087815191,0.11539773478912385,,,,,,,,0.006979804754980952,0.11539773478912385,,0.02733439257263409,0.0029999878136022936,0.01123395643859195,-0.002420660988
Full Breakthrough_upper,2017,,,310950993000.0,1156.3231962863313,1.3417535347950003,0.0026835070695899487,0.027754018123104806,2.8283619710920787e+17,0.37314119160000003,382.7695294704613,0.006219019859999892,0.007594148549354431,4.777095500406462,1.1779152524929823,0.14187318029962873,0.1209908899044264,,,,,,,,0.007318105422151535,0.1209908899044264,,0.028947121734419504,0.003176987094604829,0.011896759868468875,-0.0025634799862920003
Full Breakthrough_upper,2018,,,327120444636.0,1216.4520024932203,1.4115247186043403,0.002823049437208626,0.02919722706550626,2.9754367935888666e+17,0.39254453356320007,402.67354500292527,0.006542408892719886,0.007989044273920862,5.025504466427598,1.2391668456226175,0.1492505856752094,0.1233883469342589,,,,,,,,0.0074631150448037165,0.1233883469342589,,0.030452372064609313,0.0033421904235242795,0.012515391381629257,-0.0026967809455791846
Full Breakthrough_upper,2019,,,292505677500.0,1087.7312102318929,1.2621619984125003,0.0025243239968249518,0.026107676312987528,2.6605862441144346e+17,0.35100681300000003,360.06400707687555,0.005850113549999898,0.007143670920724669,4.493722764309017,1.1080424463157876,0.13345739893688827,0.12259764306080996,,,,,,,,0.007415289507623408,0.12259764306080996,,0.027230006159206423,0.002988531258738067,0.011191055451562104,-0.00241141680531
Full Breakthrough_upper,2020,,,158440575300.0,589.1877388291254,0.6836710824195,0.0013673421648389738,0.014141658001752553,1.4411508821149541e+17,0.19012869036000005,195.03467048458722,0.0031688115059999447,0.00386948841508725,2.4340998304753483,0.6001896583737003,0.07228942441844463,0.06940627971115759,,,,,,,,0.004198022448523261,0.06940627971115759,,0.01474958666840649,0.001618787765022074,0.006061821702451232,-0.0013061841027732005
Full Breakthrough_upper,2021,,,188909916700.0,702.4930732050391,0.8151462905605001,0.0016302925811209686,0.016861207617130905,1.7182952824866922e+17,0.22669190004000003,232.54133788073486,0.003778198333999934,0.004613620802510096,2.9021959516615197,0.7156107465079192,0.08619123680485222,0.08429342376514502,,,,,,,,0.005098467843278976,0.08429342376514502,,0.017586045642742,0.0019300931044100992,0.007227556645083162,-0.0015573733532748002
Full Breakthrough_upper,2022,,,231566994700.0,861.1205414800652,0.9992115821305001,0.0019984231642609616,0.020668577082230816,2.1062974433709587e+17,0.27788039364000006,285.0506722845802,0.004631339893999919,0.005655406145878975,3.5575305219366737,0.8772002700473499,0.1056537741640731,0.10332742269568844,,,,,,,,0.006249734776589963,0.10332742269568844,,0.0215570882105354,0.002365920579962015,0.008859585566298239,-0.0019090383043068005
Full Breakthrough_upper,2023,1076937632512.1694,11615863382044.725,269197297382.2647,1001.0551062646144,1.1615863382044724,0.0023231726764089,0.0240272803059941,2.448576836147176e+17,0.3230367568587177,331.37222640652345,0.0053839459476452,0.0065744259109205,4.135639464082358,1.019747836973329,0.1228228163519221,0.1143510109567864,31609.255041993387,1033.2844808044356,1.0,1.0,1.0,1.0,0.0,0.0069164939110077,0.1143510109567864,10.786013072036893,0.025060177048224268,0.0027503894791741446,0.01029929370316437,-0.0022192625196193905
Full Breakthrough_upper,2024,1198347322705.4666,12554695373775.648,290954701593.87366,1079.212602199146,1.2527577231768294,0.0025034062575308,0.0258831686381518,2.638203205374563e+17,0.3478010332180216,357.84894263335514,0.0058141262657643,0.0070997340578197,4.492414159241649,1.1016089191714291,0.1327204318661201,0.1263580627499945,32587.616609305576,1113.9710421778616,0.99500999,1.0,0.9746971613205142,1.0,1.0,0.0076427376050688,0.1263580627499945,10.476674947152512,0.027222076581456898,0.0029701462238568475,0.011094820236743769,-0.0023893930982078083
Full Breakthrough_upper,2025,1292041079394.611,13362679586764.836,309679712323.6347,1128.805613729875,1.3132285212957404,0.0026262163647732,0.0270694772783287,2.7637186730320288e+17,0.3628115854381908,380.878457890815,0.0061883067691699,0.0075566957744168,4.809709992022903,1.1739971247654524,0.1414400286767429,0.1346922235138593,33594.36523400953,1165.2423865767023,0.99401498,1.0,0.9621425078045334,1.0,1.0,0.0081468273520184,0.1346922235138593,10.34230242356222,0.029144751373401386,0.0031612912004937645,0.011603331435355595,-0.002492515591960371
Full Breakthrough_upper,2026,1332492788861.6396,13552921769402.73,314088569395.19653,1133.2127393962746,1.3202410080779807,0.0026401158596952,0.0271682415051814,2.777442562874431e+17,0.3636730488321875,386.301267215864,0.0062764086336915,0.0076642576154823,4.908079639022036,1.191064939768262,0.143504863863952,0.1367048771142095,34656.9298659465,1169.8440464456924,0.993020965,0.994,0.9526455945269,1.0,1.0,0.0082685622300515,0.1367048771142095,10.171103275524,0.029740828664804396,0.0032063005178916714,0.011645666721196006,-0.0024984338454771284
Full Breakthrough_upper,2027,1374253470767.4404,13762998400551.893,318957089236.4286,1139.7445479677178,1.3288405355404191,0.0026571852950045,0.0268533614630218,2.7488117465241786e+17,0.3571039481268669,392.2893721524428,0.0063736959053158,0.0077830393900153,5.0148208522503035,1.209789655963601,0.1457731118204678,0.1371626932510767,35756.4839623636,1176.6144221199534,0.992027944,0.988036,0.9444488420174912,1.0,1.0,0.0082962531310458,0.1371626932510767,10.014890770380273,0.030387634007744555,0.0032560017888652753,0.011510693391124293,-0.002453304123631576
Full Breakthrough_upper,2028,1417351105513.7383,13982620359690.908,324046821777.3096,1146.6440108934014,1.3379912451999094,0.00267535288117,0.0265632555006376,2.722523610295412e+17,0.350448381083148,398.5494556305272,0.0064754036539431,0.0079072256525891,5.126228975047447,1.2293567678469668,0.1481474378398244,0.1376663037221091,36893.56208215008,1183.7677440993984,0.991035916,0.982107784,0.9367295997053176,1.0,1.0,0.0083267138915347,0.1376663037221091,9.865318695767142,0.031062718793580985,0.0033079604817333754,0.011386339470348308,-0.002407580378041227
Full Breakthrough_upper,2029,1461819541713.034,14207476279497.51,329257851205.0408,1154.9576300021563,1.3472596142722946,0.0026937515476978,0.0256315754711914,2.6302416542525126e+17,0.3309432872328232,404.95865376204347,0.0065795352692821,0.0080343766370315,5.240775134254011,1.2493945937927018,0.1505819531880648,0.1358600661400125,38068.98574874272,1192.338485682884,0.99004488,0.976215137,0.9291764451306388,1.0,1.0,0.0082174640376517,0.1358600661400125,9.719035677172895,0.03175681871569484,0.0033611568262249605,0.010986974825726194,-0.002273580383289495
Full Breakthrough_upper,2030,1507689497079.8853,14405730899282.297,333852396275.3719,1160.717815339064,1.353640692508998,0.0027063732595548,0.0247138146193211,2.5392218722413757e+17,0.3101954370018868,410.6097380983163,0.0066713477233387,0.0081464768963522,5.346398300548078,1.2673949078565794,0.1527638956977164,0.1333053929264429,39283.37057605364,1198.275682075167,0.989054835,0.970357846,0.9217751949171974,1.0000060142889846,0.9976628075588144,0.008062945231229,0.1333053929264429,9.554839326786798,0.03239684918032111,0.0034080608262160254,0.010593576636571988,-0.0021310426522029623
Full Breakthrough_upper,2031,1554518638105.663,14624964966481.66,338932634760.95337,1141.9775084755531,1.3346715125748494,0.002718911546986,0.0234620749308045,2.4193202993669488e+17,0.2805188519178038,416.8579988102902,0.0067728657529617,0.0082704416986547,5.461443803772541,1.2865264357393988,0.1551029417462736,0.1296833421943516,40537.803932107316,1179.0228364699162,0.98806578,0.964535699,0.9144867925075324,1.0000127403600962,0.9971953906417652,0.0078438663474985,0.1296833421943516,9.408034492467484,0.03309397491007735,0.003459921390125409,0.010057018419089347,-0.001927164512675312
Full Breakthrough_upper,2032,1602729721614.6782,14846745013173.977,344071327876.36145,1122.521223953012,1.3147395441810108,0.0027310551107638,0.0220718089897256,2.2842692050259213e+17,0.2424592102057845,423.17819220650654,0.0068755518771258,0.0083958301826907,5.57870458099138,1.305766510974986,0.1574592028272495,0.1247752588511403,41829.326271064434,1159.0277175999738,0.987077715,0.958748485,0.9072813057449542,1.000027676932134,0.996727904499051,0.0075470020847866,0.1247752588511403,9.263411549026836,0.03380452423707689,0.003512378995314004,0.009461080923445877,-0.0016656947741137396
Full Breakthrough_upper,2033,1652371123538.65,15071400578860.47,349276073508.3123,1101.5160598992147,1.293852460541464,0.0027428487959869,0.0208959691699044,2.170547449665074e+17,0.2031851496423225,429.5796598832534,0.0069795579238389,0.0085228279682651,5.698323698881193,1.3251592048128449,0.1598374596887199,0.1192991309746819,43159.46345668266,1137.4576445472471,0.986090637,0.952995994,0.9001548904363333,1.0000613428546037,0.9962603178712052,0.0072157797825392,0.1192991309746819,9.121074778034234,0.034529364083177035,0.003565511177031003,0.00895705718467952,-0.0013958819780427556
Full Breakthrough_upper,2034,1703496025257.9143,15299922953438.338,354569808301.3243,1079.8153884902124,1.272069416877245,0.0027544540374435,0.0196525710949829,2.0489803991687264e+17,0.1503407047530426,436.0906088577424,0.0070853422343705,0.0086519949581052,5.820702134594255,1.3447880449078469,0.1622487006334844,0.1114314160016415,44529.94410878704,1115.1676425814958,0.985104546,0.947278018,0.8931299580402503,1.0001381446545317,0.9957926007246812,0.006739902899167,0.1114314160016415,8.981484386570191,0.03527092419558266,0.003619552053519262,0.00842407459986442,-0.0010328406416534026
Full Breakthrough_upper,2035,1756154570764.5403,15516562631017.371,359580693070.03406,1055.1974902366346,1.248109072045206,0.0027631245253959,0.0186926096973777,1.9557084075965e+17,0.0955853590542532,442.283045897812,0.0071853980203531,0.0087741615606917,5.924349627887384,1.363168483025177,0.1645136751735457,0.1017714781459231,45942.320318273145,1089.9003899916977,0.984119442,0.94159435,0.8852845199326304,1.000311102361911,0.99532472240849,0.0061556238376986,0.1017714781459231,8.83553355116244,0.03589898294081151,0.0036709492809518392,0.00801258714678095,-0.0006566714167027195
Full Breakthrough_upper,2036,1810409891015.8352,15711101079565.191,364071883748.91895,1025.6009139288738,1.221266603062764,0.0027671006251265,0.0182232210158451,1.9125836282477677e+17,0.0614251553096932,447.86560311899206,0.0072749926803361,0.0088835472987713,5.96806313753971,1.3795835092783233,0.1665418267408184,0.0902433269211875,47398.81495022448,1059.5747840028405,0.983135322,0.935944784,0.876573413159196,1.000673653182237,0.9941443283520852,0.0054583463315016,0.0902433269211875,8.678201084479033,0.03616386780343084,0.0037172845058876343,0.007811383688442002,-0.00042199081697759226
Full Breakthrough_upper,2037,1866372793358.8784,15879807443584.855,367956854035.87823,992.7546641281416,1.1914345288367554,0.0027658327296094,0.0177227425937447,1.8644945512923984e+17,0.0260450693313127,452.7317730071037,0.0073523972591374,0.0089780445425837,5.973133106413381,1.39338747558925,0.1682599184786382,0.0760298108637144,48904.22666878996,1025.9167556476846,0.982152187,0.930329115,0.8662516831230944,1.0013269022972282,0.9929660650833524,0.0045986451671396,0.0760298108637144,8.508379194172804,0.03619458961047099,0.0037576737159589605,0.007596853612808665,-0.00017892962630611825
Full Breakthrough_upper,2038,1924129387324.843,16010662073583.918,370956948692.1997,955.8923855901318,1.157946271841078,0.0027573731242957,0.0171570548152249,1.807399166385431e+17,0.0,456.53881742864183,0.0074120433672512,0.0090508559263648,5.926659381778579,1.4033966945469845,0.1695263794764257,0.0616168761059129,50461.98611681887,988.1412870471418,0.981170035,0.924747141,0.8538156144357067,1.0022745452984612,0.9917898747907822,0.0037268822097508,0.0616168761059129,8.32099035493859,0.03591297904515133,0.0037892721846577273,0.007354371546546153,-0.0
Full Breakthrough_upper,2039,1983781190423.6072,16103186523093.49,373060957978.0337,915.4449678396549,1.121068727680936,0.0027418327900263,0.016463682852646,1.734755664757651e+17,0.0,459.2729525334176,0.0074537070436429,0.0091017066115029,5.8312481116505905,1.409660374845254,0.1703448174433943,0.0493358383369722,52076.35142175095,946.6865575842534,0.980188865,0.919198658,0.8394569658828285,1.0033657365107664,0.9906157353057958,0.0029840665386079,0.0493358383369722,8.117420711935923,0.03533482823133664,0.003811965506027366,0.007057157654786708,-0.0
Full Breakthrough_upper,2040,2045442855941.867,16184531574871.775,374897972777.1553,874.0910229564787,1.0829226039347235,0.0027239756403632,0.0156883175006607,1.6529495276076925e+17,0.0,461.70777559171177,0.0074899597151047,0.009145947470927,5.718969068547594,1.4148590933524905,0.1710376691449145,0.0398915596117877,53752.3043681089,904.2901631333224,0.979208676,0.913683466,0.8247079898479142,1.0044167702752054,0.9894436559750868,0.0024128315687545,0.0398915596117877,7.912482877659894,0.03465446604710774,0.003832174537411208,0.006724797296658209,-0.0
Full Breakthrough_upper,2041,2109211110739.019,16248848611359.15,376332355105.0215,835.0472204076525,1.038699299122899,0.0028256279827957,0.0148562485247712,1.5645256663314262e+17,0.0,463.6760931185399,0.0075180919422771,0.0091802689274939,5.589916376094059,1.4186964063468988,0.1715668778525567,0.0327161222799806,55493.84571744231,864.0712377830986,0.978229467,0.908201365,0.8095280392398113,1.005349449175622,0.9879718485672814,0.0019788269351355,0.0327161222799806,7.703756408558804,0.03387246284070561,0.003848511572883881,0.006368130930143174,-0.0
Full Breakthrough_upper,2042,2175473368491.968,16307177133228.998,377619726840.8217,795.3632118600206,0.9936955256387424,0.0029267307341891,0.0140022862588242,1.473542227212858e+17,0.0,465.49195683110435,0.0075432121440657,0.009210923538005,5.454597176241923,1.42208882313462,0.1720526945174884,0.0270072114856656,57321.24818023088,823.190727647828,0.977251238,0.902752157,0.7941212942863948,1.0061901278906942,0.9865007660386104,0.0016335248130381,0.0270072114856656,7.495921287481947,0.033052487324036386,0.003863583241698166,0.006002080004844993,-0.0
Full Breakthrough_upper,2043,2244359634284.678,16354031815587.207,378633324663.8155,754.8331984070928,0.9476419014377924,0.0030261304437994,0.0131106430405729,1.3781783122987424e+17,0.0,466.99915807006823,0.0075627880063113,0.0092348189493499,5.308905123845657,1.4246675421530044,0.1724473252182165,0.0224993417131292,59240.6659611083,781.435191737358,0.976273987,0.897335644,0.778197663719137,1.0069609340943342,0.98503044940858,0.0013608673736986,0.0224993417131292,7.286725160158906,0.032169656830885615,0.0038760930119815665,0.005619877139341573,-0.0
Full Breakthrough_upper,2044,2316009124856.39,16394839580833.12,379499207237.87946,713.7839999103996,0.9009341916709585,0.0031246318705665,0.0122036961106062,1.2808199848495896e+17,0.0,468.3524715031342,0.0075793393768686,0.0092550286452882,5.1579462872291035,1.4267307592158864,0.1727862184015005,0.0192767572925804,61258.862568606266,739.1424344245144,0.975297713,0.8919516299999999,0.7621397123840228,1.007637256713134,0.983560935798706,0.0011659501155481,0.0192767572925804,7.0789183880481135,0.031254911915266095,0.003887325513476014,0.005231114337811347,-0.0
Full Breakthrough_upper,2045,2390567139713.3545,16431666817830.26,380225164529.6651,672.2788028049808,0.8536940207651106,0.0032222994724767,0.0112929862655331,1.182743435026534e+17,0.0,469.7340127828711,0.0075925720794064,0.009271191787081,5.004739464013395,1.428148830422172,0.1730529895911218,0.0172929655065605,63383.04027321855,696.3789679257779,0.974322415,0.88659992,0.7461077079817934,1.008170797167408,0.9820922683490876,0.0010459609375433,0.0172929655065605,6.873543329889714,0.030326545178241165,0.00389879230609783,0.004840738562720763,-0.0
Full Breakthrough_upper,2046,2468187210874.351,16451800940870.61,380518467680.54407,629.8852193951205,0.8052915323992096,0.0033162397681528,0.0103707714340025,1.0829527961307453e+17,0.0,470.7756738723306,0.0075966576623131,0.0092761893682917,4.844710717455118,1.4282252598038152,0.1731560709173783,0.0162788321725216,65620.99038137338,652.6944825330847,0.9733480920000002,0.881280321,0.7300564362433555,1.0085493150915,0.9798121720068518,0.0009846213221683,0.0162788321725216,6.665540145572097,0.0293568405518139,0.003907438093140344,0.004445431175185172,-0.0
Full Breakthrough_upper,2047,2548785168785.63,16469574967276.557,380674231728.8956,587.1505018645468,0.7564375556530372,0.003408554414653,0.0094561582968394,9.837616307130306e+16,0.0,471.9998142639218,0.0075970776610833,0.0092767173996558,4.685350463737322,1.4276616713205066,0.1731850125797579,0.015910664198129,67966.54714461902,608.6561387335097,0.972374744,0.8759926389999999,0.7141515739141576,1.0087920630425813,0.9775404503950322,0.0009623527691244,0.015910664198129,6.461735249002369,0.028391186701350893,0.003917598458390551,0.004053382253940209,-0.0
Full Breakthrough_upper,2048,2632515670175.639,16489848067636.955,380808829528.11206,544.254462111245,0.7072904640235974,0.0034998015462953,0.0085622291434285,8.865706606184046e+16,0.0,473.5334627826024,0.0075961995070301,0.0092756673203337,4.52986120976182,1.4269215127988488,0.1731955954693296,0.0159360304873828,70427.44361651734,564.4482085548254,0.9714023699999998,0.870736683,0.6985686140089935,1.008933159108488,0.9752772228002152,0.0009638870431435,0.0159360304873828,6.26391259678115,0.027448989426282818,0.0039303277410956,0.003670199522330626,-0.0
Full Breakthrough_upper,2049,2719539049182.9565,16518510839597.168,381062591284.95544,501.3582135397819,0.657996884080258,0.0035909036263651,0.0077035668968774,7.931983427869005e+16,0.0,475.53292539440247,0.007596869892966,0.0092765149327317,4.38261209245779,1.4265412808853335,0.173252140490139,0.0161921901247198,73011.84775056623,520.2360454767626,0.970430967,0.865512263,0.6835175223444941,1.0090071692619615,0.97302262037726,0.0009793807983545,0.0161921901247198,6.074011272079325,0.026556723796775747,0.0039469232807735405,0.0033021339503464973,-0.0
Full Breakthrough_upper,2050,2810020886225.781,16561200044550.506,381570000653.0836,458.5547793294277,0.6086286732745391,0.0036828881681568,0.0068903516967468,7.049706057883713e+16,0.0,478.1472753502527,0.007601818848073,0.009282592016707,4.247081171502565,1.4270171787860348,0.173414294385831,0.0165844349868739,75728.33544841001,476.11490771240193,0.969460536,0.860319189,0.6691892009320837,1.0090402322521133,0.9707767827630656,0.0010031056362725,0.0165844349868739,5.893621690048833,0.02573546534227445,0.0039686223854070975,0.002953549254810516,-0.0
GHG Forward,1940,,,8953488372.093023,33.29504174418605,0.038634302325581404,7.72686046511613e-05,0.0007991461167132466,8143954060388877.0,0.010744186046511629,11.021423338259904,0.00017906976744185734,0.00021866507026266997,0.1375511575075342,0.0339167610135496,0.004085080603439601,0.00037852697809261527,,,,,,,,6.398432532486963e-05,0.0010578585596153222,,0.0005128265980987415,5.73114013589515e-05,8.045003956952254e-05,-0.00021391674418604653
GHG Forward,1941,,,9651162790.697676,35.88946058139537,0.04164476744186048,8.328953488371934e-05,0.0008614172426909024,8778547883276322.0,0.011581395348837212,11.880235546436003,0.00019302325581395014,0.0002357039069065144,0.1482694295211083,0.03655962550811191,0.004403398572538791,0.00041188099397699836,,,,,,,,6.962232294921616e-05,0.0011510720773905522,,0.000552787112236306,6.177722484146721e-05,8.671887382169315e-05,-0.0002305855813953489
GHG Forward,1942,,,10465116279.069769,38.91628255813955,0.04515697674418606,9.031395348837037e-05,0.0009340668896648338,9518907343311674.0,0.012558139534883724,12.88218312264145,0.00020930232558139173,0.00025558254965766625,0.1607740802036114,0.0396429674184346,0.004774769536487845,0.00045088164301005116,,,,,,,,7.621479947014026e-05,0.0012600660799265446,,0.0005994077120634642,6.698735223773553e-05,9.403251378255883e-05,-0.00025003255813953494
GHG Forward,1943,,,11279069767.441858,41.94310453488372,0.048669186046511624,9.733837209302137e-05,0.0010067165366387648,1.0259266803347024e+16,0.013534883720930231,13.88413069884689,0.00022558139534883324,0.00027546119240881795,0.17327873088611448,0.04272630932875728,0.005146140500436898,0.0004906341192486628,,,,,,,,8.293436113767916e-05,0.001371161192530727,,0.0006460283118906225,7.219747963400383e-05,0.00010134615374342446,-0.0002694795348837209
GHG Forward,1944,,,12209302325.581396,45.40232965116281,0.05268313953488374,0.00010536627906976543,0.0010897447046089726,1.1105391900530286e+16,0.014651162790697676,15.02921364308169,0.0002441860465116237,0.0002981796412672772,0.18756976023754662,0.04625012865484037,0.005570564459235819,0.0005362676853613621,,,,,,,,9.06480331052674e-05,0.0014986920194253938,,0.0006993089974073748,7.815191094402478e-05,0.00010970459941298529,-0.0002917046511627908
GHG Forward,1945,,,13139534883.72093,48.86155476744187,0.056697093023255825,0.00011339418604650945,0.00117277287257918,1.1951516997713544e+16,0.015767441860465116,16.174296587316483,0.00026279069767441406,0.0003208980901257365,0.20186078958897874,0.04977394798092344,0.005994988418034738,0.0005827982348280811,,,,,,,,9.851332669576821e-05,0.0016287296201401556,,0.0007525896829241272,8.410634225404571e-05,0.00011806304508254607,-0.00031392976744186045
GHG Forward,1946,,,14302325581.39535,53.18558616279072,0.061714534883720945,0.0001234290697674395,0.0012765580825419393,1.3009173369192622e+16,0.017162790697674422,17.60565026760998,0.000286046511627902,0.00034929615119881044,0.21972457627826888,0.05417872213852729,0.006525518366533387,0.0006406698734194495,,,,,,,,0.00010829566181325991,0.0017904618394692217,,0.0008191905398200676,9.15493813915719e-05,0.00012851110216949705,-0.0003417111627906977
GHG Forward,1947,,,15348837209.302324,57.07721441860466,0.06623023255813953,0.0001324604651162765,0.0013699647715084225,1.3961064103523786e+16,0.01841860465116279,18.893868579874123,0.00030697674418604117,0.00037485440616457705,0.23580198429863,0.05814301888037074,0.00700299532018217,0.0006944409413776033,,,,,,,,0.00011738485678329024,0.0019407343108946871,,0.0008791313110264139,9.824811661534544e-05,0.0001379143535477529,-0.00036671441860465113
GHG Forward,1948,,,16627906976.744184,61.833648953488385,0.07174941860465117,0.00014349883720929954,0.0014841285024674578,1.5124486112150768e+16,0.019953488372093025,20.468357628196966,0.0003325581395348779,0.0004060922733449585,0.25545214965684915,0.06298827045373497,0.007586578263530685,0.0007599294387432127,,,,,,,,0.000128454707977497,0.0021237531483990642,,0.0009523922536119484,0.00010643545966662422,0.00014940721634339898,-0.00039727395348837215
GHG Forward,1949,,,17906976744.186047,66.5900834883721,0.07726860465116281,0.0001545372093023226,0.0015982922334264933,1.6287908120777754e+16,0.021488372093023258,22.042846676519808,0.0003581395348837147,0.00043733014052533994,0.2751023150150684,0.0678335220270992,0.008170161206879202,0.0008267578683348103,,,,,,,,0.00013975105467776503,0.0023105166563142762,,0.001025653196197483,0.000114622802717903,0.00016090007913904507,-0.00042783348837209306
GHG Forward,1950,,,19418604651.162792,72.21132430232561,0.08379127906976745,0.00016758255813953169,0.0017332130063780803,1.7662861403700552e+16,0.023302325581395354,23.903606460901354,0.0003883720930232491,0.0004742476199203362,0.2983252377111456,0.0735597284319842,0.008859850139927445,0.0009058158731703427,,,,,,,,0.00015311462819746842,0.0025314578096841027,,0.001112234310162206,0.00012429875359668704,0.00017448255335208136,-0.0004639493023255815
GHG Forward,1951,,,20930232558.139538,77.8325651162791,0.09031395348837212,0.00018062790697674074,0.0018681337793296675,1.9037814686623348e+16,0.025116279069767447,25.7643662452829,0.00041860465116278346,0.0005111650993153325,0.3215481604072228,0.0792859348368692,0.00954953907297569,0.0009865252379103614,,,,,,,,0.0001667573394153341,0.0027570139715237855,,0.0011988154241269284,0.00013397470447547107,0.00018806502756511765,-0.0005000651162790699
GHG Forward,1952,,,22558139534.883717,83.88620906976745,0.09733837209302325,0.00019467674418604275,0.0020134330732775297,2.051853360669405e+16,0.027069767441860463,27.76826139769378,0.0004511627906976665,0.0005509223848176359,0.34655746177222896,0.08545261865751456,0.010292281000873796,0.0010744767890749404,,,,,,,,0.00018162423395188265,0.0030028096653993497,,0.001292056623781245,0.00014439495926800767,0.00020269230748684892,-0.0005389590697674418
GHG Forward,1953,,,24418604651.162792,90.80465930232562,0.10536627906976748,0.00021073255813953086,0.0021794894092179453,2.2210783801060572e+16,0.029302325581395353,30.05842728616338,0.0004883720930232474,0.0005963592825345544,0.37513952047509325,0.09250025730968074,0.011141128918471637,0.0011754998977369358,,,,,,,,0.00019870067981719492,0.0032851360685411963,,0.0013986179948147497,0.00015630382188804956,0.00021940919882597058,-0.0005834093023255816
GHG Forward,1954,,,26395348837.2093,98.15551267441863,0.11389593023255815,0.0002277918604651119,0.0023559242661546358,2.4008799632574996e+16,0.031674418604651165,32.491728542662315,0.0005279069767441768,0.0006446359863587803,0.4055079578468865,0.09998837337760726,0.01204302983091934,0.0012843593973822555,,,,,,,,0.00021710175039638208,0.003589362610267548,,0.0015118394515378484,0.00016895698842184405,0.0002371708958737872,-0.0006306376744186047
GHG Forward,1955,,,28488372093.023254,105.93876918604653,0.12292732558139537,0.00024585465116278596,0.0025427376440876025,2.5912581101237332e+16,0.03418604651162791,35.06816516719061,0.0005697674418604552,0.0006957524962903135,0.43766277388760877,0.10791696686129418,0.012997983738216909,0.0014013115216557476,,,,,,,,0.00023687075815550352,0.0039162053794443265,,0.0016317209939505414,0.00018235445886939113,0.00025597739863029897,-0.0006806441860465116
GHG Forward,1956,,,30813953488.372093,114.58683197674421,0.1329622093023256,0.0002659244186046461,0.002750308064013121,2.8027893844195484e+16,0.03697674418604652,37.930872527777595,0.0006162790697674312,0.0007525486184364617,0.4733903472661891,0.11672651517650187,0.014059043635214208,0.0015324064642783602,,,,,,,,0.0002590303978712176,0.004282572680064256,,0.0017649227077424223,0.00019724053714444348,0.0002768735128042009,-0.0007362069767441861
GHG Forward,1957,,,33255813953.48837,123.66729790697677,0.14349883720930234,0.0002869976744185991,0.0029682570049349155,3.0248972224301536e+16,0.03990697674418605,40.93671525639393,0.0006651162790697558,0.000812184546689917,0.5109042993136983,0.12597654090746993,0.01517315652706137,0.0016722698736622201,,,,,,,,0.00028267221577322387,0.004673444964885913,,0.0019047845072238969,0.00021287091933324843,0.00029881443268679796,-0.0007945479069767443
GHG Forward,1958,,,35930232558.139534,133.6125701162791,0.15503895348837213,0.00031007790697673825,0.0032069629878492623,3.2681581878703412e+16,0.04311627906976744,44.228828721068965,0.0007186046511627782,0.0008775000871579872,0.5519910086990657,0.13610752146995878,0.016393375408608264,0.0018271111331376745,,,,,,,,0.0003088458152612,0.005106175420567329,,0.00205796647808456,0.0002299899093495586,0.0003228449639867852,-0.0008584451162790698
GHG Forward,1959,,,38720930232.558136,143.9902454651163,0.16708081395348837,0.0003341616279069703,0.0034560474917598844,3.5219957170253188e+16,0.04646511627906977,47.66407755377335,0.0007744186046511493,0.0009456554337333649,0.594864096753362,0.146678979448208,0.01766664728500502,0.001991461945763822,,,,,,,,0.00033662686250773247,0.00556548195346593,,0.0022178085346348173,0.0002478532032796214,0.0003479203009954676,-0.0009251204651162791
GHG Forward,1960,,,41860465116.279076,155.6651302325582,0.18062790697674425,0.0003612558139534815,0.003736267558659335,3.8075629373246696e+16,0.050232558139534894,51.5287324905658,0.0008372093023255669,0.001022330198630665,0.6430963208144456,0.1585718696737384,0.01909907814595138,0.0021777497859958887,,,,,,,,0.00036811603623463,0.006086095272323026,,0.002397630848253857,0.00026794940895094214,0.0003761300551302353,-0.0010001302325581397
GHG Forward,1961,,,45930232558.139534,170.79924011627912,0.19818895348837212,0.0003963779069767366,0.004099515793528992,4.177742667342346e+16,0.055116279069767446,56.538470371593014,0.0009186046511627747,0.0011217234123864239,0.7056195742269611,0.17398857922535185,0.02095593296569665,0.0024173413974339954,,,,,,,,0.0004086154154033579,0.006755675121687993,,0.0026307338473896486,0.0002940000459322837,0.0004126982549345636,-0.0010973651162790698
GHG Forward,1962,,,50581395348.83721,188.09536569767448,0.2182587209302326,0.00043651744186045673,0.0045146566333800296,4.600805215933975e+16,0.060697674418604665,62.263885092767,0.0010116279069767265,0.0012353156566787201,0.7770747209841217,0.1916076758557672,0.02307805275969125,0.0026935474727047834,,,,,,,,0.0004553039221668242,0.007527580369803404,,0.00289713727497341,0.00032377220248238834,0.00045449048328236757,-0.0012084906976744189
GHG Forward,1963,,,53372093023.25581,198.47304104651167,0.23030058139534887,0.00046060116279068885,0.004763741137290651,4.854642745088954e+16,0.06404651162790698,65.69913392547139,0.0010674418604650977,0.0013034710032540976,0.8199478090384181,0.20217913383401645,0.024351324636088006,0.0028760936087263746,,,,,,,,0.0004861606167486978,0.008037736854522692,,0.0030569793315236675,0.00034163549641245115,0.00047956582029104987,-0.001275166046511628
GHG Forward,1964,,,55813953488.37209,207.55350697674425,0.24083720930232563,0.0004816744186046419,0.0049816900782124465,5.076750583099559e+16,0.06697674418604652,68.70497665408773,0.0011162790697674223,0.0013631069315075532,0.8574617610859274,0.2114291595649845,0.02546543752793517,0.003044026624474361,,,,,,,,0.0005145471818663276,0.008507054468411645,,0.0031968411310051422,0.0003572658786012562,0.0005015067401736471,-0.0013335069767441861
GHG Forward,1965,,,59651162790.69768,221.82281058139543,0.2573947674418605,0.0005147895348837111,0.005324181271089553,5.425777185687654e+16,0.07158139534883722,73.42844379905625,0.0011930232558139326,0.0014568205330486974,0.9164122571605849,0.22596491428507723,0.027216186357980714,0.003293099717315122,,,,,,,,0.000556649263684378,0.009203131943679452,,0.003416623958761746,0.0003818279077550925,0.0005359853285605852,-0.001425185581395349
GHG Forward,1966,,,64651162790.697685,240.41614558139545,0.2789697674418606,0.0005579395348837103,0.005770457673929418,5.880569425423657e+16,0.07758139534883722,79.58326462431829,0.0012930232558139312,0.001578932195662916,0.9932265399245327,0.2449054431627738,0.029497465136524906,0.003613329828423951,,,,,,,,0.0006107793753906913,0.010098069910294227,,0.00370300764341429,0.0004138329760464551,0.0005809119740344744,-0.001544645581395349
GHG Forward,1967,,,76279069767.44185,283.65645953488377,0.32914418604651163,0.0006582883720930105,0.006808309773557009,6.93822579690273e+16,0.09153488372093023,93.89680142725321,0.0015255813953488104,0.0018629128063936556,1.171864406817434,0.2889531847388121,0.03480276462151139,0.004316667154340369,,,,,,,,0.0007296680329477468,0.012063666693558617,,0.004369016212373694,0.00048826336742171665,0.0006853925449039841,-0.0018224595348837209
GHG Forward,1968,,,86395348837.2093,321.27553267441874,0.3727959302325582,0.0007455918604651019,0.007711241100233016,7.858386840089526e+16,0.10367441860465117,106.34957844580661,0.001727906976744156,0.0021099759377294,1.3272793510142584,0.32727471990996565,0.03941837517344965,0.004951237256810359,,,,,,,,0.0008369326196952239,0.013837081676967292,,0.004948443667368377,0.0005530178079181943,0.0007762906415604578,-0.002064157674418605
GHG Forward,1969,,,90465116279.06976,336.40964255813964,0.39035697674418607,0.000780713953488357,0.008074489335102674,8.228566570107202e+16,0.10855813953488372,111.35931632683383,0.0018093023255813638,0.0022093691514851587,1.389802604426774,0.34269142946157904,0.04127522999319492,0.005251154045194722,,,,,,,,0.0008876290679512313,0.014675250579388581,,0.005181546666504168,0.0005790684448995359,0.0008128588413647862,-0.002161392558139535
GHG Forward,1970,,,90697674418.60464,337.2744488372094,0.3913604651162791,0.0007827209302325431,0.008095246377095223,8.249719697536782e+16,0.10883720930232559,111.64558706289253,0.0018139534883720612,0.0022150487636997734,1.3933753617646318,0.34357238429309983,0.04138133598289465,0.00533324890596423,,,,,,,,0.0009015059765547996,0.014904678747502412,,0.005194866837883356,0.0005805570527270411,0.0008149484527821762,-0.0021669488372093025
GHG Forward,1971,,,104651162790.69768,389.16282558139545,0.45156976744186056,0.0009031395348837037,0.009340668896648337,9.518907343311674e+16,0.12558139534883722,128.82183122641447,0.002093023255813917,0.0025558254965766625,1.607740802036114,0.396429674184346,0.04774769536487844,0.0062349874495641906,,,,,,,,0.001053931393158942,0.01742474176041896,,0.005994077120634642,0.0006698735223773552,0.0009403251378255882,-0.002500325581395349
GHG Forward,1972,,,111627906976.74419,415.1070139534885,0.48167441860465127,0.0009633488372092838,0.009963380156424893,1.0153501166199118e+17,0.13395348837209303,137.40995330817546,0.0022325581395348446,0.0027262138630151063,1.7149235221718548,0.422858319129969,0.05093087505587034,0.006739626455951584,,,,,,,,0.0011392330710446588,0.018835042011969488,,0.0063936822620102845,0.0007145317572025124,0.0010030134803472941,-0.0026670139534883722
GHG Forward,1973,,,115581395348.83722,429.8087206976746,0.4987337209302327,0.0009974674418604462,0.010316249870298274,1.0513104332502005e+17,0.13869767441860467,142.27655582117333,0.0023116279069767044,0.002822767270663558,1.7756603969154414,0.43783455126582216,0.052734676880765746,0.007072944190611349,,,,,,,,0.0011955754498058386,0.019766555587192515,,0.006620125175456483,0.0007398380902701013,0.0010385368744429272,-0.0027614706976744193
GHG Forward,1974,,,111627906976.74419,415.1070139534885,0.48167441860465127,0.0009633488372092838,0.009963380156424893,1.0153501166199118e+17,0.13395348837209303,137.40995330817546,0.0022325581395348446,0.0027262138630151063,1.7149235221718548,0.422858319129969,0.05093087505587034,0.006924910906626303,,,,,,,,0.0011705526367711213,0.019352851186622073,,0.0063936822620102845,0.0007145317572025124,0.0010030134803472941,-0.0026670139534883722
GHG Forward,1975,,,111744186046.51163,415.53941709302336,0.48217616279069775,0.0009643523255813769,0.009973758677421169,1.0164077729913909e+17,0.13409302325581396,137.5530886762048,0.0022348837209301936,0.0027290536691224132,1.7167099008407836,0.4232987965457294,0.050983928050720204,0.007028740716279942,,,,,,,,0.0011881035134689304,0.01964302139704881,,0.006400342347699878,0.0007152760611162649,0.001004058286055989,-0.002669792093023256
GHG Forward,1976,,,112093023255.81396,416.8366265116281,0.48368139534883736,0.0009673627906976559,0.010004894240409998,1.0195807421058282e+17,0.1345116279069768,137.98249478029285,0.0022418604651162403,0.002737573087444336,1.7220690368475708,0.4246202287930106,0.051143087035269805,0.0071503404181236735,,,,,,,,0.0012086581247185222,0.01998285261882923,,0.0064203226047686605,0.0007175089728575228,0.0010071927031820745,-0.002678126511627908
GHG Forward,1977,,,118720930232.55814,441.4836054651164,0.5122808139534885,0.0010245616279069571,0.010596469937197725,1.0798671552801352e+17,0.14246511627906977,146.14121075796575,0.0023744186046511214,0.002899442035560858,1.8238926209765245,0.4497274414913525,0.054167107741712094,0.007681707203923436,,,,,,,,0.0012984777340387425,0.021467848233900095,,0.00679994748907552,0.000759934295941422,0.001066746628577695,-0.002836480465116279
GHG Forward,1978,,,122906976744.18605,457.0501184883722,0.5303436046511629,0.0010606872093023051,0.010970096693063657,1.117942784653382e+17,0.1474883720930233,151.29408400702235,0.0024581395348836784,0.0030016750554239242,1.8882022530579694,0.4655846284587264,0.05607701555630724,0.00806823608309179,,,,,,,,0.0013638146610836462,0.02254806947843901,,0.007039710573900908,0.0007867292368365162,0.0011043596340907184,-0.0029364934883720937
GHG Forward,1979,,,128023255813.95348,476.07585662790706,0.5524203488372093,0.0011048406976743971,0.011426751616899797,1.1644796649984613e+17,0.1536279069767442,157.5920402003137,0.002560465116279025,0.0031266265241454497,1.9668029144908457,0.4849656347521832,0.05841134732970129,0.008528142100825404,,,,,,,,0.0014415548961543758,0.023833355721257516,,0.007332754344243044,0.0008194786090416313,0.0011503310852733026,-0.003058731627906977
GHG Forward,1980,,,128953488372.09303,479.5350817441862,0.5564343023255814,0.0011128686046511416,0.011509779784870007,1.172940915970294e+17,0.15474418604651166,158.73712314454852,0.0025790697674418156,0.0031493449730039093,1.981093943842278,0.4884894540782663,0.05883577128850022,0.008718801371251491,,,,,,,,0.0014737829947871776,0.024366185751514703,,0.007386035029759798,0.0008254330403516522,0.0011586895309428635,-0.003080956744186047
GHG Forward,1981,,,127093023255.81395,472.61663151162804,0.5484063953488373,0.0010968127906976534,0.011343723448929591,1.1560184140266286e+17,0.15251162790697678,156.44695725607892,0.002541860465116235,0.003103908075286991,1.9525118851394136,0.4814418154261002,0.057986923370902374,0.008723705870822968,,,,,,,,0.0014746120271000613,0.024379892216714247,,0.007279473658726291,0.0008135241777316104,0.001141972639603742,-0.0030365065116279076
GHG Forward,1982,,,128488372093.02325,477.80546918604665,0.5544273255813954,0.0011088546511627694,0.011468265700884902,1.1687102904843776e+17,0.1541860465116279,158.1645816724311,0.0025697674418604204,0.0031379857485746795,1.973948429166562,0.48672754441522476,0.05862355930910075,0.00895569346218058,,,,,,,,0.0015138260603812677,0.02502822132783548,,0.007359394687001422,0.0008224558246966416,0.0011545103081080832,-0.0030698441860465115
GHG Forward,1983,,,130232558139.53488,484.2915162790699,0.5619534883720931,0.0011239069767441645,0.011623943515829042,1.1845751360565638e+17,0.15627906976744188,160.31161219287134,0.002604651162790652,0.0031805828401842906,2.000744109200497,0.4933347056516305,0.05941935423184873,0.00921965471693784,,,,,,,,0.001558444763340445,0.025765906324975756,,0.007459295972345331,0.0008336203834029309,0.0011701823937385095,-0.0031115162790697677
GHG Forward,1984,,,138953488372.09305,516.7217517441862,0.5995843023255816,0.00119916860465114,0.012402332590549738,1.2638993639174947e+17,0.16674418604651167,171.0467647950726,0.0027790697674418127,0.0033935682982323464,2.1347225093701736,0.5263705118336595,0.06339832884558862,0.009993810497759574,,,,,,,,0.0016893042217120137,0.027929417426204535,,0.007958802399064886,0.0008894431769343775,0.001248542821890642,-0.0033198767441860472
GHG Forward,1985,,,143488372093.02325,533.5854741860467,0.6191523255813954,0.001238304651162767,0.012807094909404498,1.3051479624051782e+17,0.17218604651162792,176.62904414821716,0.002869767441860415,0.0035043207364173342,2.204391277458405,0.5435491310483144,0.06546739564473333,0.010487096111282313,,,,,,,,0.001772686778307476,0.029307988674229155,,0.008218545740959054,0.0009184710295707292,0.0012892902445297506,-0.0034282241860465116
GHG Forward,1986,,,151046511627.90698,561.6916782558142,0.6517656976744187,0.0013035313953488122,0.013481698774162432,1.3738956265513182e+17,0.1812558139534884,185.9328430701249,0.0030209302325580867,0.0036889081333923157,2.320505890938791,0.5721801630727393,0.06891584030997455,0.011221219002880999,,,,,,,,0.001896779275389656,0.03135962100067646,,0.008651451310782666,0.0009668507839646494,0.001357202615594932,-0.003608803255813954
GHG Forward,1987,,,157674418604.65115,586.3386572093025,0.6803651162790698,0.0013607302325581133,0.014073274470950161,1.4341820397256253e+17,0.18920930232558142,194.0915590477978,0.0031534883720929683,0.003850777081508837,2.4223294750677447,0.5972873757710813,0.07193986101641685,0.011909652035506813,,,,,,,,0.002013148585038014,0.03328356518017683,,0.009031076195089525,0.0010092761070485486,0.0014167565409905526,-0.003767157209302326
GHG Forward,1988,,,164418604651.1628,611.4180393023258,0.7094662790697677,0.0014189325581395078,0.014675228688734167,1.495526109271412e+17,0.19730232558139538,202.39341039350012,0.003288372093023199,0.004015485835732667,2.525939437865628,0.6228350658851837,0.07501693471770902,0.012630453925737277,,,,,,,,0.0021349893660351418,0.03529796968367998,,0.009417361165085982,0.0010524457340462005,0.0014773552720948686,-0.003928289302325582
GHG Forward,1989,,,170348837209.30234,633.4705994186048,0.7350552325581398,0.001470110465116251,0.015204533259544238,1.5494665842168445e+17,0.20441860465116282,209.6933141629969,0.0034069767441859875,0.004160315947205345,2.6170447499810074,0.6452994140889633,0.07772263745505215,0.013312609359744371,,,,,,,,0.0022502975415093834,0.037204370037199695,,0.009757025535255277,0.0010904052336475837,0.0015306403632383185,-0.0040699744186046515
GHG Forward,1990,,,173929000000.0,646.7840326430002,0.7505036350000001,0.0015010072699999713,0.015524081693906976,1.5820311893008624e+17,0.20871480000000003,214.10036626339976,0.0034785799999999395,0.004247751873365675,2.6720462773701303,0.6588614494337759,0.07935610733468257,0.012060272305023037,,,,,,,,0.002038608689292162,0.033704499355495555,,0.009962085577586464,0.0011133219045696787,0.0015628093041256152,-0.0041555116680000006
GHG Forward,1991,,,168203000000.0,625.4909454010002,0.7257959450000001,0.0014515918899999723,0.015013005957374762,1.5299483820062954e+17,0.2018436,207.05186545430968,0.0033640599999999413,0.004107909597339872,2.5840785607488574,0.6371707557630378,0.07674358687749376,0.011968798525797688,,,,,,,,0.0020231464147717495,0.03344886019122383,,0.00963411898192237,0.0010766697003624101,0.0015113593097289173,-0.004018706076
GHG Forward,1992,,,168593000000.0,626.9412255310002,0.7274787950000001,0.001454957589999972,0.015047815516796272,1.533495761476236e+17,0.20231160000000004,207.53194147868012,0.0033718599999999414,0.004117434307023781,2.5900700748044456,0.6386481170154982,0.07692152662222021,0.013167188954548145,,,,,,,,0.002225716396562105,0.03679796777452684,,0.00965645690932527,0.0010791660956891366,0.0015148635880758807,-0.004028023956000001
GHG Forward,1993,,,169513000000.0,630.3623991710002,0.7314485950000001,0.0014628971899999718,0.015129930374918808,1.5418639386873786e+17,0.20341560000000003,208.66442851052832,0.003390259999999941,0.004139902852944797,2.604203902833012,0.6421331743289944,0.07734128191747233,0.01436557938329861,,,,,,,,0.0024282863783524618,0.04014707535782987,,0.009709151507301337,0.0010850550282547474,0.0015231300908430765,-0.0040500045960000005
GHG Forward,1994,,,177599000000.0,660.4315405330002,0.7663396850000002,0.0015326793699999704,0.015851648573591438,1.615412939697485e+17,0.21311880000000002,218.61800474914207,0.003551979999999938,0.004337381833724511,2.728427960918868,0.6727637976300052,0.081030565958134,0.015314724743884586,,,,,,,,0.0025887252084679326,0.04279962485132826,,0.010172291202121432,0.0011368136246955388,0.0015957854619034501,-0.0042431953080000005
GHG Forward,1995,,,181923000000.0,676.5110566410001,0.7849977450000002,0.0015699954899999699,0.016237588406767353,1.6547433725898547e+17,0.21830760000000002,223.94069379882868,0.0036384599999999367,0.0044429839995532875,2.79485695265313,0.6891435670034372,0.08300341584581901,0.016339398913005256,,,,,,,,0.0027619310542424604,0.045663252553858356,,0.010419955812608952,0.0011644916077539092,0.0016346380249092696,-0.004346504316000001
GHG Forward,1996,,,190157000000.0,707.1305607190002,0.8205274550000002,0.0016410549099999685,0.01697251638696404,1.7296385586295795e+17,0.2281884,234.07645273387018,0.0038031399999999336,0.004644077485546382,2.921354713508799,0.7203348299592278,0.08676022573832559,0.017288544273591232,,,,,,,,0.0029223698843579313,0.04831580204735676,,0.010891572464494763,0.0012171975542161248,0.00170862322467567,-0.004543231044000001
GHG Forward,1997,,,195947000000.0,728.6616426490002,0.8455113050000002,0.0016910226099999676,0.017489304461452606,1.7823034999910083e+17,0.23513640000000002,241.20373524952362,0.003918939999999932,0.004785482790853647,3.0103056529494507,0.7422679623996004,0.08940194656387976,0.018152090317837884,,,,,,,,0.0030683394300598053,0.05072912957061922,,0.011223204771322407,0.0012542594232975229,0.001760648280134434,-0.004681565724
GHG Forward,1998,,,199811000000.0,743.0305719370002,0.8621844650000001,0.001724368929999967,0.017834186865567255,1.8174498442778067e+17,0.23977320000000005,245.9601807832861,0.00399621999999993,0.004879850683721914,3.0696677306694293,0.7569052031162843,0.09116491880393872,0.018830171176682686,,,,,,,,0.0031829588595322198,0.052624142825037176,,0.011444522082821894,0.0012789929400730878,0.0017953675917566556,-0.004773884412000001
GHG Forward,1999,,,206256000000.0,766.9973807520003,0.8899946400000002,0.001779989279999966,0.01840943714882784,1.8760725639797773e+17,0.2475072,253.89374482704883,0.004125119999999928,0.005037252616831642,3.1686813411521575,0.7813195448396352,0.09410548714948218,0.019924499691452015,,,,,,,,0.0033679387308589875,0.055682431542563186,,0.011813670652339021,0.001320247473100654,0.0018532780377724988,-0.004927868352
GHG Forward,2000,,,216938000000.0,806.7201816460002,0.9360874700000003,0.001872174939999964,0.019362862055854926,1.973234378076977e+17,0.26032560000000005,267.04290403813866,0.004338759999999924,0.005298131972840658,3.3327873748490555,0.821784090733946,0.09897921113196399,0.021803955192291044,,,,,,,,0.0036856325787460375,0.060934892276001865,,0.012425500756230716,0.0013886231009983209,0.0019492593231629153,-0.005183082696000001
GHG Forward,2001,,,208673000000.0,775.9853988910002,0.9004239950000001,0.0018008479899999654,0.018625167161960627,1.8980572208486157e+17,0.2504076,256.8689852139805,0.0041734599999999275,0.005096281394539355,3.20581336544025,0.7904753964991137,0.09520825731103044,0.021951279213861318,,,,,,,,0.0037105355015755277,0.06134661452111206,,0.011952108525500061,0.0013357187231126985,0.0018749955781945764,-0.004985615316
GHG Forward,2002,,,209095000000.0,777.5546763650002,0.9022449250000002,0.0018044898499999654,0.018662832890360314,1.9018956673519875e+17,0.250914,257.38845209163264,0.004181899999999928,0.005106587618863995,3.212296490905527,0.7920739771363912,0.09540079723993958,0.021405313722161895,,,,,,,,0.0036182481993254326,0.05982082031865098,,0.011976279308484737,0.0013384199508764897,0.0018787873870725728,-0.004995697740000001
GHG Forward,2003,,,208964000000.0,777.0675309880003,0.9016796600000002,0.0018033593199999654,0.01865114044860591,1.900704111683879e+17,0.2507568,257.2271957860108,0.004179279999999928,0.0051033882933035025,3.210283956697112,0.7915777352797956,0.09534102773594172,0.022289257851579328,,,,,,,,0.003767665736301662,0.06229115378930034,,0.011968776055946841,0.001337581418087256,0.0018776103089611568,-0.004992567888
GHG Forward,2004,,,222109000000.0,825.9494087030002,0.9584003350000002,0.0019168006699999632,0.019824401111671913,2.020268991510474e+17,0.26653080000000007,273.40821973562464,0.004442179999999922,0.005424419854316282,3.41222870608353,0.8413723856992598,0.1013385096447344,0.02527906887754963,,,,,,,,0.004273048581956483,0.07064669346943671,,0.012721678762898378,0.001421722742625248,0.0019957224599120114,-0.005306628228000001
GHG Forward,2005,,,233025000000.0,866.5423776750002,1.0055028750000001,0.0020110057499999616,0.02079871175435191,2.119559233289638e+17,0.27963000000000005,286.84542456133664,0.004660499999999919,0.005691014036135643,3.579929648213781,0.8827233483450467,0.10631899747405207,0.026734976855412797,,,,,,,,0.004519148054623072,0.07471547800932743,,0.013346911623231813,0.0014915962077189503,0.0020938063123106063,-0.0055674333000000015
GHG Forward,2006,,,235742000000.0,876.6459959140003,1.0172267300000002,0.002034453459999961,0.02104121835165509,2.1442726435968925e+17,0.28289040000000004,290.18995419778406,0.004714839999999918,0.00575736951360021,3.6216705294677096,0.8930156317371871,0.107558644362313,0.02784424007664279,,,,,,,,0.004706652414750151,0.07781550432543718,,0.013502532517472004,0.001508987761828477,0.0021182194514611182,-0.005632347864
GHG Forward,2007,,,242588000000.0,902.1039901960003,1.0467672200000002,0.00209353443999996,0.021652260002423433,2.206542797061546e+17,0.2911056,298.61713487173284,0.004851759999999916,0.005924564802051598,3.7268446454281072,0.9189490038765291,0.1106821712658957,0.02931748029233795,,,,,,,,0.004955681643043772,0.08193272677651789,,0.013894649058498269,0.0015528091013330108,0.002179733014443967,-0.005795912496000001
GHG Forward,2008,,,241466000000.0,897.9316458220002,1.0419257900000003,0.0020838515799999602,0.02155211557762617,2.19633725920187e+17,0.28975920000000005,297.235993078544,0.004829319999999916,0.005897162944960967,3.709607520375877,0.9146987491963741,0.11017025230799038,0.03001750864976402,,,,,,,,0.005074010968958356,0.0838890760798308,,0.013830384559662238,0.001545627164008429,0.0021696514751996265,-0.005769105672000001
GHG Forward,2009,,,228984000000.0,851.5152443280002,0.9880659600000001,0.001976131919999962,0.020438031165576732,2.0828029244741744e+17,0.2747808,281.8710983703599,0.00457967999999992,0.005592323390410832,3.517848344883958,0.8674156129060925,0.10447526796523265,0.0292611695050098,,,,,,,,0.0049461631464920615,0.08177535662373796,,0.013115456329295625,0.0014657297115258715,0.0020574965974386097,-0.005470885728
GHG Forward,2010,,,240546000000.0,894.5104721820002,1.0379559900000002,0.0020759119799999603,0.021470000719503633,2.1879690819907274e+17,0.28865520000000006,296.1035060466958,0.0048109199999999165,0.005874694399039951,3.695473692347311,0.9112136918828778,0.10975049701273824,0.032197310772398624,,,,,,,,0.005442473922012044,0.08998090695887706,,0.01377768996168617,0.0015397382314428184,0.002161384972432431,-0.005747125032000001
GHG Forward,2011,,,247680000000.0,921.0394425600003,1.0687392,0.002137478399999959,0.022106747891075553,2.2528588387562605e+17,0.29721600000000004,304.8852044001797,0.004953599999999914,0.006048923319257917,3.805072310994911,0.9382380384855753,0.1130054255739651,0.03393808616829679,,,,,,,,0.0057367259719185775,0.0948458023547029,,0.014186302202948418,0.0015854030628809344,0.002225486310194576,-0.005917570560000001
GHG Forward,2012,,,250361000000.0,931.0091887870002,1.080307715,0.0021606154299999587,0.022346041298278288,2.2772447986509046e+17,0.30043320000000007,308.1854193266852,0.005007219999999913,0.0061143995927516615,3.84626012941294,0.9483939500697962,0.11422864725502051,0.034788197033069394,,,,,,,,0.0058804245014339755,0.0972215829647223,,0.014339861134659113,0.001602564180498763,0.0022495759774976754,-0.005981625012000001
GHG Forward,2013,,,257476999999.99997,957.4712231590001,1.111013255,0.0022220265099999574,0.022981181874799982,2.3419708302101322e+17,0.30897240000000004,316.944960325198,0.00514953999999991,0.006288188910984216,3.95558221664259,0.9753501107685337,0.1174753632126446,0.03586764826290919,,,,,,,,0.006062889590211614,0.10023829455798137,,0.01474744239465661,0.0016481137936910294,0.0023135155793361146,-0.0061516404840000006
GHG Forward,2014,,,265577000000.0,987.5924258590003,1.145964755,0.002291929509999956,0.023704149647400564,2.4156471730473648e+17,0.31869240000000004,326.9157700621226,0.005311539999999907,0.006486009804419251,4.080021354720186,1.0060337675504023,0.1211710348338862,0.037311569485391494,,,,,,,,0.006306962881125601,0.1042735800541697,,0.015211383963793736,0.0016999620043230375,0.0023862967450038147,-0.0063451656840000014
GHG Forward,2015,,,280081000000.0,1041.5279720270003,1.2085495150000003,0.0024170990299999537,0.024998708236758448,2.5475733059499846e+17,0.33609720000000004,344.76967431204264,0.005601619999999903,0.0068402313153305755,4.302844226161845,1.0609764537188244,0.12778856831468718,0.03919428156805476,,,,,,,,0.0066252072054725835,0.10953514186403684,,0.016042125756233837,0.0017928023064226217,0.002516619958194473,-0.006691695252000001
GHG Forward,2016,,,293627000000.0,1091.9010352090004,1.2670005050000002,0.0025340010099999515,0.02620776026733221,2.670785619539262e+17,0.3523524,361.44431489184257,0.0058725399999998975,0.007171056231685015,4.510949481025931,1.11229013455428,0.1339690087815191,0.04129205689307296,,,,,,,,0.006979804754980952,0.11539773478912385,,0.016817996434694504,0.0018795104374375812,0.002638335226112333,-0.007015336284
GHG Forward,2017,,,310950993000.0,1156.3231962863313,1.3417535347950003,0.0026835070695899487,0.027754018123104806,2.8283619710920787e+17,0.37314119160000003,382.7695294704613,0.006219019859999892,0.007594148549354431,4.777095500406462,1.1779152524929823,0.14187318029962873,0.04329342095498367,,,,,,,,0.007318105422151535,0.1209908899044264,,0.017810258224341485,0.0019904015532463985,0.002793997004452961,-0.007429241124756
GHG Forward,2018,,,327120444636.0,1216.4520024932203,1.4115247186043403,0.002823049437208626,0.02919722706550626,2.9754367935888666e+17,0.39254453356320007,402.67354500292527,0.006542408892719886,0.007989044273920862,5.025504466427598,1.2391668456226175,0.1492505856752094,0.04415128815883689,,,,,,,,0.0074631150448037165,0.1233883469342589,,0.018736391652007238,0.0020939024340152113,0.0029392848486845154,-0.007815561663243313
GHG Forward,2019,,,292505677500.0,1087.7312102318929,1.2621619984125003,0.0025243239968249518,0.026107676312987528,2.6605862441144346e+17,0.35100681300000003,360.06400707687555,0.005850113549999898,0.007143670920724669,4.493722764309017,1.1080424463157876,0.13345739893688827,0.043868355487864705,,,,,,,,0.007415289507623408,0.12259764306080996,,0.01675377074084775,0.0018723328367997527,0.0026282597744284545,-0.006988545646830001
GHG Forward,2020,,,158440575300.0,589.1877388291254,0.6836710824195,0.0013673421648389738,0.014141658001752553,1.4411508821149541e+17,0.19012869036000005,195.03467048458722,0.0031688115059999447,0.00386948841508725,2.4340998304753483,0.6001896583737003,0.07228942441844463,0.024835219303106865,,,,,,,,0.004198022448523261,0.06940627971115759,,0.009074959150576569,0.0010141802865198536,0.0014236407110364295,-0.0037854622250676007
GHG Forward,2021,,,188909916700.0,702.4930732050391,0.8151462905605001,0.0016302925811209686,0.016861207617130905,1.7182952824866922e+17,0.22669190004000003,232.54133788073486,0.003778198333999934,0.004613620802510096,2.9021959516615197,0.7156107465079192,0.08619123680485222,0.03016219387826602,,,,,,,,0.005098467843278976,0.08429342376514502,,0.01082014360239023,0.0012092149569798212,0.0016974177708165682,-0.004513435729796401
GHG Forward,2022,,,231566994700.0,861.1205414800652,0.9992115821305001,0.0019984231642609616,0.020668577082230816,2.1062974433709587e+17,0.27788039364000006,285.0506722845802,0.004631339893999919,0.005655406145878975,3.5575305219366737,0.8772002700473499,0.1056537741640731,0.036973011856443215,,,,,,,,0.006249734776589963,0.10332742269568844,,0.013263401837220424,0.001482263495879817,0.002080705654868176,-0.005532598637372401
GHG Forward,2023,1076937632512.1694,11615863382044.725,269197297382.2647,1001.0551062646144,1.1615863382044724,0.0023231726764089,0.0240272803059941,2.448576836147176e+17,0.3230367568587177,331.37222640652345,0.0053839459476452,0.0065744259109205,4.135639464082358,1.019747836973329,0.1228228163519221,0.0409175141854956,31609.255041993387,1033.2844808044356,1.0,1.0,1.0,1.0,0.0,0.0069164939110077,0.1143510109567864,10.786013072036893,0.01541874278456792,0.001723135577313922,0.0024188263084044264,-0.0064316618290570695
GHG Forward,2024,1198347322705.4666,12554695373775.648,290954701593.87366,1079.212602199146,1.2527577231768294,0.0025034062575308,0.0258831686381518,2.638203205374563e+17,0.3478010332180216,357.84894263335514,0.0058141262657643,0.0070997340578197,4.492414159241649,1.1016089191714291,0.1327204318661201,0.0452139231806048,32587.616609305576,1113.9710421778616,0.99500999,1.0,0.9746971613205142,1.0,1.0,0.0076427376050688,0.1263580627499945,10.476674947152512,0.016748891919781364,0.0018608145016934465,0.002605658586802742,-0.00692471857137081
GHG Forward,2025,1292041079394.611,13362679586764.836,309679712323.6347,1128.805613729875,1.3132285212957404,0.0026262163647732,0.0270694772783287,2.7637186730320288e+17,0.3628115854381908,380.878457890815,0.0061883067691699,0.0075566957744168,4.809709992022903,1.1739971247654524,0.1414400286767429,0.0481960843213446,33594.36523400953,1165.2423865767023,0.99401498,1.0,0.9621425078045334,1.0,1.0,0.0081468273520184,0.1346922235138593,10.34230242356222,0.01793185355721582,0.001980567981032238,0.00272508427760935,-0.007223578666074379
GHG Forward,2026,1332492788861.6396,13552921769402.73,314088569395.19653,1133.2127393962746,1.3202410080779807,0.0026401158596952,0.0271682415051814,2.777442562874431e+17,0.3636730488321875,386.301267215864,0.0062764086336915,0.0076642576154823,4.908079639022036,1.191064939768262,0.143504863863952,0.0489162596967415,34656.9298659465,1169.8440464456924,0.993020965,0.994,0.9526455945269,1.0,1.0,0.0082685622300515,0.1367048771142095,10.171103275524,0.018298601262875636,0.002008766589522493,0.0027350268723266113,-0.007240730402248853
GHG Forward,2027,1374253470767.4404,13762998400551.893,318957089236.4286,1138.8618931800788,1.3288405355404191,0.0026571852950045,0.0273024520163115,2.7947823558214778e+17,0.3649396169786533,392.2893721524428,0.0063736959053158,0.0077830393900153,5.0148208522503035,1.209789655963601,0.1457731118204678,0.0496490123371178,35756.4839623636,1175.7317673323146,0.992027944,0.988036,0.9444488420174912,1.0,1.0,0.0083924231066547,0.1387526800386106,10.014890770380273,0.0186965603513245,0.0020399047351927027,0.0027485378444820786,-0.007265947774044987
GHG Forward,2028,1417354370908.5278,13982651066530.877,324047533407.4363,1144.85833529428,1.3379941835249145,0.0026753587564373,0.0274523324502766,2.8136468221384032e+17,0.3663236397515047,398.55033076718354,0.0064754178743952,0.0079072430248851,5.1262401048895,1.2293597003711951,0.1481477926929568,0.0503941256689218,36893.73861191296,1181.9821500266648,0.991035916,0.982107784,0.9367292699819304,1.0,1.0,0.0085183733733075,0.1408350270351291,9.865317632292593,0.019111960391055418,0.0020724617199893544,0.0027636263077693455,-0.0072935036674524585
GHG Forward,2029,1461829503673.876,14207568813938.068,329259995688.02014,1150.8244094537556,1.3472683890829815,0.0026937690923192,0.0276085865876065,2.833116679119956e+17,0.3677044230648902,404.9612909657616,0.0065795781223267,0.0080344289882953,5.2408088877341505,1.249403177951268,0.1505830161637144,0.0511515095635343,38069.52482829022,1188.2055085990155,0.99004488,0.976215137,0.9291754952750816,1.0,1.0,0.0086463977951146,0.1429516662238809,9.719032745085215,0.019539102701008844,0.0021057987130219604,0.002779356411774346,-0.007320995063221964
GHG Forward,2030,1507714977739.29,14405879467249.557,333855839333.70935,1154.189173178651,1.353654652761865,0.0027064011706949,0.0277082857348559,2.8468880849434374e+17,0.3682621922196704,410.6139720220745,0.0066714165257186,0.0081465609638223,5.346452484880533,1.2674094376339882,0.1527657039892132,0.0519211280499101,39284.75227442997,1191.7474272533734,0.989054835,0.970357846,0.921772915883936,1.0,0.9976628115647248,0.0087764902917087,0.145102497077611,9.554776386747935,0.019932969590369814,0.002135192654514787,0.0027893931249279437,-0.0073321002470936375
GHG Forward,2031,1554568865859.5942,14625239869490.691,338939005458.2151,1133.8951133363057,1.3346965995310125,0.0027189626526057,0.0273003322699241,2.8151049730756006e+17,0.3604586905538711,416.8658328313812,0.0067729930581336,0.0082705972499662,5.461544555794496,1.2865559130911692,0.1551063838790192,0.0520711115978239,40540.53683523774,1170.9411376477103,0.98806578,0.964535699,0.9144826591260588,1.0,0.9971953998319122,0.0088018427676973,0.1455216518252108,9.407907356618589,0.020362062854755565,0.0021677023307231824,0.0027483244496132593,-0.0071767325289275735
GHG Forward,2032,1602814264481.834,14847105152435.312,344079673497.85846,1112.6494373061946,1.314771433843746,0.0027311213538663,0.026901737934038,2.784128559886214e+17,0.3523118234754838,423.1884544101995,0.0068757186470625,0.008396033981267,5.57883680976342,1.3058057182353655,0.1574638778368406,0.0522339229262496,41833.93140780976,1149.15681643635,0.987077715,0.958748485,0.907274965832251,1.0,0.9967279219647592,0.0088293635881605,0.1459766560054818,9.2631476281721,0.02079935897553101,0.002200579962933037,0.0027081979578196056,-0.007014528405396883
GHG Forward,2033,1652502955074.5742,15071668469051.477,349282280740.7374,1090.4466461296977,1.2938754545097189,0.002742897541095,0.0265137315217494,2.754084752692536e+17,0.3438191334729969,429.5872911023485,0.006979681962505,0.008522979653552,5.698420555681281,1.3251858592681949,0.159841417165666,0.0524114108809402,43166.64093461749,1126.3888695210808,0.986090637,0.952995994,0.9001459101992724,1.0,0.9962603479174488,0.0088593652728261,0.1464726765349672,9.12050923889048,0.0212451983760726,0.002233853913732212,0.002669137352294512,-0.006845438947447369
GHG Forward,2034,1703688821356.501,15299550767611.809,354561181343.4056,1067.3091078470304,1.2720384664435866,0.0027543870194445,0.0261382131699679,2.7251737769252368e+17,0.3349868301538257,436.0799946712896,0.007085169842509,0.008651784711768,5.820554470525855,1.3447595825899492,0.1622465016033586,0.052605398938722,44540.45218007954,1102.6605017906045,0.985104546,0.947278018,0.8931180719153207,1.0,0.9957926484406684,0.0088921560531842,0.1470148094323941,8.980249547819472,0.021700545471634438,0.002267615972290706,0.002631333919820669,-0.00666958778836267
GHG Forward,2035,1756427787743.35,15514192810363.102,359525774109.03937,1042.0889340829758,1.2479184382340869,0.0027627024807811,0.0257459758296987,2.6944929666937808e+17,0.3254488175538342,442.2154856142109,0.0071843006082524,0.0087728217326802,5.928493178148502,1.3629719694779845,0.1644915220111358,0.0528177585705816,45957.2349831657,1076.7865333801965,0.984119442,0.94159435,0.8852682269147575,1.0,0.9953247949477768,0.0089280522734199,0.1476082848444015,8.83280993310614,0.022102969131575393,0.0022995205251938964,0.0025918473867757685,-0.006479685957496839
GHG Forward,2036,1810784435779.0125,15703873581123.484,363904407536.9156,1013.7018468134734,1.2207047685405057,0.0027658275986346,0.0253224254986393,2.6604142544703098e+17,0.3150077136182389,447.6595481896967,0.0072716462054071,0.0088794609246143,6.015694923383298,1.3789711027482454,0.1664702318438845,0.0530506363988442,47419.29043455649,1047.6600874522023,0.983135322,0.935944784,0.8765508629745291,1.0,0.9941444742808598,0.0089674167879377,0.1482591018752341,8.672414712007155,0.022428079986092076,0.002327829650586423,0.0025492085749480183,-0.006271803578139137
GHG Forward,2037,1866863029157.235,15863118688942.137,367570179447.50854,982.329871358407,1.1901823681150487,0.0027629258096816,0.0248628459703207,2.622355723598145e+17,0.3036287038915301,452.25591605641785,0.0073446711149378,0.0089686096508944,6.072272539779195,1.3919638380133406,0.1680914390127098,0.05330740253249,48931.075354352266,1015.4571105171794,0.982152187,0.930329115,0.8662203991381312,1.0,0.9929663127969968,0.0090108192632656,0.1489766788724279,8.49720544099225,0.022639016099394168,0.002351730763493373,0.002502942703832185,-0.006045247494480365
GHG Forward,2038,1924752253204.1873,15979771057727.982,370241296593.9656,947.4882826060098,1.155712089156326,0.0027520527076764,0.0243542129901038,2.5787822920620176e+17,0.2911752301759584,455.65782656062584,0.0073977446691046,0.0090333945461555,6.0872355584683175,1.4007550626272527,0.1692122787419608,0.0535907068714032,50496.1702233939,979.6749618202576,0.981170035,0.924747141,0.8537716926202301,1.0,0.9917902559664502,0.0090587076253536,0.1497684214356811,8.30224826656315,0.022694802136463403,0.0023694206981152545,0.0024517386217137497,-0.005797298832803333
GHG Forward,2039,1984552443569.5017,16055708707447.396,371961199067.64813,909.6169111603544,1.1177634020033211,0.0027337484390304,0.0238054494890765,2.530571889210232e+17,0.2777982672809629,457.9185626044137,0.0074317353472702,0.0090748749940645,6.062666699114379,1.4055996252726946,0.1698608640735607,0.053903431476178,52118.78305316833,940.7663890187,0.980188865,0.919198658,0.839396847590492,1.0,0.9906162820934528,0.0091115690434481,0.150642383977612,8.090342363827336,0.02260320301952426,0.0023811765255429508,0.0023964946000653315,-0.005530963501563972
GHG Forward,2040,2046369920598.6516,16120956297010.969,373425588614.1719,870.6579385977783,1.0786687522656635,0.0027132749536807,0.0232654627842233,2.4829818463015e+17,0.264103320041728,459.893601938617,0.0074605457638906,0.0091100276665156,6.0249420118208254,1.4094242422367669,0.1703889786503453,0.0542485422086622,53803.45021534621,900.7384527217592,0.979208676,0.913683466,0.8246325231745272,1.0,0.9894443939559292,0.0091699048521443,0.1516068551078156,7.877830950669413,0.02246255554407112,0.0023914467300808085,0.0023421341384877595,-0.005258297102030804
GHG Forward,2041,2110301926350.456,16170942520018.33,374528416423.9137,831.0442528346745,1.0337193281561947,0.0028120802156434,0.0227822624147024,2.4403766712570726e+17,0.2513971375658616,461.4521752099539,0.0074820576656506,0.009136265129423,5.975265802349547,1.4120378248406784,0.1707709978393832,0.0546970588015277,55554.21160944021,859.9291164593936,0.978229467,0.908201365,0.8094381298143812,1.0,0.9879727899448086,0.0092457198752534,0.152860311649495,7.662857299279571,0.02227734967615103,0.00239955131109176,0.0022934903572880906,-0.0050053170089363035
GHG Forward,2042,2176736594644.0437,16216255608100.123,375514835586.0552,790.9295760696598,0.9881554159198463,0.0029104132497486,0.0223175667331168,2.399288084704903e+17,0.2385372120880328,462.895489265126,0.0075011701914475,0.0091595844528786,5.920416947304285,1.4143129160171528,0.1711216386637326,0.0551869527673799,57391.4338306735,818.601946199861,0.977251238,0.902752157,0.7940184278818317,1.0,0.986501932050747,0.0093285291245273,0.1542294043564192,7.449801527663445,0.02207285883614532,0.0024070565441786547,0.0022467094430228683,-0.004749275892672733
GHG Forward,2043,2245803823734.86,16251102597420.844,376250956785.39624,750.0836017814241,0.941678145843204,0.0030070864574695,0.0218640851792652,2.358954103106137e+17,0.2254562563712647,464.05860370473897,0.0075152085457088,0.0091767192479495,5.85660237117386,1.415852736779175,0.1713897383066175,0.0557207468850938,59321.28454642881,776.5181819512484,0.976273987,0.8973356439999999,0.7780836942657237,1.0,0.9850318617549244,0.0094187590380104,0.1557211835668239,7.236207555473221,0.02183494144905037,0.0024131047392646427,0.0022010574549966274,-0.00448883406435188
GHG Forward,2044,2317642835702.3877,16281364836649.48,376873337626.5313,708.8449974743378,0.8946992697625422,0.0031030085568168,0.0214289948622372,2.3202278624486854e+17,0.2122586432784625,465.10926011357594,0.0075269022439171,0.0091909987811818,5.7880710804824185,1.417000499285768,0.1716163190865188,0.0563013035139266,61350.552904142336,734.0279389478899,0.975297713,0.89195163,0.7620179032379637,1.0,0.9835626174185276,0.0095168934547326,0.1573436486345633,7.024967171749407,0.021579438919624667,0.002418568152590595,0.002157256912781419,-0.004226069587674189
GHG Forward,2045,2392398598607.99,16309973010491.023,377410137446.4699,667.3014935911797,0.8473726285518954,0.0031984404368509,0.0210122666574601,2.2831541039328272e+17,0.1989601133688842,466.25318146547966,0.0075363679306395,0.0092025635380754,5.717307157745618,1.417705962683084,0.1717953207909399,0.0569315318680401,63486.437997810935,691.2232033270516,0.974322415,0.8865999199999999,0.745981924643807,1.0,0.9820942423700094,0.009623424133845,0.1591049298575575,6.817414547885512,0.02131561255550812,0.002424516543620494,0.0021153048844065082,-0.003961295857174484
GHG Forward,2046,2470223810619.996,16324602548344.145,377577643185.2139,625.0172511698393,0.7990669866333345,0.0032906086843288,0.0206002401215527,2.246201198470125e+17,0.1854337565458216,467.13324939207894,0.0075379575831634,0.00920451460387,5.639287175160268,1.4173091888028442,0.1718396697525508,0.0576144979826859,65736.71193511806,647.6502093770878,0.9733480920000002,0.881280321,0.7299306504833016,1.0,0.9798147327622214,0.0097388693427586,0.1610135957971578,6.608552017902729,0.021024733707391,0.0024290928968388106,0.0020738261730367104,-0.003691986092827308
GHG Forward,2047,2551033827281.624,16339186590194.06,377662075019.9971,582.5048598787132,0.7504514541510201,0.0033815835195411,0.0202068925258745,2.2109470495916877e+17,0.1718431244145782,468.25929380570193,0.0075369791409902,0.0092033358993366,5.560991106656455,1.4164820594032614,0.1718354604850563,0.0583474818831862,68095.1621293411,603.8403117324557,0.972374744,0.875992639,0.7140294188596696,1.0,0.9775436555943356,0.0098627693104276,0.1630620450176379,6.404927451552088,0.020732825538947435,0.00243494832778965,0.002034227870579786,-0.0034213966070942518
GHG Forward,2048,2634982491977.6606,16357988226927.17,377765979087.2079,539.9063004541681,0.7016387897843966,0.0034718395748904,0.0198380457110029,2.1780347880086138e+17,0.1582459953589461,469.741394779983,0.0075355235885212,0.0092015812961733,5.4851196316190505,1.415636113258773,0.1718321439365923,0.0591339816065904,70569.49553849788,559.9386877402488,0.9714023699999996,0.870736683,0.6984531743771405,1.0,0.9752811252725736,0.009995715327707,0.1652600533834635,6.208006420053986,0.020449956887449286,0.0024426552528559117,0.001997096061726662,-0.003150677767596617
GHG Forward,2049,2722229470187.141,16386260540758.896,378014879215.5479,497.3497712322331,0.652735399908563,0.0035621930320051,0.019500063163725,2.1481895821871747e+17,0.1446939140665376,471.7177946766717,0.0075361413576321,0.009202364907061,5.415389009946986,1.4152499438940138,0.171887091998114,0.0599774802655127,73167.85916509797,516.0766528074834,0.970430967,0.865512263,0.6834111007554694,1.0,0.9730272672396156,0.0101382961626993,0.1676173550502066,6.019426620795643,0.020189982939258867,0.0024529325323186927,0.0019630713586921956,-0.0028808558290647633
GHG Forward,2050,2812939973611.02,16429139481338.717,378531613652.8366,454.9058337679921,0.6037855370049304,0.003653581137567,0.0191983568631101,2.122070674928596e+17,0.1312191302547581,474.3234125242,0.007541329324986,0.0092087339002558,5.354994768781587,1.415775447126308,0.1720545086190284,0.0608815623847867,75898.82785435108,472.326228025082,0.969460536,0.8603191889999999,0.6690932426943206,1.0,0.970782215315267,0.0102911177257264,0.1701439675872798,5.840558147512954,0.01996481745317483,0.00246648174512584,0.001932698585409294,-0.0026125728833722335
GHG Forward_lower,1940,,,8953488372.093023,33.29504174418605,0.038634302325581404,7.72686046511613e-05,0.0007991461167132466,8143954060388877.0,0.010744186046511629,11.021423338259904,0.00017906976744185734,0.00021866507026266997,0.1375511575075342,0.0339167610135496,0.004085080603439601,6.398432532486963e-05,,,,,,,,6.398432532486963e-05,0.0010578585596153222,,1.7163992262896657e-05,2.31449890103458e-05,6.353211627870311e-06,-0.0005348455813953489
GHG Forward_lower,1941,,,9651162790.697676,35.88946058139537,0.04164476744186048,8.328953488371934e-05,0.0008614172426909024,8778547883276322.0,0.011581395348837212,11.880235546436003,0.00019302325581395014,0.0002357039069065144,0.1482694295211083,0.03655962550811191,0.004403398572538791,6.962232294921616e-05,,,,,,,,6.962232294921616e-05,0.0011510720773905522,,1.8501446205460037e-05,2.4948494647515604e-05,6.848267079392674e-06,-0.0005765218604651165
GHG Forward_lower,1942,,,10465116279.069769,38.91628255813955,0.04515697674418606,9.031395348837037e-05,0.0009340668896648338,9518907343311674.0,0.012558139534883724,12.88218312264145,0.00020930232558139173,0.00025558254965766625,0.1607740802036114,0.0396429674184346,0.004774769536487845,7.621479947014026e-05,,,,,,,,7.621479947014026e-05,0.0012600660799265446,,2.0061809138450635e-05,2.7052584557547046e-05,7.425831772835428e-06,-0.0006251441860465118
GHG Forward_lower,1943,,,11279069767.441858,41.94310453488372,0.048669186046511624,9.733837209302137e-05,0.0010067165366387648,1.0259266803347024e+16,0.013534883720930231,13.88413069884689,0.00022558139534883324,0.00027546119240881795,0.17327873088611448,0.04272630932875728,0.005146140500436898,8.293436113767916e-05,,,,,,,,8.293436113767916e-05,0.001371161192530727,,2.162217207144124e-05,2.915667446757847e-05,8.003396466278181e-06,-0.0006737665116279069
GHG Forward_lower,1944,,,12209302325.581396,45.40232965116281,0.05268313953488374,0.00010536627906976543,0.0010897447046089726,1.1105391900530286e+16,0.014651162790697676,15.02921364308169,0.0002441860465116237,0.0002981796412672772,0.18756976023754662,0.04625012865484037,0.005570564459235819,9.06480331052674e-05,,,,,,,,9.06480331052674e-05,0.0014986920194253938,,2.3405443994859077e-05,3.156134865047155e-05,8.663470401641333e-06,-0.0007293348837209304
GHG Forward_lower,1945,,,13139534883.72093,48.86155476744187,0.056697093023255825,0.00011339418604650945,0.00117277287257918,1.1951516997713544e+16,0.015767441860465116,16.174296587316483,0.00026279069767441406,0.0003208980901257365,0.20186078958897874,0.04977394798092344,0.005994988418034738,9.851332669576821e-05,,,,,,,,9.851332669576821e-05,0.0016287296201401556,,2.518871591827691e-05,3.3966022833364614e-05,9.32354433700448e-06,-0.0007849032558139535
GHG Forward_lower,1946,,,14302325581.39535,53.18558616279072,0.061714534883720945,0.0001234290697674395,0.0012765580825419393,1.3009173369192622e+16,0.017162790697674422,17.60565026760998,0.000286046511627902,0.00034929615119881044,0.21972457627826888,0.05417872213852729,0.006525518366533387,0.00010829566181325991,,,,,,,,0.00010829566181325991,0.0017904618394692217,,2.7417805822549203e-05,3.697186556198096e-05,1.0148636756208418e-05,-0.0008543637209302327
GHG Forward_lower,1947,,,15348837209.302324,57.07721441860466,0.06623023255813953,0.0001324604651162765,0.0013699647715084225,1.3961064103523786e+16,0.01841860465116279,18.893868579874123,0.00030697674418604117,0.00037485440616457705,0.23580198429863,0.05814301888037074,0.00700299532018217,0.00011738485678329024,,,,,,,,0.00011738485678329024,0.0019407343108946871,,2.9423986736394266e-05,3.9677124017735656e-05,1.0891219933491959e-05,-0.0009168781395348836
GHG Forward_lower,1948,,,16627906976.744184,61.833648953488385,0.07174941860465117,0.00014349883720929954,0.0014841285024674578,1.5124486112150768e+16,0.019953488372093025,20.468357628196966,0.0003325581395348779,0.0004060922733449585,0.25545214965684915,0.06298827045373497,0.007586578263530685,0.000128454707977497,,,,,,,,0.000128454707977497,0.0021237531483990642,,3.1875985631093786e-05,4.298355101921363e-05,1.1798821594616289e-05,-0.0009932846511627909
GHG Forward_lower,1949,,,17906976744.186047,66.5900834883721,0.07726860465116281,0.0001545372093023226,0.0015982922334264933,1.6287908120777754e+16,0.021488372093023258,22.042846676519808,0.0003581395348837147,0.00043733014052533994,0.2751023150150684,0.0678335220270992,0.008170161206879202,0.00013975105467776503,,,,,,,,0.00013975105467776503,0.0023105166563142762,,3.4327984525793314e-05,4.62899780206916e-05,1.2706423255740621e-05,-0.0010696911627906978
GHG Forward_lower,1950,,,19418604651.162792,72.21132430232561,0.08379127906976745,0.00016758255813953169,0.0017332130063780803,1.7662861403700552e+16,0.023302325581395354,23.903606460901354,0.0003883720930232491,0.0004742476199203362,0.2983252377111456,0.0735597284319842,0.008859850139927445,0.00015311462819746842,,,,,,,,0.00015311462819746842,0.0025314578096841027,,3.72258014013473e-05,5.019757356789284e-05,1.3779043400705738e-05,-0.0011599897674418607
GHG Forward_lower,1951,,,20930232558.139538,77.8325651162791,0.09031395348837212,0.00018062790697674074,0.0018681337793296675,1.9037814686623348e+16,0.025116279069767447,25.7643662452829,0.00041860465116278346,0.0005111650993153325,0.3215481604072228,0.0792859348368692,0.00954953907297569,0.0001667573394153341,,,,,,,,0.0001667573394153341,0.0027570139715237855,,4.012361827690127e-05,5.410516911509409e-05,1.4851663545670857e-05,-0.0012502883720930235
GHG Forward_lower,1952,,,22558139534.883717,83.88620906976745,0.09733837209302325,0.00019467674418604275,0.0020134330732775297,2.051853360669405e+16,0.027069767441860463,27.76826139769378,0.0004511627906976665,0.0005509223848176359,0.34655746177222896,0.08545261865751456,0.010292281000873796,0.00018162423395188265,,,,,,,,0.00018162423395188265,0.0030028096653993497,,4.324434414288248e-05,5.831334893515694e-05,1.6006792932556362e-05,-0.0013475330232558139
GHG Forward_lower,1953,,,24418604651.162792,90.80465930232562,0.10536627906976748,0.00021073255813953086,0.0021794894092179453,2.2210783801060572e+16,0.029302325581395353,30.05842728616338,0.0004883720930232474,0.0005963592825345544,0.37513952047509325,0.09250025730968074,0.011141128918471637,0.00019870067981719492,,,,,,,,0.00019870067981719492,0.0032851360685411963,,4.6810887989718155e-05,6.31226973009431e-05,1.7326940803282667e-05,-0.0014586697674418608
GHG Forward_lower,1954,,,26395348837.2093,98.15551267441863,0.11389593023255815,0.0002277918604651119,0.0023559242661546358,2.4008799632574996e+16,0.031674418604651165,32.491728542662315,0.0005279069767441768,0.0006446359863587803,0.4055079578468865,0.09998837337760726,0.01204302983091934,0.00021710175039638208,,,,,,,,0.00021710175039638208,0.003589362610267548,,5.060034082698105e-05,6.823262993959085e-05,1.8729597915929353e-05,-0.0015767525581395349
GHG Forward_lower,1955,,,28488372093.023254,105.93876918604653,0.12292732558139537,0.00024585465116278596,0.0025427376440876025,2.5912581101237332e+16,0.03418604651162791,35.06816516719061,0.0005697674418604552,0.0006957524962903135,0.43766277388760877,0.10791696686129418,0.012997983738216909,0.00023687075815550352,,,,,,,,0.00023687075815550352,0.0039162053794443265,,5.461270265467118e-05,7.364314685110026e-05,2.021476427049644e-05,-0.0017017813953488375
GHG Forward_lower,1956,,,30813953488.372093,114.58683197674421,0.1329622093023256,0.0002659244186046461,0.002750308064013121,2.8027893844195484e+16,0.03697674418604652,37.930872527777595,0.0006162790697674312,0.0007525486184364617,0.4733903472661891,0.11672651517650187,0.014059043635214208,0.0002590303978712176,,,,,,,,0.0002590303978712176,0.004282572680064256,,5.907088246321577e-05,7.965483230833295e-05,2.1864949108904316e-05,-0.0018407023255813957
GHG Forward_lower,1957,,,33255813953.48837,123.66729790697677,0.14349883720930234,0.0002869976744185991,0.0029682570049349155,3.0248972224301536e+16,0.03990697674418605,40.93671525639393,0.0006651162790697558,0.000812184546689917,0.5109042993136983,0.12597654090746993,0.01517315652706137,0.00028267221577322387,,,,,,,,0.00028267221577322387,0.004673444964885913,,6.375197126218757e-05,8.596710203842725e-05,2.3597643189232578e-05,-0.0019865693023255818
GHG Forward_lower,1958,,,35930232558.139534,133.6125701162791,0.15503895348837213,0.00031007790697673825,0.0032069629878492623,3.2681581878703412e+16,0.04311627906976744,44.228828721068965,0.0007186046511627782,0.0008775000871579872,0.5519910086990657,0.13610752146995878,0.016393375408608264,0.0003088458152612,,,,,,,,0.0003088458152612,0.005106175420567329,,6.887887804201384e-05,9.288054031424482e-05,2.5495355753401637e-05,-0.0021463283720930234
GHG Forward_lower,1959,,,38720930232.558136,143.9902454651163,0.16708081395348837,0.0003341616279069703,0.0034560474917598844,3.5219957170253188e+16,0.04646511627906977,47.66407755377335,0.0007744186046511493,0.0009456554337333649,0.594864096753362,0.146678979448208,0.01766664728500502,0.00033662686250773247,,,,,,,,0.00033662686250773247,0.00556548195346593,,7.422869381226734e-05,0.00010009456286292404,2.747557755949108e-05,-0.002313033488372093
GHG Forward_lower,1960,,,41860465116.279076,155.6651302325582,0.18062790697674425,0.0003612558139534815,0.003736267558659335,3.8075629373246696e+16,0.050232558139534894,51.5287324905658,0.0008372093023255669,0.001022330198630665,0.6430963208144456,0.1585718696737384,0.01909907814595138,0.00036811603623463,,,,,,,,0.00036811603623463,0.006086095272323026,,8.024723655380254e-05,0.00010821033823018818,2.9703327091341713e-05,-0.002500576744186047
GHG Forward_lower,1961,,,45930232558.139534,170.79924011627912,0.19818895348837212,0.0003963779069767366,0.004099515793528992,4.177742667342346e+16,0.055116279069767446,56.538470371593014,0.0009186046511627747,0.0011217234123864239,0.7056195742269611,0.17398857922535185,0.02095593296569665,0.0004086154154033579,,,,,,,,0.0004086154154033579,0.006755675121687993,,8.804905121875558e-05,0.00011873078778034532,3.2591150558555484e-05,-0.0027436883720930237
GHG Forward_lower,1962,,,50581395348.83721,188.09536569767448,0.2182587209302326,0.00043651744186045673,0.0045146566333800296,4.600805215933975e+16,0.060697674418604665,62.263885092767,0.0010116279069767265,0.0012353156566787201,0.7770747209841217,0.1916076758557672,0.02307805275969125,0.0004553039221668242,,,,,,,,0.0004553039221668242,0.007527580369803404,,9.696541083584475e-05,0.0001307541586948107,3.589152023537123e-05,-0.00302153023255814
GHG Forward_lower,1963,,,53372093023.25581,198.47304104651167,0.23030058139534887,0.00046060116279068885,0.004763741137290651,4.854642745088954e+16,0.06404651162790698,65.69913392547139,0.0010674418604650977,0.0013034710032540976,0.8199478090384181,0.20217913383401645,0.024351324636088006,0.0004861606167486978,,,,,,,,0.0004861606167486978,0.008037736854522692,,0.00010231522660609825,0.0001379681812434899,3.787174204146068e-05,-0.0031882353488372093
GHG Forward_lower,1964,,,55813953488.37209,207.55350697674425,0.24083720930232563,0.0004816744186046419,0.0049816900782124465,5.076750583099559e+16,0.06697674418604652,68.70497665408773,0.0011162790697674223,0.0013631069315075532,0.8574617610859274,0.2114291595649845,0.02546543752793517,0.0005145471818663276,,,,,,,,0.0005145471818663276,0.008507054468411645,,0.00010699631540507007,0.0001442804509735842,3.9604436121788953e-05,-0.003334102325581396
GHG Forward_lower,1965,,,59651162790.69768,221.82281058139543,0.2573947674418605,0.0005147895348837111,0.005324181271089553,5.425777185687654e+16,0.07158139534883722,73.42844379905625,0.0011930232558139326,0.0014568205330486974,0.9164122571605849,0.22596491428507723,0.027216186357980714,0.000556649263684378,,,,,,,,0.000556649263684378,0.009203131943679452,,0.00011435231208916863,0.00015419973197801812,4.232724110516194e-05,-0.0035633218604651166
GHG Forward_lower,1966,,,64651162790.697685,240.41614558139545,0.2789697674418606,0.0005579395348837103,0.005770457673929418,5.880569425423657e+16,0.07758139534883722,79.58326462431829,0.0012930232558139312,0.001578932195662916,0.9932265399245327,0.2449054431627738,0.029497465136524906,0.0006107793753906913,,,,,,,,0.0006107793753906913,0.010098069910294227,,0.0001239373986775395,0.00016712485571106838,4.587513850773887e-05,-0.0038620018604651166
GHG Forward_lower,1967,,,76279069767.44185,283.65645953488377,0.32914418604651163,0.0006582883720930105,0.006808309773557009,6.93822579690273e+16,0.09153488372093023,93.89680142725321,0.0015255813953488104,0.0018629128063936556,1.171864406817434,0.2889531847388121,0.03480276462151139,0.0007296680329477468,,,,,,,,0.0007296680329477468,0.012063666693558617,,0.0001462282977202624,0.00019718328299723174,5.412606269977822e-05,-0.004556606511627906
GHG Forward_lower,1968,,,86395348837.2093,321.27553267441874,0.3727959302325582,0.0007455918604651019,0.007711241100233016,7.858386840089526e+16,0.10367441860465117,106.34957844580661,0.001727906976744156,0.0021099759377294,1.3272793510142584,0.32727471990996565,0.03941837517344965,0.0008369326196952239,,,,,,,,0.0008369326196952239,0.013837081676967292,,0.00016562137988743137,0.00022333411473619388,6.130436674685249e-05,-0.005160912558139536
GHG Forward_lower,1969,,,90465116279.06976,336.40964255813964,0.39035697674418607,0.000780713953488357,0.008074489335102674,8.228566570107202e+16,0.10855813953488372,111.35931632683383,0.0018093023255813638,0.0022093691514851587,1.389802604426774,0.34269142946157904,0.04127522999319492,0.0008876290679512313,,,,,,,,0.0008876290679512313,0.014675250579388581,,0.0001734231945523844,0.00023385456428635105,6.419219021406626e-05,-0.005404024186046511
GHG Forward_lower,1970,,,90697674418.60464,337.2744488372094,0.3913604651162791,0.0007827209302325431,0.008095246377095223,8.249719697536782e+16,0.10883720930232559,111.64558706289253,0.0018139534883720612,0.0022150487636997734,1.3933753617646318,0.34357238429309983,0.04138133598289465,0.0009015059765547996,,,,,,,,0.0009015059765547996,0.014904678747502412,,0.00017386901253323882,0.0002344557328320743,6.435720869790703e-05,-0.005417916279069768
GHG Forward_lower,1971,,,104651162790.69768,389.16282558139545,0.45156976744186056,0.0009031395348837037,0.009340668896648337,9.518907343311674e+16,0.12558139534883722,128.82183122641447,0.002093023255813917,0.0025558254965766625,1.607740802036114,0.396429674184346,0.04774769536487844,0.001053931393158942,,,,,,,,0.001053931393158942,0.01742474176041896,,0.00020061809138450636,0.0002705258455754704,7.425831772835428e-05,-0.006251441860465117
GHG Forward_lower,1972,,,111627906976.74419,415.1070139534885,0.48167441860465127,0.0009633488372092838,0.009963380156424893,1.0153501166199118e+17,0.13395348837209303,137.40995330817546,0.0022325581395348446,0.0027262138630151063,1.7149235221718548,0.422858319129969,0.05093087505587034,0.0011392330710446588,,,,,,,,0.0011392330710446588,0.018835042011969488,,0.00021399263081014013,0.0002885609019471684,7.920887224357791e-05,-0.006668204651162792
GHG Forward_lower,1973,,,115581395348.83722,429.8087206976746,0.4987337209302327,0.0009974674418604462,0.010316249870298274,1.0513104332502005e+17,0.13869767441860467,142.27655582117333,0.0023116279069767044,0.002822767270663558,1.7756603969154414,0.43783455126582216,0.052734676880765746,0.0011955754498058386,,,,,,,,0.0011955754498058386,0.019766555587192515,,0.00022157153648466593,0.000298780767224464,8.201418646887127e-05,-0.006904370232558141
GHG Forward_lower,1974,,,111627906976.74419,415.1070139534885,0.48167441860465127,0.0009633488372092838,0.009963380156424893,1.0153501166199118e+17,0.13395348837209303,137.40995330817546,0.0022325581395348446,0.0027262138630151063,1.7149235221718548,0.422858319129969,0.05093087505587034,0.0011705526367711213,,,,,,,,0.0011705526367711213,0.019352851186622073,,0.00021399263081014013,0.0002885609019471684,7.920887224357791e-05,-0.006668204651162792
GHG Forward_lower,1975,,,111744186046.51163,415.53941709302336,0.48217616279069775,0.0009643523255813769,0.009973758677421169,1.0164077729913909e+17,0.13409302325581396,137.5530886762048,0.0022348837209301936,0.0027290536691224132,1.7167099008407836,0.4232987965457294,0.050983928050720204,0.0011881035134689304,,,,,,,,0.0011881035134689304,0.01964302139704881,,0.0002142155398005673,0.00028886148622003007,7.929138148549828e-05,-0.0066751506976744195
GHG Forward_lower,1976,,,112093023255.81396,416.8366265116281,0.48368139534883736,0.0009673627906976559,0.010004894240409998,1.0195807421058282e+17,0.1345116279069768,137.98249478029285,0.0022418604651162403,0.002737573087444336,1.7220690368475708,0.4246202287930106,0.051143087035269805,0.0012086581247185222,,,,,,,,0.0012086581247185222,0.01998285261882923,,0.00021488426677184903,0.000289763239038615,7.953890921125949e-05,-0.006695988837209305
GHG Forward_lower,1977,,,118720930232.55814,441.4836054651164,0.5122808139534885,0.0010245616279069571,0.010596469937197725,1.0798671552801352e+17,0.14246511627906977,146.14121075796575,0.0023744186046511214,0.002899442035560858,1.8238926209765245,0.4497274414913525,0.054167107741712094,0.0012984777340387425,,,,,,,,0.0012984777340387425,0.021467848233900095,,0.00022759007922620107,0.00030689654259172803,8.424193600072191e-05,-0.007091913488372093
GHG Forward_lower,1978,,,122906976744.18605,457.0501184883722,0.5303436046511629,0.0010606872093023051,0.010970096693063657,1.117942784653382e+17,0.1474883720930233,151.29408400702235,0.0024581395348836784,0.0030016750554239242,1.8882022530579694,0.4655846284587264,0.05607701555630724,0.0013638146610836462,,,,,,,,0.0013638146610836462,0.02254806947843901,,0.00023561480288158138,0.0003177175764147469,8.721226870985607e-05,-0.007341971162790699
GHG Forward_lower,1979,,,128023255813.95348,476.07585662790706,0.5524203488372093,0.0011048406976743971,0.011426751616899797,1.1644796649984613e+17,0.1536279069767442,157.5920402003137,0.002560465116279025,0.0031266265241454497,1.9668029144908457,0.4849656347521832,0.05841134732970129,0.0014415548961543758,,,,,,,,0.0014415548961543758,0.023833355721257516,,0.00024542279846037943,0.00033094328442065873,9.08426753543534e-05,-0.007647597209302326
GHG Forward_lower,1980,,,128953488372.09303,479.5350817441862,0.5564343023255814,0.0011128686046511416,0.011509779784870007,1.172940915970294e+17,0.15474418604651166,158.73712314454852,0.0025790697674418156,0.0031493449730039093,1.981093943842278,0.4884894540782663,0.05883577128850022,0.0014737829947871776,,,,,,,,0.0014737829947871776,0.024366185751514703,,0.0002472060703837973,0.00033334795860355185,9.150274928971657e-05,-0.007703165581395351
GHG Forward_lower,1981,,,127093023255.81395,472.61663151162804,0.5484063953488373,0.0010968127906976534,0.011343723448929591,1.1560184140266286e+17,0.15251162790697678,156.44695725607892,0.002541860465116235,0.003103908075286991,1.9525118851394136,0.4814418154261002,0.057986923370902374,0.0014746120271000613,,,,,,,,0.0014746120271000613,0.024379892216714247,,0.0002436395265369616,0.0003285386102377657,9.018260141899026e-05,-0.007592028837209304
GHG Forward_lower,1982,,,128488372093.02325,477.80546918604665,0.5544273255813954,0.0011088546511627694,0.011468265700884902,1.1687102904843776e+17,0.1541860465116279,158.1645816724311,0.0025697674418604204,0.0031379857485746795,1.973948429166562,0.48672754441522476,0.05862355930910075,0.0015138260603812677,,,,,,,,0.0015138260603812677,0.02502822132783548,,0.0002463144344220884,0.0003321456215121053,9.117271232203498e-05,-0.007675381395348837
GHG Forward_lower,1983,,,130232558139.53488,484.2915162790699,0.5619534883720931,0.0011239069767441645,0.011623943515829042,1.1845751360565638e+17,0.15627906976744188,160.31161219287134,0.002604651162790652,0.0031805828401842906,2.000744109200497,0.4933347056516305,0.05941935423184873,0.001558444763340445,,,,,,,,0.001558444763340445,0.025765906324975756,,0.00024965806927849677,0.0003366543856050298,9.241035095084088e-05,-0.007779572093023257
GHG Forward_lower,1984,,,138953488372.09305,516.7217517441862,0.5995843023255816,0.00119916860465114,0.012402332590549738,1.2638993639174947e+17,0.16674418604651167,171.0467647950726,0.0027790697674418127,0.0033935682982323464,2.1347225093701736,0.5263705118336595,0.06339832884558862,0.0016893042217120137,,,,,,,,0.0016893042217120137,0.027929417426204535,,0.000266376243560539,0.0003591982060696524,9.859854409487042e-05,-0.008300525581395352
GHG Forward_lower,1985,,,143488372093.02325,533.5854741860467,0.6191523255813954,0.001238304651162767,0.012807094909404498,1.3051479624051782e+17,0.17218604651162792,176.62904414821716,0.002869767441860415,0.0035043207364173342,2.204391277458405,0.5435491310483144,0.06546739564473333,0.001772686778307476,,,,,,,,0.001772686778307476,0.029307988674229155,,0.00027506969418720096,0.000370920992711256,0.00010181640452976575,-0.008571421395348838
GHG Forward_lower,1986,,,151046511627.90698,561.6916782558142,0.6517656976744187,0.0013035313953488122,0.013481698774162432,1.3738956265513182e+17,0.1812558139534884,185.9328430701249,0.0030209302325580867,0.0036889081333923157,2.320505890938791,0.5721801630727393,0.06891584030997455,0.001896779275389656,,,,,,,,0.001896779275389656,0.03135962100067646,,0.0002895587785649709,0.0003904589704472623,0.00010717950525459134,-0.009022914418604651
GHG Forward_lower,1987,,,157674418604.65115,586.3386572093025,0.6803651162790698,0.0013607302325581133,0.014073274470950161,1.4341820397256253e+17,0.18920930232558142,194.0915590477978,0.0031534883720929683,0.003850777081508837,2.4223294750677447,0.5972873757710813,0.07193986101641685,0.002013148585038014,,,,,,,,0.002013148585038014,0.03328356518017683,,0.0003022645910193229,0.00040759227400037536,0.00011188253204405378,-0.009418839069767444
GHG Forward_lower,1988,,,164418604651.1628,611.4180393023258,0.7094662790697677,0.0014189325581395078,0.014675228688734167,1.495526109271412e+17,0.19730232558139538,202.39341039350012,0.003288372093023199,0.004015485835732667,2.525939437865628,0.6228350658851837,0.07501693471770902,0.0021349893660351418,,,,,,,,0.0021349893660351418,0.03529796968367998,,0.00031519331246410224,0.00042502616182635023,0.00011666806807543663,-0.009821709767441861
GHG Forward_lower,1989,,,170348837209.30234,633.4705994186048,0.7350552325581398,0.001470110465116251,0.015204533259544238,1.5494665842168445e+17,0.20441860465116282,209.6933141629969,0.0034069767441859875,0.004160315947205345,2.6170447499810074,0.6452994140889633,0.07772263745505215,0.0022502975415093834,,,,,,,,0.0022502975415093834,0.037204370037199695,,0.0003265616709758909,0.00044035595974229347,0.0001208760394133767,-0.010175958139534886
GHG Forward_lower,1990,,,173929000000.0,646.7840326430002,0.7505036350000001,0.0015010072699999713,0.015524081693906976,1.5820311893008624e+17,0.20871480000000003,214.10036626339976,0.0034785799999999395,0.004247751873365675,2.6720462773701303,0.6588614494337759,0.07935610733468257,0.002038608689292162,,,,,,,,0.002038608689292162,0.033704499355495555,,0.000333424905045751,0.0004496107691531395,0.00012341644946656046,-0.010389822744000002
GHG Forward_lower,1991,,,168203000000.0,625.4909454010002,0.7257959450000001,0.0014515918899999723,0.015013005957374762,1.5299483820062954e+17,0.2018436,207.05186545430968,0.0033640599999999413,0.004107909597339872,2.5840785607488574,0.6371707557630378,0.07674358687749376,0.0020231464147717495,,,,,,,,0.0020231464147717495,0.03344886019122383,,0.0003224480638847487,0.0004348089174540503,0.00011935339736112936,-0.010047774408
GHG Forward_lower,1992,,,168593000000.0,626.9412255310002,0.7274787950000001,0.001454957589999972,0.015047815516796272,1.533495761476236e+17,0.20231160000000004,207.53194147868012,0.0033718599999999414,0.004117434307023781,2.5900700748044456,0.6386481170154982,0.07692152662222021,0.002225716396562105,,,,,,,,0.002225716396562105,0.03679796777452684,,0.0003231957006386417,0.0004358170771052282,0.00011963013335853036,-0.010071071448
GHG Forward_lower,1993,,,169513000000.0,630.3623991710002,0.7314485950000001,0.0014628971899999718,0.015129930374918808,1.5418639386873786e+17,0.20341560000000003,208.66442851052832,0.003390259999999941,0.004139902852944797,2.604203902833012,0.6421331743289944,0.07734128191747233,0.0024282863783524618,,,,,,,,0.0024282863783524618,0.04014707535782987,,0.0003249593565709019,0.00043819529987210946,0.00012028294648060451,-0.010126028568000002
GHG Forward_lower,1994,,,177599000000.0,660.4315405330002,0.7663396850000002,0.0015326793699999704,0.015851648573591438,1.615412939697485e+17,0.21311880000000002,218.61800474914207,0.003551979999999938,0.004337381833724511,2.728427960918868,0.6727637976300052,0.081030565958134,0.0025887252084679326,,,,,,,,0.0025887252084679326,0.04279962485132826,,0.0003404603586016152,0.0004590978099731983,0.0001260206061600519,-0.010609053864000002
GHG Forward_lower,1995,,,181923000000.0,676.5110566410001,0.7849977450000002,0.0015699954899999699,0.016237588406767353,1.6547433725898547e+17,0.21830760000000002,223.94069379882868,0.0036384599999999367,0.0044429839995532875,2.79485695265313,0.6891435670034372,0.08300341584581901,0.0027619310542424604,,,,,,,,0.0027619310542424604,0.045663252553858356,,0.0003487495414832383,0.0004702754569775402,0.00012908882783380047,-0.010867352328
GHG Forward_lower,1996,,,190157000000.0,707.1305607190002,0.8205274550000002,0.0016410549099999685,0.01697251638696404,1.7296385586295795e+17,0.2281884,234.07645273387018,0.0038031399999999336,0.004644077485546382,2.921354713508799,0.7203348299592278,0.08676022573832559,0.0029223698843579313,,,,,,,,0.0029223698843579313,0.04831580204735676,,0.00036453426207696757,0.0004915605507411273,0.00013493150527636412,-0.011359218552000002
GHG Forward_lower,1997,,,195947000000.0,728.6616426490002,0.8455113050000002,0.0016910226099999676,0.017489304461452606,1.7823034999910083e+17,0.23513640000000002,241.20373524952362,0.003918939999999932,0.004785482790853647,3.0103056529494507,0.7422679623996004,0.08940194656387976,0.0030683394300598053,,,,,,,,0.0030683394300598053,0.05072912957061922,,0.000375633792346301,0.0005065278440239996,0.00013903997046854822,-0.011705089992000001
GHG Forward_lower,1998,,,199811000000.0,743.0305719370002,0.8621844650000001,0.001724368929999967,0.017834186865567255,1.8174498442778067e+17,0.23977320000000005,245.9601807832861,0.00399621999999993,0.004879850683721914,3.0696677306694293,0.7569052031162843,0.09116491880393872,0.0031829588595322198,,,,,,,,0.0031829588595322198,0.052624142825037176,,0.000383041147261794,0.0005165163796449008,0.00014178178558125966,-0.011935909896000001
GHG Forward_lower,1999,,,206256000000.0,766.9973807520003,0.8899946400000002,0.001779989279999966,0.01840943714882784,1.8760725639797773e+17,0.2475072,253.89374482704883,0.004125119999999928,0.005037252616831642,3.1686813411521575,0.7813195448396352,0.09410548714948218,0.0033679387308589875,,,,,,,,0.0033679387308589875,0.055682431542563186,,0.000395396323874204,0.0005331768641368026,0.0001463550253331813,-0.012320908416
GHG Forward_lower,2000,,,216938000000.0,806.7201816460002,0.9360874700000003,0.001872174939999964,0.019362862055854926,1.973234378076977e+17,0.26032560000000005,267.04290403813866,0.004338759999999924,0.005298131972840658,3.3327873748490555,0.821784090733946,0.09897921113196399,0.0036856325787460375,,,,,,,,0.0036856325787460375,0.060934892276001865,,0.0004158739028615995,0.0005607900984800912,0.00015393475334404667,-0.012959008368000003
GHG Forward_lower,2001,,,208673000000.0,775.9853988910002,0.9004239950000001,0.0018008479899999654,0.018625167161960627,1.8980572208486157e+17,0.2504076,256.8689852139805,0.0041734599999999275,0.005096281394539355,3.20581336544025,0.7904753964991137,0.09520825731103044,0.0037105355015755277,,,,,,,,0.0037105355015755277,0.06134661452111206,,0.00040002975473102246,0.000539424868949359,0.00014807007893758697,-0.012465290328
GHG Forward_lower,2002,,,209095000000.0,777.5546763650002,0.9022449250000002,0.0018044898499999654,0.018662832890360314,1.9018956673519875e+17,0.250914,257.38845209163264,0.004181899999999928,0.005106587618863995,3.212296490905527,0.7920739771363912,0.09540079723993958,0.0036182481993254326,,,,,,,,0.0036182481993254326,0.05982082031865098,,0.000400838736039081,0.0005405157493924285,0.00014836952147836448,-0.012490498920000002
GHG Forward_lower,2003,,,208964000000.0,777.0675309880003,0.9016796600000002,0.0018033593199999654,0.01865114044860591,1.900704111683879e+17,0.2507568,257.2271957860108,0.004179279999999928,0.0051033882933035025,3.210283956697112,0.7915777352797956,0.09534102773594172,0.003767665736301662,,,,,,,,0.003767665736301662,0.06229115378930034,,0.00040058760677046573,0.0005401771111506226,0.000148276566566417,-0.012482673504000001
GHG Forward_lower,2004,,,222109000000.0,825.9494087030002,0.9584003350000002,0.0019168006699999632,0.019824401111671913,2.020268991510474e+17,0.26653080000000007,273.40821973562464,0.004442179999999922,0.005424419854316282,3.41222870608353,0.8413723856992598,0.1013385096447344,0.004273048581956483,,,,,,,,0.004273048581956483,0.07064669346943671,,0.00042578679941129263,0.0005741572614448117,0.00015760398883779173,-0.013267903224000004
GHG Forward_lower,2005,,,233025000000.0,866.5423776750002,1.0055028750000001,0.0020110057499999616,0.02079871175435191,2.119559233289638e+17,0.27963000000000005,286.84542456133664,0.004660499999999919,0.005691014036135643,3.579929648213781,0.8827233483450467,0.10631899747405207,0.004519148054623072,,,,,,,,0.004519148054623072,0.07471547800932743,,0.00044671296045102393,0.000602375391578807,0.00016534975844709768,-0.013919981400000003
GHG Forward_lower,2006,,,235742000000.0,876.6459959140003,1.0172267300000002,0.002034453459999961,0.02104121835165509,2.1442726435968925e+17,0.28289040000000004,290.18995419778406,0.004714839999999918,0.00575736951360021,3.6216705294677096,0.8930156317371871,0.107558644362313,0.004706652414750151,,,,,,,,0.004706652414750151,0.07781550432543718,,0.0004519214965031446,0.0006093989038153465,0.00016727768589565797,-0.014082284112000002
GHG Forward_lower,2007,,,242588000000.0,902.1039901960003,1.0467672200000002,0.00209353443999996,0.021652260002423433,2.206542797061546e+17,0.2911056,298.61713487173284,0.004851759999999916,0.005924564802051598,3.7268446454281072,0.9189490038765291,0.1106821712658957,0.004955681643043772,,,,,,,,0.004955681643043772,0.08193272677651789,,0.00046504539705994203,0.000627095983230639,0.0001721354670192663,-0.014491236768000001
GHG Forward_lower,2008,,,241466000000.0,897.9316458220002,1.0419257900000003,0.0020838515799999602,0.02155211557762617,2.19633725920187e+17,0.28975920000000005,297.235993078544,0.004829319999999916,0.005897162944960967,3.709607520375877,0.9146987491963741,0.11017025230799038,0.005074010968958356,,,,,,,,0.005074010968958356,0.0838890760798308,,0.00046289450362951157,0.0006241955854649425,0.00017133931884212805,-0.014424212976000004
GHG Forward_lower,2009,,,228984000000.0,851.5152443280002,0.9880659600000001,0.001976131919999962,0.020438031165576732,2.0828029244741744e+17,0.2747808,281.8710983703599,0.00457967999999992,0.005592323390410832,3.517848344883958,0.8674156129060925,0.10447526796523265,0.0049461631464920615,,,,,,,,0.0049461631464920615,0.08177535662373796,,0.0004389662934703026,0.0005919293065777557,0.00016248234776633502,-0.013678588224000001
GHG Forward_lower,2010,,,240546000000.0,894.5104721820002,1.0379559900000002,0.0020759119799999603,0.021470000719503633,2.1879690819907274e+17,0.28865520000000006,296.1035060466958,0.0048109199999999165,0.005874694399039951,3.695473692347311,0.9112136918828778,0.10975049701273824,0.005442473922012044,,,,,,,,0.005442473922012044,0.08998090695887706,,0.0004611308476972514,0.0006218173626980612,0.00017068650572005389,-0.014369255856000003
GHG Forward_lower,2011,,,247680000000.0,921.0394425600003,1.0687392,0.002137478399999959,0.022106747891075553,2.2528588387562605e+17,0.29721600000000004,304.8852044001797,0.004953599999999914,0.006048923319257917,3.805072310994911,0.9382380384855753,0.1130054255739651,0.0057367259719185775,,,,,,,,0.0057367259719185775,0.0948458023547029,,0.0004748068492415389,0.0006402589292403773,0.00017574864573405066,-0.01479541248
GHG Forward_lower,2012,,,250361000000.0,931.0091887870002,1.080307715,0.0021606154299999587,0.022346041298278288,2.2772447986509046e+17,0.30043320000000007,308.1854193266852,0.005007219999999913,0.0061143995927516615,3.84626012941294,0.9483939500697962,0.11422864725502051,0.0058804245014339755,,,,,,,,0.0058804245014339755,0.0972215829647223,,0.0004799463726702233,0.0006471893805860388,0.0001776510283213124,-0.014955564696000003
GHG Forward_lower,2013,,,257476999999.99997,957.4712231590001,1.111013255,0.0022220265099999574,0.022981181874799982,2.3419708302101322e+17,0.30897240000000004,316.944960325198,0.00514953999999991,0.006288188910984216,3.95558221664259,0.9753501107685337,0.1174753632126446,0.006062889590211614,,,,,,,,0.006062889590211614,0.10023829455798137,,0.0004935878679027927,0.0006655844166829158,0.00018270039590465985,-0.015380646072000003
GHG Forward_lower,2014,,,265577000000.0,987.5924258590003,1.145964755,0.002291929509999956,0.023704149647400564,2.4156471730473648e+17,0.31869240000000004,326.9157700621226,0.005311539999999907,0.006486009804419251,4.080021354720186,1.0060337675504023,0.1211710348338862,0.006306962881125601,,,,,,,,0.006306962881125601,0.1042735800541697,,0.0005091157081759536,0.0006865231171304574,0.0001884479896968345,-0.015864507672
GHG Forward_lower,2015,,,280081000000.0,1041.5279720270003,1.2085495150000003,0.0024170990299999537,0.024998708236758448,2.5475733059499846e+17,0.33609720000000004,344.76967431204264,0.005601619999999903,0.0068402313153305755,4.302844226161845,1.0609764537188244,0.12778856831468718,0.0066252072054725835,,,,,,,,0.0066252072054725835,0.10953514186403684,,0.0005369201273514998,0.0007240163160552895,0.0001987397304822297,-0.016730918616000005
GHG Forward_lower,2016,,,293627000000.0,1091.9010352090004,1.2670005050000002,0.0025340010099999515,0.02620776026733221,2.670785619539262e+17,0.3523524,361.44431489184257,0.0058725399999998975,0.007171056231685015,4.510949481025931,1.11229013455428,0.1339690087815191,0.006979804754980952,,,,,,,,0.006979804754980952,0.11539773478912385,,0.000562888043936714,0.0007590330612728693,0.00020835169412529106,-0.017540102472
GHG Forward_lower,2017,,,310950993000.0,1156.3231962863313,1.3417535347950003,0.0026835070695899487,0.027754018123104806,2.8283619710920787e+17,0.37314119160000003,382.7695294704613,0.006219019859999892,0.007594148549354431,4.777095500406462,1.1779152524929823,0.14187318029962873,0.007318105422151535,,,,,,,,0.007318105422151535,0.1209908899044264,,0.0005960984385289803,0.0008038160118879687,0.00022064444407868323,-0.018574968517848
GHG Forward_lower,2018,,,327120444636.0,1216.4520024932203,1.4115247186043403,0.002823049437208626,0.02919722706550626,2.9754367935888666e+17,0.39254453356320007,402.67354500292527,0.006542408892719886,0.007989044273920862,5.025504466427598,1.2391668456226175,0.1492505856752094,0.0074631150448037165,,,,,,,,0.0074631150448037165,0.1233883469342589,,0.0006270955573324872,0.000845614444506143,0.00023211795517077478,-0.019540866880776102
GHG Forward_lower,2019,,,292505677500.0,1087.7312102318929,1.2621619984125003,0.0025243239968249518,0.026107676312987528,2.6605862441144346e+17,0.35100681300000003,360.06400707687555,0.005850113549999898,0.007143670920724669,4.493722764309017,1.1080424463157876,0.13345739893688827,0.007415289507623408,,,,,,,,0.007415289507623408,0.12259764306080996,,0.0005607384492855164,0.0007561344148614386,0.00020755602668825086,-0.017473119151140002
GHG Forward_lower,2020,,,158440575300.0,589.1877388291254,0.6836710824195,0.0013673421648389738,0.014141658001752553,1.4411508821149541e+17,0.19012869036000005,195.03467048458722,0.0031688115059999447,0.00386948841508725,2.4340998304753483,0.6001896583737003,0.07228942441844463,0.004198022448523261,,,,,,,,0.004198022448523261,0.06940627971115759,,0.00030373332667235864,0.00040957280801763314,0.0001124261811139328,-0.009464606206120801
GHG Forward_lower,2021,,,188909916700.0,702.4930732050391,0.8151462905605001,0.0016302925811209686,0.016861207617130905,1.7182952824866922e+17,0.22669190004000003,232.54133788073486,0.003778198333999934,0.004613620802510096,2.9021959516615197,0.7156107465079192,0.08619123680485222,0.005098467843278976,,,,,,,,0.005098467843278976,0.08429342376514502,,0.00036214358179428527,0.0004883368095495432,0.00013404660055619068,-0.0112847227839912
GHG Forward_lower,2022,,,231566994700.0,861.1205414800652,0.9992115821305001,0.0019984231642609616,0.020668577082230816,2.1062974433709587e+17,0.27788039364000006,285.0506722845802,0.004631339893999919,0.005655406145878975,3.5575305219366737,0.8772002700473499,0.1056537741640731,0.006249734776589963,,,,,,,,0.006249734776589963,0.10332742269568844,,0.00044391793904166317,0.0005986064117976183,0.000164315187803735,-0.013832885995399202
GHG Forward_lower,2023,1076937632512.1694,11615863382044.725,269197297382.2647,1001.0551062646144,1.1615863382044724,0.0023231726764089,0.0240272803059941,2.448576836147176e+17,0.3230367568587177,331.37222640652345,0.0053839459476452,0.0065744259109205,4.135639464082358,1.019747836973329,0.1228228163519221,0.0069164939110077,31609.255041993387,1033.2844808044356,1.0,1.0,1.0,1.0,0.0,0.0069164939110077,0.1143510109567864,10.786013072036893,0.0005160558809528855,0.0006958816754536991,0.0001910168784326531,-0.016080769756426968
GHG Forward_lower,2024,1198347322705.4666,12554695373775.648,290954701593.87366,1079.212602199146,1.2527577231768294,0.0025034062575308,0.0258831686381518,2.638203205374563e+17,0.3478010332180216,357.84894263335514,0.0058141262657643,0.0070997340578197,4.492414159241649,1.1016089191714291,0.1327204318661201,0.0076427376050688,32587.616609305576,1113.9710421778616,0.99500999,1.0,0.9746971613205142,1.0,1.0,0.0076427376050688,0.1263580627499945,10.476674947152512,0.000560575158131458,0.0007514827795300457,0.0002057711906733068,-0.017313535433593114
GHG Forward_lower,2025,1292041079394.611,13362679586764.836,309679712323.6347,1128.805613729875,1.3132285212957404,0.0026262163647732,0.0270694772783287,2.7637186730320288e+17,0.3628115854381908,380.878457890815,0.0061883067691699,0.0075566957744168,4.809709992022903,1.1739971247654524,0.1414400286767429,0.0081468273520184,33594.36523400953,1165.2423865767023,0.99401498,1.0,0.9621425078045334,1.0,1.0,0.0081468273520184,0.1346922235138593,10.34230242356222,0.0006001681598741622,0.0007998447615707115,0.00021520234436271315,-0.018060760723113137
GHG Forward_lower,2026,1332492788861.6396,13552921769402.73,314088569395.19653,1133.2127393962746,1.3202410080779807,0.0026401158596952,0.0271682415051814,2.777442562874431e+17,0.3636730488321875,386.301267215864,0.0062764086336915,0.0076642576154823,4.908079639022036,1.191064939768262,0.143504863863952,0.0082685622300515,34656.9298659465,1169.8440464456924,0.993020965,0.994,0.9526455945269,1.0,1.0,0.0082685622300515,0.1367048771142095,10.171103275524,0.0006124429810431844,0.0008112326611533143,0.00021598751996619215,-0.018103644370866295
GHG Forward_lower,2027,1374253470767.4404,13762998400551.893,318957089236.4286,1138.8618931800788,1.3288405355404191,0.0026571852950045,0.0273024520163115,2.7947823558214778e+17,0.3649396169786533,392.2893721524428,0.0063736959053158,0.0077830393900153,5.0148208522503035,1.209789655963601,0.1457731118204678,0.0083924231066547,35756.4839623636,1175.7317673323146,0.992027944,0.988036,0.9444488420174912,1.0,1.0,0.0083924231066547,0.1387526800386106,10.014890770380273,0.0006257624280851465,0.0008238076815201298,0.00021705449352967644,-0.01816669413319736
GHG Forward_lower,2028,1417354370908.5278,13982651066530.877,324047533407.4363,1144.85833529428,1.3379941835249145,0.0026753587564373,0.0274523324502766,2.8136468221384032e+17,0.3663236397515047,398.55033076718354,0.0064754178743952,0.0079072430248851,5.1262401048895,1.2293597003711951,0.1481477926929568,0.0085183733733075,36893.73861191296,1181.9821500266648,0.991035916,0.982107784,0.9367292699819304,1.0,1.0,0.0085183733733075,0.1408350270351291,9.865317632292593,0.0006396656130883853,0.0008369556946110855,0.000218246042979699,-0.018235590786829906
GHG Forward_lower,2029,1461829503673.876,14207568813938.068,329259995688.02014,1150.8244094537556,1.3472683890829815,0.0026937690923192,0.0276085865876065,2.833116679119956e+17,0.3677044230648902,404.9612909657616,0.0065795781223267,0.0080344289882953,5.2408088877341505,1.249403177951268,0.1505830161637144,0.0086463977951146,38069.52482829022,1188.2055085990155,0.99004488,0.976215137,0.9291754952750816,1.0,1.0,0.0086463977951146,0.1429516662238809,9.719032745085215,0.0006539618046868265,0.0008504187110280993,0.00021948826337147168,-0.018304326180170236
GHG Forward_lower,2030,1507714977739.29,14405879467249.557,333855839333.70935,1154.189173178651,1.353654652761865,0.0027064011706949,0.0277082857348559,2.8468880849434374e+17,0.3682621922196704,410.6139720220745,0.0066714165257186,0.0081465609638223,5.346452484880533,1.2674094376339882,0.1527657039892132,0.0087764902917087,39284.75227442997,1191.7474272533734,0.989054835,0.970357846,0.921772915883936,1.0,0.9976628115647248,0.0087764902917087,0.145102497077611,9.554776386747935,0.0006671442883307447,0.0008622893412463564,0.00022028087159210442,-0.018332091928695192
GHG Forward_lower,2031,1554568865859.5942,14625239869490.691,338939005458.2151,1133.8951133363057,1.3346965995310125,0.0027189626526057,0.0273003322699241,2.8151049730756006e+17,0.3604586905538711,416.8658328313812,0.0067729930581336,0.0082705972499662,5.461544555794496,1.2865559130911692,0.1551063838790192,0.0088018427676973,40540.53683523774,1170.9411376477103,0.98806578,0.964535699,0.9144826591260588,1.0,0.9971953998319122,0.0088018427676973,0.1455216518252108,9.407907356618589,0.000681505777179574,0.0008754182489459004,0.0002170376415458966,-0.0179436336157717
GHG Forward_lower,2032,1602814264481.834,14847105152435.312,344079673497.85846,1112.6494373061946,1.314771433843746,0.0027311213538663,0.026901737934038,2.784128559886214e+17,0.3523118234754838,423.1884544101995,0.0068757186470625,0.008396033981267,5.57883680976342,1.3058057182353655,0.1574638778368406,0.0088293635881605,41833.93140780976,1149.15681643635,0.987077715,0.958748485,0.907274965832251,1.0,0.9967279219647592,0.0088293635881605,0.1459766560054818,9.2631476281721,0.0006961418106096093,0.0008886957542614188,0.00021386881657560212,-0.01753808257260958
GHG Forward_lower,2033,1652502955074.5742,15071668469051.477,349282280740.7374,1090.4466461296977,1.2938754545097189,0.002742897541095,0.0265137315217494,2.754084752692536e+17,0.3438191334729969,429.5872911023485,0.006979681962505,0.008522979653552,5.698420555681281,1.3251858592681949,0.159841417165666,0.0088593652728261,43166.64093461749,1126.3888695210808,0.986090637,0.952995994,0.9001459101992724,1.0,0.9962603479174488,0.0088593652728261,0.1464726765349672,9.12050923889048,0.000711063782382838,0.0009021333113149318,0.00021078416559790772,-0.017115316464285785
GHG Forward_lower,2034,1703688821356.501,15299550767611.809,354561181343.4056,1067.3091078470304,1.2720384664435866,0.0027543870194445,0.0261382131699679,2.7251737769252368e+17,0.3349868301538257,436.0799946712896,0.007085169842509,0.008651784711768,5.820554470525855,1.3447595825899492,0.1622465016033586,0.0088921560531842,44540.45218007954,1102.6605017906045,0.985104546,0.947278018,0.8931180719153207,1.0,0.9957926484406684,0.0088921560531842,0.1470148094323941,8.980249547819472,0.0007263039708873567,0.0009157679888097081,0.0002077987947012448,-0.016675644405057442
GHG Forward_lower,2035,1756427787743.35,15514192810363.102,359525774109.03937,1042.0889340829758,1.2479184382340869,0.0027627024807811,0.0257459758296987,2.6944929666937808e+17,0.3254488175538342,442.2154856142109,0.0071843006082524,0.0087728217326802,5.928493178148502,1.3629719694779845,0.1644915220111358,0.0089280522734199,45957.2349831657,1076.7865333801965,0.984119442,0.94159435,0.8852682269147575,1.0,0.9953247949477768,0.0089280522734199,0.1476082848444015,8.83280993310614,0.0007397728444037477,0.0009286525197898428,0.00020468050784610466,-0.016200842137829866
GHG Forward_lower,2036,1810784435779.0125,15703873581123.484,363904407536.9156,1013.7018468134734,1.2207047685405057,0.0027658275986346,0.0253224254986393,2.6604142544703098e+17,0.3150077136182389,447.6595481896967,0.0072716462054071,0.0088794609246143,6.015694923383298,1.3789711027482454,0.1664702318438845,0.0089674167879377,47419.29043455649,1047.6600874522023,0.983135322,0.935944784,0.8765508629745291,1.0,0.9941444742808598,0.0089674167879377,0.1482591018752341,8.672414712007155,0.0007506541056569592,0.0009400850511983629,0.00020131328271418244,-0.015681083983915933
GHG Forward_lower,2037,1866863029157.235,15863118688942.137,367570179447.50854,982.329871358407,1.1901823681150487,0.0027629258096816,0.0248628459703207,2.622355723598145e+17,0.3036287038915301,452.25591605641785,0.0073446711149378,0.0089686096508944,6.072272539779195,1.3919638380133406,0.1680914390127098,0.0090108192632656,48931.075354352266,1015.4571105171794,0.982152187,0.930329115,0.8662203991381312,1.0,0.9929663127969968,0.0090108192632656,0.1489766788724279,8.49720544099225,0.0007577140082246212,0.0009497374237184775,0.00019765962546404957,-0.01511463687972037
GHG Forward_lower,2038,1924752253204.1873,15979771057727.982,370241296593.9656,947.4882826060098,1.155712089156326,0.0027520527076764,0.0243542129901038,2.5787822920620176e+17,0.2911752301759584,455.65782656062584,0.0073977446691046,0.0090333945461555,6.0872355584683175,1.4007550626272527,0.1692122787419608,0.0090587076253536,50496.1702233939,979.6749618202576,0.981170035,0.924747141,0.8537716926202301,1.0,0.9917902559664502,0.0090587076253536,0.1497684214356811,8.30224826656315,0.0007595811327306118,0.0009568814357773142,0.00019361599327132522,-0.014494702958159212
GHG Forward_lower,2039,1984552443569.5017,16055708707447.396,371961199067.64813,909.6169111603544,1.1177634020033211,0.0027337484390304,0.0238054494890765,2.530571889210232e+17,0.2777982672809629,457.9185626044137,0.0074317353472702,0.0090748749940645,6.062666699114379,1.4055996252726946,0.1698608640735607,0.0091115690434481,52118.78305316833,940.7663890187,0.980188865,0.919198658,0.839396847590492,1.0,0.9906162820934528,0.0091115690434481,0.150642383977612,8.090342363827336,0.0007565153663677507,0.0009616289814692687,0.00018925332343815819,-0.013828797745246334
GHG Forward_lower,2040,2046369920598.6516,16120956297010.969,373425588614.1719,870.6579385977783,1.0786687522656635,0.0027132749536807,0.0232654627842233,2.4829818463015e+17,0.264103320041728,459.893601938617,0.0074605457638906,0.0091100276665156,6.0249420118208254,1.4094242422367669,0.1703889786503453,0.0091699048521443,53803.45021534621,900.7384527217592,0.979208676,0.913683466,0.8246325231745272,1.0,0.9894443939559292,0.0091699048521443,0.1516068551078156,7.877830950669413,0.0007518079814750334,0.0009657765640710956,0.00018496042913457525,-0.01314706327167722
GHG Forward_lower,2041,2110301926350.456,16170942520018.33,374528416423.9137,831.0442528346745,1.0337193281561947,0.0028120802156434,0.0227822624147024,2.4403766712570726e+17,0.2513971375658616,461.4521752099539,0.0074820576656506,0.009136265129423,5.975265802349547,1.4120378248406784,0.1707709978393832,0.0092457198752534,55554.21160944021,859.9291164593936,0.978229467,0.908201365,0.8094381298143812,1.0,0.9879727899448086,0.0092457198752534,0.152860311649495,7.662857299279571,0.0007456092544670956,0.0009690495679409031,0.00018111898619688408,-0.01251454950802859
GHG Forward_lower,2042,2176736594644.0437,16216255608100.123,375514835586.0552,790.9295760696598,0.9881554159198463,0.0029104132497486,0.0223175667331168,2.399288084704903e+17,0.2385372120880328,462.895489265126,0.0075011701914475,0.0091595844528786,5.920416947304285,1.4143129160171528,0.1711216386637326,0.0093285291245273,57391.4338306735,818.601946199861,0.977251238,0.902752157,0.7940184278818317,1.0,0.986501932050747,0.0093285291245273,0.1542294043564192,7.449801527663445,0.0007387650712505781,0.0009720805274567645,0.00017742465552827858,-0.011874382417742274
GHG Forward_lower,2043,2245803823734.86,16251102597420.844,376250956785.39624,750.0836017814241,0.941678145843204,0.0030070864574695,0.0218640851792652,2.358954103106137e+17,0.2254562563712647,464.05860370473897,0.0075152085457088,0.0091767192479495,5.85660237117386,1.415852736779175,0.1713897383066175,0.0094187590380104,59321.28454642881,776.5181819512484,0.976273987,0.8973356439999999,0.7780836942657237,1.0,0.9850318617549244,0.0094187590380104,0.1557211835668239,7.236207555473221,0.0007308021219682164,0.0009745230677799518,0.00017381947717515832,-0.011223212442161557
GHG Forward_lower,2044,2317642835702.3877,16281364836649.48,376873337626.5313,708.8449974743378,0.8946992697625422,0.0031030085568168,0.0214289948622372,2.3202278624486854e+17,0.2122586432784625,465.10926011357594,0.0075269022439171,0.0091909987811818,5.7880710804824185,1.417000499285768,0.1716163190865188,0.0095168934547326,61350.552904142336,734.0279389478899,0.975297713,0.89195163,0.7620179032379637,1.0,0.9835626174185276,0.0095168934547326,0.1573436486345633,7.024967171749407,0.0007222506087384582,0.0009767294462385094,0.00017036050915478576,-0.010566235262401863
GHG Forward_lower,2045,2392398598607.99,16309973010491.023,377410137446.4699,667.3014935911797,0.8473726285518954,0.0031984404368509,0.0210122666574601,2.2831541039328272e+17,0.1989601133688842,466.25318146547966,0.0075363679306395,0.0092025635380754,5.717307157745618,1.417705962683084,0.1717953207909399,0.009623424133845,63486.437997810935,691.2232033270516,0.974322415,0.8865999199999999,0.745981924643807,1.0,0.9820942423700094,0.009623424133845,0.1591049298575575,6.817414547885512,0.0007134205018578228,0.0009791316810775072,0.00016704751992680777,-0.009904234443503055
GHG Forward_lower,2046,2470223810619.996,16324602548344.145,377577643185.2139,625.0172511698393,0.7990669866333345,0.0032906086843288,0.0206002401215527,2.246201198470125e+17,0.1854337565458216,467.13324939207894,0.0075379575831634,0.00920451460387,5.639287175160268,1.4173091888028442,0.1718396697525508,0.0097388693427586,65736.71193511806,647.6502093770878,0.9733480920000002,0.881280321,0.7299306504833016,1.0,0.9798147327622214,0.0097388693427586,0.1610135957971578,6.608552017902729,0.0007036849649004334,0.0009809798237233657,0.00016377190896634398,-0.009230892400851
GHG Forward_lower,2047,2551033827281.624,16339186590194.06,377662075019.9971,582.5048598787132,0.7504514541510201,0.0033815835195411,0.0202068925258745,2.2109470495916877e+17,0.1718431244145782,468.25929380570193,0.0075369791409902,0.0092033358993366,5.560991106656455,1.4164820594032614,0.1718354604850563,0.0098627693104276,68095.1621293411,603.8403117324557,0.972374744,0.875992639,0.7140294188596696,1.0,0.9775436555943356,0.0098627693104276,0.1630620450176379,6.404927451552088,0.0006939149772219141,0.000983344516991974,0.0001606447955807023,-0.008554350733357703
GHG Forward_lower,2048,2634982491977.6606,16357988226927.17,377765979087.2079,539.9063004541681,0.7016387897843966,0.0034718395748904,0.0198380457110029,2.1780347880086138e+17,0.1582459953589461,469.741394779983,0.0075355235885212,0.0092015812961733,5.4851196316190505,1.415636113258773,0.1718321439365923,0.009995715327707,70569.49553849788,559.9386877402488,0.9714023699999996,0.870736683,0.6984531743771405,1.0,0.9752811252725736,0.009995715327707,0.1652600533834635,6.208006420053986,0.0006844475366411597,0.0009864569290379643,0.0001577124634024731,-0.007877485648968337
GHG Forward_lower,2049,2722229470187.141,16386260540758.896,378014879215.5479,497.3497712322331,0.652735399908563,0.0035621930320051,0.019500063163725,2.1481895821871747e+17,0.1446939140665376,471.7177946766717,0.0075361413576321,0.009202364907061,5.415389009946986,1.4152499438940138,0.171887091998114,0.0101382961626993,73167.85916509797,516.0766528074834,0.970430967,0.865512263,0.6834111007554694,1.0,0.9730272672396156,0.0101382961626993,0.1676173550502066,6.019426620795643,0.0006757463677629499,0.0009906073688210105,0.00015502550215161376,-0.0072028630422322415
GHG Forward_lower,2050,2812939973611.02,16429139481338.717,378531613652.8366,454.9058337679921,0.6037855370049304,0.003653581137567,0.0191983568631101,2.122070674928596e+17,0.1312191302547581,474.3234125242,0.007541329324986,0.0092087339002558,5.354994768781587,1.415775447126308,0.1720545086190284,0.0102911177257264,75898.82785435108,472.326228025082,0.969460536,0.8603191889999999,0.6690932426943206,1.0,0.970782215315267,0.0102911177257264,0.1701439675872798,5.840558147512954,0.0006682102168001371,0.0009960791663008199,0.0001526269370617253,-0.006532088304081858
GHG Forward_upper,1940,,,8953488372.093023,33.29504174418605,0.038634302325581404,7.72686046511613e-05,0.0007991461167132466,8143954060388877.0,0.010744186046511629,11.021423338259904,0.00017906976744185734,0.00021866507026266997,0.1375511575075342,0.0339167610135496,0.004085080603439601,0.0010578585596153222,,,,,,,,6.398432532486963e-05,0.0010578585596153222,,0.0008335002096445669,9.14778137075572e-05,0.00034255398292913316,-7.381255813953489e-05
GHG Forward_upper,1941,,,9651162790.697676,35.88946058139537,0.04164476744186048,8.328953488371934e-05,0.0008614172426909024,8778547883276322.0,0.011581395348837212,11.880235546436003,0.00019302325581395014,0.0002357039069065144,0.1482694295211083,0.03655962550811191,0.004403398572538791,0.0011510720773905522,,,,,,,,6.962232294921616e-05,0.0011510720773905522,,0.0008984482779285593,9.860595503541883e-05,0.00036924650107945527,-7.956418604651165e-05
GHG Forward_upper,1942,,,10465116279.069769,38.91628255813955,0.04515697674418606,9.031395348837037e-05,0.0009340668896648338,9518907343311674.0,0.012558139534883724,12.88218312264145,0.00020930232558139173,0.00025558254965766625,0.1607740802036114,0.0396429674184346,0.004774769536487845,0.0012600660799265446,,,,,,,,7.621479947014026e-05,0.0012600660799265446,,0.0009742210242598834,0.00010692211991792404,0.000400387772254831,-8.627441860465118e-05
GHG Forward_upper,1943,,,11279069767.441858,41.94310453488372,0.048669186046511624,9.733837209302137e-05,0.0010067165366387648,1.0259266803347024e+16,0.013534883720930231,13.88413069884689,0.00022558139534883324,0.00027546119240881795,0.17327873088611448,0.04272630932875728,0.005146140500436898,0.001371161192530727,,,,,,,,8.293436113767916e-05,0.001371161192530727,,0.0010499937705912075,0.0001152382848004292,0.00043152904343020653,-9.298465116279068e-05
GHG Forward_upper,1944,,,12209302325.581396,45.40232965116281,0.05268313953488374,0.00010536627906976543,0.0010897447046089726,1.1105391900530286e+16,0.014651162790697676,15.02921364308169,0.0002441860465116237,0.0002981796412672772,0.18756976023754662,0.04625012865484037,0.005570564459235819,0.0014986920194253938,,,,,,,,9.06480331052674e-05,0.0014986920194253938,,0.001136591194969864,0.000124742473237578,0.0004671190676306361,-0.00010065348837209304
GHG Forward_upper,1945,,,13139534883.72093,48.86155476744187,0.056697093023255825,0.00011339418604650945,0.00117277287257918,1.1951516997713544e+16,0.015767441860465116,16.174296587316483,0.00026279069767441406,0.0003208980901257365,0.20186078958897874,0.04977394798092344,0.005994988418034738,0.0016287296201401556,,,,,,,,9.851332669576821e-05,0.0016287296201401556,,0.0012231886193485202,0.0001342466616747268,0.0005027090918310655,-0.00010832232558139535
GHG Forward_upper,1946,,,14302325581.39535,53.18558616279072,0.061714534883720945,0.0001234290697674395,0.0012765580825419393,1.3009173369192622e+16,0.017162790697674422,17.60565026760998,0.000286046511627902,0.00034929615119881044,0.21972457627826888,0.05417872213852729,0.006525518366533387,0.0017904618394692217,,,,,,,,0.00010829566181325991,0.0017904618394692217,,0.0013314353998218407,0.00014612689722116285,0.0005471966220816023,-0.00011790837209302329
GHG Forward_upper,1947,,,15348837209.302324,57.07721441860466,0.06623023255813953,0.0001324604651162765,0.0013699647715084225,1.3961064103523786e+16,0.01841860465116279,18.893868579874123,0.00030697674418604117,0.00037485440616457705,0.23580198429863,0.05814301888037074,0.00700299532018217,0.0019407343108946871,,,,,,,,0.00011738485678329024,0.0019407343108946871,,0.0014288575022478288,0.0001568191092129552,0.0005872353993070852,-0.00012653581395348837
GHG Forward_upper,1948,,,16627906976.744184,61.833648953488385,0.07174941860465117,0.00014349883720929954,0.0014841285024674578,1.5124486112150768e+16,0.019953488372093025,20.468357628196966,0.0003325581395348779,0.0004060922733449585,0.25545214965684915,0.06298827045373497,0.007586578263530685,0.0021237531483990642,,,,,,,,0.000128454707977497,0.0021237531483990642,,0.001547928960768481,0.0001698873683140348,0.0006361716825826758,-0.00013708046511627908
GHG Forward_upper,1949,,,17906976744.186047,66.5900834883721,0.07726860465116281,0.0001545372093023226,0.0015982922334264933,1.6287908120777754e+16,0.021488372093023258,22.042846676519808,0.0003581395348837147,0.00043733014052533994,0.2751023150150684,0.0678335220270992,0.008170161206879202,0.0023105166563142762,,,,,,,,0.00013975105467776503,0.0023105166563142762,,0.0016670004192891339,0.0001829556274151144,0.0006851079658582663,-0.00014762511627906978
GHG Forward_upper,1950,,,19418604651.162792,72.21132430232561,0.08379127906976745,0.00016758255813953169,0.0017332130063780803,1.7662861403700552e+16,0.023302325581395354,23.903606460901354,0.0003883720930232491,0.0004742476199203362,0.2983252377111456,0.0735597284319842,0.008859850139927445,0.0025314578096841027,,,,,,,,0.00015311462819746842,0.0025314578096841027,,0.0018077212339044507,0.00019839993362548124,0.0007429417551839641,-0.00016008697674418609
GHG Forward_upper,1951,,,20930232558.139538,77.8325651162791,0.09031395348837212,0.00018062790697674074,0.0018681337793296675,1.9037814686623348e+16,0.025116279069767447,25.7643662452829,0.00041860465116278346,0.0005111650993153325,0.3215481604072228,0.0792859348368692,0.00954953907297569,0.0027570139715237855,,,,,,,,0.0001667573394153341,0.0027570139715237855,,0.0019484420485197669,0.00021384423983584808,0.000800775544509662,-0.00017254883720930236
GHG Forward_upper,1952,,,22558139534.883717,83.88620906976745,0.09733837209302325,0.00019467674418604275,0.0020134330732775297,2.051853360669405e+16,0.027069767441860463,27.76826139769378,0.0004511627906976665,0.0005509223848176359,0.34655746177222896,0.08545261865751456,0.010292281000873796,0.0030028096653993497,,,,,,,,0.00018162423395188265,0.0030028096653993497,,0.002099987541182415,0.0002304765696008584,0.0008630580868604131,-0.00018596930232558137
GHG Forward_upper,1953,,,24418604651.162792,90.80465930232562,0.10536627906976748,0.00021073255813953086,0.0021794894092179453,2.2210783801060572e+16,0.029302325581395353,30.05842728616338,0.0004883720930232474,0.0005963592825345544,0.37513952047509325,0.09250025730968074,0.011141128918471637,0.0032851360685411963,,,,,,,,0.00019870067981719492,0.0032851360685411963,,0.002273182389939728,0.000249484946475156,0.0009342381352612722,-0.00020130697674418607
GHG Forward_upper,1954,,,26395348837.2093,98.15551267441863,0.11389593023255815,0.0002277918604651119,0.0023559242661546358,2.4008799632574996e+16,0.031674418604651165,32.491728542662315,0.0005279069767441768,0.0006446359863587803,0.4055079578468865,0.09998837337760726,0.01204302983091934,0.003589362610267548,,,,,,,,0.00021710175039638208,0.003589362610267548,,0.0024572019167443723,0.0002696813469040972,0.0010098669366871847,-0.0002176032558139535
GHG Forward_upper,1955,,,28488372093.023254,105.93876918604653,0.12292732558139537,0.00024585465116278596,0.0025427376440876025,2.5912581101237332e+16,0.03418604651162791,35.06816516719061,0.0005697674418604552,0.0006957524962903135,0.43766277388760877,0.10791696686129418,0.012997983738216909,0.0039162053794443265,,,,,,,,0.00023687075815550352,0.0039162053794443265,,0.0026520461215963492,0.00029106577088768205,0.0010899444911381508,-0.00023485813953488374
GHG Forward_upper,1956,,,30813953488.372093,114.58683197674421,0.1329622093023256,0.0002659244186046461,0.002750308064013121,2.8027893844195484e+16,0.03697674418604652,37.930872527777595,0.0006162790697674312,0.0007525486184364617,0.4733903472661891,0.11672651517650187,0.014059043635214208,0.004282572680064256,,,,,,,,0.0002590303978712176,0.004282572680064256,,0.0028685396825429903,0.000314826241980554,0.0011789195516392244,-0.00025403023255813955
GHG Forward_upper,1957,,,33255813953.48837,123.66729790697677,0.14349883720930234,0.0002869976744185991,0.0029682570049349155,3.0248972224301536e+16,0.03990697674418605,40.93671525639393,0.0006651162790697558,0.000812184546689917,0.5109042993136983,0.12597654090746993,0.01517315652706137,0.004673444964885913,,,,,,,,0.00028267221577322387,0.004673444964885913,,0.003095857921536962,0.0003397747366280696,0.0012723433651653515,-0.00027416093023255816
GHG Forward_upper,1958,,,35930232558.139534,133.6125701162791,0.15503895348837213,0.00031007790697673825,0.0032069629878492623,3.2681581878703412e+16,0.04311627906976744,44.228828721068965,0.0007186046511627782,0.0008775000871579872,0.5519910086990657,0.13610752146995878,0.016393375408608264,0.005106175420567329,,,,,,,,0.0003088458152612,0.005106175420567329,,0.0033448255166255996,0.0003670992783848724,0.0013746646847415862,-0.0002962088372093024
GHG Forward_upper,1959,,,38720930232.558136,143.9902454651163,0.16708081395348837,0.0003341616279069703,0.0034560474917598844,3.5219957170253188e+16,0.04646511627906977,47.66407755377335,0.0007744186046511493,0.0009456554337333649,0.594864096753362,0.146678979448208,0.01766664728500502,0.00556548195346593,,,,,,,,0.00033662686250773247,0.00556548195346593,,0.003604617789761568,0.00039561184369631884,0.0014814347573428744,-0.0003192153488372093
GHG Forward_upper,1960,,,41860465116.279076,155.6651302325582,0.18062790697674425,0.0003612558139534815,0.003736267558659335,3.8075629373246696e+16,0.050232558139534894,51.5287324905658,0.0008372093023255669,0.001022330198630665,0.6430963208144456,0.1585718696737384,0.01909907814595138,0.006086095272323026,,,,,,,,0.00036811603623463,0.006086095272323026,,0.0038968840970395337,0.00042768847967169615,0.001601551089019324,-0.0003450976744186047
GHG Forward_upper,1961,,,45930232558.139534,170.79924011627912,0.19818895348837212,0.0003963779069767366,0.004099515793528992,4.177742667342346e+16,0.055116279069767446,56.538470371593014,0.0009186046511627747,0.0011217234123864239,0.7056195742269611,0.17398857922535185,0.02095593296569665,0.006755675121687993,,,,,,,,0.0004086154154033579,0.006755675121687993,,0.004275747828696155,0.000469269304084222,0.0017572574448962025,-0.00037864883720930236
GHG Forward_upper,1962,,,50581395348.83721,188.09536569767448,0.2182587209302326,0.00043651744186045673,0.0045146566333800296,4.600805215933975e+16,0.060697674418604665,62.263885092767,0.0010116279069767265,0.0012353156566787201,0.7770747209841217,0.1916076758557672,0.02307805275969125,0.007527580369803404,,,,,,,,0.0004553039221668242,0.007527580369803404,,0.004708734950589436,0.000516790246269966,0.0019352075658983497,-0.00041699302325581405
GHG Forward_upper,1963,,,53372093023.25581,198.47304104651167,0.23030058139534887,0.00046060116279068885,0.004763741137290651,4.854642745088954e+16,0.06404651162790698,65.69913392547139,0.0010674418604650977,0.0013034710032540976,0.8199478090384181,0.20217913383401645,0.024351324636088006,0.008037736854522692,,,,,,,,0.0004861606167486978,0.008037736854522692,,0.004968527223725406,0.0005453028115814124,0.0020419776384996377,-0.000439999534883721
GHG Forward_upper,1964,,,55813953488.37209,207.55350697674425,0.24083720930232563,0.0004816744186046419,0.0049816900782124465,5.076750583099559e+16,0.06697674418604652,68.70497665408773,0.0011162790697674223,0.0013631069315075532,0.8574617610859274,0.2114291595649845,0.02546543752793517,0.008507054468411645,,,,,,,,0.0005145471818663276,0.008507054468411645,,0.005195845462719379,0.0005702513062289282,0.0021354014520257652,-0.0004601302325581396
GHG Forward_upper,1965,,,59651162790.69768,221.82281058139543,0.2573947674418605,0.0005147895348837111,0.005324181271089553,5.425777185687654e+16,0.07158139534883722,73.42844379905625,0.0011930232558139326,0.0014568205330486974,0.9164122571605849,0.22596491428507723,0.027216186357980714,0.009203131943679452,,,,,,,,0.000556649263684378,0.009203131943679452,,0.005553059838281335,0.0006094560835321669,0.0022822103018525367,-0.0004917641860465116
GHG Forward_upper,1966,,,64651162790.697685,240.41614558139545,0.2789697674418606,0.0005579395348837103,0.005770457673929418,5.880569425423657e+16,0.07758139534883722,79.58326462431829,0.0012930232558139312,0.001578932195662916,0.9932265399245327,0.2449054431627738,0.029497465136524906,0.010098069910294227,,,,,,,,0.0006107793753906913,0.010098069910294227,,0.006018520994316614,0.0006605410963818418,0.002473506681929845,-0.0005329841860465118
GHG Forward_upper,1967,,,76279069767.44185,283.65645953488377,0.32914418604651163,0.0006582883720930105,0.006808309773557009,6.93822579690273e+16,0.09153488372093023,93.89680142725321,0.0015255813953488104,0.0018629128063936556,1.171864406817434,0.2889531847388121,0.03480276462151139,0.012063666693558617,,,,,,,,0.0007296680329477468,0.012063666693558617,,0.007100988799049816,0.0007793434518462017,0.0029183819844352116,-0.0006288446511627906
GHG Forward_upper,1968,,,86395348837.2093,321.27553267441874,0.3727959302325582,0.0007455918604651019,0.007711241100233016,7.858386840089526e+16,0.10367441860465117,106.34957844580661,0.001727906976744156,0.0021099759377294,1.3272793510142584,0.32727471990996565,0.03941837517344965,0.013837081676967292,,,,,,,,0.0008369326196952239,0.013837081676967292,,0.008042735789167704,0.0008827015011001948,0.003305423497614882,-0.0007122432558139536
GHG Forward_upper,1969,,,90465116279.06976,336.40964255813964,0.39035697674418607,0.000780713953488357,0.008074489335102674,8.228566570107202e+16,0.10855813953488372,111.35931632683383,0.0018093023255813638,0.0022093691514851587,1.389802604426774,0.34269142946157904,0.04127522999319492,0.014675250579388581,,,,,,,,0.0008876290679512313,0.014675250579388581,,0.008421599520824325,0.0009242823255127208,0.003461129853491761,-0.0007457944186046511
GHG Forward_upper,1970,,,90697674418.60464,337.2744488372094,0.3913604651162791,0.0007827209302325431,0.008095246377095223,8.249719697536782e+16,0.10883720930232559,111.64558706289253,0.0018139534883720612,0.0022150487636997734,1.3933753617646318,0.34357238429309983,0.04138133598289465,0.014904678747502412,,,,,,,,0.0009015059765547996,0.014904678747502412,,0.008443248876918987,0.000926658372622008,0.0034700273595418673,-0.0007477116279069767
GHG Forward_upper,1971,,,104651162790.69768,389.16282558139545,0.45156976744186056,0.0009031395348837037,0.009340668896648337,9.518907343311674e+16,0.12558139534883722,128.82183122641447,0.002093023255813917,0.0025558254965766625,1.607740802036114,0.396429674184346,0.04774769536487844,0.01742474176041896,,,,,,,,0.001053931393158942,0.01742474176041896,,0.009742210242598833,0.0010692211991792401,0.00400387772254831,-0.0008627441860465117
GHG Forward_upper,1972,,,111627906976.74419,415.1070139534885,0.48167441860465127,0.0009633488372092838,0.009963380156424893,1.0153501166199118e+17,0.13395348837209303,137.40995330817546,0.0022325581395348446,0.0027262138630151063,1.7149235221718548,0.422858319129969,0.05093087505587034,0.018835042011969488,,,,,,,,0.0011392330710446588,0.018835042011969488,,0.010391690925438757,0.0011405026124578564,0.0042708029040515304,-0.0009202604651162792
GHG Forward_upper,1973,,,115581395348.83722,429.8087206976746,0.4987337209302327,0.0009974674418604462,0.010316249870298274,1.0513104332502005e+17,0.13869767441860467,142.27655582117333,0.0023116279069767044,0.002822767270663558,1.7756603969154414,0.43783455126582216,0.052734676880765746,0.019766555587192515,,,,,,,,0.0011955754498058386,0.019766555587192515,,0.010759729979048047,0.0011808954133157388,0.004422060506903355,-0.0009528530232558141
GHG Forward_upper,1974,,,111627906976.74419,415.1070139534885,0.48167441860465127,0.0009633488372092838,0.009963380156424893,1.0153501166199118e+17,0.13395348837209303,137.40995330817546,0.0022325581395348446,0.0027262138630151063,1.7149235221718548,0.422858319129969,0.05093087505587034,0.019352851186622073,,,,,,,,0.0011705526367711213,0.019352851186622073,,0.010391690925438757,0.0011405026124578564,0.0042708029040515304,-0.0009202604651162792
GHG Forward_upper,1975,,,111744186046.51163,415.53941709302336,0.48217616279069775,0.0009643523255813769,0.009973758677421169,1.0164077729913909e+17,0.13409302325581396,137.5530886762048,0.0022348837209301936,0.0027290536691224132,1.7167099008407836,0.4232987965457294,0.050983928050720204,0.01964302139704881,,,,,,,,0.0011881035134689304,0.01964302139704881,,0.010402515603486087,0.0011416906360125,0.004275251657076584,-0.000921219069767442
GHG Forward_upper,1976,,,112093023255.81396,416.8366265116281,0.48368139534883736,0.0009673627906976559,0.010004894240409998,1.0195807421058282e+17,0.1345116279069768,137.98249478029285,0.0022418604651162403,0.002737573087444336,1.7220690368475708,0.4246202287930106,0.051143087035269805,0.01998285261882923,,,,,,,,0.0012086581247185222,0.01998285261882923,,0.010434989637628083,0.0011452547066764308,0.004288597916151745,-0.0009240948837209306
GHG Forward_upper,1977,,,118720930232.55814,441.4836054651164,0.5122808139534885,0.0010245616279069571,0.010596469937197725,1.0798671552801352e+17,0.14246511627906977,146.14121075796575,0.0023744186046511214,0.002899442035560858,1.8238926209765245,0.4497274414913525,0.054167107741712094,0.021467848233900095,,,,,,,,0.0012984777340387425,0.021467848233900095,,0.01105199628632601,0.0012129720492911158,0.004542176838579804,-0.0009787353488372094
GHG Forward_upper,1978,,,122906976744.18605,457.0501184883722,0.5303436046511629,0.0010606872093023051,0.010970096693063657,1.117942784653382e+17,0.1474883720930233,151.29408400702235,0.0024581395348836784,0.0030016750554239242,1.8882022530579694,0.4655846284587264,0.05607701555630724,0.02254806947843901,,,,,,,,0.0013638146610836462,0.02254806947843901,,0.011441684696029965,0.0012557408972582854,0.004702331947481737,-0.00101324511627907
GHG Forward_upper,1979,,,128023255813.95348,476.07585662790706,0.5524203488372093,0.0011048406976743971,0.011426751616899797,1.1644796649984613e+17,0.1536279069767442,157.5920402003137,0.002560465116279025,0.0031266265241454497,1.9668029144908457,0.4849656347521832,0.05841134732970129,0.023833355721257516,,,,,,,,0.0014415548961543758,0.023833355721257516,,0.011917970530112572,0.0013080139336626038,0.004898077080584098,-0.0010554237209302326
GHG Forward_upper,1980,,,128953488372.09303,479.5350817441862,0.5564343023255814,0.0011128686046511416,0.011509779784870007,1.172940915970294e+17,0.15474418604651166,158.73712314454852,0.0025790697674418156,0.0031493449730039093,1.981093943842278,0.4884894540782663,0.05883577128850022,0.024366185751514703,,,,,,,,0.0014737829947871776,0.024366185751514703,,0.012004567954491232,0.0013175181220997528,0.004933667104784528,-0.001063092558139535
GHG Forward_upper,1981,,,127093023255.81395,472.61663151162804,0.5484063953488373,0.0010968127906976534,0.011343723448929591,1.1560184140266286e+17,0.15251162790697678,156.44695725607892,0.002541860465116235,0.003103908075286991,1.9525118851394136,0.4814418154261002,0.057986923370902374,0.024379892216714247,,,,,,,,0.0014746120271000613,0.024379892216714247,,0.011831373105733917,0.0012985097452254551,0.004862487056383669,-0.0010477548837209306
GHG Forward_upper,1982,,,128488372093.02325,477.80546918604665,0.5544273255813954,0.0011088546511627694,0.011468265700884902,1.1687102904843776e+17,0.1541860465116279,158.1645816724311,0.0025697674418604204,0.0031379857485746795,1.973948429166562,0.48672754441522476,0.05862355930910075,0.02502822132783548,,,,,,,,0.0015138260603812677,0.02502822132783548,,0.011961269242301903,0.0013127660278811782,0.004915872092684313,-0.0010592581395348836
GHG Forward_upper,1983,,,130232558139.53488,484.2915162790699,0.5619534883720931,0.0011239069767441645,0.011623943515829042,1.1845751360565638e+17,0.15627906976744188,160.31161219287134,0.002604651162790652,0.0031805828401842906,2.000744109200497,0.4933347056516305,0.05941935423184873,0.025765906324975756,,,,,,,,0.001558444763340445,0.025765906324975756,,0.012123639413011882,0.001330586381200832,0.004982603388060118,-0.0010736372093023256
GHG Forward_upper,1984,,,138953488372.09305,516.7217517441862,0.5995843023255816,0.00119916860465114,0.012402332590549738,1.2638993639174947e+17,0.16674418604651167,171.0467647950726,0.0027790697674418127,0.0033935682982323464,2.1347225093701736,0.5263705118336595,0.06339832884558862,0.027929417426204535,,,,,,,,0.0016893042217120137,0.027929417426204535,,0.012935490266561786,0.0014196881477991025,0.005316259864939145,-0.0011455325581395353
GHG Forward_upper,1985,,,143488372093.02325,533.5854741860467,0.6191523255813954,0.001238304651162767,0.012807094909404498,1.3051479624051782e+17,0.17218604651162792,176.62904414821716,0.002869767441860415,0.0035043207364173342,2.204391277458405,0.5435491310483144,0.06546739564473333,0.029307988674229155,,,,,,,,0.001772686778307476,0.029307988674229155,,0.013357652710407734,0.0014660210664302026,0.005489761232916238,-0.0011829181395348837
GHG Forward_upper,1986,,,151046511627.90698,561.6916782558142,0.6517656976744187,0.0013035313953488122,0.013481698774162432,1.3738956265513182e+17,0.1812558139534884,185.9328430701249,0.0030209302325580867,0.0036889081333923157,2.320505890938791,0.5721801630727393,0.06891584030997455,0.03135962100067646,,,,,,,,0.001896779275389656,0.03135962100067646,,0.014061256783484317,0.0015432425974820367,0.005778930179544726,-0.0012452274418604651
GHG Forward_upper,1987,,,157674418604.65115,586.3386572093025,0.6803651162790698,0.0013607302325581133,0.014073274470950161,1.4341820397256253e+17,0.18920930232558142,194.0915590477978,0.0031534883720929683,0.003850777081508837,2.4223294750677447,0.5972873757710813,0.07193986101641685,0.03328356518017683,,,,,,,,0.002013148585038014,0.03328356518017683,,0.014678263432182242,0.0016109599400967217,0.006032509101972786,-0.0012998679069767443
GHG Forward_upper,1988,,,164418604651.1628,611.4180393023258,0.7094662790697677,0.0014189325581395078,0.014675228688734167,1.495526109271412e+17,0.19730232558139538,202.39341039350012,0.003288372093023199,0.004015485835732667,2.525939437865628,0.6228350658851837,0.07501693471770902,0.03529796968367998,,,,,,,,0.0021349893660351418,0.03529796968367998,,0.015306094758927502,0.001679865306266051,0.0062905367774259,-0.0013554669767441862
GHG Forward_upper,1989,,,170348837209.30234,633.4705994186048,0.7350552325581398,0.001470110465116251,0.015204533259544238,1.5494665842168445e+17,0.20441860465116282,209.6933141629969,0.0034069767441859875,0.004160315947205345,2.6170447499810074,0.6452994140889633,0.07772263745505215,0.037204370037199695,,,,,,,,0.0022502975415093834,0.037204370037199695,,0.015858153339341433,0.0017404545075528743,0.006517423181703637,-0.0014043558139534887
GHG Forward_upper,1990,,,173929000000.0,646.7840326430002,0.7505036350000001,0.0015010072699999713,0.015524081693906976,1.5820311893008624e+17,0.20871480000000003,214.10036626339976,0.0034785799999999395,0.004247751873365675,2.6720462773701303,0.6588614494337759,0.07935610733468257,0.033704499355495555,,,,,,,,0.002038608689292162,0.033704499355495555,,0.01619143868161196,0.001777033039986218,0.006654397618093225,-0.0014338706760000002
GHG Forward_upper,1991,,,168203000000.0,625.4909454010002,0.7257959450000001,0.0014515918899999723,0.015013005957374762,1.5299483820062954e+17,0.2018436,207.05186545430968,0.0033640599999999413,0.004107909597339872,2.5840785607488574,0.6371707557630378,0.07674358687749376,0.03344886019122383,,,,,,,,0.0020231464147717495,0.03344886019122383,,0.01565839256572036,0.0017185304832707704,0.0064353250036286915,-0.001386665532
GHG Forward_upper,1992,,,168593000000.0,626.9412255310002,0.7274787950000001,0.001454957589999972,0.015047815516796272,1.533495761476236e+17,0.20231160000000004,207.53194147868012,0.0033718599999999414,0.004117434307023781,2.5900700748044456,0.6386481170154982,0.07692152662222021,0.03679796777452684,,,,,,,,0.002225716396562105,0.03679796777452684,,0.015694698535891113,0.001722515114273045,0.006450246121274722,-0.0013898806920000003
GHG Forward_upper,1993,,,169513000000.0,630.3623991710002,0.7314485950000001,0.0014628971899999718,0.015129930374918808,1.5418639386873786e+17,0.20341560000000003,208.66442851052832,0.003390259999999941,0.004139902852944797,2.604203902833012,0.6421331743289944,0.07734128191747233,0.04014707535782987,,,,,,,,0.0024282863783524618,0.04014707535782987,,0.0157803433886016,0.001731914756637385,0.006485444655208947,-0.0013974651720000003
GHG Forward_upper,1994,,,177599000000.0,660.4315405330002,0.7663396850000002,0.0015326793699999704,0.015851648573591438,1.615412939697485e+17,0.21311880000000002,218.61800474914207,0.003551979999999938,0.004337381833724511,2.728427960918868,0.6727637976300052,0.081030565958134,0.04279962485132826,,,,,,,,0.0025887252084679326,0.04279962485132826,,0.016533087170141854,0.0018145294394178793,0.00679480916106997,-0.0014641261560000003
GHG Forward_upper,1995,,,181923000000.0,676.5110566410001,0.7849977450000002,0.0015699954899999699,0.016237588406767353,1.6547433725898547e+17,0.21830760000000002,223.94069379882868,0.0036384599999999367,0.0044429839995532875,2.79485695265313,0.6891435670034372,0.08300341584581901,0.045663252553858356,,,,,,,,0.0027619310542424604,0.045663252553858356,,0.01693561797788116,0.0018587077585302781,0.006960242270560826,-0.0014997732120000003
GHG Forward_upper,1996,,,190157000000.0,707.1305607190002,0.8205274550000002,0.0016410549099999685,0.01697251638696404,1.7296385586295795e+17,0.2281884,234.07645273387018,0.0038031399999999336,0.004644077485546382,2.921354713508799,0.7203348299592278,0.08676022573832559,0.04831580204735676,,,,,,,,0.0029223698843579313,0.04831580204735676,,0.017702139409640057,0.0019428345576911225,0.0072752691492721355,-0.001567654308
GHG Forward_upper,1997,,,195947000000.0,728.6616426490002,0.8455113050000002,0.0016910226099999676,0.017489304461452606,1.7823034999910083e+17,0.23513640000000002,241.20373524952362,0.003918939999999932,0.004785482790853647,3.0103056529494507,0.7422679623996004,0.08940194656387976,0.05072912957061922,,,,,,,,0.0030683394300598053,0.05072912957061922,,0.018241143428328912,0.002001991002571046,0.007496790357401659,-0.0016153870680000002
GHG Forward_upper,1998,,,199811000000.0,743.0305719370002,0.8621844650000001,0.001724368929999967,0.017834186865567255,1.8174498442778067e+17,0.23977320000000005,245.9601807832861,0.00399621999999993,0.004879850683721914,3.0696677306694293,0.7569052031162843,0.09116491880393872,0.052624142825037176,,,,,,,,0.0031829588595322198,0.052624142825037176,,0.018600851809712972,0.0020414695005012743,0.0076446241999254035,-0.0016472418840000002
GHG Forward_upper,1999,,,206256000000.0,766.9973807520003,0.8899946400000002,0.001779989279999966,0.01840943714882784,1.8760725639797773e+17,0.2475072,253.89374482704883,0.004125119999999928,0.005037252616831642,3.1686813411521575,0.7813195448396352,0.09410548714948218,0.055682431542563186,,,,,,,,0.0033679387308589875,0.055682431542563186,,0.019200831239842443,0.0021073180820645053,0.007891205233845053,-0.001700374464
GHG Forward_upper,2000,,,216938000000.0,806.7201816460002,0.9360874700000003,0.001872174939999964,0.019362862055854926,1.973234378076977e+17,0.26032560000000005,267.04290403813866,0.004338759999999924,0.005298131972840658,3.3327873748490555,0.821784090733946,0.09897921113196399,0.060934892276001865,,,,,,,,0.0036856325787460375,0.060934892276001865,,0.02019524245359621,0.0022164561035165507,0.008299890820242213,-0.0017884368720000004
GHG Forward_upper,2001,,,208673000000.0,775.9853988910002,0.9004239950000001,0.0018008479899999654,0.018625167161960627,1.8980572208486157e+17,0.2504076,256.8689852139805,0.0041734599999999275,0.005096281394539355,3.20581336544025,0.7904753964991137,0.09520825731103044,0.06134661452111206,,,,,,,,0.0037105355015755277,0.06134661452111206,,0.019425835162669897,0.0021320125772760386,0.007983677903974423,-0.0017203002120000001
GHG Forward_upper,2002,,,209095000000.0,777.5546763650002,0.9022449250000002,0.0018044898499999654,0.018662832890360314,1.9018956673519875e+17,0.250914,257.38845209163264,0.004181899999999928,0.005106587618863995,3.212296490905527,0.7920739771363912,0.09540079723993958,0.05982082031865098,,,,,,,,0.0036182481993254326,0.05982082031865098,,0.019465120084239274,0.002136324152360551,0.00799982331845295,-0.00172377918
GHG Forward_upper,2003,,,208964000000.0,777.0675309880003,0.9016796600000002,0.0018033593199999654,0.01865114044860591,1.900704111683879e+17,0.2507568,257.2271957860108,0.004179279999999928,0.0051033882933035025,3.210283956697112,0.7915777352797956,0.09534102773594172,0.06229115378930034,,,,,,,,0.003767665736301662,0.06229115378930034,,0.019452925001951154,0.0021349857250238897,0.007994811353294922,-0.001722699216
GHG Forward_upper,2004,,,222109000000.0,825.9494087030002,0.9584003350000002,0.0019168006699999632,0.019824401111671913,2.020268991510474e+17,0.26653080000000007,273.40821973562464,0.004442179999999922,0.005424419854316282,3.41222870608353,0.8413723856992598,0.1013385096447344,0.07064669346943671,,,,,,,,0.004273048581956483,0.07064669346943671,,0.020676622381167895,0.0022692882238056844,0.008497729536518164,-0.0018310665960000006
GHG Forward_upper,2005,,,233025000000.0,866.5423776750002,1.0055028750000001,0.0020110057499999616,0.02079871175435191,2.119559233289638e+17,0.27963000000000005,286.84542456133664,0.004660499999999919,0.005691014036135643,3.579929648213781,0.8827233483450467,0.10631899747405207,0.07471547800932743,,,,,,,,0.004519148054623072,0.07471547800932743,,0.021692817177024114,0.0023808170238590943,0.008915367793502944,-0.0019210581000000005
GHG Forward_upper,2006,,,235742000000.0,876.6459959140003,1.0172267300000002,0.002034453459999961,0.02104121835165509,2.1442726435968925e+17,0.28289040000000004,290.18995419778406,0.004714839999999918,0.00575736951360021,3.6216705294677096,0.8930156317371871,0.107558644362313,0.07781550432543718,,,,,,,,0.004706652414750151,0.07781550432543718,,0.021945748769213683,0.0024085766198416077,0.009019318246436954,-0.0019434570480000005
GHG Forward_upper,2007,,,242588000000.0,902.1039901960003,1.0467672200000002,0.00209353443999996,0.021652260002423433,2.206542797061546e+17,0.2911056,298.61713487173284,0.004851759999999916,0.005924564802051598,3.7268446454281072,0.9189490038765291,0.1106821712658957,0.08193272677651789,,,,,,,,0.004955681643043772,0.08193272677651789,,0.022583058184057186,0.0024785222194353826,0.009281241250038803,-0.001999895472
GHG Forward_upper,2008,,,241466000000.0,897.9316458220002,1.0419257900000003,0.0020838515799999602,0.02155211557762617,2.19633725920187e+17,0.28975920000000005,297.235993078544,0.004829319999999916,0.005897162944960967,3.709607520375877,0.9146987491963741,0.11017025230799038,0.0838890760798308,,,,,,,,0.005074010968958356,0.0838890760798308,,0.02247860870064287,0.002467058742551915,0.009238314342349457,-0.0019906457040000003
GHG Forward_upper,2009,,,228984000000.0,851.5152443280002,0.9880659600000001,0.001976131919999962,0.020438031165576732,2.0828029244741744e+17,0.2747808,281.8710983703599,0.00457967999999992,0.005592323390410832,3.517848344883958,0.8674156129060925,0.10447526796523265,0.08177535662373796,,,,,,,,0.0049461631464920615,0.08177535662373796,,0.021316631470716402,0.0023395301164739874,0.008760762059124466,-0.001887744096
GHG Forward_upper,2010,,,240546000000.0,894.5104721820002,1.0379559900000002,0.0020759119799999603,0.021470000719503633,2.1879690819907274e+17,0.28865520000000006,296.1035060466958,0.0048109199999999165,0.005874694399039951,3.695473692347311,0.9112136918828778,0.10975049701273824,0.08998090695887706,,,,,,,,0.005442473922012044,0.08998090695887706,,0.02239296384793238,0.0024576591001875757,0.009203115808415232,-0.0019830612240000003
GHG Forward_upper,2011,,,247680000000.0,921.0394425600003,1.0687392,0.002137478399999959,0.022106747891075553,2.2528588387562605e+17,0.29721600000000004,304.8852044001797,0.004953599999999914,0.006048923319257917,3.805072310994911,0.9382380384855753,0.1130054255739651,0.0948458023547029,,,,,,,,0.0057367259719185775,0.0948458023547029,,0.02305708382536351,0.0025305471965214915,0.009476057483509536,-0.0020418739200000003
GHG Forward_upper,2012,,,250361000000.0,931.0091887870002,1.080307715,0.0021606154299999587,0.022346041298278288,2.2772447986509046e+17,0.30043320000000007,308.1854193266852,0.005007219999999913,0.0061143995927516615,3.84626012941294,0.9483939500697962,0.11422864725502051,0.0972215829647223,,,,,,,,0.0058804245014339755,0.0972215829647223,,0.02330666409722963,0.0025579389804114873,0.009578630602506986,-0.0020639760840000005
GHG Forward_upper,2013,,,257476999999.99997,957.4712231590001,1.111013255,0.0022220265099999574,0.022981181874799982,2.3419708302101322e+17,0.30897240000000004,316.944960325198,0.00514953999999991,0.006288188910984216,3.95558221664259,0.9753501107685337,0.1174753632126446,0.10023829455798137,,,,,,,,0.006062889590211614,0.10023829455798137,,0.02396910841449903,0.0026306431706991434,0.009850883610633012,-0.002122640388
GHG Forward_upper,2014,,,265577000000.0,987.5924258590003,1.145964755,0.002291929509999956,0.023704149647400564,2.4156471730473648e+17,0.31869240000000004,326.9157700621226,0.005311539999999907,0.006486009804419251,4.080021354720186,1.0060337675504023,0.1211710348338862,0.1042735800541697,,,,,,,,0.006306962881125601,0.1042735800541697,,0.02472315548727619,0.0027134008915156173,0.010160783746358253,-0.0021894167880000003
GHG Forward_upper,2015,,,280081000000.0,1041.5279720270003,1.2085495150000003,0.0024170990299999537,0.024998708236758448,2.5475733059499846e+17,0.33609720000000004,344.76967431204264,0.005601619999999903,0.0068402313153305755,4.302844226161845,1.0609764537188244,0.12778856831468718,0.10953514186403684,,,,,,,,0.0066252072054725835,0.10953514186403684,,0.02607336520870332,0.0028615882967899537,0.01071569628568651,-0.002308987764
GHG Forward_upper,2016,,,293627000000.0,1091.9010352090004,1.2670005050000002,0.0025340010099999515,0.02620776026733221,2.670785619539262e+17,0.3523524,361.44431489184257,0.0058725399999998975,0.007171056231685015,4.510949481025931,1.11229013455428,0.1339690087815191,0.11539773478912385,,,,,,,,0.006979804754980952,0.11539773478912385,,0.02733439257263409,0.0029999878136022936,0.01123395643859195,-0.002420660988
GHG Forward_upper,2017,,,310950993000.0,1156.3231962863313,1.3417535347950003,0.0026835070695899487,0.027754018123104806,2.8283619710920787e+17,0.37314119160000003,382.7695294704613,0.006219019859999892,0.007594148549354431,4.777095500406462,1.1779152524929823,0.14187318029962873,0.1209908899044264,,,,,,,,0.007318105422151535,0.1209908899044264,,0.028947121734419504,0.003176987094604829,0.011896759868468875,-0.0025634799862920003
GHG Forward_upper,2018,,,327120444636.0,1216.4520024932203,1.4115247186043403,0.002823049437208626,0.02919722706550626,2.9754367935888666e+17,0.39254453356320007,402.67354500292527,0.006542408892719886,0.007989044273920862,5.025504466427598,1.2391668456226175,0.1492505856752094,0.1233883469342589,,,,,,,,0.0074631150448037165,0.1233883469342589,,0.030452372064609313,0.0033421904235242795,0.012515391381629257,-0.0026967809455791846
GHG Forward_upper,2019,,,292505677500.0,1087.7312102318929,1.2621619984125003,0.0025243239968249518,0.026107676312987528,2.6605862441144346e+17,0.35100681300000003,360.06400707687555,0.005850113549999898,0.007143670920724669,4.493722764309017,1.1080424463157876,0.13345739893688827,0.12259764306080996,,,,,,,,0.007415289507623408,0.12259764306080996,,0.027230006159206423,0.002988531258738067,0.011191055451562104,-0.00241141680531
GHG Forward_upper,2020,,,158440575300.0,589.1877388291254,0.6836710824195,0.0013673421648389738,0.014141658001752553,1.4411508821149541e+17,0.19012869036000005,195.03467048458722,0.0031688115059999447,0.00386948841508725,2.4340998304753483,0.6001896583737003,0.07228942441844463,0.06940627971115759,,,,,,,,0.004198022448523261,0.06940627971115759,,0.01474958666840649,0.001618787765022074,0.006061821702451232,-0.0013061841027732005
GHG Forward_upper,2021,,,188909916700.0,702.4930732050391,0.8151462905605001,0.0016302925811209686,0.016861207617130905,1.7182952824866922e+17,0.22669190004000003,232.54133788073486,0.003778198333999934,0.004613620802510096,2.9021959516615197,0.7156107465079192,0.08619123680485222,0.08429342376514502,,,,,,,,0.005098467843278976,0.08429342376514502,,0.017586045642742,0.0019300931044100992,0.007227556645083162,-0.0015573733532748002
GHG Forward_upper,2022,,,231566994700.0,861.1205414800652,0.9992115821305001,0.0019984231642609616,0.020668577082230816,2.1062974433709587e+17,0.27788039364000006,285.0506722845802,0.004631339893999919,0.005655406145878975,3.5575305219366737,0.8772002700473499,0.1056537741640731,0.10332742269568844,,,,,,,,0.006249734776589963,0.10332742269568844,,0.0215570882105354,0.002365920579962015,0.008859585566298239,-0.0019090383043068005
GHG Forward_upper,2023,1076937632512.1694,11615863382044.725,269197297382.2647,1001.0551062646144,1.1615863382044724,0.0023231726764089,0.0240272803059941,2.448576836147176e+17,0.3230367568587177,331.37222640652345,0.0053839459476452,0.0065744259109205,4.135639464082358,1.019747836973329,0.1228228163519221,0.1143510109567864,31609.255041993387,1033.2844808044356,1.0,1.0,1.0,1.0,0.0,0.0069164939110077,0.1143510109567864,10.786013072036893,0.025060177048224268,0.0027503894791741446,0.01029929370316437,-0.0022192625196193905
GHG Forward_upper,2024,1198347322705.4666,12554695373775.648,290954701593.87366,1079.212602199146,1.2527577231768294,0.0025034062575308,0.0258831686381518,2.638203205374563e+17,0.3478010332180216,357.84894263335514,0.0058141262657643,0.0070997340578197,4.492414159241649,1.1016089191714291,0.1327204318661201,0.1263580627499945,32587.616609305576,1113.9710421778616,0.99500999,1.0,0.9746971613205142,1.0,1.0,0.0076427376050688,0.1263580627499945,10.476674947152512,0.027222076581456898,0.0029701462238568475,0.011094820236743769,-0.0023893930982078083
GHG Forward_upper,2025,1292041079394.611,13362679586764.836,309679712323.6347,1128.805613729875,1.3132285212957404,0.0026262163647732,0.0270694772783287,2.7637186730320288e+17,0.3628115854381908,380.878457890815,0.0061883067691699,0.0075566957744168,4.809709992022903,1.1739971247654524,0.1414400286767429,0.1346922235138593,33594.36523400953,1165.2423865767023,0.99401498,1.0,0.9621425078045334,1.0,1.0,0.0081468273520184,0.1346922235138593,10.34230242356222,0.029144751373401386,0.0031612912004937645,0.011603331435355595,-0.002492515591960371
GHG Forward_upper,2026,1332492788861.6396,13552921769402.73,314088569395.19653,1133.2127393962746,1.3202410080779807,0.0026401158596952,0.0271682415051814,2.777442562874431e+17,0.3636730488321875,386.301267215864,0.0062764086336915,0.0076642576154823,4.908079639022036,1.191064939768262,0.143504863863952,0.1367048771142095,34656.9298659465,1169.8440464456924,0.993020965,0.994,0.9526455945269,1.0,1.0,0.0082685622300515,0.1367048771142095,10.171103275524,0.029740828664804396,0.0032063005178916714,0.011645666721196006,-0.0024984338454771284
GHG Forward_upper,2027,1374253470767.4404,13762998400551.893,318957089236.4286,1138.8618931800788,1.3288405355404191,0.0026571852950045,0.0273024520163115,2.7947823558214778e+17,0.3649396169786533,392.2893721524428,0.0063736959053158,0.0077830393900153,5.0148208522503035,1.209789655963601,0.1457731118204678,0.1387526800386106,35756.4839623636,1175.7317673323146,0.992027944,0.988036,0.9444488420174912,1.0,1.0,0.0083924231066547,0.1387526800386106,10.014890770380273,0.030387634007744555,0.0032560017888652753,0.011703196056791923,-0.002507135168643348
GHG Forward_upper,2028,1417354370908.5278,13982651066530.877,324047533407.4363,1144.85833529428,1.3379941835249145,0.0026753587564373,0.0274523324502766,2.8136468221384032e+17,0.3663236397515047,398.55033076718354,0.0064754178743952,0.0079072430248851,5.1262401048895,1.2293597003711951,0.1481477926929568,0.1408350270351291,36893.73861191296,1181.9821500266648,0.991035916,0.982107784,0.9367292699819304,1.0,1.0,0.0085183733733075,0.1408350270351291,9.865317632292593,0.031062786235584762,0.0033079677453676233,0.011767442304811065,-0.0025166434050928376
GHG Forward_upper,2029,1461829503673.876,14207568813938.068,329259995688.02014,1150.8244094537556,1.3472683890829815,0.0026937690923192,0.0276085865876065,2.833116679119956e+17,0.3677044230648902,404.9612909657616,0.0065795781223267,0.0080344289882953,5.2408088877341505,1.249403177951268,0.1505830161637144,0.1429516662238809,38069.52482829022,1188.2055085990155,0.99004488,0.976215137,0.9291754952750816,1.0,1.0,0.0086463977951146,0.1429516662238809,9.719032745085215,0.031757023247109065,0.003361178715015821,0.011834420640777525,-0.002526129386455796
GHG Forward_upper,2030,1507714977739.29,14405879467249.557,333855839333.70935,1154.189173178651,1.353654652761865,0.0027064011706949,0.0277082857348559,2.8468880849434374e+17,0.3682621922196704,410.6139720220745,0.0066714165257186,0.0081465609638223,5.346452484880533,1.2674094376339882,0.1527657039892132,0.145102497077611,39284.75227442997,1191.7474272533734,0.989054835,0.970357846,0.921772915883936,1.0,0.9976628115647248,0.0087764902917087,0.145102497077611,9.554776386747935,0.03239717751381739,0.0034080959677832185,0.011877156680245981,-0.002529961260549136
GHG Forward_upper,2031,1554568865859.5942,14625239869490.691,338939005458.2151,1133.8951133363057,1.3346965995310125,0.0027189626526057,0.0273003322699241,2.8151049730756006e+17,0.3604586905538711,416.8658328313812,0.0067729930581336,0.0082705972499662,5.461544555794496,1.2865559130911692,0.1551063838790192,0.1455216518252108,40540.53683523774,1170.9411376477103,0.98806578,0.964535699,0.9144826591260588,1.0,0.9971953998319122,0.0088018427676973,0.1455216518252108,9.407907356618589,0.03309458542352517,0.0034599864125004643,0.011702287427502964,-0.0024763512041050943
GHG Forward_upper,2032,1602814264481.834,14847105152435.312,344079673497.85846,1112.6494373061946,1.314771433843746,0.0027311213538663,0.026901737934038,2.784128559886214e+17,0.3523118234754838,423.1884544101995,0.0068757186470625,0.008396033981267,5.57883680976342,1.3058057182353655,0.1574638778368406,0.1459766560054818,41833.93140780976,1149.15681643635,0.987077715,0.958748485,0.907274965832251,1.0,0.9967279219647592,0.0088293635881605,0.1459766560054818,9.2631476281721,0.033805325485944684,0.0035124641716046557,0.011531429965425388,-0.0024203822272765734
GHG Forward_upper,2033,1652502955074.5742,15071668469051.477,349282280740.7374,1090.4466461296977,1.2938754545097189,0.002742897541095,0.0265137315217494,2.754084752692536e+17,0.3438191334729969,429.5872911023485,0.006979681962505,0.008522979653552,5.698420555681281,1.3251858592681949,0.159841417165666,0.1464726765349672,43166.64093461749,1126.3888695210808,0.986090637,0.952995994,0.9001459101992724,1.0,0.9962603479174488,0.0088593652728261,0.1464726765349672,9.12050923889048,0.03452995099327392,0.0035655745161494927,0.01136511101679788,-0.002362037446959489
GHG Forward_upper,2034,1703688821356.501,15299550767611.809,354561181343.4056,1067.3091078470304,1.2720384664435866,0.0027543870194445,0.0261382131699679,2.7251737769252368e+17,0.3349868301538257,436.0799946712896,0.007085169842509,0.008651784711768,5.820554470525855,1.3447595825899492,0.1622465016033586,0.1470148094323941,44540.45218007954,1102.6605017906045,0.985104546,0.947278018,0.8931180719153207,1.0,0.9957926484406684,0.0088921560531842,0.1470148094323941,8.980249547819472,0.03527002941552993,0.0036194639557717042,0.01120414507530674,-0.0023013595231567824
GHG Forward_upper,2035,1756427787743.35,15514192810363.102,359525774109.03937,1042.0889340829758,1.2479184382340869,0.0027627024807811,0.0257459758296987,2.6944929666937808e+17,0.3254488175538342,442.2154856142109,0.0071843006082524,0.0087728217326802,5.928493178148502,1.3629719694779845,0.1644915220111358,0.1476082848444015,45957.2349831657,1076.7865333801965,0.984119442,0.94159435,0.8852682269147575,1.0,0.9953247949477768,0.0089280522734199,0.1476082848444015,8.83280993310614,0.03592409105385029,0.0036703885305979502,0.011036012539400347,-0.0022358333765948413
GHG Forward_upper,2036,1810784435779.0125,15703873581123.484,363904407536.9156,1013.7018468134734,1.2207047685405057,0.0027658275986346,0.0253224254986393,2.6604142544703098e+17,0.3150077136182389,447.6595481896967,0.0072716462054071,0.0088794609246143,6.015694923383298,1.3789711027482454,0.1664702318438845,0.1482591018752341,47419.29043455649,1047.6600874522023,0.983135322,0.935944784,0.8765508629745291,1.0,0.9941444742808598,0.0089674167879377,0.1482591018752341,8.672414712007155,0.03645249571617088,0.0037155742499744827,0.010854457689991735,-0.0021641029925573013
GHG Forward_upper,2037,1866863029157.235,15863118688942.137,367570179447.50854,982.329871358407,1.1901823681150487,0.0027629258096816,0.0248628459703207,2.622355723598145e+17,0.3036287038915301,452.25591605641785,0.0073446711149378,0.0089686096508944,6.072272539779195,1.3919638380133406,0.1680914390127098,0.1489766788724279,48931.075354352266,1015.4571105171794,0.982152187,0.930329115,0.8662203991381312,1.0,0.9929663127969968,0.0090108192632656,0.1489766788724279,8.49720544099225,0.03679533147256636,0.003753724103268268,0.010657458925177969,-0.002085929195734812
GHG Forward_upper,2038,1924752253204.1873,15979771057727.982,370241296593.9656,947.4882826060098,1.155712089156326,0.0027520527076764,0.0243542129901038,2.5787822920620176e+17,0.2911752301759584,455.65782656062584,0.0073977446691046,0.0090333945461555,6.0872355584683175,1.4007550626272527,0.1692122787419608,0.1497684214356811,50496.1702233939,979.6749618202576,0.981170035,0.924747141,0.8537716926202301,1.0,0.9917902559664502,0.0090587076253536,0.1497684214356811,8.30224826656315,0.03688600086016215,0.0037819599604531945,0.010439433398207994,-0.0020003738313088344
GHG Forward_upper,2039,1984552443569.5017,16055708707447.396,371961199067.64813,909.6169111603544,1.1177634020033211,0.0027337484390304,0.0238054494890765,2.530571889210232e+17,0.2777982672809629,457.9185626044137,0.0074317353472702,0.0090748749940645,6.062666699114379,1.4055996252726946,0.1698608640735607,0.150642383977612,52118.78305316833,940.7663890187,0.980188865,0.919198658,0.839396847590492,1.0,0.9906162820934528,0.0091115690434481,0.150642383977612,8.090342363827336,0.03673712425459004,0.0038007240696166338,0.010204205923492643,-0.0019084740962202152
GHG Forward_upper,2040,2046369920598.6516,16120956297010.969,373425588614.1719,870.6579385977783,1.0786687522656635,0.0027132749536807,0.0232654627842233,2.4829818463015e+17,0.264103320041728,459.893601938617,0.0074605457638906,0.0091100276665156,6.0249420118208254,1.4094242422367669,0.1703889786503453,0.1516068551078156,53803.45021534621,900.7384527217592,0.979208676,0.913683466,0.8246325231745272,1.0,0.9894443939559292,0.0091699048521443,0.1516068551078156,7.877830950669413,0.03650852905162906,0.0038171168960905214,0.009972740622457317,-0.0018143898086866712
GHG Forward_upper,2041,2110301926350.456,16170942520018.33,374528416423.9137,831.0442528346745,1.0337193281561947,0.0028120802156434,0.0227822624147024,2.4403766712570726e+17,0.2513971375658616,461.4521752099539,0.0074820576656506,0.009136265129423,5.975265802349547,1.4120378248406784,0.1707709978393832,0.152860311649495,55554.21160944021,859.9291164593936,0.978229467,0.908201365,0.8094381298143812,1.0,0.9879727899448086,0.0092457198752534,0.152860311649495,7.662857299279571,0.036207512820585055,0.0038300530542426173,0.009765616784062183,-0.001727098335077469
GHG Forward_upper,2042,2176736594644.0437,16216255608100.123,375514835586.0552,790.9295760696598,0.9881554159198463,0.0029104132497486,0.0223175667331168,2.399288084704903e+17,0.2385372120880328,462.895489265126,0.0075011701914475,0.0091595844528786,5.920416947304285,1.4143129160171528,0.1711216386637326,0.1542294043564192,57391.4338306735,818.601946199861,0.977251238,0.902752157,0.7940184278818317,1.0,0.986501932050747,0.0093285291245273,0.1542294043564192,7.449801527663445,0.03587515260633905,0.0038420325609005456,0.009566424980150517,-0.0016387506470447854
GHG Forward_upper,2043,2245803823734.86,16251102597420.844,376250956785.39624,750.0836017814241,0.941678145843204,0.0030070864574695,0.0218640851792652,2.358954103106137e+17,0.2254562563712647,464.05860370473897,0.0075152085457088,0.0091767192479495,5.85660237117386,1.415852736779175,0.1713897383066175,0.1557211835668239,59321.28454642881,776.5181819512484,0.976273987,0.8973356439999999,0.7780836942657237,1.0,0.9850318617549244,0.0094187590380104,0.1557211835668239,7.236207555473221,0.035488464020456564,0.0038516864107493334,0.009372040112092027,-0.0015488844812705886
GHG Forward_upper,2044,2317642835702.3877,16281364836649.48,376873337626.5313,708.8449974743378,0.8946992697625422,0.0031030085568168,0.0214289948622372,2.3202278624486854e+17,0.2122586432784625,465.10926011357594,0.0075269022439171,0.0091909987811818,5.7880710804824185,1.417000499285768,0.1716163190865188,0.1573436486345633,61350.552904142336,734.0279389478899,0.975297713,0.89195163,0.7620179032379637,1.0,0.9835626174185276,0.0095168934547326,0.1573436486345633,7.024967171749407,0.03507319419507977,0.0038604068589426803,0.009185538647697977,-0.0014582168793230374
GHG Forward_upper,2045,2392398598607.99,16309973010491.023,377410137446.4699,667.3014935911797,0.8473726285518954,0.0031984404368509,0.0210122666574601,2.2831541039328272e+17,0.1989601133688842,466.25318146547966,0.0075363679306395,0.0092025635380754,5.717307157745618,1.417705962683084,0.1717953207909399,0.1591049298575575,63486.437997810935,691.2232033270516,0.974322415,0.8865999199999999,0.745981924643807,1.0,0.9820942423700094,0.009623424133845,0.1591049298575575,6.817414547885512,0.03464439559021768,0.003869901406163481,0.00900690810272027,-0.0013668559788442346
GHG Forward_upper,2046,2470223810619.996,16324602548344.145,377577643185.2139,625.0172511698393,0.7990669866333345,0.0032906086843288,0.0206002401215527,2.246201198470125e+17,0.1854337565458216,467.13324939207894,0.0075379575831634,0.00920451460387,5.639287175160268,1.4173091888028442,0.1718396697525508,0.1610135957971578,65736.71193511806,647.6502093770878,0.9733480920000002,0.881280321,0.7299306504833016,1.0,0.9798147327622214,0.0097388693427586,0.1610135957971578,6.608552017902729,0.034171628417482024,0.0038772059699542553,0.008830292928103566,-0.0012739299074697942
GHG Forward_upper,2047,2551033827281.624,16339186590194.06,377662075019.9971,582.5048598787132,0.7504514541510201,0.0033815835195411,0.0202068925258745,2.2109470495916877e+17,0.1718431244145782,468.25929380570193,0.0075369791409902,0.0092033358993366,5.560991106656455,1.4164820594032614,0.1718354604850563,0.1630620450176379,68095.1621293411,603.8403117324557,0.972374744,0.875992639,0.7140294188596696,1.0,0.9775436555943356,0.0098627693104276,0.1630620450176379,6.404927451552088,0.03369718828411783,0.0038865521385873262,0.008661684481216105,-0.0011805622647281522
GHG Forward_upper,2048,2634982491977.6606,16357988226927.17,377765979087.2079,539.9063004541681,0.7016387897843966,0.0034718395748904,0.0198380457110029,2.1780347880086138e+17,0.1582459953589461,469.741394779983,0.0075355235885212,0.0092015812961733,5.4851196316190505,1.415636113258773,0.1718321439365923,0.1652600533834635,70569.49553849788,559.9386877402488,0.9714023699999996,0.870736683,0.6984531743771405,1.0,0.9752811252725736,0.009995715327707,0.1652600533834635,6.208006420053986,0.033237440132989,0.003898853576673859,0.008503578294021394,-0.0010871499881159596
GHG Forward_upper,2049,2722229470187.141,16386260540758.896,378014879215.5479,497.3497712322331,0.652735399908563,0.0035621930320051,0.019500063163725,2.1481895821871747e+17,0.1446939140665376,471.7177946766717,0.0075361413576321,0.009202364907061,5.415389009946986,1.4152499438940138,0.171887091998114,0.1676173550502066,73167.85916509797,516.0766528074834,0.970430967,0.865512263,0.6834111007554694,1.0,0.9730272672396156,0.0101382961626993,0.1676173550502066,6.019426620795643,0.032814902883317884,0.003915257695816375,0.00835870207513072,-0.0009940471896371132
GHG Forward_upper,2050,2812939973611.02,16429139481338.717,378531613652.8366,454.9058337679921,0.6037855370049304,0.003653581137567,0.0191983568631101,2.122070674928596e+17,0.1312191302547581,474.3234125242,0.007541329324986,0.0092087339002558,5.354994768781587,1.415775447126308,0.1720545086190284,0.1701439675872798,75898.82785435108,472.326228025082,0.969460536,0.8603191889999999,0.6690932426943206,1.0,0.970782215315267,0.0102911177257264,0.1701439675872798,5.840558147512954,0.032448940040221294,0.003936884323950861,0.008229375669372145,-0.0009014754248501881
Historical Trends,1940,,,8953488372.093023,33.29504174418605,0.038634302325581404,7.72686046511613e-05,0.0007991461167132466,8143954060388877.0,0.010744186046511629,11.021423338259904,0.00017906976744185734,0.00021866507026266997,0.1375511575075342,0.0339167610135496,0.004085080603439601,0.00037852697809261527,,,,,,,,6.398432532486963e-05,0.0010578585596153222,,0.0005128265980987415,5.73114013589515e-05,8.045003956952254e-05,-0.00021391674418604653
Historical Trends,1941,,,9651162790.697676,35.88946058139537,0.04164476744186048,8.328953488371934e-05,0.0008614172426909024,8778547883276322.0,0.011581395348837212,11.880235546436003,0.00019302325581395014,0.0002357039069065144,0.1482694295211083,0.03655962550811191,0.004403398572538791,0.00041188099397699836,,,,,,,,6.962232294921616e-05,0.0011510720773905522,,0.000552787112236306,6.177722484146721e-05,8.671887382169315e-05,-0.0002305855813953489
Historical Trends,1942,,,10465116279.069769,38.91628255813955,0.04515697674418606,9.031395348837037e-05,0.0009340668896648338,9518907343311674.0,0.012558139534883724,12.88218312264145,0.00020930232558139173,0.00025558254965766625,0.1607740802036114,0.0396429674184346,0.004774769536487845,0.00045088164301005116,,,,,,,,7.621479947014026e-05,0.0012600660799265446,,0.0005994077120634642,6.698735223773553e-05,9.403251378255883e-05,-0.00025003255813953494
Historical Trends,1943,,,11279069767.441858,41.94310453488372,0.048669186046511624,9.733837209302137e-05,0.0010067165366387648,1.0259266803347024e+16,0.013534883720930231,13.88413069884689,0.00022558139534883324,0.00027546119240881795,0.17327873088611448,0.04272630932875728,0.005146140500436898,0.0004906341192486628,,,,,,,,8.293436113767916e-05,0.001371161192530727,,0.0006460283118906225,7.219747963400383e-05,0.00010134615374342446,-0.0002694795348837209
Historical Trends,1944,,,12209302325.581396,45.40232965116281,0.05268313953488374,0.00010536627906976543,0.0010897447046089726,1.1105391900530286e+16,0.014651162790697676,15.02921364308169,0.0002441860465116237,0.0002981796412672772,0.18756976023754662,0.04625012865484037,0.005570564459235819,0.0005362676853613621,,,,,,,,9.06480331052674e-05,0.0014986920194253938,,0.0006993089974073748,7.815191094402478e-05,0.00010970459941298529,-0.0002917046511627908
Historical Trends,1945,,,13139534883.72093,48.86155476744187,0.056697093023255825,0.00011339418604650945,0.00117277287257918,1.1951516997713544e+16,0.015767441860465116,16.174296587316483,0.00026279069767441406,0.0003208980901257365,0.20186078958897874,0.04977394798092344,0.005994988418034738,0.0005827982348280811,,,,,,,,9.851332669576821e-05,0.0016287296201401556,,0.0007525896829241272,8.410634225404571e-05,0.00011806304508254607,-0.00031392976744186045
Historical Trends,1946,,,14302325581.39535,53.18558616279072,0.061714534883720945,0.0001234290697674395,0.0012765580825419393,1.3009173369192622e+16,0.017162790697674422,17.60565026760998,0.000286046511627902,0.00034929615119881044,0.21972457627826888,0.05417872213852729,0.006525518366533387,0.0006406698734194495,,,,,,,,0.00010829566181325991,0.0017904618394692217,,0.0008191905398200676,9.15493813915719e-05,0.00012851110216949705,-0.0003417111627906977
Historical Trends,1947,,,15348837209.302324,57.07721441860466,0.06623023255813953,0.0001324604651162765,0.0013699647715084225,1.3961064103523786e+16,0.01841860465116279,18.893868579874123,0.00030697674418604117,0.00037485440616457705,0.23580198429863,0.05814301888037074,0.00700299532018217,0.0006944409413776033,,,,,,,,0.00011738485678329024,0.0019407343108946871,,0.0008791313110264139,9.824811661534544e-05,0.0001379143535477529,-0.00036671441860465113
Historical Trends,1948,,,16627906976.744184,61.833648953488385,0.07174941860465117,0.00014349883720929954,0.0014841285024674578,1.5124486112150768e+16,0.019953488372093025,20.468357628196966,0.0003325581395348779,0.0004060922733449585,0.25545214965684915,0.06298827045373497,0.007586578263530685,0.0007599294387432127,,,,,,,,0.000128454707977497,0.0021237531483990642,,0.0009523922536119484,0.00010643545966662422,0.00014940721634339898,-0.00039727395348837215
Historical Trends,1949,,,17906976744.186047,66.5900834883721,0.07726860465116281,0.0001545372093023226,0.0015982922334264933,1.6287908120777754e+16,0.021488372093023258,22.042846676519808,0.0003581395348837147,0.00043733014052533994,0.2751023150150684,0.0678335220270992,0.008170161206879202,0.0008267578683348103,,,,,,,,0.00013975105467776503,0.0023105166563142762,,0.001025653196197483,0.000114622802717903,0.00016090007913904507,-0.00042783348837209306
Historical Trends,1950,,,19418604651.162792,72.21132430232561,0.08379127906976745,0.00016758255813953169,0.0017332130063780803,1.7662861403700552e+16,0.023302325581395354,23.903606460901354,0.0003883720930232491,0.0004742476199203362,0.2983252377111456,0.0735597284319842,0.008859850139927445,0.0009058158731703427,,,,,,,,0.00015311462819746842,0.0025314578096841027,,0.001112234310162206,0.00012429875359668704,0.00017448255335208136,-0.0004639493023255815
Historical Trends,1951,,,20930232558.139538,77.8325651162791,0.09031395348837212,0.00018062790697674074,0.0018681337793296675,1.9037814686623348e+16,0.025116279069767447,25.7643662452829,0.00041860465116278346,0.0005111650993153325,0.3215481604072228,0.0792859348368692,0.00954953907297569,0.0009865252379103614,,,,,,,,0.0001667573394153341,0.0027570139715237855,,0.0011988154241269284,0.00013397470447547107,0.00018806502756511765,-0.0005000651162790699
Historical Trends,1952,,,22558139534.883717,83.88620906976745,0.09733837209302325,0.00019467674418604275,0.0020134330732775297,2.051853360669405e+16,0.027069767441860463,27.76826139769378,0.0004511627906976665,0.0005509223848176359,0.34655746177222896,0.08545261865751456,0.010292281000873796,0.0010744767890749404,,,,,,,,0.00018162423395188265,0.0030028096653993497,,0.001292056623781245,0.00014439495926800767,0.00020269230748684892,-0.0005389590697674418
Historical Trends,1953,,,24418604651.162792,90.80465930232562,0.10536627906976748,0.00021073255813953086,0.0021794894092179453,2.2210783801060572e+16,0.029302325581395353,30.05842728616338,0.0004883720930232474,0.0005963592825345544,0.37513952047509325,0.09250025730968074,0.011141128918471637,0.0011754998977369358,,,,,,,,0.00019870067981719492,0.0032851360685411963,,0.0013986179948147497,0.00015630382188804956,0.00021940919882597058,-0.0005834093023255816
Historical Trends,1954,,,26395348837.2093,98.15551267441863,0.11389593023255815,0.0002277918604651119,0.0023559242661546358,2.4008799632574996e+16,0.031674418604651165,32.491728542662315,0.0005279069767441768,0.0006446359863587803,0.4055079578468865,0.09998837337760726,0.01204302983091934,0.0012843593973822555,,,,,,,,0.00021710175039638208,0.003589362610267548,,0.0015118394515378484,0.00016895698842184405,0.0002371708958737872,-0.0006306376744186047
Historical Trends,1955,,,28488372093.023254,105.93876918604653,0.12292732558139537,0.00024585465116278596,0.0025427376440876025,2.5912581101237332e+16,0.03418604651162791,35.06816516719061,0.0005697674418604552,0.0006957524962903135,0.43766277388760877,0.10791696686129418,0.012997983738216909,0.0014013115216557476,,,,,,,,0.00023687075815550352,0.0039162053794443265,,0.0016317209939505414,0.00018235445886939113,0.00025597739863029897,-0.0006806441860465116
Historical Trends,1956,,,30813953488.372093,114.58683197674421,0.1329622093023256,0.0002659244186046461,0.002750308064013121,2.8027893844195484e+16,0.03697674418604652,37.930872527777595,0.0006162790697674312,0.0007525486184364617,0.4733903472661891,0.11672651517650187,0.014059043635214208,0.0015324064642783602,,,,,,,,0.0002590303978712176,0.004282572680064256,,0.0017649227077424223,0.00019724053714444348,0.0002768735128042009,-0.0007362069767441861
Historical Trends,1957,,,33255813953.48837,123.66729790697677,0.14349883720930234,0.0002869976744185991,0.0029682570049349155,3.0248972224301536e+16,0.03990697674418605,40.93671525639393,0.0006651162790697558,0.000812184546689917,0.5109042993136983,0.12597654090746993,0.01517315652706137,0.0016722698736622201,,,,,,,,0.00028267221577322387,0.004673444964885913,,0.0019047845072238969,0.00021287091933324843,0.00029881443268679796,-0.0007945479069767443
Historical Trends,1958,,,35930232558.139534,133.6125701162791,0.15503895348837213,0.00031007790697673825,0.0032069629878492623,3.2681581878703412e+16,0.04311627906976744,44.228828721068965,0.0007186046511627782,0.0008775000871579872,0.5519910086990657,0.13610752146995878,0.016393375408608264,0.0018271111331376745,,,,,,,,0.0003088458152612,0.005106175420567329,,0.00205796647808456,0.0002299899093495586,0.0003228449639867852,-0.0008584451162790698
Historical Trends,1959,,,38720930232.558136,143.9902454651163,0.16708081395348837,0.0003341616279069703,0.0034560474917598844,3.5219957170253188e+16,0.04646511627906977,47.66407755377335,0.0007744186046511493,0.0009456554337333649,0.594864096753362,0.146678979448208,0.01766664728500502,0.001991461945763822,,,,,,,,0.00033662686250773247,0.00556548195346593,,0.0022178085346348173,0.0002478532032796214,0.0003479203009954676,-0.0009251204651162791
Historical Trends,1960,,,41860465116.279076,155.6651302325582,0.18062790697674425,0.0003612558139534815,0.003736267558659335,3.8075629373246696e+16,0.050232558139534894,51.5287324905658,0.0008372093023255669,0.001022330198630665,0.6430963208144456,0.1585718696737384,0.01909907814595138,0.0021777497859958887,,,,,,,,0.00036811603623463,0.006086095272323026,,0.002397630848253857,0.00026794940895094214,0.0003761300551302353,-0.0010001302325581397
Historical Trends,1961,,,45930232558.139534,170.79924011627912,0.19818895348837212,0.0003963779069767366,0.004099515793528992,4.177742667342346e+16,0.055116279069767446,56.538470371593014,0.0009186046511627747,0.0011217234123864239,0.7056195742269611,0.17398857922535185,0.02095593296569665,0.0024173413974339954,,,,,,,,0.0004086154154033579,0.006755675121687993,,0.0026307338473896486,0.0002940000459322837,0.0004126982549345636,-0.0010973651162790698
Historical Trends,1962,,,50581395348.83721,188.09536569767448,0.2182587209302326,0.00043651744186045673,0.0045146566333800296,4.600805215933975e+16,0.060697674418604665,62.263885092767,0.0010116279069767265,0.0012353156566787201,0.7770747209841217,0.1916076758557672,0.02307805275969125,0.0026935474727047834,,,,,,,,0.0004553039221668242,0.007527580369803404,,0.00289713727497341,0.00032377220248238834,0.00045449048328236757,-0.0012084906976744189
Historical Trends,1963,,,53372093023.25581,198.47304104651167,0.23030058139534887,0.00046060116279068885,0.004763741137290651,4.854642745088954e+16,0.06404651162790698,65.69913392547139,0.0010674418604650977,0.0013034710032540976,0.8199478090384181,0.20217913383401645,0.024351324636088006,0.0028760936087263746,,,,,,,,0.0004861606167486978,0.008037736854522692,,0.0030569793315236675,0.00034163549641245115,0.00047956582029104987,-0.001275166046511628
Historical Trends,1964,,,55813953488.37209,207.55350697674425,0.24083720930232563,0.0004816744186046419,0.0049816900782124465,5.076750583099559e+16,0.06697674418604652,68.70497665408773,0.0011162790697674223,0.0013631069315075532,0.8574617610859274,0.2114291595649845,0.02546543752793517,0.003044026624474361,,,,,,,,0.0005145471818663276,0.008507054468411645,,0.0031968411310051422,0.0003572658786012562,0.0005015067401736471,-0.0013335069767441861
Historical Trends,1965,,,59651162790.69768,221.82281058139543,0.2573947674418605,0.0005147895348837111,0.005324181271089553,5.425777185687654e+16,0.07158139534883722,73.42844379905625,0.0011930232558139326,0.0014568205330486974,0.9164122571605849,0.22596491428507723,0.027216186357980714,0.003293099717315122,,,,,,,,0.000556649263684378,0.009203131943679452,,0.003416623958761746,0.0003818279077550925,0.0005359853285605852,-0.001425185581395349
Historical Trends,1966,,,64651162790.697685,240.41614558139545,0.2789697674418606,0.0005579395348837103,0.005770457673929418,5.880569425423657e+16,0.07758139534883722,79.58326462431829,0.0012930232558139312,0.001578932195662916,0.9932265399245327,0.2449054431627738,0.029497465136524906,0.003613329828423951,,,,,,,,0.0006107793753906913,0.010098069910294227,,0.00370300764341429,0.0004138329760464551,0.0005809119740344744,-0.001544645581395349
Historical Trends,1967,,,76279069767.44185,283.65645953488377,0.32914418604651163,0.0006582883720930105,0.006808309773557009,6.93822579690273e+16,0.09153488372093023,93.89680142725321,0.0015255813953488104,0.0018629128063936556,1.171864406817434,0.2889531847388121,0.03480276462151139,0.004316667154340369,,,,,,,,0.0007296680329477468,0.012063666693558617,,0.004369016212373694,0.00048826336742171665,0.0006853925449039841,-0.0018224595348837209
Historical Trends,1968,,,86395348837.2093,321.27553267441874,0.3727959302325582,0.0007455918604651019,0.007711241100233016,7.858386840089526e+16,0.10367441860465117,106.34957844580661,0.001727906976744156,0.0021099759377294,1.3272793510142584,0.32727471990996565,0.03941837517344965,0.004951237256810359,,,,,,,,0.0008369326196952239,0.013837081676967292,,0.004948443667368377,0.0005530178079181943,0.0007762906415604578,-0.002064157674418605
Historical Trends,1969,,,90465116279.06976,336.40964255813964,0.39035697674418607,0.000780713953488357,0.008074489335102674,8.228566570107202e+16,0.10855813953488372,111.35931632683383,0.0018093023255813638,0.0022093691514851587,1.389802604426774,0.34269142946157904,0.04127522999319492,0.005251154045194722,,,,,,,,0.0008876290679512313,0.014675250579388581,,0.005181546666504168,0.0005790684448995359,0.0008128588413647862,-0.002161392558139535
Historical Trends,1970,,,90697674418.60464,337.2744488372094,0.3913604651162791,0.0007827209302325431,0.008095246377095223,8.249719697536782e+16,0.10883720930232559,111.64558706289253,0.0018139534883720612,0.0022150487636997734,1.3933753617646318,0.34357238429309983,0.04138133598289465,0.00533324890596423,,,,,,,,0.0009015059765547996,0.014904678747502412,,0.005194866837883356,0.0005805570527270411,0.0008149484527821762,-0.0021669488372093025
Historical Trends,1971,,,104651162790.69768,389.16282558139545,0.45156976744186056,0.0009031395348837037,0.009340668896648337,9.518907343311674e+16,0.12558139534883722,128.82183122641447,0.002093023255813917,0.0025558254965766625,1.607740802036114,0.396429674184346,0.04774769536487844,0.0062349874495641906,,,,,,,,0.001053931393158942,0.01742474176041896,,0.005994077120634642,0.0006698735223773552,0.0009403251378255882,-0.002500325581395349
Historical Trends,1972,,,111627906976.74419,415.1070139534885,0.48167441860465127,0.0009633488372092838,0.009963380156424893,1.0153501166199118e+17,0.13395348837209303,137.40995330817546,0.0022325581395348446,0.0027262138630151063,1.7149235221718548,0.422858319129969,0.05093087505587034,0.006739626455951584,,,,,,,,0.0011392330710446588,0.018835042011969488,,0.0063936822620102845,0.0007145317572025124,0.0010030134803472941,-0.0026670139534883722
Historical Trends,1973,,,115581395348.83722,429.8087206976746,0.4987337209302327,0.0009974674418604462,0.010316249870298274,1.0513104332502005e+17,0.13869767441860467,142.27655582117333,0.0023116279069767044,0.002822767270663558,1.7756603969154414,0.43783455126582216,0.052734676880765746,0.007072944190611349,,,,,,,,0.0011955754498058386,0.019766555587192515,,0.006620125175456483,0.0007398380902701013,0.0010385368744429272,-0.0027614706976744193
Historical Trends,1974,,,111627906976.74419,415.1070139534885,0.48167441860465127,0.0009633488372092838,0.009963380156424893,1.0153501166199118e+17,0.13395348837209303,137.40995330817546,0.0022325581395348446,0.0027262138630151063,1.7149235221718548,0.422858319129969,0.05093087505587034,0.006924910906626303,,,,,,,,0.0011705526367711213,0.019352851186622073,,0.0063936822620102845,0.0007145317572025124,0.0010030134803472941,-0.0026670139534883722
Historical Trends,1975,,,111744186046.51163,415.53941709302336,0.48217616279069775,0.0009643523255813769,0.009973758677421169,1.0164077729913909e+17,0.13409302325581396,137.5530886762048,0.0022348837209301936,0.0027290536691224132,1.7167099008407836,0.4232987965457294,0.050983928050720204,0.007028740716279942,,,,,,,,0.0011881035134689304,0.01964302139704881,,0.006400342347699878,0.0007152760611162649,0.001004058286055989,-0.002669792093023256
Historical Trends,1976,,,112093023255.81396,416.8366265116281,0.48368139534883736,0.0009673627906976559,0.010004894240409998,1.0195807421058282e+17,0.1345116279069768,137.98249478029285,0.0022418604651162403,0.002737573087444336,1.7220690368475708,0.4246202287930106,0.051143087035269805,0.0071503404181236735,,,,,,,,0.0012086581247185222,0.01998285261882923,,0.0064203226047686605,0.0007175089728575228,0.0010071927031820745,-0.002678126511627908
Historical Trends,1977,,,118720930232.55814,441.4836054651164,0.5122808139534885,0.0010245616279069571,0.010596469937197725,1.0798671552801352e+17,0.14246511627906977,146.14121075796575,0.0023744186046511214,0.002899442035560858,1.8238926209765245,0.4497274414913525,0.054167107741712094,0.007681707203923436,,,,,,,,0.0012984777340387425,0.021467848233900095,,0.00679994748907552,0.000759934295941422,0.001066746628577695,-0.002836480465116279
Historical Trends,1978,,,122906976744.18605,457.0501184883722,0.5303436046511629,0.0010606872093023051,0.010970096693063657,1.117942784653382e+17,0.1474883720930233,151.29408400702235,0.0024581395348836784,0.0030016750554239242,1.8882022530579694,0.4655846284587264,0.05607701555630724,0.00806823608309179,,,,,,,,0.0013638146610836462,0.02254806947843901,,0.007039710573900908,0.0007867292368365162,0.0011043596340907184,-0.0029364934883720937
Historical Trends,1979,,,128023255813.95348,476.07585662790706,0.5524203488372093,0.0011048406976743971,0.011426751616899797,1.1644796649984613e+17,0.1536279069767442,157.5920402003137,0.002560465116279025,0.0031266265241454497,1.9668029144908457,0.4849656347521832,0.05841134732970129,0.008528142100825404,,,,,,,,0.0014415548961543758,0.023833355721257516,,0.007332754344243044,0.0008194786090416313,0.0011503310852733026,-0.003058731627906977
Historical Trends,1980,,,128953488372.09303,479.5350817441862,0.5564343023255814,0.0011128686046511416,0.011509779784870007,1.172940915970294e+17,0.15474418604651166,158.73712314454852,0.0025790697674418156,0.0031493449730039093,1.981093943842278,0.4884894540782663,0.05883577128850022,0.008718801371251491,,,,,,,,0.0014737829947871776,0.024366185751514703,,0.007386035029759798,0.0008254330403516522,0.0011586895309428635,-0.003080956744186047
Historical Trends,1981,,,127093023255.81395,472.61663151162804,0.5484063953488373,0.0010968127906976534,0.011343723448929591,1.1560184140266286e+17,0.15251162790697678,156.44695725607892,0.002541860465116235,0.003103908075286991,1.9525118851394136,0.4814418154261002,0.057986923370902374,0.008723705870822968,,,,,,,,0.0014746120271000613,0.024379892216714247,,0.007279473658726291,0.0008135241777316104,0.001141972639603742,-0.0030365065116279076
Historical Trends,1982,,,128488372093.02325,477.80546918604665,0.5544273255813954,0.0011088546511627694,0.011468265700884902,1.1687102904843776e+17,0.1541860465116279,158.1645816724311,0.0025697674418604204,0.0031379857485746795,1.973948429166562,0.48672754441522476,0.05862355930910075,0.00895569346218058,,,,,,,,0.0015138260603812677,0.02502822132783548,,0.007359394687001422,0.0008224558246966416,0.0011545103081080832,-0.0030698441860465115
Historical Trends,1983,,,130232558139.53488,484.2915162790699,0.5619534883720931,0.0011239069767441645,0.011623943515829042,1.1845751360565638e+17,0.15627906976744188,160.31161219287134,0.002604651162790652,0.0031805828401842906,2.000744109200497,0.4933347056516305,0.05941935423184873,0.00921965471693784,,,,,,,,0.001558444763340445,0.025765906324975756,,0.007459295972345331,0.0008336203834029309,0.0011701823937385095,-0.0031115162790697677
Historical Trends,1984,,,138953488372.09305,516.7217517441862,0.5995843023255816,0.00119916860465114,0.012402332590549738,1.2638993639174947e+17,0.16674418604651167,171.0467647950726,0.0027790697674418127,0.0033935682982323464,2.1347225093701736,0.5263705118336595,0.06339832884558862,0.009993810497759574,,,,,,,,0.0016893042217120137,0.027929417426204535,,0.007958802399064886,0.0008894431769343775,0.001248542821890642,-0.0033198767441860472
Historical Trends,1985,,,143488372093.02325,533.5854741860467,0.6191523255813954,0.001238304651162767,0.012807094909404498,1.3051479624051782e+17,0.17218604651162792,176.62904414821716,0.002869767441860415,0.0035043207364173342,2.204391277458405,0.5435491310483144,0.06546739564473333,0.010487096111282313,,,,,,,,0.001772686778307476,0.029307988674229155,,0.008218545740959054,0.0009184710295707292,0.0012892902445297506,-0.0034282241860465116
Historical Trends,1986,,,151046511627.90698,561.6916782558142,0.6517656976744187,0.0013035313953488122,0.013481698774162432,1.3738956265513182e+17,0.1812558139534884,185.9328430701249,0.0030209302325580867,0.0036889081333923157,2.320505890938791,0.5721801630727393,0.06891584030997455,0.011221219002880999,,,,,,,,0.001896779275389656,0.03135962100067646,,0.008651451310782666,0.0009668507839646494,0.001357202615594932,-0.003608803255813954
Historical Trends,1987,,,157674418604.65115,586.3386572093025,0.6803651162790698,0.0013607302325581133,0.014073274470950161,1.4341820397256253e+17,0.18920930232558142,194.0915590477978,0.0031534883720929683,0.003850777081508837,2.4223294750677447,0.5972873757710813,0.07193986101641685,0.011909652035506813,,,,,,,,0.002013148585038014,0.03328356518017683,,0.009031076195089525,0.0010092761070485486,0.0014167565409905526,-0.003767157209302326
Historical Trends,1988,,,164418604651.1628,611.4180393023258,0.7094662790697677,0.0014189325581395078,0.014675228688734167,1.495526109271412e+17,0.19730232558139538,202.39341039350012,0.003288372093023199,0.004015485835732667,2.525939437865628,0.6228350658851837,0.07501693471770902,0.012630453925737277,,,,,,,,0.0021349893660351418,0.03529796968367998,,0.009417361165085982,0.0010524457340462005,0.0014773552720948686,-0.003928289302325582
Historical Trends,1989,,,170348837209.30234,633.4705994186048,0.7350552325581398,0.001470110465116251,0.015204533259544238,1.5494665842168445e+17,0.20441860465116282,209.6933141629969,0.0034069767441859875,0.004160315947205345,2.6170447499810074,0.6452994140889633,0.07772263745505215,0.013312609359744371,,,,,,,,0.0022502975415093834,0.037204370037199695,,0.009757025535255277,0.0010904052336475837,0.0015306403632383185,-0.0040699744186046515
Historical Trends,1990,,,173929000000.0,646.7840326430002,0.7505036350000001,0.0015010072699999713,0.015524081693906976,1.5820311893008624e+17,0.20871480000000003,214.10036626339976,0.0034785799999999395,0.004247751873365675,2.6720462773701303,0.6588614494337759,0.07935610733468257,0.012060272305023037,,,,,,,,0.002038608689292162,0.033704499355495555,,0.009962085577586464,0.0011133219045696787,0.0015628093041256152,-0.0041555116680000006
Historical Trends,1991,,,168203000000.0,625.4909454010002,0.7257959450000001,0.0014515918899999723,0.015013005957374762,1.5299483820062954e+17,0.2018436,207.05186545430968,0.0033640599999999413,0.004107909597339872,2.5840785607488574,0.6371707557630378,0.07674358687749376,0.011968798525797688,,,,,,,,0.0020231464147717495,0.03344886019122383,,0.00963411898192237,0.0010766697003624101,0.0015113593097289173,-0.004018706076
Historical Trends,1992,,,168593000000.0,626.9412255310002,0.7274787950000001,0.001454957589999972,0.015047815516796272,1.533495761476236e+17,0.20231160000000004,207.53194147868012,0.0033718599999999414,0.004117434307023781,2.5900700748044456,0.6386481170154982,0.07692152662222021,0.013167188954548145,,,,,,,,0.002225716396562105,0.03679796777452684,,0.00965645690932527,0.0010791660956891366,0.0015148635880758807,-0.004028023956000001
Historical Trends,1993,,,169513000000.0,630.3623991710002,0.7314485950000001,0.0014628971899999718,0.015129930374918808,1.5418639386873786e+17,0.20341560000000003,208.66442851052832,0.003390259999999941,0.004139902852944797,2.604203902833012,0.6421331743289944,0.07734128191747233,0.01436557938329861,,,,,,,,0.0024282863783524618,0.04014707535782987,,0.009709151507301337,0.0010850550282547474,0.0015231300908430765,-0.0040500045960000005
Historical Trends,1994,,,177599000000.0,660.4315405330002,0.7663396850000002,0.0015326793699999704,0.015851648573591438,1.615412939697485e+17,0.21311880000000002,218.61800474914207,0.003551979999999938,0.004337381833724511,2.728427960918868,0.6727637976300052,0.081030565958134,0.015314724743884586,,,,,,,,0.0025887252084679326,0.04279962485132826,,0.010172291202121432,0.0011368136246955388,0.0015957854619034501,-0.0042431953080000005
Historical Trends,1995,,,181923000000.0,676.5110566410001,0.7849977450000002,0.0015699954899999699,0.016237588406767353,1.6547433725898547e+17,0.21830760000000002,223.94069379882868,0.0036384599999999367,0.0044429839995532875,2.79485695265313,0.6891435670034372,0.08300341584581901,0.016339398913005256,,,,,,,,0.0027619310542424604,0.045663252553858356,,0.010419955812608952,0.0011644916077539092,0.0016346380249092696,-0.004346504316000001
Historical Trends,1996,,,190157000000.0,707.1305607190002,0.8205274550000002,0.0016410549099999685,0.01697251638696404,1.7296385586295795e+17,0.2281884,234.07645273387018,0.0038031399999999336,0.004644077485546382,2.921354713508799,0.7203348299592278,0.08676022573832559,0.017288544273591232,,,,,,,,0.0029223698843579313,0.04831580204735676,,0.010891572464494763,0.0012171975542161248,0.00170862322467567,-0.004543231044000001
Historical Trends,1997,,,195947000000.0,728.6616426490002,0.8455113050000002,0.0016910226099999676,0.017489304461452606,1.7823034999910083e+17,0.23513640000000002,241.20373524952362,0.003918939999999932,0.004785482790853647,3.0103056529494507,0.7422679623996004,0.08940194656387976,0.018152090317837884,,,,,,,,0.0030683394300598053,0.05072912957061922,,0.011223204771322407,0.0012542594232975229,0.001760648280134434,-0.004681565724
Historical Trends,1998,,,199811000000.0,743.0305719370002,0.8621844650000001,0.001724368929999967,0.017834186865567255,1.8174498442778067e+17,0.23977320000000005,245.9601807832861,0.00399621999999993,0.004879850683721914,3.0696677306694293,0.7569052031162843,0.09116491880393872,0.018830171176682686,,,,,,,,0.0031829588595322198,0.052624142825037176,,0.011444522082821894,0.0012789929400730878,0.0017953675917566556,-0.004773884412000001
Historical Trends,1999,,,206256000000.0,766.9973807520003,0.8899946400000002,0.001779989279999966,0.01840943714882784,1.8760725639797773e+17,0.2475072,253.89374482704883,0.004125119999999928,0.005037252616831642,3.1686813411521575,0.7813195448396352,0.09410548714948218,0.019924499691452015,,,,,,,,0.0033679387308589875,0.055682431542563186,,0.011813670652339021,0.001320247473100654,0.0018532780377724988,-0.004927868352
Historical Trends,2000,,,216938000000.0,806.7201816460002,0.9360874700000003,0.001872174939999964,0.019362862055854926,1.973234378076977e+17,0.26032560000000005,267.04290403813866,0.004338759999999924,0.005298131972840658,3.3327873748490555,0.821784090733946,0.09897921113196399,0.021803955192291044,,,,,,,,0.0036856325787460375,0.060934892276001865,,0.012425500756230716,0.0013886231009983209,0.0019492593231629153,-0.005183082696000001
Historical Trends,2001,,,208673000000.0,775.9853988910002,0.9004239950000001,0.0018008479899999654,0.018625167161960627,1.8980572208486157e+17,0.2504076,256.8689852139805,0.0041734599999999275,0.005096281394539355,3.20581336544025,0.7904753964991137,0.09520825731103044,0.021951279213861318,,,,,,,,0.0037105355015755277,0.06134661452111206,,0.011952108525500061,0.0013357187231126985,0.0018749955781945764,-0.004985615316
Historical Trends,2002,,,209095000000.0,777.5546763650002,0.9022449250000002,0.0018044898499999654,0.018662832890360314,1.9018956673519875e+17,0.250914,257.38845209163264,0.004181899999999928,0.005106587618863995,3.212296490905527,0.7920739771363912,0.09540079723993958,0.021405313722161895,,,,,,,,0.0036182481993254326,0.05982082031865098,,0.011976279308484737,0.0013384199508764897,0.0018787873870725728,-0.004995697740000001
Historical Trends,2003,,,208964000000.0,777.0675309880003,0.9016796600000002,0.0018033593199999654,0.01865114044860591,1.900704111683879e+17,0.2507568,257.2271957860108,0.004179279999999928,0.0051033882933035025,3.210283956697112,0.7915777352797956,0.09534102773594172,0.022289257851579328,,,,,,,,0.003767665736301662,0.06229115378930034,,0.011968776055946841,0.001337581418087256,0.0018776103089611568,-0.004992567888
Historical Trends,2004,,,222109000000.0,825.9494087030002,0.9584003350000002,0.0019168006699999632,0.019824401111671913,2.020268991510474e+17,0.26653080000000007,273.40821973562464,0.004442179999999922,0.005424419854316282,3.41222870608353,0.8413723856992598,0.1013385096447344,0.02527906887754963,,,,,,,,0.004273048581956483,0.07064669346943671,,0.012721678762898378,0.001421722742625248,0.0019957224599120114,-0.005306628228000001
Historical Trends,2005,,,233025000000.0,866.5423776750002,1.0055028750000001,0.0020110057499999616,0.02079871175435191,2.119559233289638e+17,0.27963000000000005,286.84542456133664,0.004660499999999919,0.005691014036135643,3.579929648213781,0.8827233483450467,0.10631899747405207,0.026734976855412797,,,,,,,,0.004519148054623072,0.07471547800932743,,0.013346911623231813,0.0014915962077189503,0.0020938063123106063,-0.0055674333000000015
Historical Trends,2006,,,235742000000.0,876.6459959140003,1.0172267300000002,0.002034453459999961,0.02104121835165509,2.1442726435968925e+17,0.28289040000000004,290.18995419778406,0.004714839999999918,0.00575736951360021,3.6216705294677096,0.8930156317371871,0.107558644362313,0.02784424007664279,,,,,,,,0.004706652414750151,0.07781550432543718,,0.013502532517472004,0.001508987761828477,0.0021182194514611182,-0.005632347864
Historical Trends,2007,,,242588000000.0,902.1039901960003,1.0467672200000002,0.00209353443999996,0.021652260002423433,2.206542797061546e+17,0.2911056,298.61713487173284,0.004851759999999916,0.005924564802051598,3.7268446454281072,0.9189490038765291,0.1106821712658957,0.02931748029233795,,,,,,,,0.004955681643043772,0.08193272677651789,,0.013894649058498269,0.0015528091013330108,0.002179733014443967,-0.005795912496000001
Historical Trends,2008,,,241466000000.0,897.9316458220002,1.0419257900000003,0.0020838515799999602,0.02155211557762617,2.19633725920187e+17,0.28975920000000005,297.235993078544,0.004829319999999916,0.005897162944960967,3.709607520375877,0.9146987491963741,0.11017025230799038,0.03001750864976402,,,,,,,,0.005074010968958356,0.0838890760798308,,0.013830384559662238,0.001545627164008429,0.0021696514751996265,-0.005769105672000001
Historical Trends,2009,,,228984000000.0,851.5152443280002,0.9880659600000001,0.001976131919999962,0.020438031165576732,2.0828029244741744e+17,0.2747808,281.8710983703599,0.00457967999999992,0.005592323390410832,3.517848344883958,0.8674156129060925,0.10447526796523265,0.0292611695050098,,,,,,,,0.0049461631464920615,0.08177535662373796,,0.013115456329295625,0.0014657297115258715,0.0020574965974386097,-0.005470885728
Historical Trends,2010,,,240546000000.0,894.5104721820002,1.0379559900000002,0.0020759119799999603,0.021470000719503633,2.1879690819907274e+17,0.28865520000000006,296.1035060466958,0.0048109199999999165,0.005874694399039951,3.695473692347311,0.9112136918828778,0.10975049701273824,0.032197310772398624,,,,,,,,0.005442473922012044,0.08998090695887706,,0.01377768996168617,0.0015397382314428184,0.002161384972432431,-0.005747125032000001
Historical Trends,2011,,,247680000000.0,921.0394425600003,1.0687392,0.002137478399999959,0.022106747891075553,2.2528588387562605e+17,0.29721600000000004,304.8852044001797,0.004953599999999914,0.006048923319257917,3.805072310994911,0.9382380384855753,0.1130054255739651,0.03393808616829679,,,,,,,,0.0057367259719185775,0.0948458023547029,,0.014186302202948418,0.0015854030628809344,0.002225486310194576,-0.005917570560000001
Historical Trends,2012,,,250361000000.0,931.0091887870002,1.080307715,0.0021606154299999587,0.022346041298278288,2.2772447986509046e+17,0.30043320000000007,308.1854193266852,0.005007219999999913,0.0061143995927516615,3.84626012941294,0.9483939500697962,0.11422864725502051,0.034788197033069394,,,,,,,,0.0058804245014339755,0.0972215829647223,,0.014339861134659113,0.001602564180498763,0.0022495759774976754,-0.005981625012000001
Historical Trends,2013,,,257476999999.99997,957.4712231590001,1.111013255,0.0022220265099999574,0.022981181874799982,2.3419708302101322e+17,0.30897240000000004,316.944960325198,0.00514953999999991,0.006288188910984216,3.95558221664259,0.9753501107685337,0.1174753632126446,0.03586764826290919,,,,,,,,0.006062889590211614,0.10023829455798137,,0.01474744239465661,0.0016481137936910294,0.0023135155793361146,-0.0061516404840000006
Historical Trends,2014,,,265577000000.0,987.5924258590003,1.145964755,0.002291929509999956,0.023704149647400564,2.4156471730473648e+17,0.31869240000000004,326.9157700621226,0.005311539999999907,0.006486009804419251,4.080021354720186,1.0060337675504023,0.1211710348338862,0.037311569485391494,,,,,,,,0.006306962881125601,0.1042735800541697,,0.015211383963793736,0.0016999620043230375,0.0023862967450038147,-0.0063451656840000014
Historical Trends,2015,,,280081000000.0,1041.5279720270003,1.2085495150000003,0.0024170990299999537,0.024998708236758448,2.5475733059499846e+17,0.33609720000000004,344.76967431204264,0.005601619999999903,0.0068402313153305755,4.302844226161845,1.0609764537188244,0.12778856831468718,0.03919428156805476,,,,,,,,0.0066252072054725835,0.10953514186403684,,0.016042125756233837,0.0017928023064226217,0.002516619958194473,-0.006691695252000001
Historical Trends,2016,,,293627000000.0,1091.9010352090004,1.2670005050000002,0.0025340010099999515,0.02620776026733221,2.670785619539262e+17,0.3523524,361.44431489184257,0.0058725399999998975,0.007171056231685015,4.510949481025931,1.11229013455428,0.1339690087815191,0.04129205689307296,,,,,,,,0.006979804754980952,0.11539773478912385,,0.016817996434694504,0.0018795104374375812,0.002638335226112333,-0.007015336284
Historical Trends,2017,,,310950993000.0,1156.3231962863313,1.3417535347950003,0.0026835070695899487,0.027754018123104806,2.8283619710920787e+17,0.37314119160000003,382.7695294704613,0.006219019859999892,0.007594148549354431,4.777095500406462,1.1779152524929823,0.14187318029962873,0.04329342095498367,,,,,,,,0.007318105422151535,0.1209908899044264,,0.017810258224341485,0.0019904015532463985,0.002793997004452961,-0.007429241124756
Historical Trends,2018,,,327120444636.0,1216.4520024932203,1.4115247186043403,0.002823049437208626,0.02919722706550626,2.9754367935888666e+17,0.39254453356320007,402.67354500292527,0.006542408892719886,0.007989044273920862,5.025504466427598,1.2391668456226175,0.1492505856752094,0.04415128815883689,,,,,,,,0.0074631150448037165,0.1233883469342589,,0.018736391652007238,0.0020939024340152113,0.0029392848486845154,-0.007815561663243313
Historical Trends,2019,,,292505677500.0,1087.7312102318929,1.2621619984125003,0.0025243239968249518,0.026107676312987528,2.6605862441144346e+17,0.35100681300000003,360.06400707687555,0.005850113549999898,0.007143670920724669,4.493722764309017,1.1080424463157876,0.13345739893688827,0.043868355487864705,,,,,,,,0.007415289507623408,0.12259764306080996,,0.01675377074084775,0.0018723328367997527,0.0026282597744284545,-0.006988545646830001
Historical Trends,2020,,,158440575300.0,589.1877388291254,0.6836710824195,0.0013673421648389738,0.014141658001752553,1.4411508821149541e+17,0.19012869036000005,195.03467048458722,0.0031688115059999447,0.00386948841508725,2.4340998304753483,0.6001896583737003,0.07228942441844463,0.024835219303106865,,,,,,,,0.004198022448523261,0.06940627971115759,,0.009074959150576569,0.0010141802865198536,0.0014236407110364295,-0.0037854622250676007
Historical Trends,2021,,,188909916700.0,702.4930732050391,0.8151462905605001,0.0016302925811209686,0.016861207617130905,1.7182952824866922e+17,0.22669190004000003,232.54133788073486,0.003778198333999934,0.004613620802510096,2.9021959516615197,0.7156107465079192,0.08619123680485222,0.03016219387826602,,,,,,,,0.005098467843278976,0.08429342376514502,,0.01082014360239023,0.0012092149569798212,0.0016974177708165682,-0.004513435729796401
Historical Trends,2022,,,231566994700.0,861.1205414800652,0.9992115821305001,0.0019984231642609616,0.020668577082230816,2.1062974433709587e+17,0.27788039364000006,285.0506722845802,0.004631339893999919,0.005655406145878975,3.5575305219366737,0.8772002700473499,0.1056537741640731,0.036973011856443215,,,,,,,,0.006249734776589963,0.10332742269568844,,0.013263401837220424,0.001482263495879817,0.002080705654868176,-0.005532598637372401
Historical Trends,2023,1076937632512.1694,11615863382044.725,269197297382.2647,1001.0551062646144,1.1615863382044724,0.0023231726764089,0.0240272803059941,2.448576836147176e+17,0.3230367568587177,331.37222640652345,0.0053839459476452,0.0065744259109205,4.135639464082358,1.019747836973329,0.1228228163519221,0.0409175141854956,31609.255041993387,1033.2844808044356,1.0,1.0,1.0,1.0,0.0,0.0069164939110077,0.1143510109567864,10.786013072036893,0.01541874278456792,0.001723135577313922,0.0024188263084044264,-0.0064316618290570695
Historical Trends,2024,1198347322705.4666,12617657611433.275,292413849627.6542,1084.12756375446,1.2579804638598977,0.0025159609277197,0.0260129736367288,2.6514338869849568e+17,0.3495452675987923,359.64356763227585,0.0058432843129186,0.007135339473144,4.514943773822461,1.1071335265401998,0.1333860294871211,0.0454406725912419,32587.616609305576,1119.0314897047167,1.0,1.0,0.9746971613205142,1.0,1.0,0.0076810662022286,0.126991752866717,10.529215839483696,0.01683288820022939,0.0018701465516878344,0.0026187260560094883,-0.0069594462778919544
Historical Trends,2025,1291261071710.3623,13434242482574.484,311338180360.93823,1157.763017148269,1.3434242482574483,0.0026868484965148,0.0277946459237379,2.830787029503407e+17,0.3732868687920693,382.91825315825184,0.0062214478132011,0.0075971632178458,4.835505312882398,1.1802346588531616,0.1421915910652531,0.0490903038511385,33593.35484692325,1195.0376663404202,1.0,1.0,0.9621415300703624,1.0,1.0,0.0082979817917746,0.1371912733531451,10.40397079792696,0.018028025242594156,0.0019911749164229094,0.0027980870051426943,-0.0074321415576501
Historical Trends,2026,1331824051583.6096,13691250375575.562,317294330836.0501,1179.911957367102,1.3691250375575563,0.0027382500751151,0.0283276701575079,2.885279086187279e+17,0.3804281476366086,390.2440954424126,0.0063404691272768,0.0077424815760107,4.958206071728293,1.2031815041293312,0.1449648492159984,0.0503916747843689,34663.20785365319,1217.899700659174,1.0,0.9977,0.9526300326483196,1.0,1.0,0.0085179590879232,0.1408281776179065,10.28007442822191,0.018485485680465267,0.002029269296300545,0.0028517465547563204,-0.007574324419444877
Historical Trends,2027,1373804870396.9111,13971565050015.582,323790615295.84204,1204.069476010343,1.3971565050015582,0.0027943130100031,0.0289097457769046,2.9447208212080864e+17,0.3882170339272877,398.2342050382565,0.0064702838987881,0.0079009835487815,5.090839165266252,1.2280986881591265,0.1479795576028366,0.0517318864531767,35776.01888906746,1242.8349803981162,1.0,0.99540529,0.944410301457371,1.0,1.0,0.0087445018296144,0.1445736289796265,10.169977812044737,0.01897997645311222,0.0020708178661989337,0.002910344107360986,-0.007729401145492297
Historical Trends,2028,1417258782318.3984,14265229578972.406,330596282247.3327,1229.377485115842,1.4265229578972407,0.0028530459157944,0.0295218999343787,3.0070935147095917e+17,0.3963768622638522,406.6047301339127,0.0066062810377308,0.0080670417800165,5.2298466791630895,1.254203696701602,0.1511423624217643,0.0531122665382175,36933.85897232697,1268.9577911056588,1.0,0.993115858,0.936657886625394,1.0,1.0,0.0089778344414094,0.1484313378696006,10.065366859563133,0.019498232727749344,0.002114344596696346,0.0029719696663939037,-0.007891863327673297
Historical Trends,2029,1462243429054.4243,14568182678552.422,337617211553.9379,1255.4859832376478,1.4568182678552422,0.0029136365357104,0.030155337077876,3.071525504473688e+17,0.4047947849029413,415.239933039717,0.0067465797483823,0.0082383580652372,5.373819934001826,1.281147815346259,0.1544103242852644,0.0545341946412216,38138.9147592776,1295.9068628975594,1.0,0.990831691,0.9290610671183154,1.0,1.0,0.0092181901243508,0.1524051598214733,9.962898371834775,0.020035002580028546,0.0021592476518065284,0.003035737783629777,-0.008059464167417561
Historical Trends,2030,1508818953174.4756,14880010083789.977,344843802637.0794,1282.3592690210205,1.4880010083789976,0.0029760020167579,0.0308070151473011,3.137833202302058e+17,0.4134592909854886,424.12808841770914,0.0068909881830914,0.0084146923606027,5.522717727778333,1.3088254793143466,0.1577687672672114,0.0559991047422738,39393.49583721409,1323.645344999504,1.0,0.988552778,0.9216075989058652,1.0,1.0,0.0094658112713288,0.1564991023385264,9.862024898668736,0.02059013239813009,0.002205466059772087,0.003101342214878802,-0.008231974483521079
Historical Trends,2031,1557048117284.2969,15200389732252.342,352268591709.2084,1309.969587125507,1.5200389732252342,0.0030400779464504,0.0314755560241675,3.205918339249974e+17,0.4223614316126468,433.26004632659686,0.0070393571935441,0.0085958604485859,5.67649730563542,1.3371952501443538,0.1612118160558665,0.0575084874483454,40700.04253046873,1352.1445884766142,1.0,0.986279107,0.9142625751128408,1.0,1.0,0.0097209498471621,0.1607173311775883,9.762312136354453,0.021163462780792928,0.0022529522408983034,0.0031686442249529425,-0.008409216103407797
Historical Trends,2032,1606996429371.93,15529191185503.363,359888555863.34564,1338.30569636668,1.5529191185503364,0.0031058382371006,0.0321608497773999,3.275761652147031e+17,0.431497582392831,442.6320869968164,0.0071916263732138,0.0087817886956527,5.8351688995451765,1.3662629831047384,0.1647399992793573,0.0590638925105209,42061.13425600199,1381.3929902299776,1.0,0.984010665,0.9069901180521268,1.0,1.0,0.0099838678140972,0.1650641773838544,9.66348829510014,0.021755031875478212,0.0023016868523834453,0.003237632747090848,-0.008591116865441265
Historical Trends,2033,1658732274670.572,15866811440668.717,367712895496.3781,1367.40180995683,1.5866811440668716,0.0031733622881337,0.0328638441252393,3.3474536003737376e+17,0.4408787743770404,452.2555238276583,0.0073479795729506,0.0089727017654475,5.998947471427703,1.396074228690026,0.1683587891157099,0.0606669316499688,43479.49847142733,1411.4258649801093,1.0,0.981747441,0.8997905183711945,1.0,1.0,0.0102548376094966,0.1695441451885494,9.565625316972806,0.02236564111630111,0.002351728723903823,0.0033084031880878406,-0.008777896397846876
Historical Trends,2034,1712327054402.527,16214103158756.225,375761371002.4618,1397.3314102216116,1.6214103158756226,0.0032428206317512,0.0335864073469575,3.4211802544240544e+17,0.4505286997949015,462.1546579734274,0.0075088116632483,0.0091690820100223,6.168228209429451,1.4267113705681087,0.1720781804118058,0.0623192810377461,44958.020261448386,1442.3190608458965,1.0,0.979489421,0.8926899343750582,1.0,1.0,0.010534142565013,0.1741619189391635,9.469045715927043,0.02299676386776415,0.0024032042214618223,0.003381143627618212,-0.00897002641291649
Historical Trends,2035,1767855331790.1824,16572411242178.066,384065150456.03864,1428.210400850906,1.657241124217807,0.0033144822484356,0.0343314576794109,3.4972314547160083e+17,0.4604847284058869,472.367818159201,0.0076747454734314,0.0093716903477383,6.343613054237806,1.458292420643843,0.1759127242195426,0.0640226847091101,46499.75261255098,1474.1922130834532,1.0,0.977236596,0.8857399109332003,1.0,1.0,0.0108220774837269,0.1789223726413346,9.374302831327467,0.02365064432177791,0.0024563126544278452,0.003456147844586295,-0.009168250942561209
Historical Trends,2036,1825394985742.94,16943461505121.951,392664229550.9143,1460.18751251141,1.6943461505121953,0.0033886923010243,0.0351027619573533,3.575977712758694e+17,0.470794814069329,482.94418656602966,0.0078465802344888,0.0095815033663794,6.525875577587587,1.4909611259700628,0.1798803547798999,0.0657789569995062,48107.927430004616,1507.1988408035213,1.0,0.974988952,0.8790075095791008,1.0,1.0,0.0111189490519148,0.1838305767666322,9.282079570425644,0.02433016655557111,0.0025113097701433542,0.0035337950462467566,-0.009373524748120341
Historical Trends,2037,1885027372653.492,17329188017771.363,401603430307.5635,1493.4294233715364,1.7329188017771364,0.0034658376035542,0.0359045563810704,3.657834504845273e+17,0.4815126972922758,493.9388792002777,0.0080252116215379,0.0097996155728552,6.715892531142371,1.5248763256777291,0.1840009863744178,0.0675899861984449,49785.96735582304,1541.510988445645,1.0,0.972746477,0.8725622021423215,1.0,1.0,0.0114250764566816,0.1888918084639457,9.193069697114067,0.025038599328063404,0.0025684821718414443,0.0036145116908823573,-0.00958691780308921
Historical Trends,2038,1946837496762.7896,17731315145149.78,410922714835.4527,1528.0847392090084,1.7731315145149784,0.0035462630290299,0.0367406634936961,3.743173263664848e+17,0.4926862916672578,505.4010342570262,0.0082114381944542,0.0100270029229737,6.914481017075949,1.560177956751052,0.1882922700153683,0.0694577378746525,51537.498451346975,1577.2820462107409,1.0,0.97050916,0.8664535176822288,1.0,1.0,0.0117407919480285,0.1941115608521854,9.107753048024549,0.025778989009315766,0.0026280853781365365,0.003698682593910386,-0.009809384067095103
Historical Trends,2039,2010914189580.6924,18151277370909.03,420655327251.6578,1564.2770838249403,1.8151277370909031,0.0036302554741818,0.0376143040737958,3.832304306976748e+17,0.504355456078125,517.3715276976709,0.0084059242679687,0.0102644774215635,7.1223626337508374,1.5969808634716376,0.1927688149224885,0.0713842582864577,53366.363813585536,1614.6396180182649,1.0,0.968276989,0.8607091707865856,1.0,1.0,0.0120664414153269,0.1994955525511949,9.026380869436236,0.02655402590626671,0.002690331944027888,0.0037866319911090233,-0.010041717130515469
Historical Trends,2040,2077350298878.6216,18589649276305.668,430814583460.15454,1602.0559746320223,1.8589649276305669,0.0037179298552611,0.0385268621577452,3.9253552204281024e+17,0.5165361559682884,529.8667289363624,0.0086089359328048,0.0105123645557159,7.339928865603464,1.635329041213294,0.19743645018112,0.0733716781734971,55276.6382004307,1653.6348155140602,1.0,0.966049952,0.8553102488037319,1.0,1.0,0.0124023850282504,0.2050497382783213,8.948731124616096,0.027365169575021612,0.0027553069904690843,0.0038784992134202096,-0.010284234865328623
Historical Trends,2041,2146242887801.773,19046253691362.742,441396377551.85974,1641.4061431216417,1.904625369136275,0.0038092507382725,0.0394781075677056,4.0222941921476915e+17,0.5292234684531103,542.8815835781317,0.0088203911408851,0.010770564448827,7.567271456674718,1.675206492220797,0.202293514873762,0.0754222166717625,57272.64374639122,1694.2518786136968,1.0,0.963828037,0.8502021656154597,1.0,1.0,0.0127489978985544,0.2107803197896875,8.874230311775346,0.028212762061298132,0.0028229842346062847,0.003974261088840923,-0.010536839256901426
Historical Trends,2042,2217693444681.623,19519930398522.6,452373821518.48425,1682.2276017446777,1.9519930398522596,0.0039039860797045,0.0404657038233013,4.122880901264604e+17,0.5423851554678257,556.3830214016002,0.0090397525911304,0.0110384210147938,7.804078553947069,1.716518181784345,0.2073285023623688,0.0775381855084494,59358.966857633146,1736.3876006284183,1.0,0.9616112329999998,0.8452896779536873,1.0,1.0,0.0131066707891528,0.2166937576034139,8.801906523795909,0.029095640695693963,0.002893191711288321,0.0040736824038917424,-0.01079888844536441
Historical Trends,2043,2291808104164.765,20009133686762.98,463711093551.8651,1724.3871411252337,2.000913368676298,0.0040018267373525,0.0414864931966305,4.226794271390248e+17,0.5559782675399729,570.3269865183042,0.0092663044589995,0.0113150600203621,8.049864041090858,1.759142299237593,0.2125264536953396,0.0797219930892706,61540.47638292389,1779.9044834525264,1.0,0.959399527,0.8404684857898322,1.0,1.0,0.0134758108050171,0.2227967824223193,8.730719491916267,0.03001199310971918,0.002965700329895182,0.004176445270104793,-0.011069527306720861
Historical Trends,2044,2368697880311.662,20512294741162.93,475371836411.65533,1767.749560793421,2.0512294741162926,0.0041024589482325,0.0425372727438519,4.333709311884055e+17,0.5699592132269886,584.6687646970745,0.0094993202204498,0.0115995941534725,8.304114196088102,1.802958084359294,0.2178724768848804,0.0819761493623129,63822.343165622784,1824.662973782252,1.0,0.957192908,0.8356432607159628,1.0,1.0,0.0138568422153388,0.2290964087268015,8.659734494491133,0.030959904013676293,0.0030402775764247873,0.00428222724712357,-0.011347887935349342
Historical Trends,2045,2448478912358.8306,21028152608711.23,487326827548.34845,1812.2061918187344,2.1028152608711235,0.0042056305217422,0.0436154872895967,4.443366749901939e+17,0.5842929554062469,599.3724164112538,0.0097382159234374,0.0118913102233537,8.566424597530249,1.8478730384653288,0.2233550861965266,0.084303270358446,66210.06109121589,1870.5509040468648,1.0,0.954991364,0.8307408466828342,1.0,1.0,0.0142502072210174,0.2355999474637885,8.588251466071645,0.03193786561905299,0.0031167365653385196,0.0043907711054437,-0.011633272742138377
Historical Trends,2046,2531272723880.4795,21556413512727.72,499569258695.89154,1857.731716526875,2.155641351272772,0.0043112827025455,0.0447206030086341,4.55571240725822e+17,0.5989713311331523,614.4295684228279,0.0099828555188858,0.012190042074507,8.836777689186734,1.8938775713685831,0.2289729281458115,0.0867060833871094,68709.46975513961,1917.5421414592893,1.0,0.952794884,0.8257338947790719,1.0,1.0,0.0146563668329308,0.2423150205672566,8.516037529010864,0.03294581247164184,0.0031950337557987043,0.004502023104879195,-0.01192551920286106
Historical Trends,2047,2617206496130.8247,22097786725725.09,512115567224.21985,1904.387260022988,2.209778672572509,0.004419557345145,0.0458541657560174,4.670902149110935e+17,0.6140140484125088,629.8604362743488,0.0102335674735418,0.0124961908729128,9.115578178977016,1.9410419956180711,0.2347345089281055,0.0891874321497444,71326.77888686521,1965.699779072185,1.0,0.9506034559999998,0.820637565006598,1.0,1.0,0.0150758017362841,0.2492495752485932,8.443272152347774,0.03398525342814257,0.0032752742686266135,0.004616138866658272,-0.012225019703893052
Historical Trends,2048,2706413356396.4277,22654015742984.15,525006158585.9594,1952.323076730374,2.265401574298415,0.0045308031485968,0.0470197915155651,4.789306300196758e+17,0.6294695523944598,645.7147156774466,0.0104911592065743,0.0128107425359645,9.40367753982504,1.9895184784040232,0.2406583659436259,0.09175028238483,74068.59467852511,2015.1789088108576,1.0,0.948417068,0.815504713511095,1.0,1.0,0.015509013244819,0.2564118997726172,8.370493623763307,0.03505936300173901,0.0033577165215227223,0.004733482411871939,-0.012532738788173693
Historical Trends,2049,2799032682239.113,23227251749290.625,538290886426.2022,2001.7245557538663,2.3227251749290625,0.0046454503498581,0.0482217776084982,4.911372756722176e+17,0.6453976163809906,662.0537278692427,0.0107566269396831,0.0131349131763496,9.70212829207961,2.039483190986486,0.2467659677707262,0.0943977278198511,76941.94817986316,2066.170888457448,1.0,0.946235709,0.810398932337416,1.0,1.0,0.0159565243069045,0.2638106400913756,8.298313877031891,0.03617206526286203,0.003442679384920062,0.004854486351847514,-0.012849866542145523
Historical Trends,2050,2895210422564.5283,23819602563739.633,552018599391.4167,2052.7733489430816,2.3819602563739637,0.0047639205127479,0.049464075987286,5.03752936769416e+17,0.6618568087053001,678.937567089819,0.011030946811755,0.013469893749072,10.01199446658755,2.091098984545622,0.2530770237528721,0.0971329961398738,79954.32593610536,2118.863218216434,1.0,0.944059367,0.8053766844152833,1.0,1.0,0.0164188805144356,0.2714548165243501,8.227243995149973,0.037327327196081846,0.003530475348867059,0.004979548529640081,-0.013177569061322524
Historical Trends_lower,1940,,,8953488372.093023,33.29504174418605,0.038634302325581404,7.72686046511613e-05,0.0007991461167132466,8143954060388877.0,0.010744186046511629,11.021423338259904,0.00017906976744185734,0.00021866507026266997,0.1375511575075342,0.0339167610135496,0.004085080603439601,6.398432532486963e-05,,,,,,,,6.398432532486963e-05,0.0010578585596153222,,1.7163992262896657e-05,2.31449890103458e-05,6.353211627870311e-06,-0.0005348455813953489
Historical Trends_lower,1941,,,9651162790.697676,35.88946058139537,0.04164476744186048,8.328953488371934e-05,0.0008614172426909024,8778547883276322.0,0.011581395348837212,11.880235546436003,0.00019302325581395014,0.0002357039069065144,0.1482694295211083,0.03655962550811191,0.004403398572538791,6.962232294921616e-05,,,,,,,,6.962232294921616e-05,0.0011510720773905522,,1.8501446205460037e-05,2.4948494647515604e-05,6.848267079392674e-06,-0.0005765218604651165
Historical Trends_lower,1942,,,10465116279.069769,38.91628255813955,0.04515697674418606,9.031395348837037e-05,0.0009340668896648338,9518907343311674.0,0.012558139534883724,12.88218312264145,0.00020930232558139173,0.00025558254965766625,0.1607740802036114,0.0396429674184346,0.004774769536487845,7.621479947014026e-05,,,,,,,,7.621479947014026e-05,0.0012600660799265446,,2.0061809138450635e-05,2.7052584557547046e-05,7.425831772835428e-06,-0.0006251441860465118
Historical Trends_lower,1943,,,11279069767.441858,41.94310453488372,0.048669186046511624,9.733837209302137e-05,0.0010067165366387648,1.0259266803347024e+16,0.013534883720930231,13.88413069884689,0.00022558139534883324,0.00027546119240881795,0.17327873088611448,0.04272630932875728,0.005146140500436898,8.293436113767916e-05,,,,,,,,8.293436113767916e-05,0.001371161192530727,,2.162217207144124e-05,2.915667446757847e-05,8.003396466278181e-06,-0.0006737665116279069
Historical Trends_lower,1944,,,12209302325.581396,45.40232965116281,0.05268313953488374,0.00010536627906976543,0.0010897447046089726,1.1105391900530286e+16,0.014651162790697676,15.02921364308169,0.0002441860465116237,0.0002981796412672772,0.18756976023754662,0.04625012865484037,0.005570564459235819,9.06480331052674e-05,,,,,,,,9.06480331052674e-05,0.0014986920194253938,,2.3405443994859077e-05,3.156134865047155e-05,8.663470401641333e-06,-0.0007293348837209304
Historical Trends_lower,1945,,,13139534883.72093,48.86155476744187,0.056697093023255825,0.00011339418604650945,0.00117277287257918,1.1951516997713544e+16,0.015767441860465116,16.174296587316483,0.00026279069767441406,0.0003208980901257365,0.20186078958897874,0.04977394798092344,0.005994988418034738,9.851332669576821e-05,,,,,,,,9.851332669576821e-05,0.0016287296201401556,,2.518871591827691e-05,3.3966022833364614e-05,9.32354433700448e-06,-0.0007849032558139535
Historical Trends_lower,1946,,,14302325581.39535,53.18558616279072,0.061714534883720945,0.0001234290697674395,0.0012765580825419393,1.3009173369192622e+16,0.017162790697674422,17.60565026760998,0.000286046511627902,0.00034929615119881044,0.21972457627826888,0.05417872213852729,0.006525518366533387,0.00010829566181325991,,,,,,,,0.00010829566181325991,0.0017904618394692217,,2.7417805822549203e-05,3.697186556198096e-05,1.0148636756208418e-05,-0.0008543637209302327
Historical Trends_lower,1947,,,15348837209.302324,57.07721441860466,0.06623023255813953,0.0001324604651162765,0.0013699647715084225,1.3961064103523786e+16,0.01841860465116279,18.893868579874123,0.00030697674418604117,0.00037485440616457705,0.23580198429863,0.05814301888037074,0.00700299532018217,0.00011738485678329024,,,,,,,,0.00011738485678329024,0.0019407343108946871,,2.9423986736394266e-05,3.9677124017735656e-05,1.0891219933491959e-05,-0.0009168781395348836
Historical Trends_lower,1948,,,16627906976.744184,61.833648953488385,0.07174941860465117,0.00014349883720929954,0.0014841285024674578,1.5124486112150768e+16,0.019953488372093025,20.468357628196966,0.0003325581395348779,0.0004060922733449585,0.25545214965684915,0.06298827045373497,0.007586578263530685,0.000128454707977497,,,,,,,,0.000128454707977497,0.0021237531483990642,,3.1875985631093786e-05,4.298355101921363e-05,1.1798821594616289e-05,-0.0009932846511627909
Historical Trends_lower,1949,,,17906976744.186047,66.5900834883721,0.07726860465116281,0.0001545372093023226,0.0015982922334264933,1.6287908120777754e+16,0.021488372093023258,22.042846676519808,0.0003581395348837147,0.00043733014052533994,0.2751023150150684,0.0678335220270992,0.008170161206879202,0.00013975105467776503,,,,,,,,0.00013975105467776503,0.0023105166563142762,,3.4327984525793314e-05,4.62899780206916e-05,1.2706423255740621e-05,-0.0010696911627906978
Historical Trends_lower,1950,,,19418604651.162792,72.21132430232561,0.08379127906976745,0.00016758255813953169,0.0017332130063780803,1.7662861403700552e+16,0.023302325581395354,23.903606460901354,0.0003883720930232491,0.0004742476199203362,0.2983252377111456,0.0735597284319842,0.008859850139927445,0.00015311462819746842,,,,,,,,0.00015311462819746842,0.0025314578096841027,,3.72258014013473e-05,5.019757356789284e-05,1.3779043400705738e-05,-0.0011599897674418607
Historical Trends_lower,1951,,,20930232558.139538,77.8325651162791,0.09031395348837212,0.00018062790697674074,0.0018681337793296675,1.9037814686623348e+16,0.025116279069767447,25.7643662452829,0.00041860465116278346,0.0005111650993153325,0.3215481604072228,0.0792859348368692,0.00954953907297569,0.0001667573394153341,,,,,,,,0.0001667573394153341,0.0027570139715237855,,4.012361827690127e-05,5.410516911509409e-05,1.4851663545670857e-05,-0.0012502883720930235
Historical Trends_lower,1952,,,22558139534.883717,83.88620906976745,0.09733837209302325,0.00019467674418604275,0.0020134330732775297,2.051853360669405e+16,0.027069767441860463,27.76826139769378,0.0004511627906976665,0.0005509223848176359,0.34655746177222896,0.08545261865751456,0.010292281000873796,0.00018162423395188265,,,,,,,,0.00018162423395188265,0.0030028096653993497,,4.324434414288248e-05,5.831334893515694e-05,1.6006792932556362e-05,-0.0013475330232558139
Historical Trends_lower,1953,,,24418604651.162792,90.80465930232562,0.10536627906976748,0.00021073255813953086,0.0021794894092179453,2.2210783801060572e+16,0.029302325581395353,30.05842728616338,0.0004883720930232474,0.0005963592825345544,0.37513952047509325,0.09250025730968074,0.011141128918471637,0.00019870067981719492,,,,,,,,0.00019870067981719492,0.0032851360685411963,,4.6810887989718155e-05,6.31226973009431e-05,1.7326940803282667e-05,-0.0014586697674418608
Historical Trends_lower,1954,,,26395348837.2093,98.15551267441863,0.11389593023255815,0.0002277918604651119,0.0023559242661546358,2.4008799632574996e+16,0.031674418604651165,32.491728542662315,0.0005279069767441768,0.0006446359863587803,0.4055079578468865,0.09998837337760726,0.01204302983091934,0.00021710175039638208,,,,,,,,0.00021710175039638208,0.003589362610267548,,5.060034082698105e-05,6.823262993959085e-05,1.8729597915929353e-05,-0.0015767525581395349
Historical Trends_lower,1955,,,28488372093.023254,105.93876918604653,0.12292732558139537,0.00024585465116278596,0.0025427376440876025,2.5912581101237332e+16,0.03418604651162791,35.06816516719061,0.0005697674418604552,0.0006957524962903135,0.43766277388760877,0.10791696686129418,0.012997983738216909,0.00023687075815550352,,,,,,,,0.00023687075815550352,0.0039162053794443265,,5.461270265467118e-05,7.364314685110026e-05,2.021476427049644e-05,-0.0017017813953488375
Historical Trends_lower,1956,,,30813953488.372093,114.58683197674421,0.1329622093023256,0.0002659244186046461,0.002750308064013121,2.8027893844195484e+16,0.03697674418604652,37.930872527777595,0.0006162790697674312,0.0007525486184364617,0.4733903472661891,0.11672651517650187,0.014059043635214208,0.0002590303978712176,,,,,,,,0.0002590303978712176,0.004282572680064256,,5.907088246321577e-05,7.965483230833295e-05,2.1864949108904316e-05,-0.0018407023255813957
Historical Trends_lower,1957,,,33255813953.48837,123.66729790697677,0.14349883720930234,0.0002869976744185991,0.0029682570049349155,3.0248972224301536e+16,0.03990697674418605,40.93671525639393,0.0006651162790697558,0.000812184546689917,0.5109042993136983,0.12597654090746993,0.01517315652706137,0.00028267221577322387,,,,,,,,0.00028267221577322387,0.004673444964885913,,6.375197126218757e-05,8.596710203842725e-05,2.3597643189232578e-05,-0.0019865693023255818
Historical Trends_lower,1958,,,35930232558.139534,133.6125701162791,0.15503895348837213,0.00031007790697673825,0.0032069629878492623,3.2681581878703412e+16,0.04311627906976744,44.228828721068965,0.0007186046511627782,0.0008775000871579872,0.5519910086990657,0.13610752146995878,0.016393375408608264,0.0003088458152612,,,,,,,,0.0003088458152612,0.005106175420567329,,6.887887804201384e-05,9.288054031424482e-05,2.5495355753401637e-05,-0.0021463283720930234
Historical Trends_lower,1959,,,38720930232.558136,143.9902454651163,0.16708081395348837,0.0003341616279069703,0.0034560474917598844,3.5219957170253188e+16,0.04646511627906977,47.66407755377335,0.0007744186046511493,0.0009456554337333649,0.594864096753362,0.146678979448208,0.01766664728500502,0.00033662686250773247,,,,,,,,0.00033662686250773247,0.00556548195346593,,7.422869381226734e-05,0.00010009456286292404,2.747557755949108e-05,-0.002313033488372093
Historical Trends_lower,1960,,,41860465116.279076,155.6651302325582,0.18062790697674425,0.0003612558139534815,0.003736267558659335,3.8075629373246696e+16,0.050232558139534894,51.5287324905658,0.0008372093023255669,0.001022330198630665,0.6430963208144456,0.1585718696737384,0.01909907814595138,0.00036811603623463,,,,,,,,0.00036811603623463,0.006086095272323026,,8.024723655380254e-05,0.00010821033823018818,2.9703327091341713e-05,-0.002500576744186047
Historical Trends_lower,1961,,,45930232558.139534,170.79924011627912,0.19818895348837212,0.0003963779069767366,0.004099515793528992,4.177742667342346e+16,0.055116279069767446,56.538470371593014,0.0009186046511627747,0.0011217234123864239,0.7056195742269611,0.17398857922535185,0.02095593296569665,0.0004086154154033579,,,,,,,,0.0004086154154033579,0.006755675121687993,,8.804905121875558e-05,0.00011873078778034532,3.2591150558555484e-05,-0.0027436883720930237
Historical Trends_lower,1962,,,50581395348.83721,188.09536569767448,0.2182587209302326,0.00043651744186045673,0.0045146566333800296,4.600805215933975e+16,0.060697674418604665,62.263885092767,0.0010116279069767265,0.0012353156566787201,0.7770747209841217,0.1916076758557672,0.02307805275969125,0.0004553039221668242,,,,,,,,0.0004553039221668242,0.007527580369803404,,9.696541083584475e-05,0.0001307541586948107,3.589152023537123e-05,-0.00302153023255814
Historical Trends_lower,1963,,,53372093023.25581,198.47304104651167,0.23030058139534887,0.00046060116279068885,0.004763741137290651,4.854642745088954e+16,0.06404651162790698,65.69913392547139,0.0010674418604650977,0.0013034710032540976,0.8199478090384181,0.20217913383401645,0.024351324636088006,0.0004861606167486978,,,,,,,,0.0004861606167486978,0.008037736854522692,,0.00010231522660609825,0.0001379681812434899,3.787174204146068e-05,-0.0031882353488372093
Historical Trends_lower,1964,,,55813953488.37209,207.55350697674425,0.24083720930232563,0.0004816744186046419,0.0049816900782124465,5.076750583099559e+16,0.06697674418604652,68.70497665408773,0.0011162790697674223,0.0013631069315075532,0.8574617610859274,0.2114291595649845,0.02546543752793517,0.0005145471818663276,,,,,,,,0.0005145471818663276,0.008507054468411645,,0.00010699631540507007,0.0001442804509735842,3.9604436121788953e-05,-0.003334102325581396
Historical Trends_lower,1965,,,59651162790.69768,221.82281058139543,0.2573947674418605,0.0005147895348837111,0.005324181271089553,5.425777185687654e+16,0.07158139534883722,73.42844379905625,0.0011930232558139326,0.0014568205330486974,0.9164122571605849,0.22596491428507723,0.027216186357980714,0.000556649263684378,,,,,,,,0.000556649263684378,0.009203131943679452,,0.00011435231208916863,0.00015419973197801812,4.232724110516194e-05,-0.0035633218604651166
Historical Trends_lower,1966,,,64651162790.697685,240.41614558139545,0.2789697674418606,0.0005579395348837103,0.005770457673929418,5.880569425423657e+16,0.07758139534883722,79.58326462431829,0.0012930232558139312,0.001578932195662916,0.9932265399245327,0.2449054431627738,0.029497465136524906,0.0006107793753906913,,,,,,,,0.0006107793753906913,0.010098069910294227,,0.0001239373986775395,0.00016712485571106838,4.587513850773887e-05,-0.0038620018604651166
Historical Trends_lower,1967,,,76279069767.44185,283.65645953488377,0.32914418604651163,0.0006582883720930105,0.006808309773557009,6.93822579690273e+16,0.09153488372093023,93.89680142725321,0.0015255813953488104,0.0018629128063936556,1.171864406817434,0.2889531847388121,0.03480276462151139,0.0007296680329477468,,,,,,,,0.0007296680329477468,0.012063666693558617,,0.0001462282977202624,0.00019718328299723174,5.412606269977822e-05,-0.004556606511627906
Historical Trends_lower,1968,,,86395348837.2093,321.27553267441874,0.3727959302325582,0.0007455918604651019,0.007711241100233016,7.858386840089526e+16,0.10367441860465117,106.34957844580661,0.001727906976744156,0.0021099759377294,1.3272793510142584,0.32727471990996565,0.03941837517344965,0.0008369326196952239,,,,,,,,0.0008369326196952239,0.013837081676967292,,0.00016562137988743137,0.00022333411473619388,6.130436674685249e-05,-0.005160912558139536
Historical Trends_lower,1969,,,90465116279.06976,336.40964255813964,0.39035697674418607,0.000780713953488357,0.008074489335102674,8.228566570107202e+16,0.10855813953488372,111.35931632683383,0.0018093023255813638,0.0022093691514851587,1.389802604426774,0.34269142946157904,0.04127522999319492,0.0008876290679512313,,,,,,,,0.0008876290679512313,0.014675250579388581,,0.0001734231945523844,0.00023385456428635105,6.419219021406626e-05,-0.005404024186046511
Historical Trends_lower,1970,,,90697674418.60464,337.2744488372094,0.3913604651162791,0.0007827209302325431,0.008095246377095223,8.249719697536782e+16,0.10883720930232559,111.64558706289253,0.0018139534883720612,0.0022150487636997734,1.3933753617646318,0.34357238429309983,0.04138133598289465,0.0009015059765547996,,,,,,,,0.0009015059765547996,0.014904678747502412,,0.00017386901253323882,0.0002344557328320743,6.435720869790703e-05,-0.005417916279069768
Historical Trends_lower,1971,,,104651162790.69768,389.16282558139545,0.45156976744186056,0.0009031395348837037,0.009340668896648337,9.518907343311674e+16,0.12558139534883722,128.82183122641447,0.002093023255813917,0.0025558254965766625,1.607740802036114,0.396429674184346,0.04774769536487844,0.001053931393158942,,,,,,,,0.001053931393158942,0.01742474176041896,,0.00020061809138450636,0.0002705258455754704,7.425831772835428e-05,-0.006251441860465117
Historical Trends_lower,1972,,,111627906976.74419,415.1070139534885,0.48167441860465127,0.0009633488372092838,0.009963380156424893,1.0153501166199118e+17,0.13395348837209303,137.40995330817546,0.0022325581395348446,0.0027262138630151063,1.7149235221718548,0.422858319129969,0.05093087505587034,0.0011392330710446588,,,,,,,,0.0011392330710446588,0.018835042011969488,,0.00021399263081014013,0.0002885609019471684,7.920887224357791e-05,-0.006668204651162792
Historical Trends_lower,1973,,,115581395348.83722,429.8087206976746,0.4987337209302327,0.0009974674418604462,0.010316249870298274,1.0513104332502005e+17,0.13869767441860467,142.27655582117333,0.0023116279069767044,0.002822767270663558,1.7756603969154414,0.43783455126582216,0.052734676880765746,0.0011955754498058386,,,,,,,,0.0011955754498058386,0.019766555587192515,,0.00022157153648466593,0.000298780767224464,8.201418646887127e-05,-0.006904370232558141
Historical Trends_lower,1974,,,111627906976.74419,415.1070139534885,0.48167441860465127,0.0009633488372092838,0.009963380156424893,1.0153501166199118e+17,0.13395348837209303,137.40995330817546,0.0022325581395348446,0.0027262138630151063,1.7149235221718548,0.422858319129969,0.05093087505587034,0.0011705526367711213,,,,,,,,0.0011705526367711213,0.019352851186622073,,0.00021399263081014013,0.0002885609019471684,7.920887224357791e-05,-0.006668204651162792
Historical Trends_lower,1975,,,111744186046.51163,415.53941709302336,0.48217616279069775,0.0009643523255813769,0.009973758677421169,1.0164077729913909e+17,0.13409302325581396,137.5530886762048,0.0022348837209301936,0.0027290536691224132,1.7167099008407836,0.4232987965457294,0.050983928050720204,0.0011881035134689304,,,,,,,,0.0011881035134689304,0.01964302139704881,,0.0002142155398005673,0.00028886148622003007,7.929138148549828e-05,-0.0066751506976744195
Historical Trends_lower,1976,,,112093023255.81396,416.8366265116281,0.48368139534883736,0.0009673627906976559,0.010004894240409998,1.0195807421058282e+17,0.1345116279069768,137.98249478029285,0.0022418604651162403,0.002737573087444336,1.7220690368475708,0.4246202287930106,0.051143087035269805,0.0012086581247185222,,,,,,,,0.0012086581247185222,0.01998285261882923,,0.00021488426677184903,0.000289763239038615,7.953890921125949e-05,-0.006695988837209305
Historical Trends_lower,1977,,,118720930232.55814,441.4836054651164,0.5122808139534885,0.0010245616279069571,0.010596469937197725,1.0798671552801352e+17,0.14246511627906977,146.14121075796575,0.0023744186046511214,0.002899442035560858,1.8238926209765245,0.4497274414913525,0.054167107741712094,0.0012984777340387425,,,,,,,,0.0012984777340387425,0.021467848233900095,,0.00022759007922620107,0.00030689654259172803,8.424193600072191e-05,-0.007091913488372093
Historical Trends_lower,1978,,,122906976744.18605,457.0501184883722,0.5303436046511629,0.0010606872093023051,0.010970096693063657,1.117942784653382e+17,0.1474883720930233,151.29408400702235,0.0024581395348836784,0.0030016750554239242,1.8882022530579694,0.4655846284587264,0.05607701555630724,0.0013638146610836462,,,,,,,,0.0013638146610836462,0.02254806947843901,,0.00023561480288158138,0.0003177175764147469,8.721226870985607e-05,-0.007341971162790699
Historical Trends_lower,1979,,,128023255813.95348,476.07585662790706,0.5524203488372093,0.0011048406976743971,0.011426751616899797,1.1644796649984613e+17,0.1536279069767442,157.5920402003137,0.002560465116279025,0.0031266265241454497,1.9668029144908457,0.4849656347521832,0.05841134732970129,0.0014415548961543758,,,,,,,,0.0014415548961543758,0.023833355721257516,,0.00024542279846037943,0.00033094328442065873,9.08426753543534e-05,-0.007647597209302326
Historical Trends_lower,1980,,,128953488372.09303,479.5350817441862,0.5564343023255814,0.0011128686046511416,0.011509779784870007,1.172940915970294e+17,0.15474418604651166,158.73712314454852,0.0025790697674418156,0.0031493449730039093,1.981093943842278,0.4884894540782663,0.05883577128850022,0.0014737829947871776,,,,,,,,0.0014737829947871776,0.024366185751514703,,0.0002472060703837973,0.00033334795860355185,9.150274928971657e-05,-0.007703165581395351
Historical Trends_lower,1981,,,127093023255.81395,472.61663151162804,0.5484063953488373,0.0010968127906976534,0.011343723448929591,1.1560184140266286e+17,0.15251162790697678,156.44695725607892,0.002541860465116235,0.003103908075286991,1.9525118851394136,0.4814418154261002,0.057986923370902374,0.0014746120271000613,,,,,,,,0.0014746120271000613,0.024379892216714247,,0.0002436395265369616,0.0003285386102377657,9.018260141899026e-05,-0.007592028837209304
Historical Trends_lower,1982,,,128488372093.02325,477.80546918604665,0.5544273255813954,0.0011088546511627694,0.011468265700884902,1.1687102904843776e+17,0.1541860465116279,158.1645816724311,0.0025697674418604204,0.0031379857485746795,1.973948429166562,0.48672754441522476,0.05862355930910075,0.0015138260603812677,,,,,,,,0.0015138260603812677,0.02502822132783548,,0.0002463144344220884,0.0003321456215121053,9.117271232203498e-05,-0.007675381395348837
Historical Trends_lower,1983,,,130232558139.53488,484.2915162790699,0.5619534883720931,0.0011239069767441645,0.011623943515829042,1.1845751360565638e+17,0.15627906976744188,160.31161219287134,0.002604651162790652,0.0031805828401842906,2.000744109200497,0.4933347056516305,0.05941935423184873,0.001558444763340445,,,,,,,,0.001558444763340445,0.025765906324975756,,0.00024965806927849677,0.0003366543856050298,9.241035095084088e-05,-0.007779572093023257
Historical Trends_lower,1984,,,138953488372.09305,516.7217517441862,0.5995843023255816,0.00119916860465114,0.012402332590549738,1.2638993639174947e+17,0.16674418604651167,171.0467647950726,0.0027790697674418127,0.0033935682982323464,2.1347225093701736,0.5263705118336595,0.06339832884558862,0.0016893042217120137,,,,,,,,0.0016893042217120137,0.027929417426204535,,0.000266376243560539,0.0003591982060696524,9.859854409487042e-05,-0.008300525581395352
Historical Trends_lower,1985,,,143488372093.02325,533.5854741860467,0.6191523255813954,0.001238304651162767,0.012807094909404498,1.3051479624051782e+17,0.17218604651162792,176.62904414821716,0.002869767441860415,0.0035043207364173342,2.204391277458405,0.5435491310483144,0.06546739564473333,0.001772686778307476,,,,,,,,0.001772686778307476,0.029307988674229155,,0.00027506969418720096,0.000370920992711256,0.00010181640452976575,-0.008571421395348838
Historical Trends_lower,1986,,,151046511627.90698,561.6916782558142,0.6517656976744187,0.0013035313953488122,0.013481698774162432,1.3738956265513182e+17,0.1812558139534884,185.9328430701249,0.0030209302325580867,0.0036889081333923157,2.320505890938791,0.5721801630727393,0.06891584030997455,0.001896779275389656,,,,,,,,0.001896779275389656,0.03135962100067646,,0.0002895587785649709,0.0003904589704472623,0.00010717950525459134,-0.009022914418604651
Historical Trends_lower,1987,,,157674418604.65115,586.3386572093025,0.6803651162790698,0.0013607302325581133,0.014073274470950161,1.4341820397256253e+17,0.18920930232558142,194.0915590477978,0.0031534883720929683,0.003850777081508837,2.4223294750677447,0.5972873757710813,0.07193986101641685,0.002013148585038014,,,,,,,,0.002013148585038014,0.03328356518017683,,0.0003022645910193229,0.00040759227400037536,0.00011188253204405378,-0.009418839069767444
Historical Trends_lower,1988,,,164418604651.1628,611.4180393023258,0.7094662790697677,0.0014189325581395078,0.014675228688734167,1.495526109271412e+17,0.19730232558139538,202.39341039350012,0.003288372093023199,0.004015485835732667,2.525939437865628,0.6228350658851837,0.07501693471770902,0.0021349893660351418,,,,,,,,0.0021349893660351418,0.03529796968367998,,0.00031519331246410224,0.00042502616182635023,0.00011666806807543663,-0.009821709767441861
Historical Trends_lower,1989,,,170348837209.30234,633.4705994186048,0.7350552325581398,0.001470110465116251,0.015204533259544238,1.5494665842168445e+17,0.20441860465116282,209.6933141629969,0.0034069767441859875,0.004160315947205345,2.6170447499810074,0.6452994140889633,0.07772263745505215,0.0022502975415093834,,,,,,,,0.0022502975415093834,0.037204370037199695,,0.0003265616709758909,0.00044035595974229347,0.0001208760394133767,-0.010175958139534886
Historical Trends_lower,1990,,,173929000000.0,646.7840326430002,0.7505036350000001,0.0015010072699999713,0.015524081693906976,1.5820311893008624e+17,0.20871480000000003,214.10036626339976,0.0034785799999999395,0.004247751873365675,2.6720462773701303,0.6588614494337759,0.07935610733468257,0.002038608689292162,,,,,,,,0.002038608689292162,0.033704499355495555,,0.000333424905045751,0.0004496107691531395,0.00012341644946656046,-0.010389822744000002
Historical Trends_lower,1991,,,168203000000.0,625.4909454010002,0.7257959450000001,0.0014515918899999723,0.015013005957374762,1.5299483820062954e+17,0.2018436,207.05186545430968,0.0033640599999999413,0.004107909597339872,2.5840785607488574,0.6371707557630378,0.07674358687749376,0.0020231464147717495,,,,,,,,0.0020231464147717495,0.03344886019122383,,0.0003224480638847487,0.0004348089174540503,0.00011935339736112936,-0.010047774408
Historical Trends_lower,1992,,,168593000000.0,626.9412255310002,0.7274787950000001,0.001454957589999972,0.015047815516796272,1.533495761476236e+17,0.20231160000000004,207.53194147868012,0.0033718599999999414,0.004117434307023781,2.5900700748044456,0.6386481170154982,0.07692152662222021,0.002225716396562105,,,,,,,,0.002225716396562105,0.03679796777452684,,0.0003231957006386417,0.0004358170771052282,0.00011963013335853036,-0.010071071448
Historical Trends_lower,1993,,,169513000000.0,630.3623991710002,0.7314485950000001,0.0014628971899999718,0.015129930374918808,1.5418639386873786e+17,0.20341560000000003,208.66442851052832,0.003390259999999941,0.004139902852944797,2.604203902833012,0.6421331743289944,0.07734128191747233,0.0024282863783524618,,,,,,,,0.0024282863783524618,0.04014707535782987,,0.0003249593565709019,0.00043819529987210946,0.00012028294648060451,-0.010126028568000002
Historical Trends_lower,1994,,,177599000000.0,660.4315405330002,0.7663396850000002,0.0015326793699999704,0.015851648573591438,1.615412939697485e+17,0.21311880000000002,218.61800474914207,0.003551979999999938,0.004337381833724511,2.728427960918868,0.6727637976300052,0.081030565958134,0.0025887252084679326,,,,,,,,0.0025887252084679326,0.04279962485132826,,0.0003404603586016152,0.0004590978099731983,0.0001260206061600519,-0.010609053864000002
Historical Trends_lower,1995,,,181923000000.0,676.5110566410001,0.7849977450000002,0.0015699954899999699,0.016237588406767353,1.6547433725898547e+17,0.21830760000000002,223.94069379882868,0.0036384599999999367,0.0044429839995532875,2.79485695265313,0.6891435670034372,0.08300341584581901,0.0027619310542424604,,,,,,,,0.0027619310542424604,0.045663252553858356,,0.0003487495414832383,0.0004702754569775402,0.00012908882783380047,-0.010867352328
Historical Trends_lower,1996,,,190157000000.0,707.1305607190002,0.8205274550000002,0.0016410549099999685,0.01697251638696404,1.7296385586295795e+17,0.2281884,234.07645273387018,0.0038031399999999336,0.004644077485546382,2.921354713508799,0.7203348299592278,0.08676022573832559,0.0029223698843579313,,,,,,,,0.0029223698843579313,0.04831580204735676,,0.00036453426207696757,0.0004915605507411273,0.00013493150527636412,-0.011359218552000002
Historical Trends_lower,1997,,,195947000000.0,728.6616426490002,0.8455113050000002,0.0016910226099999676,0.017489304461452606,1.7823034999910083e+17,0.23513640000000002,241.20373524952362,0.003918939999999932,0.004785482790853647,3.0103056529494507,0.7422679623996004,0.08940194656387976,0.0030683394300598053,,,,,,,,0.0030683394300598053,0.05072912957061922,,0.000375633792346301,0.0005065278440239996,0.00013903997046854822,-0.011705089992000001
Historical Trends_lower,1998,,,199811000000.0,743.0305719370002,0.8621844650000001,0.001724368929999967,0.017834186865567255,1.8174498442778067e+17,0.23977320000000005,245.9601807832861,0.00399621999999993,0.004879850683721914,3.0696677306694293,0.7569052031162843,0.09116491880393872,0.0031829588595322198,,,,,,,,0.0031829588595322198,0.052624142825037176,,0.000383041147261794,0.0005165163796449008,0.00014178178558125966,-0.011935909896000001
Historical Trends_lower,1999,,,206256000000.0,766.9973807520003,0.8899946400000002,0.001779989279999966,0.01840943714882784,1.8760725639797773e+17,0.2475072,253.89374482704883,0.004125119999999928,0.005037252616831642,3.1686813411521575,0.7813195448396352,0.09410548714948218,0.0033679387308589875,,,,,,,,0.0033679387308589875,0.055682431542563186,,0.000395396323874204,0.0005331768641368026,0.0001463550253331813,-0.012320908416
Historical Trends_lower,2000,,,216938000000.0,806.7201816460002,0.9360874700000003,0.001872174939999964,0.019362862055854926,1.973234378076977e+17,0.26032560000000005,267.04290403813866,0.004338759999999924,0.005298131972840658,3.3327873748490555,0.821784090733946,0.09897921113196399,0.0036856325787460375,,,,,,,,0.0036856325787460375,0.060934892276001865,,0.0004158739028615995,0.0005607900984800912,0.00015393475334404667,-0.012959008368000003
Historical Trends_lower,2001,,,208673000000.0,775.9853988910002,0.9004239950000001,0.0018008479899999654,0.018625167161960627,1.8980572208486157e+17,0.2504076,256.8689852139805,0.0041734599999999275,0.005096281394539355,3.20581336544025,0.7904753964991137,0.09520825731103044,0.0037105355015755277,,,,,,,,0.0037105355015755277,0.06134661452111206,,0.00040002975473102246,0.000539424868949359,0.00014807007893758697,-0.012465290328
Historical Trends_lower,2002,,,209095000000.0,777.5546763650002,0.9022449250000002,0.0018044898499999654,0.018662832890360314,1.9018956673519875e+17,0.250914,257.38845209163264,0.004181899999999928,0.005106587618863995,3.212296490905527,0.7920739771363912,0.09540079723993958,0.0036182481993254326,,,,,,,,0.0036182481993254326,0.05982082031865098,,0.000400838736039081,0.0005405157493924285,0.00014836952147836448,-0.012490498920000002
Historical Trends_lower,2003,,,208964000000.0,777.0675309880003,0.9016796600000002,0.0018033593199999654,0.01865114044860591,1.900704111683879e+17,0.2507568,257.2271957860108,0.004179279999999928,0.0051033882933035025,3.210283956697112,0.7915777352797956,0.09534102773594172,0.003767665736301662,,,,,,,,0.003767665736301662,0.06229115378930034,,0.00040058760677046573,0.0005401771111506226,0.000148276566566417,-0.012482673504000001
Historical Trends_lower,2004,,,222109000000.0,825.9494087030002,0.9584003350000002,0.0019168006699999632,0.019824401111671913,2.020268991510474e+17,0.26653080000000007,273.40821973562464,0.004442179999999922,0.005424419854316282,3.41222870608353,0.8413723856992598,0.1013385096447344,0.004273048581956483,,,,,,,,0.004273048581956483,0.07064669346943671,,0.00042578679941129263,0.0005741572614448117,0.00015760398883779173,-0.013267903224000004
Historical Trends_lower,2005,,,233025000000.0,866.5423776750002,1.0055028750000001,0.0020110057499999616,0.02079871175435191,2.119559233289638e+17,0.27963000000000005,286.84542456133664,0.004660499999999919,0.005691014036135643,3.579929648213781,0.8827233483450467,0.10631899747405207,0.004519148054623072,,,,,,,,0.004519148054623072,0.07471547800932743,,0.00044671296045102393,0.000602375391578807,0.00016534975844709768,-0.013919981400000003
Historical Trends_lower,2006,,,235742000000.0,876.6459959140003,1.0172267300000002,0.002034453459999961,0.02104121835165509,2.1442726435968925e+17,0.28289040000000004,290.18995419778406,0.004714839999999918,0.00575736951360021,3.6216705294677096,0.8930156317371871,0.107558644362313,0.004706652414750151,,,,,,,,0.004706652414750151,0.07781550432543718,,0.0004519214965031446,0.0006093989038153465,0.00016727768589565797,-0.014082284112000002
Historical Trends_lower,2007,,,242588000000.0,902.1039901960003,1.0467672200000002,0.00209353443999996,0.021652260002423433,2.206542797061546e+17,0.2911056,298.61713487173284,0.004851759999999916,0.005924564802051598,3.7268446454281072,0.9189490038765291,0.1106821712658957,0.004955681643043772,,,,,,,,0.004955681643043772,0.08193272677651789,,0.00046504539705994203,0.000627095983230639,0.0001721354670192663,-0.014491236768000001
Historical Trends_lower,2008,,,241466000000.0,897.9316458220002,1.0419257900000003,0.0020838515799999602,0.02155211557762617,2.19633725920187e+17,0.28975920000000005,297.235993078544,0.004829319999999916,0.005897162944960967,3.709607520375877,0.9146987491963741,0.11017025230799038,0.005074010968958356,,,,,,,,0.005074010968958356,0.0838890760798308,,0.00046289450362951157,0.0006241955854649425,0.00017133931884212805,-0.014424212976000004
Historical Trends_lower,2009,,,228984000000.0,851.5152443280002,0.9880659600000001,0.001976131919999962,0.020438031165576732,2.0828029244741744e+17,0.2747808,281.8710983703599,0.00457967999999992,0.005592323390410832,3.517848344883958,0.8674156129060925,0.10447526796523265,0.0049461631464920615,,,,,,,,0.0049461631464920615,0.08177535662373796,,0.0004389662934703026,0.0005919293065777557,0.00016248234776633502,-0.013678588224000001
Historical Trends_lower,2010,,,240546000000.0,894.5104721820002,1.0379559900000002,0.0020759119799999603,0.021470000719503633,2.1879690819907274e+17,0.28865520000000006,296.1035060466958,0.0048109199999999165,0.005874694399039951,3.695473692347311,0.9112136918828778,0.10975049701273824,0.005442473922012044,,,,,,,,0.005442473922012044,0.08998090695887706,,0.0004611308476972514,0.0006218173626980612,0.00017068650572005389,-0.014369255856000003
Historical Trends_lower,2011,,,247680000000.0,921.0394425600003,1.0687392,0.002137478399999959,0.022106747891075553,2.2528588387562605e+17,0.29721600000000004,304.8852044001797,0.004953599999999914,0.006048923319257917,3.805072310994911,0.9382380384855753,0.1130054255739651,0.0057367259719185775,,,,,,,,0.0057367259719185775,0.0948458023547029,,0.0004748068492415389,0.0006402589292403773,0.00017574864573405066,-0.01479541248
Historical Trends_lower,2012,,,250361000000.0,931.0091887870002,1.080307715,0.0021606154299999587,0.022346041298278288,2.2772447986509046e+17,0.30043320000000007,308.1854193266852,0.005007219999999913,0.0061143995927516615,3.84626012941294,0.9483939500697962,0.11422864725502051,0.0058804245014339755,,,,,,,,0.0058804245014339755,0.0972215829647223,,0.0004799463726702233,0.0006471893805860388,0.0001776510283213124,-0.014955564696000003
Historical Trends_lower,2013,,,257476999999.99997,957.4712231590001,1.111013255,0.0022220265099999574,0.022981181874799982,2.3419708302101322e+17,0.30897240000000004,316.944960325198,0.00514953999999991,0.006288188910984216,3.95558221664259,0.9753501107685337,0.1174753632126446,0.006062889590211614,,,,,,,,0.006062889590211614,0.10023829455798137,,0.0004935878679027927,0.0006655844166829158,0.00018270039590465985,-0.015380646072000003
Historical Trends_lower,2014,,,265577000000.0,987.5924258590003,1.145964755,0.002291929509999956,0.023704149647400564,2.4156471730473648e+17,0.31869240000000004,326.9157700621226,0.005311539999999907,0.006486009804419251,4.080021354720186,1.0060337675504023,0.1211710348338862,0.006306962881125601,,,,,,,,0.006306962881125601,0.1042735800541697,,0.0005091157081759536,0.0006865231171304574,0.0001884479896968345,-0.015864507672
Historical Trends_lower,2015,,,280081000000.0,1041.5279720270003,1.2085495150000003,0.0024170990299999537,0.024998708236758448,2.5475733059499846e+17,0.33609720000000004,344.76967431204264,0.005601619999999903,0.0068402313153305755,4.302844226161845,1.0609764537188244,0.12778856831468718,0.0066252072054725835,,,,,,,,0.0066252072054725835,0.10953514186403684,,0.0005369201273514998,0.0007240163160552895,0.0001987397304822297,-0.016730918616000005
Historical Trends_lower,2016,,,293627000000.0,1091.9010352090004,1.2670005050000002,0.0025340010099999515,0.02620776026733221,2.670785619539262e+17,0.3523524,361.44431489184257,0.0058725399999998975,0.007171056231685015,4.510949481025931,1.11229013455428,0.1339690087815191,0.006979804754980952,,,,,,,,0.006979804754980952,0.11539773478912385,,0.000562888043936714,0.0007590330612728693,0.00020835169412529106,-0.017540102472
Historical Trends_lower,2017,,,310950993000.0,1156.3231962863313,1.3417535347950003,0.0026835070695899487,0.027754018123104806,2.8283619710920787e+17,0.37314119160000003,382.7695294704613,0.006219019859999892,0.007594148549354431,4.777095500406462,1.1779152524929823,0.14187318029962873,0.007318105422151535,,,,,,,,0.007318105422151535,0.1209908899044264,,0.0005960984385289803,0.0008038160118879687,0.00022064444407868323,-0.018574968517848
Historical Trends_lower,2018,,,327120444636.0,1216.4520024932203,1.4115247186043403,0.002823049437208626,0.02919722706550626,2.9754367935888666e+17,0.39254453356320007,402.67354500292527,0.006542408892719886,0.007989044273920862,5.025504466427598,1.2391668456226175,0.1492505856752094,0.0074631150448037165,,,,,,,,0.0074631150448037165,0.1233883469342589,,0.0006270955573324872,0.000845614444506143,0.00023211795517077478,-0.019540866880776102
Historical Trends_lower,2019,,,292505677500.0,1087.7312102318929,1.2621619984125003,0.0025243239968249518,0.026107676312987528,2.6605862441144346e+17,0.35100681300000003,360.06400707687555,0.005850113549999898,0.007143670920724669,4.493722764309017,1.1080424463157876,0.13345739893688827,0.007415289507623408,,,,,,,,0.007415289507623408,0.12259764306080996,,0.0005607384492855164,0.0007561344148614386,0.00020755602668825086,-0.017473119151140002
Historical Trends_lower,2020,,,158440575300.0,589.1877388291254,0.6836710824195,0.0013673421648389738,0.014141658001752553,1.4411508821149541e+17,0.19012869036000005,195.03467048458722,0.0031688115059999447,0.00386948841508725,2.4340998304753483,0.6001896583737003,0.07228942441844463,0.004198022448523261,,,,,,,,0.004198022448523261,0.06940627971115759,,0.00030373332667235864,0.00040957280801763314,0.0001124261811139328,-0.009464606206120801
Historical Trends_lower,2021,,,188909916700.0,702.4930732050391,0.8151462905605001,0.0016302925811209686,0.016861207617130905,1.7182952824866922e+17,0.22669190004000003,232.54133788073486,0.003778198333999934,0.004613620802510096,2.9021959516615197,0.7156107465079192,0.08619123680485222,0.005098467843278976,,,,,,,,0.005098467843278976,0.08429342376514502,,0.00036214358179428527,0.0004883368095495432,0.00013404660055619068,-0.0112847227839912
Historical Trends_lower,2022,,,231566994700.0,861.1205414800652,0.9992115821305001,0.0019984231642609616,0.020668577082230816,2.1062974433709587e+17,0.27788039364000006,285.0506722845802,0.004631339893999919,0.005655406145878975,3.5575305219366737,0.8772002700473499,0.1056537741640731,0.006249734776589963,,,,,,,,0.006249734776589963,0.10332742269568844,,0.00044391793904166317,0.0005986064117976183,0.000164315187803735,-0.013832885995399202
Historical Trends_lower,2023,1076937632512.1694,11615863382044.725,269197297382.2647,1001.0551062646144,1.1615863382044724,0.0023231726764089,0.0240272803059941,2.448576836147176e+17,0.3230367568587177,331.37222640652345,0.0053839459476452,0.0065744259109205,4.135639464082358,1.019747836973329,0.1228228163519221,0.0069164939110077,31609.255041993387,1033.2844808044356,1.0,1.0,1.0,1.0,0.0,0.0069164939110077,0.1143510109567864,10.786013072036893,0.0005160558809528855,0.0006958816754536991,0.0001910168784326531,-0.016080769756426968
Historical Trends_lower,2024,1198347322705.4666,12617657611433.275,292413849627.6542,1084.12756375446,1.2579804638598977,0.0025159609277197,0.0260129736367288,2.6514338869849568e+17,0.3495452675987923,359.64356763227585,0.0058432843129186,0.007135339473144,4.514943773822461,1.1071335265401998,0.1333860294871211,0.0076810662022286,32587.616609305576,1119.0314897047167,1.0,1.0,0.9746971613205142,1.0,1.0,0.0076810662022286,0.126991752866717,10.529215839483696,0.0005633864622117592,0.0007552514920277792,0.00020680314041199397,-0.01740036342106788
Historical Trends_lower,2025,1291261071710.3623,13434242482574.484,311338180360.93823,1157.763017148269,1.3434242482574483,0.0026868484965148,0.0277946459237379,2.830787029503407e+17,0.3732868687920693,382.91825315825184,0.0062214478132011,0.0075971632178458,4.835505312882398,1.1802346588531616,0.1421915910652531,0.0082979817917746,33593.35484692325,1195.0376663404202,1.0,1.0,0.9621415300703624,1.0,1.0,0.0082979817917746,0.1371912733531451,10.40397079792696,0.0006033869673031513,0.0008041283316323288,0.0002209674350937163,-0.01858222032846921
Historical Trends_lower,2026,1331824051583.6096,13691250375575.562,317294330836.0501,1179.911957367102,1.3691250375575563,0.0027382500751151,0.0283276701575079,2.885279086187279e+17,0.3804281476366086,390.2440954424126,0.0063404691272768,0.0077424815760107,4.958206071728293,1.2031815041293312,0.1449648492159984,0.0085179590879232,34663.20785365319,1217.899700659174,1.0,0.9977,0.9526300326483196,1.0,1.0,0.0085179590879232,0.1408281776179065,10.28007442822191,0.0006186978880808782,0.0008195126004290664,0.0002252049777521878,-0.018937713189350378
Historical Trends_lower,2027,1373804870396.9111,13971565050015.582,323790615295.84204,1204.069476010343,1.3971565050015582,0.0027943130100031,0.0289097457769046,2.9447208212080864e+17,0.3882170339272877,398.2342050382565,0.0064702838987881,0.0079009835487815,5.090839165266252,1.2280986881591265,0.1479795576028366,0.0087445018296144,35776.01888906746,1242.8349803981162,1.0,0.99540529,0.944410301457371,1.0,1.0,0.0087445018296144,0.1445736289796265,10.169977812044737,0.0006352481914919193,0.0008362918305803386,0.0002298324789263916,-0.019325443948900383
Historical Trends_lower,2028,1417258782318.3984,14265229578972.406,330596282247.3327,1229.377485115842,1.4265229578972407,0.0028530459157944,0.0295218999343787,3.0070935147095917e+17,0.3963768622638522,406.6047301339127,0.0066062810377308,0.0080670417800165,5.2298466791630895,1.254203696701602,0.1511423624217643,0.0089778344414094,36933.85897232697,1268.9577911056588,1.0,0.993115858,0.936657886625394,1.0,1.0,0.0089778344414094,0.1484313378696006,10.065366859563133,0.0006525939117042638,0.0008538699332812167,0.00023469910447831066,-0.019731640203494563
Historical Trends_lower,2029,1462243429054.4243,14568182678552.422,337617211553.9379,1255.4859832376478,1.4568182678552422,0.0029136365357104,0.030155337077876,3.071525504473688e+17,0.4047947849029413,415.239933039717,0.0067465797483823,0.0082383580652372,5.373819934001826,1.281147815346259,0.1544103242852644,0.0092181901243508,38138.9147592776,1295.9068628975594,1.0,0.990831691,0.9290610671183154,1.0,1.0,0.0092181901243508,0.1524051598214733,9.962898371834775,0.0006705592700254452,0.0008720038593834057,0.00023973492976911423,-0.020150684392468417
Historical Trends_lower,2030,1508818953174.4756,14880010083789.977,344843802637.0794,1282.3592690210205,1.4880010083789976,0.0029760020167579,0.0308070151473011,3.137833202302058e+17,0.4134592909854886,424.12808841770914,0.0068909881830914,0.0084146923606027,5.522717727778333,1.3088254793143466,0.1577687672672114,0.0094658112713288,39393.49583721409,1323.645344999504,1.0,0.988552778,0.9216075989058652,1.0,1.0,0.0094658112713288,0.1564991023385264,9.862024898668736,0.0006891391251619049,0.0008906689856771891,0.00024491577042104376,-0.020582003505257625
Historical Trends_lower,2031,1557048117284.2969,15200389732252.342,352268591709.2084,1309.969587125507,1.5200389732252342,0.0030400779464504,0.0314755560241675,3.205918339249974e+17,0.4223614316126468,433.26004632659686,0.0070393571935441,0.0085958604485859,5.67649730563542,1.3371952501443538,0.1612118160558665,0.0097209498471621,40700.04253046873,1352.1445884766142,1.0,0.986279107,0.9142625751128408,1.0,1.0,0.0097209498471621,0.1607173311775883,9.762312136354453,0.0007083281420510284,0.0009098460972858533,0.00025023067039213167,-0.021025152065677555
Historical Trends_lower,2032,1606996429371.93,15529191185503.363,359888555863.34564,1338.30569636668,1.5529191185503364,0.0031058382371006,0.0321608497773999,3.275761652147031e+17,0.431497582392831,442.6320869968164,0.0071916263732138,0.0087817886956527,5.8351688995451765,1.3662629831047384,0.1647399992793573,0.0099838678140972,42061.13425600199,1381.3929902299776,1.0,0.984010665,0.9069901180521268,1.0,1.0,0.0099838678140972,0.1650641773838544,9.66348829510014,0.000728127597464985,0.0009295273826933144,0.00025567875573032924,-0.021479949651515128
Historical Trends_lower,2033,1658732274670.572,15866811440668.717,367712895496.3781,1367.40180995683,1.5866811440668716,0.0031733622881337,0.0328638441252393,3.3474536003737376e+17,0.4408787743770404,452.2555238276583,0.0073479795729506,0.0089727017654475,5.998947471427703,1.396074228690026,0.1683587891157099,0.0102548376094966,43479.49847142733,1411.4258649801093,1.0,0.981747441,0.8997905183711945,1.0,1.0,0.0102548376094966,0.1695441451885494,9.565625316972806,0.0007485643149129351,0.0009497366000380823,0.00026126756079565246,-0.021946945388489073
Historical Trends_lower,2034,1712327054402.527,16214103158756.225,375761371002.4618,1397.3314102216116,1.6214103158756226,0.0032428206317512,0.0335864073469575,3.4211802544240544e+17,0.4505286997949015,462.1546579734274,0.0075088116632483,0.0091690820100223,6.168228209429451,1.4267113705681087,0.1720781804118058,0.010534142565013,44958.020261448386,1442.3190608458965,1.0,0.979489421,0.8926899343750582,1.0,1.0,0.010534142565013,0.1741619189391635,9.469045715927043,0.0007696876070027183,0.0009705247817441974,0.00026701193840831215,-0.022427318675790196
Historical Trends_lower,2035,1767855331790.1824,16572411242178.066,384065150456.03864,1428.210400850906,1.657241124217807,0.0033144822484356,0.0343314576794109,3.4972314547160083e+17,0.4604847284058869,472.367818159201,0.0076747454734314,0.0093716903477383,6.343613054237806,1.458292420643843,0.1759127242195426,0.0108220774837269,46499.75261255098,1474.1922130834532,1.0,0.977236596,0.8857399109332003,1.0,1.0,0.0108220774837269,0.1789223726413346,9.374302831327467,0.000791572585463587,0.0009919724181343221,0.00027293508855131664,-0.022922929780045048
Historical Trends_lower,2036,1825394985742.94,16943461505121.951,392664229550.9143,1460.18751251141,1.6943461505121953,0.0033886923010243,0.0351027619573533,3.575977712758694e+17,0.470794814069329,482.94418656602966,0.0078465802344888,0.0095815033663794,6.525875577587587,1.4909611259700628,0.1798803547798999,0.0111189490519148,48107.927430004616,1507.1988408035213,1.0,0.974988952,0.8790075095791008,1.0,1.0,0.0111189490519148,0.1838305767666322,9.282079570425644,0.0008143157785946249,0.0010141827917886622,0.0002790669575609587,-0.0234361658443712
Historical Trends_lower,2037,1885027372653.492,17329188017771.363,401603430307.5635,1493.4294233715364,1.7329188017771364,0.0034658376035542,0.0359045563810704,3.657834504845273e+17,0.4815126972922758,493.9388792002777,0.0080252116215379,0.0097996155728552,6.715892531142371,1.5248763256777291,0.1840009863744178,0.0114250764566816,49785.96735582304,1541.510988445645,1.0,0.972746477,0.8725622021423215,1.0,1.0,0.0114250764566816,0.1888918084639457,9.193069697114067,0.0008380265897555914,0.0010372716463205832,0.0002854412232295097,-0.02396970207120949
Historical Trends_lower,2038,1946837496762.7896,17731315145149.78,410922714835.4527,1528.0847392090084,1.7731315145149784,0.0035462630290299,0.0367406634936961,3.743173263664848e+17,0.4926862916672578,505.4010342570262,0.0082114381944542,0.0100270029229737,6.914481017075949,1.560177956751052,0.1882922700153683,0.0117407919480285,51537.498451346975,1577.2820462107409,1.0,0.97050916,0.8664535176822288,1.0,1.0,0.0117407919480285,0.1941115608521854,9.107753048024549,0.0008628069790873031,0.0010613421719397548,0.00029208827477488397,-0.024525923599196094
Historical Trends_lower,2039,2010914189580.6924,18151277370909.03,420655327251.6578,1564.2770838249403,1.8151277370909031,0.0036302554741818,0.0376143040737958,3.832304306976748e+17,0.504355456078125,517.3715276976709,0.0084059242679687,0.0102644774215635,7.1223626337508374,1.5969808634716376,0.1927688149224885,0.0120664414153269,53366.363813585536,1614.6396180182649,1.0,0.968276989,0.8607091707865856,1.0,1.0,0.0120664414153269,0.1994955525511949,9.026380869436236,0.0008887469895158652,0.0010864802081651088,0.00029903371738667663,-0.025106814603569068
Historical Trends_lower,2040,2077350298878.6216,18589649276305.668,430814583460.15454,1602.0559746320223,1.8589649276305669,0.0037179298552611,0.0385268621577452,3.9253552204281024e+17,0.5165361559682884,529.8667289363624,0.0086089359328048,0.0105123645557159,7.339928865603464,1.635329041213294,0.19743645018112,0.0124023850282504,55276.6382004307,1653.6348155140602,1.0,0.966049952,0.8553102488037319,1.0,1.0,0.0124023850282504,0.2050497382783213,8.948731124616096,0.0009158954714905191,0.001112720130766361,0.00030628855415407435,-0.025713169844101397
Historical Trends_lower,2041,2146242887801.773,19046253691362.742,441396377551.85974,1641.4061431216417,1.904625369136275,0.0038092507382725,0.0394781075677056,4.0222941921476915e+17,0.5292234684531103,542.8815835781317,0.0088203911408851,0.010770564448827,7.567271456674718,1.675206492220797,0.202293514873762,0.0127489978985544,57272.64374639122,1694.2518786136968,1.0,0.963828037,0.8502021656154597,1.0,1.0,0.0127489978985544,0.2107803197896875,8.874230311775346,0.0009442638730720191,0.0011400513255140764,0.00031385095516325953,-0.02634474425959583
Historical Trends_lower,2042,2217693444681.623,19519930398522.6,452373821518.48425,1682.2276017446777,1.9519930398522596,0.0039039860797045,0.0404657038233013,4.122880901264604e+17,0.5423851554678257,556.3830214016002,0.0090397525911304,0.0110384210147938,7.804078553947069,1.716518181784345,0.2073285023623688,0.0131066707891528,59358.966857633146,1736.3876006284183,1.0,0.9616112329999998,0.8452896779536873,1.0,1.0,0.0131066707891528,0.2166937576034139,8.801906523795909,0.0009738132804273081,0.0011684043449433604,0.00032170234539524533,-0.026999933039188368
Historical Trends_lower,2043,2291808104164.765,20009133686762.98,463711093551.8651,1724.3871411252337,2.000913368676298,0.0040018267373525,0.0414864931966305,4.226794271390248e+17,0.5559782675399729,570.3269865183042,0.0092663044589995,0.0113150600203621,8.049864041090858,1.759142299237593,0.2125264536953396,0.0134758108050171,61540.47638292389,1779.9044834525264,1.0,0.959399527,0.8404684857898322,1.0,1.0,0.0134758108050171,0.2227967824223193,8.730719491916267,0.0010044830346926418,0.001197686671688439,0.0003298176209132125,-0.027676598158139852
Historical Trends_lower,2044,2368697880311.662,20512294741162.93,475371836411.65533,1767.749560793421,2.0512294741162926,0.0041024589482325,0.0425372727438519,4.333709311884055e+17,0.5699592132269886,584.6687646970745,0.0094993202204498,0.0115995941534725,8.304114196088102,1.802958084359294,0.2178724768848804,0.0138568422153388,63822.343165622784,1824.662973782252,1.0,0.957192908,0.8356432607159628,1.0,1.0,0.0138568422153388,0.2290964087268015,8.659734494491133,0.001036209032294472,0.0012278044058638565,0.0003381713183136226,-0.028372569634439494
Historical Trends_lower,2045,2448478912358.8306,21028152608711.23,487326827548.34845,1812.2061918187344,2.1028152608711235,0.0042056305217422,0.0436154872895967,4.443366749901939e+17,0.5842929554062469,599.3724164112538,0.0097382159234374,0.0118913102233537,8.566424597530249,1.8478730384653288,0.2233550861965266,0.0142502072210174,66210.06109121589,1870.5509040468648,1.0,0.954991364,0.8307408466828342,1.0,1.0,0.0142502072210174,0.2355999474637885,8.588251466071645,0.0010689408084744265,0.0012586820744636329,0.0003467431239522938,-0.029086103320122972
Historical Trends_lower,2046,2531272723880.4795,21556413512727.72,499569258695.89154,1857.731716526875,2.155641351272772,0.0043112827025455,0.0447206030086341,4.55571240725822e+17,0.5989713311331523,614.4295684228279,0.0099828555188858,0.012190042074507,8.836777689186734,1.8938775713685831,0.2289729281458115,0.0146563668329308,68709.46975513961,1917.5421414592893,1.0,0.952794884,0.8257338947790719,1.0,1.0,0.0146563668329308,0.2423150205672566,8.516037529010864,0.0011026761725202575,0.0012903020936879384,0.00035552879391864104,-0.02981679286380832
Historical Trends_lower,2047,2617206496130.8247,22097786725725.09,512115567224.21985,1904.387260022988,2.209778672572509,0.004419557345145,0.0458541657560174,4.670902149110935e+17,0.6140140484125088,629.8604362743488,0.0102335674735418,0.0124961908729128,9.115578178977016,1.9410419956180711,0.2347345089281055,0.0150758017362841,71326.77888686521,1965.699779072185,1.0,0.9506034559999998,0.820637565006598,1.0,1.0,0.0150758017362841,0.2492495752485932,8.443272152347774,0.0011374656249419145,0.0013227069161761325,0.00036454061776033833,-0.030565619329974692
Historical Trends_lower,2048,2706413356396.4277,22654015742984.15,525006158585.9594,1952.323076730374,2.265401574298415,0.0045308031485968,0.0470197915155651,4.789306300196758e+17,0.6294695523944598,645.7147156774466,0.0104911592065743,0.0128107425359645,9.40367753982504,1.9895184784040232,0.2406583659436259,0.015509013244819,74068.59467852511,2015.1789088108576,1.0,0.948417068,0.815504713511095,1.0,1.0,0.015509013244819,0.2564118997726172,8.370493623763307,0.001173415414752081,0.001356000902922638,0.0003738073425487426,-0.03133499431819621
Historical Trends_lower,2049,2799032682239.113,23227251749290.625,538290886426.2022,2001.7245557538663,2.3227251749290625,0.0046454503498581,0.0482217776084982,4.911372756722176e+17,0.6453976163809906,662.0537278692427,0.0107566269396831,0.0131349131763496,9.70212829207961,2.039483190986486,0.2467659677707262,0.0159565243069045,76941.94817986316,2066.170888457448,1.0,0.946235709,0.810398932337416,1.0,1.0,0.0159565243069045,0.2638106400913756,8.298313877031891,0.001210656878185586,0.0013903128285254096,0.00038336313198756065,-0.032127893343445714
Historical Trends_lower,2050,2895210422564.5283,23819602563739.633,552018599391.4167,2052.7733489430816,2.3819602563739637,0.0047639205127479,0.049464075987286,5.03752936769416e+17,0.6618568087053001,678.937567089819,0.011030946811755,0.013469893749072,10.01199446658755,2.091098984545622,0.2530770237528721,0.0164188805144356,79954.32593610536,2118.863218216434,1.0,0.944059367,0.8053766844152833,1.0,1.0,0.0164188805144356,0.2714548165243501,8.227243995149973,0.001249322787787229,0.0014257688908886198,0.00039323940409892374,-0.032947231937349844
Historical Trends_upper,1940,,,8953488372.093023,33.29504174418605,0.038634302325581404,7.72686046511613e-05,0.0007991461167132466,8143954060388877.0,0.010744186046511629,11.021423338259904,0.00017906976744185734,0.00021866507026266997,0.1375511575075342,0.0339167610135496,0.004085080603439601,0.0010578585596153222,,,,,,,,6.398432532486963e-05,0.0010578585596153222,,0.0008335002096445669,9.14778137075572e-05,0.00034255398292913316,-7.381255813953489e-05
Historical Trends_upper,1941,,,9651162790.697676,35.88946058139537,0.04164476744186048,8.328953488371934e-05,0.0008614172426909024,8778547883276322.0,0.011581395348837212,11.880235546436003,0.00019302325581395014,0.0002357039069065144,0.1482694295211083,0.03655962550811191,0.004403398572538791,0.0011510720773905522,,,,,,,,6.962232294921616e-05,0.0011510720773905522,,0.0008984482779285593,9.860595503541883e-05,0.00036924650107945527,-7.956418604651165e-05
Historical Trends_upper,1942,,,10465116279.069769,38.91628255813955,0.04515697674418606,9.031395348837037e-05,0.0009340668896648338,9518907343311674.0,0.012558139534883724,12.88218312264145,0.00020930232558139173,0.00025558254965766625,0.1607740802036114,0.0396429674184346,0.004774769536487845,0.0012600660799265446,,,,,,,,7.621479947014026e-05,0.0012600660799265446,,0.0009742210242598834,0.00010692211991792404,0.000400387772254831,-8.627441860465118e-05
Historical Trends_upper,1943,,,11279069767.441858,41.94310453488372,0.048669186046511624,9.733837209302137e-05,0.0010067165366387648,1.0259266803347024e+16,0.013534883720930231,13.88413069884689,0.00022558139534883324,0.00027546119240881795,0.17327873088611448,0.04272630932875728,0.005146140500436898,0.001371161192530727,,,,,,,,8.293436113767916e-05,0.001371161192530727,,0.0010499937705912075,0.0001152382848004292,0.00043152904343020653,-9.298465116279068e-05
Historical Trends_upper,1944,,,12209302325.581396,45.40232965116281,0.05268313953488374,0.00010536627906976543,0.0010897447046089726,1.1105391900530286e+16,0.014651162790697676,15.02921364308169,0.0002441860465116237,0.0002981796412672772,0.18756976023754662,0.04625012865484037,0.005570564459235819,0.0014986920194253938,,,,,,,,9.06480331052674e-05,0.0014986920194253938,,0.001136591194969864,0.000124742473237578,0.0004671190676306361,-0.00010065348837209304
Historical Trends_upper,1945,,,13139534883.72093,48.86155476744187,0.056697093023255825,0.00011339418604650945,0.00117277287257918,1.1951516997713544e+16,0.015767441860465116,16.174296587316483,0.00026279069767441406,0.0003208980901257365,0.20186078958897874,0.04977394798092344,0.005994988418034738,0.0016287296201401556,,,,,,,,9.851332669576821e-05,0.0016287296201401556,,0.0012231886193485202,0.0001342466616747268,0.0005027090918310655,-0.00010832232558139535
Historical Trends_upper,1946,,,14302325581.39535,53.18558616279072,0.061714534883720945,0.0001234290697674395,0.0012765580825419393,1.3009173369192622e+16,0.017162790697674422,17.60565026760998,0.000286046511627902,0.00034929615119881044,0.21972457627826888,0.05417872213852729,0.006525518366533387,0.0017904618394692217,,,,,,,,0.00010829566181325991,0.0017904618394692217,,0.0013314353998218407,0.00014612689722116285,0.0005471966220816023,-0.00011790837209302329
Historical Trends_upper,1947,,,15348837209.302324,57.07721441860466,0.06623023255813953,0.0001324604651162765,0.0013699647715084225,1.3961064103523786e+16,0.01841860465116279,18.893868579874123,0.00030697674418604117,0.00037485440616457705,0.23580198429863,0.05814301888037074,0.00700299532018217,0.0019407343108946871,,,,,,,,0.00011738485678329024,0.0019407343108946871,,0.0014288575022478288,0.0001568191092129552,0.0005872353993070852,-0.00012653581395348837
Historical Trends_upper,1948,,,16627906976.744184,61.833648953488385,0.07174941860465117,0.00014349883720929954,0.0014841285024674578,1.5124486112150768e+16,0.019953488372093025,20.468357628196966,0.0003325581395348779,0.0004060922733449585,0.25545214965684915,0.06298827045373497,0.007586578263530685,0.0021237531483990642,,,,,,,,0.000128454707977497,0.0021237531483990642,,0.001547928960768481,0.0001698873683140348,0.0006361716825826758,-0.00013708046511627908
Historical Trends_upper,1949,,,17906976744.186047,66.5900834883721,0.07726860465116281,0.0001545372093023226,0.0015982922334264933,1.6287908120777754e+16,0.021488372093023258,22.042846676519808,0.0003581395348837147,0.00043733014052533994,0.2751023150150684,0.0678335220270992,0.008170161206879202,0.0023105166563142762,,,,,,,,0.00013975105467776503,0.0023105166563142762,,0.0016670004192891339,0.0001829556274151144,0.0006851079658582663,-0.00014762511627906978
Historical Trends_upper,1950,,,19418604651.162792,72.21132430232561,0.08379127906976745,0.00016758255813953169,0.0017332130063780803,1.7662861403700552e+16,0.023302325581395354,23.903606460901354,0.0003883720930232491,0.0004742476199203362,0.2983252377111456,0.0735597284319842,0.008859850139927445,0.0025314578096841027,,,,,,,,0.00015311462819746842,0.0025314578096841027,,0.0018077212339044507,0.00019839993362548124,0.0007429417551839641,-0.00016008697674418609
Historical Trends_upper,1951,,,20930232558.139538,77.8325651162791,0.09031395348837212,0.00018062790697674074,0.0018681337793296675,1.9037814686623348e+16,0.025116279069767447,25.7643662452829,0.00041860465116278346,0.0005111650993153325,0.3215481604072228,0.0792859348368692,0.00954953907297569,0.0027570139715237855,,,,,,,,0.0001667573394153341,0.0027570139715237855,,0.0019484420485197669,0.00021384423983584808,0.000800775544509662,-0.00017254883720930236
Historical Trends_upper,1952,,,22558139534.883717,83.88620906976745,0.09733837209302325,0.00019467674418604275,0.0020134330732775297,2.051853360669405e+16,0.027069767441860463,27.76826139769378,0.0004511627906976665,0.0005509223848176359,0.34655746177222896,0.08545261865751456,0.010292281000873796,0.0030028096653993497,,,,,,,,0.00018162423395188265,0.0030028096653993497,,0.002099987541182415,0.0002304765696008584,0.0008630580868604131,-0.00018596930232558137
Historical Trends_upper,1953,,,24418604651.162792,90.80465930232562,0.10536627906976748,0.00021073255813953086,0.0021794894092179453,2.2210783801060572e+16,0.029302325581395353,30.05842728616338,0.0004883720930232474,0.0005963592825345544,0.37513952047509325,0.09250025730968074,0.011141128918471637,0.0032851360685411963,,,,,,,,0.00019870067981719492,0.0032851360685411963,,0.002273182389939728,0.000249484946475156,0.0009342381352612722,-0.00020130697674418607
Historical Trends_upper,1954,,,26395348837.2093,98.15551267441863,0.11389593023255815,0.0002277918604651119,0.0023559242661546358,2.4008799632574996e+16,0.031674418604651165,32.491728542662315,0.0005279069767441768,0.0006446359863587803,0.4055079578468865,0.09998837337760726,0.01204302983091934,0.003589362610267548,,,,,,,,0.00021710175039638208,0.003589362610267548,,0.0024572019167443723,0.0002696813469040972,0.0010098669366871847,-0.0002176032558139535
Historical Trends_upper,1955,,,28488372093.023254,105.93876918604653,0.12292732558139537,0.00024585465116278596,0.0025427376440876025,2.5912581101237332e+16,0.03418604651162791,35.06816516719061,0.0005697674418604552,0.0006957524962903135,0.43766277388760877,0.10791696686129418,0.012997983738216909,0.0039162053794443265,,,,,,,,0.00023687075815550352,0.0039162053794443265,,0.0026520461215963492,0.00029106577088768205,0.0010899444911381508,-0.00023485813953488374
Historical Trends_upper,1956,,,30813953488.372093,114.58683197674421,0.1329622093023256,0.0002659244186046461,0.002750308064013121,2.8027893844195484e+16,0.03697674418604652,37.930872527777595,0.0006162790697674312,0.0007525486184364617,0.4733903472661891,0.11672651517650187,0.014059043635214208,0.004282572680064256,,,,,,,,0.0002590303978712176,0.004282572680064256,,0.0028685396825429903,0.000314826241980554,0.0011789195516392244,-0.00025403023255813955
Historical Trends_upper,1957,,,33255813953.48837,123.66729790697677,0.14349883720930234,0.0002869976744185991,0.0029682570049349155,3.0248972224301536e+16,0.03990697674418605,40.93671525639393,0.0006651162790697558,0.000812184546689917,0.5109042993136983,0.12597654090746993,0.01517315652706137,0.004673444964885913,,,,,,,,0.00028267221577322387,0.004673444964885913,,0.003095857921536962,0.0003397747366280696,0.0012723433651653515,-0.00027416093023255816
Historical Trends_upper,1958,,,35930232558.139534,133.6125701162791,0.15503895348837213,0.00031007790697673825,0.0032069629878492623,3.2681581878703412e+16,0.04311627906976744,44.228828721068965,0.0007186046511627782,0.0008775000871579872,0.5519910086990657,0.13610752146995878,0.016393375408608264,0.005106175420567329,,,,,,,,0.0003088458152612,0.005106175420567329,,0.0033448255166255996,0.0003670992783848724,0.0013746646847415862,-0.0002962088372093024
Historical Trends_upper,1959,,,38720930232.558136,143.9902454651163,0.16708081395348837,0.0003341616279069703,0.0034560474917598844,3.5219957170253188e+16,0.04646511627906977,47.66407755377335,0.0007744186046511493,0.0009456554337333649,0.594864096753362,0.146678979448208,0.01766664728500502,0.00556548195346593,,,,,,,,0.00033662686250773247,0.00556548195346593,,0.003604617789761568,0.00039561184369631884,0.0014814347573428744,-0.0003192153488372093
Historical Trends_upper,1960,,,41860465116.279076,155.6651302325582,0.18062790697674425,0.0003612558139534815,0.003736267558659335,3.8075629373246696e+16,0.050232558139534894,51.5287324905658,0.0008372093023255669,0.001022330198630665,0.6430963208144456,0.1585718696737384,0.01909907814595138,0.006086095272323026,,,,,,,,0.00036811603623463,0.006086095272323026,,0.0038968840970395337,0.00042768847967169615,0.001601551089019324,-0.0003450976744186047
Historical Trends_upper,1961,,,45930232558.139534,170.79924011627912,0.19818895348837212,0.0003963779069767366,0.004099515793528992,4.177742667342346e+16,0.055116279069767446,56.538470371593014,0.0009186046511627747,0.0011217234123864239,0.7056195742269611,0.17398857922535185,0.02095593296569665,0.006755675121687993,,,,,,,,0.0004086154154033579,0.006755675121687993,,0.004275747828696155,0.000469269304084222,0.0017572574448962025,-0.00037864883720930236
Historical Trends_upper,1962,,,50581395348.83721,188.09536569767448,0.2182587209302326,0.00043651744186045673,0.0045146566333800296,4.600805215933975e+16,0.060697674418604665,62.263885092767,0.0010116279069767265,0.0012353156566787201,0.7770747209841217,0.1916076758557672,0.02307805275969125,0.007527580369803404,,,,,,,,0.0004553039221668242,0.007527580369803404,,0.004708734950589436,0.000516790246269966,0.0019352075658983497,-0.00041699302325581405
Historical Trends_upper,1963,,,53372093023.25581,198.47304104651167,0.23030058139534887,0.00046060116279068885,0.004763741137290651,4.854642745088954e+16,0.06404651162790698,65.69913392547139,0.0010674418604650977,0.0013034710032540976,0.8199478090384181,0.20217913383401645,0.024351324636088006,0.008037736854522692,,,,,,,,0.0004861606167486978,0.008037736854522692,,0.004968527223725406,0.0005453028115814124,0.0020419776384996377,-0.000439999534883721
Historical Trends_upper,1964,,,55813953488.37209,207.55350697674425,0.24083720930232563,0.0004816744186046419,0.0049816900782124465,5.076750583099559e+16,0.06697674418604652,68.70497665408773,0.0011162790697674223,0.0013631069315075532,0.8574617610859274,0.2114291595649845,0.02546543752793517,0.008507054468411645,,,,,,,,0.0005145471818663276,0.008507054468411645,,0.005195845462719379,0.0005702513062289282,0.0021354014520257652,-0.0004601302325581396
Historical Trends_upper,1965,,,59651162790.69768,221.82281058139543,0.2573947674418605,0.0005147895348837111,0.005324181271089553,5.425777185687654e+16,0.07158139534883722,73.42844379905625,0.0011930232558139326,0.0014568205330486974,0.9164122571605849,0.22596491428507723,0.027216186357980714,0.009203131943679452,,,,,,,,0.000556649263684378,0.009203131943679452,,0.005553059838281335,0.0006094560835321669,0.0022822103018525367,-0.0004917641860465116
Historical Trends_upper,1966,,,64651162790.697685,240.41614558139545,0.2789697674418606,0.0005579395348837103,0.005770457673929418,5.880569425423657e+16,0.07758139534883722,79.58326462431829,0.0012930232558139312,0.001578932195662916,0.9932265399245327,0.2449054431627738,0.029497465136524906,0.010098069910294227,,,,,,,,0.0006107793753906913,0.010098069910294227,,0.006018520994316614,0.0006605410963818418,0.002473506681929845,-0.0005329841860465118
Historical Trends_upper,1967,,,76279069767.44185,283.65645953488377,0.32914418604651163,0.0006582883720930105,0.006808309773557009,6.93822579690273e+16,0.09153488372093023,93.89680142725321,0.0015255813953488104,0.0018629128063936556,1.171864406817434,0.2889531847388121,0.03480276462151139,0.012063666693558617,,,,,,,,0.0007296680329477468,0.012063666693558617,,0.007100988799049816,0.0007793434518462017,0.0029183819844352116,-0.0006288446511627906
Historical Trends_upper,1968,,,86395348837.2093,321.27553267441874,0.3727959302325582,0.0007455918604651019,0.007711241100233016,7.858386840089526e+16,0.10367441860465117,106.34957844580661,0.001727906976744156,0.0021099759377294,1.3272793510142584,0.32727471990996565,0.03941837517344965,0.013837081676967292,,,,,,,,0.0008369326196952239,0.013837081676967292,,0.008042735789167704,0.0008827015011001948,0.003305423497614882,-0.0007122432558139536
Historical Trends_upper,1969,,,90465116279.06976,336.40964255813964,0.39035697674418607,0.000780713953488357,0.008074489335102674,8.228566570107202e+16,0.10855813953488372,111.35931632683383,0.0018093023255813638,0.0022093691514851587,1.389802604426774,0.34269142946157904,0.04127522999319492,0.014675250579388581,,,,,,,,0.0008876290679512313,0.014675250579388581,,0.008421599520824325,0.0009242823255127208,0.003461129853491761,-0.0007457944186046511
Historical Trends_upper,1970,,,90697674418.60464,337.2744488372094,0.3913604651162791,0.0007827209302325431,0.008095246377095223,8.249719697536782e+16,0.10883720930232559,111.64558706289253,0.0018139534883720612,0.0022150487636997734,1.3933753617646318,0.34357238429309983,0.04138133598289465,0.014904678747502412,,,,,,,,0.0009015059765547996,0.014904678747502412,,0.008443248876918987,0.000926658372622008,0.0034700273595418673,-0.0007477116279069767
Historical Trends_upper,1971,,,104651162790.69768,389.16282558139545,0.45156976744186056,0.0009031395348837037,0.009340668896648337,9.518907343311674e+16,0.12558139534883722,128.82183122641447,0.002093023255813917,0.0025558254965766625,1.607740802036114,0.396429674184346,0.04774769536487844,0.01742474176041896,,,,,,,,0.001053931393158942,0.01742474176041896,,0.009742210242598833,0.0010692211991792401,0.00400387772254831,-0.0008627441860465117
Historical Trends_upper,1972,,,111627906976.74419,415.1070139534885,0.48167441860465127,0.0009633488372092838,0.009963380156424893,1.0153501166199118e+17,0.13395348837209303,137.40995330817546,0.0022325581395348446,0.0027262138630151063,1.7149235221718548,0.422858319129969,0.05093087505587034,0.018835042011969488,,,,,,,,0.0011392330710446588,0.018835042011969488,,0.010391690925438757,0.0011405026124578564,0.0042708029040515304,-0.0009202604651162792
Historical Trends_upper,1973,,,115581395348.83722,429.8087206976746,0.4987337209302327,0.0009974674418604462,0.010316249870298274,1.0513104332502005e+17,0.13869767441860467,142.27655582117333,0.0023116279069767044,0.002822767270663558,1.7756603969154414,0.43783455126582216,0.052734676880765746,0.019766555587192515,,,,,,,,0.0011955754498058386,0.019766555587192515,,0.010759729979048047,0.0011808954133157388,0.004422060506903355,-0.0009528530232558141
Historical Trends_upper,1974,,,111627906976.74419,415.1070139534885,0.48167441860465127,0.0009633488372092838,0.009963380156424893,1.0153501166199118e+17,0.13395348837209303,137.40995330817546,0.0022325581395348446,0.0027262138630151063,1.7149235221718548,0.422858319129969,0.05093087505587034,0.019352851186622073,,,,,,,,0.0011705526367711213,0.019352851186622073,,0.010391690925438757,0.0011405026124578564,0.0042708029040515304,-0.0009202604651162792
Historical Trends_upper,1975,,,111744186046.51163,415.53941709302336,0.48217616279069775,0.0009643523255813769,0.009973758677421169,1.0164077729913909e+17,0.13409302325581396,137.5530886762048,0.0022348837209301936,0.0027290536691224132,1.7167099008407836,0.4232987965457294,0.050983928050720204,0.01964302139704881,,,,,,,,0.0011881035134689304,0.01964302139704881,,0.010402515603486087,0.0011416906360125,0.004275251657076584,-0.000921219069767442
Historical Trends_upper,1976,,,112093023255.81396,416.8366265116281,0.48368139534883736,0.0009673627906976559,0.010004894240409998,1.0195807421058282e+17,0.1345116279069768,137.98249478029285,0.0022418604651162403,0.002737573087444336,1.7220690368475708,0.4246202287930106,0.051143087035269805,0.01998285261882923,,,,,,,,0.0012086581247185222,0.01998285261882923,,0.010434989637628083,0.0011452547066764308,0.004288597916151745,-0.0009240948837209306
Historical Trends_upper,1977,,,118720930232.55814,441.4836054651164,0.5122808139534885,0.0010245616279069571,0.010596469937197725,1.0798671552801352e+17,0.14246511627906977,146.14121075796575,0.0023744186046511214,0.002899442035560858,1.8238926209765245,0.4497274414913525,0.054167107741712094,0.021467848233900095,,,,,,,,0.0012984777340387425,0.021467848233900095,,0.01105199628632601,0.0012129720492911158,0.004542176838579804,-0.0009787353488372094
Historical Trends_upper,1978,,,122906976744.18605,457.0501184883722,0.5303436046511629,0.0010606872093023051,0.010970096693063657,1.117942784653382e+17,0.1474883720930233,151.29408400702235,0.0024581395348836784,0.0030016750554239242,1.8882022530579694,0.4655846284587264,0.05607701555630724,0.02254806947843901,,,,,,,,0.0013638146610836462,0.02254806947843901,,0.011441684696029965,0.0012557408972582854,0.004702331947481737,-0.00101324511627907
Historical Trends_upper,1979,,,128023255813.95348,476.07585662790706,0.5524203488372093,0.0011048406976743971,0.011426751616899797,1.1644796649984613e+17,0.1536279069767442,157.5920402003137,0.002560465116279025,0.0031266265241454497,1.9668029144908457,0.4849656347521832,0.05841134732970129,0.023833355721257516,,,,,,,,0.0014415548961543758,0.023833355721257516,,0.011917970530112572,0.0013080139336626038,0.004898077080584098,-0.0010554237209302326
Historical Trends_upper,1980,,,128953488372.09303,479.5350817441862,0.5564343023255814,0.0011128686046511416,0.011509779784870007,1.172940915970294e+17,0.15474418604651166,158.73712314454852,0.0025790697674418156,0.0031493449730039093,1.981093943842278,0.4884894540782663,0.05883577128850022,0.024366185751514703,,,,,,,,0.0014737829947871776,0.024366185751514703,,0.012004567954491232,0.0013175181220997528,0.004933667104784528,-0.001063092558139535
Historical Trends_upper,1981,,,127093023255.81395,472.61663151162804,0.5484063953488373,0.0010968127906976534,0.011343723448929591,1.1560184140266286e+17,0.15251162790697678,156.44695725607892,0.002541860465116235,0.003103908075286991,1.9525118851394136,0.4814418154261002,0.057986923370902374,0.024379892216714247,,,,,,,,0.0014746120271000613,0.024379892216714247,,0.011831373105733917,0.0012985097452254551,0.004862487056383669,-0.0010477548837209306
Historical Trends_upper,1982,,,128488372093.02325,477.80546918604665,0.5544273255813954,0.0011088546511627694,0.011468265700884902,1.1687102904843776e+17,0.1541860465116279,158.1645816724311,0.0025697674418604204,0.0031379857485746795,1.973948429166562,0.48672754441522476,0.05862355930910075,0.02502822132783548,,,,,,,,0.0015138260603812677,0.02502822132783548,,0.011961269242301903,0.0013127660278811782,0.004915872092684313,-0.0010592581395348836
Historical Trends_upper,1983,,,130232558139.53488,484.2915162790699,0.5619534883720931,0.0011239069767441645,0.011623943515829042,1.1845751360565638e+17,0.15627906976744188,160.31161219287134,0.002604651162790652,0.0031805828401842906,2.000744109200497,0.4933347056516305,0.05941935423184873,0.025765906324975756,,,,,,,,0.001558444763340445,0.025765906324975756,,0.012123639413011882,0.001330586381200832,0.004982603388060118,-0.0010736372093023256
Historical Trends_upper,1984,,,138953488372.09305,516.7217517441862,0.5995843023255816,0.00119916860465114,0.012402332590549738,1.2638993639174947e+17,0.16674418604651167,171.0467647950726,0.0027790697674418127,0.0033935682982323464,2.1347225093701736,0.5263705118336595,0.06339832884558862,0.027929417426204535,,,,,,,,0.0016893042217120137,0.027929417426204535,,0.012935490266561786,0.0014196881477991025,0.005316259864939145,-0.0011455325581395353
Historical Trends_upper,1985,,,143488372093.02325,533.5854741860467,0.6191523255813954,0.001238304651162767,0.012807094909404498,1.3051479624051782e+17,0.17218604651162792,176.62904414821716,0.002869767441860415,0.0035043207364173342,2.204391277458405,0.5435491310483144,0.06546739564473333,0.029307988674229155,,,,,,,,0.001772686778307476,0.029307988674229155,,0.013357652710407734,0.0014660210664302026,0.005489761232916238,-0.0011829181395348837
Historical Trends_upper,1986,,,151046511627.90698,561.6916782558142,0.6517656976744187,0.0013035313953488122,0.013481698774162432,1.3738956265513182e+17,0.1812558139534884,185.9328430701249,0.0030209302325580867,0.0036889081333923157,2.320505890938791,0.5721801630727393,0.06891584030997455,0.03135962100067646,,,,,,,,0.001896779275389656,0.03135962100067646,,0.014061256783484317,0.0015432425974820367,0.005778930179544726,-0.0012452274418604651
Historical Trends_upper,1987,,,157674418604.65115,586.3386572093025,0.6803651162790698,0.0013607302325581133,0.014073274470950161,1.4341820397256253e+17,0.18920930232558142,194.0915590477978,0.0031534883720929683,0.003850777081508837,2.4223294750677447,0.5972873757710813,0.07193986101641685,0.03328356518017683,,,,,,,,0.002013148585038014,0.03328356518017683,,0.014678263432182242,0.0016109599400967217,0.006032509101972786,-0.0012998679069767443
Historical Trends_upper,1988,,,164418604651.1628,611.4180393023258,0.7094662790697677,0.0014189325581395078,0.014675228688734167,1.495526109271412e+17,0.19730232558139538,202.39341039350012,0.003288372093023199,0.004015485835732667,2.525939437865628,0.6228350658851837,0.07501693471770902,0.03529796968367998,,,,,,,,0.0021349893660351418,0.03529796968367998,,0.015306094758927502,0.001679865306266051,0.0062905367774259,-0.0013554669767441862
Historical Trends_upper,1989,,,170348837209.30234,633.4705994186048,0.7350552325581398,0.001470110465116251,0.015204533259544238,1.5494665842168445e+17,0.20441860465116282,209.6933141629969,0.0034069767441859875,0.004160315947205345,2.6170447499810074,0.6452994140889633,0.07772263745505215,0.037204370037199695,,,,,,,,0.0022502975415093834,0.037204370037199695,,0.015858153339341433,0.0017404545075528743,0.006517423181703637,-0.0014043558139534887
Historical Trends_upper,1990,,,173929000000.0,646.7840326430002,0.7505036350000001,0.0015010072699999713,0.015524081693906976,1.5820311893008624e+17,0.20871480000000003,214.10036626339976,0.0034785799999999395,0.004247751873365675,2.6720462773701303,0.6588614494337759,0.07935610733468257,0.033704499355495555,,,,,,,,0.002038608689292162,0.033704499355495555,,0.01619143868161196,0.001777033039986218,0.006654397618093225,-0.0014338706760000002
Historical Trends_upper,1991,,,168203000000.0,625.4909454010002,0.7257959450000001,0.0014515918899999723,0.015013005957374762,1.5299483820062954e+17,0.2018436,207.05186545430968,0.0033640599999999413,0.004107909597339872,2.5840785607488574,0.6371707557630378,0.07674358687749376,0.03344886019122383,,,,,,,,0.0020231464147717495,0.03344886019122383,,0.01565839256572036,0.0017185304832707704,0.0064353250036286915,-0.001386665532
Historical Trends_upper,1992,,,168593000000.0,626.9412255310002,0.7274787950000001,0.001454957589999972,0.015047815516796272,1.533495761476236e+17,0.20231160000000004,207.53194147868012,0.0033718599999999414,0.004117434307023781,2.5900700748044456,0.6386481170154982,0.07692152662222021,0.03679796777452684,,,,,,,,0.002225716396562105,0.03679796777452684,,0.015694698535891113,0.001722515114273045,0.006450246121274722,-0.0013898806920000003
Historical Trends_upper,1993,,,169513000000.0,630.3623991710002,0.7314485950000001,0.0014628971899999718,0.015129930374918808,1.5418639386873786e+17,0.20341560000000003,208.66442851052832,0.003390259999999941,0.004139902852944797,2.604203902833012,0.6421331743289944,0.07734128191747233,0.04014707535782987,,,,,,,,0.0024282863783524618,0.04014707535782987,,0.0157803433886016,0.001731914756637385,0.006485444655208947,-0.0013974651720000003
Historical Trends_upper,1994,,,177599000000.0,660.4315405330002,0.7663396850000002,0.0015326793699999704,0.015851648573591438,1.615412939697485e+17,0.21311880000000002,218.61800474914207,0.003551979999999938,0.004337381833724511,2.728427960918868,0.6727637976300052,0.081030565958134,0.04279962485132826,,,,,,,,0.0025887252084679326,0.04279962485132826,,0.016533087170141854,0.0018145294394178793,0.00679480916106997,-0.0014641261560000003
Historical Trends_upper,1995,,,181923000000.0,676.5110566410001,0.7849977450000002,0.0015699954899999699,0.016237588406767353,1.6547433725898547e+17,0.21830760000000002,223.94069379882868,0.0036384599999999367,0.0044429839995532875,2.79485695265313,0.6891435670034372,0.08300341584581901,0.045663252553858356,,,,,,,,0.0027619310542424604,0.045663252553858356,,0.01693561797788116,0.0018587077585302781,0.006960242270560826,-0.0014997732120000003
Historical Trends_upper,1996,,,190157000000.0,707.1305607190002,0.8205274550000002,0.0016410549099999685,0.01697251638696404,1.7296385586295795e+17,0.2281884,234.07645273387018,0.0038031399999999336,0.004644077485546382,2.921354713508799,0.7203348299592278,0.08676022573832559,0.04831580204735676,,,,,,,,0.0029223698843579313,0.04831580204735676,,0.017702139409640057,0.0019428345576911225,0.0072752691492721355,-0.001567654308
Historical Trends_upper,1997,,,195947000000.0,728.6616426490002,0.8455113050000002,0.0016910226099999676,0.017489304461452606,1.7823034999910083e+17,0.23513640000000002,241.20373524952362,0.003918939999999932,0.004785482790853647,3.0103056529494507,0.7422679623996004,0.08940194656387976,0.05072912957061922,,,,,,,,0.0030683394300598053,0.05072912957061922,,0.018241143428328912,0.002001991002571046,0.007496790357401659,-0.0016153870680000002
Historical Trends_upper,1998,,,199811000000.0,743.0305719370002,0.8621844650000001,0.001724368929999967,0.017834186865567255,1.8174498442778067e+17,0.23977320000000005,245.9601807832861,0.00399621999999993,0.004879850683721914,3.0696677306694293,0.7569052031162843,0.09116491880393872,0.052624142825037176,,,,,,,,0.0031829588595322198,0.052624142825037176,,0.018600851809712972,0.0020414695005012743,0.0076446241999254035,-0.0016472418840000002
Historical Trends_upper,1999,,,206256000000.0,766.9973807520003,0.8899946400000002,0.001779989279999966,0.01840943714882784,1.8760725639797773e+17,0.2475072,253.89374482704883,0.004125119999999928,0.005037252616831642,3.1686813411521575,0.7813195448396352,0.09410548714948218,0.055682431542563186,,,,,,,,0.0033679387308589875,0.055682431542563186,,0.019200831239842443,0.0021073180820645053,0.007891205233845053,-0.001700374464
Historical Trends_upper,2000,,,216938000000.0,806.7201816460002,0.9360874700000003,0.001872174939999964,0.019362862055854926,1.973234378076977e+17,0.26032560000000005,267.04290403813866,0.004338759999999924,0.005298131972840658,3.3327873748490555,0.821784090733946,0.09897921113196399,0.060934892276001865,,,,,,,,0.0036856325787460375,0.060934892276001865,,0.02019524245359621,0.0022164561035165507,0.008299890820242213,-0.0017884368720000004
Historical Trends_upper,2001,,,208673000000.0,775.9853988910002,0.9004239950000001,0.0018008479899999654,0.018625167161960627,1.8980572208486157e+17,0.2504076,256.8689852139805,0.0041734599999999275,0.005096281394539355,3.20581336544025,0.7904753964991137,0.09520825731103044,0.06134661452111206,,,,,,,,0.0037105355015755277,0.06134661452111206,,0.019425835162669897,0.0021320125772760386,0.007983677903974423,-0.0017203002120000001
Historical Trends_upper,2002,,,209095000000.0,777.5546763650002,0.9022449250000002,0.0018044898499999654,0.018662832890360314,1.9018956673519875e+17,0.250914,257.38845209163264,0.004181899999999928,0.005106587618863995,3.212296490905527,0.7920739771363912,0.09540079723993958,0.05982082031865098,,,,,,,,0.0036182481993254326,0.05982082031865098,,0.019465120084239274,0.002136324152360551,0.00799982331845295,-0.00172377918
Historical Trends_upper,2003,,,208964000000.0,777.0675309880003,0.9016796600000002,0.0018033593199999654,0.01865114044860591,1.900704111683879e+17,0.2507568,257.2271957860108,0.004179279999999928,0.0051033882933035025,3.210283956697112,0.7915777352797956,0.09534102773594172,0.06229115378930034,,,,,,,,0.003767665736301662,0.06229115378930034,,0.019452925001951154,0.0021349857250238897,0.007994811353294922,-0.001722699216
Historical Trends_upper,2004,,,222109000000.0,825.9494087030002,0.9584003350000002,0.0019168006699999632,0.019824401111671913,2.020268991510474e+17,0.26653080000000007,273.40821973562464,0.004442179999999922,0.005424419854316282,3.41222870608353,0.8413723856992598,0.1013385096447344,0.07064669346943671,,,,,,,,0.004273048581956483,0.07064669346943671,,0.020676622381167895,0.0022692882238056844,0.008497729536518164,-0.0018310665960000006
Historical Trends_upper,2005,,,233025000000.0,866.5423776750002,1.0055028750000001,0.0020110057499999616,0.02079871175435191,2.119559233289638e+17,0.27963000000000005,286.84542456133664,0.004660499999999919,0.005691014036135643,3.579929648213781,0.8827233483450467,0.10631899747405207,0.07471547800932743,,,,,,,,0.004519148054623072,0.07471547800932743,,0.021692817177024114,0.0023808170238590943,0.008915367793502944,-0.0019210581000000005
Historical Trends_upper,2006,,,235742000000.0,876.6459959140003,1.0172267300000002,0.002034453459999961,0.02104121835165509,2.1442726435968925e+17,0.28289040000000004,290.18995419778406,0.004714839999999918,0.00575736951360021,3.6216705294677096,0.8930156317371871,0.107558644362313,0.07781550432543718,,,,,,,,0.004706652414750151,0.07781550432543718,,0.021945748769213683,0.0024085766198416077,0.009019318246436954,-0.0019434570480000005
Historical Trends_upper,2007,,,242588000000.0,902.1039901960003,1.0467672200000002,0.00209353443999996,0.021652260002423433,2.206542797061546e+17,0.2911056,298.61713487173284,0.004851759999999916,0.005924564802051598,3.7268446454281072,0.9189490038765291,0.1106821712658957,0.08193272677651789,,,,,,,,0.004955681643043772,0.08193272677651789,,0.022583058184057186,0.0024785222194353826,0.009281241250038803,-0.001999895472
Historical Trends_upper,2008,,,241466000000.0,897.9316458220002,1.0419257900000003,0.0020838515799999602,0.02155211557762617,2.19633725920187e+17,0.28975920000000005,297.235993078544,0.004829319999999916,0.005897162944960967,3.709607520375877,0.9146987491963741,0.11017025230799038,0.0838890760798308,,,,,,,,0.005074010968958356,0.0838890760798308,,0.02247860870064287,0.002467058742551915,0.009238314342349457,-0.0019906457040000003
Historical Trends_upper,2009,,,228984000000.0,851.5152443280002,0.9880659600000001,0.001976131919999962,0.020438031165576732,2.0828029244741744e+17,0.2747808,281.8710983703599,0.00457967999999992,0.005592323390410832,3.517848344883958,0.8674156129060925,0.10447526796523265,0.08177535662373796,,,,,,,,0.0049461631464920615,0.08177535662373796,,0.021316631470716402,0.0023395301164739874,0.008760762059124466,-0.001887744096
Historical Trends_upper,2010,,,240546000000.0,894.5104721820002,1.0379559900000002,0.0020759119799999603,0.021470000719503633,2.1879690819907274e+17,0.28865520000000006,296.1035060466958,0.0048109199999999165,0.005874694399039951,3.695473692347311,0.9112136918828778,0.10975049701273824,0.08998090695887706,,,,,,,,0.005442473922012044,0.08998090695887706,,0.02239296384793238,0.0024576591001875757,0.009203115808415232,-0.0019830612240000003
Historical Trends_upper,2011,,,247680000000.0,921.0394425600003,1.0687392,0.002137478399999959,0.022106747891075553,2.2528588387562605e+17,0.29721600000000004,304.8852044001797,0.004953599999999914,0.006048923319257917,3.805072310994911,0.9382380384855753,0.1130054255739651,0.0948458023547029,,,,,,,,0.0057367259719185775,0.0948458023547029,,0.02305708382536351,0.0025305471965214915,0.009476057483509536,-0.0020418739200000003
Historical Trends_upper,2012,,,250361000000.0,931.0091887870002,1.080307715,0.0021606154299999587,0.022346041298278288,2.2772447986509046e+17,0.30043320000000007,308.1854193266852,0.005007219999999913,0.0061143995927516615,3.84626012941294,0.9483939500697962,0.11422864725502051,0.0972215829647223,,,,,,,,0.0058804245014339755,0.0972215829647223,,0.02330666409722963,0.0025579389804114873,0.009578630602506986,-0.0020639760840000005
Historical Trends_upper,2013,,,257476999999.99997,957.4712231590001,1.111013255,0.0022220265099999574,0.022981181874799982,2.3419708302101322e+17,0.30897240000000004,316.944960325198,0.00514953999999991,0.006288188910984216,3.95558221664259,0.9753501107685337,0.1174753632126446,0.10023829455798137,,,,,,,,0.006062889590211614,0.10023829455798137,,0.02396910841449903,0.0026306431706991434,0.009850883610633012,-0.002122640388
Historical Trends_upper,2014,,,265577000000.0,987.5924258590003,1.145964755,0.002291929509999956,0.023704149647400564,2.4156471730473648e+17,0.31869240000000004,326.9157700621226,0.005311539999999907,0.006486009804419251,4.080021354720186,1.0060337675504023,0.1211710348338862,0.1042735800541697,,,,,,,,0.006306962881125601,0.1042735800541697,,0.02472315548727619,0.0027134008915156173,0.010160783746358253,-0.0021894167880000003
Historical Trends_upper,2015,,,280081000000.0,1041.5279720270003,1.2085495150000003,0.0024170990299999537,0.024998708236758448,2.5475733059499846e+17,0.33609720000000004,344.76967431204264,0.005601619999999903,0.0068402313153305755,4.302844226161845,1.0609764537188244,0.12778856831468718,0.10953514186403684,,,,,,,,0.0066252072054725835,0.10953514186403684,,0.02607336520870332,0.0028615882967899537,0.01071569628568651,-0.002308987764
Historical Trends_upper,2016,,,293627000000.0,1091.9010352090004,1.2670005050000002,0.0025340010099999515,0.02620776026733221,2.670785619539262e+17,0.3523524,361.44431489184257,0.0058725399999998975,0.007171056231685015,4.510949481025931,1.11229013455428,0.1339690087815191,0.11539773478912385,,,,,,,,0.006979804754980952,0.11539773478912385,,0.02733439257263409,0.0029999878136022936,0.01123395643859195,-0.002420660988
Historical Trends_upper,2017,,,310950993000.0,1156.3231962863313,1.3417535347950003,0.0026835070695899487,0.027754018123104806,2.8283619710920787e+17,0.37314119160000003,382.7695294704613,0.006219019859999892,0.007594148549354431,4.777095500406462,1.1779152524929823,0.14187318029962873,0.1209908899044264,,,,,,,,0.007318105422151535,0.1209908899044264,,0.028947121734419504,0.003176987094604829,0.011896759868468875,-0.0025634799862920003
Historical Trends_upper,2018,,,327120444636.0,1216.4520024932203,1.4115247186043403,0.002823049437208626,0.02919722706550626,2.9754367935888666e+17,0.39254453356320007,402.67354500292527,0.006542408892719886,0.007989044273920862,5.025504466427598,1.2391668456226175,0.1492505856752094,0.1233883469342589,,,,,,,,0.0074631150448037165,0.1233883469342589,,0.030452372064609313,0.0033421904235242795,0.012515391381629257,-0.0026967809455791846
Historical Trends_upper,2019,,,292505677500.0,1087.7312102318929,1.2621619984125003,0.0025243239968249518,0.026107676312987528,2.6605862441144346e+17,0.35100681300000003,360.06400707687555,0.005850113549999898,0.007143670920724669,4.493722764309017,1.1080424463157876,0.13345739893688827,0.12259764306080996,,,,,,,,0.007415289507623408,0.12259764306080996,,0.027230006159206423,0.002988531258738067,0.011191055451562104,-0.00241141680531
Historical Trends_upper,2020,,,158440575300.0,589.1877388291254,0.6836710824195,0.0013673421648389738,0.014141658001752553,1.4411508821149541e+17,0.19012869036000005,195.03467048458722,0.0031688115059999447,0.00386948841508725,2.4340998304753483,0.6001896583737003,0.07228942441844463,0.06940627971115759,,,,,,,,0.004198022448523261,0.06940627971115759,,0.01474958666840649,0.001618787765022074,0.006061821702451232,-0.0013061841027732005
Historical Trends_upper,2021,,,188909916700.0,702.4930732050391,0.8151462905605001,0.0016302925811209686,0.016861207617130905,1.7182952824866922e+17,0.22669190004000003,232.54133788073486,0.003778198333999934,0.004613620802510096,2.9021959516615197,0.7156107465079192,0.08619123680485222,0.08429342376514502,,,,,,,,0.005098467843278976,0.08429342376514502,,0.017586045642742,0.0019300931044100992,0.007227556645083162,-0.0015573733532748002
Historical Trends_upper,2022,,,231566994700.0,861.1205414800652,0.9992115821305001,0.0019984231642609616,0.020668577082230816,2.1062974433709587e+17,0.27788039364000006,285.0506722845802,0.004631339893999919,0.005655406145878975,3.5575305219366737,0.8772002700473499,0.1056537741640731,0.10332742269568844,,,,,,,,0.006249734776589963,0.10332742269568844,,0.0215570882105354,0.002365920579962015,0.008859585566298239,-0.0019090383043068005
Historical Trends_upper,2023,1076937632512.1694,11615863382044.725,269197297382.2647,1001.0551062646144,1.1615863382044724,0.0023231726764089,0.0240272803059941,2.448576836147176e+17,0.3230367568587177,331.37222640652345,0.0053839459476452,0.0065744259109205,4.135639464082358,1.019747836973329,0.1228228163519221,0.1143510109567864,31609.255041993387,1033.2844808044356,1.0,1.0,1.0,1.0,0.0,0.0069164939110077,0.1143510109567864,10.786013072036893,0.025060177048224268,0.0027503894791741446,0.01029929370316437,-0.0022192625196193905
Historical Trends_upper,2024,1198347322705.4666,12617657611433.275,292413849627.6542,1084.12756375446,1.2579804638598977,0.0025159609277197,0.0260129736367288,2.6514338869849568e+17,0.3495452675987923,359.64356763227585,0.0058432843129186,0.007135339473144,4.514943773822461,1.1071335265401998,0.1333860294871211,0.126991752866717,32587.616609305576,1119.0314897047167,1.0,1.0,0.9746971613205142,1.0,1.0,0.0076810662022286,0.126991752866717,10.529215839483696,0.027358596250332018,0.0029850416113478893,0.0111504611493838,-0.002401375988403703
Historical Trends_upper,2025,1291261071710.3623,13434242482574.484,311338180360.93823,1157.763017148269,1.3434242482574483,0.0026868484965148,0.0277946459237379,2.830787029503407e+17,0.3732868687920693,382.91825315825184,0.0062214478132011,0.0075971632178458,4.835505312882398,1.1802346588531616,0.1421915910652531,0.1371912733531451,33593.35484692325,1195.0376663404202,1.0,1.0,0.9621415300703624,1.0,1.0,0.0082979817917746,0.1371912733531451,10.40397079792696,0.029301059802453032,0.0031782215012134906,0.011914174975210249,-0.002564480788601516
Historical Trends_upper,2026,1331824051583.6096,13691250375575.562,317294330836.0501,1179.911957367102,1.3691250375575563,0.0027382500751151,0.0283276701575079,2.885279086187279e+17,0.3804281476366086,390.2440954424126,0.0063404691272768,0.0077424815760107,4.958206071728293,1.2031815041293312,0.1449648492159984,0.1408281776179065,34663.20785365319,1217.899700659174,1.0,0.9977,0.9526300326483196,1.0,1.0,0.0085179590879232,0.1408281776179065,10.28007442822191,0.030044573052903138,0.003239025992172024,0.01214265581301576,-0.0026135413742635013
Historical Trends_upper,2027,1373804870396.9111,13971565050015.582,323790615295.84204,1204.069476010343,1.3971565050015582,0.0027943130100031,0.0289097457769046,2.9447208212080864e+17,0.3882170339272877,398.2342050382565,0.0064702838987881,0.0079009835487815,5.090839165266252,1.2280986881591265,0.1479795576028366,0.1445736289796265,35776.01888906746,1242.8349803981162,1.0,0.99540529,0.944410301457371,1.0,1.0,0.0087445018296144,0.1445736289796265,10.169977812044737,0.030848271933180762,0.003305343901817529,0.012392162527270155,-0.002667051023080466
Historical Trends_upper,2028,1417258782318.3984,14265229578972.406,330596282247.3327,1229.377485115842,1.4265229578972407,0.0028530459157944,0.0295218999343787,3.0070935147095917e+17,0.3963768622638522,406.6047301339127,0.0066062810377308,0.0080670417800165,5.2298466791630895,1.254203696701602,0.1511423624217643,0.1484313378696006,36933.85897232697,1268.9577911056588,1.0,0.993115858,0.936657886625394,1.0,1.0,0.0089778344414094,0.1484313378696006,10.065366859563133,0.031690597029346075,0.0033748192601114756,0.01265456240687143,-0.0027231090437526647
Historical Trends_upper,2029,1462243429054.4243,14568182678552.422,337617211553.9379,1255.4859832376478,1.4568182678552422,0.0029136365357104,0.030155337077876,3.071525504473688e+17,0.4047947849029413,415.239933039717,0.0067465797483823,0.0082383580652372,5.373819934001826,1.281147815346259,0.1544103242852644,0.1524051598214733,38138.9147592776,1295.9068628975594,1.0,0.990831691,0.9290610671183154,1.0,1.0,0.0092181901243508,0.1524051598214733,9.962898371834775,0.0325630123566015,0.003446491444229651,0.012926085238431547,-0.0027809401722832068
Historical Trends_upper,2030,1508818953174.4756,14880010083789.977,344843802637.0794,1282.3592690210205,1.4880010083789976,0.0029760020167579,0.0308070151473011,3.137833202302058e+17,0.4134592909854886,424.12808841770914,0.0068909881830914,0.0084146923606027,5.522717727778333,1.3088254793143466,0.1577687672672114,0.1564991023385264,39393.49583721409,1323.645344999504,1.0,0.988552778,0.9216075989058652,1.0,1.0,0.0094658112713288,0.1564991023385264,9.862024898668736,0.03346526824871592,0.0035202631338669857,0.013205427042890615,-0.002840465329070307
Historical Trends_upper,2031,1557048117284.2969,15200389732252.342,352268591709.2084,1309.969587125507,1.5200389732252342,0.0030400779464504,0.0314755560241675,3.205918339249974e+17,0.4223614316126468,433.26004632659686,0.0070393571935441,0.0085958604485859,5.67649730563542,1.3371952501443538,0.1612118160558665,0.1607173311775883,40700.04253046873,1352.1445884766142,1.0,0.986279107,0.9142625751128408,1.0,1.0,0.0097209498471621,0.1607173311775883,9.762312136354453,0.03439710562984385,0.003596058384510754,0.0134919970897594,-0.002901623035178883
Historical Trends_upper,2032,1606996429371.93,15529191185503.363,359888555863.34564,1338.30569636668,1.5529191185503364,0.0031058382371006,0.0321608497773999,3.275761652147031e+17,0.431497582392831,442.6320869968164,0.0071916263732138,0.0087817886956527,5.8351688995451765,1.3662629831047384,0.1647399992793573,0.1650641773838544,42061.13425600199,1381.3929902299776,1.0,0.984010665,0.9069901180521268,1.0,1.0,0.0099838678140972,0.1650641773838544,9.66348829510014,0.035358586501287446,0.003673846322073576,0.013785748257082465,-0.0029643883910387488
Historical Trends_upper,2033,1658732274670.572,15866811440668.717,367712895496.3781,1367.40180995683,1.5866811440668716,0.0031733622881337,0.0328638441252393,3.3474536003737376e+17,0.4408787743770404,452.2555238276583,0.0073479795729506,0.0089727017654475,5.998947471427703,1.396074228690026,0.1683587891157099,0.1695441451885494,43479.49847142733,1411.4258649801093,1.0,0.981747441,0.8997905183711945,1.0,1.0,0.0102548376094966,0.1695441451885494,9.565625316972806,0.03635101343882083,0.0037537208477695636,0.014087086784283826,-0.003028837179970268
Historical Trends_upper,2034,1712327054402.527,16214103158756.225,375761371002.4618,1397.3314102216116,1.6214103158756226,0.0032428206317512,0.0335864073469575,3.4211802544240544e+17,0.4505286997949015,462.1546579734274,0.0075088116632483,0.0091690820100223,6.168228209429451,1.4267113705681087,0.1720781804118058,0.1741619189391635,44958.020261448386,1442.3190608458965,1.0,0.979489421,0.8926899343750582,1.0,1.0,0.010534142565013,0.1741619189391635,9.469045715927043,0.03737678111079055,0.0038358836611794476,0.014396813509273333,-0.0030951321675909737
Historical Trends_upper,2035,1767855331790.1824,16572411242178.066,384065150456.03864,1428.210400850906,1.657241124217807,0.0033144822484356,0.0343314576794109,3.4972314547160083e+17,0.4604847284058869,472.367818159201,0.0076747454734314,0.0093716903477383,6.343613054237806,1.458292420643843,0.1759127242195426,0.1789223726413346,46499.75261255098,1474.1922130834532,1.0,0.977236596,0.8857399109332003,1.0,1.0,0.0108220774837269,0.1789223726413346,9.374302831327467,0.038439537016048825,0.003920652890721368,0.01471617933427948,-0.003163530084148443
Historical Trends_upper,2036,1825394985742.94,16943461505121.951,392664229550.9143,1460.18751251141,1.6943461505121953,0.0033886923010243,0.0351027619573533,3.575977712758694e+17,0.470794814069329,482.94418656602966,0.0078465802344888,0.0095815033663794,6.525875577587587,1.4909611259700628,0.1798803547798999,0.1838305767666322,48107.927430004616,1507.1988408035213,1.0,0.974988952,0.8790075095791008,1.0,1.0,0.0111189490519148,0.1838305767666322,9.282079570425644,0.03954396866297313,0.004008436748498046,0.01504679891301949,-0.0032343603726562903
Historical Trends_upper,2037,1885027372653.492,17329188017771.363,401603430307.5635,1493.4294233715364,1.7329188017771364,0.0034658376035542,0.0359045563810704,3.657834504845273e+17,0.4815126972922758,493.9388792002777,0.0080252116215379,0.0097996155728552,6.715892531142371,1.5248763256777291,0.1840009863744178,0.1888918084639457,49785.96735582304,1541.510988445645,1.0,0.972746477,0.8725622021423215,1.0,1.0,0.0114250764566816,0.1888918084639457,9.193069697114067,0.04069538878544836,0.004099692697362305,0.015390488092745826,-0.003307992230397935
Historical Trends_upper,2038,1946837496762.7896,17731315145149.78,410922714835.4527,1528.0847392090084,1.7731315145149784,0.0035462630290299,0.0367406634936961,3.743173263664848e+17,0.4926862916672578,505.4010342570262,0.0082114381944542,0.0100270029229737,6.914481017075949,1.560177956751052,0.1882922700153683,0.1941115608521854,51537.498451346975,1577.2820462107409,1.0,0.97050916,0.8664535176822288,1.0,1.0,0.0117407919480285,0.1941115608521854,9.107753048024549,0.04189874866738587,0.004194828584333317,0.01574888540657283,-0.003384754823754061
Historical Trends_upper,2039,2010914189580.6924,18151277370909.03,420655327251.6578,1564.2770838249403,1.8151277370909031,0.0036302554741818,0.0376143040737958,3.832304306976748e+17,0.504355456078125,517.3715276976709,0.0084059242679687,0.0102644774215635,7.1223626337508374,1.5969808634716376,0.1927688149224885,0.1994955525511949,53366.363813585536,1614.6396180182649,1.0,0.968276989,0.8607091707865856,1.0,1.0,0.0120664414153269,0.1994955525511949,9.026380869436236,0.04315842088112409,0.004294183679890668,0.01612337144123257,-0.0034649219832567192
Historical Trends_upper,2040,2077350298878.6216,18589649276305.668,430814583460.15454,1602.0559746320223,1.8589649276305669,0.0037179298552611,0.0385268621577452,3.9253552204281024e+17,0.5165361559682884,529.8667289363624,0.0086089359328048,0.0105123645557159,7.339928865603464,1.635329041213294,0.19743645018112,0.2050497382783213,55276.6382004307,1653.6348155140602,1.0,0.966049952,0.8553102488037319,1.0,1.0,0.0124023850282504,0.2050497382783213,8.948731124616096,0.044476777652137166,0.004397893850171809,0.01651453946391748,-0.0035486033915021415
Historical Trends_upper,2041,2146242887801.773,19046253691362.742,441396377551.85974,1641.4061431216417,1.904625369136275,0.0038092507382725,0.0394781075677056,4.0222941921476915e+17,0.5292234684531103,542.8815835781317,0.0088203911408851,0.010770564448827,7.567271456674718,1.675206492220797,0.202293514873762,0.2107803197896875,57272.64374639122,1694.2518786136968,1.0,0.963828037,0.8502021656154597,1.0,1.0,0.0127489978985544,0.2107803197896875,8.874230311775346,0.04585437490942415,0.004505917143698492,0.016922290808897008,-0.003635765228272868
Historical Trends_upper,2042,2217693444681.623,19519930398522.6,452373821518.48425,1682.2276017446777,1.9519930398522596,0.0039039860797045,0.0404657038233013,4.122880901264604e+17,0.5423851554678257,556.3830214016002,0.0090397525911304,0.0110384210147938,7.804078553947069,1.716518181784345,0.2073285023623688,0.2166937576034139,59358.966857633146,1736.3876006284183,1.0,0.9616112329999998,0.8452896779536873,1.0,1.0,0.0131066707891528,0.2166937576034139,8.801906523795909,0.04728932295928708,0.004617979077633282,0.0173456239438581,-0.003726186018063963
Historical Trends_upper,2043,2291808104164.765,20009133686762.98,463711093551.8651,1724.3871411252337,2.000913368676298,0.0040018267373525,0.0414864931966305,4.226794271390248e+17,0.5559782675399729,570.3269865183042,0.0092663044589995,0.0113150600203621,8.049864041090858,1.759142299237593,0.2125264536953396,0.2227967824223193,61540.47638292389,1779.9044834525264,1.0,0.959399527,0.8404684857898322,1.0,1.0,0.0134758108050171,0.2227967824223193,8.730719491916267,0.048778676148123166,0.0047337139881019254,0.017783185308735665,-0.0038195706979996143
Historical Trends_upper,2044,2368697880311.662,20512294741162.93,475371836411.65533,1767.749560793421,2.0512294741162926,0.0041024589482325,0.0425372727438519,4.333709311884055e+17,0.5699592132269886,584.6687646970745,0.0094993202204498,0.0115995941534725,8.304114196088102,1.802958084359294,0.2178724768848804,0.2290964087268015,63822.343165622784,1824.662973782252,1.0,0.957192908,0.8356432607159628,1.0,1.0,0.0138568422153388,0.2290964087268015,8.659734494491133,0.05031932154386082,0.004852750746985718,0.018233601961652118,-0.003915619794869412
Historical Trends_upper,2045,2448478912358.8306,21028152608711.23,487326827548.34845,1812.2061918187344,2.1028152608711235,0.0042056305217422,0.0436154872895967,4.443366749901939e+17,0.5842929554062469,599.3724164112538,0.0097382159234374,0.0118913102233537,8.566424597530249,1.8478730384653288,0.2233550861965266,0.2355999474637885,66210.06109121589,1870.5509040468648,1.0,0.954991364,0.8307408466828342,1.0,1.0,0.0142502072210174,0.2355999474637885,8.588251466071645,0.0519088085285996,0.0049747910562134064,0.018695778626685627,-0.004014092603640916
Historical Trends_upper,2046,2531272723880.4795,21556413512727.72,499569258695.89154,1857.731716526875,2.155641351272772,0.0043112827025455,0.0447206030086341,4.55571240725822e+17,0.5989713311331523,614.4295684228279,0.0099828555188858,0.012190042074507,8.836777689186734,1.8938775713685831,0.2289729281458115,0.2423150205672566,68709.46975513961,1917.5421414592893,1.0,0.952794884,0.8257338947790719,1.0,1.0,0.0146563668329308,0.2423150205672566,8.516037529010864,0.05354703071921543,0.005099765417909471,0.019169486479651006,-0.004114933044884756
Historical Trends_upper,2047,2617206496130.8247,22097786725725.09,512115567224.21985,1904.387260022988,2.209778672572509,0.004419557345145,0.0458541657560174,4.670902149110935e+17,0.6140140484125088,629.8604362743488,0.0102335674735418,0.0124961908729128,9.115578178977016,1.9410419956180711,0.2347345089281055,0.2492495752485932,71326.77888686521,1965.699779072185,1.0,0.9506034559999998,0.820637565006598,1.0,1.0,0.0150758017362841,0.2492495752485932,8.443272152347774,0.055236440469740286,0.005227841621077096,0.019655388151316858,-0.004218276512593936
Historical Trends_upper,2048,2706413356396.4277,22654015742984.15,525006158585.9594,1952.323076730374,2.265401574298415,0.0045308031485968,0.0470197915155651,4.789306300196758e+17,0.6294695523944598,645.7147156774466,0.0104911592065743,0.0128107425359645,9.40367753982504,1.9895184784040232,0.2406583659436259,0.2564118997726172,74068.59467852511,2015.1789088108576,1.0,0.948417068,0.815504713511095,1.0,1.0,0.015509013244819,0.2564118997726172,8.370493623763307,0.05698219733588764,0.005359432140122807,0.020155033633146982,-0.004324455824949939
Historical Trends_upper,2049,2799032682239.113,23227251749290.625,538290886426.2022,2001.7245557538663,2.3227251749290625,0.0046454503498581,0.0482217776084982,4.911372756722176e+17,0.6453976163809906,662.0537278692427,0.0107566269396831,0.0131349131763496,9.70212829207961,2.039483190986486,0.2467659677707262,0.2638106400913756,76941.94817986316,2066.170888457448,1.0,0.946235709,0.810398932337416,1.0,1.0,0.0159565243069045,0.2638106400913756,8.298313877031891,0.05879067913335371,0.005495045941314714,0.020670264971882752,-0.004433881624537405
Historical Trends_upper,2050,2895210422564.5283,23819602563739.633,552018599391.4167,2052.7733489430816,2.3819602563739637,0.0047639205127479,0.049464075987286,5.03752936769416e+17,0.6618568087053001,678.937567089819,0.011030946811755,0.013469893749072,10.01199446658755,2.091098984545622,0.2530770237528721,0.2714548165243501,79954.32593610536,2118.863218216434,1.0,0.944059367,0.8053766844152833,1.0,1.0,0.0164188805144356,0.2714548165243501,8.227243995149973,0.060668333426448125,0.005635181806845498,0.02120277617195014,-0.004546956275805411
SLCP Forward,1940,,,8953488372.093023,33.29504174418605,0.038634302325581404,7.72686046511613e-05,0.0007991461167132466,8143954060388877.0,0.010744186046511629,11.021423338259904,0.00017906976744185734,0.00021866507026266997,0.1375511575075342,0.0339167610135496,0.004085080603439601,0.00037852697809261527,,,,,,,,6.398432532486963e-05,0.0010578585596153222,,0.0005128265980987415,5.73114013589515e-05,8.045003956952254e-05,-0.00021391674418604653
SLCP Forward,1941,,,9651162790.697676,35.88946058139537,0.04164476744186048,8.328953488371934e-05,0.0008614172426909024,8778547883276322.0,0.011581395348837212,11.880235546436003,0.00019302325581395014,0.0002357039069065144,0.1482694295211083,0.03655962550811191,0.004403398572538791,0.00041188099397699836,,,,,,,,6.962232294921616e-05,0.0011510720773905522,,0.000552787112236306,6.177722484146721e-05,8.671887382169315e-05,-0.0002305855813953489
SLCP Forward,1942,,,10465116279.069769,38.91628255813955,0.04515697674418606,9.031395348837037e-05,0.0009340668896648338,9518907343311674.0,0.012558139534883724,12.88218312264145,0.00020930232558139173,0.00025558254965766625,0.1607740802036114,0.0396429674184346,0.004774769536487845,0.00045088164301005116,,,,,,,,7.621479947014026e-05,0.0012600660799265446,,0.0005994077120634642,6.698735223773553e-05,9.403251378255883e-05,-0.00025003255813953494
SLCP Forward,1943,,,11279069767.441858,41.94310453488372,0.048669186046511624,9.733837209302137e-05,0.0010067165366387648,1.0259266803347024e+16,0.013534883720930231,13.88413069884689,0.00022558139534883324,0.00027546119240881795,0.17327873088611448,0.04272630932875728,0.005146140500436898,0.0004906341192486628,,,,,,,,8.293436113767916e-05,0.001371161192530727,,0.0006460283118906225,7.219747963400383e-05,0.00010134615374342446,-0.0002694795348837209
SLCP Forward,1944,,,12209302325.581396,45.40232965116281,0.05268313953488374,0.00010536627906976543,0.0010897447046089726,1.1105391900530286e+16,0.014651162790697676,15.02921364308169,0.0002441860465116237,0.0002981796412672772,0.18756976023754662,0.04625012865484037,0.005570564459235819,0.0005362676853613621,,,,,,,,9.06480331052674e-05,0.0014986920194253938,,0.0006993089974073748,7.815191094402478e-05,0.00010970459941298529,-0.0002917046511627908
SLCP Forward,1945,,,13139534883.72093,48.86155476744187,0.056697093023255825,0.00011339418604650945,0.00117277287257918,1.1951516997713544e+16,0.015767441860465116,16.174296587316483,0.00026279069767441406,0.0003208980901257365,0.20186078958897874,0.04977394798092344,0.005994988418034738,0.0005827982348280811,,,,,,,,9.851332669576821e-05,0.0016287296201401556,,0.0007525896829241272,8.410634225404571e-05,0.00011806304508254607,-0.00031392976744186045
SLCP Forward,1946,,,14302325581.39535,53.18558616279072,0.061714534883720945,0.0001234290697674395,0.0012765580825419393,1.3009173369192622e+16,0.017162790697674422,17.60565026760998,0.000286046511627902,0.00034929615119881044,0.21972457627826888,0.05417872213852729,0.006525518366533387,0.0006406698734194495,,,,,,,,0.00010829566181325991,0.0017904618394692217,,0.0008191905398200676,9.15493813915719e-05,0.00012851110216949705,-0.0003417111627906977
SLCP Forward,1947,,,15348837209.302324,57.07721441860466,0.06623023255813953,0.0001324604651162765,0.0013699647715084225,1.3961064103523786e+16,0.01841860465116279,18.893868579874123,0.00030697674418604117,0.00037485440616457705,0.23580198429863,0.05814301888037074,0.00700299532018217,0.0006944409413776033,,,,,,,,0.00011738485678329024,0.0019407343108946871,,0.0008791313110264139,9.824811661534544e-05,0.0001379143535477529,-0.00036671441860465113
SLCP Forward,1948,,,16627906976.744184,61.833648953488385,0.07174941860465117,0.00014349883720929954,0.0014841285024674578,1.5124486112150768e+16,0.019953488372093025,20.468357628196966,0.0003325581395348779,0.0004060922733449585,0.25545214965684915,0.06298827045373497,0.007586578263530685,0.0007599294387432127,,,,,,,,0.000128454707977497,0.0021237531483990642,,0.0009523922536119484,0.00010643545966662422,0.00014940721634339898,-0.00039727395348837215
SLCP Forward,1949,,,17906976744.186047,66.5900834883721,0.07726860465116281,0.0001545372093023226,0.0015982922334264933,1.6287908120777754e+16,0.021488372093023258,22.042846676519808,0.0003581395348837147,0.00043733014052533994,0.2751023150150684,0.0678335220270992,0.008170161206879202,0.0008267578683348103,,,,,,,,0.00013975105467776503,0.0023105166563142762,,0.001025653196197483,0.000114622802717903,0.00016090007913904507,-0.00042783348837209306
SLCP Forward,1950,,,19418604651.162792,72.21132430232561,0.08379127906976745,0.00016758255813953169,0.0017332130063780803,1.7662861403700552e+16,0.023302325581395354,23.903606460901354,0.0003883720930232491,0.0004742476199203362,0.2983252377111456,0.0735597284319842,0.008859850139927445,0.0009058158731703427,,,,,,,,0.00015311462819746842,0.0025314578096841027,,0.001112234310162206,0.00012429875359668704,0.00017448255335208136,-0.0004639493023255815
SLCP Forward,1951,,,20930232558.139538,77.8325651162791,0.09031395348837212,0.00018062790697674074,0.0018681337793296675,1.9037814686623348e+16,0.025116279069767447,25.7643662452829,0.00041860465116278346,0.0005111650993153325,0.3215481604072228,0.0792859348368692,0.00954953907297569,0.0009865252379103614,,,,,,,,0.0001667573394153341,0.0027570139715237855,,0.0011988154241269284,0.00013397470447547107,0.00018806502756511765,-0.0005000651162790699
SLCP Forward,1952,,,22558139534.883717,83.88620906976745,0.09733837209302325,0.00019467674418604275,0.0020134330732775297,2.051853360669405e+16,0.027069767441860463,27.76826139769378,0.0004511627906976665,0.0005509223848176359,0.34655746177222896,0.08545261865751456,0.010292281000873796,0.0010744767890749404,,,,,,,,0.00018162423395188265,0.0030028096653993497,,0.001292056623781245,0.00014439495926800767,0.00020269230748684892,-0.0005389590697674418
SLCP Forward,1953,,,24418604651.162792,90.80465930232562,0.10536627906976748,0.00021073255813953086,0.0021794894092179453,2.2210783801060572e+16,0.029302325581395353,30.05842728616338,0.0004883720930232474,0.0005963592825345544,0.37513952047509325,0.09250025730968074,0.011141128918471637,0.0011754998977369358,,,,,,,,0.00019870067981719492,0.0032851360685411963,,0.0013986179948147497,0.00015630382188804956,0.00021940919882597058,-0.0005834093023255816
SLCP Forward,1954,,,26395348837.2093,98.15551267441863,0.11389593023255815,0.0002277918604651119,0.0023559242661546358,2.4008799632574996e+16,0.031674418604651165,32.491728542662315,0.0005279069767441768,0.0006446359863587803,0.4055079578468865,0.09998837337760726,0.01204302983091934,0.0012843593973822555,,,,,,,,0.00021710175039638208,0.003589362610267548,,0.0015118394515378484,0.00016895698842184405,0.0002371708958737872,-0.0006306376744186047
SLCP Forward,1955,,,28488372093.023254,105.93876918604653,0.12292732558139537,0.00024585465116278596,0.0025427376440876025,2.5912581101237332e+16,0.03418604651162791,35.06816516719061,0.0005697674418604552,0.0006957524962903135,0.43766277388760877,0.10791696686129418,0.012997983738216909,0.0014013115216557476,,,,,,,,0.00023687075815550352,0.0039162053794443265,,0.0016317209939505414,0.00018235445886939113,0.00025597739863029897,-0.0006806441860465116
SLCP Forward,1956,,,30813953488.372093,114.58683197674421,0.1329622093023256,0.0002659244186046461,0.002750308064013121,2.8027893844195484e+16,0.03697674418604652,37.930872527777595,0.0006162790697674312,0.0007525486184364617,0.4733903472661891,0.11672651517650187,0.014059043635214208,0.0015324064642783602,,,,,,,,0.0002590303978712176,0.004282572680064256,,0.0017649227077424223,0.00019724053714444348,0.0002768735128042009,-0.0007362069767441861
SLCP Forward,1957,,,33255813953.48837,123.66729790697677,0.14349883720930234,0.0002869976744185991,0.0029682570049349155,3.0248972224301536e+16,0.03990697674418605,40.93671525639393,0.0006651162790697558,0.000812184546689917,0.5109042993136983,0.12597654090746993,0.01517315652706137,0.0016722698736622201,,,,,,,,0.00028267221577322387,0.004673444964885913,,0.0019047845072238969,0.00021287091933324843,0.00029881443268679796,-0.0007945479069767443
SLCP Forward,1958,,,35930232558.139534,133.6125701162791,0.15503895348837213,0.00031007790697673825,0.0032069629878492623,3.2681581878703412e+16,0.04311627906976744,44.228828721068965,0.0007186046511627782,0.0008775000871579872,0.5519910086990657,0.13610752146995878,0.016393375408608264,0.0018271111331376745,,,,,,,,0.0003088458152612,0.005106175420567329,,0.00205796647808456,0.0002299899093495586,0.0003228449639867852,-0.0008584451162790698
SLCP Forward,1959,,,38720930232.558136,143.9902454651163,0.16708081395348837,0.0003341616279069703,0.0034560474917598844,3.5219957170253188e+16,0.04646511627906977,47.66407755377335,0.0007744186046511493,0.0009456554337333649,0.594864096753362,0.146678979448208,0.01766664728500502,0.001991461945763822,,,,,,,,0.00033662686250773247,0.00556548195346593,,0.0022178085346348173,0.0002478532032796214,0.0003479203009954676,-0.0009251204651162791
SLCP Forward,1960,,,41860465116.279076,155.6651302325582,0.18062790697674425,0.0003612558139534815,0.003736267558659335,3.8075629373246696e+16,0.050232558139534894,51.5287324905658,0.0008372093023255669,0.001022330198630665,0.6430963208144456,0.1585718696737384,0.01909907814595138,0.0021777497859958887,,,,,,,,0.00036811603623463,0.006086095272323026,,0.002397630848253857,0.00026794940895094214,0.0003761300551302353,-0.0010001302325581397
SLCP Forward,1961,,,45930232558.139534,170.79924011627912,0.19818895348837212,0.0003963779069767366,0.004099515793528992,4.177742667342346e+16,0.055116279069767446,56.538470371593014,0.0009186046511627747,0.0011217234123864239,0.7056195742269611,0.17398857922535185,0.02095593296569665,0.0024173413974339954,,,,,,,,0.0004086154154033579,0.006755675121687993,,0.0026307338473896486,0.0002940000459322837,0.0004126982549345636,-0.0010973651162790698
SLCP Forward,1962,,,50581395348.83721,188.09536569767448,0.2182587209302326,0.00043651744186045673,0.0045146566333800296,4.600805215933975e+16,0.060697674418604665,62.263885092767,0.0010116279069767265,0.0012353156566787201,0.7770747209841217,0.1916076758557672,0.02307805275969125,0.0026935474727047834,,,,,,,,0.0004553039221668242,0.007527580369803404,,0.00289713727497341,0.00032377220248238834,0.00045449048328236757,-0.0012084906976744189
SLCP Forward,1963,,,53372093023.25581,198.47304104651167,0.23030058139534887,0.00046060116279068885,0.004763741137290651,4.854642745088954e+16,0.06404651162790698,65.69913392547139,0.0010674418604650977,0.0013034710032540976,0.8199478090384181,0.20217913383401645,0.024351324636088006,0.0028760936087263746,,,,,,,,0.0004861606167486978,0.008037736854522692,,0.0030569793315236675,0.00034163549641245115,0.00047956582029104987,-0.001275166046511628
SLCP Forward,1964,,,55813953488.37209,207.55350697674425,0.24083720930232563,0.0004816744186046419,0.0049816900782124465,5.076750583099559e+16,0.06697674418604652,68.70497665408773,0.0011162790697674223,0.0013631069315075532,0.8574617610859274,0.2114291595649845,0.02546543752793517,0.003044026624474361,,,,,,,,0.0005145471818663276,0.008507054468411645,,0.0031968411310051422,0.0003572658786012562,0.0005015067401736471,-0.0013335069767441861
SLCP Forward,1965,,,59651162790.69768,221.82281058139543,0.2573947674418605,0.0005147895348837111,0.005324181271089553,5.425777185687654e+16,0.07158139534883722,73.42844379905625,0.0011930232558139326,0.0014568205330486974,0.9164122571605849,0.22596491428507723,0.027216186357980714,0.003293099717315122,,,,,,,,0.000556649263684378,0.009203131943679452,,0.003416623958761746,0.0003818279077550925,0.0005359853285605852,-0.001425185581395349
SLCP Forward,1966,,,64651162790.697685,240.41614558139545,0.2789697674418606,0.0005579395348837103,0.005770457673929418,5.880569425423657e+16,0.07758139534883722,79.58326462431829,0.0012930232558139312,0.001578932195662916,0.9932265399245327,0.2449054431627738,0.029497465136524906,0.003613329828423951,,,,,,,,0.0006107793753906913,0.010098069910294227,,0.00370300764341429,0.0004138329760464551,0.0005809119740344744,-0.001544645581395349
SLCP Forward,1967,,,76279069767.44185,283.65645953488377,0.32914418604651163,0.0006582883720930105,0.006808309773557009,6.93822579690273e+16,0.09153488372093023,93.89680142725321,0.0015255813953488104,0.0018629128063936556,1.171864406817434,0.2889531847388121,0.03480276462151139,0.004316667154340369,,,,,,,,0.0007296680329477468,0.012063666693558617,,0.004369016212373694,0.00048826336742171665,0.0006853925449039841,-0.0018224595348837209
SLCP Forward,1968,,,86395348837.2093,321.27553267441874,0.3727959302325582,0.0007455918604651019,0.007711241100233016,7.858386840089526e+16,0.10367441860465117,106.34957844580661,0.001727906976744156,0.0021099759377294,1.3272793510142584,0.32727471990996565,0.03941837517344965,0.004951237256810359,,,,,,,,0.0008369326196952239,0.013837081676967292,,0.004948443667368377,0.0005530178079181943,0.0007762906415604578,-0.002064157674418605
SLCP Forward,1969,,,90465116279.06976,336.40964255813964,0.39035697674418607,0.000780713953488357,0.008074489335102674,8.228566570107202e+16,0.10855813953488372,111.35931632683383,0.0018093023255813638,0.0022093691514851587,1.389802604426774,0.34269142946157904,0.04127522999319492,0.005251154045194722,,,,,,,,0.0008876290679512313,0.014675250579388581,,0.005181546666504168,0.0005790684448995359,0.0008128588413647862,-0.002161392558139535
SLCP Forward,1970,,,90697674418.60464,337.2744488372094,0.3913604651162791,0.0007827209302325431,0.008095246377095223,8.249719697536782e+16,0.10883720930232559,111.64558706289253,0.0018139534883720612,0.0022150487636997734,1.3933753617646318,0.34357238429309983,0.04138133598289465,0.00533324890596423,,,,,,,,0.0009015059765547996,0.014904678747502412,,0.005194866837883356,0.0005805570527270411,0.0008149484527821762,-0.0021669488372093025
SLCP Forward,1971,,,104651162790.69768,389.16282558139545,0.45156976744186056,0.0009031395348837037,0.009340668896648337,9.518907343311674e+16,0.12558139534883722,128.82183122641447,0.002093023255813917,0.0025558254965766625,1.607740802036114,0.396429674184346,0.04774769536487844,0.0062349874495641906,,,,,,,,0.001053931393158942,0.01742474176041896,,0.005994077120634642,0.0006698735223773552,0.0009403251378255882,-0.002500325581395349
SLCP Forward,1972,,,111627906976.74419,415.1070139534885,0.48167441860465127,0.0009633488372092838,0.009963380156424893,1.0153501166199118e+17,0.13395348837209303,137.40995330817546,0.0022325581395348446,0.0027262138630151063,1.7149235221718548,0.422858319129969,0.05093087505587034,0.006739626455951584,,,,,,,,0.0011392330710446588,0.018835042011969488,,0.0063936822620102845,0.0007145317572025124,0.0010030134803472941,-0.0026670139534883722
SLCP Forward,1973,,,115581395348.83722,429.8087206976746,0.4987337209302327,0.0009974674418604462,0.010316249870298274,1.0513104332502005e+17,0.13869767441860467,142.27655582117333,0.0023116279069767044,0.002822767270663558,1.7756603969154414,0.43783455126582216,0.052734676880765746,0.007072944190611349,,,,,,,,0.0011955754498058386,0.019766555587192515,,0.006620125175456483,0.0007398380902701013,0.0010385368744429272,-0.0027614706976744193
SLCP Forward,1974,,,111627906976.74419,415.1070139534885,0.48167441860465127,0.0009633488372092838,0.009963380156424893,1.0153501166199118e+17,0.13395348837209303,137.40995330817546,0.0022325581395348446,0.0027262138630151063,1.7149235221718548,0.422858319129969,0.05093087505587034,0.006924910906626303,,,,,,,,0.0011705526367711213,0.019352851186622073,,0.0063936822620102845,0.0007145317572025124,0.0010030134803472941,-0.0026670139534883722
SLCP Forward,1975,,,111744186046.51163,415.53941709302336,0.48217616279069775,0.0009643523255813769,0.009973758677421169,1.0164077729913909e+17,0.13409302325581396,137.5530886762048,0.0022348837209301936,0.0027290536691224132,1.7167099008407836,0.4232987965457294,0.050983928050720204,0.007028740716279942,,,,,,,,0.0011881035134689304,0.01964302139704881,,0.006400342347699878,0.0007152760611162649,0.001004058286055989,-0.002669792093023256
SLCP Forward,1976,,,112093023255.81396,416.8366265116281,0.48368139534883736,0.0009673627906976559,0.010004894240409998,1.0195807421058282e+17,0.1345116279069768,137.98249478029285,0.0022418604651162403,0.002737573087444336,1.7220690368475708,0.4246202287930106,0.051143087035269805,0.0071503404181236735,,,,,,,,0.0012086581247185222,0.01998285261882923,,0.0064203226047686605,0.0007175089728575228,0.0010071927031820745,-0.002678126511627908
SLCP Forward,1977,,,118720930232.55814,441.4836054651164,0.5122808139534885,0.0010245616279069571,0.010596469937197725,1.0798671552801352e+17,0.14246511627906977,146.14121075796575,0.0023744186046511214,0.002899442035560858,1.8238926209765245,0.4497274414913525,0.054167107741712094,0.007681707203923436,,,,,,,,0.0012984777340387425,0.021467848233900095,,0.00679994748907552,0.000759934295941422,0.001066746628577695,-0.002836480465116279
SLCP Forward,1978,,,122906976744.18605,457.0501184883722,0.5303436046511629,0.0010606872093023051,0.010970096693063657,1.117942784653382e+17,0.1474883720930233,151.29408400702235,0.0024581395348836784,0.0030016750554239242,1.8882022530579694,0.4655846284587264,0.05607701555630724,0.00806823608309179,,,,,,,,0.0013638146610836462,0.02254806947843901,,0.007039710573900908,0.0007867292368365162,0.0011043596340907184,-0.0029364934883720937
SLCP Forward,1979,,,128023255813.95348,476.07585662790706,0.5524203488372093,0.0011048406976743971,0.011426751616899797,1.1644796649984613e+17,0.1536279069767442,157.5920402003137,0.002560465116279025,0.0031266265241454497,1.9668029144908457,0.4849656347521832,0.05841134732970129,0.008528142100825404,,,,,,,,0.0014415548961543758,0.023833355721257516,,0.007332754344243044,0.0008194786090416313,0.0011503310852733026,-0.003058731627906977
SLCP Forward,1980,,,128953488372.09303,479.5350817441862,0.5564343023255814,0.0011128686046511416,0.011509779784870007,1.172940915970294e+17,0.15474418604651166,158.73712314454852,0.0025790697674418156,0.0031493449730039093,1.981093943842278,0.4884894540782663,0.05883577128850022,0.008718801371251491,,,,,,,,0.0014737829947871776,0.024366185751514703,,0.007386035029759798,0.0008254330403516522,0.0011586895309428635,-0.003080956744186047
SLCP Forward,1981,,,127093023255.81395,472.61663151162804,0.5484063953488373,0.0010968127906976534,0.011343723448929591,1.1560184140266286e+17,0.15251162790697678,156.44695725607892,0.002541860465116235,0.003103908075286991,1.9525118851394136,0.4814418154261002,0.057986923370902374,0.008723705870822968,,,,,,,,0.0014746120271000613,0.024379892216714247,,0.007279473658726291,0.0008135241777316104,0.001141972639603742,-0.0030365065116279076
SLCP Forward,1982,,,128488372093.02325,477.80546918604665,0.5544273255813954,0.0011088546511627694,0.011468265700884902,1.1687102904843776e+17,0.1541860465116279,158.1645816724311,0.0025697674418604204,0.0031379857485746795,1.973948429166562,0.48672754441522476,0.05862355930910075,0.00895569346218058,,,,,,,,0.0015138260603812677,0.02502822132783548,,0.007359394687001422,0.0008224558246966416,0.0011545103081080832,-0.0030698441860465115
SLCP Forward,1983,,,130232558139.53488,484.2915162790699,0.5619534883720931,0.0011239069767441645,0.011623943515829042,1.1845751360565638e+17,0.15627906976744188,160.31161219287134,0.002604651162790652,0.0031805828401842906,2.000744109200497,0.4933347056516305,0.05941935423184873,0.00921965471693784,,,,,,,,0.001558444763340445,0.025765906324975756,,0.007459295972345331,0.0008336203834029309,0.0011701823937385095,-0.0031115162790697677
SLCP Forward,1984,,,138953488372.09305,516.7217517441862,0.5995843023255816,0.00119916860465114,0.012402332590549738,1.2638993639174947e+17,0.16674418604651167,171.0467647950726,0.0027790697674418127,0.0033935682982323464,2.1347225093701736,0.5263705118336595,0.06339832884558862,0.009993810497759574,,,,,,,,0.0016893042217120137,0.027929417426204535,,0.007958802399064886,0.0008894431769343775,0.001248542821890642,-0.0033198767441860472
SLCP Forward,1985,,,143488372093.02325,533.5854741860467,0.6191523255813954,0.001238304651162767,0.012807094909404498,1.3051479624051782e+17,0.17218604651162792,176.62904414821716,0.002869767441860415,0.0035043207364173342,2.204391277458405,0.5435491310483144,0.06546739564473333,0.010487096111282313,,,,,,,,0.001772686778307476,0.029307988674229155,,0.008218545740959054,0.0009184710295707292,0.0012892902445297506,-0.0034282241860465116
SLCP Forward,1986,,,151046511627.90698,561.6916782558142,0.6517656976744187,0.0013035313953488122,0.013481698774162432,1.3738956265513182e+17,0.1812558139534884,185.9328430701249,0.0030209302325580867,0.0036889081333923157,2.320505890938791,0.5721801630727393,0.06891584030997455,0.011221219002880999,,,,,,,,0.001896779275389656,0.03135962100067646,,0.008651451310782666,0.0009668507839646494,0.001357202615594932,-0.003608803255813954
SLCP Forward,1987,,,157674418604.65115,586.3386572093025,0.6803651162790698,0.0013607302325581133,0.014073274470950161,1.4341820397256253e+17,0.18920930232558142,194.0915590477978,0.0031534883720929683,0.003850777081508837,2.4223294750677447,0.5972873757710813,0.07193986101641685,0.011909652035506813,,,,,,,,0.002013148585038014,0.03328356518017683,,0.009031076195089525,0.0010092761070485486,0.0014167565409905526,-0.003767157209302326
SLCP Forward,1988,,,164418604651.1628,611.4180393023258,0.7094662790697677,0.0014189325581395078,0.014675228688734167,1.495526109271412e+17,0.19730232558139538,202.39341039350012,0.003288372093023199,0.004015485835732667,2.525939437865628,0.6228350658851837,0.07501693471770902,0.012630453925737277,,,,,,,,0.0021349893660351418,0.03529796968367998,,0.009417361165085982,0.0010524457340462005,0.0014773552720948686,-0.003928289302325582
SLCP Forward,1989,,,170348837209.30234,633.4705994186048,0.7350552325581398,0.001470110465116251,0.015204533259544238,1.5494665842168445e+17,0.20441860465116282,209.6933141629969,0.0034069767441859875,0.004160315947205345,2.6170447499810074,0.6452994140889633,0.07772263745505215,0.013312609359744371,,,,,,,,0.0022502975415093834,0.037204370037199695,,0.009757025535255277,0.0010904052336475837,0.0015306403632383185,-0.0040699744186046515
SLCP Forward,1990,,,173929000000.0,646.7840326430002,0.7505036350000001,0.0015010072699999713,0.015524081693906976,1.5820311893008624e+17,0.20871480000000003,214.10036626339976,0.0034785799999999395,0.004247751873365675,2.6720462773701303,0.6588614494337759,0.07935610733468257,0.012060272305023037,,,,,,,,0.002038608689292162,0.033704499355495555,,0.009962085577586464,0.0011133219045696787,0.0015628093041256152,-0.0041555116680000006
SLCP Forward,1991,,,168203000000.0,625.4909454010002,0.7257959450000001,0.0014515918899999723,0.015013005957374762,1.5299483820062954e+17,0.2018436,207.05186545430968,0.0033640599999999413,0.004107909597339872,2.5840785607488574,0.6371707557630378,0.07674358687749376,0.011968798525797688,,,,,,,,0.0020231464147717495,0.03344886019122383,,0.00963411898192237,0.0010766697003624101,0.0015113593097289173,-0.004018706076
SLCP Forward,1992,,,168593000000.0,626.9412255310002,0.7274787950000001,0.001454957589999972,0.015047815516796272,1.533495761476236e+17,0.20231160000000004,207.53194147868012,0.0033718599999999414,0.004117434307023781,2.5900700748044456,0.6386481170154982,0.07692152662222021,0.013167188954548145,,,,,,,,0.002225716396562105,0.03679796777452684,,0.00965645690932527,0.0010791660956891366,0.0015148635880758807,-0.004028023956000001
SLCP Forward,1993,,,169513000000.0,630.3623991710002,0.7314485950000001,0.0014628971899999718,0.015129930374918808,1.5418639386873786e+17,0.20341560000000003,208.66442851052832,0.003390259999999941,0.004139902852944797,2.604203902833012,0.6421331743289944,0.07734128191747233,0.01436557938329861,,,,,,,,0.0024282863783524618,0.04014707535782987,,0.009709151507301337,0.0010850550282547474,0.0015231300908430765,-0.0040500045960000005
SLCP Forward,1994,,,177599000000.0,660.4315405330002,0.7663396850000002,0.0015326793699999704,0.015851648573591438,1.615412939697485e+17,0.21311880000000002,218.61800474914207,0.003551979999999938,0.004337381833724511,2.728427960918868,0.6727637976300052,0.081030565958134,0.015314724743884586,,,,,,,,0.0025887252084679326,0.04279962485132826,,0.010172291202121432,0.0011368136246955388,0.0015957854619034501,-0.0042431953080000005
SLCP Forward,1995,,,181923000000.0,676.5110566410001,0.7849977450000002,0.0015699954899999699,0.016237588406767353,1.6547433725898547e+17,0.21830760000000002,223.94069379882868,0.0036384599999999367,0.0044429839995532875,2.79485695265313,0.6891435670034372,0.08300341584581901,0.016339398913005256,,,,,,,,0.0027619310542424604,0.045663252553858356,,0.010419955812608952,0.0011644916077539092,0.0016346380249092696,-0.004346504316000001
SLCP Forward,1996,,,190157000000.0,707.1305607190002,0.8205274550000002,0.0016410549099999685,0.01697251638696404,1.7296385586295795e+17,0.2281884,234.07645273387018,0.0038031399999999336,0.004644077485546382,2.921354713508799,0.7203348299592278,0.08676022573832559,0.017288544273591232,,,,,,,,0.0029223698843579313,0.04831580204735676,,0.010891572464494763,0.0012171975542161248,0.00170862322467567,-0.004543231044000001
SLCP Forward,1997,,,195947000000.0,728.6616426490002,0.8455113050000002,0.0016910226099999676,0.017489304461452606,1.7823034999910083e+17,0.23513640000000002,241.20373524952362,0.003918939999999932,0.004785482790853647,3.0103056529494507,0.7422679623996004,0.08940194656387976,0.018152090317837884,,,,,,,,0.0030683394300598053,0.05072912957061922,,0.011223204771322407,0.0012542594232975229,0.001760648280134434,-0.004681565724
SLCP Forward,1998,,,199811000000.0,743.0305719370002,0.8621844650000001,0.001724368929999967,0.017834186865567255,1.8174498442778067e+17,0.23977320000000005,245.9601807832861,0.00399621999999993,0.004879850683721914,3.0696677306694293,0.7569052031162843,0.09116491880393872,0.018830171176682686,,,,,,,,0.0031829588595322198,0.052624142825037176,,0.011444522082821894,0.0012789929400730878,0.0017953675917566556,-0.004773884412000001
SLCP Forward,1999,,,206256000000.0,766.9973807520003,0.8899946400000002,0.001779989279999966,0.01840943714882784,1.8760725639797773e+17,0.2475072,253.89374482704883,0.004125119999999928,0.005037252616831642,3.1686813411521575,0.7813195448396352,0.09410548714948218,0.019924499691452015,,,,,,,,0.0033679387308589875,0.055682431542563186,,0.011813670652339021,0.001320247473100654,0.0018532780377724988,-0.004927868352
SLCP Forward,2000,,,216938000000.0,806.7201816460002,0.9360874700000003,0.001872174939999964,0.019362862055854926,1.973234378076977e+17,0.26032560000000005,267.04290403813866,0.004338759999999924,0.005298131972840658,3.3327873748490555,0.821784090733946,0.09897921113196399,0.021803955192291044,,,,,,,,0.0036856325787460375,0.060934892276001865,,0.012425500756230716,0.0013886231009983209,0.0019492593231629153,-0.005183082696000001
SLCP Forward,2001,,,208673000000.0,775.9853988910002,0.9004239950000001,0.0018008479899999654,0.018625167161960627,1.8980572208486157e+17,0.2504076,256.8689852139805,0.0041734599999999275,0.005096281394539355,3.20581336544025,0.7904753964991137,0.09520825731103044,0.021951279213861318,,,,,,,,0.0037105355015755277,0.06134661452111206,,0.011952108525500061,0.0013357187231126985,0.0018749955781945764,-0.004985615316
SLCP Forward,2002,,,209095000000.0,777.5546763650002,0.9022449250000002,0.0018044898499999654,0.018662832890360314,1.9018956673519875e+17,0.250914,257.38845209163264,0.004181899999999928,0.005106587618863995,3.212296490905527,0.7920739771363912,0.09540079723993958,0.021405313722161895,,,,,,,,0.0036182481993254326,0.05982082031865098,,0.011976279308484737,0.0013384199508764897,0.0018787873870725728,-0.004995697740000001
SLCP Forward,2003,,,208964000000.0,777.0675309880003,0.9016796600000002,0.0018033593199999654,0.01865114044860591,1.900704111683879e+17,0.2507568,257.2271957860108,0.004179279999999928,0.0051033882933035025,3.210283956697112,0.7915777352797956,0.09534102773594172,0.022289257851579328,,,,,,,,0.003767665736301662,0.06229115378930034,,0.011968776055946841,0.001337581418087256,0.0018776103089611568,-0.004992567888
SLCP Forward,2004,,,222109000000.0,825.9494087030002,0.9584003350000002,0.0019168006699999632,0.019824401111671913,2.020268991510474e+17,0.26653080000000007,273.40821973562464,0.004442179999999922,0.005424419854316282,3.41222870608353,0.8413723856992598,0.1013385096447344,0.02527906887754963,,,,,,,,0.004273048581956483,0.07064669346943671,,0.012721678762898378,0.001421722742625248,0.0019957224599120114,-0.005306628228000001
SLCP Forward,2005,,,233025000000.0,866.5423776750002,1.0055028750000001,0.0020110057499999616,0.02079871175435191,2.119559233289638e+17,0.27963000000000005,286.84542456133664,0.004660499999999919,0.005691014036135643,3.579929648213781,0.8827233483450467,0.10631899747405207,0.026734976855412797,,,,,,,,0.004519148054623072,0.07471547800932743,,0.013346911623231813,0.0014915962077189503,0.0020938063123106063,-0.0055674333000000015
SLCP Forward,2006,,,235742000000.0,876.6459959140003,1.0172267300000002,0.002034453459999961,0.02104121835165509,2.1442726435968925e+17,0.28289040000000004,290.18995419778406,0.004714839999999918,0.00575736951360021,3.6216705294677096,0.8930156317371871,0.107558644362313,0.02784424007664279,,,,,,,,0.004706652414750151,0.07781550432543718,,0.013502532517472004,0.001508987761828477,0.0021182194514611182,-0.005632347864
SLCP Forward,2007,,,242588000000.0,902.1039901960003,1.0467672200000002,0.00209353443999996,0.021652260002423433,2.206542797061546e+17,0.2911056,298.61713487173284,0.004851759999999916,0.005924564802051598,3.7268446454281072,0.9189490038765291,0.1106821712658957,0.02931748029233795,,,,,,,,0.004955681643043772,0.08193272677651789,,0.013894649058498269,0.0015528091013330108,0.002179733014443967,-0.005795912496000001
SLCP Forward,2008,,,241466000000.0,897.9316458220002,1.0419257900000003,0.0020838515799999602,0.02155211557762617,2.19633725920187e+17,0.28975920000000005,297.235993078544,0.004829319999999916,0.005897162944960967,3.709607520375877,0.9146987491963741,0.11017025230799038,0.03001750864976402,,,,,,,,0.005074010968958356,0.0838890760798308,,0.013830384559662238,0.001545627164008429,0.0021696514751996265,-0.005769105672000001
SLCP Forward,2009,,,228984000000.0,851.5152443280002,0.9880659600000001,0.001976131919999962,0.020438031165576732,2.0828029244741744e+17,0.2747808,281.8710983703599,0.00457967999999992,0.005592323390410832,3.517848344883958,0.8674156129060925,0.10447526796523265,0.0292611695050098,,,,,,,,0.0049461631464920615,0.08177535662373796,,0.013115456329295625,0.0014657297115258715,0.0020574965974386097,-0.005470885728
SLCP Forward,2010,,,240546000000.0,894.5104721820002,1.0379559900000002,0.0020759119799999603,0.021470000719503633,2.1879690819907274e+17,0.28865520000000006,296.1035060466958,0.0048109199999999165,0.005874694399039951,3.695473692347311,0.9112136918828778,0.10975049701273824,0.032197310772398624,,,,,,,,0.005442473922012044,0.08998090695887706,,0.01377768996168617,0.0015397382314428184,0.002161384972432431,-0.005747125032000001
SLCP Forward,2011,,,247680000000.0,921.0394425600003,1.0687392,0.002137478399999959,0.022106747891075553,2.2528588387562605e+17,0.29721600000000004,304.8852044001797,0.004953599999999914,0.006048923319257917,3.805072310994911,0.9382380384855753,0.1130054255739651,0.03393808616829679,,,,,,,,0.0057367259719185775,0.0948458023547029,,0.014186302202948418,0.0015854030628809344,0.002225486310194576,-0.005917570560000001
SLCP Forward,2012,,,250361000000.0,931.0091887870002,1.080307715,0.0021606154299999587,0.022346041298278288,2.2772447986509046e+17,0.30043320000000007,308.1854193266852,0.005007219999999913,0.0061143995927516615,3.84626012941294,0.9483939500697962,0.11422864725502051,0.034788197033069394,,,,,,,,0.0058804245014339755,0.0972215829647223,,0.014339861134659113,0.001602564180498763,0.0022495759774976754,-0.005981625012000001
SLCP Forward,2013,,,257476999999.99997,957.4712231590001,1.111013255,0.0022220265099999574,0.022981181874799982,2.3419708302101322e+17,0.30897240000000004,316.944960325198,0.00514953999999991,0.006288188910984216,3.95558221664259,0.9753501107685337,0.1174753632126446,0.03586764826290919,,,,,,,,0.006062889590211614,0.10023829455798137,,0.01474744239465661,0.0016481137936910294,0.0023135155793361146,-0.0061516404840000006
SLCP Forward,2014,,,265577000000.0,987.5924258590003,1.145964755,0.002291929509999956,0.023704149647400564,2.4156471730473648e+17,0.31869240000000004,326.9157700621226,0.005311539999999907,0.006486009804419251,4.080021354720186,1.0060337675504023,0.1211710348338862,0.037311569485391494,,,,,,,,0.006306962881125601,0.1042735800541697,,0.015211383963793736,0.0016999620043230375,0.0023862967450038147,-0.0063451656840000014
SLCP Forward,2015,,,280081000000.0,1041.5279720270003,1.2085495150000003,0.0024170990299999537,0.024998708236758448,2.5475733059499846e+17,0.33609720000000004,344.76967431204264,0.005601619999999903,0.0068402313153305755,4.302844226161845,1.0609764537188244,0.12778856831468718,0.03919428156805476,,,,,,,,0.0066252072054725835,0.10953514186403684,,0.016042125756233837,0.0017928023064226217,0.002516619958194473,-0.006691695252000001
SLCP Forward,2016,,,293627000000.0,1091.9010352090004,1.2670005050000002,0.0025340010099999515,0.02620776026733221,2.670785619539262e+17,0.3523524,361.44431489184257,0.0058725399999998975,0.007171056231685015,4.510949481025931,1.11229013455428,0.1339690087815191,0.04129205689307296,,,,,,,,0.006979804754980952,0.11539773478912385,,0.016817996434694504,0.0018795104374375812,0.002638335226112333,-0.007015336284
SLCP Forward,2017,,,310950993000.0,1156.3231962863313,1.3417535347950003,0.0026835070695899487,0.027754018123104806,2.8283619710920787e+17,0.37314119160000003,382.7695294704613,0.006219019859999892,0.007594148549354431,4.777095500406462,1.1779152524929823,0.14187318029962873,0.04329342095498367,,,,,,,,0.007318105422151535,0.1209908899044264,,0.017810258224341485,0.0019904015532463985,0.002793997004452961,-0.007429241124756
SLCP Forward,2018,,,327120444636.0,1216.4520024932203,1.4115247186043403,0.002823049437208626,0.02919722706550626,2.9754367935888666e+17,0.39254453356320007,402.67354500292527,0.006542408892719886,0.007989044273920862,5.025504466427598,1.2391668456226175,0.1492505856752094,0.04415128815883689,,,,,,,,0.0074631150448037165,0.1233883469342589,,0.018736391652007238,0.0020939024340152113,0.0029392848486845154,-0.007815561663243313
SLCP Forward,2019,,,292505677500.0,1087.7312102318929,1.2621619984125003,0.0025243239968249518,0.026107676312987528,2.6605862441144346e+17,0.35100681300000003,360.06400707687555,0.005850113549999898,0.007143670920724669,4.493722764309017,1.1080424463157876,0.13345739893688827,0.043868355487864705,,,,,,,,0.007415289507623408,0.12259764306080996,,0.01675377074084775,0.0018723328367997527,0.0026282597744284545,-0.006988545646830001
SLCP Forward,2020,,,158440575300.0,589.1877388291254,0.6836710824195,0.0013673421648389738,0.014141658001752553,1.4411508821149541e+17,0.19012869036000005,195.03467048458722,0.0031688115059999447,0.00386948841508725,2.4340998304753483,0.6001896583737003,0.07228942441844463,0.024835219303106865,,,,,,,,0.004198022448523261,0.06940627971115759,,0.009074959150576569,0.0010141802865198536,0.0014236407110364295,-0.0037854622250676007
SLCP Forward,2021,,,188909916700.0,702.4930732050391,0.8151462905605001,0.0016302925811209686,0.016861207617130905,1.7182952824866922e+17,0.22669190004000003,232.54133788073486,0.003778198333999934,0.004613620802510096,2.9021959516615197,0.7156107465079192,0.08619123680485222,0.03016219387826602,,,,,,,,0.005098467843278976,0.08429342376514502,,0.01082014360239023,0.0012092149569798212,0.0016974177708165682,-0.004513435729796401
SLCP Forward,2022,,,231566994700.0,861.1205414800652,0.9992115821305001,0.0019984231642609616,0.020668577082230816,2.1062974433709587e+17,0.27788039364000006,285.0506722845802,0.004631339893999919,0.005655406145878975,3.5575305219366737,0.8772002700473499,0.1056537741640731,0.036973011856443215,,,,,,,,0.006249734776589963,0.10332742269568844,,0.013263401837220424,0.001482263495879817,0.002080705654868176,-0.005532598637372401
SLCP Forward,2023,1076937632512.1694,11615863382044.725,269197297382.2647,1001.0551062646144,1.1615863382044724,0.0023231726764089,0.0240272803059941,2.448576836147176e+17,0.3230367568587177,331.37222640652345,0.0053839459476452,0.0065744259109205,4.135639464082358,1.019747836973329,0.1228228163519221,0.0409175141854956,31609.255041993387,1033.2844808044356,1.0,1.0,1.0,1.0,0.0,0.0069164939110077,0.1143510109567864,10.786013072036893,0.01541874278456792,0.001723135577313922,0.0024188263084044264,-0.0064316618290570695
SLCP Forward,2024,1198347322705.4666,12554695373775.648,290954701593.87366,1079.212602199146,1.2527577231768294,0.0025034062575308,0.0258831686381518,2.638203205374563e+17,0.3478010332180216,357.84894263335514,0.0058141262657643,0.0070997340578197,4.492414159241649,1.1016089191714291,0.1327204318661201,0.0452139231806048,32587.616609305576,1113.9710421778616,0.99500999,1.0,0.9746971613205142,1.0,1.0,0.0076427376050688,0.1263580627499945,10.476674947152512,0.016748891919781364,0.0018608145016934465,0.002605658586802742,-0.00692471857137081
SLCP Forward,2025,1292041079394.611,13362679586764.836,309679712323.6347,1146.9849514813636,1.3316768302810302,0.0026612019837851,0.027527677436489,2.804979598223791e+17,0.3695590751156689,380.878457890815,0.0061883067691699,0.0075566957744168,4.809709992022903,1.1739971247654524,0.1414400286767429,0.0487001745204602,33594.36523400953,1183.9330694065811,0.99401498,1.0,0.9621425078045334,1.0,1.0,0.0082320362622414,0.1361009900293655,10.34230242356222,0.01793185355721582,0.001980567981032238,0.0027712112875313477,-0.007357921185552968
SLCP Forward,2026,1332579229192.233,13581029129468.818,314739956650.4941,1162.6895883289392,1.3504216993163158,0.0026977355167504,0.0279013025499742,2.8441769166668173e+17,0.3744667761818612,387.1024135646507,0.0062894252569991,0.0076801526750517,4.918255200456026,1.1935409662408385,0.1438032314515706,0.0497683322593034,34661.586006780475,1200.1575403464158,0.993020965,0.996,0.9526362541935336,1.0,1.0,0.0084125923552439,0.1390861400251424,10.191535956703458,0.018336538410395835,0.0020129325505361833,0.002808824127705903,-0.007455633513780857
SLCP Forward,2027,1374480003826.4983,13820623130814.4,320292540690.9479,1181.01651047082,1.371216748942408,0.0027383453106219,0.027849276338364,2.8399362456668464e+17,0.3720686884500473,393.9318543408651,0.0064003821328826,0.0078156268972164,5.035809111400208,1.2148692466038489,0.1463853774093728,0.0502717796079468,35768.71207463877,1219.0611743118532,0.992027944,0.992016,0.9444264854223278,1.0,1.0,0.0084976926012075,0.1404931099847518,10.055164929528498,0.01877481005663338,0.0020484456425724985,0.0028035866489831036,-0.007407887587040442
SLCP Forward,2028,1417784448485.724,14071339533777.031,326102886066.6752,1200.1108824833557,1.392930497219892,0.0027806771278234,0.0278160382726365,2.8375041827967875e+17,0.369668030554162,401.0782235477144,0.0065164898344496,0.0079573975717368,5.158738493386032,1.237184002246473,0.1490911139004047,0.0507900510709943,36917.009022384475,1238.7577168636326,0.991035916,0.988047936,0.936689621329802,1.0,1.0,0.008585298642038,0.1419415084744758,9.92487930644608,0.019233122861210965,0.002085606762448115,0.002800240572906317,-0.007360090488333366
SLCP Forward,2029,1462539638472.1685,14328999550451.035,332074149489.0159,1221.016546675619,1.41508750251154,0.0028245345471104,0.027087422092352,2.7640402342768614e+17,0.3543933320808792,408.4224352550189,0.0066358131494311,0.0081030999751851,5.28557489209318,1.2601253630725655,0.1518760960963669,0.0504240913331998,38108.04198365684,1260.2780246752943,0.99004488,0.984095744,0.9291139028685182,1.0,1.0,0.0085234386207606,0.1409187712232203,9.797340990648106,0.0197060020433474,0.002123796663326098,0.002726890782037076,-0.0070559712417303045
SLCP Forward,2030,1508789847233.0876,14593072449968.008,338194031285.4695,1242.4402420213,1.437801564945924,0.0028694947584034,0.0264053361778512,2.6952896316123763e+17,0.3386186455624947,415.9494436333508,0.0067581062943819,0.0082524282605997,5.416215507904666,1.2835768916162449,0.1547244292174582,0.049755801601036,39343.19488826091,1282.3318166568731,0.989054835,0.980159361,0.9216861928001564,1.0000060139385554,1.0,0.0084104742348416,0.1390511209515415,9.67203781012292,0.020193064339253265,0.0021629371068934244,0.0026582251930242803,-0.006741897233149269
SLCP Forward,2031,1556098766313.1194,14855638963737.615,344278488091.38,1261.8520753856485,1.4579185730634174,0.0029213555830361,0.0257235769453088,2.626968603712794e+17,0.3215515942481904,423.4327709374545,0.0068796915443688,0.0084008999189325,5.5479308885282315,1.3064674686137605,0.1575194667039682,0.0491312640336575,40623.9555975656,1302.304990647142,0.98806578,0.976238724,0.9143691394023123,1.0000127393018807,1.0,0.0083049054981293,0.1373057436080776,9.546719838956772,0.020684133638751996,0.002201850408874763,0.002589592491084237,-0.006402092241481471
SLCP Forward,2032,1605050694305.7712,15124323532544.096,350504164938.7254,1282.6045273660382,1.4785142844557346,0.0029744249864685,0.0247568140969338,2.5294986647187408e+17,0.2962881066877931,431.0898173396498,0.0070040987839907,0.0085528154081771,5.683401708351844,1.32978970750348,0.1603713433446306,0.0478565985237859,41956.24403852154,1323.63213392454,0.987077715,0.972333769,0.9071214281098504,1.0000276735982592,1.0,0.0080894423544586,0.1337434722290105,9.422956911081108,0.021189204195268284,0.0022416670501661786,0.0024922684751383256,-0.005899096204153961
SLCP Forward,2033,1655707986821.3645,15399572072078.283,356881349276.06464,1303.917790429461,1.4996306003872968,0.0030287906121508,0.0238871969468608,2.441890543446155e+17,0.2700809673435296,438.9332328957916,0.0071315335865707,0.0087084259402343,5.822842606958532,1.3535899741350887,0.1632857614739417,0.0461946195951462,43342.46596060655,1345.5346025971128,0.986090637,0.968444434,0.8999433124084167,1.0000613323487422,1.0,0.0078085096690553,0.1290987870749404,9.300898585168062,0.021709076241160613,0.0022824528110581164,0.002404724116640477,-0.005377312059809674
SLCP Forward,2034,1708138748368.1416,15682526516790.123,363436461059.2843,1327.3162912476114,1.5213762799850674,0.0030846769888077,0.0226888429250669,2.3205914458090045e+17,0.230254837483906,446.9955088211348,0.0072625239001317,0.0088683764138988,5.966739720946818,1.3779737239967496,0.1662755488281399,0.0432915173185738,44785.33397012989,1369.5398428811498,0.985104546,0.964570656,0.8928607934994023,1.000138112035634,1.0,0.0073177836408826,0.1209855698659956,9.181061276065726,0.022245562220486504,0.002324376645869901,0.002284085817266485,-0.004584373814304568
SLCP Forward,2035,1762408538806.0044,15972646472310.203,370149973679.9699,1351.3854509240475,1.543704799259749,0.0031420511473098,0.021667584421311,2.216615095993828e+17,0.1887546820245206,455.28253315059646,0.007396601486697,0.0090320976868912,6.107143380647906,1.4027076644783392,0.1693166872556654,0.0394529878294496,46287.40589329725,1394.2320014271286,0.984119442,0.960712374,0.8858406330982361,1.00031100447243,1.0,0.0066689376303847,0.1102581408809674,9.062964755681078,0.02276902369089382,0.0023674691723831014,0.0021812757236933785,-0.003758105719108205
SLCP Forward,2036,1818591037876.9673,16270557626437.057,377036305927.6627,1373.4965528153537,1.566662053816898,0.0032010024876917,0.0213527709087479,2.1838663715036557e+17,0.1687084705506491,463.8121202443187,0.0075340542243868,0.0091999424137675,6.222221233881705,1.427810692145963,0.1724121010816802,0.0349963142063041,47851.67952800815,1416.983634358313,0.983135322,0.956869524,0.8788299445963729,1.0006733781393222,1.0,0.005915603597479,0.0978032020984989,8.94679303238588,0.023198063948058966,0.0024118230252704567,0.0021495834473836514,-0.003358985648663424
SLCP Forward,2037,1876779788470.1423,16572308135665.504,384003759809.1876,1395.903275723762,1.5898529917682804,0.0032607186994542,0.020976357626033,2.1427664271031024e+17,0.1475505207938331,472.47160435991054,0.0076730493329601,0.0093696748870386,6.319285896295038,1.4528270456435262,0.1755087394913363,0.029401202502299,49482.27063043024,1440.0374533048105,0.982152187,0.953042046,0.8715458697680184,1.0013262180797533,1.0,0.0049698336306935,0.0821667028510464,8.830182548574026,0.02355994633075215,0.0024568523426715346,0.0021116899222127423,-0.0029377308690052167
SLCP Forward,2038,1937059089828.7268,16871703925666.066,390908636163.2904,1418.2557747219084,1.6128417299815176,0.0033204099873584,0.0204865391649324,2.0870870584141606e+17,0.125281894808692,481.08441930273653,0.0078107147619519,0.0095377899942382,6.386405302652566,1.4771152209549028,0.1785307854009835,0.0236678609300984,51182.7747826211,1463.0315417039546,0.981170035,0.949229878,0.863699551053387,1.002273101258732,1.0,0.0040006979717167,0.0661438965297838,8.709958314775957,0.02381018498706337,0.00250163898037423,0.0020623798977337446,-0.002494362525641058
SLCP Forward,2039,1999520957483.848,17168521330484.896,397745578105.998,1440.3701604742391,1.6354431740261297,0.0033795459727584,0.0199045397304413,2.019267436964777e+17,0.1018551263735368,489.6441451090818,0.0079469430328285,0.0097041563075622,6.425610586795664,1.5006889616472217,0.1814795315835057,0.0187944733984178,52957.22957658974,1485.776830858313,0.980188865,0.945432958,0.8554136581542632,1.0033631639479086,1.0,0.003176924683925,0.0525243792613223,8.586317270757378,0.02395635251381427,0.002546149554567225,0.002003790014663526,-0.0020279355660971178
SLCP Forward,2040,2064260586244.7285,17470206682321.057,404686975386.87085,1462.8787845525972,1.6583670750386137,0.003439562485798,0.0193143677565597,1.9499689505082496e+17,0.0773092113422895,498.362952344395,0.0080851788807821,0.0098729731549451,6.451599190658401,1.5245056090155136,0.1844649657526436,0.0151039545259011,54809.863405144424,1508.9253695522702,0.979208676,0.941651226,0.8471196450891569,1.0044128338057356,1.0,0.0025530976548806,0.0422105913289906,8.463178921660559,0.02405324480865034,0.002591487352190854,0.0019443774020528651,-0.001539226397824984
SLCP Forward,2041,2131374692672.0068,17778007816146.99,411761550247.50006,1483.731510330101,1.6823420363313168,0.0035014784852256,0.0189933143982568,1.9077208216463027e+17,0.0763549300594037,507.2761180255903,0.008225996377557,0.0100449418178305,6.453603346516741,1.5486745756847198,0.1875019516684728,0.0124249464890014,56745.00627669943,1530.4471173447794,0.978229467,0.937884621,0.8389309986127673,1.005344113257025,1.0,0.0021002514069204,0.0347236439061328,8.341099233874976,0.024060716824513502,0.0026378358137330695,0.0019120569604725122,-0.001520226657482728
SLCP Forward,2042,2200935972293.3364,18087870884920.95,418875207542.36334,1504.635278371531,1.7063719712331262,0.0035636677062363,0.0186122090737012,1.8590957954328176e+17,0.0753527019718858,516.2678793101849,0.0083675153869811,0.0102177645130407,6.445222574246579,1.5728822096044497,0.1905517665125107,0.0102878953525497,58765.57495689884,1552.0214772728746,0.977251238,0.934133083,0.8306252711619713,1.0061836478355093,1.0,0.001739014868802,0.0287512879899899,8.218263099254862,0.024029471119201923,0.0026845929724129613,0.0018736910874494997,-0.0015002722962602463
SLCP Forward,2043,2273049781470.629,18397057399071.656,425964973272.7259,1525.3684606121717,1.7301984125206624,0.0036255617830381,0.0181586954316323,1.802786899230676e+17,0.0742907656462846,525.2607231146094,0.0085084776934252,0.0103899039747669,6.423762653941663,1.5969595313840417,0.1935899707612985,0.0085965026525002,60876.39761162932,1573.4196357995029,0.976273987,0.930396551,0.8220592838548948,1.0069537057602271,1.0,0.0014531102251821,0.0240244010071012,8.093556748752347,0.02394946293806511,0.0027313557601959687,0.0018280358691024235,-0.0014791291440175265
SLCP Forward,2044,2347827483884.1436,18700911190590.848,432922946748.9795,1545.5505781883496,1.7533825669382377,0.0036862099062264,0.0176137364664797,1.7367800928595104e+17,0.0731503748588033,534.1218463928296,0.0086467274211579,0.0105587263072196,6.384994682505333,1.6205454005879216,0.1965710207359251,0.0073869369975403,63082.66455121321,1594.2489193134695,0.9752977130000002,0.9266749640000002,0.8130552522961635,1.007629652234188,1.0,0.0012486512385103,0.0206440623375466,7.965198175316048,0.02380492582716662,0.002777433601242714,0.0017731748500805114,-0.0014564239634387737
SLCP Forward,2045,2425387598969.5957,18996771904992.33,439687491961.6846,1564.9639763505622,1.7756712023365044,0.0037450515275386,0.0169790835292586,1.6609004732156317e+17,0.0719259687482483,542.775231922411,0.0087810333397809,0.0107227310083125,6.327704881093917,1.643462509908198,0.1994727035098181,0.0066453179395239,65390.02956927016,1614.2846321211332,0.974322415,0.922968265,0.8035576829966874,1.0081630439695528,1.0,0.0011232916265895,0.0185714806884137,7.832468473518599,0.023591334502339276,0.002822431205996537,0.0017092843388904636,-0.0014320460377776237
SLCP Forward,2046,2505855079125.088,19277316001540.664,446088923990.9343,1583.0106062387397,1.7963745973502157,0.0038006052176034,0.0162211394601733,1.5711992619649056e+17,0.0705957403447464,551.0119876797194,0.0089080050894645,0.0108777798023823,6.2417852227524495,1.665247885014156,0.2022372059409221,0.0062717709407124,67804.5355519508,1632.9095605110713,0.973348092,0.919276392,0.7932625804716279,1.0085415048191897,1.0,0.0010601490922938,0.0175275395349918,7.692909363406316,0.02327100360221837,0.0028652623359345405,0.0016329821094556462,-0.0014055611902639008
SLCP Forward,2047,2589361922758.099,19547353272418.484,452238747068.52423,1600.0739693638773,1.815929106047176,0.0038537789225949,0.0153941289926945,1.4728983214634902e+17,0.069190911347901,558.9688867374351,0.0090298712782247,0.0110266083266599,6.139210783020405,1.6864005996551303,0.2049300320405368,0.0061450677437903,70332.71809485399,1650.519322694229,0.972374744,0.9155992859999998,0.7823842822969334,1.0087841548441914,1.0,0.0010387318115166,0.017173445720939,7.549100456222558,0.02288857933234781,0.002906638211034663,0.0015497269656945553,-0.0013775910449367087
SLCP Forward,2048,2676044946652.797,19807747744048.445,458157032901.5689,1616.2252469953137,1.8344096488569015,0.0039047070031477,0.0145017151706631,1.366270155875022e+17,0.0677205595514337,566.6704354372283,0.0091470333972636,0.0111697087238393,6.020495888653938,1.707081878802419,0.2075698595822938,0.0061694005651035,72981.44689783012,1667.1871744560808,0.97140237,0.911936889,0.7709583464843768,1.0089250858286916,1.0,0.0010428449110975,0.0172414479633036,7.401874086167357,0.022445979237046745,0.002946686264273587,0.0014598876662306544,-0.001348316340669045
SLCP Forward,2049,2766047029055.342,20072582998259.51,464170245807.89233,1632.6286316776734,1.853129775927282,0.0039561381159872,0.0136040757993542,1.258162238123946e+17,0.0662355189867085,574.5180855323608,0.0092660155862653,0.0113150412314191,5.899350815995128,1.728237943202217,0.210272893007158,0.0062827917185927,75758.0006701253,1684.11378728856,0.970430967,0.908289141,0.7596186487397711,1.0089988724079455,1.0,0.0010620119899947,0.0175583389888986,7.256775747993947,0.021994318803112266,0.002987494044768276,0.0013695223107209873,-0.001318749183025366
SLCP Forward,2050,2859514629869.443,20351616054391.742,470504552404.2845,1650.082512364679,1.8729887945788264,0.0040099700369139,0.0127398765836023,1.1532894032123811e+17,0.0647663596014698,582.78988047231,0.0093913377926182,0.0114681209690294,5.78512567140783,1.7505734755183884,0.2131229175518866,0.0064490635571332,78669.9950818382,1702.1225293973005,0.969460536,0.904655985,0.7487488377609934,1.0090316738027163,1.0,0.0010901177579459,0.0180230141581809,7.117157521002416,0.021568457666227014,0.0030305073784560113,0.0012825233756712437,-0.0012894982196652639
SLCP Forward_lower,1940,,,8953488372.093023,33.29504174418605,0.038634302325581404,7.72686046511613e-05,0.0007991461167132466,8143954060388877.0,0.010744186046511629,11.021423338259904,0.00017906976744185734,0.00021866507026266997,0.1375511575075342,0.0339167610135496,0.004085080603439601,6.398432532486963e-05,,,,,,,,6.398432532486963e-05,0.0010578585596153222,,1.7163992262896657e-05,2.31449890103458e-05,6.353211627870311e-06,-0.0005348455813953489
SLCP Forward_lower,1941,,,9651162790.697676,35.88946058139537,0.04164476744186048,8.328953488371934e-05,0.0008614172426909024,8778547883276322.0,0.011581395348837212,11.880235546436003,0.00019302325581395014,0.0002357039069065144,0.1482694295211083,0.03655962550811191,0.004403398572538791,6.962232294921616e-05,,,,,,,,6.962232294921616e-05,0.0011510720773905522,,1.8501446205460037e-05,2.4948494647515604e-05,6.848267079392674e-06,-0.0005765218604651165
SLCP Forward_lower,1942,,,10465116279.069769,38.91628255813955,0.04515697674418606,9.031395348837037e-05,0.0009340668896648338,9518907343311674.0,0.012558139534883724,12.88218312264145,0.00020930232558139173,0.00025558254965766625,0.1607740802036114,0.0396429674184346,0.004774769536487845,7.621479947014026e-05,,,,,,,,7.621479947014026e-05,0.0012600660799265446,,2.0061809138450635e-05,2.7052584557547046e-05,7.425831772835428e-06,-0.0006251441860465118
SLCP Forward_lower,1943,,,11279069767.441858,41.94310453488372,0.048669186046511624,9.733837209302137e-05,0.0010067165366387648,1.0259266803347024e+16,0.013534883720930231,13.88413069884689,0.00022558139534883324,0.00027546119240881795,0.17327873088611448,0.04272630932875728,0.005146140500436898,8.293436113767916e-05,,,,,,,,8.293436113767916e-05,0.001371161192530727,,2.162217207144124e-05,2.915667446757847e-05,8.003396466278181e-06,-0.0006737665116279069
SLCP Forward_lower,1944,,,12209302325.581396,45.40232965116281,0.05268313953488374,0.00010536627906976543,0.0010897447046089726,1.1105391900530286e+16,0.014651162790697676,15.02921364308169,0.0002441860465116237,0.0002981796412672772,0.18756976023754662,0.04625012865484037,0.005570564459235819,9.06480331052674e-05,,,,,,,,9.06480331052674e-05,0.0014986920194253938,,2.3405443994859077e-05,3.156134865047155e-05,8.663470401641333e-06,-0.0007293348837209304
SLCP Forward_lower,1945,,,13139534883.72093,48.86155476744187,0.056697093023255825,0.00011339418604650945,0.00117277287257918,1.1951516997713544e+16,0.015767441860465116,16.174296587316483,0.00026279069767441406,0.0003208980901257365,0.20186078958897874,0.04977394798092344,0.005994988418034738,9.851332669576821e-05,,,,,,,,9.851332669576821e-05,0.0016287296201401556,,2.518871591827691e-05,3.3966022833364614e-05,9.32354433700448e-06,-0.0007849032558139535
SLCP Forward_lower,1946,,,14302325581.39535,53.18558616279072,0.061714534883720945,0.0001234290697674395,0.0012765580825419393,1.3009173369192622e+16,0.017162790697674422,17.60565026760998,0.000286046511627902,0.00034929615119881044,0.21972457627826888,0.05417872213852729,0.006525518366533387,0.00010829566181325991,,,,,,,,0.00010829566181325991,0.0017904618394692217,,2.7417805822549203e-05,3.697186556198096e-05,1.0148636756208418e-05,-0.0008543637209302327
SLCP Forward_lower,1947,,,15348837209.302324,57.07721441860466,0.06623023255813953,0.0001324604651162765,0.0013699647715084225,1.3961064103523786e+16,0.01841860465116279,18.893868579874123,0.00030697674418604117,0.00037485440616457705,0.23580198429863,0.05814301888037074,0.00700299532018217,0.00011738485678329024,,,,,,,,0.00011738485678329024,0.0019407343108946871,,2.9423986736394266e-05,3.9677124017735656e-05,1.0891219933491959e-05,-0.0009168781395348836
SLCP Forward_lower,1948,,,16627906976.744184,61.833648953488385,0.07174941860465117,0.00014349883720929954,0.0014841285024674578,1.5124486112150768e+16,0.019953488372093025,20.468357628196966,0.0003325581395348779,0.0004060922733449585,0.25545214965684915,0.06298827045373497,0.007586578263530685,0.000128454707977497,,,,,,,,0.000128454707977497,0.0021237531483990642,,3.1875985631093786e-05,4.298355101921363e-05,1.1798821594616289e-05,-0.0009932846511627909
SLCP Forward_lower,1949,,,17906976744.186047,66.5900834883721,0.07726860465116281,0.0001545372093023226,0.0015982922334264933,1.6287908120777754e+16,0.021488372093023258,22.042846676519808,0.0003581395348837147,0.00043733014052533994,0.2751023150150684,0.0678335220270992,0.008170161206879202,0.00013975105467776503,,,,,,,,0.00013975105467776503,0.0023105166563142762,,3.4327984525793314e-05,4.62899780206916e-05,1.2706423255740621e-05,-0.0010696911627906978
SLCP Forward_lower,1950,,,19418604651.162792,72.21132430232561,0.08379127906976745,0.00016758255813953169,0.0017332130063780803,1.7662861403700552e+16,0.023302325581395354,23.903606460901354,0.0003883720930232491,0.0004742476199203362,0.2983252377111456,0.0735597284319842,0.008859850139927445,0.00015311462819746842,,,,,,,,0.00015311462819746842,0.0025314578096841027,,3.72258014013473e-05,5.019757356789284e-05,1.3779043400705738e-05,-0.0011599897674418607
SLCP Forward_lower,1951,,,20930232558.139538,77.8325651162791,0.09031395348837212,0.00018062790697674074,0.0018681337793296675,1.9037814686623348e+16,0.025116279069767447,25.7643662452829,0.00041860465116278346,0.0005111650993153325,0.3215481604072228,0.0792859348368692,0.00954953907297569,0.0001667573394153341,,,,,,,,0.0001667573394153341,0.0027570139715237855,,4.012361827690127e-05,5.410516911509409e-05,1.4851663545670857e-05,-0.0012502883720930235
SLCP Forward_lower,1952,,,22558139534.883717,83.88620906976745,0.09733837209302325,0.00019467674418604275,0.0020134330732775297,2.051853360669405e+16,0.027069767441860463,27.76826139769378,0.0004511627906976665,0.0005509223848176359,0.34655746177222896,0.08545261865751456,0.010292281000873796,0.00018162423395188265,,,,,,,,0.00018162423395188265,0.0030028096653993497,,4.324434414288248e-05,5.831334893515694e-05,1.6006792932556362e-05,-0.0013475330232558139
SLCP Forward_lower,1953,,,24418604651.162792,90.80465930232562,0.10536627906976748,0.00021073255813953086,0.0021794894092179453,2.2210783801060572e+16,0.029302325581395353,30.05842728616338,0.0004883720930232474,0.0005963592825345544,0.37513952047509325,0.09250025730968074,0.011141128918471637,0.00019870067981719492,,,,,,,,0.00019870067981719492,0.0032851360685411963,,4.6810887989718155e-05,6.31226973009431e-05,1.7326940803282667e-05,-0.0014586697674418608
SLCP Forward_lower,1954,,,26395348837.2093,98.15551267441863,0.11389593023255815,0.0002277918604651119,0.0023559242661546358,2.4008799632574996e+16,0.031674418604651165,32.491728542662315,0.0005279069767441768,0.0006446359863587803,0.4055079578468865,0.09998837337760726,0.01204302983091934,0.00021710175039638208,,,,,,,,0.00021710175039638208,0.003589362610267548,,5.060034082698105e-05,6.823262993959085e-05,1.8729597915929353e-05,-0.0015767525581395349
SLCP Forward_lower,1955,,,28488372093.023254,105.93876918604653,0.12292732558139537,0.00024585465116278596,0.0025427376440876025,2.5912581101237332e+16,0.03418604651162791,35.06816516719061,0.0005697674418604552,0.0006957524962903135,0.43766277388760877,0.10791696686129418,0.012997983738216909,0.00023687075815550352,,,,,,,,0.00023687075815550352,0.0039162053794443265,,5.461270265467118e-05,7.364314685110026e-05,2.021476427049644e-05,-0.0017017813953488375
SLCP Forward_lower,1956,,,30813953488.372093,114.58683197674421,0.1329622093023256,0.0002659244186046461,0.002750308064013121,2.8027893844195484e+16,0.03697674418604652,37.930872527777595,0.0006162790697674312,0.0007525486184364617,0.4733903472661891,0.11672651517650187,0.014059043635214208,0.0002590303978712176,,,,,,,,0.0002590303978712176,0.004282572680064256,,5.907088246321577e-05,7.965483230833295e-05,2.1864949108904316e-05,-0.0018407023255813957
SLCP Forward_lower,1957,,,33255813953.48837,123.66729790697677,0.14349883720930234,0.0002869976744185991,0.0029682570049349155,3.0248972224301536e+16,0.03990697674418605,40.93671525639393,0.0006651162790697558,0.000812184546689917,0.5109042993136983,0.12597654090746993,0.01517315652706137,0.00028267221577322387,,,,,,,,0.00028267221577322387,0.004673444964885913,,6.375197126218757e-05,8.596710203842725e-05,2.3597643189232578e-05,-0.0019865693023255818
SLCP Forward_lower,1958,,,35930232558.139534,133.6125701162791,0.15503895348837213,0.00031007790697673825,0.0032069629878492623,3.2681581878703412e+16,0.04311627906976744,44.228828721068965,0.0007186046511627782,0.0008775000871579872,0.5519910086990657,0.13610752146995878,0.016393375408608264,0.0003088458152612,,,,,,,,0.0003088458152612,0.005106175420567329,,6.887887804201384e-05,9.288054031424482e-05,2.5495355753401637e-05,-0.0021463283720930234
SLCP Forward_lower,1959,,,38720930232.558136,143.9902454651163,0.16708081395348837,0.0003341616279069703,0.0034560474917598844,3.5219957170253188e+16,0.04646511627906977,47.66407755377335,0.0007744186046511493,0.0009456554337333649,0.594864096753362,0.146678979448208,0.01766664728500502,0.00033662686250773247,,,,,,,,0.00033662686250773247,0.00556548195346593,,7.422869381226734e-05,0.00010009456286292404,2.747557755949108e-05,-0.002313033488372093
SLCP Forward_lower,1960,,,41860465116.279076,155.6651302325582,0.18062790697674425,0.0003612558139534815,0.003736267558659335,3.8075629373246696e+16,0.050232558139534894,51.5287324905658,0.0008372093023255669,0.001022330198630665,0.6430963208144456,0.1585718696737384,0.01909907814595138,0.00036811603623463,,,,,,,,0.00036811603623463,0.006086095272323026,,8.024723655380254e-05,0.00010821033823018818,2.9703327091341713e-05,-0.002500576744186047
SLCP Forward_lower,1961,,,45930232558.139534,170.79924011627912,0.19818895348837212,0.0003963779069767366,0.004099515793528992,4.177742667342346e+16,0.055116279069767446,56.538470371593014,0.0009186046511627747,0.0011217234123864239,0.7056195742269611,0.17398857922535185,0.02095593296569665,0.0004086154154033579,,,,,,,,0.0004086154154033579,0.006755675121687993,,8.804905121875558e-05,0.00011873078778034532,3.2591150558555484e-05,-0.0027436883720930237
SLCP Forward_lower,1962,,,50581395348.83721,188.09536569767448,0.2182587209302326,0.00043651744186045673,0.0045146566333800296,4.600805215933975e+16,0.060697674418604665,62.263885092767,0.0010116279069767265,0.0012353156566787201,0.7770747209841217,0.1916076758557672,0.02307805275969125,0.0004553039221668242,,,,,,,,0.0004553039221668242,0.007527580369803404,,9.696541083584475e-05,0.0001307541586948107,3.589152023537123e-05,-0.00302153023255814
SLCP Forward_lower,1963,,,53372093023.25581,198.47304104651167,0.23030058139534887,0.00046060116279068885,0.004763741137290651,4.854642745088954e+16,0.06404651162790698,65.69913392547139,0.0010674418604650977,0.0013034710032540976,0.8199478090384181,0.20217913383401645,0.024351324636088006,0.0004861606167486978,,,,,,,,0.0004861606167486978,0.008037736854522692,,0.00010231522660609825,0.0001379681812434899,3.787174204146068e-05,-0.0031882353488372093
SLCP Forward_lower,1964,,,55813953488.37209,207.55350697674425,0.24083720930232563,0.0004816744186046419,0.0049816900782124465,5.076750583099559e+16,0.06697674418604652,68.70497665408773,0.0011162790697674223,0.0013631069315075532,0.8574617610859274,0.2114291595649845,0.02546543752793517,0.0005145471818663276,,,,,,,,0.0005145471818663276,0.008507054468411645,,0.00010699631540507007,0.0001442804509735842,3.9604436121788953e-05,-0.003334102325581396
SLCP Forward_lower,1965,,,59651162790.69768,221.82281058139543,0.2573947674418605,0.0005147895348837111,0.005324181271089553,5.425777185687654e+16,0.07158139534883722,73.42844379905625,0.0011930232558139326,0.0014568205330486974,0.9164122571605849,0.22596491428507723,0.027216186357980714,0.000556649263684378,,,,,,,,0.000556649263684378,0.009203131943679452,,0.00011435231208916863,0.00015419973197801812,4.232724110516194e-05,-0.0035633218604651166
SLCP Forward_lower,1966,,,64651162790.697685,240.41614558139545,0.2789697674418606,0.0005579395348837103,0.005770457673929418,5.880569425423657e+16,0.07758139534883722,79.58326462431829,0.0012930232558139312,0.001578932195662916,0.9932265399245327,0.2449054431627738,0.029497465136524906,0.0006107793753906913,,,,,,,,0.0006107793753906913,0.010098069910294227,,0.0001239373986775395,0.00016712485571106838,4.587513850773887e-05,-0.0038620018604651166
SLCP Forward_lower,1967,,,76279069767.44185,283.65645953488377,0.32914418604651163,0.0006582883720930105,0.006808309773557009,6.93822579690273e+16,0.09153488372093023,93.89680142725321,0.0015255813953488104,0.0018629128063936556,1.171864406817434,0.2889531847388121,0.03480276462151139,0.0007296680329477468,,,,,,,,0.0007296680329477468,0.012063666693558617,,0.0001462282977202624,0.00019718328299723174,5.412606269977822e-05,-0.004556606511627906
SLCP Forward_lower,1968,,,86395348837.2093,321.27553267441874,0.3727959302325582,0.0007455918604651019,0.007711241100233016,7.858386840089526e+16,0.10367441860465117,106.34957844580661,0.001727906976744156,0.0021099759377294,1.3272793510142584,0.32727471990996565,0.03941837517344965,0.0008369326196952239,,,,,,,,0.0008369326196952239,0.013837081676967292,,0.00016562137988743137,0.00022333411473619388,6.130436674685249e-05,-0.005160912558139536
SLCP Forward_lower,1969,,,90465116279.06976,336.40964255813964,0.39035697674418607,0.000780713953488357,0.008074489335102674,8.228566570107202e+16,0.10855813953488372,111.35931632683383,0.0018093023255813638,0.0022093691514851587,1.389802604426774,0.34269142946157904,0.04127522999319492,0.0008876290679512313,,,,,,,,0.0008876290679512313,0.014675250579388581,,0.0001734231945523844,0.00023385456428635105,6.419219021406626e-05,-0.005404024186046511
SLCP Forward_lower,1970,,,90697674418.60464,337.2744488372094,0.3913604651162791,0.0007827209302325431,0.008095246377095223,8.249719697536782e+16,0.10883720930232559,111.64558706289253,0.0018139534883720612,0.0022150487636997734,1.3933753617646318,0.34357238429309983,0.04138133598289465,0.0009015059765547996,,,,,,,,0.0009015059765547996,0.014904678747502412,,0.00017386901253323882,0.0002344557328320743,6.435720869790703e-05,-0.005417916279069768
SLCP Forward_lower,1971,,,104651162790.69768,389.16282558139545,0.45156976744186056,0.0009031395348837037,0.009340668896648337,9.518907343311674e+16,0.12558139534883722,128.82183122641447,0.002093023255813917,0.0025558254965766625,1.607740802036114,0.396429674184346,0.04774769536487844,0.001053931393158942,,,,,,,,0.001053931393158942,0.01742474176041896,,0.00020061809138450636,0.0002705258455754704,7.425831772835428e-05,-0.006251441860465117
SLCP Forward_lower,1972,,,111627906976.74419,415.1070139534885,0.48167441860465127,0.0009633488372092838,0.009963380156424893,1.0153501166199118e+17,0.13395348837209303,137.40995330817546,0.0022325581395348446,0.0027262138630151063,1.7149235221718548,0.422858319129969,0.05093087505587034,0.0011392330710446588,,,,,,,,0.0011392330710446588,0.018835042011969488,,0.00021399263081014013,0.0002885609019471684,7.920887224357791e-05,-0.006668204651162792
SLCP Forward_lower,1973,,,115581395348.83722,429.8087206976746,0.4987337209302327,0.0009974674418604462,0.010316249870298274,1.0513104332502005e+17,0.13869767441860467,142.27655582117333,0.0023116279069767044,0.002822767270663558,1.7756603969154414,0.43783455126582216,0.052734676880765746,0.0011955754498058386,,,,,,,,0.0011955754498058386,0.019766555587192515,,0.00022157153648466593,0.000298780767224464,8.201418646887127e-05,-0.006904370232558141
SLCP Forward_lower,1974,,,111627906976.74419,415.1070139534885,0.48167441860465127,0.0009633488372092838,0.009963380156424893,1.0153501166199118e+17,0.13395348837209303,137.40995330817546,0.0022325581395348446,0.0027262138630151063,1.7149235221718548,0.422858319129969,0.05093087505587034,0.0011705526367711213,,,,,,,,0.0011705526367711213,0.019352851186622073,,0.00021399263081014013,0.0002885609019471684,7.920887224357791e-05,-0.006668204651162792
SLCP Forward_lower,1975,,,111744186046.51163,415.53941709302336,0.48217616279069775,0.0009643523255813769,0.009973758677421169,1.0164077729913909e+17,0.13409302325581396,137.5530886762048,0.0022348837209301936,0.0027290536691224132,1.7167099008407836,0.4232987965457294,0.050983928050720204,0.0011881035134689304,,,,,,,,0.0011881035134689304,0.01964302139704881,,0.0002142155398005673,0.00028886148622003007,7.929138148549828e-05,-0.0066751506976744195
SLCP Forward_lower,1976,,,112093023255.81396,416.8366265116281,0.48368139534883736,0.0009673627906976559,0.010004894240409998,1.0195807421058282e+17,0.1345116279069768,137.98249478029285,0.0022418604651162403,0.002737573087444336,1.7220690368475708,0.4246202287930106,0.051143087035269805,0.0012086581247185222,,,,,,,,0.0012086581247185222,0.01998285261882923,,0.00021488426677184903,0.000289763239038615,7.953890921125949e-05,-0.006695988837209305
SLCP Forward_lower,1977,,,118720930232.55814,441.4836054651164,0.5122808139534885,0.0010245616279069571,0.010596469937197725,1.0798671552801352e+17,0.14246511627906977,146.14121075796575,0.0023744186046511214,0.002899442035560858,1.8238926209765245,0.4497274414913525,0.054167107741712094,0.0012984777340387425,,,,,,,,0.0012984777340387425,0.021467848233900095,,0.00022759007922620107,0.00030689654259172803,8.424193600072191e-05,-0.007091913488372093
SLCP Forward_lower,1978,,,122906976744.18605,457.0501184883722,0.5303436046511629,0.0010606872093023051,0.010970096693063657,1.117942784653382e+17,0.1474883720930233,151.29408400702235,0.0024581395348836784,0.0030016750554239242,1.8882022530579694,0.4655846284587264,0.05607701555630724,0.0013638146610836462,,,,,,,,0.0013638146610836462,0.02254806947843901,,0.00023561480288158138,0.0003177175764147469,8.721226870985607e-05,-0.007341971162790699
SLCP Forward_lower,1979,,,128023255813.95348,476.07585662790706,0.5524203488372093,0.0011048406976743971,0.011426751616899797,1.1644796649984613e+17,0.1536279069767442,157.5920402003137,0.002560465116279025,0.0031266265241454497,1.9668029144908457,0.4849656347521832,0.05841134732970129,0.0014415548961543758,,,,,,,,0.0014415548961543758,0.023833355721257516,,0.00024542279846037943,0.00033094328442065873,9.08426753543534e-05,-0.007647597209302326
SLCP Forward_lower,1980,,,128953488372.09303,479.5350817441862,0.5564343023255814,0.0011128686046511416,0.011509779784870007,1.172940915970294e+17,0.15474418604651166,158.73712314454852,0.0025790697674418156,0.0031493449730039093,1.981093943842278,0.4884894540782663,0.05883577128850022,0.0014737829947871776,,,,,,,,0.0014737829947871776,0.024366185751514703,,0.0002472060703837973,0.00033334795860355185,9.150274928971657e-05,-0.007703165581395351
SLCP Forward_lower,1981,,,127093023255.81395,472.61663151162804,0.5484063953488373,0.0010968127906976534,0.011343723448929591,1.1560184140266286e+17,0.15251162790697678,156.44695725607892,0.002541860465116235,0.003103908075286991,1.9525118851394136,0.4814418154261002,0.057986923370902374,0.0014746120271000613,,,,,,,,0.0014746120271000613,0.024379892216714247,,0.0002436395265369616,0.0003285386102377657,9.018260141899026e-05,-0.007592028837209304
SLCP Forward_lower,1982,,,128488372093.02325,477.80546918604665,0.5544273255813954,0.0011088546511627694,0.011468265700884902,1.1687102904843776e+17,0.1541860465116279,158.1645816724311,0.0025697674418604204,0.0031379857485746795,1.973948429166562,0.48672754441522476,0.05862355930910075,0.0015138260603812677,,,,,,,,0.0015138260603812677,0.02502822132783548,,0.0002463144344220884,0.0003321456215121053,9.117271232203498e-05,-0.007675381395348837
SLCP Forward_lower,1983,,,130232558139.53488,484.2915162790699,0.5619534883720931,0.0011239069767441645,0.011623943515829042,1.1845751360565638e+17,0.15627906976744188,160.31161219287134,0.002604651162790652,0.0031805828401842906,2.000744109200497,0.4933347056516305,0.05941935423184873,0.001558444763340445,,,,,,,,0.001558444763340445,0.025765906324975756,,0.00024965806927849677,0.0003366543856050298,9.241035095084088e-05,-0.007779572093023257
SLCP Forward_lower,1984,,,138953488372.09305,516.7217517441862,0.5995843023255816,0.00119916860465114,0.012402332590549738,1.2638993639174947e+17,0.16674418604651167,171.0467647950726,0.0027790697674418127,0.0033935682982323464,2.1347225093701736,0.5263705118336595,0.06339832884558862,0.0016893042217120137,,,,,,,,0.0016893042217120137,0.027929417426204535,,0.000266376243560539,0.0003591982060696524,9.859854409487042e-05,-0.008300525581395352
SLCP Forward_lower,1985,,,143488372093.02325,533.5854741860467,0.6191523255813954,0.001238304651162767,0.012807094909404498,1.3051479624051782e+17,0.17218604651162792,176.62904414821716,0.002869767441860415,0.0035043207364173342,2.204391277458405,0.5435491310483144,0.06546739564473333,0.001772686778307476,,,,,,,,0.001772686778307476,0.029307988674229155,,0.00027506969418720096,0.000370920992711256,0.00010181640452976575,-0.008571421395348838
SLCP Forward_lower,1986,,,151046511627.90698,561.6916782558142,0.6517656976744187,0.0013035313953488122,0.013481698774162432,1.3738956265513182e+17,0.1812558139534884,185.9328430701249,0.0030209302325580867,0.0036889081333923157,2.320505890938791,0.5721801630727393,0.06891584030997455,0.001896779275389656,,,,,,,,0.001896779275389656,0.03135962100067646,,0.0002895587785649709,0.0003904589704472623,0.00010717950525459134,-0.009022914418604651
SLCP Forward_lower,1987,,,157674418604.65115,586.3386572093025,0.6803651162790698,0.0013607302325581133,0.014073274470950161,1.4341820397256253e+17,0.18920930232558142,194.0915590477978,0.0031534883720929683,0.003850777081508837,2.4223294750677447,0.5972873757710813,0.07193986101641685,0.002013148585038014,,,,,,,,0.002013148585038014,0.03328356518017683,,0.0003022645910193229,0.00040759227400037536,0.00011188253204405378,-0.009418839069767444
SLCP Forward_lower,1988,,,164418604651.1628,611.4180393023258,0.7094662790697677,0.0014189325581395078,0.014675228688734167,1.495526109271412e+17,0.19730232558139538,202.39341039350012,0.003288372093023199,0.004015485835732667,2.525939437865628,0.6228350658851837,0.07501693471770902,0.0021349893660351418,,,,,,,,0.0021349893660351418,0.03529796968367998,,0.00031519331246410224,0.00042502616182635023,0.00011666806807543663,-0.009821709767441861
SLCP Forward_lower,1989,,,170348837209.30234,633.4705994186048,0.7350552325581398,0.001470110465116251,0.015204533259544238,1.5494665842168445e+17,0.20441860465116282,209.6933141629969,0.0034069767441859875,0.004160315947205345,2.6170447499810074,0.6452994140889633,0.07772263745505215,0.0022502975415093834,,,,,,,,0.0022502975415093834,0.037204370037199695,,0.0003265616709758909,0.00044035595974229347,0.0001208760394133767,-0.010175958139534886
SLCP Forward_lower,1990,,,173929000000.0,646.7840326430002,0.7505036350000001,0.0015010072699999713,0.015524081693906976,1.5820311893008624e+17,0.20871480000000003,214.10036626339976,0.0034785799999999395,0.004247751873365675,2.6720462773701303,0.6588614494337759,0.07935610733468257,0.002038608689292162,,,,,,,,0.002038608689292162,0.033704499355495555,,0.000333424905045751,0.0004496107691531395,0.00012341644946656046,-0.010389822744000002
SLCP Forward_lower,1991,,,168203000000.0,625.4909454010002,0.7257959450000001,0.0014515918899999723,0.015013005957374762,1.5299483820062954e+17,0.2018436,207.05186545430968,0.0033640599999999413,0.004107909597339872,2.5840785607488574,0.6371707557630378,0.07674358687749376,0.0020231464147717495,,,,,,,,0.0020231464147717495,0.03344886019122383,,0.0003224480638847487,0.0004348089174540503,0.00011935339736112936,-0.010047774408
SLCP Forward_lower,1992,,,168593000000.0,626.9412255310002,0.7274787950000001,0.001454957589999972,0.015047815516796272,1.533495761476236e+17,0.20231160000000004,207.53194147868012,0.0033718599999999414,0.004117434307023781,2.5900700748044456,0.6386481170154982,0.07692152662222021,0.002225716396562105,,,,,,,,0.002225716396562105,0.03679796777452684,,0.0003231957006386417,0.0004358170771052282,0.00011963013335853036,-0.010071071448
SLCP Forward_lower,1993,,,169513000000.0,630.3623991710002,0.7314485950000001,0.0014628971899999718,0.015129930374918808,1.5418639386873786e+17,0.20341560000000003,208.66442851052832,0.003390259999999941,0.004139902852944797,2.604203902833012,0.6421331743289944,0.07734128191747233,0.0024282863783524618,,,,,,,,0.0024282863783524618,0.04014707535782987,,0.0003249593565709019,0.00043819529987210946,0.00012028294648060451,-0.010126028568000002
SLCP Forward_lower,1994,,,177599000000.0,660.4315405330002,0.7663396850000002,0.0015326793699999704,0.015851648573591438,1.615412939697485e+17,0.21311880000000002,218.61800474914207,0.003551979999999938,0.004337381833724511,2.728427960918868,0.6727637976300052,0.081030565958134,0.0025887252084679326,,,,,,,,0.0025887252084679326,0.04279962485132826,,0.0003404603586016152,0.0004590978099731983,0.0001260206061600519,-0.010609053864000002
SLCP Forward_lower,1995,,,181923000000.0,676.5110566410001,0.7849977450000002,0.0015699954899999699,0.016237588406767353,1.6547433725898547e+17,0.21830760000000002,223.94069379882868,0.0036384599999999367,0.0044429839995532875,2.79485695265313,0.6891435670034372,0.08300341584581901,0.0027619310542424604,,,,,,,,0.0027619310542424604,0.045663252553858356,,0.0003487495414832383,0.0004702754569775402,0.00012908882783380047,-0.010867352328
SLCP Forward_lower,1996,,,190157000000.0,707.1305607190002,0.8205274550000002,0.0016410549099999685,0.01697251638696404,1.7296385586295795e+17,0.2281884,234.07645273387018,0.0038031399999999336,0.004644077485546382,2.921354713508799,0.7203348299592278,0.08676022573832559,0.0029223698843579313,,,,,,,,0.0029223698843579313,0.04831580204735676,,0.00036453426207696757,0.0004915605507411273,0.00013493150527636412,-0.011359218552000002
SLCP Forward_lower,1997,,,195947000000.0,728.6616426490002,0.8455113050000002,0.0016910226099999676,0.017489304461452606,1.7823034999910083e+17,0.23513640000000002,241.20373524952362,0.003918939999999932,0.004785482790853647,3.0103056529494507,0.7422679623996004,0.08940194656387976,0.0030683394300598053,,,,,,,,0.0030683394300598053,0.05072912957061922,,0.000375633792346301,0.0005065278440239996,0.00013903997046854822,-0.011705089992000001
SLCP Forward_lower,1998,,,199811000000.0,743.0305719370002,0.8621844650000001,0.001724368929999967,0.017834186865567255,1.8174498442778067e+17,0.23977320000000005,245.9601807832861,0.00399621999999993,0.004879850683721914,3.0696677306694293,0.7569052031162843,0.09116491880393872,0.0031829588595322198,,,,,,,,0.0031829588595322198,0.052624142825037176,,0.000383041147261794,0.0005165163796449008,0.00014178178558125966,-0.011935909896000001
SLCP Forward_lower,1999,,,206256000000.0,766.9973807520003,0.8899946400000002,0.001779989279999966,0.01840943714882784,1.8760725639797773e+17,0.2475072,253.89374482704883,0.004125119999999928,0.005037252616831642,3.1686813411521575,0.7813195448396352,0.09410548714948218,0.0033679387308589875,,,,,,,,0.0033679387308589875,0.055682431542563186,,0.000395396323874204,0.0005331768641368026,0.0001463550253331813,-0.012320908416
SLCP Forward_lower,2000,,,216938000000.0,806.7201816460002,0.9360874700000003,0.001872174939999964,0.019362862055854926,1.973234378076977e+17,0.26032560000000005,267.04290403813866,0.004338759999999924,0.005298131972840658,3.3327873748490555,0.821784090733946,0.09897921113196399,0.0036856325787460375,,,,,,,,0.0036856325787460375,0.060934892276001865,,0.0004158739028615995,0.0005607900984800912,0.00015393475334404667,-0.012959008368000003
SLCP Forward_lower,2001,,,208673000000.0,775.9853988910002,0.9004239950000001,0.0018008479899999654,0.018625167161960627,1.8980572208486157e+17,0.2504076,256.8689852139805,0.0041734599999999275,0.005096281394539355,3.20581336544025,0.7904753964991137,0.09520825731103044,0.0037105355015755277,,,,,,,,0.0037105355015755277,0.06134661452111206,,0.00040002975473102246,0.000539424868949359,0.00014807007893758697,-0.012465290328
SLCP Forward_lower,2002,,,209095000000.0,777.5546763650002,0.9022449250000002,0.0018044898499999654,0.018662832890360314,1.9018956673519875e+17,0.250914,257.38845209163264,0.004181899999999928,0.005106587618863995,3.212296490905527,0.7920739771363912,0.09540079723993958,0.0036182481993254326,,,,,,,,0.0036182481993254326,0.05982082031865098,,0.000400838736039081,0.0005405157493924285,0.00014836952147836448,-0.012490498920000002
SLCP Forward_lower,2003,,,208964000000.0,777.0675309880003,0.9016796600000002,0.0018033593199999654,0.01865114044860591,1.900704111683879e+17,0.2507568,257.2271957860108,0.004179279999999928,0.0051033882933035025,3.210283956697112,0.7915777352797956,0.09534102773594172,0.003767665736301662,,,,,,,,0.003767665736301662,0.06229115378930034,,0.00040058760677046573,0.0005401771111506226,0.000148276566566417,-0.012482673504000001
SLCP Forward_lower,2004,,,222109000000.0,825.9494087030002,0.9584003350000002,0.0019168006699999632,0.019824401111671913,2.020268991510474e+17,0.26653080000000007,273.40821973562464,0.004442179999999922,0.005424419854316282,3.41222870608353,0.8413723856992598,0.1013385096447344,0.004273048581956483,,,,,,,,0.004273048581956483,0.07064669346943671,,0.00042578679941129263,0.0005741572614448117,0.00015760398883779173,-0.013267903224000004
SLCP Forward_lower,2005,,,233025000000.0,866.5423776750002,1.0055028750000001,0.0020110057499999616,0.02079871175435191,2.119559233289638e+17,0.27963000000000005,286.84542456133664,0.004660499999999919,0.005691014036135643,3.579929648213781,0.8827233483450467,0.10631899747405207,0.004519148054623072,,,,,,,,0.004519148054623072,0.07471547800932743,,0.00044671296045102393,0.000602375391578807,0.00016534975844709768,-0.013919981400000003
SLCP Forward_lower,2006,,,235742000000.0,876.6459959140003,1.0172267300000002,0.002034453459999961,0.02104121835165509,2.1442726435968925e+17,0.28289040000000004,290.18995419778406,0.004714839999999918,0.00575736951360021,3.6216705294677096,0.8930156317371871,0.107558644362313,0.004706652414750151,,,,,,,,0.004706652414750151,0.07781550432543718,,0.0004519214965031446,0.0006093989038153465,0.00016727768589565797,-0.014082284112000002
SLCP Forward_lower,2007,,,242588000000.0,902.1039901960003,1.0467672200000002,0.00209353443999996,0.021652260002423433,2.206542797061546e+17,0.2911056,298.61713487173284,0.004851759999999916,0.005924564802051598,3.7268446454281072,0.9189490038765291,0.1106821712658957,0.004955681643043772,,,,,,,,0.004955681643043772,0.08193272677651789,,0.00046504539705994203,0.000627095983230639,0.0001721354670192663,-0.014491236768000001
SLCP Forward_lower,2008,,,241466000000.0,897.9316458220002,1.0419257900000003,0.0020838515799999602,0.02155211557762617,2.19633725920187e+17,0.28975920000000005,297.235993078544,0.004829319999999916,0.005897162944960967,3.709607520375877,0.9146987491963741,0.11017025230799038,0.005074010968958356,,,,,,,,0.005074010968958356,0.0838890760798308,,0.00046289450362951157,0.0006241955854649425,0.00017133931884212805,-0.014424212976000004
SLCP Forward_lower,2009,,,228984000000.0,851.5152443280002,0.9880659600000001,0.001976131919999962,0.020438031165576732,2.0828029244741744e+17,0.2747808,281.8710983703599,0.00457967999999992,0.005592323390410832,3.517848344883958,0.8674156129060925,0.10447526796523265,0.0049461631464920615,,,,,,,,0.0049461631464920615,0.08177535662373796,,0.0004389662934703026,0.0005919293065777557,0.00016248234776633502,-0.013678588224000001
SLCP Forward_lower,2010,,,240546000000.0,894.5104721820002,1.0379559900000002,0.0020759119799999603,0.021470000719503633,2.1879690819907274e+17,0.28865520000000006,296.1035060466958,0.0048109199999999165,0.005874694399039951,3.695473692347311,0.9112136918828778,0.10975049701273824,0.005442473922012044,,,,,,,,0.005442473922012044,0.08998090695887706,,0.0004611308476972514,0.0006218173626980612,0.00017068650572005389,-0.014369255856000003
SLCP Forward_lower,2011,,,247680000000.0,921.0394425600003,1.0687392,0.002137478399999959,0.022106747891075553,2.2528588387562605e+17,0.29721600000000004,304.8852044001797,0.004953599999999914,0.006048923319257917,3.805072310994911,0.9382380384855753,0.1130054255739651,0.0057367259719185775,,,,,,,,0.0057367259719185775,0.0948458023547029,,0.0004748068492415389,0.0006402589292403773,0.00017574864573405066,-0.01479541248
SLCP Forward_lower,2012,,,250361000000.0,931.0091887870002,1.080307715,0.0021606154299999587,0.022346041298278288,2.2772447986509046e+17,0.30043320000000007,308.1854193266852,0.005007219999999913,0.0061143995927516615,3.84626012941294,0.9483939500697962,0.11422864725502051,0.0058804245014339755,,,,,,,,0.0058804245014339755,0.0972215829647223,,0.0004799463726702233,0.0006471893805860388,0.0001776510283213124,-0.014955564696000003
SLCP Forward_lower,2013,,,257476999999.99997,957.4712231590001,1.111013255,0.0022220265099999574,0.022981181874799982,2.3419708302101322e+17,0.30897240000000004,316.944960325198,0.00514953999999991,0.006288188910984216,3.95558221664259,0.9753501107685337,0.1174753632126446,0.006062889590211614,,,,,,,,0.006062889590211614,0.10023829455798137,,0.0004935878679027927,0.0006655844166829158,0.00018270039590465985,-0.015380646072000003
SLCP Forward_lower,2014,,,265577000000.0,987.5924258590003,1.145964755,0.002291929509999956,0.023704149647400564,2.4156471730473648e+17,0.31869240000000004,326.9157700621226,0.005311539999999907,0.006486009804419251,4.080021354720186,1.0060337675504023,0.1211710348338862,0.006306962881125601,,,,,,,,0.006306962881125601,0.1042735800541697,,0.0005091157081759536,0.0006865231171304574,0.0001884479896968345,-0.015864507672
SLCP Forward_lower,2015,,,280081000000.0,1041.5279720270003,1.2085495150000003,0.0024170990299999537,0.024998708236758448,2.5475733059499846e+17,0.33609720000000004,344.76967431204264,0.005601619999999903,0.0068402313153305755,4.302844226161845,1.0609764537188244,0.12778856831468718,0.0066252072054725835,,,,,,,,0.0066252072054725835,0.10953514186403684,,0.0005369201273514998,0.0007240163160552895,0.0001987397304822297,-0.016730918616000005
SLCP Forward_lower,2016,,,293627000000.0,1091.9010352090004,1.2670005050000002,0.0025340010099999515,0.02620776026733221,2.670785619539262e+17,0.3523524,361.44431489184257,0.0058725399999998975,0.007171056231685015,4.510949481025931,1.11229013455428,0.1339690087815191,0.006979804754980952,,,,,,,,0.006979804754980952,0.11539773478912385,,0.000562888043936714,0.0007590330612728693,0.00020835169412529106,-0.017540102472
SLCP Forward_lower,2017,,,310950993000.0,1156.3231962863313,1.3417535347950003,0.0026835070695899487,0.027754018123104806,2.8283619710920787e+17,0.37314119160000003,382.7695294704613,0.006219019859999892,0.007594148549354431,4.777095500406462,1.1779152524929823,0.14187318029962873,0.007318105422151535,,,,,,,,0.007318105422151535,0.1209908899044264,,0.0005960984385289803,0.0008038160118879687,0.00022064444407868323,-0.018574968517848
SLCP Forward_lower,2018,,,327120444636.0,1216.4520024932203,1.4115247186043403,0.002823049437208626,0.02919722706550626,2.9754367935888666e+17,0.39254453356320007,402.67354500292527,0.006542408892719886,0.007989044273920862,5.025504466427598,1.2391668456226175,0.1492505856752094,0.0074631150448037165,,,,,,,,0.0074631150448037165,0.1233883469342589,,0.0006270955573324872,0.000845614444506143,0.00023211795517077478,-0.019540866880776102
SLCP Forward_lower,2019,,,292505677500.0,1087.7312102318929,1.2621619984125003,0.0025243239968249518,0.026107676312987528,2.6605862441144346e+17,0.35100681300000003,360.06400707687555,0.005850113549999898,0.007143670920724669,4.493722764309017,1.1080424463157876,0.13345739893688827,0.007415289507623408,,,,,,,,0.007415289507623408,0.12259764306080996,,0.0005607384492855164,0.0007561344148614386,0.00020755602668825086,-0.017473119151140002
SLCP Forward_lower,2020,,,158440575300.0,589.1877388291254,0.6836710824195,0.0013673421648389738,0.014141658001752553,1.4411508821149541e+17,0.19012869036000005,195.03467048458722,0.0031688115059999447,0.00386948841508725,2.4340998304753483,0.6001896583737003,0.07228942441844463,0.004198022448523261,,,,,,,,0.004198022448523261,0.06940627971115759,,0.00030373332667235864,0.00040957280801763314,0.0001124261811139328,-0.009464606206120801
SLCP Forward_lower,2021,,,188909916700.0,702.4930732050391,0.8151462905605001,0.0016302925811209686,0.016861207617130905,1.7182952824866922e+17,0.22669190004000003,232.54133788073486,0.003778198333999934,0.004613620802510096,2.9021959516615197,0.7156107465079192,0.08619123680485222,0.005098467843278976,,,,,,,,0.005098467843278976,0.08429342376514502,,0.00036214358179428527,0.0004883368095495432,0.00013404660055619068,-0.0112847227839912
SLCP Forward_lower,2022,,,231566994700.0,861.1205414800652,0.9992115821305001,0.0019984231642609616,0.020668577082230816,2.1062974433709587e+17,0.27788039364000006,285.0506722845802,0.004631339893999919,0.005655406145878975,3.5575305219366737,0.8772002700473499,0.1056537741640731,0.006249734776589963,,,,,,,,0.006249734776589963,0.10332742269568844,,0.00044391793904166317,0.0005986064117976183,0.000164315187803735,-0.013832885995399202
SLCP Forward_lower,2023,1076937632512.1694,11615863382044.725,269197297382.2647,1001.0551062646144,1.1615863382044724,0.0023231726764089,0.0240272803059941,2.448576836147176e+17,0.3230367568587177,331.37222640652345,0.0053839459476452,0.0065744259109205,4.135639464082358,1.019747836973329,0.1228228163519221,0.0069164939110077,31609.255041993387,1033.2844808044356,1.0,1.0,1.0,1.0,0.0,0.0069164939110077,0.1143510109567864,10.786013072036893,0.0005160558809528855,0.0006958816754536991,0.0001910168784326531,-0.016080769756426968
SLCP Forward_lower,2024,1198347322705.4666,12554695373775.648,290954701593.87366,1079.212602199146,1.2527577231768294,0.0025034062575308,0.0258831686381518,2.638203205374563e+17,0.3478010332180216,357.84894263335514,0.0058141262657643,0.0070997340578197,4.492414159241649,1.1016089191714291,0.1327204318661201,0.0076427376050688,32587.616609305576,1113.9710421778616,0.99500999,1.0,0.9746971613205142,1.0,1.0,0.0076427376050688,0.1263580627499945,10.476674947152512,0.000560575158131458,0.0007514827795300457,0.0002057711906733068,-0.017313535433593114
SLCP Forward_lower,2025,1292041079394.611,13362679586764.836,309679712323.6347,1146.9849514813636,1.3316768302810302,0.0026612019837851,0.027527677436489,2.804979598223791e+17,0.3695590751156689,380.878457890815,0.0061883067691699,0.0075566957744168,4.809709992022903,1.1739971247654524,0.1414400286767429,0.0082320362622414,33594.36523400953,1183.9330694065811,0.99401498,1.0,0.9621425078045334,1.0,1.0,0.0082320362622414,0.1361009900293655,10.34230242356222,0.0006001681598741622,0.0007998447615707115,0.00021884503562008756,-0.018396650759257997
SLCP Forward_lower,2026,1332579229192.233,13581029129468.818,314739956650.4941,1162.6895883289392,1.3504216993163158,0.0026977355167504,0.0279013025499742,2.8441769166668173e+17,0.3744667761818612,387.1024135646507,0.0062894252569991,0.0076801526750517,4.918255200456026,1.1935409662408385,0.1438032314515706,0.0084125923552439,34661.586006780475,1200.1575403464158,0.993020965,0.996,0.9526362541935336,1.0,1.0,0.0084125923552439,0.1390861400251424,10.191535956703458,0.0006137127141438607,0.0008129150684857664,0.0002218153552722949,-0.018640956118333052
SLCP Forward_lower,2027,1374480003826.4983,13820623130814.4,320292540690.9479,1181.01651047082,1.371216748942408,0.0027383453106219,0.027849276338364,2.8399362456668464e+17,0.3720686884500473,393.9318543408651,0.0064003821328826,0.0078156268972164,5.035809111400208,1.2148692466038489,0.1463853774093728,0.0084976926012075,35768.71207463877,1219.0611743118532,0.992027944,0.992016,0.9444264854223278,1.0,1.0,0.0084976926012075,0.1404931099847518,10.055164929528498,0.000628381397813852,0.0008272568941158166,0.0002214017468899938,-0.018521579311043358
SLCP Forward_lower,2028,1417784448485.724,14071339533777.031,326102886066.6752,1200.1108824833557,1.392930497219892,0.0027806771278234,0.0278160382726365,2.8375041827967875e+17,0.369668030554162,401.0782235477144,0.0065164898344496,0.0079573975717368,5.158738493386032,1.237184002246473,0.1490911139004047,0.008585298642038,36917.009022384475,1238.7577168636326,0.991035916,0.988047936,0.936689621329802,1.0,1.0,0.008585298642038,0.1419415084744758,9.92487930644608,0.0006437208467833875,0.0008422642694502001,0.00022113750426746017,-0.018402074560986182
SLCP Forward_lower,2029,1462539638472.1685,14328999550451.035,332074149489.0159,1221.016546675619,1.41508750251154,0.0028245345471104,0.027087422092352,2.7640402342768614e+17,0.3543933320808792,408.4224352550189,0.0066358131494311,0.0081030999751851,5.28557489209318,1.2601253630725655,0.1518760960963669,0.0085234386207606,38108.04198365684,1260.2780246752943,0.99004488,0.984095744,0.9291139028685182,1.0,1.0,0.0085234386207606,0.1409187712232203,9.797340990648106,0.0006595478234916272,0.0008576871140355397,0.0002153450056341984,-0.017641700070986168
SLCP Forward_lower,2030,1508789847233.0876,14593072449968.008,338194031285.4695,1242.4402420213,1.437801564945924,0.0028694947584034,0.0264053361778512,2.6952896316123763e+17,0.3386186455624947,415.9494436333508,0.0067581062943819,0.0082524282605997,5.416215507904666,1.2835768916162449,0.1547244292174582,0.0084104742348416,39343.19488826091,1282.3318166568731,0.989054835,0.980159361,0.9216861928001564,1.0000060139385554,1.0,0.0084104742348416,0.1390511209515415,9.67203781012292,0.0006758495003341909,0.0008734938316300367,0.00020992242261391706,-0.016856436176100987
SLCP Forward_lower,2031,1556098766313.1194,14855638963737.615,344278488091.38,1261.8520753856485,1.4579185730634174,0.0029213555830361,0.0257235769453088,2.626968603712794e+17,0.3215515942481904,423.4327709374545,0.0068796915443688,0.0084008999189325,5.5479308885282315,1.3064674686137605,0.1575194667039682,0.0083049054981293,40623.9555975656,1302.304990647142,0.98806578,0.976238724,0.9143691394023123,1.0000127393018807,1.0,0.0083049054981293,0.1373057436080776,9.546719838956772,0.0006922852891337401,0.0008892088189686544,0.00020450243671520498,-0.016006838361674918
SLCP Forward_lower,2032,1605050694305.7712,15124323532544.096,350504164938.7254,1282.6045273660382,1.4785142844557346,0.0029744249864685,0.0247568140969338,2.5294986647187408e+17,0.2962881066877931,431.0898173396498,0.0070040987839907,0.0085528154081771,5.683401708351844,1.32978970750348,0.1603713433446306,0.0080894423544586,41956.24403852154,1323.63213392454,0.987077715,0.972333769,0.9071214281098504,1.0000276735982592,1.0,0.0080894423544586,0.1337434722290105,9.422956911081108,0.0007091896914334691,0.0009052886164132645,0.0001968166720706237,-0.01474922195091834
SLCP Forward_lower,2033,1655707986821.3645,15399572072078.283,356881349276.06464,1303.917790429461,1.4996306003872968,0.0030287906121508,0.0238871969468608,2.441890543446155e+17,0.2700809673435296,438.9332328957916,0.0071315335865707,0.0087084259402343,5.822842606958532,1.3535899741350887,0.1632857614739417,0.0078085096690553,43342.46596060655,1345.5346025971128,0.986090637,0.968444434,0.8999433124084167,1.0000613323487422,1.0,0.0078085096690553,0.1290987870749404,9.300898585168062,0.0007265894905204776,0.0009217597890811623,0.00018990321572754336,-0.013444630554360903
SLCP Forward_lower,2034,1708138748368.1416,15682526516790.123,363436461059.2843,1327.3162912476114,1.5213762799850674,0.0030846769888077,0.0226888429250669,2.3205914458090045e+17,0.230254837483906,446.9955088211348,0.0072625239001317,0.0088683764138988,5.966739720946818,1.3779737239967496,0.1662755488281399,0.0073177836408826,44785.33397012989,1369.5398428811498,0.985104546,0.964570656,0.8928607934994023,1.000138112035634,1.0,0.0073177836408826,0.1209855698659956,9.181061276065726,0.0007445453477877116,0.000938690568524383,0.00018037630125428185,-0.011462085809948841
SLCP Forward_lower,2035,1762408538806.0044,15972646472310.203,370149973679.9699,1351.3854509240475,1.543704799259749,0.0031420511473098,0.021667584421311,2.216615095993828e+17,0.1887546820245206,455.28253315059646,0.007396601486697,0.0090320976868912,6.107143380647906,1.4027076644783392,0.1693166872556654,0.0066689376303847,46287.40589329725,1394.2320014271286,0.984119442,0.960712374,0.8858406330982361,1.00031100447243,1.0,0.0066689376303847,0.1102581408809674,9.062964755681078,0.0007620652827156299,0.0009560933196162525,0.00017225729614942246,-0.009396208071180634
SLCP Forward_lower,2036,1818591037876.9673,16270557626437.057,377036305927.6627,1373.4965528153537,1.566662053816898,0.0032010024876917,0.0213527709087479,2.1838663715036557e+17,0.1687084705506491,463.8121202443187,0.0075340542243868,0.0091999424137675,6.222221233881705,1.427810692145963,0.1724121010816802,0.005915603597479,47851.67952800815,1416.983634358313,0.983135322,0.956869524,0.8788299445963729,1.0006733781393222,1.0,0.005915603597479,0.0978032020984989,8.94679303238588,0.0007764249974452389,0.0009740054525130692,0.0001697545287245458,-0.008398307664011312
SLCP Forward_lower,2037,1876779788470.1423,16572308135665.504,384003759809.1876,1395.903275723762,1.5898529917682804,0.0032607186994542,0.020976357626033,2.1427664271031024e+17,0.1475505207938331,472.47160435991054,0.0076730493329601,0.0093696748870386,6.319285896295038,1.4528270456435262,0.1755087394913363,0.0049698336306935,49482.27063043024,1440.0374533048105,0.982152187,0.953042046,0.8715458697680184,1.0013262180797533,1.0,0.0049698336306935,0.0821667028510464,8.830182548574026,0.0007885369792333373,0.000992190369155812,0.00016676204312696236,-0.007345064925117012
SLCP Forward_lower,2038,1937059089828.7268,16871703925666.066,390908636163.2904,1418.2557747219084,1.6128417299815176,0.0033204099873584,0.0204865391649324,2.0870870584141606e+17,0.125281894808692,481.08441930273653,0.0078107147619519,0.0095377899942382,6.386405302652566,1.4771152209549028,0.1785307854009835,0.0040006979717167,51182.7747826211,1463.0315417039546,0.981170035,0.949229878,0.863699551053387,1.002273101258732,1.0,0.0040006979717167,0.0661438965297838,8.709958314775957,0.0007969123138527332,0.0010102772805357467,0.00016286798636121257,-0.006236532723576688
SLCP Forward_lower,2039,1999520957483.848,17168521330484.896,397745578105.998,1440.3701604742391,1.6354431740261297,0.0033795459727584,0.0199045397304413,2.019267436964777e+17,0.1018551263735368,489.6441451090818,0.0079469430328285,0.0097041563075622,6.425610586795664,1.5006889616472217,0.1814795315835057,0.003176924683925,52957.22957658974,1485.776830858313,0.980188865,0.945432958,0.8554136581542632,1.0033631639479086,1.0,0.003176924683925,0.0525243792613223,8.586317270757378,0.0008018044514827632,0.0010282527047290717,0.00015824109085700832,-0.005070348190874662
SLCP Forward_lower,2040,2064260586244.7285,17470206682321.057,404686975386.87085,1462.8787845525972,1.6583670750386137,0.003439562485798,0.0193143677565597,1.9499689505082496e+17,0.0773092113422895,498.362952344395,0.0080851788807821,0.0098729731549451,6.451599190658401,1.5245056090155136,0.1844649657526436,0.0025530976548806,54809.863405144424,1508.9253695522702,0.979208676,0.941651226,0.8471196450891569,1.0044128338057356,1.0,0.0025530976548806,0.0422105913289906,8.463178921660559,0.0008050473772691134,0.0010465621999232295,0.00015354922366464963,-0.0038484525406191714
SLCP Forward_lower,2041,2131374692672.0068,17778007816146.99,411761550247.50006,1483.731510330101,1.6823420363313168,0.0035014784852256,0.0189933143982568,1.9077208216463027e+17,0.0763549300594037,507.2761180255903,0.008225996377557,0.0100449418178305,6.453603346516741,1.5486745756847198,0.1875019516684728,0.0021002514069204,56745.00627669943,1530.4471173447794,0.978229467,0.937884621,0.8389309986127673,1.005344113257025,1.0,0.0021002514069204,0.0347236439061328,8.341099233874976,0.0008052974610653497,0.0010652798478537396,0.00015099684946614155,-0.0038009484183571165
SLCP Forward_lower,2042,2200935972293.3364,18087870884920.95,418875207542.36334,1504.635278371531,1.7063719712331262,0.0035636677062363,0.0186122090737012,1.8590957954328176e+17,0.0753527019718858,516.2678793101849,0.0083675153869811,0.0102177645130407,6.445222574246579,1.5728822096044497,0.1905517665125107,0.001739014868802,58765.57495689884,1552.0214772728746,0.977251238,0.934133083,0.8306252711619713,1.0061836478355093,1.0,0.001739014868802,0.0287512879899899,8.218263099254862,0.0008042516864385948,0.0010841625465513882,0.00014796706213592454,-0.0037510575041604754
SLCP Forward_lower,2043,2273049781470.629,18397057399071.656,425964973272.7259,1525.3684606121717,1.7301984125206624,0.0036255617830381,0.0181586954316323,1.802786899230676e+17,0.0742907656462846,525.2607231146094,0.0085084776934252,0.0103899039747669,6.423762653941663,1.5969595313840417,0.1935899707612985,0.0014531102251821,60876.39761162932,1573.4196357995029,0.976273987,0.930396551,0.8220592838548948,1.0069537057602271,1.0,0.0014531102251821,0.0240244010071012,8.093556748752347,0.0008015738616005465,0.0011030475185406796,0.00014436162868147677,-0.0036981943138720474
SLCP Forward_lower,2044,2347827483884.1436,18700911190590.848,432922946748.9795,1545.5505781883496,1.7533825669382377,0.0036862099062264,0.0176137364664797,1.7367800928595104e+17,0.0731503748588033,534.1218463928296,0.0086467274211579,0.0105587263072196,6.384994682505333,1.6205454005879216,0.1965710207359251,0.0012486512385103,63082.66455121321,1594.2489193134695,0.9752977130000002,0.9266749640000002,0.8130552522961635,1.007629652234188,1.0,0.0012486512385103,0.0206440623375466,7.965198175316048,0.0007967362929908828,0.0011216558774249422,0.00014002920490851362,-0.0036414256604712283
SLCP Forward_lower,2045,2425387598969.5957,18996771904992.33,439687491961.6846,1564.9639763505622,1.7756712023365044,0.0037450515275386,0.0169790835292586,1.6609004732156317e+17,0.0719259687482483,542.775231922411,0.0087810333397809,0.0107227310083125,6.327704881093917,1.643462509908198,0.1994727035098181,0.0011232916265895,65390.02956927016,1614.2846321211332,0.974322415,0.922968265,0.8035576829966874,1.0081630439695528,1.0,0.0011232916265895,0.0185714806884137,7.832468473518599,0.0007895875221191104,0.001139827987037063,0.00013498371405760588,-0.0035804747242878005
SLCP Forward_lower,2046,2505855079125.088,19277316001540.664,446088923990.9343,1583.0106062387397,1.7963745973502157,0.0038006052176034,0.0162211394601733,1.5711992619649056e+17,0.0705957403447464,551.0119876797194,0.0089080050894645,0.0108777798023823,6.2417852227524495,1.665247885014156,0.2022372059409221,0.0010601490922938,67804.5355519508,1632.9095605110713,0.973348092,0.919276392,0.7932625804716279,1.0085415048191897,1.0,0.0010601490922938,0.0175275395349918,7.692909363406316,0.000778866243013023,0.0011571251741274106,0.00012895805870837777,-0.003514255954361476
SLCP Forward_lower,2047,2589361922758.099,19547353272418.484,452238747068.52423,1600.0739693638773,1.815929106047176,0.0038537789225949,0.0153941289926945,1.4728983214634902e+17,0.069190911347901,558.9688867374351,0.0090298712782247,0.0110266083266599,6.139210783020405,1.6864005996551303,0.2049300320405368,0.0010387318115166,70332.71809485399,1650.519322694229,0.972374744,0.9155992859999998,0.7823842822969334,1.0087841548441914,1.0,0.0010387318115166,0.017173445720939,7.549100456222558,0.0007660667368377635,0.0011738346621486138,0.00012238332549192128,-0.0034443235668985116
SLCP Forward_lower,2048,2676044946652.797,19807747744048.445,458157032901.5689,1616.2252469953137,1.8344096488569015,0.0039047070031477,0.0145017151706631,1.366270155875022e+17,0.0677205595514337,566.6704354372283,0.0091470333972636,0.0111697087238393,6.020495888653938,1.707081878802419,0.2075698595822938,0.0010428449110975,72981.44689783012,1667.1871744560808,0.97140237,0.911936889,0.7709583464843768,1.0089250858286916,1.0,0.0010428449110975,0.0172414479633036,7.401874086167357,0.0007512531826276871,0.0011900079144181795,0.00011528863560677165,-0.0033711294544703702
SLCP Forward_lower,2049,2766047029055.342,20072582998259.51,464170245807.89233,1632.6286316776734,1.853129775927282,0.0039561381159872,0.0136040757993542,1.258162238123946e+17,0.0662355189867085,574.5180855323608,0.0092660155862653,0.0113150412314191,5.899350815995128,1.728237943202217,0.210272893007158,0.0010620119899947,75758.0006701253,1684.11378728856,0.970430967,0.908289141,0.7596186487397711,1.0089988724079455,1.0,0.0010620119899947,0.0175583389888986,7.256775747993947,0.0007361363844306963,0.0012064879796179577,0.00010815240260486589,-0.003297204135158349
SLCP Forward_lower,2050,2859514629869.443,20351616054391.742,470504552404.2845,1650.082512364679,1.8729887945788264,0.0040099700369139,0.0127398765836023,1.1532894032123811e+17,0.0647663596014698,582.78988047231,0.0093913377926182,0.0114681209690294,5.78512567140783,1.7505734755183884,0.2131229175518866,0.0010901177579459,78669.9950818382,1702.1225293973005,0.969460536,0.904655985,0.7487488377609934,1.0090316738027163,1.0,0.0010901177579459,0.0180230141581809,7.117157521002416,0.0007218830729104552,0.001223858748991851,0.00010128201883963829,-0.0032240693809611667
SLCP Forward_upper,1940,,,8953488372.093023,33.29504174418605,0.038634302325581404,7.72686046511613e-05,0.0007991461167132466,8143954060388877.0,0.010744186046511629,11.021423338259904,0.00017906976744185734,0.00021866507026266997,0.1375511575075342,0.0339167610135496,0.004085080603439601,0.0010578585596153222,,,,,,,,6.398432532486963e-05,0.0010578585596153222,,0.0008335002096445669,9.14778137075572e-05,0.00034255398292913316,-7.381255813953489e-05
SLCP Forward_upper,1941,,,9651162790.697676,35.88946058139537,0.04164476744186048,8.328953488371934e-05,0.0008614172426909024,8778547883276322.0,0.011581395348837212,11.880235546436003,0.00019302325581395014,0.0002357039069065144,0.1482694295211083,0.03655962550811191,0.004403398572538791,0.0011510720773905522,,,,,,,,6.962232294921616e-05,0.0011510720773905522,,0.0008984482779285593,9.860595503541883e-05,0.00036924650107945527,-7.956418604651165e-05
SLCP Forward_upper,1942,,,10465116279.069769,38.91628255813955,0.04515697674418606,9.031395348837037e-05,0.0009340668896648338,9518907343311674.0,0.012558139534883724,12.88218312264145,0.00020930232558139173,0.00025558254965766625,0.1607740802036114,0.0396429674184346,0.004774769536487845,0.0012600660799265446,,,,,,,,7.621479947014026e-05,0.0012600660799265446,,0.0009742210242598834,0.00010692211991792404,0.000400387772254831,-8.627441860465118e-05
SLCP Forward_upper,1943,,,11279069767.441858,41.94310453488372,0.048669186046511624,9.733837209302137e-05,0.0010067165366387648,1.0259266803347024e+16,0.013534883720930231,13.88413069884689,0.00022558139534883324,0.00027546119240881795,0.17327873088611448,0.04272630932875728,0.005146140500436898,0.001371161192530727,,,,,,,,8.293436113767916e-05,0.001371161192530727,,0.0010499937705912075,0.0001152382848004292,0.00043152904343020653,-9.298465116279068e-05
SLCP Forward_upper,1944,,,12209302325.581396,45.40232965116281,0.05268313953488374,0.00010536627906976543,0.0010897447046089726,1.1105391900530286e+16,0.014651162790697676,15.02921364308169,0.0002441860465116237,0.0002981796412672772,0.18756976023754662,0.04625012865484037,0.005570564459235819,0.0014986920194253938,,,,,,,,9.06480331052674e-05,0.0014986920194253938,,0.001136591194969864,0.000124742473237578,0.0004671190676306361,-0.00010065348837209304
SLCP Forward_upper,1945,,,13139534883.72093,48.86155476744187,0.056697093023255825,0.00011339418604650945,0.00117277287257918,1.1951516997713544e+16,0.015767441860465116,16.174296587316483,0.00026279069767441406,0.0003208980901257365,0.20186078958897874,0.04977394798092344,0.005994988418034738,0.0016287296201401556,,,,,,,,9.851332669576821e-05,0.0016287296201401556,,0.0012231886193485202,0.0001342466616747268,0.0005027090918310655,-0.00010832232558139535
SLCP Forward_upper,1946,,,14302325581.39535,53.18558616279072,0.061714534883720945,0.0001234290697674395,0.0012765580825419393,1.3009173369192622e+16,0.017162790697674422,17.60565026760998,0.000286046511627902,0.00034929615119881044,0.21972457627826888,0.05417872213852729,0.006525518366533387,0.0017904618394692217,,,,,,,,0.00010829566181325991,0.0017904618394692217,,0.0013314353998218407,0.00014612689722116285,0.0005471966220816023,-0.00011790837209302329
SLCP Forward_upper,1947,,,15348837209.302324,57.07721441860466,0.06623023255813953,0.0001324604651162765,0.0013699647715084225,1.3961064103523786e+16,0.01841860465116279,18.893868579874123,0.00030697674418604117,0.00037485440616457705,0.23580198429863,0.05814301888037074,0.00700299532018217,0.0019407343108946871,,,,,,,,0.00011738485678329024,0.0019407343108946871,,0.0014288575022478288,0.0001568191092129552,0.0005872353993070852,-0.00012653581395348837
SLCP Forward_upper,1948,,,16627906976.744184,61.833648953488385,0.07174941860465117,0.00014349883720929954,0.0014841285024674578,1.5124486112150768e+16,0.019953488372093025,20.468357628196966,0.0003325581395348779,0.0004060922733449585,0.25545214965684915,0.06298827045373497,0.007586578263530685,0.0021237531483990642,,,,,,,,0.000128454707977497,0.0021237531483990642,,0.001547928960768481,0.0001698873683140348,0.0006361716825826758,-0.00013708046511627908
SLCP Forward_upper,1949,,,17906976744.186047,66.5900834883721,0.07726860465116281,0.0001545372093023226,0.0015982922334264933,1.6287908120777754e+16,0.021488372093023258,22.042846676519808,0.0003581395348837147,0.00043733014052533994,0.2751023150150684,0.0678335220270992,0.008170161206879202,0.0023105166563142762,,,,,,,,0.00013975105467776503,0.0023105166563142762,,0.0016670004192891339,0.0001829556274151144,0.0006851079658582663,-0.00014762511627906978
SLCP Forward_upper,1950,,,19418604651.162792,72.21132430232561,0.08379127906976745,0.00016758255813953169,0.0017332130063780803,1.7662861403700552e+16,0.023302325581395354,23.903606460901354,0.0003883720930232491,0.0004742476199203362,0.2983252377111456,0.0735597284319842,0.008859850139927445,0.0025314578096841027,,,,,,,,0.00015311462819746842,0.0025314578096841027,,0.0018077212339044507,0.00019839993362548124,0.0007429417551839641,-0.00016008697674418609
SLCP Forward_upper,1951,,,20930232558.139538,77.8325651162791,0.09031395348837212,0.00018062790697674074,0.0018681337793296675,1.9037814686623348e+16,0.025116279069767447,25.7643662452829,0.00041860465116278346,0.0005111650993153325,0.3215481604072228,0.0792859348368692,0.00954953907297569,0.0027570139715237855,,,,,,,,0.0001667573394153341,0.0027570139715237855,,0.0019484420485197669,0.00021384423983584808,0.000800775544509662,-0.00017254883720930236
SLCP Forward_upper,1952,,,22558139534.883717,83.88620906976745,0.09733837209302325,0.00019467674418604275,0.0020134330732775297,2.051853360669405e+16,0.027069767441860463,27.76826139769378,0.0004511627906976665,0.0005509223848176359,0.34655746177222896,0.08545261865751456,0.010292281000873796,0.0030028096653993497,,,,,,,,0.00018162423395188265,0.0030028096653993497,,0.002099987541182415,0.0002304765696008584,0.0008630580868604131,-0.00018596930232558137
SLCP Forward_upper,1953,,,24418604651.162792,90.80465930232562,0.10536627906976748,0.00021073255813953086,0.0021794894092179453,2.2210783801060572e+16,0.029302325581395353,30.05842728616338,0.0004883720930232474,0.0005963592825345544,0.37513952047509325,0.09250025730968074,0.011141128918471637,0.0032851360685411963,,,,,,,,0.00019870067981719492,0.0032851360685411963,,0.002273182389939728,0.000249484946475156,0.0009342381352612722,-0.00020130697674418607
SLCP Forward_upper,1954,,,26395348837.2093,98.15551267441863,0.11389593023255815,0.0002277918604651119,0.0023559242661546358,2.4008799632574996e+16,0.031674418604651165,32.491728542662315,0.0005279069767441768,0.0006446359863587803,0.4055079578468865,0.09998837337760726,0.01204302983091934,0.003589362610267548,,,,,,,,0.00021710175039638208,0.003589362610267548,,0.0024572019167443723,0.0002696813469040972,0.0010098669366871847,-0.0002176032558139535
SLCP Forward_upper,1955,,,28488372093.023254,105.93876918604653,0.12292732558139537,0.00024585465116278596,0.0025427376440876025,2.5912581101237332e+16,0.03418604651162791,35.06816516719061,0.0005697674418604552,0.0006957524962903135,0.43766277388760877,0.10791696686129418,0.012997983738216909,0.0039162053794443265,,,,,,,,0.00023687075815550352,0.0039162053794443265,,0.0026520461215963492,0.00029106577088768205,0.0010899444911381508,-0.00023485813953488374
SLCP Forward_upper,1956,,,30813953488.372093,114.58683197674421,0.1329622093023256,0.0002659244186046461,0.002750308064013121,2.8027893844195484e+16,0.03697674418604652,37.930872527777595,0.0006162790697674312,0.0007525486184364617,0.4733903472661891,0.11672651517650187,0.014059043635214208,0.004282572680064256,,,,,,,,0.0002590303978712176,0.004282572680064256,,0.0028685396825429903,0.000314826241980554,0.0011789195516392244,-0.00025403023255813955
SLCP Forward_upper,1957,,,33255813953.48837,123.66729790697677,0.14349883720930234,0.0002869976744185991,0.0029682570049349155,3.0248972224301536e+16,0.03990697674418605,40.93671525639393,0.0006651162790697558,0.000812184546689917,0.5109042993136983,0.12597654090746993,0.01517315652706137,0.004673444964885913,,,,,,,,0.00028267221577322387,0.004673444964885913,,0.003095857921536962,0.0003397747366280696,0.0012723433651653515,-0.00027416093023255816
SLCP Forward_upper,1958,,,35930232558.139534,133.6125701162791,0.15503895348837213,0.00031007790697673825,0.0032069629878492623,3.2681581878703412e+16,0.04311627906976744,44.228828721068965,0.0007186046511627782,0.0008775000871579872,0.5519910086990657,0.13610752146995878,0.016393375408608264,0.005106175420567329,,,,,,,,0.0003088458152612,0.005106175420567329,,0.0033448255166255996,0.0003670992783848724,0.0013746646847415862,-0.0002962088372093024
SLCP Forward_upper,1959,,,38720930232.558136,143.9902454651163,0.16708081395348837,0.0003341616279069703,0.0034560474917598844,3.5219957170253188e+16,0.04646511627906977,47.66407755377335,0.0007744186046511493,0.0009456554337333649,0.594864096753362,0.146678979448208,0.01766664728500502,0.00556548195346593,,,,,,,,0.00033662686250773247,0.00556548195346593,,0.003604617789761568,0.00039561184369631884,0.0014814347573428744,-0.0003192153488372093
SLCP Forward_upper,1960,,,41860465116.279076,155.6651302325582,0.18062790697674425,0.0003612558139534815,0.003736267558659335,3.8075629373246696e+16,0.050232558139534894,51.5287324905658,0.0008372093023255669,0.001022330198630665,0.6430963208144456,0.1585718696737384,0.01909907814595138,0.006086095272323026,,,,,,,,0.00036811603623463,0.006086095272323026,,0.0038968840970395337,0.00042768847967169615,0.001601551089019324,-0.0003450976744186047
SLCP Forward_upper,1961,,,45930232558.139534,170.79924011627912,0.19818895348837212,0.0003963779069767366,0.004099515793528992,4.177742667342346e+16,0.055116279069767446,56.538470371593014,0.0009186046511627747,0.0011217234123864239,0.7056195742269611,0.17398857922535185,0.02095593296569665,0.006755675121687993,,,,,,,,0.0004086154154033579,0.006755675121687993,,0.004275747828696155,0.000469269304084222,0.0017572574448962025,-0.00037864883720930236
SLCP Forward_upper,1962,,,50581395348.83721,188.09536569767448,0.2182587209302326,0.00043651744186045673,0.0045146566333800296,4.600805215933975e+16,0.060697674418604665,62.263885092767,0.0010116279069767265,0.0012353156566787201,0.7770747209841217,0.1916076758557672,0.02307805275969125,0.007527580369803404,,,,,,,,0.0004553039221668242,0.007527580369803404,,0.004708734950589436,0.000516790246269966,0.0019352075658983497,-0.00041699302325581405
SLCP Forward_upper,1963,,,53372093023.25581,198.47304104651167,0.23030058139534887,0.00046060116279068885,0.004763741137290651,4.854642745088954e+16,0.06404651162790698,65.69913392547139,0.0010674418604650977,0.0013034710032540976,0.8199478090384181,0.20217913383401645,0.024351324636088006,0.008037736854522692,,,,,,,,0.0004861606167486978,0.008037736854522692,,0.004968527223725406,0.0005453028115814124,0.0020419776384996377,-0.000439999534883721
SLCP Forward_upper,1964,,,55813953488.37209,207.55350697674425,0.24083720930232563,0.0004816744186046419,0.0049816900782124465,5.076750583099559e+16,0.06697674418604652,68.70497665408773,0.0011162790697674223,0.0013631069315075532,0.8574617610859274,0.2114291595649845,0.02546543752793517,0.008507054468411645,,,,,,,,0.0005145471818663276,0.008507054468411645,,0.005195845462719379,0.0005702513062289282,0.0021354014520257652,-0.0004601302325581396
SLCP Forward_upper,1965,,,59651162790.69768,221.82281058139543,0.2573947674418605,0.0005147895348837111,0.005324181271089553,5.425777185687654e+16,0.07158139534883722,73.42844379905625,0.0011930232558139326,0.0014568205330486974,0.9164122571605849,0.22596491428507723,0.027216186357980714,0.009203131943679452,,,,,,,,0.000556649263684378,0.009203131943679452,,0.005553059838281335,0.0006094560835321669,0.0022822103018525367,-0.0004917641860465116
SLCP Forward_upper,1966,,,64651162790.697685,240.41614558139545,0.2789697674418606,0.0005579395348837103,0.005770457673929418,5.880569425423657e+16,0.07758139534883722,79.58326462431829,0.0012930232558139312,0.001578932195662916,0.9932265399245327,0.2449054431627738,0.029497465136524906,0.010098069910294227,,,,,,,,0.0006107793753906913,0.010098069910294227,,0.006018520994316614,0.0006605410963818418,0.002473506681929845,-0.0005329841860465118
SLCP Forward_upper,1967,,,76279069767.44185,283.65645953488377,0.32914418604651163,0.0006582883720930105,0.006808309773557009,6.93822579690273e+16,0.09153488372093023,93.89680142725321,0.0015255813953488104,0.0018629128063936556,1.171864406817434,0.2889531847388121,0.03480276462151139,0.012063666693558617,,,,,,,,0.0007296680329477468,0.012063666693558617,,0.007100988799049816,0.0007793434518462017,0.0029183819844352116,-0.0006288446511627906
SLCP Forward_upper,1968,,,86395348837.2093,321.27553267441874,0.3727959302325582,0.0007455918604651019,0.007711241100233016,7.858386840089526e+16,0.10367441860465117,106.34957844580661,0.001727906976744156,0.0021099759377294,1.3272793510142584,0.32727471990996565,0.03941837517344965,0.013837081676967292,,,,,,,,0.0008369326196952239,0.013837081676967292,,0.008042735789167704,0.0008827015011001948,0.003305423497614882,-0.0007122432558139536
SLCP Forward_upper,1969,,,90465116279.06976,336.40964255813964,0.39035697674418607,0.000780713953488357,0.008074489335102674,8.228566570107202e+16,0.10855813953488372,111.35931632683383,0.0018093023255813638,0.0022093691514851587,1.389802604426774,0.34269142946157904,0.04127522999319492,0.014675250579388581,,,,,,,,0.0008876290679512313,0.014675250579388581,,0.008421599520824325,0.0009242823255127208,0.003461129853491761,-0.0007457944186046511
SLCP Forward_upper,1970,,,90697674418.60464,337.2744488372094,0.3913604651162791,0.0007827209302325431,0.008095246377095223,8.249719697536782e+16,0.10883720930232559,111.64558706289253,0.0018139534883720612,0.0022150487636997734,1.3933753617646318,0.34357238429309983,0.04138133598289465,0.014904678747502412,,,,,,,,0.0009015059765547996,0.014904678747502412,,0.008443248876918987,0.000926658372622008,0.0034700273595418673,-0.0007477116279069767
SLCP Forward_upper,1971,,,104651162790.69768,389.16282558139545,0.45156976744186056,0.0009031395348837037,0.009340668896648337,9.518907343311674e+16,0.12558139534883722,128.82183122641447,0.002093023255813917,0.0025558254965766625,1.607740802036114,0.396429674184346,0.04774769536487844,0.01742474176041896,,,,,,,,0.001053931393158942,0.01742474176041896,,0.009742210242598833,0.0010692211991792401,0.00400387772254831,-0.0008627441860465117
SLCP Forward_upper,1972,,,111627906976.74419,415.1070139534885,0.48167441860465127,0.0009633488372092838,0.009963380156424893,1.0153501166199118e+17,0.13395348837209303,137.40995330817546,0.0022325581395348446,0.0027262138630151063,1.7149235221718548,0.422858319129969,0.05093087505587034,0.018835042011969488,,,,,,,,0.0011392330710446588,0.018835042011969488,,0.010391690925438757,0.0011405026124578564,0.0042708029040515304,-0.0009202604651162792
SLCP Forward_upper,1973,,,115581395348.83722,429.8087206976746,0.4987337209302327,0.0009974674418604462,0.010316249870298274,1.0513104332502005e+17,0.13869767441860467,142.27655582117333,0.0023116279069767044,0.002822767270663558,1.7756603969154414,0.43783455126582216,0.052734676880765746,0.019766555587192515,,,,,,,,0.0011955754498058386,0.019766555587192515,,0.010759729979048047,0.0011808954133157388,0.004422060506903355,-0.0009528530232558141
SLCP Forward_upper,1974,,,111627906976.74419,415.1070139534885,0.48167441860465127,0.0009633488372092838,0.009963380156424893,1.0153501166199118e+17,0.13395348837209303,137.40995330817546,0.0022325581395348446,0.0027262138630151063,1.7149235221718548,0.422858319129969,0.05093087505587034,0.019352851186622073,,,,,,,,0.0011705526367711213,0.019352851186622073,,0.010391690925438757,0.0011405026124578564,0.0042708029040515304,-0.0009202604651162792
SLCP Forward_upper,1975,,,111744186046.51163,415.53941709302336,0.48217616279069775,0.0009643523255813769,0.009973758677421169,1.0164077729913909e+17,0.13409302325581396,137.5530886762048,0.0022348837209301936,0.0027290536691224132,1.7167099008407836,0.4232987965457294,0.050983928050720204,0.01964302139704881,,,,,,,,0.0011881035134689304,0.01964302139704881,,0.010402515603486087,0.0011416906360125,0.004275251657076584,-0.000921219069767442
SLCP Forward_upper,1976,,,112093023255.81396,416.8366265116281,0.48368139534883736,0.0009673627906976559,0.010004894240409998,1.0195807421058282e+17,0.1345116279069768,137.98249478029285,0.0022418604651162403,0.002737573087444336,1.7220690368475708,0.4246202287930106,0.051143087035269805,0.01998285261882923,,,,,,,,0.0012086581247185222,0.01998285261882923,,0.010434989637628083,0.0011452547066764308,0.004288597916151745,-0.0009240948837209306
SLCP Forward_upper,1977,,,118720930232.55814,441.4836054651164,0.5122808139534885,0.0010245616279069571,0.010596469937197725,1.0798671552801352e+17,0.14246511627906977,146.14121075796575,0.0023744186046511214,0.002899442035560858,1.8238926209765245,0.4497274414913525,0.054167107741712094,0.021467848233900095,,,,,,,,0.0012984777340387425,0.021467848233900095,,0.01105199628632601,0.0012129720492911158,0.004542176838579804,-0.0009787353488372094
SLCP Forward_upper,1978,,,122906976744.18605,457.0501184883722,0.5303436046511629,0.0010606872093023051,0.010970096693063657,1.117942784653382e+17,0.1474883720930233,151.29408400702235,0.0024581395348836784,0.0030016750554239242,1.8882022530579694,0.4655846284587264,0.05607701555630724,0.02254806947843901,,,,,,,,0.0013638146610836462,0.02254806947843901,,0.011441684696029965,0.0012557408972582854,0.004702331947481737,-0.00101324511627907
SLCP Forward_upper,1979,,,128023255813.95348,476.07585662790706,0.5524203488372093,0.0011048406976743971,0.011426751616899797,1.1644796649984613e+17,0.1536279069767442,157.5920402003137,0.002560465116279025,0.0031266265241454497,1.9668029144908457,0.4849656347521832,0.05841134732970129,0.023833355721257516,,,,,,,,0.0014415548961543758,0.023833355721257516,,0.011917970530112572,0.0013080139336626038,0.004898077080584098,-0.0010554237209302326
SLCP Forward_upper,1980,,,128953488372.09303,479.5350817441862,0.5564343023255814,0.0011128686046511416,0.011509779784870007,1.172940915970294e+17,0.15474418604651166,158.73712314454852,0.0025790697674418156,0.0031493449730039093,1.981093943842278,0.4884894540782663,0.05883577128850022,0.024366185751514703,,,,,,,,0.0014737829947871776,0.024366185751514703,,0.012004567954491232,0.0013175181220997528,0.004933667104784528,-0.001063092558139535
SLCP Forward_upper,1981,,,127093023255.81395,472.61663151162804,0.5484063953488373,0.0010968127906976534,0.011343723448929591,1.1560184140266286e+17,0.15251162790697678,156.44695725607892,0.002541860465116235,0.003103908075286991,1.9525118851394136,0.4814418154261002,0.057986923370902374,0.024379892216714247,,,,,,,,0.0014746120271000613,0.024379892216714247,,0.011831373105733917,0.0012985097452254551,0.004862487056383669,-0.0010477548837209306
SLCP Forward_upper,1982,,,128488372093.02325,477.80546918604665,0.5544273255813954,0.0011088546511627694,0.011468265700884902,1.1687102904843776e+17,0.1541860465116279,158.1645816724311,0.0025697674418604204,0.0031379857485746795,1.973948429166562,0.48672754441522476,0.05862355930910075,0.02502822132783548,,,,,,,,0.0015138260603812677,0.02502822132783548,,0.011961269242301903,0.0013127660278811782,0.004915872092684313,-0.0010592581395348836
SLCP Forward_upper,1983,,,130232558139.53488,484.2915162790699,0.5619534883720931,0.0011239069767441645,0.011623943515829042,1.1845751360565638e+17,0.15627906976744188,160.31161219287134,0.002604651162790652,0.0031805828401842906,2.000744109200497,0.4933347056516305,0.05941935423184873,0.025765906324975756,,,,,,,,0.001558444763340445,0.025765906324975756,,0.012123639413011882,0.001330586381200832,0.004982603388060118,-0.0010736372093023256
SLCP Forward_upper,1984,,,138953488372.09305,516.7217517441862,0.5995843023255816,0.00119916860465114,0.012402332590549738,1.2638993639174947e+17,0.16674418604651167,171.0467647950726,0.0027790697674418127,0.0033935682982323464,2.1347225093701736,0.5263705118336595,0.06339832884558862,0.027929417426204535,,,,,,,,0.0016893042217120137,0.027929417426204535,,0.012935490266561786,0.0014196881477991025,0.005316259864939145,-0.0011455325581395353
SLCP Forward_upper,1985,,,143488372093.02325,533.5854741860467,0.6191523255813954,0.001238304651162767,0.012807094909404498,1.3051479624051782e+17,0.17218604651162792,176.62904414821716,0.002869767441860415,0.0035043207364173342,2.204391277458405,0.5435491310483144,0.06546739564473333,0.029307988674229155,,,,,,,,0.001772686778307476,0.029307988674229155,,0.013357652710407734,0.0014660210664302026,0.005489761232916238,-0.0011829181395348837
SLCP Forward_upper,1986,,,151046511627.90698,561.6916782558142,0.6517656976744187,0.0013035313953488122,0.013481698774162432,1.3738956265513182e+17,0.1812558139534884,185.9328430701249,0.0030209302325580867,0.0036889081333923157,2.320505890938791,0.5721801630727393,0.06891584030997455,0.03135962100067646,,,,,,,,0.001896779275389656,0.03135962100067646,,0.014061256783484317,0.0015432425974820367,0.005778930179544726,-0.0012452274418604651
SLCP Forward_upper,1987,,,157674418604.65115,586.3386572093025,0.6803651162790698,0.0013607302325581133,0.014073274470950161,1.4341820397256253e+17,0.18920930232558142,194.0915590477978,0.0031534883720929683,0.003850777081508837,2.4223294750677447,0.5972873757710813,0.07193986101641685,0.03328356518017683,,,,,,,,0.002013148585038014,0.03328356518017683,,0.014678263432182242,0.0016109599400967217,0.006032509101972786,-0.0012998679069767443
SLCP Forward_upper,1988,,,164418604651.1628,611.4180393023258,0.7094662790697677,0.0014189325581395078,0.014675228688734167,1.495526109271412e+17,0.19730232558139538,202.39341039350012,0.003288372093023199,0.004015485835732667,2.525939437865628,0.6228350658851837,0.07501693471770902,0.03529796968367998,,,,,,,,0.0021349893660351418,0.03529796968367998,,0.015306094758927502,0.001679865306266051,0.0062905367774259,-0.0013554669767441862
SLCP Forward_upper,1989,,,170348837209.30234,633.4705994186048,0.7350552325581398,0.001470110465116251,0.015204533259544238,1.5494665842168445e+17,0.20441860465116282,209.6933141629969,0.0034069767441859875,0.004160315947205345,2.6170447499810074,0.6452994140889633,0.07772263745505215,0.037204370037199695,,,,,,,,0.0022502975415093834,0.037204370037199695,,0.015858153339341433,0.0017404545075528743,0.006517423181703637,-0.0014043558139534887
SLCP Forward_upper,1990,,,173929000000.0,646.7840326430002,0.7505036350000001,0.0015010072699999713,0.015524081693906976,1.5820311893008624e+17,0.20871480000000003,214.10036626339976,0.0034785799999999395,0.004247751873365675,2.6720462773701303,0.6588614494337759,0.07935610733468257,0.033704499355495555,,,,,,,,0.002038608689292162,0.033704499355495555,,0.01619143868161196,0.001777033039986218,0.006654397618093225,-0.0014338706760000002
SLCP Forward_upper,1991,,,168203000000.0,625.4909454010002,0.7257959450000001,0.0014515918899999723,0.015013005957374762,1.5299483820062954e+17,0.2018436,207.05186545430968,0.0033640599999999413,0.004107909597339872,2.5840785607488574,0.6371707557630378,0.07674358687749376,0.03344886019122383,,,,,,,,0.0020231464147717495,0.03344886019122383,,0.01565839256572036,0.0017185304832707704,0.0064353250036286915,-0.001386665532
SLCP Forward_upper,1992,,,168593000000.0,626.9412255310002,0.7274787950000001,0.001454957589999972,0.015047815516796272,1.533495761476236e+17,0.20231160000000004,207.53194147868012,0.0033718599999999414,0.004117434307023781,2.5900700748044456,0.6386481170154982,0.07692152662222021,0.03679796777452684,,,,,,,,0.002225716396562105,0.03679796777452684,,0.015694698535891113,0.001722515114273045,0.006450246121274722,-0.0013898806920000003
SLCP Forward_upper,1993,,,169513000000.0,630.3623991710002,0.7314485950000001,0.0014628971899999718,0.015129930374918808,1.5418639386873786e+17,0.20341560000000003,208.66442851052832,0.003390259999999941,0.004139902852944797,2.604203902833012,0.6421331743289944,0.07734128191747233,0.04014707535782987,,,,,,,,0.0024282863783524618,0.04014707535782987,,0.0157803433886016,0.001731914756637385,0.006485444655208947,-0.0013974651720000003
SLCP Forward_upper,1994,,,177599000000.0,660.4315405330002,0.7663396850000002,0.0015326793699999704,0.015851648573591438,1.615412939697485e+17,0.21311880000000002,218.61800474914207,0.003551979999999938,0.004337381833724511,2.728427960918868,0.6727637976300052,0.081030565958134,0.04279962485132826,,,,,,,,0.0025887252084679326,0.04279962485132826,,0.016533087170141854,0.0018145294394178793,0.00679480916106997,-0.0014641261560000003
SLCP Forward_upper,1995,,,181923000000.0,676.5110566410001,0.7849977450000002,0.0015699954899999699,0.016237588406767353,1.6547433725898547e+17,0.21830760000000002,223.94069379882868,0.0036384599999999367,0.0044429839995532875,2.79485695265313,0.6891435670034372,0.08300341584581901,0.045663252553858356,,,,,,,,0.0027619310542424604,0.045663252553858356,,0.01693561797788116,0.0018587077585302781,0.006960242270560826,-0.0014997732120000003
SLCP Forward_upper,1996,,,190157000000.0,707.1305607190002,0.8205274550000002,0.0016410549099999685,0.01697251638696404,1.7296385586295795e+17,0.2281884,234.07645273387018,0.0038031399999999336,0.004644077485546382,2.921354713508799,0.7203348299592278,0.08676022573832559,0.04831580204735676,,,,,,,,0.0029223698843579313,0.04831580204735676,,0.017702139409640057,0.0019428345576911225,0.0072752691492721355,-0.001567654308
SLCP Forward_upper,1997,,,195947000000.0,728.6616426490002,0.8455113050000002,0.0016910226099999676,0.017489304461452606,1.7823034999910083e+17,0.23513640000000002,241.20373524952362,0.003918939999999932,0.004785482790853647,3.0103056529494507,0.7422679623996004,0.08940194656387976,0.05072912957061922,,,,,,,,0.0030683394300598053,0.05072912957061922,,0.018241143428328912,0.002001991002571046,0.007496790357401659,-0.0016153870680000002
SLCP Forward_upper,1998,,,199811000000.0,743.0305719370002,0.8621844650000001,0.001724368929999967,0.017834186865567255,1.8174498442778067e+17,0.23977320000000005,245.9601807832861,0.00399621999999993,0.004879850683721914,3.0696677306694293,0.7569052031162843,0.09116491880393872,0.052624142825037176,,,,,,,,0.0031829588595322198,0.052624142825037176,,0.018600851809712972,0.0020414695005012743,0.0076446241999254035,-0.0016472418840000002
SLCP Forward_upper,1999,,,206256000000.0,766.9973807520003,0.8899946400000002,0.001779989279999966,0.01840943714882784,1.8760725639797773e+17,0.2475072,253.89374482704883,0.004125119999999928,0.005037252616831642,3.1686813411521575,0.7813195448396352,0.09410548714948218,0.055682431542563186,,,,,,,,0.0033679387308589875,0.055682431542563186,,0.019200831239842443,0.0021073180820645053,0.007891205233845053,-0.001700374464
SLCP Forward_upper,2000,,,216938000000.0,806.7201816460002,0.9360874700000003,0.001872174939999964,0.019362862055854926,1.973234378076977e+17,0.26032560000000005,267.04290403813866,0.004338759999999924,0.005298131972840658,3.3327873748490555,0.821784090733946,0.09897921113196399,0.060934892276001865,,,,,,,,0.0036856325787460375,0.060934892276001865,,0.02019524245359621,0.0022164561035165507,0.008299890820242213,-0.0017884368720000004
SLCP Forward_upper,2001,,,208673000000.0,775.9853988910002,0.9004239950000001,0.0018008479899999654,0.018625167161960627,1.8980572208486157e+17,0.2504076,256.8689852139805,0.0041734599999999275,0.005096281394539355,3.20581336544025,0.7904753964991137,0.09520825731103044,0.06134661452111206,,,,,,,,0.0037105355015755277,0.06134661452111206,,0.019425835162669897,0.0021320125772760386,0.007983677903974423,-0.0017203002120000001
SLCP Forward_upper,2002,,,209095000000.0,777.5546763650002,0.9022449250000002,0.0018044898499999654,0.018662832890360314,1.9018956673519875e+17,0.250914,257.38845209163264,0.004181899999999928,0.005106587618863995,3.212296490905527,0.7920739771363912,0.09540079723993958,0.05982082031865098,,,,,,,,0.0036182481993254326,0.05982082031865098,,0.019465120084239274,0.002136324152360551,0.00799982331845295,-0.00172377918
SLCP Forward_upper,2003,,,208964000000.0,777.0675309880003,0.9016796600000002,0.0018033593199999654,0.01865114044860591,1.900704111683879e+17,0.2507568,257.2271957860108,0.004179279999999928,0.0051033882933035025,3.210283956697112,0.7915777352797956,0.09534102773594172,0.06229115378930034,,,,,,,,0.003767665736301662,0.06229115378930034,,0.019452925001951154,0.0021349857250238897,0.007994811353294922,-0.001722699216
SLCP Forward_upper,2004,,,222109000000.0,825.9494087030002,0.9584003350000002,0.0019168006699999632,0.019824401111671913,2.020268991510474e+17,0.26653080000000007,273.40821973562464,0.004442179999999922,0.005424419854316282,3.41222870608353,0.8413723856992598,0.1013385096447344,0.07064669346943671,,,,,,,,0.004273048581956483,0.07064669346943671,,0.020676622381167895,0.0022692882238056844,0.008497729536518164,-0.0018310665960000006
SLCP Forward_upper,2005,,,233025000000.0,866.5423776750002,1.0055028750000001,0.0020110057499999616,0.02079871175435191,2.119559233289638e+17,0.27963000000000005,286.84542456133664,0.004660499999999919,0.005691014036135643,3.579929648213781,0.8827233483450467,0.10631899747405207,0.07471547800932743,,,,,,,,0.004519148054623072,0.07471547800932743,,0.021692817177024114,0.0023808170238590943,0.008915367793502944,-0.0019210581000000005
SLCP Forward_upper,2006,,,235742000000.0,876.6459959140003,1.0172267300000002,0.002034453459999961,0.02104121835165509,2.1442726435968925e+17,0.28289040000000004,290.18995419778406,0.004714839999999918,0.00575736951360021,3.6216705294677096,0.8930156317371871,0.107558644362313,0.07781550432543718,,,,,,,,0.004706652414750151,0.07781550432543718,,0.021945748769213683,0.0024085766198416077,0.009019318246436954,-0.0019434570480000005
SLCP Forward_upper,2007,,,242588000000.0,902.1039901960003,1.0467672200000002,0.00209353443999996,0.021652260002423433,2.206542797061546e+17,0.2911056,298.61713487173284,0.004851759999999916,0.005924564802051598,3.7268446454281072,0.9189490038765291,0.1106821712658957,0.08193272677651789,,,,,,,,0.004955681643043772,0.08193272677651789,,0.022583058184057186,0.0024785222194353826,0.009281241250038803,-0.001999895472
SLCP Forward_upper,2008,,,241466000000.0,897.9316458220002,1.0419257900000003,0.0020838515799999602,0.02155211557762617,2.19633725920187e+17,0.28975920000000005,297.235993078544,0.004829319999999916,0.005897162944960967,3.709607520375877,0.9146987491963741,0.11017025230799038,0.0838890760798308,,,,,,,,0.005074010968958356,0.0838890760798308,,0.02247860870064287,0.002467058742551915,0.009238314342349457,-0.0019906457040000003
SLCP Forward_upper,2009,,,228984000000.0,851.5152443280002,0.9880659600000001,0.001976131919999962,0.020438031165576732,2.0828029244741744e+17,0.2747808,281.8710983703599,0.00457967999999992,0.005592323390410832,3.517848344883958,0.8674156129060925,0.10447526796523265,0.08177535662373796,,,,,,,,0.0049461631464920615,0.08177535662373796,,0.021316631470716402,0.0023395301164739874,0.008760762059124466,-0.001887744096
SLCP Forward_upper,2010,,,240546000000.0,894.5104721820002,1.0379559900000002,0.0020759119799999603,0.021470000719503633,2.1879690819907274e+17,0.28865520000000006,296.1035060466958,0.0048109199999999165,0.005874694399039951,3.695473692347311,0.9112136918828778,0.10975049701273824,0.08998090695887706,,,,,,,,0.005442473922012044,0.08998090695887706,,0.02239296384793238,0.0024576591001875757,0.009203115808415232,-0.0019830612240000003
SLCP Forward_upper,2011,,,247680000000.0,921.0394425600003,1.0687392,0.002137478399999959,0.022106747891075553,2.2528588387562605e+17,0.29721600000000004,304.8852044001797,0.004953599999999914,0.006048923319257917,3.805072310994911,0.9382380384855753,0.1130054255739651,0.0948458023547029,,,,,,,,0.0057367259719185775,0.0948458023547029,,0.02305708382536351,0.0025305471965214915,0.009476057483509536,-0.0020418739200000003
SLCP Forward_upper,2012,,,250361000000.0,931.0091887870002,1.080307715,0.0021606154299999587,0.022346041298278288,2.2772447986509046e+17,0.30043320000000007,308.1854193266852,0.005007219999999913,0.0061143995927516615,3.84626012941294,0.9483939500697962,0.11422864725502051,0.0972215829647223,,,,,,,,0.0058804245014339755,0.0972215829647223,,0.02330666409722963,0.0025579389804114873,0.009578630602506986,-0.0020639760840000005
SLCP Forward_upper,2013,,,257476999999.99997,957.4712231590001,1.111013255,0.0022220265099999574,0.022981181874799982,2.3419708302101322e+17,0.30897240000000004,316.944960325198,0.00514953999999991,0.006288188910984216,3.95558221664259,0.9753501107685337,0.1174753632126446,0.10023829455798137,,,,,,,,0.006062889590211614,0.10023829455798137,,0.02396910841449903,0.0026306431706991434,0.009850883610633012,-0.002122640388
SLCP Forward_upper,2014,,,265577000000.0,987.5924258590003,1.145964755,0.002291929509999956,0.023704149647400564,2.4156471730473648e+17,0.31869240000000004,326.9157700621226,0.005311539999999907,0.006486009804419251,4.080021354720186,1.0060337675504023,0.1211710348338862,0.1042735800541697,,,,,,,,0.006306962881125601,0.1042735800541697,,0.02472315548727619,0.0027134008915156173,0.010160783746358253,-0.0021894167880000003
SLCP Forward_upper,2015,,,280081000000.0,1041.5279720270003,1.2085495150000003,0.0024170990299999537,0.024998708236758448,2.5475733059499846e+17,0.33609720000000004,344.76967431204264,0.005601619999999903,0.0068402313153305755,4.302844226161845,1.0609764537188244,0.12778856831468718,0.10953514186403684,,,,,,,,0.0066252072054725835,0.10953514186403684,,0.02607336520870332,0.0028615882967899537,0.01071569628568651,-0.002308987764
SLCP Forward_upper,2016,,,293627000000.0,1091.9010352090004,1.2670005050000002,0.0025340010099999515,0.02620776026733221,2.670785619539262e+17,0.3523524,361.44431489184257,0.0058725399999998975,0.007171056231685015,4.510949481025931,1.11229013455428,0.1339690087815191,0.11539773478912385,,,,,,,,0.006979804754980952,0.11539773478912385,,0.02733439257263409,0.0029999878136022936,0.01123395643859195,-0.002420660988
SLCP Forward_upper,2017,,,310950993000.0,1156.3231962863313,1.3417535347950003,0.0026835070695899487,0.027754018123104806,2.8283619710920787e+17,0.37314119160000003,382.7695294704613,0.006219019859999892,0.007594148549354431,4.777095500406462,1.1779152524929823,0.14187318029962873,0.1209908899044264,,,,,,,,0.007318105422151535,0.1209908899044264,,0.028947121734419504,0.003176987094604829,0.011896759868468875,-0.0025634799862920003
SLCP Forward_upper,2018,,,327120444636.0,1216.4520024932203,1.4115247186043403,0.002823049437208626,0.02919722706550626,2.9754367935888666e+17,0.39254453356320007,402.67354500292527,0.006542408892719886,0.007989044273920862,5.025504466427598,1.2391668456226175,0.1492505856752094,0.1233883469342589,,,,,,,,0.0074631150448037165,0.1233883469342589,,0.030452372064609313,0.0033421904235242795,0.012515391381629257,-0.0026967809455791846
SLCP Forward_upper,2019,,,292505677500.0,1087.7312102318929,1.2621619984125003,0.0025243239968249518,0.026107676312987528,2.6605862441144346e+17,0.35100681300000003,360.06400707687555,0.005850113549999898,0.007143670920724669,4.493722764309017,1.1080424463157876,0.13345739893688827,0.12259764306080996,,,,,,,,0.007415289507623408,0.12259764306080996,,0.027230006159206423,0.002988531258738067,0.011191055451562104,-0.00241141680531
SLCP Forward_upper,2020,,,158440575300.0,589.1877388291254,0.6836710824195,0.0013673421648389738,0.014141658001752553,1.4411508821149541e+17,0.19012869036000005,195.03467048458722,0.0031688115059999447,0.00386948841508725,2.4340998304753483,0.6001896583737003,0.07228942441844463,0.06940627971115759,,,,,,,,0.004198022448523261,0.06940627971115759,,0.01474958666840649,0.001618787765022074,0.006061821702451232,-0.0013061841027732005
SLCP Forward_upper,2021,,,188909916700.0,702.4930732050391,0.8151462905605001,0.0016302925811209686,0.016861207617130905,1.7182952824866922e+17,0.22669190004000003,232.54133788073486,0.003778198333999934,0.004613620802510096,2.9021959516615197,0.7156107465079192,0.08619123680485222,0.08429342376514502,,,,,,,,0.005098467843278976,0.08429342376514502,,0.017586045642742,0.0019300931044100992,0.007227556645083162,-0.0015573733532748002
SLCP Forward_upper,2022,,,231566994700.0,861.1205414800652,0.9992115821305001,0.0019984231642609616,0.020668577082230816,2.1062974433709587e+17,0.27788039364000006,285.0506722845802,0.004631339893999919,0.005655406145878975,3.5575305219366737,0.8772002700473499,0.1056537741640731,0.10332742269568844,,,,,,,,0.006249734776589963,0.10332742269568844,,0.0215570882105354,0.002365920579962015,0.008859585566298239,-0.0019090383043068005
SLCP Forward_upper,2023,1076937632512.1694,11615863382044.725,269197297382.2647,1001.0551062646144,1.1615863382044724,0.0023231726764089,0.0240272803059941,2.448576836147176e+17,0.3230367568587177,331.37222640652345,0.0053839459476452,0.0065744259109205,4.135639464082358,1.019747836973329,0.1228228163519221,0.1143510109567864,31609.255041993387,1033.2844808044356,1.0,1.0,1.0,1.0,0.0,0.0069164939110077,0.1143510109567864,10.786013072036893,0.025060177048224268,0.0027503894791741446,0.01029929370316437,-0.0022192625196193905
SLCP Forward_upper,2024,1198347322705.4666,12554695373775.648,290954701593.87366,1079.212602199146,1.2527577231768294,0.0025034062575308,0.0258831686381518,2.638203205374563e+17,0.3478010332180216,357.84894263335514,0.0058141262657643,0.0070997340578197,4.492414159241649,1.1016089191714291,0.1327204318661201,0.1263580627499945,32587.616609305576,1113.9710421778616,0.99500999,1.0,0.9746971613205142,1.0,1.0,0.0076427376050688,0.1263580627499945,10.476674947152512,0.027222076581456898,0.0029701462238568475,0.011094820236743769,-0.0023893930982078083
SLCP Forward_upper,2025,1292041079394.611,13362679586764.836,309679712323.6347,1146.9849514813636,1.3316768302810302,0.0026612019837851,0.027527677436489,2.804979598223791e+17,0.3695590751156689,380.878457890815,0.0061883067691699,0.0075566957744168,4.809709992022903,1.1739971247654524,0.1414400286767429,0.1361009900293655,33594.36523400953,1183.9330694065811,0.99401498,1.0,0.9621425078045334,1.0,1.0,0.0082320362622414,0.1361009900293655,10.34230242356222,0.029144751373401386,0.0031612912004937645,0.01179973893315101,-0.0025388708460446453
SLCP Forward_upper,2026,1332579229192.233,13581029129468.818,314739956650.4941,1162.6895883289392,1.3504216993163158,0.0026977355167504,0.0279013025499742,2.8441769166668173e+17,0.3744667761818612,387.1024135646507,0.0062894252569991,0.0076801526750517,4.918255200456026,1.1935409662408385,0.1438032314515706,0.1390861400251424,34661.586006780475,1200.1575403464158,0.993020965,0.996,0.9526362541935336,1.0,1.0,0.0084125923552439,0.1390861400251424,10.191535956703458,0.029802488142937233,0.0032129500325866005,0.011959893338046439,-0.002572586752369387
SLCP Forward_upper,2027,1374480003826.4983,13820623130814.4,320292540690.9479,1181.01651047082,1.371216748942408,0.0027383453106219,0.027849276338364,2.8399362456668464e+17,0.3720686884500473,393.9318543408651,0.0064003821328826,0.0078156268972164,5.035809111400208,1.2148692466038489,0.1463853774093728,0.1404931099847518,35768.71207463877,1219.0611743118532,0.992027944,0.992016,0.9444264854223278,1.0,1.0,0.0084976926012075,0.1404931099847518,10.055164929528498,0.030514813732862908,0.00326963439102918,0.011937592302439726,-0.002556111889651825
SLCP Forward_upper,2028,1417784448485.724,14071339533777.031,326102886066.6752,1200.1108824833557,1.392930497219892,0.0027806771278234,0.0278160382726365,2.8375041827967875e+17,0.369668030554162,401.0782235477144,0.0065164898344496,0.0079573975717368,5.158738493386032,1.237184002246473,0.1490911139004047,0.1419415084744758,36917.009022384475,1238.7577168636326,0.991035916,0.988047936,0.936689621329802,1.0,1.0,0.008585298642038,0.1419415084744758,9.92487930644608,0.03125971234013962,0.0033289492554460292,0.011923344805565636,-0.002539619369907093
SLCP Forward_upper,2029,1462539638472.1685,14328999550451.035,332074149489.0159,1221.016546675619,1.41508750251154,0.0028245345471104,0.027087422092352,2.7640402342768614e+17,0.3543933320808792,408.4224352550189,0.0066358131494311,0.0081030999751851,5.28557489209318,1.2601253630725655,0.1518760960963669,0.1409187712232203,38108.04198365684,1260.2780246752943,0.99004488,0.984095744,0.9291139028685182,1.0,1.0,0.0085234386207606,0.1409187712232203,9.797340990648106,0.032028285770044636,0.003389906212616657,0.011611023479886684,-0.0024346821913956403
SLCP Forward_upper,2030,1508789847233.0876,14593072449968.008,338194031285.4695,1242.4402420213,1.437801564945924,0.0028694947584034,0.0264053361778512,2.6952896316123763e+17,0.3386186455624947,415.9494436333508,0.0067581062943819,0.0082524282605997,5.416215507904666,1.2835768916162449,0.1547244292174582,0.1390511209515415,39343.19488826091,1282.3318166568731,0.989054835,0.980159361,0.9216861928001564,1.0000060139385554,1.0,0.0084104742348416,0.1390511209515415,9.67203781012292,0.03281991110159449,0.003452380382156812,0.011318647352635918,-0.0023263100950143387
SLCP Forward_upper,2031,1556098766313.1194,14855638963737.615,344278488091.38,1261.8520753856485,1.4579185730634174,0.0029213555830361,0.0257235769453088,2.626968603712794e+17,0.3215515942481904,423.4327709374545,0.0068796915443688,0.0084008999189325,5.5479308885282315,1.3064674686137605,0.1575194667039682,0.1373057436080776,40623.9555975656,1302.304990647142,0.98806578,0.976238724,0.9143691394023123,1.0000127393018807,1.0,0.0083049054981293,0.1373057436080776,9.546719838956772,0.03361804904061651,0.0035144919987808725,0.011026411257606616,-0.002209059452485068
SLCP Forward_upper,2032,1605050694305.7712,15124323532544.096,350504164938.7254,1282.6045273660382,1.4785142844557346,0.0029744249864685,0.0247568140969338,2.5294986647187408e+17,0.2962881066877931,431.0898173396498,0.0070040987839907,0.0085528154081771,5.683401708351844,1.32978970750348,0.1603713433446306,0.1337434722290105,41956.24403852154,1323.63213392454,0.987077715,0.972333769,0.9071214281098504,1.0000276735982592,1.0,0.0080894423544586,0.1337434722290105,9.422956911081108,0.03443894330839115,0.0035780454839190938,0.010612008362650673,-0.0020354992929451387
SLCP Forward_upper,2033,1655707986821.3645,15399572072078.283,356881349276.06464,1303.917790429461,1.4996306003872968,0.0030287906121508,0.0238871969468608,2.441890543446155e+17,0.2700809673435296,438.9332328957916,0.0071315335865707,0.0087084259402343,5.822842606958532,1.3535899741350887,0.1632857614739417,0.1290987870749404,43342.46596060655,1345.5346025971128,0.986090637,0.968444434,0.8999433124084167,1.0000613323487422,1.0,0.0078085096690553,0.1290987870749404,9.300898585168062,0.03528389452747002,0.00364314583303507,0.010239246971271883,-0.0018554562456500484
SLCP Forward_upper,2034,1708138748368.1416,15682526516790.123,363436461059.2843,1327.3162912476114,1.5213762799850674,0.0030846769888077,0.0226888429250669,2.3205914458090045e+17,0.230254837483906,446.9955088211348,0.0072625239001317,0.0088683764138988,5.966739720946818,1.3779737239967496,0.1662755488281399,0.1209855698659956,44785.33397012989,1369.5398428811498,0.985104546,0.964570656,0.8928607934994023,1.000138112035634,1.0,0.0073177836408826,0.1209855698659956,9.181061276065726,0.03615584847427644,0.003710062723215419,0.009725572519829926,-0.001581850733514434
SLCP Forward_upper,2035,1762408538806.0044,15972646472310.203,370149973679.9699,1351.3854509240475,1.543704799259749,0.0031420511473098,0.021667584421311,2.216615095993828e+17,0.1887546820245206,455.28253315059646,0.007396601486697,0.0090320976868912,6.107143380647906,1.4027076644783392,0.1693166872556654,0.1102581408809674,46287.40589329725,1394.2320014271286,0.984119442,0.960712374,0.8858406330982361,1.00031100447243,1.0,0.0066689376303847,0.1102581408809674,9.062964755681078,0.03700663360699559,0.0037788450251499506,0.009287810062194958,-0.0012967446655084566
SLCP Forward_upper,2036,1818591037876.9673,16270557626437.057,377036305927.6627,1373.4965528153537,1.566662053816898,0.0032010024876917,0.0213527709087479,2.1838663715036557e+17,0.1687084705506491,463.8121202443187,0.0075340542243868,0.0091999424137675,6.222221233881705,1.427810692145963,0.1724121010816802,0.0978032020984989,47851.67952800815,1416.983634358313,0.983135322,0.956869524,0.8788299445963729,1.0006733781393222,1.0,0.005915603597479,0.0978032020984989,8.94679303238588,0.037703955363743186,0.003849640598027845,0.009152865250034786,-0.0011590271926829594
SLCP Forward_upper,2037,1876779788470.1423,16572308135665.504,384003759809.1876,1395.903275723762,1.5898529917682804,0.0032607186994542,0.020976357626033,2.1427664271031024e+17,0.1475505207938331,472.47160435991054,0.0076730493329601,0.0093696748870386,6.319285896295038,1.4528270456435262,0.1755087394913363,0.0821667028510464,49482.27063043024,1440.0374533048105,0.982152187,0.953042046,0.8715458697680184,1.0013262180797533,1.0,0.0049698336306935,0.0821667028510464,8.830182548574026,0.03829212501594085,0.003921514316187257,0.008991515696399045,-0.0010136720778536334
SLCP Forward_upper,2038,1937059089828.7268,16871703925666.066,390908636163.2904,1418.2557747219084,1.6128417299815176,0.0033204099873584,0.0204865391649324,2.0870870584141606e+17,0.125281894808692,481.08441930273653,0.0078107147619519,0.0095377899942382,6.386405302652566,1.4771152209549028,0.1785307854009835,0.0661438965297838,51182.7747826211,1463.0315417039546,0.981170035,0.949229878,0.863699551053387,1.002273101258732,1.0,0.0040006979717167,0.0661438965297838,8.709958314775957,0.03869883943611688,0.0039930006802127134,0.008781555013048272,-0.0008606866173357141
SLCP Forward_upper,2039,1999520957483.848,17168521330484.896,397745578105.998,1440.3701604742391,1.6354431740261297,0.0033795459727584,0.0199045397304413,2.019267436964777e+17,0.1018551263735368,489.6441451090818,0.0079469430328285,0.0097041563075622,6.425610586795664,1.5006889616472217,0.1814795315835057,0.0525243792613223,52957.22957658974,1485.776830858313,0.980188865,0.945432958,0.8554136581542632,1.0033631639479086,1.0,0.003176924683925,0.0525243792613223,8.586317270757378,0.03893640641224834,0.004064046404405379,0.008532080955453663,-0.0006997447181861979
SLCP Forward_upper,2040,2064260586244.7285,17470206682321.057,404686975386.87085,1462.8787845525972,1.6583670750386137,0.003439562485798,0.0193143677565597,1.9499689505082496e+17,0.0773092113422895,498.362952344395,0.0080851788807821,0.0098729731549451,6.451599190658401,1.5245056090155136,0.1844649657526436,0.0422105913289906,54809.863405144424,1508.9253695522702,0.979208676,0.941651226,0.8471196450891569,1.0044128338057356,1.0,0.0025530976548806,0.0422105913289906,8.463178921660559,0.039093886052263535,0.004136412504458478,0.008279103738849315,-0.0005311142819215288
SLCP Forward_upper,2041,2131374692672.0068,17778007816146.99,411761550247.50006,1483.731510330101,1.6823420363313168,0.0035014784852256,0.0189933143982568,1.9077208216463027e+17,0.0763549300594037,507.2761180255903,0.008225996377557,0.0100449418178305,6.453603346516741,1.5486745756847198,0.1875019516684728,0.0347236439061328,56745.00627669943,1530.4471173447794,0.978229467,0.937884621,0.8389309986127673,1.005344113257025,1.0,0.0021002514069204,0.0347236439061328,8.341099233874976,0.03910603036539296,0.004210391779612399,0.008141484216812777,-0.0005245583695081034
SLCP Forward_upper,2042,2200935972293.3364,18087870884920.95,418875207542.36334,1504.635278371531,1.7063719712331262,0.0035636677062363,0.0186122090737012,1.8590957954328176e+17,0.0753527019718858,516.2678793101849,0.0083675153869811,0.0102177645130407,6.445222574246579,1.5728822096044497,0.1905517665125107,0.0287512879899899,58765.57495689884,1552.0214772728746,0.977251238,0.934133083,0.8306252711619713,1.0061836478355093,1.0,0.001739014868802,0.0287512879899899,8.218263099254862,0.03905524652924981,0.004285023398274534,0.00797812341944202,-0.0005176730625468556
SLCP Forward_upper,2043,2273049781470.629,18397057399071.656,425964973272.7259,1525.3684606121717,1.7301984125206624,0.0036255617830381,0.0181586954316323,1.802786899230676e+17,0.0742907656462846,525.2607231146094,0.0085084776934252,0.0103899039747669,6.423762653941663,1.5969595313840417,0.1935899707612985,0.0240244010071012,60876.39761162932,1573.4196357995029,0.976273987,0.930396551,0.8220592838548948,1.0069537057602271,1.0,0.0014531102251821,0.0240244010071012,8.093556748752347,0.03892520874260215,0.004359664001851258,0.007783724796769184,-0.0005103775599899753
SLCP Forward_upper,2044,2347827483884.1436,18700911190590.848,432922946748.9795,1545.5505781883496,1.7533825669382377,0.0036862099062264,0.0176137364664797,1.7367800928595104e+17,0.0731503748588033,534.1218463928296,0.0086467274211579,0.0105587263072196,6.384994682505333,1.6205454005879216,0.1965710207359251,0.0206440623375466,63082.66455121321,1594.2489193134695,0.9752977130000002,0.9266749640000002,0.8130552522961635,1.007629652234188,1.0,0.0012486512385103,0.0206440623375466,7.965198175316048,0.038690291691337746,0.004433211325060486,0.007550128136356523,-0.0005025430752799787
SLCP Forward_upper,2045,2425387598969.5957,18996771904992.33,439687491961.6846,1564.9639763505622,1.7756712023365044,0.0037450515275386,0.0169790835292586,1.6609004732156317e+17,0.0719259687482483,542.775231922411,0.0087810333397809,0.0107227310083125,6.327704881093917,1.643462509908198,0.1994727035098181,0.0185714806884137,65390.02956927016,1614.2846321211332,0.974322415,0.922968265,0.8035576829966874,1.0081630439695528,1.0,0.0011232916265895,0.0185714806884137,7.832468473518599,0.03834314040339387,0.004505034424956011,0.007278084154816699,-0.0004941314053004658
SLCP Forward_upper,2046,2505855079125.088,19277316001540.664,446088923990.9343,1583.0106062387397,1.7963745973502157,0.0038006052176034,0.0162211394601733,1.5711992619649056e+17,0.0705957403447464,551.0119876797194,0.0089080050894645,0.0108777798023823,6.2417852227524495,1.665247885014156,0.2022372059409221,0.0175275395349918,67804.5355519508,1632.9095605110713,0.973348092,0.919276392,0.7932625804716279,1.0085415048191897,1.0,0.0010601490922938,0.0175275395349918,7.692909363406316,0.03782250463021778,0.004573399497741671,0.006953191429603284,-0.00048499273616840776
SLCP Forward_upper,2047,2589361922758.099,19547353272418.484,452238747068.52423,1600.0739693638773,1.815929106047176,0.0038537789225949,0.0153941289926945,1.4728983214634902e+17,0.069190911347901,558.9688867374351,0.0090298712782247,0.0110266083266599,6.139210783020405,1.6864005996551303,0.2049300320405368,0.017173445720939,70332.71809485399,1650.519322694229,0.972374744,0.9155992859999998,0.7823842822969334,1.0087841548441914,1.0,0.0010387318115166,0.017173445720939,7.549100456222558,0.03720094812302408,0.004639441759920712,0.006598693392718497,-0.0004753415609600798
SLCP Forward_upper,2048,2676044946652.797,19807747744048.445,458157032901.5689,1616.2252469953137,1.8344096488569015,0.0039047070031477,0.0145017151706631,1.366270155875022e+17,0.0677205595514337,566.6704354372283,0.0091470333972636,0.0111697087238393,6.020495888653938,1.707081878802419,0.2075698595822938,0.0172414479633036,72981.44689783012,1667.1871744560808,0.97140237,0.911936889,0.7709583464843768,1.0089250858286916,1.0,0.0010428449110975,0.0172414479633036,7.401874086167357,0.03648158747833475,0.004703364614128996,0.006216160207904737,-0.00046524024411834957
SLCP Forward_upper,2049,2766047029055.342,20072582998259.51,464170245807.89233,1632.6286316776734,1.853129775927282,0.0039561381159872,0.0136040757993542,1.258162238123946e+17,0.0662355189867085,574.5180855323608,0.0092660155862653,0.0113150412314191,5.899350815995128,1.728237943202217,0.210272893007158,0.0175583389888986,75758.0006701253,1684.11378728856,0.970430967,0.908289141,0.7596186487397711,1.0089988724079455,1.0,0.0010620119899947,0.0175583389888986,7.256775747993947,0.035747501009793084,0.004768500109918594,0.005831387091393177,-0.0004550380154386874
SLCP Forward_upper,2050,2859514629869.443,20351616054391.742,470504552404.2845,1650.082512364679,1.8729887945788264,0.0040099700369139,0.0127398765836023,1.1532894032123811e+17,0.0647663596014698,582.78988047231,0.0093913377926182,0.0114681209690294,5.78512567140783,1.7505734755183884,0.2131229175518866,0.0180230141581809,78669.9950818382,1702.1225293973005,0.969460536,0.904655985,0.7487488377609934,1.0090316738027163,1.0,0.0010901177579459,0.0180230141581809,7.117157521002416,0.0350553462967004,0.004837156007920172,0.005460948097561125,-0.0004449448904620975
