scenario,CO2 vs. non-CO2,SLCP vs. Kyoto,Species,Sub-Sector,Year,Total Temperature Anomaly,Avoided Warming,BAU Sub-Sector/Species Attributable Warming,Striving Sub-Sector/Species Attributable Warming
ssp119,non-CO2,SLCP,,,1990.0,0.655606800341149,0.0,,
ssp119_BC_TRA_OT_AGR_striving,non-CO2,SLCP,BC,TRA_OT_AGR,1990.0,0.655606800341149,0.0,0.0,0.0
ssp119_BC_TRA_OT_CNS_striving,non-CO2,SLCP,BC,TRA_OT_CNS,1990.0,0.655606800341149,0.0,0.0,0.0
ssp119_BC_TRA_OT_OTHER_striving,non-CO2,SLCP,BC,TRA_OT_OTHER,1990.0,0.655606800341149,0.0,0.0,0.0
ssp119_BC_TRA_OT_RAI_striving,non-CO2,SLCP,BC,TRA_OT_RAI,1990.0,0.655606800341149,0.0,0.0,0.0
ssp119_CH4_TRA_OT_AGR_striving,non-CO2,Kyoto,CH4,TRA_OT_AGR,1990.0,0.655606800341149,0.0,0.0,0.0
ssp119_CH4_TRA_OT_CNS_striving,non-CO2,Kyoto,CH4,TRA_OT_CNS,1990.0,0.655606800341149,0.0,0.0,0.0
ssp119_CH4_TRA_OT_OTHER_striving,non-CO2,Kyoto,CH4,TRA_OT_OTHER,1990.0,0.655606800341149,0.0,0.0,0.0
ssp119_CH4_TRA_OT_RAI_striving,non-CO2,Kyoto,CH4,TRA_OT_RAI,1990.0,0.655606800341149,0.0,0.0,0.0
ssp119_CO2 FFI_TRA_OT_AGR_striving,CO2,Kyoto,CO2 FFI,TRA_OT_AGR,1990.0,0.655606800341149,0.0,0.0,0.0
ssp119_CO2 FFI_TRA_OT_CNS_striving,CO2,Kyoto,CO2 FFI,TRA_OT_CNS,1990.0,0.655606800341149,0.0,0.0,0.0
ssp119_CO2 FFI_TRA_OT_OTHER_striving,CO2,Kyoto,CO2 FFI,TRA_OT_OTHER,1990.0,0.655606800341149,0.0,0.0,0.0
ssp119_CO2 FFI_TRA_OT_RAI_striving,CO2,Kyoto,CO2 FFI,TRA_OT_RAI,1990.0,0.655606800341149,0.0,0.0,0.0
ssp119_N2O_TRA_OT_AGR_striving,non-CO2,Kyoto,N2O,TRA_OT_AGR,1990.0,0.655606800341149,0.0,0.0,0.0
ssp119_N2O_TRA_OT_CNS_striving,non-CO2,Kyoto,N2O,TRA_OT_CNS,1990.0,0.655606800341149,0.0,0.0,0.0
ssp119_N2O_TRA_OT_OTHER_striving,non-CO2,Kyoto,N2O,TRA_OT_OTHER,1990.0,0.655606800341149,0.0,0.0,0.0
ssp119_N2O_TRA_OT_RAI_striving,non-CO2,Kyoto,N2O,TRA_OT_RAI,1990.0,0.655606800341149,0.0,0.0,0.0
ssp119,non-CO2,SLCP,,,1991.0,0.6937643835597026,0.0,,
ssp119_BC_TRA_OT_AGR_striving,non-CO2,SLCP,BC,TRA_OT_AGR,1991.0,0.6937643835597026,0.0,0.0006142198276528621,0.0006142198276528621
ssp119_BC_TRA_OT_CNS_striving,non-CO2,SLCP,BC,TRA_OT_CNS,1991.0,0.6937643835597026,0.0,0.00040595999630055335,0.00040595999630055335
ssp119_BC_TRA_OT_OTHER_striving,non-CO2,SLCP,BC,TRA_OT_OTHER,1991.0,0.6937643835597026,0.0,3.873120971276123e-05,3.873120971276123e-05
ssp119_BC_TRA_OT_RAI_striving,non-CO2,SLCP,BC,TRA_OT_RAI,1991.0,0.6937643835597026,0.0,0.0002266992725765693,0.0002266992725765693
ssp119_CH4_TRA_OT_AGR_striving,non-CO2,Kyoto,CH4,TRA_OT_AGR,1991.0,0.6937643835597026,0.0,2.6616234749976542e-05,2.6616234749976542e-05
ssp119_CH4_TRA_OT_CNS_striving,non-CO2,Kyoto,CH4,TRA_OT_CNS,1991.0,0.6937643835597026,0.0,1.4880622620339068e-05,1.4880622620339068e-05
ssp119_CH4_TRA_OT_OTHER_striving,non-CO2,Kyoto,CH4,TRA_OT_OTHER,1991.0,0.6937643835597026,0.0,6.514423716463824e-06,6.514423716463824e-06
ssp119_CH4_TRA_OT_RAI_striving,non-CO2,Kyoto,CH4,TRA_OT_RAI,1991.0,0.6937643835597026,0.0,1.1224988583746764e-05,1.1224988583746764e-05
ssp119_CO2 FFI_TRA_OT_AGR_striving,CO2,Kyoto,CO2 FFI,TRA_OT_AGR,1991.0,0.6937643835597026,0.0,7.8209319102851e-05,7.8209319102851e-05
ssp119_CO2 FFI_TRA_OT_CNS_striving,CO2,Kyoto,CO2 FFI,TRA_OT_CNS,1991.0,0.6937643835597026,0.0,4.372343195557793e-05,4.372343195557793e-05
ssp119_CO2 FFI_TRA_OT_OTHER_striving,CO2,Kyoto,CO2 FFI,TRA_OT_OTHER,1991.0,0.6937643835597026,0.0,1.8446472504707323e-05,1.8446472504707323e-05
ssp119_CO2 FFI_TRA_OT_RAI_striving,CO2,Kyoto,CO2 FFI,TRA_OT_RAI,1991.0,0.6937643835597026,0.0,3.298229434611777e-05,3.298229434611777e-05
ssp119_N2O_TRA_OT_AGR_striving,non-CO2,Kyoto,N2O,TRA_OT_AGR,1991.0,0.6937643835597026,0.0,1.3933031073332103e-07,1.3933031073332103e-07
ssp119_N2O_TRA_OT_CNS_striving,non-CO2,Kyoto,N2O,TRA_OT_CNS,1991.0,0.6937643835597026,0.0,7.789522771251001e-08,7.789522771251001e-08
ssp119_N2O_TRA_OT_OTHER_striving,non-CO2,Kyoto,N2O,TRA_OT_OTHER,1991.0,0.6937643835597026,0.0,3.286373395638975e-08,3.286373395638975e-08
ssp119_N2O_TRA_OT_RAI_striving,non-CO2,Kyoto,N2O,TRA_OT_RAI,1991.0,0.6937643835597026,0.0,5.875981679004383e-08,5.875981679004383e-08
ssp119,non-CO2,SLCP,,,1992.0,0.6044382477573227,0.0,,
ssp119_BC_TRA_OT_AGR_striving,non-CO2,SLCP,BC,TRA_OT_AGR,1992.0,0.6044382477573227,0.0,0.0011104285315517437,0.0011104285315517437
ssp119_BC_TRA_OT_CNS_striving,non-CO2,SLCP,BC,TRA_OT_CNS,1992.0,0.6044382477573227,0.0,0.0007164015799563384,0.0007164015799563384
ssp119_BC_TRA_OT_OTHER_striving,non-CO2,SLCP,BC,TRA_OT_OTHER,1992.0,0.6044382477573227,0.0,6.545335232965854e-05,6.545335232965854e-05
ssp119_BC_TRA_OT_RAI_striving,non-CO2,SLCP,BC,TRA_OT_RAI,1992.0,0.6044382477573227,0.0,0.0003986229030938926,0.0003986229030938926
ssp119_CH4_TRA_OT_AGR_striving,non-CO2,Kyoto,CH4,TRA_OT_AGR,1992.0,0.6044382477573227,0.0,7.278561341772516e-05,7.278561341772516e-05
ssp119_CH4_TRA_OT_CNS_striving,non-CO2,Kyoto,CH4,TRA_OT_CNS,1992.0,0.6044382477573227,0.0,4.0051502174787146e-05,4.0051502174787146e-05
ssp119_CH4_TRA_OT_OTHER_striving,non-CO2,Kyoto,CH4,TRA_OT_OTHER,1992.0,0.6044382477573227,0.0,1.7635551799455307e-05,1.7635551799455307e-05
ssp119_CH4_TRA_OT_RAI_striving,non-CO2,Kyoto,CH4,TRA_OT_RAI,1992.0,0.6044382477573227,0.0,3.015948051621198e-05,3.015948051621198e-05
ssp119_CO2 FFI_TRA_OT_AGR_striving,CO2,Kyoto,CO2 FFI,TRA_OT_AGR,1992.0,0.6044382477573227,0.0,0.00020837278620822186,0.00020837278620822186
ssp119_CO2 FFI_TRA_OT_CNS_striving,CO2,Kyoto,CO2 FFI,TRA_OT_CNS,1992.0,0.6044382477573227,0.0,0.00011460698525078694,0.00011460698525078694
ssp119_CO2 FFI_TRA_OT_OTHER_striving,CO2,Kyoto,CO2 FFI,TRA_OT_OTHER,1992.0,0.6044382477573227,0.0,4.867110715356393e-05,4.867110715356393e-05
ssp119_CO2 FFI_TRA_OT_RAI_striving,CO2,Kyoto,CO2 FFI,TRA_OT_RAI,1992.0,0.6044382477573227,0.0,8.629695306805463e-05,8.629695306805463e-05
ssp119_N2O_TRA_OT_AGR_striving,non-CO2,Kyoto,N2O,TRA_OT_AGR,1992.0,0.6044382477573227,0.0,3.8763149878828784e-07,3.8763149878828784e-07
ssp119_N2O_TRA_OT_CNS_striving,non-CO2,Kyoto,N2O,TRA_OT_CNS,1992.0,0.6044382477573227,0.0,2.133509624524521e-07,2.133509624524521e-07
ssp119_N2O_TRA_OT_OTHER_striving,non-CO2,Kyoto,N2O,TRA_OT_OTHER,1992.0,0.6044382477573227,0.0,9.058053351829187e-08,9.058053351829187e-08
ssp119_N2O_TRA_OT_RAI_striving,non-CO2,Kyoto,N2O,TRA_OT_RAI,1992.0,0.6044382477573227,0.0,1.6066928354430132e-07,1.6066928354430132e-07
ssp119,non-CO2,SLCP,,,1993.0,0.4313003849517792,0.0,,
ssp119_BC_TRA_OT_AGR_striving,non-CO2,SLCP,BC,TRA_OT_AGR,1993.0,0.4313003849517792,0.0,0.0014263250223857105,0.0014263250223857105
ssp119_BC_TRA_OT_CNS_striving,non-CO2,SLCP,BC,TRA_OT_CNS,1993.0,0.4313003849517792,0.0,0.0008936989449232491,0.0008936989449232491
ssp119_BC_TRA_OT_OTHER_striving,non-CO2,SLCP,BC,TRA_OT_OTHER,1993.0,0.4313003849517792,0.0,7.716367517363043e-05,7.716367517363043e-05
ssp119_BC_TRA_OT_RAI_striving,non-CO2,SLCP,BC,TRA_OT_RAI,1993.0,0.4313003849517792,0.0,0.00049505055929433,0.00049505055929433
ssp119_CH4_TRA_OT_AGR_striving,non-CO2,Kyoto,CH4,TRA_OT_AGR,1993.0,0.4313003849517792,0.0,0.00012922766556511256,0.00012922766556511256
ssp119_CH4_TRA_OT_CNS_striving,non-CO2,Kyoto,CH4,TRA_OT_CNS,1993.0,0.4313003849517792,0.0,6.986103393075149e-05,6.986103393075149e-05
ssp119_CH4_TRA_OT_OTHER_striving,non-CO2,Kyoto,CH4,TRA_OT_OTHER,1993.0,0.4313003849517792,0.0,3.096280996267575e-05,3.096280996267575e-05
ssp119_CH4_TRA_OT_RAI_striving,non-CO2,Kyoto,CH4,TRA_OT_RAI,1993.0,0.4313003849517792,0.0,5.250217926316969e-05,5.250217926316969e-05
ssp119_CO2 FFI_TRA_OT_AGR_striving,CO2,Kyoto,CO2 FFI,TRA_OT_AGR,1993.0,0.4313003849517792,0.0,0.0003626946016642152,0.0003626946016642152
ssp119_CO2 FFI_TRA_OT_CNS_striving,CO2,Kyoto,CO2 FFI,TRA_OT_CNS,1993.0,0.4313003849517792,0.0,0.00019589894261401453,0.00019589894261401453
ssp119_CO2 FFI_TRA_OT_OTHER_striving,CO2,Kyoto,CO2 FFI,TRA_OT_OTHER,1993.0,0.4313003849517792,0.0,8.381231226201047e-05,8.381231226201047e-05
ssp119_CO2 FFI_TRA_OT_RAI_striving,CO2,Kyoto,CO2 FFI,TRA_OT_RAI,1993.0,0.4313003849517792,0.0,0.0001472075707865672,0.0001472075707865672
ssp119_N2O_TRA_OT_AGR_striving,non-CO2,Kyoto,N2O,TRA_OT_AGR,1993.0,0.4313003849517792,0.0,7.012565805264437e-07,7.012565805264437e-07
ssp119_N2O_TRA_OT_CNS_striving,non-CO2,Kyoto,N2O,TRA_OT_CNS,1993.0,0.4313003849517792,0.0,3.793785064432065e-07,3.793785064432065e-07
ssp119_N2O_TRA_OT_OTHER_striving,non-CO2,Kyoto,N2O,TRA_OT_OTHER,1993.0,0.4313003849517792,0.0,1.6220585152826317e-07,1.6220585152826317e-07
ssp119_N2O_TRA_OT_RAI_striving,non-CO2,Kyoto,N2O,TRA_OT_RAI,1993.0,0.4313003849517792,0.0,2.851516117674535e-07,2.851516117674535e-07
ssp119,non-CO2,SLCP,,,1994.0,0.4544200832383183,0.0,,
ssp119_BC_TRA_OT_AGR_striving,non-CO2,SLCP,BC,TRA_OT_AGR,1994.0,0.4544200832383183,0.0,0.0016510108323529171,0.0016510108323529171
ssp119_BC_TRA_OT_CNS_striving,non-CO2,SLCP,BC,TRA_OT_CNS,1994.0,0.4544200832383183,0.0,0.0010020311763060397,0.0010020311763060397
ssp119_BC_TRA_OT_OTHER_striving,non-CO2,SLCP,BC,TRA_OT_OTHER,1994.0,0.4544200832383183,0.0,8.085944907793019e-05,8.085944907793019e-05
ssp119_BC_TRA_OT_RAI_striving,non-CO2,SLCP,BC,TRA_OT_RAI,1994.0,0.4544200832383183,0.0,0.0005522549368666696,0.0005522549368666696
ssp119_CH4_TRA_OT_AGR_striving,non-CO2,Kyoto,CH4,TRA_OT_AGR,1994.0,0.4544200832383183,0.0,0.0001912856046079603,0.0001912856046079603
ssp119_CH4_TRA_OT_CNS_striving,non-CO2,Kyoto,CH4,TRA_OT_CNS,1994.0,0.4544200832383183,0.0,0.00010146709173408652,0.00010146709173408652
ssp119_CH4_TRA_OT_OTHER_striving,non-CO2,Kyoto,CH4,TRA_OT_OTHER,1994.0,0.4544200832383183,0.0,4.528994684266374e-05,4.528994684266374e-05
ssp119_CH4_TRA_OT_RAI_striving,non-CO2,Kyoto,CH4,TRA_OT_RAI,1994.0,0.4544200832383183,0.0,7.60895695905428e-05,7.60895695905428e-05
ssp119_CO2 FFI_TRA_OT_AGR_striving,CO2,Kyoto,CO2 FFI,TRA_OT_AGR,1994.0,0.4544200832383183,0.0,0.0005290412600406635,0.0005290412600406635
ssp119_CO2 FFI_TRA_OT_CNS_striving,CO2,Kyoto,CO2 FFI,TRA_OT_CNS,1994.0,0.4544200832383183,0.0,0.0002803174789476337,0.0002803174789476337
ssp119_CO2 FFI_TRA_OT_OTHER_striving,CO2,Kyoto,CO2 FFI,TRA_OT_OTHER,1994.0,0.4544200832383183,0.0,0.0001208827904376486,0.0001208827904376486
ssp119_CO2 FFI_TRA_OT_RAI_striving,CO2,Kyoto,CO2 FFI,TRA_OT_RAI,1994.0,0.4544200832383183,0.0,0.0002101801726189234,0.0002101801726189234
ssp119_N2O_TRA_OT_AGR_striving,non-CO2,Kyoto,N2O,TRA_OT_AGR,1994.0,0.4544200832383183,0.0,1.0579891850381884e-06,1.0579891850381884e-06
ssp119_N2O_TRA_OT_CNS_striving,non-CO2,Kyoto,N2O,TRA_OT_CNS,1994.0,0.4544200832383183,0.0,5.620419945562283e-07,5.620419945562283e-07
ssp119_N2O_TRA_OT_OTHER_striving,non-CO2,Kyoto,N2O,TRA_OT_OTHER,1994.0,0.4544200832383183,0.0,2.4211880422786436e-07,2.4211880422786436e-07
ssp119_N2O_TRA_OT_RAI_striving,non-CO2,Kyoto,N2O,TRA_OT_RAI,1994.0,0.4544200832383183,0.0,4.215628674475447e-07,4.215628674475447e-07
ssp119,non-CO2,SLCP,,,1995.0,0.5802585137778096,0.0,,
ssp119_BC_TRA_OT_AGR_striving,non-CO2,SLCP,BC,TRA_OT_AGR,1995.0,0.5802585137778096,0.0,0.0018273976006729642,0.0018273976006729642
ssp119_BC_TRA_OT_CNS_striving,non-CO2,SLCP,BC,TRA_OT_CNS,1995.0,0.5802585137778096,0.0,0.0010724568564572934,0.0010724568564572934
ssp119_BC_TRA_OT_OTHER_striving,non-CO2,SLCP,BC,TRA_OT_OTHER,1995.0,0.5802585137778096,0.0,7.994960338431056e-05,7.994960338431056e-05
ssp119_BC_TRA_OT_RAI_striving,non-CO2,SLCP,BC,TRA_OT_RAI,1995.0,0.5802585137778096,0.0,0.0005878009612273472,0.0005878009612273472
ssp119_CH4_TRA_OT_AGR_striving,non-CO2,Kyoto,CH4,TRA_OT_AGR,1995.0,0.5802585137778096,0.0,0.0002565352305810009,0.0002565352305810009
ssp119_CH4_TRA_OT_CNS_striving,non-CO2,Kyoto,CH4,TRA_OT_CNS,1995.0,0.5802585137778096,0.0,0.00013338917644267756,0.00013338917644267756
ssp119_CH4_TRA_OT_OTHER_striving,non-CO2,Kyoto,CH4,TRA_OT_OTHER,1995.0,0.5802585137778096,0.0,5.998879159585524e-05,5.998879159585524e-05
ssp119_CH4_TRA_OT_RAI_striving,non-CO2,Kyoto,CH4,TRA_OT_RAI,1995.0,0.5802585137778096,0.0,9.979459036646432e-05,9.979459036646432e-05
ssp119_CO2 FFI_TRA_OT_AGR_striving,CO2,Kyoto,CO2 FFI,TRA_OT_AGR,1995.0,0.5802585137778096,0.0,0.0007041710487244446,0.0007041710487244446
ssp119_CO2 FFI_TRA_OT_CNS_striving,CO2,Kyoto,CO2 FFI,TRA_OT_CNS,1995.0,0.5802585137778096,0.0,0.0003657285136529076,0.0003657285136529076
ssp119_CO2 FFI_TRA_OT_OTHER_striving,CO2,Kyoto,CO2 FFI,TRA_OT_OTHER,1995.0,0.5802585137778096,0.0,0.0001590369072627107,0.0001590369072627107
ssp119_CO2 FFI_TRA_OT_RAI_striving,CO2,Kyoto,CO2 FFI,TRA_OT_RAI,1995.0,0.5802585137778096,0.0,0.00027357845968467576,0.00027357845968467576
ssp119_N2O_TRA_OT_AGR_striving,non-CO2,Kyoto,N2O,TRA_OT_AGR,1995.0,0.5802585137778096,0.0,1.445821390722024e-06,1.445821390722024e-06
ssp119_N2O_TRA_OT_CNS_striving,non-CO2,Kyoto,N2O,TRA_OT_CNS,1995.0,0.5802585137778096,0.0,7.536648674033586e-07,7.536648674033586e-07
ssp119_N2O_TRA_OT_OTHER_striving,non-CO2,Kyoto,N2O,TRA_OT_OTHER,1995.0,0.5802585137778096,0.0,3.27245066822357e-07,3.27245066822357e-07
ssp119_N2O_TRA_OT_RAI_striving,non-CO2,Kyoto,N2O,TRA_OT_RAI,1995.0,0.5802585137778096,0.0,5.64039511541381e-07,5.64039511541381e-07
ssp119,non-CO2,SLCP,,,1996.0,0.6742301986242661,0.0,,
ssp119_BC_TRA_OT_AGR_striving,non-CO2,SLCP,BC,TRA_OT_AGR,1996.0,0.6742301986242661,0.0,0.0019748540828343764,0.0019748540828343764
ssp119_BC_TRA_OT_CNS_striving,non-CO2,SLCP,BC,TRA_OT_CNS,1996.0,0.6742301986242661,0.0,0.0011192244591888834,0.0011192244591888834
ssp119_BC_TRA_OT_OTHER_striving,non-CO2,SLCP,BC,TRA_OT_OTHER,1996.0,0.6742301986242661,0.0,7.603270267275697e-05,7.603270267275697e-05
ssp119_BC_TRA_OT_RAI_striving,non-CO2,SLCP,BC,TRA_OT_RAI,1996.0,0.6742301986242661,0.0,0.0006097639301931856,0.0006097639301931856
ssp119_CH4_TRA_OT_AGR_striving,non-CO2,Kyoto,CH4,TRA_OT_AGR,1996.0,0.6742301986242661,0.0,0.00032330170367367295,0.00032330170367367295
ssp119_CH4_TRA_OT_CNS_striving,non-CO2,Kyoto,CH4,TRA_OT_CNS,1996.0,0.6742301986242661,0.0,0.00016464154456075075,0.00016464154456075075
ssp119_CH4_TRA_OT_OTHER_striving,non-CO2,Kyoto,CH4,TRA_OT_OTHER,1996.0,0.6742301986242661,0.0,7.463573481525376e-05,7.463573481525376e-05
ssp119_CH4_TRA_OT_RAI_striving,non-CO2,Kyoto,CH4,TRA_OT_RAI,1996.0,0.6742301986242661,0.0,0.00012286963178909094,0.00012286963178909094
ssp119_CO2 FFI_TRA_OT_AGR_striving,CO2,Kyoto,CO2 FFI,TRA_OT_AGR,1996.0,0.6742301986242661,0.0,0.0008872504185259977,0.0008872504185259977
ssp119_CO2 FFI_TRA_OT_CNS_striving,CO2,Kyoto,CO2 FFI,TRA_OT_CNS,1996.0,0.6742301986242661,0.0,0.0004513973385222858,0.0004513973385222858
ssp119_CO2 FFI_TRA_OT_OTHER_striving,CO2,Kyoto,CO2 FFI,TRA_OT_OTHER,1996.0,0.6742301986242661,0.0,0.00019801032729049872,0.00019801032729049872
ssp119_CO2 FFI_TRA_OT_RAI_striving,CO2,Kyoto,CO2 FFI,TRA_OT_RAI,1996.0,0.6742301986242661,0.0,0.00033682610368279686,0.00033682610368279686
ssp119_N2O_TRA_OT_AGR_striving,non-CO2,Kyoto,N2O,TRA_OT_AGR,1996.0,0.6742301986242661,0.0,1.8572773354819105e-06,1.8572773354819105e-06
ssp119_N2O_TRA_OT_CNS_striving,non-CO2,Kyoto,N2O,TRA_OT_CNS,1996.0,0.6742301986242661,0.0,9.494189801007025e-07,9.494189801007025e-07
ssp119_N2O_TRA_OT_OTHER_striving,non-CO2,Kyoto,N2O,TRA_OT_OTHER,1996.0,0.6742301986242661,0.0,4.156534239019294e-07,4.156534239019294e-07
ssp119_N2O_TRA_OT_RAI_striving,non-CO2,Kyoto,N2O,TRA_OT_RAI,1996.0,0.6742301986242661,0.0,7.088809277355779e-07,7.088809277355779e-07
ssp119,non-CO2,SLCP,,,1997.0,0.7561648381001533,0.0,,
ssp119_BC_TRA_OT_AGR_striving,non-CO2,SLCP,BC,TRA_OT_AGR,1997.0,0.7561648381001533,0.0,0.0020833729881785112,0.0020833729881785112
ssp119_BC_TRA_OT_CNS_striving,non-CO2,SLCP,BC,TRA_OT_CNS,1997.0,0.7561648381001533,0.0,0.0011681923875863642,0.0011681923875863642
ssp119_BC_TRA_OT_OTHER_striving,non-CO2,SLCP,BC,TRA_OT_OTHER,1997.0,0.7561648381001533,0.0,7.340959284707349e-05,7.340959284707349e-05
ssp119_BC_TRA_OT_RAI_striving,non-CO2,SLCP,BC,TRA_OT_RAI,1997.0,0.7561648381001533,0.0,0.0006350146133656809,0.0006350146133656809
ssp119_CH4_TRA_OT_AGR_striving,non-CO2,Kyoto,CH4,TRA_OT_AGR,1997.0,0.7561648381001533,0.0,0.000389698508545977,0.000389698508545977
ssp119_CH4_TRA_OT_CNS_striving,non-CO2,Kyoto,CH4,TRA_OT_CNS,1997.0,0.7561648381001533,0.0,0.0001953578105913234,0.0001953578105913234
ssp119_CH4_TRA_OT_OTHER_striving,non-CO2,Kyoto,CH4,TRA_OT_OTHER,1997.0,0.7561648381001533,0.0,8.91840435457425e-05,8.91840435457425e-05
ssp119_CH4_TRA_OT_RAI_striving,non-CO2,Kyoto,CH4,TRA_OT_RAI,1997.0,0.7561648381001533,0.0,0.00014549522675610937,0.00014549522675610937
ssp119_CO2 FFI_TRA_OT_AGR_striving,CO2,Kyoto,CO2 FFI,TRA_OT_AGR,1997.0,0.7561648381001533,0.0,0.0010744900304930916,0.0010744900304930916
ssp119_CO2 FFI_TRA_OT_CNS_striving,CO2,Kyoto,CO2 FFI,TRA_OT_CNS,1997.0,0.7561648381001533,0.0,0.000538576168061744,0.000538576168061744
ssp119_CO2 FFI_TRA_OT_OTHER_striving,CO2,Kyoto,CO2 FFI,TRA_OT_OTHER,1997.0,0.7561648381001533,0.0,0.00023805576005975215,0.00023805576005975215
ssp119_CO2 FFI_TRA_OT_RAI_striving,CO2,Kyoto,CO2 FFI,TRA_OT_RAI,1997.0,0.7561648381001533,0.0,0.0004010933513725057,0.0004010933513725057
ssp119_N2O_TRA_OT_AGR_striving,non-CO2,Kyoto,N2O,TRA_OT_AGR,1997.0,0.7561648381001533,0.0,2.2828744801195455e-06,2.2828744801195455e-06
ssp119_N2O_TRA_OT_CNS_striving,non-CO2,Kyoto,N2O,TRA_OT_CNS,1997.0,0.7561648381001533,0.0,1.1498616849792143e-06,1.1498616849792143e-06
ssp119_N2O_TRA_OT_OTHER_striving,non-CO2,Kyoto,N2O,TRA_OT_OTHER,1997.0,0.7561648381001533,0.0,5.071247063392903e-07,5.071247063392903e-07
ssp119_N2O_TRA_OT_RAI_striving,non-CO2,Kyoto,N2O,TRA_OT_RAI,1997.0,0.7561648381001533,0.0,8.569039047223725e-07,8.569039047223725e-07
ssp119,non-CO2,SLCP,,,1998.0,0.812565424475955,0.0,,
ssp119_BC_TRA_OT_AGR_striving,non-CO2,SLCP,BC,TRA_OT_AGR,1998.0,0.812565424475955,0.0,0.002162221296595157,0.002162221296595157
ssp119_BC_TRA_OT_CNS_striving,non-CO2,SLCP,BC,TRA_OT_CNS,1998.0,0.812565424475955,0.0,0.001219663316278763,0.001219663316278763
ssp119_BC_TRA_OT_OTHER_striving,non-CO2,SLCP,BC,TRA_OT_OTHER,1998.0,0.812565424475955,0.0,7.186306428597078e-05,7.186306428597078e-05
ssp119_BC_TRA_OT_RAI_striving,non-CO2,SLCP,BC,TRA_OT_RAI,1998.0,0.812565424475955,0.0,0.000663291599211413,0.000663291599211413
ssp119_CH4_TRA_OT_AGR_striving,non-CO2,Kyoto,CH4,TRA_OT_AGR,1998.0,0.812565424475955,0.0,0.0004547016923029945,0.0004547016923029945
ssp119_CH4_TRA_OT_CNS_striving,non-CO2,Kyoto,CH4,TRA_OT_CNS,1998.0,0.812565424475955,0.0,0.00022582373035995307,0.00022582373035995307
ssp119_CH4_TRA_OT_OTHER_striving,non-CO2,Kyoto,CH4,TRA_OT_OTHER,1998.0,0.812565424475955,0.0,0.00010368315906783554,0.00010368315906783554
ssp119_CH4_TRA_OT_RAI_striving,non-CO2,Kyoto,CH4,TRA_OT_RAI,1998.0,0.812565424475955,0.0,0.00016794443338274956,0.00016794443338274956
ssp119_CO2 FFI_TRA_OT_AGR_striving,CO2,Kyoto,CO2 FFI,TRA_OT_AGR,1998.0,0.812565424475955,0.0,0.001262999275811194,0.001262999275811194
ssp119_CO2 FFI_TRA_OT_CNS_striving,CO2,Kyoto,CO2 FFI,TRA_OT_CNS,1998.0,0.812565424475955,0.0,0.000627879332888992,0.000627879332888992
ssp119_CO2 FFI_TRA_OT_OTHER_striving,CO2,Kyoto,CO2 FFI,TRA_OT_OTHER,1998.0,0.812565424475955,0.0,0.00027924992176786567,0.00027924992176786567
ssp119_CO2 FFI_TRA_OT_RAI_striving,CO2,Kyoto,CO2 FFI,TRA_OT_RAI,1998.0,0.812565424475955,0.0,0.0004669929612584056,0.0004669929612584056
ssp119_N2O_TRA_OT_AGR_striving,non-CO2,Kyoto,N2O,TRA_OT_AGR,1998.0,0.812565424475955,0.0,2.715607794079311e-06,2.715607794079311e-06
ssp119_N2O_TRA_OT_CNS_striving,non-CO2,Kyoto,N2O,TRA_OT_CNS,1998.0,0.812565424475955,0.0,1.355608733710767e-06,1.355608733710767e-06
ssp119_N2O_TRA_OT_OTHER_striving,non-CO2,Kyoto,N2O,TRA_OT_OTHER,1998.0,0.812565424475955,0.0,6.015572120432466e-07,6.015572120432466e-07
ssp119_N2O_TRA_OT_RAI_striving,non-CO2,Kyoto,N2O,TRA_OT_RAI,1998.0,0.812565424475955,0.0,1.008876529762226e-06,1.008876529762226e-06
ssp119,non-CO2,SLCP,,,1999.0,0.8752122614144918,0.0,,
ssp119_BC_TRA_OT_AGR_striving,non-CO2,SLCP,BC,TRA_OT_AGR,1999.0,0.8752122614144918,0.0,0.0022204769770145516,0.0022204769770145516
ssp119_BC_TRA_OT_CNS_striving,non-CO2,SLCP,BC,TRA_OT_CNS,1999.0,0.8752122614144918,0.0,0.001270529883494853,0.001270529883494853
ssp119_BC_TRA_OT_OTHER_striving,non-CO2,SLCP,BC,TRA_OT_OTHER,1999.0,0.8752122614144918,0.0,7.06585906813384e-05,7.06585906813384e-05
ssp119_BC_TRA_OT_RAI_striving,non-CO2,SLCP,BC,TRA_OT_RAI,1999.0,0.8752122614144918,0.0,0.0006921828807404662,0.0006921828807404662
ssp119_CH4_TRA_OT_AGR_striving,non-CO2,Kyoto,CH4,TRA_OT_AGR,1999.0,0.8752122614144918,0.0,0.0005173597090951665,0.0005173597090951665
ssp119_CH4_TRA_OT_CNS_striving,non-CO2,Kyoto,CH4,TRA_OT_CNS,1999.0,0.8752122614144918,0.0,0.00025598131924053913,0.00025598131924053913
ssp119_CH4_TRA_OT_OTHER_striving,non-CO2,Kyoto,CH4,TRA_OT_OTHER,1999.0,0.8752122614144918,0.0,0.0001180628820984797,0.0001180628820984797
ssp119_CH4_TRA_OT_RAI_striving,non-CO2,Kyoto,CH4,TRA_OT_RAI,1999.0,0.8752122614144918,0.0,0.00019020593346541492,0.00019020593346541492
ssp119_CO2 FFI_TRA_OT_AGR_striving,CO2,Kyoto,CO2 FFI,TRA_OT_AGR,1999.0,0.8752122614144918,0.0,0.0014513170711473178,0.0014513170711473178
ssp119_CO2 FFI_TRA_OT_CNS_striving,CO2,Kyoto,CO2 FFI,TRA_OT_CNS,1999.0,0.8752122614144918,0.0,0.0007195010261024093,0.0007195010261024093
ssp119_CO2 FFI_TRA_OT_OTHER_striving,CO2,Kyoto,CO2 FFI,TRA_OT_OTHER,1999.0,0.8752122614144918,0.0,0.00032159612789839365,0.00032159612789839365
ssp119_CO2 FFI_TRA_OT_RAI_striving,CO2,Kyoto,CO2 FFI,TRA_OT_RAI,1999.0,0.8752122614144918,0.0,0.0005347383965358388,0.0005347383965358388
ssp119_N2O_TRA_OT_AGR_striving,non-CO2,Kyoto,N2O,TRA_OT_AGR,1999.0,0.8752122614144918,0.0,3.1505866158187956e-06,3.1505866158187956e-06
ssp119_N2O_TRA_OT_CNS_striving,non-CO2,Kyoto,N2O,TRA_OT_CNS,1999.0,0.8752122614144918,0.0,1.5665200560066594e-06,1.5665200560066594e-06
ssp119_N2O_TRA_OT_OTHER_striving,non-CO2,Kyoto,N2O,TRA_OT_OTHER,1999.0,0.8752122614144918,0.0,6.986828963162495e-07,6.986828963162495e-07
ssp119_N2O_TRA_OT_RAI_striving,non-CO2,Kyoto,N2O,TRA_OT_RAI,1999.0,0.8752122614144918,0.0,1.1648596185409588e-06,1.1648596185409588e-06
ssp119,non-CO2,SLCP,,,2000.0,0.9351496514498274,0.0,,
ssp119_BC_TRA_OT_AGR_striving,non-CO2,SLCP,BC,TRA_OT_AGR,2000.0,0.9351496514498274,0.0,0.0022632312774962804,0.0022632312774962804
ssp119_BC_TRA_OT_CNS_striving,non-CO2,SLCP,BC,TRA_OT_CNS,2000.0,0.9351496514498274,0.0,0.001319639683738938,0.001319639683738938
ssp119_BC_TRA_OT_OTHER_striving,non-CO2,SLCP,BC,TRA_OT_OTHER,2000.0,0.9351496514498274,0.0,6.948362730507807e-05,6.948362730507807e-05
ssp119_BC_TRA_OT_RAI_striving,non-CO2,SLCP,BC,TRA_OT_RAI,2000.0,0.9351496514498274,0.0,0.000720710191948859,0.000720710191948859
ssp119_CH4_TRA_OT_AGR_striving,non-CO2,Kyoto,CH4,TRA_OT_AGR,2000.0,0.9351496514498274,0.0,0.0005770548251123886,0.0005770548251123886
ssp119_CH4_TRA_OT_CNS_striving,non-CO2,Kyoto,CH4,TRA_OT_CNS,2000.0,0.9351496514498274,0.0,0.0002857483716601772,0.0002857483716601772
ssp119_CH4_TRA_OT_OTHER_striving,non-CO2,Kyoto,CH4,TRA_OT_OTHER,2000.0,0.9351496514498274,0.0,0.00013226110083619513,0.00013226110083619513
ssp119_CH4_TRA_OT_RAI_striving,non-CO2,Kyoto,CH4,TRA_OT_RAI,2000.0,0.9351496514498274,0.0,0.00021223598075670314,0.00021223598075670314
ssp119_CO2 FFI_TRA_OT_AGR_striving,CO2,Kyoto,CO2 FFI,TRA_OT_AGR,2000.0,0.9351496514498274,0.0,0.001638485909464138,0.001638485909464138
ssp119_CO2 FFI_TRA_OT_CNS_striving,CO2,Kyoto,CO2 FFI,TRA_OT_CNS,2000.0,0.9351496514498274,0.0,0.0008134305368502348,0.0008134305368502348
ssp119_CO2 FFI_TRA_OT_OTHER_striving,CO2,Kyoto,CO2 FFI,TRA_OT_OTHER,2000.0,0.9351496514498274,0.0,0.00036505272801623523,0.00036505272801623523
ssp119_CO2 FFI_TRA_OT_RAI_striving,CO2,Kyoto,CO2 FFI,TRA_OT_RAI,2000.0,0.9351496514498274,0.0,0.0006043556842224573,0.0006043556842224573
ssp119_N2O_TRA_OT_AGR_striving,non-CO2,Kyoto,N2O,TRA_OT_AGR,2000.0,0.9351496514498274,0.0,3.5842553703924196e-06,3.5842553703924196e-06
ssp119_N2O_TRA_OT_CNS_striving,non-CO2,Kyoto,N2O,TRA_OT_CNS,2000.0,0.9351496514498274,0.0,1.782227592173058e-06,1.782227592173058e-06
ssp119_N2O_TRA_OT_OTHER_striving,non-CO2,Kyoto,N2O,TRA_OT_OTHER,2000.0,0.9351496514498274,0.0,7.982321040822526e-07,7.982321040822526e-07
ssp119_N2O_TRA_OT_RAI_striving,non-CO2,Kyoto,N2O,TRA_OT_RAI,2000.0,0.9351496514498274,0.0,1.324680851899629e-06,1.324680851899629e-06
ssp119,non-CO2,SLCP,,,2001.0,0.9884822427178958,0.0,,
ssp119_BC_TRA_OT_AGR_striving,non-CO2,SLCP,BC,TRA_OT_AGR,2001.0,0.9884822427178958,0.0,0.0022936357216575276,0.0022936357216575276
ssp119_BC_TRA_OT_CNS_striving,non-CO2,SLCP,BC,TRA_OT_CNS,2001.0,0.9884822427178958,0.0,0.0013667500231637764,0.0013667500231637764
ssp119_BC_TRA_OT_OTHER_striving,non-CO2,SLCP,BC,TRA_OT_OTHER,2001.0,0.9884822427178958,0.0,6.822154635310884e-05,6.822154635310884e-05
ssp119_BC_TRA_OT_RAI_striving,non-CO2,SLCP,BC,TRA_OT_RAI,2001.0,0.9884822427178958,0.0,0.0007485663789054131,0.0007485663789054131
ssp119_CH4_TRA_OT_AGR_striving,non-CO2,Kyoto,CH4,TRA_OT_AGR,2001.0,0.9884822427178958,0.0,0.0006333130030949929,0.0006333130030949929
ssp119_CH4_TRA_OT_CNS_striving,non-CO2,Kyoto,CH4,TRA_OT_CNS,2001.0,0.9884822427178958,0.0,0.00031501706372283333,0.00031501706372283333
ssp119_CH4_TRA_OT_OTHER_striving,non-CO2,Kyoto,CH4,TRA_OT_OTHER,2001.0,0.9884822427178958,0.0,0.00014621296069516898,0.00014621296069516898
ssp119_CH4_TRA_OT_RAI_striving,non-CO2,Kyoto,CH4,TRA_OT_RAI,2001.0,0.9884822427178958,0.0,0.00023396459858471275,0.00023396459858471275
ssp119_CO2 FFI_TRA_OT_AGR_striving,CO2,Kyoto,CO2 FFI,TRA_OT_AGR,2001.0,0.9884822427178958,0.0,0.00182341881567194,0.00182341881567194
ssp119_CO2 FFI_TRA_OT_CNS_striving,CO2,Kyoto,CO2 FFI,TRA_OT_CNS,2001.0,0.9884822427178958,0.0,0.0009094128288852366,0.0009094128288852366
ssp119_CO2 FFI_TRA_OT_OTHER_striving,CO2,Kyoto,CO2 FFI,TRA_OT_OTHER,2001.0,0.9884822427178958,0.0,0.00040948344602986797,0.00040948344602986797
ssp119_CO2 FFI_TRA_OT_RAI_striving,CO2,Kyoto,CO2 FFI,TRA_OT_RAI,2001.0,0.9884822427178958,0.0,0.0006756760287689456,0.0006756760287689456
ssp119_N2O_TRA_OT_AGR_striving,non-CO2,Kyoto,N2O,TRA_OT_AGR,2001.0,0.9884822427178958,0.0,4.013906933608702e-06,4.013906933608702e-06
ssp119_N2O_TRA_OT_CNS_striving,non-CO2,Kyoto,N2O,TRA_OT_CNS,2001.0,0.9884822427178958,0.0,2.002318161942185e-06,2.002318161942185e-06
ssp119_N2O_TRA_OT_OTHER_striving,non-CO2,Kyoto,N2O,TRA_OT_OTHER,2001.0,0.9884822427178958,0.0,8.999425015199236e-07,8.999425015199236e-07
ssp119_N2O_TRA_OT_RAI_striving,non-CO2,Kyoto,N2O,TRA_OT_RAI,2001.0,0.9884822427178958,0.0,1.488095399349021e-06,1.488095399349021e-06
ssp119,non-CO2,SLCP,,,2002.0,1.0191218672083069,0.0,,
ssp119_BC_TRA_OT_AGR_striving,non-CO2,SLCP,BC,TRA_OT_AGR,2002.0,1.0191218672083069,0.0,0.0023336858149383133,0.0023336858149383133
ssp119_BC_TRA_OT_CNS_striving,non-CO2,SLCP,BC,TRA_OT_CNS,2002.0,1.0191218672083069,0.0,0.0014046207958660073,0.0014046207958660073
ssp119_BC_TRA_OT_OTHER_striving,non-CO2,SLCP,BC,TRA_OT_OTHER,2002.0,1.0191218672083069,0.0,6.86527098336942e-05,6.86527098336942e-05
ssp119_BC_TRA_OT_RAI_striving,non-CO2,SLCP,BC,TRA_OT_RAI,2002.0,1.0191218672083069,0.0,0.0007781632154748586,0.0007781632154748586
ssp119_CH4_TRA_OT_AGR_striving,non-CO2,Kyoto,CH4,TRA_OT_AGR,2002.0,1.0191218672083069,0.0,0.0006871694647656579,0.0006871694647656579
ssp119_CH4_TRA_OT_CNS_striving,non-CO2,Kyoto,CH4,TRA_OT_CNS,2002.0,1.0191218672083069,0.0,0.0003436808064927188,0.0003436808064927188
ssp119_CH4_TRA_OT_OTHER_striving,non-CO2,Kyoto,CH4,TRA_OT_OTHER,2002.0,1.0191218672083069,0.0,0.00015988153665724703,0.00015988153665724703
ssp119_CH4_TRA_OT_RAI_striving,non-CO2,Kyoto,CH4,TRA_OT_RAI,2002.0,1.0191218672083069,0.0,0.0002555692690195954,0.0002555692690195954
ssp119_CO2 FFI_TRA_OT_AGR_striving,CO2,Kyoto,CO2 FFI,TRA_OT_AGR,2002.0,1.0191218672083069,0.0,0.002009378221939251,0.002009378221939251
ssp119_CO2 FFI_TRA_OT_CNS_striving,CO2,Kyoto,CO2 FFI,TRA_OT_CNS,2002.0,1.0191218672083069,0.0,0.001007249956287204,0.001007249956287204
ssp119_CO2 FFI_TRA_OT_OTHER_striving,CO2,Kyoto,CO2 FFI,TRA_OT_OTHER,2002.0,1.0191218672083069,0.0,0.000454822434759361,0.000454822434759361
ssp119_CO2 FFI_TRA_OT_RAI_striving,CO2,Kyoto,CO2 FFI,TRA_OT_RAI,2002.0,1.0191218672083069,0.0,0.0007492964239173006,0.0007492964239173006
ssp119_N2O_TRA_OT_AGR_striving,non-CO2,Kyoto,N2O,TRA_OT_AGR,2002.0,1.0191218672083069,0.0,4.443949799926017e-06,4.443949799926017e-06
ssp119_N2O_TRA_OT_CNS_striving,non-CO2,Kyoto,N2O,TRA_OT_CNS,2002.0,1.0191218672083069,0.0,2.2260241121507818e-06,2.2260241121507818e-06
ssp119_N2O_TRA_OT_OTHER_striving,non-CO2,Kyoto,N2O,TRA_OT_OTHER,2002.0,1.0191218672083069,0.0,1.0034822210958083e-06,1.0034822210958083e-06
ssp119_N2O_TRA_OT_RAI_striving,non-CO2,Kyoto,N2O,TRA_OT_RAI,2002.0,1.0191218672083069,0.0,1.6559046838171554e-06,1.6559046838171554e-06
ssp119,non-CO2,SLCP,,,2003.0,1.0471632680253646,0.0,,
ssp119_BC_TRA_OT_AGR_striving,non-CO2,SLCP,BC,TRA_OT_AGR,2003.0,1.0471632680253646,0.0,0.0023809928613585107,0.0023809928613585107
ssp119_BC_TRA_OT_CNS_striving,non-CO2,SLCP,BC,TRA_OT_CNS,2003.0,1.0471632680253646,0.0,0.0014349398800053148,0.0014349398800053148
ssp119_BC_TRA_OT_OTHER_striving,non-CO2,SLCP,BC,TRA_OT_OTHER,2003.0,1.0471632680253646,0.0,7.040130150426371e-05,7.040130150426371e-05
ssp119_BC_TRA_OT_RAI_striving,non-CO2,SLCP,BC,TRA_OT_RAI,2003.0,1.0471632680253646,0.0,0.0008090503994238052,0.0008090503994238052
ssp119_CH4_TRA_OT_AGR_striving,non-CO2,Kyoto,CH4,TRA_OT_AGR,2003.0,1.0471632680253646,0.0,0.0007396016451108878,0.0007396016451108878
ssp119_CH4_TRA_OT_CNS_striving,non-CO2,Kyoto,CH4,TRA_OT_CNS,2003.0,1.0471632680253646,0.0,0.0003717606090749559,0.0003717606090749559
ssp119_CH4_TRA_OT_OTHER_striving,non-CO2,Kyoto,CH4,TRA_OT_OTHER,2003.0,1.0471632680253646,0.0,0.0001732864561958536,0.0001732864561958536
ssp119_CH4_TRA_OT_RAI_striving,non-CO2,Kyoto,CH4,TRA_OT_RAI,2003.0,1.0471632680253646,0.0,0.00027725106124099064,0.00027725106124099064
ssp119_CO2 FFI_TRA_OT_AGR_striving,CO2,Kyoto,CO2 FFI,TRA_OT_AGR,2003.0,1.0471632680253646,0.0,0.0021978335224532852,0.0021978335224532852
ssp119_CO2 FFI_TRA_OT_CNS_striving,CO2,Kyoto,CO2 FFI,TRA_OT_CNS,2003.0,1.0471632680253646,0.0,0.001106455086987257,0.001106455086987257
ssp119_CO2 FFI_TRA_OT_OTHER_striving,CO2,Kyoto,CO2 FFI,TRA_OT_OTHER,2003.0,1.0471632680253646,0.0,0.0005008619299966544,0.0005008619299966544
ssp119_CO2 FFI_TRA_OT_RAI_striving,CO2,Kyoto,CO2 FFI,TRA_OT_RAI,2003.0,1.0471632680253646,0.0,0.0008253553206105657,0.0008253553206105657
ssp119_N2O_TRA_OT_AGR_striving,non-CO2,Kyoto,N2O,TRA_OT_AGR,2003.0,1.0471632680253646,0.0,4.877798031488467e-06,4.877798031488467e-06
ssp119_N2O_TRA_OT_CNS_striving,non-CO2,Kyoto,N2O,TRA_OT_CNS,2003.0,1.0471632680253646,0.0,2.4527293687182095e-06,2.4527293687182095e-06
ssp119_N2O_TRA_OT_OTHER_striving,non-CO2,Kyoto,N2O,TRA_OT_OTHER,2003.0,1.0471632680253646,0.0,1.1085965103685425e-06,1.1085965103685425e-06
ssp119_N2O_TRA_OT_RAI_striving,non-CO2,Kyoto,N2O,TRA_OT_RAI,2003.0,1.0471632680253646,0.0,1.8287007959028045e-06,1.8287007959028045e-06
ssp119,non-CO2,SLCP,,,2004.0,1.063371931697699,0.0,,
ssp119_BC_TRA_OT_AGR_striving,non-CO2,SLCP,BC,TRA_OT_AGR,2004.0,1.063371931697699,0.0,0.0024308191256021683,0.0024308191256021683
ssp119_BC_TRA_OT_CNS_striving,non-CO2,SLCP,BC,TRA_OT_CNS,2004.0,1.063371931697699,0.0,0.0014601255046826633,0.0014601255046826633
ssp119_BC_TRA_OT_OTHER_striving,non-CO2,SLCP,BC,TRA_OT_OTHER,2004.0,1.063371931697699,0.0,7.29223105404575e-05,7.29223105404575e-05
ssp119_BC_TRA_OT_RAI_striving,non-CO2,SLCP,BC,TRA_OT_RAI,2004.0,1.063371931697699,0.0,0.0008405534527136105,0.0008405534527136105
ssp119_CH4_TRA_OT_AGR_striving,non-CO2,Kyoto,CH4,TRA_OT_AGR,2004.0,1.063371931697699,0.0,0.0007907880330768613,0.0007907880330768613
ssp119_CH4_TRA_OT_CNS_striving,non-CO2,Kyoto,CH4,TRA_OT_CNS,2004.0,1.063371931697699,0.0,0.0003990986507067529,0.0003990986507067529
ssp119_CH4_TRA_OT_OTHER_striving,non-CO2,Kyoto,CH4,TRA_OT_OTHER,2004.0,1.063371931697699,0.0,0.00018635756011375904,0.00018635756011375904
ssp119_CH4_TRA_OT_RAI_striving,non-CO2,Kyoto,CH4,TRA_OT_RAI,2004.0,1.063371931697699,0.0,0.00029898567810260346,0.00029898567810260346
ssp119_CO2 FFI_TRA_OT_AGR_striving,CO2,Kyoto,CO2 FFI,TRA_OT_AGR,2004.0,1.063371931697699,0.0,0.002389432853113327,0.002389432853113327
ssp119_CO2 FFI_TRA_OT_CNS_striving,CO2,Kyoto,CO2 FFI,TRA_OT_CNS,2004.0,1.063371931697699,0.0,0.0012068146277326441,0.0012068146277326441
ssp119_CO2 FFI_TRA_OT_OTHER_striving,CO2,Kyoto,CO2 FFI,TRA_OT_OTHER,2004.0,1.063371931697699,0.0,0.0005475084661141771,0.0005475084661141771
ssp119_CO2 FFI_TRA_OT_RAI_striving,CO2,Kyoto,CO2 FFI,TRA_OT_RAI,2004.0,1.063371931697699,0.0,0.0009039339894549858,0.0009039339894549858
ssp119_N2O_TRA_OT_AGR_striving,non-CO2,Kyoto,N2O,TRA_OT_AGR,2004.0,1.063371931697699,0.0,5.316723284298774e-06,5.316723284298774e-06
ssp119_N2O_TRA_OT_CNS_striving,non-CO2,Kyoto,N2O,TRA_OT_CNS,2004.0,1.063371931697699,0.0,2.681812174110121e-06,2.681812174110121e-06
ssp119_N2O_TRA_OT_OTHER_striving,non-CO2,Kyoto,N2O,TRA_OT_OTHER,2004.0,1.063371931697699,0.0,1.2149988395382394e-06,1.2149988395382394e-06
ssp119_N2O_TRA_OT_RAI_striving,non-CO2,Kyoto,N2O,TRA_OT_RAI,2004.0,1.063371931697699,0.0,2.0066407908636563e-06,2.0066407908636563e-06
ssp119,non-CO2,SLCP,,,2005.0,1.0921997203294689,0.0,,
ssp119_BC_TRA_OT_AGR_striving,non-CO2,SLCP,BC,TRA_OT_AGR,2005.0,1.0921997203294689,0.0,0.0024811363285337507,0.0024811363285337507
ssp119_BC_TRA_OT_CNS_striving,non-CO2,SLCP,BC,TRA_OT_CNS,2005.0,1.0921997203294689,0.0,0.001481507484190736,0.001481507484190736
ssp119_BC_TRA_OT_OTHER_striving,non-CO2,SLCP,BC,TRA_OT_OTHER,2005.0,1.0921997203294689,0.0,7.59451162151148e-05,7.59451162151148e-05
ssp119_BC_TRA_OT_RAI_striving,non-CO2,SLCP,BC,TRA_OT_RAI,2005.0,1.0921997203294689,0.0,0.000872372700806423,0.000872372700806423
ssp119_CH4_TRA_OT_AGR_striving,non-CO2,Kyoto,CH4,TRA_OT_AGR,2005.0,1.0921997203294689,0.0,0.0008406003259040506,0.0008406003259040506
ssp119_CH4_TRA_OT_CNS_striving,non-CO2,Kyoto,CH4,TRA_OT_CNS,2005.0,1.0921997203294689,0.0,0.0004254917201900188,0.0004254917201900188
ssp119_CH4_TRA_OT_OTHER_striving,non-CO2,Kyoto,CH4,TRA_OT_OTHER,2005.0,1.0921997203294689,0.0,0.0001990005602228173,0.0001990005602228173
ssp119_CH4_TRA_OT_RAI_striving,non-CO2,Kyoto,CH4,TRA_OT_RAI,2005.0,1.0921997203294689,0.0,0.00032066536582031624,0.00032066536582031624
ssp119_CO2 FFI_TRA_OT_AGR_striving,CO2,Kyoto,CO2 FFI,TRA_OT_AGR,2005.0,1.0921997203294689,0.0,0.0025840768582010565,0.0025840768582010565
ssp119_CO2 FFI_TRA_OT_CNS_striving,CO2,Kyoto,CO2 FFI,TRA_OT_CNS,2005.0,1.0921997203294689,0.0,0.0013080156883420457,0.0013080156883420457
ssp119_CO2 FFI_TRA_OT_OTHER_striving,CO2,Kyoto,CO2 FFI,TRA_OT_OTHER,2005.0,1.0921997203294689,0.0,0.0005946185095915268,0.0005946185095915268
ssp119_CO2 FFI_TRA_OT_RAI_striving,CO2,Kyoto,CO2 FFI,TRA_OT_RAI,2005.0,1.0921997203294689,0.0,0.0009849229713128071,0.0009849229713128071
ssp119_N2O_TRA_OT_AGR_striving,non-CO2,Kyoto,N2O,TRA_OT_AGR,2005.0,1.0921997203294689,0.0,5.761045924534969e-06,5.761045924534969e-06
ssp119_N2O_TRA_OT_CNS_striving,non-CO2,Kyoto,N2O,TRA_OT_CNS,2005.0,1.0921997203294689,0.0,2.9126807878920857e-06,2.9126807878920857e-06
ssp119_N2O_TRA_OT_OTHER_striving,non-CO2,Kyoto,N2O,TRA_OT_OTHER,2005.0,1.0921997203294689,0.0,1.3224173329717814e-06,1.3224173329717814e-06
ssp119_N2O_TRA_OT_RAI_striving,non-CO2,Kyoto,N2O,TRA_OT_RAI,2005.0,1.0921997203294689,0.0,2.1896762458784025e-06,2.1896762458784025e-06
ssp119,non-CO2,SLCP,,,2006.0,1.1023079929777226,0.0,,
ssp119_BC_TRA_OT_AGR_striving,non-CO2,SLCP,BC,TRA_OT_AGR,2006.0,1.1023079929777226,0.0,0.002531169299069269,0.002531169299069269
ssp119_BC_TRA_OT_CNS_striving,non-CO2,SLCP,BC,TRA_OT_CNS,2006.0,1.1023079929777226,0.0,0.0014998774641492574,0.0014998774641492574
ssp119_BC_TRA_OT_OTHER_striving,non-CO2,SLCP,BC,TRA_OT_OTHER,2006.0,1.1023079929777226,0.0,7.933090773093454e-05,7.933090773093454e-05
ssp119_BC_TRA_OT_RAI_striving,non-CO2,SLCP,BC,TRA_OT_RAI,2006.0,1.1023079929777226,0.0,0.000904384878538389,0.000904384878538389
ssp119_CH4_TRA_OT_AGR_striving,non-CO2,Kyoto,CH4,TRA_OT_AGR,2006.0,1.1023079929777226,0.0,0.0008891261911085913,0.0008891261911085913
ssp119_CH4_TRA_OT_CNS_striving,non-CO2,Kyoto,CH4,TRA_OT_CNS,2006.0,1.1023079929777226,0.0,0.0004509026317582876,0.0004509026317582876
ssp119_CH4_TRA_OT_OTHER_striving,non-CO2,Kyoto,CH4,TRA_OT_OTHER,2006.0,1.1023079929777226,0.0,0.00021119787001167012,0.00021119787001167012
ssp119_CH4_TRA_OT_RAI_striving,non-CO2,Kyoto,CH4,TRA_OT_RAI,2006.0,1.1023079929777226,0.0,0.00034228052576823487,0.00034228052576823487
ssp119_CO2 FFI_TRA_OT_AGR_striving,CO2,Kyoto,CO2 FFI,TRA_OT_AGR,2006.0,1.1023079929777226,0.0,0.002781849481992671,0.002781849481992671
ssp119_CO2 FFI_TRA_OT_CNS_striving,CO2,Kyoto,CO2 FFI,TRA_OT_CNS,2006.0,1.1023079929777226,0.0,0.0014099539110359327,0.0014099539110359327
ssp119_CO2 FFI_TRA_OT_OTHER_striving,CO2,Kyoto,CO2 FFI,TRA_OT_OTHER,2006.0,1.1023079929777226,0.0,0.0006421425432050487,0.0006421425432050487
ssp119_CO2 FFI_TRA_OT_RAI_striving,CO2,Kyoto,CO2 FFI,TRA_OT_RAI,2006.0,1.1023079929777226,0.0,0.0010683189118563252,0.0010683189118563252
ssp119_N2O_TRA_OT_AGR_striving,non-CO2,Kyoto,N2O,TRA_OT_AGR,2006.0,1.1023079929777226,0.0,6.2110320218078385e-06,6.2110320218078385e-06
ssp119_N2O_TRA_OT_CNS_striving,non-CO2,Kyoto,N2O,TRA_OT_CNS,2006.0,1.1023079929777226,0.0,3.1449787778470295e-06,3.1449787778470295e-06
ssp119_N2O_TRA_OT_OTHER_striving,non-CO2,Kyoto,N2O,TRA_OT_OTHER,2006.0,1.1023079929777226,0.0,1.4306827018639723e-06,1.4306827018639723e-06
ssp119_N2O_TRA_OT_RAI_striving,non-CO2,Kyoto,N2O,TRA_OT_RAI,2006.0,1.1023079929777226,0.0,2.377808870024367e-06,2.377808870024367e-06
ssp119,non-CO2,SLCP,,,2007.0,1.1231355956018128,0.0,,
ssp119_BC_TRA_OT_AGR_striving,non-CO2,SLCP,BC,TRA_OT_AGR,2007.0,1.1231355956018128,0.0,0.0025674944487992235,0.0025674944487992235
ssp119_BC_TRA_OT_CNS_striving,non-CO2,SLCP,BC,TRA_OT_CNS,2007.0,1.1231355956018128,0.0,0.0015161453748957499,0.0015161453748957499
ssp119_BC_TRA_OT_OTHER_striving,non-CO2,SLCP,BC,TRA_OT_OTHER,2007.0,1.1231355956018128,0.0,8.205167333286134e-05,8.205167333286134e-05
ssp119_BC_TRA_OT_RAI_striving,non-CO2,SLCP,BC,TRA_OT_RAI,2007.0,1.1231355956018128,0.0,0.0009215317668345158,0.0009215317668345158
ssp119_CH4_TRA_OT_AGR_striving,non-CO2,Kyoto,CH4,TRA_OT_AGR,2007.0,1.1231355956018128,0.0,0.0009359537778421689,0.0009359537778421689
ssp119_CH4_TRA_OT_CNS_striving,non-CO2,Kyoto,CH4,TRA_OT_CNS,2007.0,1.1231355956018128,0.0,0.00047532507191272444,0.00047532507191272444
ssp119_CH4_TRA_OT_OTHER_striving,non-CO2,Kyoto,CH4,TRA_OT_OTHER,2007.0,1.1231355956018128,0.0,0.00022292161614823058,0.00022292161614823058
ssp119_CH4_TRA_OT_RAI_striving,non-CO2,Kyoto,CH4,TRA_OT_RAI,2007.0,1.1231355956018128,0.0,0.00036312752598011144,0.00036312752598011144
ssp119_CO2 FFI_TRA_OT_AGR_striving,CO2,Kyoto,CO2 FFI,TRA_OT_AGR,2007.0,1.1231355956018128,0.0,0.00298110370030491,0.00298110370030491
ssp119_CO2 FFI_TRA_OT_CNS_striving,CO2,Kyoto,CO2 FFI,TRA_OT_CNS,2007.0,1.1231355956018128,0.0,0.00151242972383403,0.00151242972383403
ssp119_CO2 FFI_TRA_OT_OTHER_striving,CO2,Kyoto,CO2 FFI,TRA_OT_OTHER,2007.0,1.1231355956018128,0.0,0.0006899070729855517,0.0006899070729855517
ssp119_CO2 FFI_TRA_OT_RAI_striving,CO2,Kyoto,CO2 FFI,TRA_OT_RAI,2007.0,1.1231355956018128,0.0,0.001151991675228503,0.001151991675228503
ssp119_N2O_TRA_OT_AGR_striving,non-CO2,Kyoto,N2O,TRA_OT_AGR,2007.0,1.1231355956018128,0.0,6.663527699846128e-06,6.663527699846128e-06
ssp119_N2O_TRA_OT_CNS_striving,non-CO2,Kyoto,N2O,TRA_OT_CNS,2007.0,1.1231355956018128,0.0,3.3780833750274297e-06,3.3780833750274297e-06
ssp119_N2O_TRA_OT_OTHER_striving,non-CO2,Kyoto,N2O,TRA_OT_OTHER,2007.0,1.1231355956018128,0.0,1.5393534462671e-06,1.5393534462671e-06
ssp119_N2O_TRA_OT_RAI_striving,non-CO2,Kyoto,N2O,TRA_OT_RAI,2007.0,1.1231355956018128,0.0,2.567062900027395e-06,2.567062900027395e-06
ssp119,non-CO2,SLCP,,,2008.0,1.1381786415719892,0.0,,
ssp119_BC_TRA_OT_AGR_striving,non-CO2,SLCP,BC,TRA_OT_AGR,2008.0,1.1381786415719892,0.0,0.0025926822579573905,0.0025926822579573905
ssp119_BC_TRA_OT_CNS_striving,non-CO2,SLCP,BC,TRA_OT_CNS,2008.0,1.1381786415719892,0.0,0.0015306043872742592,0.0015306043872742592
ssp119_BC_TRA_OT_OTHER_striving,non-CO2,SLCP,BC,TRA_OT_OTHER,2008.0,1.1381786415719892,0.0,8.42471905526665e-05,8.42471905526665e-05
ssp119_BC_TRA_OT_RAI_striving,non-CO2,SLCP,BC,TRA_OT_RAI,2008.0,1.1381786415719892,0.0,0.0009268232726147296,0.0009268232726147296
ssp119_CH4_TRA_OT_AGR_striving,non-CO2,Kyoto,CH4,TRA_OT_AGR,2008.0,1.1381786415719892,0.0,0.0009805427757585417,0.0009805427757585417
ssp119_CH4_TRA_OT_CNS_striving,non-CO2,Kyoto,CH4,TRA_OT_CNS,2008.0,1.1381786415719892,0.0,0.0004986355089418026,0.0004986355089418026
ssp119_CH4_TRA_OT_OTHER_striving,non-CO2,Kyoto,CH4,TRA_OT_OTHER,2008.0,1.1381786415719892,0.0,0.00023409535533991388,0.00023409535533991388
ssp119_CH4_TRA_OT_RAI_striving,non-CO2,Kyoto,CH4,TRA_OT_RAI,2008.0,1.1381786415719892,0.0,0.00038259895024750357,0.00038259895024750357
ssp119_CO2 FFI_TRA_OT_AGR_striving,CO2,Kyoto,CO2 FFI,TRA_OT_AGR,2008.0,1.1381786415719892,0.0,0.003180695142108503,0.003180695142108503
ssp119_CO2 FFI_TRA_OT_CNS_striving,CO2,Kyoto,CO2 FFI,TRA_OT_CNS,2008.0,1.1381786415719892,0.0,0.0016152862501468412,0.0016152862501468412
ssp119_CO2 FFI_TRA_OT_OTHER_striving,CO2,Kyoto,CO2 FFI,TRA_OT_OTHER,2008.0,1.1381786415719892,0.0,0.0007377841172244715,0.0007377841172244715
ssp119_CO2 FFI_TRA_OT_RAI_striving,CO2,Kyoto,CO2 FFI,TRA_OT_RAI,2008.0,1.1381786415719892,0.0,0.0012344874930836358,0.0012344874930836358
ssp119_N2O_TRA_OT_AGR_striving,non-CO2,Kyoto,N2O,TRA_OT_AGR,2008.0,1.1381786415719892,0.0,7.116060749767783e-06,7.116060749767783e-06
ssp119_N2O_TRA_OT_CNS_striving,non-CO2,Kyoto,N2O,TRA_OT_CNS,2008.0,1.1381786415719892,0.0,3.6115132633351976e-06,3.6115132633351976e-06
ssp119_N2O_TRA_OT_OTHER_striving,non-CO2,Kyoto,N2O,TRA_OT_OTHER,2008.0,1.1381786415719892,0.0,1.648099266615688e-06,1.648099266615688e-06
ssp119_N2O_TRA_OT_RAI_striving,non-CO2,Kyoto,N2O,TRA_OT_RAI,2008.0,1.1381786415719892,0.0,2.754374143432159e-06,2.754374143432159e-06
ssp119,non-CO2,SLCP,,,2009.0,1.1878668631999367,0.0,,
ssp119_BC_TRA_OT_AGR_striving,non-CO2,SLCP,BC,TRA_OT_AGR,2009.0,1.1878668631999367,0.0,0.002610698729478722,0.002610698729478722
ssp119_BC_TRA_OT_CNS_striving,non-CO2,SLCP,BC,TRA_OT_CNS,2009.0,1.1878668631999367,0.0,0.0015434281209907308,0.0015434281209907308
ssp119_BC_TRA_OT_OTHER_striving,non-CO2,SLCP,BC,TRA_OT_OTHER,2009.0,1.1878668631999367,0.0,8.616664473293234e-05,8.616664473293234e-05
ssp119_BC_TRA_OT_RAI_striving,non-CO2,SLCP,BC,TRA_OT_RAI,2009.0,1.1878668631999367,0.0,0.000924774014520624,0.000924774014520624
ssp119_CH4_TRA_OT_AGR_striving,non-CO2,Kyoto,CH4,TRA_OT_AGR,2009.0,1.1878668631999367,0.0,0.001022802555066482,0.001022802555066482
ssp119_CH4_TRA_OT_CNS_striving,non-CO2,Kyoto,CH4,TRA_OT_CNS,2009.0,1.1878668631999367,0.0,0.0005208618467060777,0.0005208618467060777
ssp119_CH4_TRA_OT_OTHER_striving,non-CO2,Kyoto,CH4,TRA_OT_OTHER,2009.0,1.1878668631999367,0.0,0.00024472264302399793,0.00024472264302399793
ssp119_CH4_TRA_OT_RAI_striving,non-CO2,Kyoto,CH4,TRA_OT_RAI,2009.0,1.1878668631999367,0.0,0.00040045057924653626,0.00040045057924653626
ssp119_CO2 FFI_TRA_OT_AGR_striving,CO2,Kyoto,CO2 FFI,TRA_OT_AGR,2009.0,1.1878668631999367,0.0,0.0033805698061069034,0.0033805698061069034
ssp119_CO2 FFI_TRA_OT_CNS_striving,CO2,Kyoto,CO2 FFI,TRA_OT_CNS,2009.0,1.1878668631999367,0.0,0.0017186787391691993,0.0017186787391691993
ssp119_CO2 FFI_TRA_OT_OTHER_striving,CO2,Kyoto,CO2 FFI,TRA_OT_OTHER,2009.0,1.1878668631999367,0.0,0.0007858181236775064,0.0007858181236775064
ssp119_CO2 FFI_TRA_OT_RAI_striving,CO2,Kyoto,CO2 FFI,TRA_OT_RAI,2009.0,1.1878668631999367,0.0,0.0013153059731922934,0.0013153059731922934
ssp119_N2O_TRA_OT_AGR_striving,non-CO2,Kyoto,N2O,TRA_OT_AGR,2009.0,1.1878668631999367,0.0,7.567283996534613e-06,7.567283996534613e-06
ssp119_N2O_TRA_OT_CNS_striving,non-CO2,Kyoto,N2O,TRA_OT_CNS,2009.0,1.1878668631999367,0.0,3.844971307342959e-06,3.844971307342959e-06
ssp119_N2O_TRA_OT_OTHER_striving,non-CO2,Kyoto,N2O,TRA_OT_OTHER,2009.0,1.1878668631999367,0.0,1.7567103309801269e-06,1.7567103309801269e-06
ssp119_N2O_TRA_OT_RAI_striving,non-CO2,Kyoto,N2O,TRA_OT_RAI,2009.0,1.1878668631999367,0.0,2.937977040096129e-06,2.937977040096129e-06
ssp119,non-CO2,SLCP,,,2010.0,1.2102009242441516,0.0,,
ssp119_BC_TRA_OT_AGR_striving,non-CO2,SLCP,BC,TRA_OT_AGR,2010.0,1.2102009242441516,0.0,0.0026235945815225037,0.0026235945815225037
ssp119_BC_TRA_OT_CNS_striving,non-CO2,SLCP,BC,TRA_OT_CNS,2010.0,1.2102009242441516,0.0,0.0015547900383239277,0.0015547900383239277
ssp119_BC_TRA_OT_OTHER_striving,non-CO2,SLCP,BC,TRA_OT_OTHER,2010.0,1.2102009242441516,0.0,8.792760410325506e-05,8.792760410325506e-05
ssp119_BC_TRA_OT_RAI_striving,non-CO2,SLCP,BC,TRA_OT_RAI,2010.0,1.2102009242441516,0.0,0.0009176811286191189,0.0009176811286191189
ssp119_CH4_TRA_OT_AGR_striving,non-CO2,Kyoto,CH4,TRA_OT_AGR,2010.0,1.2102009242441516,0.0,0.0010632245959767417,0.0010632245959767417
ssp119_CH4_TRA_OT_CNS_striving,non-CO2,Kyoto,CH4,TRA_OT_CNS,2010.0,1.2102009242441516,0.0,0.0005422926198583866,0.0005422926198583866
ssp119_CH4_TRA_OT_OTHER_striving,non-CO2,Kyoto,CH4,TRA_OT_OTHER,2010.0,1.2102009242441516,0.0,0.00025493433732326487,0.00025493433732326487
ssp119_CH4_TRA_OT_RAI_striving,non-CO2,Kyoto,CH4,TRA_OT_RAI,2010.0,1.2102009242441516,0.0,0.0004167639601460049,0.0004167639601460049
ssp119_CO2 FFI_TRA_OT_AGR_striving,CO2,Kyoto,CO2 FFI,TRA_OT_AGR,2010.0,1.2102009242441516,0.0,0.0035808386232409894,0.0035808386232409894
ssp119_CO2 FFI_TRA_OT_CNS_striving,CO2,Kyoto,CO2 FFI,TRA_OT_CNS,2010.0,1.2102009242441516,0.0,0.0018227476607570736,0.0018227476607570736
ssp119_CO2 FFI_TRA_OT_OTHER_striving,CO2,Kyoto,CO2 FFI,TRA_OT_OTHER,2010.0,1.2102009242441516,0.0,0.0008340597579525877,0.0008340597579525877
ssp119_CO2 FFI_TRA_OT_RAI_striving,CO2,Kyoto,CO2 FFI,TRA_OT_RAI,2010.0,1.2102009242441516,0.0,0.0013942354196865292,0.0013942354196865292
ssp119_N2O_TRA_OT_AGR_striving,non-CO2,Kyoto,N2O,TRA_OT_AGR,2010.0,1.2102009242441516,0.0,8.016542435429486e-06,8.016542435429486e-06
ssp119_N2O_TRA_OT_CNS_striving,non-CO2,Kyoto,N2O,TRA_OT_CNS,2010.0,1.2102009242441516,0.0,4.078350730907232e-06,4.078350730907232e-06
ssp119_N2O_TRA_OT_OTHER_striving,non-CO2,Kyoto,N2O,TRA_OT_OTHER,2010.0,1.2102009242441516,0.0,1.8650793527363874e-06,1.8650793527363874e-06
ssp119_N2O_TRA_OT_RAI_striving,non-CO2,Kyoto,N2O,TRA_OT_RAI,2010.0,1.2102009242441516,0.0,3.116815224357694e-06,3.116815224357694e-06
ssp119,non-CO2,SLCP,,,2011.0,1.259522548917173,0.0,,
ssp119_BC_TRA_OT_AGR_striving,non-CO2,SLCP,BC,TRA_OT_AGR,2011.0,1.259522548917173,0.0,0.002632503742797221,0.002632503742797221
ssp119_BC_TRA_OT_CNS_striving,non-CO2,SLCP,BC,TRA_OT_CNS,2011.0,1.259522548917173,0.0,0.0015648573966970947,0.0015648573966970947
ssp119_BC_TRA_OT_OTHER_striving,non-CO2,SLCP,BC,TRA_OT_OTHER,2011.0,1.259522548917173,0.0,8.958605752695803e-05,8.958605752695803e-05
ssp119_BC_TRA_OT_RAI_striving,non-CO2,SLCP,BC,TRA_OT_RAI,2011.0,1.259522548917173,0.0,0.0009067753513354315,0.0009067753513354315
ssp119_CH4_TRA_OT_AGR_striving,non-CO2,Kyoto,CH4,TRA_OT_AGR,2011.0,1.259522548917173,0.0,0.0011017518995823927,0.0011017518995823927
ssp119_CH4_TRA_OT_CNS_striving,non-CO2,Kyoto,CH4,TRA_OT_CNS,2011.0,1.259522548917173,0.0,0.0005629176037056371,0.0005629176037056371
ssp119_CH4_TRA_OT_OTHER_striving,non-CO2,Kyoto,CH4,TRA_OT_OTHER,2011.0,1.259522548917173,0.0,0.0002647228557430825,0.0002647228557430825
ssp119_CH4_TRA_OT_RAI_striving,non-CO2,Kyoto,CH4,TRA_OT_RAI,2011.0,1.259522548917173,0.0,0.0004314542618881756,0.0004314542618881756
ssp119_CO2 FFI_TRA_OT_AGR_striving,CO2,Kyoto,CO2 FFI,TRA_OT_AGR,2011.0,1.259522548917173,0.0,0.0037807266302500864,0.0037807266302500864
ssp119_CO2 FFI_TRA_OT_CNS_striving,CO2,Kyoto,CO2 FFI,TRA_OT_CNS,2011.0,1.259522548917173,0.0,0.0019271383255541341,0.0019271383255541341
ssp119_CO2 FFI_TRA_OT_OTHER_striving,CO2,Kyoto,CO2 FFI,TRA_OT_OTHER,2011.0,1.259522548917173,0.0,0.0008823366876489214,0.0008823366876489214
ssp119_CO2 FFI_TRA_OT_RAI_striving,CO2,Kyoto,CO2 FFI,TRA_OT_RAI,2011.0,1.259522548917173,0.0,0.0014708101041494004,0.0014708101041494004
ssp119_N2O_TRA_OT_AGR_striving,non-CO2,Kyoto,N2O,TRA_OT_AGR,2011.0,1.259522548917173,0.0,8.462972003853153e-06,8.462972003853153e-06
ssp119_N2O_TRA_OT_CNS_striving,non-CO2,Kyoto,N2O,TRA_OT_CNS,2011.0,1.259522548917173,0.0,4.3113463454869105e-06,4.3113463454869105e-06
ssp119_N2O_TRA_OT_OTHER_striving,non-CO2,Kyoto,N2O,TRA_OT_OTHER,2011.0,1.259522548917173,0.0,1.973058810111894e-06,1.973058810111894e-06
ssp119_N2O_TRA_OT_RAI_striving,non-CO2,Kyoto,N2O,TRA_OT_RAI,2011.0,1.259522548917173,0.0,3.2900207798114423e-06,3.2900207798114423e-06
ssp119,non-CO2,SLCP,,,2012.0,1.280895774333138,0.0,,
ssp119_BC_TRA_OT_AGR_striving,non-CO2,SLCP,BC,TRA_OT_AGR,2012.0,1.280895774333138,0.0,0.0026314302909771214,0.0026314302909771214
ssp119_BC_TRA_OT_CNS_striving,non-CO2,SLCP,BC,TRA_OT_CNS,2012.0,1.280895774333138,0.0,0.0015737606842278762,0.0015737606842278762
ssp119_BC_TRA_OT_OTHER_striving,non-CO2,SLCP,BC,TRA_OT_OTHER,2012.0,1.280895774333138,0.0,9.104457695729984e-05,9.104457695729984e-05
ssp119_BC_TRA_OT_RAI_striving,non-CO2,SLCP,BC,TRA_OT_RAI,2012.0,1.280895774333138,0.0,0.0009000275551760417,0.0009000275551760417
ssp119_CH4_TRA_OT_AGR_striving,non-CO2,Kyoto,CH4,TRA_OT_AGR,2012.0,1.280895774333138,0.0,0.0011379753800890846,0.0011379753800890846
ssp119_CH4_TRA_OT_CNS_striving,non-CO2,Kyoto,CH4,TRA_OT_CNS,2012.0,1.280895774333138,0.0,0.0005828889609909016,0.0005828889609909016
ssp119_CH4_TRA_OT_OTHER_striving,non-CO2,Kyoto,CH4,TRA_OT_OTHER,2012.0,1.280895774333138,0.0,0.0002741721046111145,0.0002741721046111145
ssp119_CH4_TRA_OT_RAI_striving,non-CO2,Kyoto,CH4,TRA_OT_RAI,2012.0,1.280895774333138,0.0,0.0004449030867117454,0.0004449030867117454
ssp119_CO2 FFI_TRA_OT_AGR_striving,CO2,Kyoto,CO2 FFI,TRA_OT_AGR,2012.0,1.280895774333138,0.0,0.00397987362628438,0.00397987362628438
ssp119_CO2 FFI_TRA_OT_CNS_striving,CO2,Kyoto,CO2 FFI,TRA_OT_CNS,2012.0,1.280895774333138,0.0,0.0020327033180795873,0.0020327033180795873
ssp119_CO2 FFI_TRA_OT_OTHER_striving,CO2,Kyoto,CO2 FFI,TRA_OT_OTHER,2012.0,1.280895774333138,0.0,0.0009310896495211551,0.0009310896495211551
ssp119_CO2 FFI_TRA_OT_RAI_striving,CO2,Kyoto,CO2 FFI,TRA_OT_RAI,2012.0,1.280895774333138,0.0,0.0015464189640825854,0.0015464189640825854
ssp119_N2O_TRA_OT_AGR_striving,non-CO2,Kyoto,N2O,TRA_OT_AGR,2012.0,1.280895774333138,0.0,8.90521794993937e-06,8.90521794993937e-06
ssp119_N2O_TRA_OT_CNS_striving,non-CO2,Kyoto,N2O,TRA_OT_CNS,2012.0,1.280895774333138,0.0,4.545217217932773e-06,4.545217217932773e-06
ssp119_N2O_TRA_OT_OTHER_striving,non-CO2,Kyoto,N2O,TRA_OT_OTHER,2012.0,1.280895774333138,0.0,2.0812922878477025e-06,2.0812922878477025e-06
ssp119_N2O_TRA_OT_RAI_striving,non-CO2,Kyoto,N2O,TRA_OT_RAI,2012.0,1.280895774333138,0.0,3.459675707695453e-06,3.459675707695453e-06
ssp119,non-CO2,SLCP,,,2013.0,1.3574120042238937,0.0,,
ssp119_BC_TRA_OT_AGR_striving,non-CO2,SLCP,BC,TRA_OT_AGR,2013.0,1.3574120042238937,0.0,0.0026222773259407806,0.0026222773259407806
ssp119_BC_TRA_OT_CNS_striving,non-CO2,SLCP,BC,TRA_OT_CNS,2013.0,1.3574120042238937,0.0,0.0015816621637994022,0.0015816621637994022
ssp119_BC_TRA_OT_OTHER_striving,non-CO2,SLCP,BC,TRA_OT_OTHER,2013.0,1.3574120042238937,0.0,9.234763611787322e-05,9.234763611787322e-05
ssp119_BC_TRA_OT_RAI_striving,non-CO2,SLCP,BC,TRA_OT_RAI,2013.0,1.3574120042238937,0.0,0.0008964940441644753,0.0008964940441644753
ssp119_CH4_TRA_OT_AGR_striving,non-CO2,Kyoto,CH4,TRA_OT_AGR,2013.0,1.3574120042238937,0.0,0.0011721787885146107,0.0011721787885146107
ssp119_CH4_TRA_OT_CNS_striving,non-CO2,Kyoto,CH4,TRA_OT_CNS,2013.0,1.3574120042238937,0.0,0.0006026107066841035,0.0006026107066841035
ssp119_CH4_TRA_OT_OTHER_striving,non-CO2,Kyoto,CH4,TRA_OT_OTHER,2013.0,1.3574120042238937,0.0,0.0002834817640675613,0.0002834817640675613
ssp119_CH4_TRA_OT_RAI_striving,non-CO2,Kyoto,CH4,TRA_OT_RAI,2013.0,1.3574120042238937,0.0,0.0004576218577991842,0.0004576218577991842
ssp119_CO2 FFI_TRA_OT_AGR_striving,CO2,Kyoto,CO2 FFI,TRA_OT_AGR,2013.0,1.3574120042238937,0.0,0.004177928886950788,0.004177928886950788
ssp119_CO2 FFI_TRA_OT_CNS_striving,CO2,Kyoto,CO2 FFI,TRA_OT_CNS,2013.0,1.3574120042238937,0.0,0.0021399667975727787,0.0021399667975727787
ssp119_CO2 FFI_TRA_OT_OTHER_striving,CO2,Kyoto,CO2 FFI,TRA_OT_OTHER,2013.0,1.3574120042238937,0.0,0.0009805920968526394,0.0009805920968526394
ssp119_CO2 FFI_TRA_OT_RAI_striving,CO2,Kyoto,CO2 FFI,TRA_OT_RAI,2013.0,1.3574120042238937,0.0,0.0016219662754428654,0.0016219662754428654
ssp119_N2O_TRA_OT_AGR_striving,non-CO2,Kyoto,N2O,TRA_OT_AGR,2013.0,1.3574120042238937,0.0,9.342792035127445e-06,9.342792035127445e-06
ssp119_N2O_TRA_OT_CNS_striving,non-CO2,Kyoto,N2O,TRA_OT_CNS,2013.0,1.3574120042238937,0.0,4.7812211645403835e-06,4.7812211645403835e-06
ssp119_N2O_TRA_OT_OTHER_striving,non-CO2,Kyoto,N2O,TRA_OT_OTHER,2013.0,1.3574120042238937,0.0,2.1904107976311593e-06,2.1904107976311593e-06
ssp119_N2O_TRA_OT_RAI_striving,non-CO2,Kyoto,N2O,TRA_OT_RAI,2013.0,1.3574120042238937,0.0,3.6276211274888226e-06,3.6276211274888226e-06
ssp119,non-CO2,SLCP,,,2014.0,1.3619818991996278,0.0,,
ssp119_BC_TRA_OT_AGR_striving,non-CO2,SLCP,BC,TRA_OT_AGR,2014.0,1.3619818991996278,0.0,0.0026074304432301965,0.0026074304432301965
ssp119_BC_TRA_OT_CNS_striving,non-CO2,SLCP,BC,TRA_OT_CNS,2014.0,1.3619818991996278,0.0,0.0015886711542325571,0.0015886711542325571
ssp119_BC_TRA_OT_OTHER_striving,non-CO2,SLCP,BC,TRA_OT_OTHER,2014.0,1.3619818991996278,0.0,9.35440450244851e-05,9.35440450244851e-05
ssp119_BC_TRA_OT_RAI_striving,non-CO2,SLCP,BC,TRA_OT_RAI,2014.0,1.3619818991996278,0.0,0.0008943600464974555,0.0008943600464974555
ssp119_CH4_TRA_OT_AGR_striving,non-CO2,Kyoto,CH4,TRA_OT_AGR,2014.0,1.3619818991996278,0.0,0.0012044302479414792,0.0012044302479414792
ssp119_CH4_TRA_OT_CNS_striving,non-CO2,Kyoto,CH4,TRA_OT_CNS,2014.0,1.3619818991996278,0.0,0.0006222448031192318,0.0006222448031192318
ssp119_CH4_TRA_OT_OTHER_striving,non-CO2,Kyoto,CH4,TRA_OT_OTHER,2014.0,1.3619818991996278,0.0,0.0002927332465216814,0.0002927332465216814
ssp119_CH4_TRA_OT_RAI_striving,non-CO2,Kyoto,CH4,TRA_OT_RAI,2014.0,1.3619818991996278,0.0,0.0004698453741527331,0.0004698453741527331
ssp119_CO2 FFI_TRA_OT_AGR_striving,CO2,Kyoto,CO2 FFI,TRA_OT_AGR,2014.0,1.3619818991996278,0.0,0.0043752152117610965,0.0043752152117610965
ssp119_CO2 FFI_TRA_OT_CNS_striving,CO2,Kyoto,CO2 FFI,TRA_OT_CNS,2014.0,1.3619818991996278,0.0,0.0022494516355029415,0.0022494516355029415
ssp119_CO2 FFI_TRA_OT_OTHER_striving,CO2,Kyoto,CO2 FFI,TRA_OT_OTHER,2014.0,1.3619818991996278,0.0,0.00103109937619017,0.00103109937619017
ssp119_CO2 FFI_TRA_OT_RAI_striving,CO2,Kyoto,CO2 FFI,TRA_OT_RAI,2014.0,1.3619818991996278,0.0,0.0016980536398563117,0.0016980536398563117
ssp119_N2O_TRA_OT_AGR_striving,non-CO2,Kyoto,N2O,TRA_OT_AGR,2014.0,1.3619818991996278,0.0,9.774916297722314e-06,9.774916297722314e-06
ssp119_N2O_TRA_OT_CNS_striving,non-CO2,Kyoto,N2O,TRA_OT_CNS,2014.0,1.3619818991996278,0.0,5.019835269015616e-06,5.019835269015616e-06
ssp119_N2O_TRA_OT_OTHER_striving,non-CO2,Kyoto,N2O,TRA_OT_OTHER,2014.0,1.3619818991996278,0.0,2.300676901212384e-06,2.300676901212384e-06
ssp119_N2O_TRA_OT_RAI_striving,non-CO2,Kyoto,N2O,TRA_OT_RAI,2014.0,1.3619818991996278,0.0,3.7946839797076137e-06,3.7946839797076137e-06
ssp119,non-CO2,SLCP,,,2015.0,1.389953656352857,0.0,,
ssp119_BC_TRA_OT_AGR_striving,non-CO2,SLCP,BC,TRA_OT_AGR,2015.0,1.389953656352857,0.0,0.002588250888704735,0.002588250888704735
ssp119_BC_TRA_OT_CNS_striving,non-CO2,SLCP,BC,TRA_OT_CNS,2015.0,1.389953656352857,0.0,0.0015949078336325861,0.0015949078336325861
ssp119_BC_TRA_OT_OTHER_striving,non-CO2,SLCP,BC,TRA_OT_OTHER,2015.0,1.389953656352857,0.0,9.466231307109219e-05,9.466231307109219e-05
ssp119_BC_TRA_OT_RAI_striving,non-CO2,SLCP,BC,TRA_OT_RAI,2015.0,1.389953656352857,0.0,0.0008928156240943785,0.0008928156240943785
ssp119_CH4_TRA_OT_AGR_striving,non-CO2,Kyoto,CH4,TRA_OT_AGR,2015.0,1.389953656352857,0.0,0.00123508230927305,0.00123508230927305
ssp119_CH4_TRA_OT_CNS_striving,non-CO2,Kyoto,CH4,TRA_OT_CNS,2015.0,1.389953656352857,0.0,0.0006420369787669689,0.0006420369787669689
ssp119_CH4_TRA_OT_OTHER_striving,non-CO2,Kyoto,CH4,TRA_OT_OTHER,2015.0,1.389953656352857,0.0,0.0003020453486390906,0.0003020453486390906
ssp119_CH4_TRA_OT_RAI_striving,non-CO2,Kyoto,CH4,TRA_OT_RAI,2015.0,1.389953656352857,0.0,0.0004818242967692399,0.0004818242967692399
ssp119_CO2 FFI_TRA_OT_AGR_striving,CO2,Kyoto,CO2 FFI,TRA_OT_AGR,2015.0,1.389953656352857,0.0,0.004571213369327198,0.004571213369327198
ssp119_CO2 FFI_TRA_OT_CNS_striving,CO2,Kyoto,CO2 FFI,TRA_OT_CNS,2015.0,1.389953656352857,0.0,0.0023610626128556245,0.0023610626128556245
ssp119_CO2 FFI_TRA_OT_OTHER_striving,CO2,Kyoto,CO2 FFI,TRA_OT_OTHER,2015.0,1.389953656352857,0.0,0.0010825741125102262,0.0010825741125102262
ssp119_CO2 FFI_TRA_OT_RAI_striving,CO2,Kyoto,CO2 FFI,TRA_OT_RAI,2015.0,1.389953656352857,0.0,0.0017747193844861453,0.0017747193844861453
ssp119_N2O_TRA_OT_AGR_striving,non-CO2,Kyoto,N2O,TRA_OT_AGR,2015.0,1.389953656352857,0.0,1.0201455518776825e-05,1.0201455518776825e-05
ssp119_N2O_TRA_OT_CNS_striving,non-CO2,Kyoto,N2O,TRA_OT_CNS,2015.0,1.389953656352857,0.0,5.261547276980139e-06,5.261547276980139e-06
ssp119_N2O_TRA_OT_OTHER_striving,non-CO2,Kyoto,N2O,TRA_OT_OTHER,2015.0,1.389953656352857,0.0,2.4123189161784353e-06,2.4123189161784353e-06
ssp119_N2O_TRA_OT_RAI_striving,non-CO2,Kyoto,N2O,TRA_OT_RAI,2015.0,1.389953656352857,0.0,3.9614815234845224e-06,3.9614815234845224e-06
ssp119,non-CO2,SLCP,,,2016.0,1.4193804547876536,0.0,,
ssp119_BC_TRA_OT_AGR_striving,non-CO2,SLCP,BC,TRA_OT_AGR,2016.0,1.4193804547876536,0.0,0.0025655167343512364,0.0025655167343512364
ssp119_BC_TRA_OT_CNS_striving,non-CO2,SLCP,BC,TRA_OT_CNS,2016.0,1.4193804547876536,0.0,0.0016004469990993364,0.0016004469990993364
ssp119_BC_TRA_OT_OTHER_striving,non-CO2,SLCP,BC,TRA_OT_OTHER,2016.0,1.4193804547876536,0.0,9.571804081920376e-05,9.571804081920376e-05
ssp119_BC_TRA_OT_RAI_striving,non-CO2,SLCP,BC,TRA_OT_RAI,2016.0,1.4193804547876536,0.0,0.0008914956864725099,0.0008914956864725099
ssp119_CH4_TRA_OT_AGR_striving,non-CO2,Kyoto,CH4,TRA_OT_AGR,2016.0,1.4193804547876536,0.0,0.0012640996324819742,0.0012640996324819742
ssp119_CH4_TRA_OT_CNS_striving,non-CO2,Kyoto,CH4,TRA_OT_CNS,2016.0,1.4193804547876536,0.0,0.0006619934289062712,0.0006619934289062712
ssp119_CH4_TRA_OT_OTHER_striving,non-CO2,Kyoto,CH4,TRA_OT_OTHER,2016.0,1.4193804547876536,0.0,0.00031142305914722,0.00031142305914722
ssp119_CH4_TRA_OT_RAI_striving,non-CO2,Kyoto,CH4,TRA_OT_RAI,2016.0,1.4193804547876536,0.0,0.0004936096337648799,0.0004936096337648799
ssp119_CO2 FFI_TRA_OT_AGR_striving,CO2,Kyoto,CO2 FFI,TRA_OT_AGR,2016.0,1.4193804547876536,0.0,0.004766197735228683,0.004766197735228683
ssp119_CO2 FFI_TRA_OT_CNS_striving,CO2,Kyoto,CO2 FFI,TRA_OT_CNS,2016.0,1.4193804547876536,0.0,0.0024750590585160825,0.0024750590585160825
ssp119_CO2 FFI_TRA_OT_OTHER_striving,CO2,Kyoto,CO2 FFI,TRA_OT_OTHER,2016.0,1.4193804547876536,0.0,0.0011351391660154864,0.0011351391660154864
ssp119_CO2 FFI_TRA_OT_RAI_striving,CO2,Kyoto,CO2 FFI,TRA_OT_RAI,2016.0,1.4193804547876536,0.0,0.001852205926126116,0.001852205926126116
ssp119_N2O_TRA_OT_AGR_striving,non-CO2,Kyoto,N2O,TRA_OT_AGR,2016.0,1.4193804547876536,0.0,1.0621872496452411e-05,1.0621872496452411e-05
ssp119_N2O_TRA_OT_CNS_striving,non-CO2,Kyoto,N2O,TRA_OT_CNS,2016.0,1.4193804547876536,0.0,5.506448473413528e-06,5.506448473413528e-06
ssp119_N2O_TRA_OT_OTHER_striving,non-CO2,Kyoto,N2O,TRA_OT_OTHER,2016.0,1.4193804547876536,0.0,2.5254138231733947e-06,2.5254138231733947e-06
ssp119_N2O_TRA_OT_RAI_striving,non-CO2,Kyoto,N2O,TRA_OT_RAI,2016.0,1.4193804547876536,0.0,4.128245371104455e-06,4.128245371104455e-06
ssp119,non-CO2,SLCP,,,2017.0,1.4563984661652407,0.0,,
ssp119_BC_TRA_OT_AGR_striving,non-CO2,SLCP,BC,TRA_OT_AGR,2017.0,1.4563984661652407,0.0,0.002536347674185313,0.002536347674185313
ssp119_BC_TRA_OT_CNS_striving,non-CO2,SLCP,BC,TRA_OT_CNS,2017.0,1.4563984661652407,0.0,0.0016346564804723407,0.0016346564804723407
ssp119_BC_TRA_OT_OTHER_striving,non-CO2,SLCP,BC,TRA_OT_OTHER,2017.0,1.4563984661652407,0.0,9.58244937407926e-05,9.58244937407926e-05
ssp119_BC_TRA_OT_RAI_striving,non-CO2,SLCP,BC,TRA_OT_RAI,2017.0,1.4563984661652407,0.0,0.0008842911549260535,0.0008842911549260535
ssp119_CH4_TRA_OT_AGR_striving,non-CO2,Kyoto,CH4,TRA_OT_AGR,2017.0,1.4563984661652407,0.0,0.0012922369556376267,0.0012922369556376267
ssp119_CH4_TRA_OT_CNS_striving,non-CO2,Kyoto,CH4,TRA_OT_CNS,2017.0,1.4563984661652407,0.0,0.0006846892590171016,0.0006846892590171016
ssp119_CH4_TRA_OT_OTHER_striving,non-CO2,Kyoto,CH4,TRA_OT_OTHER,2017.0,1.4563984661652407,0.0,0.00032075440216527973,0.00032075440216527973
ssp119_CH4_TRA_OT_RAI_striving,non-CO2,Kyoto,CH4,TRA_OT_RAI,2017.0,1.4563984661652407,0.0,0.0005049321978995991,0.0005049321978995991
ssp119_CO2 FFI_TRA_OT_AGR_striving,CO2,Kyoto,CO2 FFI,TRA_OT_AGR,2017.0,1.4563984661652407,0.0,0.004961869200263314,0.004961869200263314
ssp119_CO2 FFI_TRA_OT_CNS_striving,CO2,Kyoto,CO2 FFI,TRA_OT_CNS,2017.0,1.4563984661652407,0.0,0.0025985653671323217,0.0025985653671323217
ssp119_CO2 FFI_TRA_OT_OTHER_striving,CO2,Kyoto,CO2 FFI,TRA_OT_OTHER,2017.0,1.4563984661652407,0.0,0.0011883697023569173,0.0011883697023569173
ssp119_CO2 FFI_TRA_OT_RAI_striving,CO2,Kyoto,CO2 FFI,TRA_OT_RAI,2017.0,1.4563984661652407,0.0,0.0019295599791595563,0.0019295599791595563
ssp119_N2O_TRA_OT_AGR_striving,non-CO2,Kyoto,N2O,TRA_OT_AGR,2017.0,1.4563984661652407,0.0,1.1039113031907632e-05,1.1039113031907632e-05
ssp119_N2O_TRA_OT_CNS_striving,non-CO2,Kyoto,N2O,TRA_OT_CNS,2017.0,1.4563984661652407,0.0,5.767863830996589e-06,5.767863830996589e-06
ssp119_N2O_TRA_OT_OTHER_striving,non-CO2,Kyoto,N2O,TRA_OT_OTHER,2017.0,1.4563984661652407,0.0,2.63915714260321e-06,2.63915714260321e-06
ssp119_N2O_TRA_OT_RAI_striving,non-CO2,Kyoto,N2O,TRA_OT_RAI,2017.0,1.4563984661652407,0.0,4.293252634735012e-06,4.293252634735012e-06
ssp119,non-CO2,SLCP,,,2018.0,1.4910919328710546,0.0,,
ssp119_BC_TRA_OT_AGR_striving,non-CO2,SLCP,BC,TRA_OT_AGR,2018.0,1.4910919328710546,0.0,0.0025018223072437173,0.0025018223072437173
ssp119_BC_TRA_OT_CNS_striving,non-CO2,SLCP,BC,TRA_OT_CNS,2018.0,1.4910919328710546,0.0,0.0016916546873106952,0.0016916546873106952
ssp119_BC_TRA_OT_OTHER_striving,non-CO2,SLCP,BC,TRA_OT_OTHER,2018.0,1.4910919328710546,0.0,9.51709929342126e-05,9.51709929342126e-05
ssp119_BC_TRA_OT_RAI_striving,non-CO2,SLCP,BC,TRA_OT_RAI,2018.0,1.4910919328710546,0.0,0.0008723224544062713,0.0008723224544062713
ssp119_CH4_TRA_OT_AGR_striving,non-CO2,Kyoto,CH4,TRA_OT_AGR,2018.0,1.4910919328710546,0.0,0.0013200595799343073,0.0013200595799343073
ssp119_CH4_TRA_OT_CNS_striving,non-CO2,Kyoto,CH4,TRA_OT_CNS,2018.0,1.4910919328710546,0.0,0.0007119862482185546,0.0007119862482185546
ssp119_CH4_TRA_OT_OTHER_striving,non-CO2,Kyoto,CH4,TRA_OT_OTHER,2018.0,1.4910919328710546,0.0,0.0003299594552337304,0.0003299594552337304
ssp119_CH4_TRA_OT_RAI_striving,non-CO2,Kyoto,CH4,TRA_OT_RAI,2018.0,1.4910919328710546,0.0,0.0005156002527195724,0.0005156002527195724
ssp119_CO2 FFI_TRA_OT_AGR_striving,CO2,Kyoto,CO2 FFI,TRA_OT_AGR,2018.0,1.4910919328710546,0.0,0.005159376382174452,0.005159376382174452
ssp119_CO2 FFI_TRA_OT_CNS_striving,CO2,Kyoto,CO2 FFI,TRA_OT_CNS,2018.0,1.4910919328710546,0.0,0.00273650763262534,0.00273650763262534
ssp119_CO2 FFI_TRA_OT_OTHER_striving,CO2,Kyoto,CO2 FFI,TRA_OT_OTHER,2018.0,1.4910919328710546,0.0,0.0012419664786225137,0.0012419664786225137
ssp119_CO2 FFI_TRA_OT_RAI_striving,CO2,Kyoto,CO2 FFI,TRA_OT_RAI,2018.0,1.4910919328710546,0.0,0.002006112679269867,0.002006112679269867
ssp119_N2O_TRA_OT_AGR_striving,non-CO2,Kyoto,N2O,TRA_OT_AGR,2018.0,1.4910919328710546,0.0,1.1455601597099019e-05,1.1455601597099019e-05
ssp119_N2O_TRA_OT_CNS_striving,non-CO2,Kyoto,N2O,TRA_OT_CNS,2018.0,1.4910919328710546,0.0,6.056124673969876e-06,6.056124673969876e-06
ssp119_N2O_TRA_OT_OTHER_striving,non-CO2,Kyoto,N2O,TRA_OT_OTHER,2018.0,1.4910919328710546,0.0,2.752973559561056e-06,2.752973559561056e-06
ssp119_N2O_TRA_OT_RAI_striving,non-CO2,Kyoto,N2O,TRA_OT_RAI,2018.0,1.4910919328710546,0.0,4.455226827460024e-06,4.455226827460024e-06
ssp119,non-CO2,SLCP,,,2019.0,1.5515184543733882,0.0,,
ssp119_BC_TRA_OT_AGR_striving,non-CO2,SLCP,BC,TRA_OT_AGR,2019.0,1.5515184543733882,0.0,0.0024632843608562993,0.0024632843608562993
ssp119_BC_TRA_OT_CNS_striving,non-CO2,SLCP,BC,TRA_OT_CNS,2019.0,1.5515184543733882,0.0,0.001762650563658319,0.001762650563658319
ssp119_BC_TRA_OT_OTHER_striving,non-CO2,SLCP,BC,TRA_OT_OTHER,2019.0,1.5515184543733882,0.0,9.403452992495787e-05,9.403452992495787e-05
ssp119_BC_TRA_OT_RAI_striving,non-CO2,SLCP,BC,TRA_OT_RAI,2019.0,1.5515184543733882,0.0,0.0008573428743463563,0.0008573428743463563
ssp119_CH4_TRA_OT_AGR_striving,non-CO2,Kyoto,CH4,TRA_OT_AGR,2019.0,1.5515184543733882,0.0,0.001347868027905763,0.001347868027905763
ssp119_CH4_TRA_OT_CNS_striving,non-CO2,Kyoto,CH4,TRA_OT_CNS,2019.0,1.5515184543733882,0.0,0.0007448316660929599,0.0007448316660929599
ssp119_CH4_TRA_OT_OTHER_striving,non-CO2,Kyoto,CH4,TRA_OT_OTHER,2019.0,1.5515184543733882,0.0,0.0003389964003643886,0.0003389964003643886
ssp119_CH4_TRA_OT_RAI_striving,non-CO2,Kyoto,CH4,TRA_OT_RAI,2019.0,1.5515184543733882,0.0,0.0005255212448251889,0.0005255212448251889
ssp119_CO2 FFI_TRA_OT_AGR_striving,CO2,Kyoto,CO2 FFI,TRA_OT_AGR,2019.0,1.5515184543733882,0.0,0.005359266017266107,0.005359266017266107
ssp119_CO2 FFI_TRA_OT_CNS_striving,CO2,Kyoto,CO2 FFI,TRA_OT_CNS,2019.0,1.5515184543733882,0.0,0.0028913134874239965,0.0028913134874239965
ssp119_CO2 FFI_TRA_OT_OTHER_striving,CO2,Kyoto,CO2 FFI,TRA_OT_OTHER,2019.0,1.5515184543733882,0.0,0.0012957842593444013,0.0012957842593444013
ssp119_CO2 FFI_TRA_OT_RAI_striving,CO2,Kyoto,CO2 FFI,TRA_OT_RAI,2019.0,1.5515184543733882,0.0,0.0020815451275162378,0.0020815451275162378
ssp119_N2O_TRA_OT_AGR_striving,non-CO2,Kyoto,N2O,TRA_OT_AGR,2019.0,1.5515184543733882,0.0,1.1872796382261797e-05,1.1872796382261797e-05
ssp119_N2O_TRA_OT_CNS_striving,non-CO2,Kyoto,N2O,TRA_OT_CNS,2019.0,1.5515184543733882,0.0,6.377272626867381e-06,6.377272626867381e-06
ssp119_N2O_TRA_OT_OTHER_striving,non-CO2,Kyoto,N2O,TRA_OT_OTHER,2019.0,1.5515184543733882,0.0,2.866539207113661e-06,2.866539207113661e-06
ssp119_N2O_TRA_OT_RAI_striving,non-CO2,Kyoto,N2O,TRA_OT_RAI,2019.0,1.5515184543733882,0.0,4.613482795345902e-06,4.613482795345902e-06
ssp119,non-CO2,SLCP,,,2020.0,1.6191387120494747,0.0,,
ssp119_BC_TRA_OT_AGR_striving,non-CO2,SLCP,BC,TRA_OT_AGR,2020.0,1.6191387120494747,0.0,0.002421513849610646,0.002421513849610646
ssp119_BC_TRA_OT_CNS_striving,non-CO2,SLCP,BC,TRA_OT_CNS,2020.0,1.6191387120494747,0.0,0.0018431844044843881,0.0018431844044843881
ssp119_BC_TRA_OT_OTHER_striving,non-CO2,SLCP,BC,TRA_OT_OTHER,2020.0,1.6191387120494747,0.0,9.255784346562379e-05,9.255784346562379e-05
ssp119_BC_TRA_OT_RAI_striving,non-CO2,SLCP,BC,TRA_OT_RAI,2020.0,1.6191387120494747,0.0,0.0008402440286738866,0.0008402440286738866
ssp119_CH4_TRA_OT_AGR_striving,non-CO2,Kyoto,CH4,TRA_OT_AGR,2020.0,1.6191387120494747,0.0,0.0013757945051047216,0.0013757945051047216
ssp119_CH4_TRA_OT_CNS_striving,non-CO2,Kyoto,CH4,TRA_OT_CNS,2020.0,1.6191387120494747,0.0,0.0007836898496382805,0.0007836898496382805
ssp119_CH4_TRA_OT_OTHER_striving,non-CO2,Kyoto,CH4,TRA_OT_OTHER,2020.0,1.6191387120494747,0.0,0.0003478325813239813,0.0003478325813239813
ssp119_CH4_TRA_OT_RAI_striving,non-CO2,Kyoto,CH4,TRA_OT_RAI,2020.0,1.6191387120494747,0.0,0.0005346368686385272,0.0005346368686385272
ssp119_CO2 FFI_TRA_OT_AGR_striving,CO2,Kyoto,CO2 FFI,TRA_OT_AGR,2020.0,1.6191387120494747,0.0,0.0055621048138596585,0.0055621048138596585
ssp119_CO2 FFI_TRA_OT_CNS_striving,CO2,Kyoto,CO2 FFI,TRA_OT_CNS,2020.0,1.6191387120494747,0.0,0.003064503987782574,0.003064503987782574
ssp119_CO2 FFI_TRA_OT_OTHER_striving,CO2,Kyoto,CO2 FFI,TRA_OT_OTHER,2020.0,1.6191387120494747,0.0,0.0013498226376367217,0.0013498226376367217
ssp119_CO2 FFI_TRA_OT_RAI_striving,CO2,Kyoto,CO2 FFI,TRA_OT_RAI,2020.0,1.6191387120494747,0.0,0.0021558014370393064,0.0021558014370393064
ssp119_N2O_TRA_OT_AGR_striving,non-CO2,Kyoto,N2O,TRA_OT_AGR,2020.0,1.6191387120494747,0.0,1.2291656616092439e-05,1.2291656616092439e-05
ssp119_N2O_TRA_OT_CNS_striving,non-CO2,Kyoto,N2O,TRA_OT_CNS,2020.0,1.6191387120494747,0.0,6.735146113490131e-06,6.735146113490131e-06
ssp119_N2O_TRA_OT_OTHER_striving,non-CO2,Kyoto,N2O,TRA_OT_OTHER,2020.0,1.6191387120494747,0.0,2.9796942593307563e-06,2.9796942593307563e-06
ssp119_N2O_TRA_OT_RAI_striving,non-CO2,Kyoto,N2O,TRA_OT_RAI,2020.0,1.6191387120494747,0.0,4.7676502530347165e-06,4.7676502530347165e-06
ssp119,non-CO2,SLCP,,,2021.0,1.6533741366483627,0.0,,
ssp119_BC_TRA_OT_AGR_striving,non-CO2,SLCP,BC,TRA_OT_AGR,2021.0,1.6533741366483627,0.0,0.0023770123224100548,0.0023770123224100548
ssp119_BC_TRA_OT_CNS_striving,non-CO2,SLCP,BC,TRA_OT_CNS,2021.0,1.6533741366483627,0.0,0.0019308914167726066,0.0019308914167726066
ssp119_BC_TRA_OT_OTHER_striving,non-CO2,SLCP,BC,TRA_OT_OTHER,2021.0,1.6533741366483627,0.0,9.08189509198909e-05,9.08189509198909e-05
ssp119_BC_TRA_OT_RAI_striving,non-CO2,SLCP,BC,TRA_OT_RAI,2021.0,1.6533741366483627,0.0,0.0008215050831459347,0.0008215050831459347
ssp119_CH4_TRA_OT_AGR_striving,non-CO2,Kyoto,CH4,TRA_OT_AGR,2021.0,1.6533741366483627,0.0,0.0014039086659978217,0.0014039086659978217
ssp119_CH4_TRA_OT_CNS_striving,non-CO2,Kyoto,CH4,TRA_OT_CNS,2021.0,1.6533741366483627,0.0,0.0008287843070440282,0.0008287843070440282
ssp119_CH4_TRA_OT_OTHER_striving,non-CO2,Kyoto,CH4,TRA_OT_OTHER,2021.0,1.6533741366483627,0.0,0.000356446070186589,0.000356446070186589
ssp119_CH4_TRA_OT_RAI_striving,non-CO2,Kyoto,CH4,TRA_OT_RAI,2021.0,1.6533741366483627,0.0,0.0005429152876985643,0.0005429152876985643
ssp119_CO2 FFI_TRA_OT_AGR_striving,CO2,Kyoto,CO2 FFI,TRA_OT_AGR,2021.0,1.6533741366483627,0.0,0.005768192674135975,0.005768192674135975
ssp119_CO2 FFI_TRA_OT_CNS_striving,CO2,Kyoto,CO2 FFI,TRA_OT_CNS,2021.0,1.6533741366483627,0.0,0.0032570042402897403,0.0032570042402897403
ssp119_CO2 FFI_TRA_OT_OTHER_striving,CO2,Kyoto,CO2 FFI,TRA_OT_OTHER,2021.0,1.6533741366483627,0.0,0.0014040695632777656,0.0014040695632777656
ssp119_CO2 FFI_TRA_OT_RAI_striving,CO2,Kyoto,CO2 FFI,TRA_OT_RAI,2021.0,1.6533741366483627,0.0,0.002228833086395099,0.002228833086395099
ssp119_N2O_TRA_OT_AGR_striving,non-CO2,Kyoto,N2O,TRA_OT_AGR,2021.0,1.6533741366483627,0.0,1.2712953508353664e-05,1.2712953508353664e-05
ssp119_N2O_TRA_OT_CNS_striving,non-CO2,Kyoto,N2O,TRA_OT_CNS,2021.0,1.6533741366483627,0.0,7.132433814671657e-06,7.132433814671657e-06
ssp119_N2O_TRA_OT_OTHER_striving,non-CO2,Kyoto,N2O,TRA_OT_OTHER,2021.0,1.6533741366483627,0.0,3.0923522886805443e-06,3.0923522886805443e-06
ssp119_N2O_TRA_OT_RAI_striving,non-CO2,Kyoto,N2O,TRA_OT_RAI,2021.0,1.6533741366483627,0.0,4.9175294172254524e-06,4.9175294172254524e-06
ssp119,non-CO2,SLCP,,,2022.0,1.6614350167829586,0.0,,
ssp119_BC_TRA_OT_AGR_striving,non-CO2,SLCP,BC,TRA_OT_AGR,2022.0,1.6614350167829586,0.0,0.002337384670503262,0.002337384670503262
ssp119_BC_TRA_OT_CNS_striving,non-CO2,SLCP,BC,TRA_OT_CNS,2022.0,1.6614350167829586,0.0,0.001986774201399255,0.001986774201399255
ssp119_BC_TRA_OT_OTHER_striving,non-CO2,SLCP,BC,TRA_OT_OTHER,2022.0,1.6614350167829586,0.0,8.939507597438556e-05,8.939507597438556e-05
ssp119_BC_TRA_OT_RAI_striving,non-CO2,SLCP,BC,TRA_OT_RAI,2022.0,1.6614350167829586,0.0,0.0008042803930310427,0.0008042803930310427
ssp119_CH4_TRA_OT_AGR_striving,non-CO2,Kyoto,CH4,TRA_OT_AGR,2022.0,1.6614350167829586,0.0,0.0014321837378725721,0.0014321837378725721
ssp119_CH4_TRA_OT_CNS_striving,non-CO2,Kyoto,CH4,TRA_OT_CNS,2022.0,1.6614350167829586,0.0,0.0008777441920013729,0.0008777441920013729
ssp119_CH4_TRA_OT_OTHER_striving,non-CO2,Kyoto,CH4,TRA_OT_OTHER,2022.0,1.6614350167829586,0.0,0.00036500513711690274,0.00036500513711690274
ssp119_CH4_TRA_OT_RAI_striving,non-CO2,Kyoto,CH4,TRA_OT_RAI,2022.0,1.6614350167829586,0.0,0.0005505802201843935,0.0005505802201843935
ssp119_CO2 FFI_TRA_OT_AGR_striving,CO2,Kyoto,CO2 FFI,TRA_OT_AGR,2022.0,1.6614350167829586,0.0,0.0059768738283458855,0.0059768738283458855
ssp119_CO2 FFI_TRA_OT_CNS_striving,CO2,Kyoto,CO2 FFI,TRA_OT_CNS,2022.0,1.6614350167829586,0.0,0.0034620877576374554,0.0034620877576374554
ssp119_CO2 FFI_TRA_OT_OTHER_striving,CO2,Kyoto,CO2 FFI,TRA_OT_OTHER,2022.0,1.6614350167829586,0.0,0.0014588798659387336,0.0014588798659387336
ssp119_CO2 FFI_TRA_OT_RAI_striving,CO2,Kyoto,CO2 FFI,TRA_OT_RAI,2022.0,1.6614350167829586,0.0,0.0023010212104761507,0.0023010212104761507
ssp119_N2O_TRA_OT_AGR_striving,non-CO2,Kyoto,N2O,TRA_OT_AGR,2022.0,1.6614350167829586,0.0,1.313546877468319e-05,1.313546877468319e-05
ssp119_N2O_TRA_OT_CNS_striving,non-CO2,Kyoto,N2O,TRA_OT_CNS,2022.0,1.6614350167829586,0.0,7.557068493646568e-06,7.557068493646568e-06
ssp119_N2O_TRA_OT_OTHER_striving,non-CO2,Kyoto,N2O,TRA_OT_OTHER,2022.0,1.6614350167829586,0.0,3.205098639380566e-06,3.205098639380566e-06
ssp119_N2O_TRA_OT_RAI_striving,non-CO2,Kyoto,N2O,TRA_OT_RAI,2022.0,1.6614350167829586,0.0,5.063691328022202e-06,5.063691328022202e-06
ssp119,non-CO2,SLCP,,,2023.0,1.6671389679085402,0.0,,
ssp119_BC_TRA_OT_AGR_striving,non-CO2,SLCP,BC,TRA_OT_AGR,2023.0,1.6671389679085402,0.0,0.002301439928206195,0.002301439928206195
ssp119_BC_TRA_OT_CNS_striving,non-CO2,SLCP,BC,TRA_OT_CNS,2023.0,1.6671389679085402,0.0,0.00201750398921563,0.00201750398921563
ssp119_BC_TRA_OT_OTHER_striving,non-CO2,SLCP,BC,TRA_OT_OTHER,2023.0,1.6671389679085402,0.0,8.821234009892542e-05,8.821234009892542e-05
ssp119_BC_TRA_OT_RAI_striving,non-CO2,SLCP,BC,TRA_OT_RAI,2023.0,1.6671389679085402,0.0,0.0007881892472108021,0.0007881892472108021
ssp119_CH4_TRA_OT_AGR_striving,non-CO2,Kyoto,CH4,TRA_OT_AGR,2023.0,1.6671389679085402,0.0,0.001460609207261987,0.001460609207261987
ssp119_CH4_TRA_OT_CNS_striving,non-CO2,Kyoto,CH4,TRA_OT_CNS,2023.0,1.6671389679085402,0.0,0.000928817925997194,0.000928817925997194
ssp119_CH4_TRA_OT_OTHER_striving,non-CO2,Kyoto,CH4,TRA_OT_OTHER,2023.0,1.6671389679085402,0.0,0.0003736381819168244,0.0003736381819168244
ssp119_CH4_TRA_OT_RAI_striving,non-CO2,Kyoto,CH4,TRA_OT_RAI,2023.0,1.6671389679085402,0.0,0.000557804065985934,0.000557804065985934
ssp119_CO2 FFI_TRA_OT_AGR_striving,CO2,Kyoto,CO2 FFI,TRA_OT_AGR,2023.0,1.6671389679085402,0.0,0.006187386512327198,0.006187386512327198
ssp119_CO2 FFI_TRA_OT_CNS_striving,CO2,Kyoto,CO2 FFI,TRA_OT_CNS,2023.0,1.6671389679085402,0.0,0.003674810448185628,0.003674810448185628
ssp119_CO2 FFI_TRA_OT_OTHER_striving,CO2,Kyoto,CO2 FFI,TRA_OT_OTHER,2023.0,1.6671389679085402,0.0,0.0015144253160028764,0.0015144253160028764
ssp119_CO2 FFI_TRA_OT_RAI_striving,CO2,Kyoto,CO2 FFI,TRA_OT_RAI,2023.0,1.6671389679085402,0.0,0.002372521226639668,0.002372521226639668
ssp119_N2O_TRA_OT_AGR_striving,non-CO2,Kyoto,N2O,TRA_OT_AGR,2023.0,1.6671389679085402,0.0,1.3558331417140579e-05,1.3558331417140579e-05
ssp119_N2O_TRA_OT_CNS_striving,non-CO2,Kyoto,N2O,TRA_OT_CNS,2023.0,1.6671389679085402,0.0,7.999809559011695e-06,7.999809559011695e-06
ssp119_N2O_TRA_OT_OTHER_striving,non-CO2,Kyoto,N2O,TRA_OT_OTHER,2023.0,1.6671389679085402,0.0,3.3184101959626844e-06,3.3184101959626844e-06
ssp119_N2O_TRA_OT_RAI_striving,non-CO2,Kyoto,N2O,TRA_OT_RAI,2023.0,1.6671389679085402,0.0,5.2066131215333655e-06,5.2066131215333655e-06
ssp119,non-CO2,SLCP,,,2024.0,1.7079146428454044,0.0,,
ssp119_BC_TRA_OT_AGR_striving,non-CO2,SLCP,BC,TRA_OT_AGR,2024.0,1.7079146428454044,0.0,0.0022672031799699788,0.0022672031799699788
ssp119_BC_TRA_OT_CNS_striving,non-CO2,SLCP,BC,TRA_OT_CNS,2024.0,1.7079146428454044,0.0,0.0020337223596693654,0.0020337223596693654
ssp119_BC_TRA_OT_OTHER_striving,non-CO2,SLCP,BC,TRA_OT_OTHER,2024.0,1.7079146428454044,0.0,8.713549541261578e-05,8.713549541261578e-05
ssp119_BC_TRA_OT_RAI_striving,non-CO2,SLCP,BC,TRA_OT_RAI,2024.0,1.7079146428454044,0.0,0.000772511655533048,0.000772511655533048
ssp119_CH4_TRA_OT_AGR_striving,non-CO2,Kyoto,CH4,TRA_OT_AGR,2024.0,1.7079146428454044,0.0,0.0014891670195700257,0.0014891670195700257
ssp119_CH4_TRA_OT_CNS_striving,non-CO2,Kyoto,CH4,TRA_OT_CNS,2024.0,1.7079146428454044,0.0,0.0009810597560451217,0.0009810597560451217
ssp119_CH4_TRA_OT_OTHER_striving,non-CO2,Kyoto,CH4,TRA_OT_OTHER,2024.0,1.7079146428454044,0.0,0.00038240854931603785,0.00038240854931603785
ssp119_CH4_TRA_OT_RAI_striving,non-CO2,Kyoto,CH4,TRA_OT_RAI,2024.0,1.7079146428454044,0.0,0.0005646732676560795,0.0005646732676560795
ssp119_CO2 FFI_TRA_OT_AGR_striving,CO2,Kyoto,CO2 FFI,TRA_OT_AGR,2024.0,1.7079146428454044,0.0,0.006399314884788065,0.006399314884788065
ssp119_CO2 FFI_TRA_OT_CNS_striving,CO2,Kyoto,CO2 FFI,TRA_OT_CNS,2024.0,1.7079146428454044,0.0,0.003892790050167516,0.003892790050167516
ssp119_CO2 FFI_TRA_OT_OTHER_striving,CO2,Kyoto,CO2 FFI,TRA_OT_OTHER,2024.0,1.7079146428454044,0.0,0.0015707751103950507,0.0015707751103950507
ssp119_CO2 FFI_TRA_OT_RAI_striving,CO2,Kyoto,CO2 FFI,TRA_OT_RAI,2024.0,1.7079146428454044,0.0,0.0024433763458020508,0.0024433763458020508
ssp119_N2O_TRA_OT_AGR_striving,non-CO2,Kyoto,N2O,TRA_OT_AGR,2024.0,1.7079146428454044,0.0,1.3981114450833942e-05,1.3981114450833942e-05
ssp119_N2O_TRA_OT_CNS_striving,non-CO2,Kyoto,N2O,TRA_OT_CNS,2024.0,1.7079146428454044,0.0,8.455542740648525e-06,8.455542740648525e-06
ssp119_N2O_TRA_OT_OTHER_striving,non-CO2,Kyoto,N2O,TRA_OT_OTHER,2024.0,1.7079146428454044,0.0,3.4325675799529165e-06,3.4325675799529165e-06
ssp119_N2O_TRA_OT_RAI_striving,non-CO2,Kyoto,N2O,TRA_OT_RAI,2024.0,1.7079146428454044,0.0,5.346556518626144e-06,5.346556518626144e-06
ssp119,non-CO2,SLCP,,,2025.0,1.705490320346937,0.0,,
ssp119_BC_TRA_OT_AGR_striving,non-CO2,SLCP,BC,TRA_OT_AGR,2025.0,1.705490320346937,0.0,0.002233733296092444,0.002233733296092444
ssp119_BC_TRA_OT_CNS_striving,non-CO2,SLCP,BC,TRA_OT_CNS,2025.0,1.705490320346937,0.0,0.0020406486761936904,0.0020406486761936904
ssp119_BC_TRA_OT_OTHER_striving,non-CO2,SLCP,BC,TRA_OT_OTHER,2025.0,1.705490320346937,0.0,8.610227635874601e-05,8.610227635874601e-05
ssp119_BC_TRA_OT_RAI_striving,non-CO2,SLCP,BC,TRA_OT_RAI,2025.0,1.705490320346937,0.0,0.0007569196038821335,0.0007569196038821335
ssp119_CH4_TRA_OT_AGR_striving,non-CO2,Kyoto,CH4,TRA_OT_AGR,2025.0,1.705490320346937,0.0,0.001517805196631361,0.001517805196631361
ssp119_CH4_TRA_OT_CNS_striving,non-CO2,Kyoto,CH4,TRA_OT_CNS,2025.0,1.705490320346937,0.0,0.0010338945388101983,0.0010338945388101983
ssp119_CH4_TRA_OT_OTHER_striving,non-CO2,Kyoto,CH4,TRA_OT_OTHER,2025.0,1.705490320346937,0.0,0.0003913402169868352,0.0003913402169868352
ssp119_CH4_TRA_OT_RAI_striving,non-CO2,Kyoto,CH4,TRA_OT_RAI,2025.0,1.705490320346937,0.0,0.0005712221329507994,0.0005712221329507994
ssp119_CO2 FFI_TRA_OT_AGR_striving,CO2,Kyoto,CO2 FFI,TRA_OT_AGR,2025.0,1.705490320346937,0.0,0.006612712672724674,0.006612712672724674
ssp119_CO2 FFI_TRA_OT_CNS_striving,CO2,Kyoto,CO2 FFI,TRA_OT_CNS,2025.0,1.705490320346937,0.0,0.004115086417344482,0.004115086417344482
ssp119_CO2 FFI_TRA_OT_OTHER_striving,CO2,Kyoto,CO2 FFI,TRA_OT_OTHER,2025.0,1.705490320346937,0.0,0.0016280353893389776,0.0016280353893389776
ssp119_CO2 FFI_TRA_OT_RAI_striving,CO2,Kyoto,CO2 FFI,TRA_OT_RAI,2025.0,1.705490320346937,0.0,0.0025136897796667057,0.0025136897796667057
ssp119_N2O_TRA_OT_AGR_striving,non-CO2,Kyoto,N2O,TRA_OT_AGR,2025.0,1.705490320346937,0.0,1.4403581083399786e-05,1.4403581083399786e-05
ssp119_N2O_TRA_OT_CNS_striving,non-CO2,Kyoto,N2O,TRA_OT_CNS,2025.0,1.705490320346937,0.0,8.921180359777736e-06,8.921180359777736e-06
ssp119_N2O_TRA_OT_OTHER_striving,non-CO2,Kyoto,N2O,TRA_OT_OTHER,2025.0,1.705490320346937,0.0,3.5477222759539018e-06,3.5477222759539018e-06
ssp119_N2O_TRA_OT_RAI_striving,non-CO2,Kyoto,N2O,TRA_OT_RAI,2025.0,1.705490320346937,0.0,5.48365947716789e-06,5.48365947716789e-06
ssp119,non-CO2,SLCP,,,2026.0,1.758179017300577,0.0,,
ssp119_BC_TRA_OT_AGR_striving,non-CO2,SLCP,BC,TRA_OT_AGR,2026.0,1.758179017300577,0.0,0.0022005943019918206,0.0022005943019918206
ssp119_BC_TRA_OT_CNS_striving,non-CO2,SLCP,BC,TRA_OT_CNS,2026.0,1.758179017300577,0.0,0.0020409353066264124,0.0020409353066264124
ssp119_BC_TRA_OT_OTHER_striving,non-CO2,SLCP,BC,TRA_OT_OTHER,2026.0,1.758179017300577,0.0,8.508525723183169e-05,8.508525723183169e-05
ssp119_BC_TRA_OT_RAI_striving,non-CO2,SLCP,BC,TRA_OT_RAI,2026.0,1.758179017300577,0.0,0.0007412735749068311,0.0007412735749068311
ssp119_CH4_TRA_OT_AGR_striving,non-CO2,Kyoto,CH4,TRA_OT_AGR,2026.0,1.758179017300577,0.0,0.001546518982945999,0.001546518982945999
ssp119_CH4_TRA_OT_CNS_striving,non-CO2,Kyoto,CH4,TRA_OT_CNS,2026.0,1.758179017300577,0.0,0.0010869826768256097,0.0010869826768256097
ssp119_CH4_TRA_OT_OTHER_striving,non-CO2,Kyoto,CH4,TRA_OT_OTHER,2026.0,1.758179017300577,0.0,0.0004004546858218383,0.0004004546858218383
ssp119_CH4_TRA_OT_RAI_striving,non-CO2,Kyoto,CH4,TRA_OT_RAI,2026.0,1.758179017300577,0.0,0.0005774831774880695,0.0005774831774880695
ssp119_CO2 FFI_TRA_OT_AGR_striving,CO2,Kyoto,CO2 FFI,TRA_OT_AGR,2026.0,1.758179017300577,0.0,0.006827358304718922,0.006827358304718922
ssp119_CO2 FFI_TRA_OT_CNS_striving,CO2,Kyoto,CO2 FFI,TRA_OT_CNS,2026.0,1.758179017300577,0.0,0.004340880283566051,0.004340880283566051
ssp119_CO2 FFI_TRA_OT_OTHER_striving,CO2,Kyoto,CO2 FFI,TRA_OT_OTHER,2026.0,1.758179017300577,0.0,0.0016861989855054826,0.0016861989855054826
ssp119_CO2 FFI_TRA_OT_RAI_striving,CO2,Kyoto,CO2 FFI,TRA_OT_RAI,2026.0,1.758179017300577,0.0,0.0025834327965126302,0.0025834327965126302
ssp119_N2O_TRA_OT_AGR_striving,non-CO2,Kyoto,N2O,TRA_OT_AGR,2026.0,1.758179017300577,0.0,1.4825798529294332e-05,1.4825798529294332e-05
ssp119_N2O_TRA_OT_CNS_striving,non-CO2,Kyoto,N2O,TRA_OT_CNS,2026.0,1.758179017300577,0.0,9.394780202010011e-06,9.394780202010011e-06
ssp119_N2O_TRA_OT_OTHER_striving,non-CO2,Kyoto,N2O,TRA_OT_OTHER,2026.0,1.758179017300577,0.0,3.664017379501061e-06,3.664017379501061e-06
ssp119_N2O_TRA_OT_RAI_striving,non-CO2,Kyoto,N2O,TRA_OT_RAI,2026.0,1.758179017300577,0.0,5.61809675447833e-06,5.61809675447833e-06
ssp119,non-CO2,SLCP,,,2027.0,1.780289204749888,0.0,,
ssp119_BC_TRA_OT_AGR_striving,non-CO2,SLCP,BC,TRA_OT_AGR,2027.0,1.780266294449625,2.291030026291274e-05,0.002171592767261643,0.0021486824669987303
ssp119_BC_TRA_OT_CNS_striving,non-CO2,SLCP,BC,TRA_OT_CNS,2027.0,1.7802638797309716,2.532501891638894e-05,0.002037790403612627,0.002012465384696238
ssp119_BC_TRA_OT_OTHER_striving,non-CO2,SLCP,BC,TRA_OT_OTHER,2027.0,1.7802888966793837,3.080705042179943e-07,8.415273010253799e-05,8.384465959831999e-05
ssp119_BC_TRA_OT_RAI_striving,non-CO2,SLCP,BC,TRA_OT_RAI,2027.0,1.7802818015272133,7.403222674673415e-06,0.0007276678118843805,0.000720264589209707
ssp119_CH4_TRA_OT_AGR_striving,non-CO2,Kyoto,CH4,TRA_OT_AGR,2027.0,1.780288053742108,1.1510077799758989e-06,0.0015751003060551216,0.0015739492982751457
ssp119_CH4_TRA_OT_CNS_striving,non-CO2,Kyoto,CH4,TRA_OT_CNS,2027.0,1.7802879664590365,1.2382908514130264e-06,0.001139760293563663,0.00113852200271225
ssp119_CH4_TRA_OT_OTHER_striving,non-CO2,Kyoto,CH4,TRA_OT_OTHER,2027.0,1.7802890400093547,1.6474053321502424e-07,0.00040977700567235154,0.0004096122651391365
ssp119_CH4_TRA_OT_RAI_striving,non-CO2,Kyoto,CH4,TRA_OT_RAI,2027.0,1.7802888438240358,3.6092585209424044e-07,0.0005834696004345385,0.0005831086745824443
ssp119_CO2 FFI_TRA_OT_AGR_striving,CO2,Kyoto,CO2 FFI,TRA_OT_AGR,2027.0,1.7802860992305225,3.105519365442788e-06,0.00704321458244439,0.007040109063078948
ssp119_CO2 FFI_TRA_OT_CNS_striving,CO2,Kyoto,CO2 FFI,TRA_OT_CNS,2027.0,1.7802858635244057,3.341225482289545e-06,0.004569385150263283,0.004566043924780994
ssp119_CO2 FFI_TRA_OT_OTHER_striving,CO2,Kyoto,CO2 FFI,TRA_OT_OTHER,2027.0,1.780288769153189,4.355966989333382e-07,0.0017454646371231064,0.001745029040424173
ssp119_CO2 FFI_TRA_OT_RAI_striving,CO2,Kyoto,CO2 FFI,TRA_OT_RAI,2027.0,1.780288230900029,9.738498589761946e-07,0.0026527782948913003,0.002651804445032324
ssp119_N2O_TRA_OT_AGR_striving,non-CO2,Kyoto,N2O,TRA_OT_AGR,2027.0,1.7802891987630076,5.986880324826416e-09,1.5247021698527874e-05,1.5241034818203048e-05
ssp119_N2O_TRA_OT_CNS_striving,non-CO2,Kyoto,N2O,TRA_OT_CNS,2027.0,1.7802891983086098,6.441278177504728e-09,9.873413099992234e-06,9.86697182181473e-06
ssp119_N2O_TRA_OT_OTHER_striving,non-CO2,Kyoto,N2O,TRA_OT_OTHER,2027.0,1.7802892039101348,8.39753155901235e-10,3.781701396032844e-06,3.7808616428769426e-06
ssp119_N2O_TRA_OT_RAI_striving,non-CO2,Kyoto,N2O,TRA_OT_RAI,2027.0,1.7802892028724788,1.8774091170570273e-09,5.75004097758125e-06,5.748163568464193e-06
ssp119,non-CO2,SLCP,,,2028.0,1.798281344174239,0.0,,
ssp119_BC_TRA_OT_AGR_striving,non-CO2,SLCP,BC,TRA_OT_AGR,2028.0,1.7982178836180616,6.346055617734159e-05,0.002145786794904625,0.0020823262387272834
ssp119_BC_TRA_OT_CNS_striving,non-CO2,SLCP,BC,TRA_OT_CNS,2028.0,1.7982114734862495,6.987068798935958e-05,0.0020318291546641554,0.001961958466674796
ssp119_BC_TRA_OT_OTHER_striving,non-CO2,SLCP,BC,TRA_OT_OTHER,2028.0,1.7982804916214608,8.525527781522158e-07,8.328173404392736e-05,8.242918126577514e-05
ssp119_BC_TRA_OT_RAI_striving,non-CO2,SLCP,BC,TRA_OT_RAI,2028.0,1.798260907364163,2.0436810075796785e-05,0.0007156371482706092,0.0006952003381948124
ssp119_CH4_TRA_OT_AGR_striving,non-CO2,Kyoto,CH4,TRA_OT_AGR,2028.0,1.7982770488752584,4.295298980494522e-06,0.0016034174597487905,0.001599122160768296
ssp119_CH4_TRA_OT_CNS_striving,non-CO2,Kyoto,CH4,TRA_OT_CNS,2028.0,1.798276726531301,4.6176429377986494e-06,0.0011918369662482498,0.001187219323310451
ssp119_CH4_TRA_OT_OTHER_striving,non-CO2,Kyoto,CH4,TRA_OT_OTHER,2028.0,1.7982807229829714,6.211912675357922e-07,0.00041933041011055217,0.0004187092188430164
ssp119_CH4_TRA_OT_RAI_striving,non-CO2,Kyoto,CH4,TRA_OT_RAI,2028.0,1.7982800020569993,1.3421172395666758e-06,0.0005891995065043787,0.000587857389264812
ssp119_CO2 FFI_TRA_OT_AGR_striving,CO2,Kyoto,CO2 FFI,TRA_OT_AGR,2028.0,1.798269824837494,1.1519336744925113e-05,0.007260012430584828,0.007248493093839903
ssp119_CO2 FFI_TRA_OT_CNS_striving,CO2,Kyoto,CO2 FFI,TRA_OT_CNS,2028.0,1.7982689597128716,1.238446136730964e-05,0.004799764068680101,0.004787379607312792
ssp119_CO2 FFI_TRA_OT_OTHER_striving,CO2,Kyoto,CO2 FFI,TRA_OT_OTHER,2028.0,1.7982797109704052,1.6332038337285582e-06,0.001805908880460505,0.0018042756766267765
ssp119_CO2 FFI_TRA_OT_RAI_striving,CO2,Kyoto,CO2 FFI,TRA_OT_RAI,2028.0,1.7982777446947185,3.5994795204441488e-06,0.002721770077151575,0.002718170597631131
ssp119_N2O_TRA_OT_AGR_striving,non-CO2,Kyoto,N2O,TRA_OT_AGR,2028.0,1.7982813216247422,2.254949671431916e-08,1.5666906495681587e-05,1.5644356998967268e-05
ssp119_N2O_TRA_OT_CNS_striving,non-CO2,Kyoto,N2O,TRA_OT_CNS,2028.0,1.798281319930888,2.4243350882358072e-08,1.035495549084331e-05,1.0330712139960951e-05
ssp119_N2O_TRA_OT_OTHER_striving,non-CO2,Kyoto,N2O,TRA_OT_OTHER,2028.0,1.7982813409773748,3.196864106769226e-09,3.901005394046919e-06,3.89780852994015e-06
ssp119_N2O_TRA_OT_RAI_striving,non-CO2,Kyoto,N2O,TRA_OT_RAI,2028.0,1.798281337127278,7.046961014722797e-09,5.879702029254474e-06,5.872655068239752e-06
ssp119,non-CO2,SLCP,,,2029.0,1.852803645652518,0.0,,
ssp119_BC_TRA_OT_AGR_striving,non-CO2,SLCP,BC,TRA_OT_AGR,2029.0,1.8526894139019585,0.00011423175055957913,0.0021218914475262807,0.0020076596969667015
ssp119_BC_TRA_OT_CNS_striving,non-CO2,SLCP,BC,TRA_OT_CNS,2029.0,1.85267843162082,0.00012521403169807321,0.0020232209597914608,0.0018980069280933876
ssp119_BC_TRA_OT_OTHER_striving,non-CO2,SLCP,BC,TRA_OT_OTHER,2029.0,1.8528021125800653,1.5330724527640172e-06,8.244460119155583e-05,8.091152873879182e-05
ssp119_BC_TRA_OT_RAI_striving,non-CO2,SLCP,BC,TRA_OT_RAI,2029.0,1.85276699790436,3.664774815814731e-05,0.0007045206842222207,0.0006678729360640734
ssp119_CH4_TRA_OT_AGR_striving,non-CO2,Kyoto,CH4,TRA_OT_AGR,2029.0,1.8527937703250072,9.8753275108443e-06,0.0016314142151843125,0.0016215388876734682
ssp119_CH4_TRA_OT_CNS_striving,non-CO2,Kyoto,CH4,TRA_OT_CNS,2029.0,1.8527930374906099,1.0608161908232105e-05,0.001242987570722054,0.0012323794088138218
ssp119_CH4_TRA_OT_OTHER_striving,non-CO2,Kyoto,CH4,TRA_OT_OTHER,2029.0,1.8528022017853651,1.4438671529504177e-06,0.0004291325641474497,0.0004276886969944993
ssp119_CH4_TRA_OT_RAI_striving,non-CO2,Kyoto,CH4,TRA_OT_RAI,2029.0,1.8528005716579137,3.073994604418928e-06,0.0005946922668964572,0.0005916182722920382
ssp119_CO2 FFI_TRA_OT_AGR_striving,CO2,Kyoto,CO2 FFI,TRA_OT_AGR,2029.0,1.852777284572916,2.6361079602077453e-05,0.007477530695529699,0.007451169615927622
ssp119_CO2 FFI_TRA_OT_CNS_striving,CO2,Kyoto,CO2 FFI,TRA_OT_CNS,2029.0,1.8527753270951772,2.83185573408673e-05,0.005031413618928227,0.005003095061587359
ssp119_CO2 FFI_TRA_OT_OTHER_striving,CO2,Kyoto,CO2 FFI,TRA_OT_OTHER,2029.0,1.8527998658416942,3.7798108238895622e-06,0.001867555254826403,0.0018637754440025134
ssp119_CO2 FFI_TRA_OT_RAI_striving,CO2,Kyoto,CO2 FFI,TRA_OT_RAI,2029.0,1.8527954396916788,8.20596083928038e-06,0.0027904086317267485,0.002782202670887468
ssp119_N2O_TRA_OT_AGR_striving,non-CO2,Kyoto,N2O,TRA_OT_AGR,2029.0,1.8528035933162388,5.2336279310338796e-08,1.6085452248182364e-05,1.6033115968872025e-05
ssp119_N2O_TRA_OT_CNS_striving,non-CO2,Kyoto,N2O,TRA_OT_CNS,2029.0,1.8528035894281574,5.622436072272308e-08,1.0838119382849953e-05,1.078189502212723e-05
ssp119_N2O_TRA_OT_OTHER_striving,non-CO2,Kyoto,N2O,TRA_OT_OTHER,2029.0,1.852803638153582,7.498936138716772e-09,4.022148911708712e-06,4.014649975569995e-06
ssp119_N2O_TRA_OT_RAI_striving,non-CO2,Kyoto,N2O,TRA_OT_RAI,2029.0,1.8528036293603094,1.6292208693258203e-08,6.00729949162826e-06,5.991007282935001e-06
ssp119,non-CO2,SLCP,,,2030.0,1.8568295036284144,0.0,,
ssp119_BC_TRA_OT_AGR_striving,non-CO2,SLCP,BC,TRA_OT_AGR,2030.0,1.856658116279507,0.00017138734890731477,0.0020992356593476647,0.0019278483104403499
ssp119_BC_TRA_OT_CNS_striving,non-CO2,SLCP,BC,TRA_OT_CNS,2030.0,1.8566425273250498,0.00018697630336461657,0.0020122077259610016,0.001825231422596385
ssp119_BC_TRA_OT_OTHER_striving,non-CO2,SLCP,BC,TRA_OT_OTHER,2030.0,1.8568272059619193,2.2976664950657977e-06,8.162681371981506e-05,7.932914722474926e-05
ssp119_BC_TRA_OT_RAI_striving,non-CO2,SLCP,BC,TRA_OT_RAI,2030.0,1.8567747418655625,5.4761762851907037e-05,0.0006939816827502554,0.0006392199198983484
ssp119_CH4_TRA_OT_AGR_striving,non-CO2,Kyoto,CH4,TRA_OT_AGR,2030.0,1.8568113726714808,1.8130956933593012e-05,0.001658997966529352,0.001640867009595759
ssp119_CH4_TRA_OT_CNS_striving,non-CO2,Kyoto,CH4,TRA_OT_CNS,2030.0,1.8568100429943182,1.9460634096191143e-05,0.00129301526779102,0.001273554633694829
ssp119_CH4_TRA_OT_OTHER_striving,non-CO2,Kyoto,CH4,TRA_OT_OTHER,2030.0,1.8568268227402218,2.680888192552189e-06,0.0004391776057270924,0.0004364967175345402
ssp119_CH4_TRA_OT_RAI_striving,non-CO2,Kyoto,CH4,TRA_OT_RAI,2030.0,1.8568238821155174,5.621512896958336e-06,0.0005999410027230923,0.0005943194898261339
ssp119_CO2 FFI_TRA_OT_AGR_striving,CO2,Kyoto,CO2 FFI,TRA_OT_AGR,2030.0,1.8567812362185971,4.8267409817226437e-05,0.007695995075338136,0.007647727665520909
ssp119_CO2 FFI_TRA_OT_CNS_striving,CO2,Kyoto,CO2 FFI,TRA_OT_CNS,2030.0,1.856777694381091,5.1809247323397756e-05,0.005264324755768879,0.005212515508445481
ssp119_CO2 FFI_TRA_OT_OTHER_striving,CO2,Kyoto,CO2 FFI,TRA_OT_OTHER,2030.0,1.856822502351194,7.001277220419766e-06,0.0019305215316005597,0.00192352025438014
ssp119_CO2 FFI_TRA_OT_RAI_striving,CO2,Kyoto,CO2 FFI,TRA_OT_RAI,2030.0,1.8568145375741971,1.4966054217246949e-05,0.002858806312084905,0.002843840257867658
ssp119_N2O_TRA_OT_AGR_striving,non-CO2,Kyoto,N2O,TRA_OT_AGR,2030.0,1.856829406623744,9.70046702963856e-08,1.6502630150627695e-05,1.640562548033131e-05
ssp119_N2O_TRA_OT_CNS_striving,non-CO2,Kyoto,N2O,TRA_OT_CNS,2030.0,1.8568293995013507,1.0412706363815971e-07,1.1321899519911582e-05,1.1217772456273423e-05
ssp119_N2O_TRA_OT_OTHER_striving,non-CO2,Kyoto,N2O,TRA_OT_OTHER,2030.0,1.8568294895733088,1.4055105523880229e-08,4.145264506094648e-06,4.131209400570768e-06
ssp119_N2O_TRA_OT_RAI_striving,non-CO2,Kyoto,N2O,TRA_OT_RAI,2030.0,1.856829473547814,3.008060045495142e-08,6.1329826583911284e-06,6.102902057936177e-06
ssp119,non-CO2,SLCP,,,2031.0,1.896881818925269,0.0,,
ssp119_BC_TRA_OT_AGR_striving,non-CO2,SLCP,BC,TRA_OT_AGR,2031.0,1.8966489900011394,0.0002328289241295689,0.002077461707716388,0.0018446327835868193
ssp119_BC_TRA_OT_CNS_striving,non-CO2,SLCP,BC,TRA_OT_CNS,2031.0,1.8966290759653155,0.00025274295995347806,0.0019990599711334767,0.0017463170111799986
ssp119_BC_TRA_OT_OTHER_striving,non-CO2,SLCP,BC,TRA_OT_OTHER,2031.0,1.8968787010861468,3.117839122213084e-06,8.082088448868596e-05,7.770304536647288e-05
ssp119_BC_TRA_OT_RAI_striving,non-CO2,SLCP,BC,TRA_OT_RAI,2031.0,1.8968077419692269,7.407695604211284e-05,0.0006838444273862265,0.0006097674713441137
ssp119_CH4_TRA_OT_AGR_striving,non-CO2,Kyoto,CH4,TRA_OT_AGR,2031.0,1.8968526213820562,2.919754321273338e-05,0.0016861521814399705,0.001656954638227237
ssp119_CH4_TRA_OT_CNS_striving,non-CO2,Kyoto,CH4,TRA_OT_CNS,2031.0,1.896850506338823,3.131258644595292e-05,0.0013418287097970438,0.001310516123351091
ssp119_CH4_TRA_OT_OTHER_striving,non-CO2,Kyoto,CH4,TRA_OT_OTHER,2031.0,1.896877451989706,4.366935562938323e-06,0.00044947272677853256,0.00044510579121559424
ssp119_CH4_TRA_OT_RAI_striving,non-CO2,Kyoto,CH4,TRA_OT_RAI,2031.0,1.8968728032231505,9.015702118420066e-06,0.0006049576468616369,0.0005959419447432168
ssp119_CO2 FFI_TRA_OT_AGR_striving,CO2,Kyoto,CO2 FFI,TRA_OT_AGR,2031.0,1.896804211672879,7.760725239003285e-05,0.00791516350143362,0.007837556249043587
ssp119_CO2 FFI_TRA_OT_CNS_striving,CO2,Kyoto,CO2 FFI,TRA_OT_CNS,2031.0,1.8967985866116737,8.323231359530503e-05,0.0054980345134589825,0.0054148021998636775
ssp119_CO2 FFI_TRA_OT_OTHER_striving,CO2,Kyoto,CO2 FFI,TRA_OT_OTHER,2031.0,1.8968704294376395,1.1389487629465123e-05,0.001994776845473112,0.0019833873578436467
ssp119_CO2 FFI_TRA_OT_RAI_striving,CO2,Kyoto,CO2 FFI,TRA_OT_RAI,2031.0,1.8968578530430884,2.39658821805655e-05,0.0029269157080014097,0.002902949825820844
ssp119_N2O_TRA_OT_AGR_striving,non-CO2,Kyoto,N2O,TRA_OT_AGR,2031.0,1.896881661246945,1.5767832395319203e-07,1.6918687705702595e-05,1.6761009381749403e-05
ssp119_N2O_TRA_OT_CNS_striving,non-CO2,Kyoto,N2O,TRA_OT_CNS,2031.0,1.8968816498062102,1.6911905875716116e-07,1.1805716834567548e-05,1.1636597775810387e-05
ssp119_N2O_TRA_OT_OTHER_striving,non-CO2,Kyoto,N2O,TRA_OT_OTHER,2031.0,1.8968817958164514,2.3108817526207304e-08,4.2705061966685776e-06,4.24739737914237e-06
ssp119_N2O_TRA_OT_RAI_striving,non-CO2,Kyoto,N2O,TRA_OT_RAI,2031.0,1.896881770228804,4.869646486049817e-08,6.256933500647932e-06,6.208237035787434e-06
ssp119,non-CO2,SLCP,,,2032.0,1.8750878149725345,0.0,,
ssp119_BC_TRA_OT_AGR_striving,non-CO2,SLCP,BC,TRA_OT_AGR,2032.0,1.8747895652809579,0.0002982496915766575,0.00205911965039296,0.0017608699588163024
ssp119_BC_TRA_OT_CNS_striving,non-CO2,SLCP,BC,TRA_OT_CNS,2032.0,1.8747621188751336,0.0003256960974009626,0.0019971092390549394,0.0016714131416539768
ssp119_BC_TRA_OT_OTHER_striving,non-CO2,SLCP,BC,TRA_OT_OTHER,2032.0,1.875083827994226,3.986978308612166e-06,8.011508061578354e-05,7.612810230717137e-05
ssp119_BC_TRA_OT_RAI_striving,non-CO2,SLCP,BC,TRA_OT_RAI,2032.0,1.8749933983883154,9.44165842191591e-05,0.0006747356560834472,0.0005803190718642881
ssp119_CH4_TRA_OT_AGR_striving,non-CO2,Kyoto,CH4,TRA_OT_AGR,2032.0,1.8750446871593947,4.312781313986491e-05,0.0017125647915643416,0.0016694369784244767
ssp119_CH4_TRA_OT_CNS_striving,non-CO2,Kyoto,CH4,TRA_OT_CNS,2032.0,1.8750414758830924,4.633908944207121e-05,0.0013896180652661627,0.0013432789758240915
ssp119_CH4_TRA_OT_OTHER_striving,non-CO2,Kyoto,CH4,TRA_OT_OTHER,2032.0,1.8750812857692085,6.529203326000044e-06,0.0004599670219676,0.00045343781864159993
ssp119_CH4_TRA_OT_RAI_striving,non-CO2,Kyoto,CH4,TRA_OT_RAI,2032.0,1.8750745497535406,1.3265218993918637e-05,0.0006096668494934843,0.0005964016304995656
ssp119_CO2 FFI_TRA_OT_AGR_striving,CO2,Kyoto,CO2 FFI,TRA_OT_AGR,2032.0,1.8749731694660672,0.00011464550646733684,0.00813494149388605,0.008020295987418713
ssp119_CO2 FFI_TRA_OT_CNS_striving,CO2,Kyoto,CO2 FFI,TRA_OT_CNS,2032.0,1.8749646323716196,0.00012318260091492839,0.0057337405289046295,0.005610557927989701
ssp119_CO2 FFI_TRA_OT_OTHER_striving,CO2,Kyoto,CO2 FFI,TRA_OT_OTHER,2032.0,1.87507078157663,1.703339590441999e-05,0.0020604050998671575,0.0020433717039627375
ssp119_CO2 FFI_TRA_OT_RAI_striving,CO2,Kyoto,CO2 FFI,TRA_OT_RAI,2032.0,1.875052547116038,3.5267856496545846e-05,0.0029947622278783115,0.0029594943713817656
ssp119_N2O_TRA_OT_AGR_striving,non-CO2,Kyoto,N2O,TRA_OT_AGR,2032.0,1.8750875798434592,2.351290753210833e-07,1.7333345372794184e-05,1.70982162974731e-05
ssp119_N2O_TRA_OT_CNS_striving,non-CO2,Kyoto,N2O,TRA_OT_CNS,2032.0,1.8750875623427483,2.526297862015525e-07,1.229135381275448e-05,1.2038724026552927e-05
ssp119_N2O_TRA_OT_OTHER_striving,non-CO2,Kyoto,N2O,TRA_OT_OTHER,2032.0,1.875087780088924,3.488361044468036e-08,4.39802153096025e-06,4.36313792051557e-06
ssp119_N2O_TRA_OT_RAI_striving,non-CO2,Kyoto,N2O,TRA_OT_RAI,2032.0,1.8750877426302817,7.234225285479567e-08,6.3792375264437595e-06,6.306895273588964e-06
ssp119,non-CO2,SLCP,,,2033.0,1.9078157564680398,0.0,,
ssp119_BC_TRA_OT_AGR_striving,non-CO2,SLCP,BC,TRA_OT_AGR,2033.0,1.9074488785827992,0.00036687788524059073,0.0020435051370950585,0.0016766272518544678
ssp119_BC_TRA_OT_CNS_striving,non-CO2,SLCP,BC,TRA_OT_CNS,2033.0,1.907410363571464,0.000405392896575707,0.00200392684365136,0.0015985339470756532
ssp119_BC_TRA_OT_OTHER_striving,non-CO2,SLCP,BC,TRA_OT_OTHER,2033.0,1.9078108622126715,4.894255368315115e-06,7.948791793843668e-05,7.459366257012157e-05
ssp119_BC_TRA_OT_RAI_striving,non-CO2,SLCP,BC,TRA_OT_RAI,2033.0,1.9077002475355413,0.00011550893249845373,0.0006664401350262583,0.0005509312025278046
ssp119_CH4_TRA_OT_AGR_striving,non-CO2,Kyoto,CH4,TRA_OT_AGR,2033.0,1.9077558246010857,5.993186695407715e-05,0.0017380828559760975,0.0016781509890220203
ssp119_CH4_TRA_OT_CNS_striving,non-CO2,Kyoto,CH4,TRA_OT_CNS,2033.0,1.9077510778275666,6.46786404732147e-05,0.0014365946848053923,0.0013719160443321776
ssp119_CH4_TRA_OT_OTHER_striving,non-CO2,Kyoto,CH4,TRA_OT_OTHER,2033.0,1.907806566899628,9.189568411782645e-06,0.00047064126572515796,0.0004614516973133753
ssp119_CH4_TRA_OT_RAI_striving,non-CO2,Kyoto,CH4,TRA_OT_RAI,2033.0,1.9077973911805866,1.8365287453248058e-05,0.0006140412723345534,0.0005956759848813054
ssp119_CO2 FFI_TRA_OT_AGR_striving,CO2,Kyoto,CO2 FFI,TRA_OT_AGR,2033.0,1.907656252414045,0.00015950405399478562,0.008354853028631704,0.008195348974636918
ssp119_CO2 FFI_TRA_OT_CNS_striving,CO2,Kyoto,CO2 FFI,TRA_OT_CNS,2033.0,1.9076436373866719,0.00017211908136793852,0.005971834149379296,0.005799715068011357
ssp119_CO2 FFI_TRA_OT_OTHER_striving,CO2,Kyoto,CO2 FFI,TRA_OT_OTHER,2033.0,1.9077917530569988,2.400341104102921e-05,0.0021273472176750463,0.002103343806634017
ssp119_CO2 FFI_TRA_OT_RAI_striving,CO2,Kyoto,CO2 FFI,TRA_OT_RAI,2033.0,1.9077668670937287,4.888937431113405e-05,0.0030622424329849185,0.0030133530586737844
ssp119_N2O_TRA_OT_AGR_striving,non-CO2,Kyoto,N2O,TRA_OT_AGR,2033.0,1.9078154265426326,3.2992540721643593e-07,1.7746534135776315e-05,1.741660872855988e-05
ssp119_N2O_TRA_OT_CNS_striving,non-CO2,Kyoto,N2O,TRA_OT_CNS,2033.0,1.9078154005360044,3.5593203540074114e-07,1.278031732443452e-05,1.2424385289033779e-05
ssp119_N2O_TRA_OT_OTHER_striving,non-CO2,Kyoto,N2O,TRA_OT_OTHER,2033.0,1.9078157068984523,4.956958754576135e-08,4.52796868710692e-06,4.478399099561159e-06
ssp119_N2O_TRA_OT_RAI_striving,non-CO2,Kyoto,N2O,TRA_OT_RAI,2033.0,1.9078156553220849,1.0114595494492562e-07,6.500020834243614e-06,6.398874879298688e-06
ssp119,non-CO2,SLCP,,,2034.0,1.9100616210822665,0.0,,
ssp119_BC_TRA_OT_AGR_striving,non-CO2,SLCP,BC,TRA_OT_AGR,2034.0,1.9096236268961728,0.0004379941860936931,0.0020296718810282055,0.0015916776949345124
ssp119_BC_TRA_OT_CNS_striving,non-CO2,SLCP,BC,TRA_OT_CNS,2034.0,1.909570763149522,0.000490857932744504,0.002015745778842115,0.0015248878460976112
ssp119_BC_TRA_OT_OTHER_striving,non-CO2,SLCP,BC,TRA_OT_OTHER,2034.0,1.9100557911458602,5.829936406298586e-06,7.890926970777201e-05,7.307933330147343e-05
ssp119_BC_TRA_OT_RAI_striving,non-CO2,SLCP,BC,TRA_OT_RAI,2034.0,1.9099245095183737,0.0001371115638928444,0.000658687616077458,0.0005215760521846136
ssp119_CH4_TRA_OT_AGR_striving,non-CO2,Kyoto,CH4,TRA_OT_AGR,2034.0,1.9099820359476014,7.958513466510553e-05,0.0017625936329774827,0.0016830084983123772
ssp119_CH4_TRA_OT_CNS_striving,non-CO2,Kyoto,CH4,TRA_OT_CNS,2034.0,1.9099752008836341,8.642019863236428e-05,0.0014828346675161974,0.0013964144688838331
ssp119_CH4_TRA_OT_OTHER_striving,non-CO2,Kyoto,CH4,TRA_OT_OTHER,2034.0,1.9100492562737659,1.2364808500642255e-05,0.0004814733969293883,0.00046910858842874603
ssp119_CH4_TRA_OT_RAI_striving,non-CO2,Kyoto,CH4,TRA_OT_RAI,2034.0,1.9100373213718846,2.4299710381869843e-05,0.0006180600164555905,0.0005937603060737207
ssp119_CO2 FFI_TRA_OT_AGR_striving,CO2,Kyoto,CO2 FFI,TRA_OT_AGR,2034.0,1.9098492755934198,0.00021234548884674354,0.008575052379786507,0.008362706890939764
ssp119_CO2 FFI_TRA_OT_CNS_striving,CO2,Kyoto,CO2 FFI,TRA_OT_CNS,2034.0,1.9098311099275538,0.00023051115471273143,0.006212922889275552,0.00598241173456282
ssp119_CO2 FFI_TRA_OT_OTHER_striving,CO2,Kyoto,CO2 FFI,TRA_OT_OTHER,2034.0,1.9100292438109356,3.2377271330874535e-05,0.0021956997555445668,0.0021633224842136922
ssp119_CO2 FFI_TRA_OT_RAI_striving,CO2,Kyoto,CO2 FFI,TRA_OT_RAI,2034.0,1.9099967633597963,6.485772247022403e-05,0.003129431012742101,0.003064573290271877
ssp119_N2O_TRA_OT_AGR_striving,non-CO2,Kyoto,N2O,TRA_OT_AGR,2034.0,1.9100611786199653,4.424623012422302e-07,1.815808134630892e-05,1.771561904506669e-05
ssp119_N2O_TRA_OT_CNS_striving,non-CO2,Kyoto,N2O,TRA_OT_CNS,2034.0,1.910061141009839,4.800724275888513e-07,1.3273260194068826e-05,1.2793187766479974e-05
ssp119_N2O_TRA_OT_OTHER_striving,non-CO2,Kyoto,N2O,TRA_OT_OTHER,2034.0,1.9100615537463956,6.733587087914827e-08,4.66041226698799e-06,4.593076396108842e-06
ssp119_N2O_TRA_OT_RAI_striving,non-CO2,Kyoto,N2O,TRA_OT_RAI,2034.0,1.9100614859092204,1.3517304608967606e-07,6.619318271727792e-06,6.484145225638116e-06
ssp119,non-CO2,SLCP,,,2035.0,1.9428799509249084,0.0,,
ssp119_BC_TRA_OT_AGR_striving,non-CO2,SLCP,BC,TRA_OT_AGR,2035.0,1.9423688813618472,0.0005110695630612394,0.0020171093532506124,0.001506039790189373
ssp119_BC_TRA_OT_CNS_striving,non-CO2,SLCP,BC,TRA_OT_CNS,2035.0,1.942298447254002,0.0005815036709064803,0.002030715781736081,0.0014492121108296008
ssp119_BC_TRA_OT_OTHER_striving,non-CO2,SLCP,BC,TRA_OT_OTHER,2035.0,1.9428731641541181,6.786770790245811e-06,7.836334599420347e-05,7.157657520395766e-05
ssp119_BC_TRA_OT_RAI_striving,non-CO2,SLCP,BC,TRA_OT_RAI,2035.0,1.942720908465043,0.00015904245986542165,0.0006513279849855724,0.0004922855251201508
ssp119_CH4_TRA_OT_AGR_striving,non-CO2,Kyoto,CH4,TRA_OT_AGR,2035.0,1.9427779086558306,0.00010204226907783998,0.0017860599186092507,0.0016840176495314108
ssp119_CH4_TRA_OT_CNS_striving,non-CO2,Kyoto,CH4,TRA_OT_CNS,2035.0,1.9427683259287634,0.00011162499614503218,0.001528402192770173,0.0014167771966251408
ssp119_CH4_TRA_OT_OTHER_striving,non-CO2,Kyoto,CH4,TRA_OT_OTHER,2035.0,1.942863882243532,1.6068681376379956e-05,0.0004924548828144637,0.00047638620143808375
ssp119_CH4_TRA_OT_RAI_striving,non-CO2,Kyoto,CH4,TRA_OT_RAI,2035.0,1.942848905397591,3.1045527317363764e-05,0.0006217230562002296,0.0005906775288828658
ssp119_CO2 FFI_TRA_OT_AGR_striving,CO2,Kyoto,CO2 FFI,TRA_OT_AGR,2035.0,1.9426066912819622,0.00027325964294622196,0.008795520561505121,0.0085222609185589
ssp119_CO2 FFI_TRA_OT_CNS_striving,CO2,Kyoto,CO2 FFI,TRA_OT_CNS,2035.0,1.9425812131211229,0.0002987378037855315,0.006457207345371918,0.006158469541586387
ssp119_CO2 FFI_TRA_OT_OTHER_striving,CO2,Kyoto,CO2 FFI,TRA_OT_OTHER,2035.0,1.9428377280986735,4.2222826234894484e-05,0.002265490428458028,0.0022232676022231335
ssp119_CO2 FFI_TRA_OT_RAI_striving,CO2,Kyoto,CO2 FFI,TRA_OT_RAI,2035.0,1.9427967743963943,8.317652851408397e-05,0.0031963419394480663,0.0031131654109339824
ssp119_N2O_TRA_OT_AGR_striving,non-CO2,Kyoto,N2O,TRA_OT_AGR,2035.0,1.9428793778854456,5.730394627700974e-07,1.8567921929557585e-05,1.7994882466787487e-05
ssp119_N2O_TRA_OT_CNS_striving,non-CO2,Kyoto,N2O,TRA_OT_CNS,2035.0,1.9428793249409086,6.25983999746893e-07,1.3770581984484664e-05,1.3144597984737771e-05
ssp119_N2O_TRA_OT_OTHER_striving,non-CO2,Kyoto,N2O,TRA_OT_OTHER,2035.0,1.9428798625604458,8.8364462635937e-08,4.795420591285904e-06,4.707056128649967e-06
ssp119_N2O_TRA_OT_RAI_striving,non-CO2,Kyoto,N2O,TRA_OT_RAI,2035.0,1.9428797764441532,1.7448075517734196e-07,6.737189230721086e-06,6.562708475543744e-06
ssp119,non-CO2,SLCP,,,2036.0,1.9572838720845769,0.0,,
ssp119_BC_TRA_OT_AGR_striving,non-CO2,SLCP,BC,TRA_OT_AGR,2036.0,1.9566981836309898,0.0005856884535870854,0.0020055179021583047,0.0014198294485712193
ssp119_BC_TRA_OT_CNS_striving,non-CO2,SLCP,BC,TRA_OT_CNS,2036.0,1.956606925949755,0.000676946134821943,0.002047895481525508,0.001370949346703565
ssp119_BC_TRA_OT_OTHER_striving,non-CO2,SLCP,BC,TRA_OT_OTHER,2036.0,1.9572761130841183,7.759000458573695e-06,7.784115684938975e-05,7.008215639081605e-05
ssp119_BC_TRA_OT_RAI_striving,non-CO2,SLCP,BC,TRA_OT_RAI,2036.0,1.9571027156328547,0.00018115645172223083,0.0006442700436988247,0.00046311359197659385
ssp119_CH4_TRA_OT_AGR_striving,non-CO2,Kyoto,CH4,TRA_OT_AGR,2036.0,1.957156635157145,0.00012723692743188408,0.0018084446314350355,0.0016812077040031514
ssp119_CH4_TRA_OT_CNS_striving,non-CO2,Kyoto,CH4,TRA_OT_CNS,2036.0,1.957143543001486,0.0001403290830908066,0.001573319085992786,0.0014329900029019793
ssp119_CH4_TRA_OT_OTHER_striving,non-CO2,Kyoto,CH4,TRA_OT_OTHER,2036.0,1.9572635603525725,2.031173200434111e-05,0.000503572164423538,0.0004832604324191969
ssp119_CH4_TRA_OT_RAI_striving,non-CO2,Kyoto,CH4,TRA_OT_RAI,2036.0,1.957245298887339,3.857319723787889e-05,0.000625027669046041,0.0005864544718081621
ssp119_CO2 FFI_TRA_OT_AGR_striving,CO2,Kyoto,CO2 FFI,TRA_OT_AGR,2036.0,1.9569415153329472,0.0003423567516296355,0.009016398513488566,0.00867404176185893
ssp119_CO2 FFI_TRA_OT_CNS_striving,CO2,Kyoto,CO2 FFI,TRA_OT_CNS,2036.0,1.9569066710775418,0.0003772010070350884,0.006704981841813229,0.006327780834778141
ssp119_CO2 FFI_TRA_OT_OTHER_striving,CO2,Kyoto,CO2 FFI,TRA_OT_OTHER,2036.0,1.9572302593029411,5.3612781635736795e-05,0.0023367903318949335,0.0022831775502591967
ssp119_CO2 FFI_TRA_OT_RAI_striving,CO2,Kyoto,CO2 FFI,TRA_OT_RAI,2036.0,1.9571800176644683,0.00010385442010862889,0.0032630309788888034,0.0031591765587801746
ssp119_N2O_TRA_OT_AGR_striving,non-CO2,Kyoto,N2O,TRA_OT_AGR,2036.0,1.9572831502540304,7.21830546446256e-07,1.8975893629757934e-05,1.8254063083311678e-05
ssp119_N2O_TRA_OT_CNS_striving,non-CO2,Kyoto,N2O,TRA_OT_CNS,2036.0,1.9572830776028693,7.944817075333788e-07,1.427244290996832e-05,1.347796120243494e-05
ssp119_N2O_TRA_OT_OTHER_striving,non-CO2,Kyoto,N2O,TRA_OT_OTHER,2036.0,1.957283759292153,1.127924238453204e-07,4.933007995644445e-06,4.820215571799125e-06
ssp119_N2O_TRA_OT_RAI_striving,non-CO2,Kyoto,N2O,TRA_OT_RAI,2036.0,1.9572836530291902,2.1905538671873614e-07,6.8536196020652085e-06,6.634564215346472e-06
ssp119,non-CO2,SLCP,,,2037.0,2.0024845598011742,0.0,,
ssp119_BC_TRA_OT_AGR_striving,non-CO2,SLCP,BC,TRA_OT_AGR,2037.0,2.00183404909914,0.0006505107020342571,0.0019953302187341038,0.0013448195166998467
ssp119_BC_TRA_OT_CNS_striving,non-CO2,SLCP,BC,TRA_OT_CNS,2037.0,2.0017215115059455,0.0007630482952287743,0.0020666670796600783,0.001303618784431304
ssp119_BC_TRA_OT_OTHER_striving,non-CO2,SLCP,BC,TRA_OT_OTHER,2037.0,2.0024757972827247,8.762518449501044e-06,7.743068869547898e-05,6.866817024597793e-05
ssp119_BC_TRA_OT_RAI_striving,non-CO2,SLCP,BC,TRA_OT_RAI,2037.0,2.0022839366312946,0.00020062316987967677,0.0006386455149427483,0.0004380223450630716
ssp119_CH4_TRA_OT_AGR_striving,non-CO2,Kyoto,CH4,TRA_OT_AGR,2037.0,2.0023294596915275,0.00015510010964669974,0.001829778549641059,0.0016746784399943593
ssp119_CH4_TRA_OT_CNS_striving,non-CO2,Kyoto,CH4,TRA_OT_CNS,2037.0,2.002312014558373,0.000172545242801192,0.0016176088876895811,0.0014450636448883891
ssp119_CH4_TRA_OT_OTHER_striving,non-CO2,Kyoto,CH4,TRA_OT_OTHER,2037.0,2.0024594513713527,2.5108429821507627e-05,0.0005148483625174727,0.000489739932695965
ssp119_CH4_TRA_OT_RAI_striving,non-CO2,Kyoto,CH4,TRA_OT_RAI,2037.0,2.0024377168882914,4.684291288281628e-05,0.0006279696642890187,0.0005811267514062024
ssp119_CO2 FFI_TRA_OT_AGR_striving,CO2,Kyoto,CO2 FFI,TRA_OT_AGR,2037.0,2.0020648749196575,0.00041968488151677974,0.009237635907045627,0.008817951025528847
ssp119_CO2 FFI_TRA_OT_CNS_striving,CO2,Kyoto,CO2 FFI,TRA_OT_CNS,2037.0,2.0020183722551166,0.00046618754605765034,0.006956166033734279,0.006489978487676629
ssp119_CO2 FFI_TRA_OT_OTHER_striving,CO2,Kyoto,CO2 FFI,TRA_OT_OTHER,2037.0,2.002417937418361,6.662238281318622e-05,0.0024096563033570995,0.0023430339205439132
ssp119_CO2 FFI_TRA_OT_RAI_striving,CO2,Kyoto,CO2 FFI,TRA_OT_RAI,2037.0,2.0023577030791926,0.00012685672198164966,0.0033294393330716154,0.0032025826110899658
ssp119_N2O_TRA_OT_AGR_striving,non-CO2,Kyoto,N2O,TRA_OT_AGR,2037.0,2.002483670818574,8.889826004221391e-07,1.9382014078583865e-05,1.8493031478161726e-05
ssp119_N2O_TRA_OT_CNS_striving,non-CO2,Kyoto,N2O,TRA_OT_CNS,2037.0,2.0024835735364315,9.862647427638649e-07,1.4778872782450492e-05,1.3792608039686627e-05
ssp119_N2O_TRA_OT_OTHER_striving,non-CO2,Kyoto,N2O,TRA_OT_OTHER,2037.0,2.0024844190105036,1.4079067067740425e-07,5.07333479049521e-06,4.9325441198178055e-06
ssp119_N2O_TRA_OT_RAI_striving,non-CO2,Kyoto,N2O,TRA_OT_RAI,2037.0,2.0024842909579843,2.688431899322552e-07,6.968558855291462e-06,6.699715665359207e-06
ssp119,non-CO2,SLCP,,,2038.0,1.9731898175168066,0.0,,
ssp119_BC_TRA_OT_AGR_striving,non-CO2,SLCP,BC,TRA_OT_AGR,2038.0,1.9724821375703252,0.0007076799464813543,0.0019862767829923467,0.0012785968365109923
ssp119_BC_TRA_OT_CNS_striving,non-CO2,SLCP,BC,TRA_OT_CNS,2038.0,1.9723477406090593,0.0008420769077472912,0.002086707788902631,0.0012446308811553397
ssp119_BC_TRA_OT_OTHER_striving,non-CO2,SLCP,BC,TRA_OT_OTHER,2038.0,1.9731800246261608,9.7928906457323e-06,7.710894059176354e-05,6.731604994603124e-05
ssp119_BC_TRA_OT_RAI_striving,non-CO2,SLCP,BC,TRA_OT_RAI,2038.0,1.9729717607437784,0.000218056773028108,0.0006341667778102522,0.0004161100047821442
ssp119_CH4_TRA_OT_AGR_striving,non-CO2,Kyoto,CH4,TRA_OT_AGR,2038.0,1.9730042709312294,0.00018554658557712322,0.001850060040930357,0.0016645134553532337
ssp119_CH4_TRA_OT_CNS_striving,non-CO2,Kyoto,CH4,TRA_OT_CNS,2038.0,1.9729815490934366,0.00020826842336996165,0.0016612596051086559,0.0014529911817386942
ssp119_CH4_TRA_OT_OTHER_striving,non-CO2,Kyoto,CH4,TRA_OT_OTHER,2038.0,1.9731593473775733,3.0470139233296223e-05,0.0005262893944968372,0.000495819255263541
ssp119_CH4_TRA_OT_RAI_striving,non-CO2,Kyoto,CH4,TRA_OT_RAI,2038.0,1.9731340067754444,5.5810741362183336e-05,0.0006305383992679658,0.0005747276579057825
ssp119_CO2 FFI_TRA_OT_AGR_striving,CO2,Kyoto,CO2 FFI,TRA_OT_AGR,2038.0,1.9726844480687948,0.0005053694480117166,0.009459481681850068,0.008954112233838352
ssp119_CO2 FFI_TRA_OT_CNS_striving,CO2,Kyoto,CO2 FFI,TRA_OT_CNS,2038.0,1.9726237357274485,0.0005660817893580194,0.0072110295423712945,0.006644947753013275
ssp119_CO2 FFI_TRA_OT_OTHER_striving,CO2,Kyoto,CO2 FFI,TRA_OT_OTHER,2038.0,1.9731084774105685,8.13401062380592e-05,0.0024842251893391065,0.0024028850831010473
ssp119_CO2 FFI_TRA_OT_RAI_striving,CO2,Kyoto,CO2 FFI,TRA_OT_RAI,2038.0,1.973037644316161,0.0001521732006455334,0.003395609663408239,0.0032434364627627055
ssp119_N2O_TRA_OT_AGR_striving,non-CO2,Kyoto,N2O,TRA_OT_AGR,2038.0,1.9731887429389372,1.074577869353277e-06,1.9786205487815067e-05,1.871162761846179e-05
ssp119_N2O_TRA_OT_CNS_striving,non-CO2,Kyoto,N2O,TRA_OT_CNS,2038.0,1.9731886155613405,1.2019554660458454e-06,1.5289795800121908e-05,1.4087840334076063e-05
ssp119_N2O_TRA_OT_OTHER_striving,non-CO2,Kyoto,N2O,TRA_OT_OTHER,2038.0,1.9731896449994393,1.725173672806335e-07,5.216491179460547e-06,5.043973812179914e-06
ssp119_N2O_TRA_OT_RAI_striving,non-CO2,Kyoto,N2O,TRA_OT_RAI,2038.0,1.973189493754343,3.2376246350551696e-07,7.08193040921401e-06,6.758167945708493e-06
ssp119,non-CO2,SLCP,,,2039.0,1.9752360714163641,0.0,,
ssp119_BC_TRA_OT_AGR_striving,non-CO2,SLCP,BC,TRA_OT_AGR,2039.0,1.974475626358613,0.0007604450577511912,0.001978062569605754,0.001217617511854563
ssp119_BC_TRA_OT_CNS_striving,non-CO2,SLCP,BC,TRA_OT_CNS,2039.0,1.974318275799162,0.0009177956172021773,0.0021078153125984045,0.0011900196953962272
ssp119_BC_TRA_OT_OTHER_striving,non-CO2,SLCP,BC,TRA_OT_OTHER,2039.0,1.9752252278280686,1.0843588295506024e-05,7.684479339697958e-05,6.600120510147356e-05
ssp119_BC_TRA_OT_RAI_striving,non-CO2,SLCP,BC,TRA_OT_RAI,2039.0,1.9750017466822696,0.00023432473409457089,0.000630438607431838,0.0003961138733372671
ssp119_CH4_TRA_OT_AGR_striving,non-CO2,Kyoto,CH4,TRA_OT_AGR,2039.0,1.975017574276404,0.00021849713996013875,0.0018693685890696088,0.00165087144910947
ssp119_CH4_TRA_OT_CNS_striving,non-CO2,Kyoto,CH4,TRA_OT_CNS,2039.0,1.9749885683064132,0.0002475031099509195,0.0017043473546771715,0.001456844244726252
ssp119_CH4_TRA_OT_OTHER_striving,non-CO2,Kyoto,CH4,TRA_OT_OTHER,2039.0,1.9751996632669437,3.6408149420408265e-05,0.0005379172675599175,0.0005015091181395093
ssp119_CH4_TRA_OT_RAI_striving,non-CO2,Kyoto,CH4,TRA_OT_RAI,2039.0,1.9751706348465168,6.543656984736579e-05,0.0006327555051077738,0.000567318935260408
ssp119_CO2 FFI_TRA_OT_AGR_striving,CO2,Kyoto,CO2 FFI,TRA_OT_AGR,2039.0,1.9746367352980434,0.000599336118320748,0.009681623089735414,0.009082286971414666
ssp119_CO2 FFI_TRA_OT_CNS_striving,CO2,Kyoto,CO2 FFI,TRA_OT_CNS,2039.0,1.9745590174784438,0.000677053937920391,0.007469222070404236,0.0067921681324838445
ssp119_CO2 FFI_TRA_OT_OTHER_striving,CO2,Kyoto,CO2 FFI,TRA_OT_OTHER,2039.0,1.9751382515830351,9.781983332901589e-05,0.002560430652136292,0.002462610818807276
ssp119_CO2 FFI_TRA_OT_RAI_striving,CO2,Kyoto,CO2 FFI,TRA_OT_RAI,2039.0,1.9750563329272914,0.00017973848907271162,0.0034614339486271906,0.003281695459554479
ssp119_N2O_TRA_OT_AGR_striving,non-CO2,Kyoto,N2O,TRA_OT_AGR,2039.0,1.9752347927621143,1.278654249814437e-06,2.018853181584568e-05,1.890987756603124e-05
ssp119_N2O_TRA_OT_CNS_striving,non-CO2,Kyoto,N2O,TRA_OT_CNS,2039.0,1.975234629229559,1.4421868050895625e-06,1.580532037559479e-05,1.4363133570505227e-05
ssp119_N2O_TRA_OT_OTHER_striving,non-CO2,Kyoto,N2O,TRA_OT_OTHER,2039.0,1.9752358632871314,2.0812923273716422e-07,5.362575351330889e-06,5.154446118593725e-06
ssp119_N2O_TRA_OT_RAI_striving,non-CO2,Kyoto,N2O,TRA_OT_RAI,2039.0,1.9752356876857236,3.8373064059626927e-07,7.193734372856753e-06,6.810003732260483e-06
ssp119,non-CO2,SLCP,,,2040.0,1.9809914024003494,0.0,,
ssp119_BC_TRA_OT_AGR_striving,non-CO2,SLCP,BC,TRA_OT_AGR,2040.0,1.980181007703526,0.0008103946968234244,0.001970503338425189,0.0011601086416017647
ssp119_BC_TRA_OT_CNS_striving,non-CO2,SLCP,BC,TRA_OT_CNS,2040.0,1.9799993640213869,0.0009920383789625564,0.0021298286873561167,0.0011377903083935603
ssp119_BC_TRA_OT_OTHER_striving,non-CO2,SLCP,BC,TRA_OT_OTHER,2040.0,1.9809794919841515,1.1910416197968843e-05,7.66214979719404e-05,6.471108177397156e-05
ssp119_BC_TRA_OT_RAI_striving,non-CO2,SLCP,BC,TRA_OT_RAI,2040.0,1.98074154911344,0.00024985328690951825,0.0006272483894216307,0.0003773951025121125
ssp119_CH4_TRA_OT_AGR_striving,non-CO2,Kyoto,CH4,TRA_OT_AGR,2040.0,1.9807375385707804,0.0002538638295690454,0.0018877614738830317,0.0016338976443139863
ssp119_CH4_TRA_OT_CNS_striving,non-CO2,Kyoto,CH4,TRA_OT_CNS,2040.0,1.980701158093181,0.0002902443071683969,0.0017469276586641325,0.0014566833514957356
ssp119_CH4_TRA_OT_OTHER_striving,non-CO2,Kyoto,CH4,TRA_OT_OTHER,2040.0,1.980948470813189,4.293158716039969e-05,0.0005497428075409427,0.000506811220380543
ssp119_CH4_TRA_OT_RAI_striving,non-CO2,Kyoto,CH4,TRA_OT_RAI,2040.0,1.9809157236439354,7.567875641401045e-05,0.0006346381007424906,0.0005589593443284802
ssp119_CO2 FFI_TRA_OT_AGR_striving,CO2,Kyoto,CO2 FFI,TRA_OT_AGR,2040.0,1.980289832852777,0.0007015695475725003,0.009903940394049515,0.009202370846477015
ssp119_CO2 FFI_TRA_OT_CNS_striving,CO2,Kyoto,CO2 FFI,TRA_OT_CNS,2040.0,1.9801920516120732,0.0007993507882761985,0.007730636437809801,0.006931285649533603
ssp119_CO2 FFI_TRA_OT_OTHER_striving,CO2,Kyoto,CO2 FFI,TRA_OT_OTHER,2040.0,1.9808752770982343,0.00011612530211513317,0.0026382609948643054,0.0025221356927491723
ssp119_CO2 FFI_TRA_OT_RAI_striving,CO2,Kyoto,CO2 FFI,TRA_OT_RAI,2040.0,1.9807818959388435,0.00020950646150597052,0.003526867125576816,0.0033173606640708453
ssp119_N2O_TRA_OT_AGR_striving,non-CO2,Kyoto,N2O,TRA_OT_AGR,2040.0,1.98098990119335,1.5012069993769472e-06,2.058897323364839e-05,1.908776623427144e-05
ssp119_N2O_TRA_OT_CNS_striving,non-CO2,Kyoto,N2O,TRA_OT_CNS,2040.0,1.9809896948557961,1.707544553308793e-06,1.6325489929913672e-05,1.461794537660488e-05
ssp119_N2O_TRA_OT_OTHER_striving,non-CO2,Kyoto,N2O,TRA_OT_OTHER,2040.0,1.9809911546200374,2.477803120459754e-07,5.511637077182385e-06,5.26385676513641e-06
ssp119_N2O_TRA_OT_RAI_striving,non-CO2,Kyoto,N2O,TRA_OT_RAI,2040.0,1.9809909537464168,4.4865393267201625e-07,7.303956298887471e-06,6.855302366215454e-06
ssp119,non-CO2,SLCP,,,2041.0,1.984343146832251,0.0,,
ssp119_BC_TRA_OT_AGR_striving,non-CO2,SLCP,BC,TRA_OT_AGR,2041.0,1.983484826390107,0.0008583204421439561,0.0019634714946936693,0.0011051510525497132
ssp119_BC_TRA_OT_CNS_striving,non-CO2,SLCP,BC,TRA_OT_CNS,2041.0,1.9832774349149265,0.0010657119173245189,0.0021526116354770863,0.0010868997181525675
ssp119_BC_TRA_OT_OTHER_striving,non-CO2,SLCP,BC,TRA_OT_OTHER,2041.0,1.9843301564480513,1.2990384199662586e-05,7.64292835591096e-05,6.343889935944702e-05
ssp119_BC_TRA_OT_RAI_striving,non-CO2,SLCP,BC,TRA_OT_RAI,2041.0,1.9840782901138594,0.00026485671839160396,0.0006244730195750225,0.0003596163011834186
ssp119_CH4_TRA_OT_AGR_striving,non-CO2,Kyoto,CH4,TRA_OT_AGR,2041.0,1.9840515997063028,0.0002915471259481439,0.0019052574555731283,0.0016137103296249844
ssp119_CH4_TRA_OT_CNS_striving,non-CO2,Kyoto,CH4,TRA_OT_CNS,2041.0,1.9840066739394115,0.0003364728928394456,0.001789015627403634,0.0014525427345641884
ssp119_CH4_TRA_OT_OTHER_striving,non-CO2,Kyoto,CH4,TRA_OT_OTHER,2041.0,1.9842930998065016,5.004702574940012e-05,0.0005617623038249864,0.0005117152780755863
ssp119_CH4_TRA_OT_RAI_striving,non-CO2,Kyoto,CH4,TRA_OT_RAI,2041.0,1.984256653962565,8.649286968598346e-05,0.0006361921922259928,0.0005496993225400093
ssp119_CO2 FFI_TRA_OT_AGR_striving,CO2,Kyoto,CO2 FFI,TRA_OT_AGR,2041.0,1.9835310065509741,0.0008121402812768519,0.010126569798422524,0.009314429517145673
ssp119_CO2 FFI_TRA_OT_CNS_striving,CO2,Kyoto,CO2 FFI,TRA_OT_CNS,2041.0,1.9834098211966475,0.0009333256356034436,0.007995468877854295,0.007062143242250851
ssp119_CO2 FFI_TRA_OT_OTHER_striving,CO2,Kyoto,CO2 FFI,TRA_OT_OTHER,2041.0,1.9842068112384226,0.0001363355938284183,0.00271778480127427,0.0025814492074458517
ssp119_CO2 FFI_TRA_OT_RAI_striving,CO2,Kyoto,CO2 FFI,TRA_OT_RAI,2041.0,1.984101690094996,0.00024145673725506356,0.00359194250888617,0.0033504857716311065
ssp119_N2O_TRA_OT_AGR_striving,non-CO2,Kyoto,N2O,TRA_OT_AGR,2041.0,1.9843414046521606,1.7421800904138252e-06,2.0987406533778952e-05,1.9245226443365127e-05
ssp119_N2O_TRA_OT_CNS_striving,non-CO2,Kyoto,N2O,TRA_OT_CNS,2041.0,1.9843411482641922,1.9985680588252563e-06,1.6850238008903062e-05,1.4851669950077806e-05
ssp119_N2O_TRA_OT_OTHER_striving,non-CO2,Kyoto,N2O,TRA_OT_OTHER,2041.0,1.9843428552233187,2.9160893233459717e-07,5.663676953426844e-06,5.372068021092247e-06
ssp119_N2O_TRA_OT_RAI_striving,non-CO2,Kyoto,N2O,TRA_OT_RAI,2041.0,1.9843426284092054,5.184230456034555e-07,7.412542332385641e-06,6.8941192867821854e-06
ssp119,non-CO2,SLCP,,,2042.0,2.0113668176720307,0.0,,
ssp119_BC_TRA_OT_AGR_striving,non-CO2,SLCP,BC,TRA_OT_AGR,2042.0,2.0104618075132636,0.0009050101587670945,0.0019573286322471795,0.001052318473480085
ssp119_BC_TRA_OT_CNS_striving,non-CO2,SLCP,BC,TRA_OT_CNS,2042.0,2.010231486926472,0.0011353307455586048,0.0021707903550796104,0.0010354596095210056
ssp119_BC_TRA_OT_OTHER_striving,non-CO2,SLCP,BC,TRA_OT_OTHER,2042.0,2.0113527213307876,1.4096341243163835e-05,7.630906829447781e-05,6.221272705131398e-05
ssp119_BC_TRA_OT_RAI_striving,non-CO2,SLCP,BC,TRA_OT_RAI,2042.0,2.0110876265273423,0.00027919114468843986,0.0006216824875799887,0.0003424913428915488
ssp119_CH4_TRA_OT_AGR_striving,non-CO2,Kyoto,CH4,TRA_OT_AGR,2042.0,2.0110353648633055,0.0003314528087252633,0.0019218295293326193,0.001590376720607356
ssp119_CH4_TRA_OT_CNS_striving,non-CO2,Kyoto,CH4,TRA_OT_CNS,2042.0,2.0109809392045253,0.00038587846750548493,0.0018301218624658944,0.0014442433949604094
ssp119_CH4_TRA_OT_OTHER_striving,non-CO2,Kyoto,CH4,TRA_OT_OTHER,2042.0,2.011309058153843,5.775951818787206e-05,0.0005739517941489858,0.0005161922759611137
ssp119_CH4_TRA_OT_RAI_striving,non-CO2,Kyoto,CH4,TRA_OT_RAI,2042.0,2.0112690070282455,9.78106437852233e-05,0.0006373680886562205,0.0005395574448709972
ssp119_CO2 FFI_TRA_OT_AGR_striving,CO2,Kyoto,CO2 FFI,TRA_OT_AGR,2042.0,2.010435673041891,0.0009311446301398796,0.010349509218671393,0.009418364588531514
ssp119_CO2 FFI_TRA_OT_CNS_striving,CO2,Kyoto,CO2 FFI,TRA_OT_CNS,2042.0,2.0102881859841317,0.001078631687899012,0.008262662551383304,0.007184030863484292
ssp119_CO2 FFI_TRA_OT_OTHER_striving,CO2,Kyoto,CO2 FFI,TRA_OT_OTHER,2042.0,2.0112082860635203,0.00015853160851042603,0.002799022265001838,0.002640490656491412
ssp119_CO2 FFI_TRA_OT_RAI_striving,CO2,Kyoto,CO2 FFI,TRA_OT_RAI,2042.0,2.0110913063094578,0.0002755113625729777,0.0036565430041308744,0.0033810316415578967
ssp119_N2O_TRA_OT_AGR_striving,non-CO2,Kyoto,N2O,TRA_OT_AGR,2042.0,2.011364816022178,2.0016498525343707e-06,2.1383997643731334e-05,1.9382347791196963e-05
ssp119_N2O_TRA_OT_CNS_striving,non-CO2,Kyoto,N2O,TRA_OT_CNS,2042.0,2.011364503151594,2.3145204366414873e-06,1.737756789088607e-05,1.5063047454244582e-05
ssp119_N2O_TRA_OT_OTHER_striving,non-CO2,Kyoto,N2O,TRA_OT_OTHER,2042.0,2.011366477901611,3.3977041979937894e-07,5.818769633236798e-06,5.478999213437419e-06
ssp119_N2O_TRA_OT_RAI_striving,non-CO2,Kyoto,N2O,TRA_OT_RAI,2042.0,2.011366224831321,5.928407098565458e-07,7.519343664164069e-06,6.926502954307523e-06
ssp119,non-CO2,SLCP,,,2043.0,1.9937839799346386,0.0,,
ssp119_BC_TRA_OT_AGR_striving,non-CO2,SLCP,BC,TRA_OT_AGR,2043.0,1.9928332876425392,0.000950692292099431,0.0019519082178691693,0.0010012159257697384
ssp119_BC_TRA_OT_CNS_striving,non-CO2,SLCP,BC,TRA_OT_CNS,2043.0,1.992582247612018,0.0012017323226205523,0.0021853420379138733,0.000983609715293321
ssp119_BC_TRA_OT_OTHER_striving,non-CO2,SLCP,BC,TRA_OT_OTHER,2043.0,1.9937687547241616,1.5225210477032292e-05,7.624670773598297e-05,6.1021497258950674e-05
ssp119_BC_TRA_OT_RAI_striving,non-CO2,SLCP,BC,TRA_OT_RAI,2043.0,1.9934910125334333,0.00029296740120532405,0.0006188903718891137,0.0003259229706837896
ssp119_CH4_TRA_OT_AGR_striving,non-CO2,Kyoto,CH4,TRA_OT_AGR,2043.0,1.9934105056221554,0.00037347431248324625,0.0019374427507172776,0.0015639684382340313
ssp119_CH4_TRA_OT_CNS_striving,non-CO2,Kyoto,CH4,TRA_OT_CNS,2043.0,1.9933458058059357,0.0004381741287029506,0.0018698630537048455,0.001431688925001895
ssp119_CH4_TRA_OT_OTHER_striving,non-CO2,Kyoto,CH4,TRA_OT_OTHER,2043.0,1.9937179085738261,6.607136081249187e-05,0.0005862831397729362,0.0005202117789604443
ssp119_CH4_TRA_OT_RAI_striving,non-CO2,Kyoto,CH4,TRA_OT_RAI,2043.0,1.9936744155687662,0.00010956436587239438,0.0006381256407492764,0.000528561274876882
ssp119_CO2 FFI_TRA_OT_AGR_striving,CO2,Kyoto,CO2 FFI,TRA_OT_AGR,2043.0,1.9927252526596515,0.0010587272749871257,0.01057292361602813,0.009514196341041004
ssp119_CO2 FFI_TRA_OT_CNS_striving,CO2,Kyoto,CO2 FFI,TRA_OT_CNS,2043.0,1.9925488916907748,0.0012350882438638688,0.008531632462728922,0.007296544218865053
ssp119_CO2 FFI_TRA_OT_OTHER_striving,CO2,Kyoto,CO2 FFI,TRA_OT_OTHER,2043.0,1.9936011752176879,0.0001828047169507574,0.0028820471647881263,0.002699242447837369
ssp119_CO2 FFI_TRA_OT_RAI_striving,CO2,Kyoto,CO2 FFI,TRA_OT_RAI,2043.0,1.9934723650966468,0.0003116148379918027,0.0037206323749139347,0.003409017536922132
ssp119_N2O_TRA_OT_AGR_striving,non-CO2,Kyoto,N2O,TRA_OT_AGR,2043.0,1.9937817002910343,2.279643604330417e-06,2.1778832460128683e-05,1.9499188855798266e-05
ssp119_N2O_TRA_OT_CNS_striving,non-CO2,Kyoto,N2O,TRA_OT_CNS,2043.0,1.9937813251743883,2.654760250297983e-06,1.790588898997747e-05,1.5251128739679487e-05
ssp119_N2O_TRA_OT_OTHER_striving,non-CO2,Kyoto,N2O,TRA_OT_OTHER,2043.0,1.9937835875217098,3.924129288179756e-07,5.976951838793099e-06,5.584538909975123e-06
ssp119_N2O_TRA_OT_RAI_striving,non-CO2,Kyoto,N2O,TRA_OT_RAI,2043.0,1.9937833082276268,6.717070117900903e-07,7.624229074965072e-06,6.952522063174982e-06
ssp119,non-CO2,SLCP,,,2044.0,1.9924668468351032,0.0,,
ssp119_BC_TRA_OT_AGR_striving,non-CO2,SLCP,BC,TRA_OT_AGR,2044.0,1.9914713705999587,0.0009954762351445101,0.0019470163006285457,0.0009515400654840356
ssp119_BC_TRA_OT_CNS_striving,non-CO2,SLCP,BC,TRA_OT_CNS,2044.0,1.9912007277729367,0.0012661190621665597,0.0021977901812075817,0.0009316711190410221
ssp119_BC_TRA_OT_OTHER_striving,non-CO2,SLCP,BC,TRA_OT_OTHER,2044.0,1.9924504743881004,1.6372447002810375e-05,7.622459021283667e-05,5.98521432100263e-05
ssp119_BC_TRA_OT_RAI_striving,non-CO2,SLCP,BC,TRA_OT_RAI,2044.0,1.9921605417003188,0.0003063051347844681,0.0006161594030367201,0.00030985426825225204
ssp119_CH4_TRA_OT_AGR_striving,non-CO2,Kyoto,CH4,TRA_OT_AGR,2044.0,1.9920493243541442,0.00041752248095905387,0.001952147505527746,0.001534625024568692
ssp119_CH4_TRA_OT_CNS_striving,non-CO2,Kyoto,CH4,TRA_OT_CNS,2044.0,1.991973680684261,0.0004931661508422724,0.0019081033227894562,0.0014149371719471837
ssp119_CH4_TRA_OT_OTHER_striving,non-CO2,Kyoto,CH4,TRA_OT_OTHER,2044.0,1.9923918591386711,7.498769643210501e-05,0.0005987557981159686,0.0005237681016838636
ssp119_CH4_TRA_OT_RAI_striving,non-CO2,Kyoto,CH4,TRA_OT_RAI,2044.0,1.9923451483036068,0.00012169853149646137,0.0006384662322831414,0.00051676770078668
ssp119_CO2 FFI_TRA_OT_AGR_striving,CO2,Kyoto,CO2 FFI,TRA_OT_AGR,2044.0,1.9912720404089979,0.001194806426105366,0.010796594583236674,0.009601788157131308
ssp119_CO2 FFI_TRA_OT_CNS_striving,CO2,Kyoto,CO2 FFI,TRA_OT_CNS,2044.0,1.9910644218999316,0.00140242493517162,0.008801692044629661,0.007399267109458041
ssp119_CO2 FFI_TRA_OT_OTHER_striving,CO2,Kyoto,CO2 FFI,TRA_OT_OTHER,2044.0,1.9922576406202726,0.0002092062148306706,0.00296679196479932,0.0027575857499686496
ssp119_CO2 FFI_TRA_OT_RAI_striving,CO2,Kyoto,CO2 FFI,TRA_OT_RAI,2044.0,1.9921171846138368,0.00034966222126642243,0.003784103137299377,0.0034344409160329548
ssp119_N2O_TRA_OT_AGR_striving,non-CO2,Kyoto,N2O,TRA_OT_AGR,2044.0,1.9924642706704765,2.5761646267330462e-06,2.217204362220393e-05,1.9595878995470883e-05
ssp119_N2O_TRA_OT_CNS_striving,non-CO2,Kyoto,N2O,TRA_OT_CNS,2044.0,1.9924638278979359,3.01893716736501e-06,1.843437050386143e-05,1.541543333649642e-05
ssp119_N2O_TRA_OT_OTHER_striving,non-CO2,Kyoto,N2O,TRA_OT_OTHER,2044.0,1.9924663971455987,4.496895045225102e-07,6.138279645906408e-06,5.688590141383898e-06
ssp119_N2O_TRA_OT_RAI_striving,non-CO2,Kyoto,N2O,TRA_OT_RAI,2044.0,1.9924660919866302,7.54848473061287e-07,7.727144738733926e-06,6.9722962656726395e-06
ssp119,non-CO2,SLCP,,,2045.0,1.9987624239636028,0.0,,
ssp119_BC_TRA_OT_AGR_striving,non-CO2,SLCP,BC,TRA_OT_AGR,2045.0,1.9977229615799856,0.0010394623836171846,0.0019425348630683903,0.0009030724794512057
ssp119_BC_TRA_OT_CNS_striving,non-CO2,SLCP,BC,TRA_OT_CNS,2045.0,1.997433296166677,0.0013291277969258442,0.0022088864498073235,0.0008797586528814794
ssp119_BC_TRA_OT_OTHER_striving,non-CO2,SLCP,BC,TRA_OT_OTHER,2045.0,1.998744888604471,1.7535359131848338e-05,7.623273791157459e-05,5.869737877972625e-05
ssp119_BC_TRA_OT_RAI_striving,non-CO2,SLCP,BC,TRA_OT_RAI,2045.0,1.9984431481344027,0.0003192758292001052,0.0006135086199625661,0.0002942327907624609
ssp119_CH4_TRA_OT_AGR_striving,non-CO2,Kyoto,CH4,TRA_OT_AGR,2045.0,1.998298921716159,0.0004635022474437367,0.0019659862657646077,0.001502484018320871
ssp119_CH4_TRA_OT_CNS_striving,non-CO2,Kyoto,CH4,TRA_OT_CNS,2045.0,1.9982117348831538,0.0005506890804489739,0.0019447780755252886,0.0013940889950763147
ssp119_CH4_TRA_OT_OTHER_striving,non-CO2,Kyoto,CH4,TRA_OT_OTHER,2045.0,1.9986779118965419,8.451206706094894e-05,0.0006113664573386135,0.0005268543902776646
ssp119_CH4_TRA_OT_RAI_striving,non-CO2,Kyoto,CH4,TRA_OT_RAI,2045.0,1.9986282641750497,0.00013415978855313426,0.0006383964590173097,0.0005042366704641754
ssp119_CO2 FFI_TRA_OT_AGR_striving,CO2,Kyoto,CO2 FFI,TRA_OT_AGR,2045.0,1.9974230455528938,0.001339378410708969,0.01102048584633053,0.009681107435621561
ssp119_CO2 FFI_TRA_OT_CNS_striving,CO2,Kyoto,CO2 FFI,TRA_OT_CNS,2045.0,1.9971818713459546,0.0015805526176482232,0.009072553426225705,0.007492000808577481
ssp119_CO2 FFI_TRA_OT_OTHER_striving,CO2,Kyoto,CO2 FFI,TRA_OT_OTHER,2045.0,1.9985246210358747,0.00023780292772812572,0.003053253244911236,0.0028154503171831102
ssp119_CO2 FFI_TRA_OT_RAI_striving,CO2,Kyoto,CO2 FFI,TRA_OT_RAI,2045.0,1.9983728459979373,0.00038957796566552183,0.003846918291207535,0.003457340325542013
ssp119_N2O_TRA_OT_AGR_striving,non-CO2,Kyoto,N2O,TRA_OT_AGR,2045.0,1.9987595327863337,2.8911772691486703e-06,2.2563691471688685e-05,1.9672514202540015e-05
ssp119_N2O_TRA_OT_CNS_striving,non-CO2,Kyoto,N2O,TRA_OT_CNS,2045.0,1.9987590171516305,3.4068119723063006e-06,1.896245573806965e-05,1.555564376576335e-05
ssp119_N2O_TRA_OT_OTHER_striving,non-CO2,Kyoto,N2O,TRA_OT_OTHER,2045.0,1.998761912221884,5.117417187783246e-07,6.302775336974875e-06,5.7910336181965505e-06
ssp119_N2O_TRA_OT_RAI_striving,non-CO2,Kyoto,N2O,TRA_OT_RAI,2045.0,1.9987615818791309,8.420844719303489e-07,7.828044746416296e-06,6.985960274485947e-06
ssp119,non-CO2,SLCP,,,2046.0,2.004901774574859,0.0,,
ssp119_BC_TRA_OT_AGR_striving,non-CO2,SLCP,BC,TRA_OT_AGR,2046.0,2.0038190379472507,0.0010827366276084938,0.0019383844195779432,0.0008556477919694494
ssp119_BC_TRA_OT_CNS_striving,non-CO2,SLCP,BC,TRA_OT_CNS,2046.0,2.003510661722907,0.0013911128519521476,0.0022190106281776423,0.0008278977762254947
ssp119_BC_TRA_OT_OTHER_striving,non-CO2,SLCP,BC,TRA_OT_OTHER,2046.0,2.004883062398325,1.8712176534041447e-05,7.626497679025235e-05,5.75528002562109e-05
ssp119_BC_TRA_OT_RAI_striving,non-CO2,SLCP,BC,TRA_OT_RAI,2046.0,2.004569849623012,0.0003319249518471956,0.0006109376624943152,0.00027901271064711963
ssp119_CH4_TRA_OT_AGR_striving,non-CO2,Kyoto,CH4,TRA_OT_AGR,2046.0,2.0043904620693906,0.0005113125054685419,0.0019789875549238722,0.0014676750494553303
ssp119_CH4_TRA_OT_CNS_striving,non-CO2,Kyoto,CH4,TRA_OT_CNS,2046.0,2.0042911868739273,0.0006105877009319194,0.0019798500853696055,0.0013692623844376861
ssp119_CH4_TRA_OT_OTHER_striving,non-CO2,Kyoto,CH4,TRA_OT_OTHER,2046.0,2.0048071283338085,9.464624105071096e-05,0.0006241069653971643,0.0005294607243464533
ssp119_CH4_TRA_OT_RAI_striving,non-CO2,Kyoto,CH4,TRA_OT_RAI,2046.0,2.00475487920007,0.00014689537478940196,0.0006379228033535078,0.0004910274285641059
ssp119_CO2 FFI_TRA_OT_AGR_striving,CO2,Kyoto,CO2 FFI,TRA_OT_AGR,2046.0,2.0034092803194614,0.0014924942553977694,0.011244678572744027,0.009752184317346257
ssp119_CO2 FFI_TRA_OT_CNS_striving,CO2,Kyoto,CO2 FFI,TRA_OT_CNS,2046.0,2.003132285868394,0.0017694887064649834,0.009344158812055525,0.007574670105590542
ssp119_CO2 FFI_TRA_OT_OTHER_striving,CO2,Kyoto,CO2 FFI,TRA_OT_OTHER,2046.0,2.004633101736574,0.00026867283828524435,0.003141469439272182,0.0028727966009869377
ssp119_CO2 FFI_TRA_OT_RAI_striving,CO2,Kyoto,CO2 FFI,TRA_OT_RAI,2046.0,2.004470469624615,0.00043130495024401583,0.003909083125545276,0.0034777781753012604
ssp119_N2O_TRA_OT_AGR_striving,non-CO2,Kyoto,N2O,TRA_OT_AGR,2046.0,2.004898549958569,3.224616289987381e-06,2.2953763232802515e-05,1.9729146942815134e-05
ssp119_N2O_TRA_OT_CNS_striving,non-CO2,Kyoto,N2O,TRA_OT_CNS,2046.0,2.0048979563873974,3.8181874617571054e-06,1.9489709201625516e-05,1.567152173986841e-05
ssp119_N2O_TRA_OT_OTHER_striving,non-CO2,Kyoto,N2O,TRA_OT_OTHER,2046.0,2.004901195863573,5.787112860033972e-07,6.470445199191488e-06,5.891733913188091e-06
ssp119_N2O_TRA_OT_RAI_striving,non-CO2,Kyoto,N2O,TRA_OT_RAI,2046.0,2.004900841339605,9.332352539637156e-07,7.926878097475054e-06,6.9936428435113385e-06
ssp119,non-CO2,SLCP,,,2047.0,2.012845000010899,0.0,,
ssp119_BC_TRA_OT_AGR_striving,non-CO2,SLCP,BC,TRA_OT_AGR,2047.0,2.011720143701771,0.0011248563091279529,0.0019339279486869643,0.0008090716395590114
ssp119_BC_TRA_OT_CNS_striving,non-CO2,SLCP,BC,TRA_OT_CNS,2047.0,2.011392879760193,0.0014521202507058462,0.0022281800643493277,0.0007760598136434815
ssp119_BC_TRA_OT_OTHER_striving,non-CO2,SLCP,BC,TRA_OT_OTHER,2047.0,2.0128250774109704,1.9922599928445806e-05,7.636708334368691e-05,5.644448341524111e-05
ssp119_BC_TRA_OT_RAI_striving,non-CO2,SLCP,BC,TRA_OT_RAI,2047.0,2.012501298939435,0.00034370107146397544,0.000607786076696204,0.00026408500523222855
ssp119_CH4_TRA_OT_AGR_striving,non-CO2,Kyoto,CH4,TRA_OT_AGR,2047.0,2.0122842891818826,0.0005607108290162088,0.001991004971279242,0.0014302941422630333
ssp119_CH4_TRA_OT_CNS_striving,non-CO2,Kyoto,CH4,TRA_OT_CNS,2047.0,2.012172353689174,0.0006726463217248124,0.0020132178802008127,0.0013405715584760003
ssp119_CH4_TRA_OT_OTHER_striving,non-CO2,Kyoto,CH4,TRA_OT_OTHER,2047.0,2.0127396061973992,0.00010539381349961019,0.000636973212322367,0.0005315793988227568
ssp119_CH4_TRA_OT_RAI_striving,non-CO2,Kyoto,CH4,TRA_OT_RAI,2047.0,2.01268516867352,0.00015983133737895727,0.0006370249167573228,0.0004771935793783655
ssp119_CO2 FFI_TRA_OT_AGR_striving,CO2,Kyoto,CO2 FFI,TRA_OT_AGR,2047.0,2.011191058763204,0.0016539412476950233,0.011468977420213022,0.009815036172517999
ssp119_CO2 FFI_TRA_OT_CNS_striving,CO2,Kyoto,CO2 FFI,TRA_OT_CNS,2047.0,2.0108757995314623,0.001969200479436495,0.009616456655737515,0.0076472561763010205
ssp119_CO2 FFI_TRA_OT_OTHER_striving,CO2,Kyoto,CO2 FFI,TRA_OT_OTHER,2047.0,2.012543082899376,0.00030191711152305345,0.003231544660780905,0.0029296275492578516
ssp119_CO2 FFI_TRA_OT_RAI_striving,CO2,Kyoto,CO2 FFI,TRA_OT_RAI,2047.0,2.0123702460223503,0.00047475398854857076,0.003970579614965608,0.0034958256264170373
ssp119_N2O_TRA_OT_AGR_striving,non-CO2,Kyoto,N2O,TRA_OT_AGR,2047.0,2.0128414242710435,3.575739855321558e-06,2.3341444105540177e-05,1.976570425021862e-05
ssp119_N2O_TRA_OT_CNS_striving,non-CO2,Kyoto,N2O,TRA_OT_CNS,2047.0,2.012840747442964,4.25256793468165e-06,2.0015411626328472e-05,1.5762843691646822e-05
ssp119_N2O_TRA_OT_OTHER_striving,non-CO2,Kyoto,N2O,TRA_OT_OTHER,2047.0,2.012844349260658,6.507502408048538e-07,6.641319781230948e-06,5.990569540426094e-06
ssp119_N2O_TRA_OT_RAI_striving,non-CO2,Kyoto,N2O,TRA_OT_RAI,2047.0,2.012843971996219,1.0280146800489831e-06,8.023479113106191e-06,6.995464433057208e-06
ssp119,non-CO2,SLCP,,,2048.0,2.0269497469927096,0.0,,
ssp119_BC_TRA_OT_AGR_striving,non-CO2,SLCP,BC,TRA_OT_AGR,2048.0,2.0257837918759485,0.001165955116761097,0.0019292361597891272,0.0007632810430280301
ssp119_BC_TRA_OT_CNS_striving,non-CO2,SLCP,BC,TRA_OT_CNS,2048.0,2.025437417138427,0.0015123298542825125,0.002236571819278943,0.0007242419649964305
ssp119_BC_TRA_OT_OTHER_striving,non-CO2,SLCP,BC,TRA_OT_OTHER,2048.0,2.026928583668499,2.1163324210426993e-05,7.652563417215319e-05,5.53623099617262e-05
ssp119_BC_TRA_OT_RAI_striving,non-CO2,SLCP,BC,TRA_OT_RAI,2048.0,2.0265950349231012,0.0003547120696083539,0.0006041774506546638,0.0002494653810463099
ssp119_CH4_TRA_OT_AGR_striving,non-CO2,Kyoto,CH4,TRA_OT_AGR,2048.0,2.0263382615954133,0.0006114853972962742,0.0020019513928142274,0.0013904659955179532
ssp119_CH4_TRA_OT_CNS_striving,non-CO2,Kyoto,CH4,TRA_OT_CNS,2048.0,2.0262130721192744,0.0007366748734352058,0.002044835367656983,0.0013081604942217773
ssp119_CH4_TRA_OT_OTHER_striving,non-CO2,Kyoto,CH4,TRA_OT_OTHER,2048.0,2.0268329886317225,0.00011675836098712367,0.0006499643557211776,0.0005332059947340539
ssp119_CH4_TRA_OT_RAI_striving,non-CO2,Kyoto,CH4,TRA_OT_RAI,2048.0,2.0267768461695197,0.00017290082318988098,0.0006356956987128015,0.00046279487552292053
ssp119_CO2 FFI_TRA_OT_AGR_striving,CO2,Kyoto,CO2 FFI,TRA_OT_AGR,2048.0,2.0251262976021183,0.001823449390591314,0.01169309019647713,0.009869640805885815
ssp119_CO2 FFI_TRA_OT_CNS_striving,CO2,Kyoto,CO2 FFI,TRA_OT_CNS,2048.0,2.024770192968062,0.002179554024647423,0.00988923600020497,0.007709681975557547
ssp119_CO2 FFI_TRA_OT_OTHER_striving,CO2,Kyoto,CO2 FFI,TRA_OT_OTHER,2048.0,2.0266121326339634,0.00033761435874613,0.0033235035674530344,0.0029858892087069044
ssp119_CO2 FFI_TRA_OT_RAI_striving,CO2,Kyoto,CO2 FFI,TRA_OT_RAI,2048.0,2.0264299335047395,0.0005198134879700333,0.004031350777877307,0.003511537289907274
ssp119_N2O_TRA_OT_AGR_striving,non-CO2,Kyoto,N2O,TRA_OT_AGR,2048.0,2.0269458031040566,3.943888652990779e-06,2.3726097952092573e-05,1.9782209299101794e-05
ssp119_N2O_TRA_OT_CNS_striving,non-CO2,Kyoto,N2O,TRA_OT_CNS,2048.0,2.0269450374703704,4.709522339219063e-06,2.053901347442988e-05,1.5829491135210816e-05
ssp119_N2O_TRA_OT_OTHER_striving,non-CO2,Kyoto,N2O,TRA_OT_OTHER,2048.0,2.026949018983336,7.280093736738991e-07,6.815426159878513e-06,6.0874167862046136e-06
ssp119_N2O_TRA_OT_RAI_striving,non-CO2,Kyoto,N2O,TRA_OT_RAI,2048.0,2.0269486208415577,1.126151151886745e-06,8.117714366484563e-06,6.991563214597818e-06
ssp119,non-CO2,SLCP,,,2049.0,2.0235777800083787,0.0,,
ssp119_BC_TRA_OT_AGR_striving,non-CO2,SLCP,BC,TRA_OT_AGR,2049.0,2.0223715661060764,0.0012062139023023555,0.0019244464294136954,0.0007182325271113399
ssp119_BC_TRA_OT_CNS_striving,non-CO2,SLCP,BC,TRA_OT_CNS,2049.0,2.022005878647563,0.0015719013608155308,0.0022443419851319035,0.0006724406243163727
ssp119_BC_TRA_OT_OTHER_striving,non-CO2,SLCP,BC,TRA_OT_OTHER,2049.0,2.0235553513002267,2.2428708152055776e-05,7.67229176750206e-05,5.429420952296482e-05
ssp119_BC_TRA_OT_RAI_striving,non-CO2,SLCP,BC,TRA_OT_RAI,2049.0,2.023212654367299,0.000365125641079711,0.0006003005580734744,0.00023517491699376336
ssp119_CH4_TRA_OT_AGR_striving,non-CO2,Kyoto,CH4,TRA_OT_AGR,2049.0,2.0229143184391583,0.0006634615692204804,0.0020117912413137873,0.001348329672093307
ssp119_CH4_TRA_OT_CNS_striving,non-CO2,Kyoto,CH4,TRA_OT_CNS,2049.0,2.022775276004737,0.0008025040036416797,0.002074689426862175,0.0012721854232204954
ssp119_CH4_TRA_OT_OTHER_striving,non-CO2,Kyoto,CH4,TRA_OT_OTHER,2049.0,2.0234490385499293,0.00012874145844943286,0.000663074846062095,0.0005343333876126621
ssp119_CH4_TRA_OT_RAI_striving,non-CO2,Kyoto,CH4,TRA_OT_RAI,2049.0,2.023391736077183,0.00018604393119581175,0.000633936550455072,0.00044789261925926027
ssp119_CO2 FFI_TRA_OT_AGR_striving,CO2,Kyoto,CO2 FFI,TRA_OT_AGR,2049.0,2.0215768502842972,0.0020009297240815016,0.01191699778123656,0.009916068057155059
ssp119_CO2 FFI_TRA_OT_CNS_striving,CO2,Kyoto,CO2 FFI,TRA_OT_CNS,2049.0,2.021177201994299,0.0024005780140798905,0.010162532953301273,0.007761954939221383
ssp119_CO2 FFI_TRA_OT_OTHER_striving,CO2,Kyoto,CO2 FFI,TRA_OT_OTHER,2049.0,2.023201919057585,0.0003758609507937827,0.0034174185874396024,0.0030415576366458197
ssp119_CO2 FFI_TRA_OT_RAI_striving,CO2,Kyoto,CO2 FFI,TRA_OT_RAI,2049.0,2.0230113696683065,0.0005664103400722098,0.004091400948697199,0.0035249906086249894
ssp119_N2O_TRA_OT_AGR_striving,non-CO2,Kyoto,N2O,TRA_OT_AGR,2049.0,2.023573451459685,4.328548693699474e-06,2.4107327698086323e-05,1.977877900438685e-05
ssp119_N2O_TRA_OT_CNS_striving,non-CO2,Kyoto,N2O,TRA_OT_CNS,2049.0,2.02357259131414,5.188694238711378e-06,2.1060119138383016e-05,1.5871424899671638e-05
ssp119_N2O_TRA_OT_OTHER_striving,non-CO2,Kyoto,N2O,TRA_OT_OTHER,2049.0,2.023576969375646,8.106327329393537e-07,6.99277200855164e-06,6.182139275612286e-06
ssp119_N2O_TRA_OT_RAI_striving,non-CO2,Kyoto,N2O,TRA_OT_RAI,2049.0,2.023576552613388,1.2273949905328152e-06,8.209494138267104e-06,6.982099147734289e-06
ssp119,non-CO2,SLCP,,,2050.0,2.0427069284449813,0.0,,
ssp119_BC_TRA_OT_AGR_striving,non-CO2,SLCP,BC,TRA_OT_AGR,2050.0,2.0414611863731196,0.0012457420718616774,0.0019196164211412459,0.0006738743492795685
ssp119_BC_TRA_OT_CNS_striving,non-CO2,SLCP,BC,TRA_OT_CNS,2050.0,2.0410759771457134,0.0016309512992678243,0.002251595465199152,0.0006206441659313278
ssp119_BC_TRA_OT_OTHER_striving,non-CO2,SLCP,BC,TRA_OT_OTHER,2050.0,2.042683212623184,2.371582179705456e-05,7.69491223144847e-05,5.323330051743014e-05
ssp119_BC_TRA_OT_RAI_striving,non-CO2,SLCP,BC,TRA_OT_RAI,2050.0,2.0423318975079665,0.000375030937014742,0.0005962476909435743,0.00022121675392883233
ssp119_CH4_TRA_OT_AGR_striving,non-CO2,Kyoto,CH4,TRA_OT_AGR,2050.0,2.0419904267879354,0.0007165016570458427,0.0020205461707045735,0.0013040445136587309
ssp119_CH4_TRA_OT_CNS_striving,non-CO2,Kyoto,CH4,TRA_OT_CNS,2050.0,2.0418369306706943,0.0008699977742869791,0.0021028229758504047,0.0012328252015634256
ssp119_CH4_TRA_OT_OTHER_striving,non-CO2,Kyoto,CH4,TRA_OT_OTHER,2050.0,2.042565581574455,0.00014134687052624884,0.0006763083680922932,0.0005349614975660444
ssp119_CH4_TRA_OT_RAI_striving,non-CO2,Kyoto,CH4,TRA_OT_RAI,2050.0,2.042507718703657,0.0001992097413241467,0.0006317623037448428,0.00043255256242069606
ssp119_CO2 FFI_TRA_OT_AGR_striving,CO2,Kyoto,CO2 FFI,TRA_OT_AGR,2050.0,2.0405207439430564,0.0021861845019248705,0.012140515508297867,0.009954331006372996
ssp119_CO2 FFI_TRA_OT_CNS_striving,CO2,Kyoto,CO2 FFI,TRA_OT_CNS,2050.0,2.040074788993477,0.0026321394515043117,0.0104361500730481,0.007804010621543789
ssp119_CO2 FFI_TRA_OT_OTHER_striving,CO2,Kyoto,CO2 FFI,TRA_OT_OTHER,2050.0,2.0422902061735826,0.0004167222713986618,0.0035132693566581885,0.0030965470852595267
ssp119_CO2 FFI_TRA_OT_RAI_striving,CO2,Kyoto,CO2 FFI,TRA_OT_RAI,2050.0,2.0420924914412497,0.0006144370037315383,0.004150681758652297,0.0035362447549207587
ssp119_N2O_TRA_OT_AGR_striving,non-CO2,Kyoto,N2O,TRA_OT_AGR,2050.0,2.042702199145447,4.7292995342118616e-06,2.4484910205568866e-05,1.9755610671357005e-05
ssp119_N2O_TRA_OT_CNS_striving,non-CO2,Kyoto,N2O,TRA_OT_CNS,2050.0,2.0427012386514307,5.689793550534006e-06,2.1578491197438154e-05,1.588869764690415e-05
ssp119_N2O_TRA_OT_OTHER_striving,non-CO2,Kyoto,N2O,TRA_OT_OTHER,2050.0,2.0427060296741457,8.987708355334689e-07,7.1733735507173435e-06,6.274602715183875e-06
ssp119_N2O_TRA_OT_RAI_striving,non-CO2,Kyoto,N2O,TRA_OT_RAI,2050.0,2.0427055969275436,1.331517437641594e-06,8.29876727426182e-06,6.967249836620226e-06
