Scenario,Sector,Sub-Sector,Species,Units,Year,ems,Source
BAU,off-road,TRA_OT_CNS,co2,Mt,1990,122.0,TTW
BAU,off-road,TRA_OT_AGR,co2,Mt,1990,218.22,TTW
BAU,off-road,TRA_OT_RAI,co2,Mt,1990,92.03,TTW
BAU,off-road,TRA_OT_OTHER,co2,Mt,1990,51.471391478676935,TTW
BAU,off-road,TRA_OT_CNS,bc,kt,1990,98.19,TTW
BAU,off-road,TRA_OT_AGR,bc,kt,1990,148.32,TTW
BAU,off-road,TRA_OT_RAI,bc,kt,1990,54.66,TTW
BAU,off-road,TRA_OT_OTHER,bc,kt,1990,9.081314930260401,TTW
BAU,off-road,TRA_OT_CNS,ch4,kt,1990,6.91,TTW
BAU,off-road,TRA_OT_AGR,ch4,kt,1990,12.32,TTW
BAU,off-road,TRA_OT_RAI,ch4,kt,1990,5.21,TTW
BAU,off-road,TRA_OT_OTHER,ch4,kt,1990,12.18,TTW
BAU,off-road,TRA_OT_CNS,co2,Mt,1991,117.798,TTW
BAU,off-road,TRA_OT_AGR,co2,Mt,1991,220.126,TTW
BAU,off-road,TRA_OT_RAI,co2,Mt,1991,88.426,TTW
BAU,off-road,TRA_OT_OTHER,co2,Mt,1991,50.59324892389036,TTW
BAU,off-road,TRA_OT_CNS,bc,kt,1991,94.994,TTW
BAU,off-road,TRA_OT_AGR,bc,kt,1991,149.894,TTW
BAU,off-road,TRA_OT_RAI,bc,kt,1991,52.534,TTW
BAU,off-road,TRA_OT_OTHER,bc,kt,1991,8.07311237701287,TTW
BAU,off-road,TRA_OT_CNS,ch4,kt,1991,6.668,TTW
BAU,off-road,TRA_OT_AGR,ch4,kt,1991,12.424,TTW
BAU,off-road,TRA_OT_RAI,ch4,kt,1991,5.008,TTW
BAU,off-road,TRA_OT_OTHER,ch4,kt,1991,11.538,TTW
BAU,off-road,TRA_OT_CNS,co2,Mt,1992,113.596,TTW
BAU,off-road,TRA_OT_AGR,co2,Mt,1992,222.032,TTW
BAU,off-road,TRA_OT_RAI,co2,Mt,1992,84.822,TTW
BAU,off-road,TRA_OT_OTHER,co2,Mt,1992,49.71510636910378,TTW
BAU,off-road,TRA_OT_CNS,bc,kt,1992,91.798,TTW
BAU,off-road,TRA_OT_AGR,bc,kt,1992,151.468,TTW
BAU,off-road,TRA_OT_RAI,bc,kt,1992,50.408,TTW
BAU,off-road,TRA_OT_OTHER,bc,kt,1992,7.0649098237653405,TTW
BAU,off-road,TRA_OT_CNS,ch4,kt,1992,6.426,TTW
BAU,off-road,TRA_OT_AGR,ch4,kt,1992,12.528,TTW
BAU,off-road,TRA_OT_RAI,ch4,kt,1992,4.806,TTW
BAU,off-road,TRA_OT_OTHER,ch4,kt,1992,10.896,TTW
BAU,off-road,TRA_OT_CNS,co2,Mt,1993,109.394,TTW
BAU,off-road,TRA_OT_AGR,co2,Mt,1993,223.938,TTW
BAU,off-road,TRA_OT_RAI,co2,Mt,1993,81.218,TTW
BAU,off-road,TRA_OT_OTHER,co2,Mt,1993,48.8369638143172,TTW
BAU,off-road,TRA_OT_CNS,bc,kt,1993,88.602,TTW
BAU,off-road,TRA_OT_AGR,bc,kt,1993,153.042,TTW
BAU,off-road,TRA_OT_RAI,bc,kt,1993,48.282,TTW
BAU,off-road,TRA_OT_OTHER,bc,kt,1993,6.056707270517809,TTW
BAU,off-road,TRA_OT_CNS,ch4,kt,1993,6.184,TTW
BAU,off-road,TRA_OT_AGR,ch4,kt,1993,12.632,TTW
BAU,off-road,TRA_OT_RAI,ch4,kt,1993,4.604,TTW
BAU,off-road,TRA_OT_OTHER,ch4,kt,1993,10.254000000000001,TTW
BAU,off-road,TRA_OT_CNS,co2,Mt,1994,105.192,TTW
BAU,off-road,TRA_OT_AGR,co2,Mt,1994,225.844,TTW
BAU,off-road,TRA_OT_RAI,co2,Mt,1994,77.614,TTW
BAU,off-road,TRA_OT_OTHER,co2,Mt,1994,47.95882125953062,TTW
BAU,off-road,TRA_OT_CNS,bc,kt,1994,85.40599999999999,TTW
BAU,off-road,TRA_OT_AGR,bc,kt,1994,154.61599999999999,TTW
BAU,off-road,TRA_OT_RAI,bc,kt,1994,46.156,TTW
BAU,off-road,TRA_OT_OTHER,bc,kt,1994,5.048504717270279,TTW
BAU,off-road,TRA_OT_CNS,ch4,kt,1994,5.942,TTW
BAU,off-road,TRA_OT_AGR,ch4,kt,1994,12.736,TTW
BAU,off-road,TRA_OT_RAI,ch4,kt,1994,4.402,TTW
BAU,off-road,TRA_OT_OTHER,ch4,kt,1994,9.612,TTW
BAU,off-road,TRA_OT_CNS,co2,Mt,1995,100.99,TTW
BAU,off-road,TRA_OT_AGR,co2,Mt,1995,227.75,TTW
BAU,off-road,TRA_OT_RAI,co2,Mt,1995,74.01,TTW
BAU,off-road,TRA_OT_OTHER,co2,Mt,1995,47.080678704744045,TTW
BAU,off-road,TRA_OT_CNS,bc,kt,1995,82.21,TTW
BAU,off-road,TRA_OT_AGR,bc,kt,1995,156.19,TTW
BAU,off-road,TRA_OT_RAI,bc,kt,1995,44.03,TTW
BAU,off-road,TRA_OT_OTHER,bc,kt,1995,4.040302164022749,TTW
BAU,off-road,TRA_OT_CNS,ch4,kt,1995,5.7,TTW
BAU,off-road,TRA_OT_AGR,ch4,kt,1995,12.84,TTW
BAU,off-road,TRA_OT_RAI,ch4,kt,1995,4.2,TTW
BAU,off-road,TRA_OT_OTHER,ch4,kt,1995,8.97,TTW
BAU,off-road,TRA_OT_CNS,co2,Mt,1996,102.81,TTW
BAU,off-road,TRA_OT_AGR,co2,Mt,1996,222.518,TTW
BAU,off-road,TRA_OT_RAI,co2,Mt,1996,75.626,TTW
BAU,off-road,TRA_OT_OTHER,co2,Mt,1996,47.88572540092127,TTW
BAU,off-road,TRA_OT_CNS,bc,kt,1996,83.526,TTW
BAU,off-road,TRA_OT_AGR,bc,kt,1996,153.04,TTW
BAU,off-road,TRA_OT_RAI,bc,kt,1996,44.986000000000004,TTW
BAU,off-road,TRA_OT_OTHER,bc,kt,1996,3.8669170115534275,TTW
BAU,off-road,TRA_OT_CNS,ch4,kt,1996,5.808,TTW
BAU,off-road,TRA_OT_AGR,ch4,kt,1996,12.548,TTW
BAU,off-road,TRA_OT_RAI,ch4,kt,1996,4.2860000000000005,TTW
BAU,off-road,TRA_OT_OTHER,ch4,kt,1996,8.690000000000001,TTW
BAU,off-road,TRA_OT_CNS,co2,Mt,1997,104.63,TTW
BAU,off-road,TRA_OT_AGR,co2,Mt,1997,217.286,TTW
BAU,off-road,TRA_OT_RAI,co2,Mt,1997,77.242,TTW
BAU,off-road,TRA_OT_OTHER,co2,Mt,1997,48.69077209709849,TTW
BAU,off-road,TRA_OT_CNS,bc,kt,1997,84.842,TTW
BAU,off-road,TRA_OT_AGR,bc,kt,1997,149.89,TTW
BAU,off-road,TRA_OT_RAI,bc,kt,1997,45.942,TTW
BAU,off-road,TRA_OT_OTHER,bc,kt,1997,3.693531859084107,TTW
BAU,off-road,TRA_OT_CNS,ch4,kt,1997,5.916,TTW
BAU,off-road,TRA_OT_AGR,ch4,kt,1997,12.256,TTW
BAU,off-road,TRA_OT_RAI,ch4,kt,1997,4.372,TTW
BAU,off-road,TRA_OT_OTHER,ch4,kt,1997,8.41,TTW
BAU,off-road,TRA_OT_CNS,co2,Mt,1998,106.45,TTW
BAU,off-road,TRA_OT_AGR,co2,Mt,1998,212.054,TTW
BAU,off-road,TRA_OT_RAI,co2,Mt,1998,78.858,TTW
BAU,off-road,TRA_OT_OTHER,co2,Mt,1998,49.49581879327571,TTW
BAU,off-road,TRA_OT_CNS,bc,kt,1998,86.158,TTW
BAU,off-road,TRA_OT_AGR,bc,kt,1998,146.74,TTW
BAU,off-road,TRA_OT_RAI,bc,kt,1998,46.898,TTW
BAU,off-road,TRA_OT_OTHER,bc,kt,1998,3.5201467066147862,TTW
BAU,off-road,TRA_OT_CNS,ch4,kt,1998,6.024,TTW
BAU,off-road,TRA_OT_AGR,ch4,kt,1998,11.964,TTW
BAU,off-road,TRA_OT_RAI,ch4,kt,1998,4.458,TTW
BAU,off-road,TRA_OT_OTHER,ch4,kt,1998,8.13,TTW
BAU,off-road,TRA_OT_CNS,co2,Mt,1999,108.27,TTW
BAU,off-road,TRA_OT_AGR,co2,Mt,1999,206.822,TTW
BAU,off-road,TRA_OT_RAI,co2,Mt,1999,80.474,TTW
BAU,off-road,TRA_OT_OTHER,co2,Mt,1999,50.30086548945294,TTW
BAU,off-road,TRA_OT_CNS,bc,kt,1999,87.474,TTW
BAU,off-road,TRA_OT_AGR,bc,kt,1999,143.59,TTW
BAU,off-road,TRA_OT_RAI,bc,kt,1999,47.854,TTW
BAU,off-road,TRA_OT_OTHER,bc,kt,1999,3.3467615541454654,TTW
BAU,off-road,TRA_OT_CNS,ch4,kt,1999,6.132000000000001,TTW
BAU,off-road,TRA_OT_AGR,ch4,kt,1999,11.672,TTW
BAU,off-road,TRA_OT_RAI,ch4,kt,1999,4.544,TTW
BAU,off-road,TRA_OT_OTHER,ch4,kt,1999,7.8500000000000005,TTW
BAU,off-road,TRA_OT_CNS,co2,Mt,2000,110.09,TTW
BAU,off-road,TRA_OT_AGR,co2,Mt,2000,201.59,TTW
BAU,off-road,TRA_OT_RAI,co2,Mt,2000,82.09,TTW
BAU,off-road,TRA_OT_OTHER,co2,Mt,2000,51.10591218563016,TTW
BAU,off-road,TRA_OT_CNS,bc,kt,2000,88.79,TTW
BAU,off-road,TRA_OT_AGR,bc,kt,2000,140.44,TTW
BAU,off-road,TRA_OT_RAI,bc,kt,2000,48.81,TTW
BAU,off-road,TRA_OT_OTHER,bc,kt,2000,3.173376401676145,TTW
BAU,off-road,TRA_OT_CNS,ch4,kt,2000,6.24,TTW
BAU,off-road,TRA_OT_AGR,ch4,kt,2000,11.38,TTW
BAU,off-road,TRA_OT_RAI,ch4,kt,2000,4.63,TTW
BAU,off-road,TRA_OT_OTHER,ch4,kt,2000,7.57,TTW
BAU,off-road,TRA_OT_CNS,co2,Mt,2001,111.272,TTW
BAU,off-road,TRA_OT_AGR,co2,Mt,2001,206.724,TTW
BAU,off-road,TRA_OT_RAI,co2,Mt,2001,85.324,TTW
BAU,off-road,TRA_OT_OTHER,co2,Mt,2001,51.72640010758106,TTW
BAU,off-road,TRA_OT_CNS,bc,kt,2001,88.324,TTW
BAU,off-road,TRA_OT_AGR,bc,kt,2001,142.056,TTW
BAU,off-road,TRA_OT_RAI,bc,kt,2001,50.356,TTW
BAU,off-road,TRA_OT_OTHER,bc,kt,2001,3.4452271962885366,TTW
BAU,off-road,TRA_OT_CNS,ch4,kt,2001,6.306,TTW
BAU,off-road,TRA_OT_AGR,ch4,kt,2001,11.680000000000001,TTW
BAU,off-road,TRA_OT_RAI,ch4,kt,2001,4.82,TTW
BAU,off-road,TRA_OT_OTHER,ch4,kt,2001,7.63,TTW
BAU,off-road,TRA_OT_CNS,co2,Mt,2002,112.45400000000001,TTW
BAU,off-road,TRA_OT_AGR,co2,Mt,2002,211.858,TTW
BAU,off-road,TRA_OT_RAI,co2,Mt,2002,88.558,TTW
BAU,off-road,TRA_OT_OTHER,co2,Mt,2002,52.34688802953195,TTW
BAU,off-road,TRA_OT_CNS,bc,kt,2002,87.858,TTW
BAU,off-road,TRA_OT_AGR,bc,kt,2002,143.672,TTW
BAU,off-road,TRA_OT_RAI,bc,kt,2002,51.902,TTW
BAU,off-road,TRA_OT_OTHER,bc,kt,2002,3.717077990900928,TTW
BAU,off-road,TRA_OT_CNS,ch4,kt,2002,6.372,TTW
BAU,off-road,TRA_OT_AGR,ch4,kt,2002,11.98,TTW
BAU,off-road,TRA_OT_RAI,ch4,kt,2002,5.01,TTW
BAU,off-road,TRA_OT_OTHER,ch4,kt,2002,7.69,TTW
BAU,off-road,TRA_OT_CNS,co2,Mt,2003,113.636,TTW
BAU,off-road,TRA_OT_AGR,co2,Mt,2003,216.992,TTW
BAU,off-road,TRA_OT_RAI,co2,Mt,2003,91.792,TTW
BAU,off-road,TRA_OT_OTHER,co2,Mt,2003,52.96737595148284,TTW
BAU,off-road,TRA_OT_CNS,bc,kt,2003,87.392,TTW
BAU,off-road,TRA_OT_AGR,bc,kt,2003,145.288,TTW
BAU,off-road,TRA_OT_RAI,bc,kt,2003,53.448,TTW
BAU,off-road,TRA_OT_OTHER,bc,kt,2003,3.98892878551332,TTW
BAU,off-road,TRA_OT_CNS,ch4,kt,2003,6.438000000000001,TTW
BAU,off-road,TRA_OT_AGR,ch4,kt,2003,12.280000000000001,TTW
BAU,off-road,TRA_OT_RAI,ch4,kt,2003,5.2,TTW
BAU,off-road,TRA_OT_OTHER,ch4,kt,2003,7.75,TTW
BAU,off-road,TRA_OT_CNS,co2,Mt,2004,114.818,TTW
BAU,off-road,TRA_OT_AGR,co2,Mt,2004,222.126,TTW
BAU,off-road,TRA_OT_RAI,co2,Mt,2004,95.02600000000001,TTW
BAU,off-road,TRA_OT_OTHER,co2,Mt,2004,53.58786387343374,TTW
BAU,off-road,TRA_OT_CNS,bc,kt,2004,86.926,TTW
BAU,off-road,TRA_OT_AGR,bc,kt,2004,146.904,TTW
BAU,off-road,TRA_OT_RAI,bc,kt,2004,54.994,TTW
BAU,off-road,TRA_OT_OTHER,bc,kt,2004,4.260779580125711,TTW
BAU,off-road,TRA_OT_CNS,ch4,kt,2004,6.5040000000000004,TTW
BAU,off-road,TRA_OT_AGR,ch4,kt,2004,12.58,TTW
BAU,off-road,TRA_OT_RAI,ch4,kt,2004,5.39,TTW
BAU,off-road,TRA_OT_OTHER,ch4,kt,2004,7.8100000000000005,TTW
BAU,off-road,TRA_OT_CNS,co2,Mt,2005,116.0,TTW
BAU,off-road,TRA_OT_AGR,co2,Mt,2005,227.26,TTW
BAU,off-road,TRA_OT_RAI,co2,Mt,2005,98.26,TTW
BAU,off-road,TRA_OT_OTHER,co2,Mt,2005,54.20835179538463,TTW
BAU,off-road,TRA_OT_CNS,bc,kt,2005,86.46,TTW
BAU,off-road,TRA_OT_AGR,bc,kt,2005,148.52,TTW
BAU,off-road,TRA_OT_RAI,bc,kt,2005,56.54,TTW
BAU,off-road,TRA_OT_OTHER,bc,kt,2005,4.532630374738103,TTW
BAU,off-road,TRA_OT_CNS,ch4,kt,2005,6.57,TTW
BAU,off-road,TRA_OT_AGR,ch4,kt,2005,12.88,TTW
BAU,off-road,TRA_OT_RAI,ch4,kt,2005,5.58,TTW
BAU,off-road,TRA_OT_OTHER,ch4,kt,2005,7.87,TTW
BAU,off-road,TRA_OT_CNS,co2,Mt,2006,116.684,TTW
BAU,off-road,TRA_OT_AGR,co2,Mt,2006,227.22,TTW
BAU,off-road,TRA_OT_RAI,co2,Mt,2006,95.196,TTW
BAU,off-road,TRA_OT_OTHER,co2,Mt,2006,54.36578902931247,TTW
BAU,off-road,TRA_OT_CNS,bc,kt,2006,86.092,TTW
BAU,off-road,TRA_OT_AGR,bc,kt,2006,146.966,TTW
BAU,off-road,TRA_OT_RAI,bc,kt,2006,54.47,TTW
BAU,off-road,TRA_OT_OTHER,bc,kt,2006,4.576511802214907,TTW
BAU,off-road,TRA_OT_CNS,ch4,kt,2006,6.628,TTW
BAU,off-road,TRA_OT_AGR,ch4,kt,2006,12.930000000000001,TTW
BAU,off-road,TRA_OT_RAI,ch4,kt,2006,5.416,TTW
BAU,off-road,TRA_OT_OTHER,ch4,kt,2006,8.028,TTW
BAU,off-road,TRA_OT_CNS,co2,Mt,2007,117.368,TTW
BAU,off-road,TRA_OT_AGR,co2,Mt,2007,227.18,TTW
BAU,off-road,TRA_OT_RAI,co2,Mt,2007,92.132,TTW
BAU,off-road,TRA_OT_OTHER,co2,Mt,2007,54.52322626324031,TTW
BAU,off-road,TRA_OT_CNS,bc,kt,2007,85.724,TTW
BAU,off-road,TRA_OT_AGR,bc,kt,2007,145.412,TTW
BAU,off-road,TRA_OT_RAI,bc,kt,2007,52.4,TTW
BAU,off-road,TRA_OT_OTHER,bc,kt,2007,4.62039322969171,TTW
BAU,off-road,TRA_OT_CNS,ch4,kt,2007,6.686,TTW
BAU,off-road,TRA_OT_AGR,ch4,kt,2007,12.98,TTW
BAU,off-road,TRA_OT_RAI,ch4,kt,2007,5.252,TTW
BAU,off-road,TRA_OT_OTHER,ch4,kt,2007,8.186,TTW
BAU,off-road,TRA_OT_CNS,co2,Mt,2008,118.052,TTW
BAU,off-road,TRA_OT_AGR,co2,Mt,2008,227.14,TTW
BAU,off-road,TRA_OT_RAI,co2,Mt,2008,89.068,TTW
BAU,off-road,TRA_OT_OTHER,co2,Mt,2008,54.68066349716815,TTW
BAU,off-road,TRA_OT_CNS,bc,kt,2008,85.356,TTW
BAU,off-road,TRA_OT_AGR,bc,kt,2008,143.858,TTW
BAU,off-road,TRA_OT_RAI,bc,kt,2008,50.33,TTW
BAU,off-road,TRA_OT_OTHER,bc,kt,2008,4.664274657168513,TTW
BAU,off-road,TRA_OT_CNS,ch4,kt,2008,6.744000000000001,TTW
BAU,off-road,TRA_OT_AGR,ch4,kt,2008,13.030000000000001,TTW
BAU,off-road,TRA_OT_RAI,ch4,kt,2008,5.088,TTW
BAU,off-road,TRA_OT_OTHER,ch4,kt,2008,8.344,TTW
BAU,off-road,TRA_OT_CNS,co2,Mt,2009,118.736,TTW
BAU,off-road,TRA_OT_AGR,co2,Mt,2009,227.1,TTW
BAU,off-road,TRA_OT_RAI,co2,Mt,2009,86.004,TTW
BAU,off-road,TRA_OT_OTHER,co2,Mt,2009,54.838100731095984,TTW
BAU,off-road,TRA_OT_CNS,bc,kt,2009,84.988,TTW
BAU,off-road,TRA_OT_AGR,bc,kt,2009,142.304,TTW
BAU,off-road,TRA_OT_RAI,bc,kt,2009,48.26,TTW
BAU,off-road,TRA_OT_OTHER,bc,kt,2009,4.708156084645316,TTW
BAU,off-road,TRA_OT_CNS,ch4,kt,2009,6.8020000000000005,TTW
BAU,off-road,TRA_OT_AGR,ch4,kt,2009,13.08,TTW
BAU,off-road,TRA_OT_RAI,ch4,kt,2009,4.9239999999999995,TTW
BAU,off-road,TRA_OT_OTHER,ch4,kt,2009,8.502,TTW
BAU,off-road,TRA_OT_CNS,co2,Mt,2010,119.42,TTW
BAU,off-road,TRA_OT_AGR,co2,Mt,2010,227.06,TTW
BAU,off-road,TRA_OT_RAI,co2,Mt,2010,82.94,TTW
BAU,off-road,TRA_OT_OTHER,co2,Mt,2010,54.99553796502382,TTW
BAU,off-road,TRA_OT_CNS,bc,kt,2010,84.62,TTW
BAU,off-road,TRA_OT_AGR,bc,kt,2010,140.75,TTW
BAU,off-road,TRA_OT_RAI,bc,kt,2010,46.19,TTW
BAU,off-road,TRA_OT_OTHER,bc,kt,2010,4.75203751212212,TTW
BAU,off-road,TRA_OT_CNS,ch4,kt,2010,6.86,TTW
BAU,off-road,TRA_OT_AGR,ch4,kt,2010,13.13,TTW
BAU,off-road,TRA_OT_RAI,ch4,kt,2010,4.76,TTW
BAU,off-road,TRA_OT_OTHER,ch4,kt,2010,8.66,TTW
BAU,off-road,TRA_OT_CNS,co2,Mt,2011,122.676,TTW
BAU,off-road,TRA_OT_AGR,co2,Mt,2011,226.17000000000002,TTW
BAU,off-road,TRA_OT_RAI,co2,Mt,2011,84.432,TTW
BAU,off-road,TRA_OT_OTHER,co2,Mt,2011,56.50012195060731,TTW
BAU,off-road,TRA_OT_CNS,bc,kt,2011,84.22800000000001,TTW
BAU,off-road,TRA_OT_AGR,bc,kt,2011,137.564,TTW
BAU,off-road,TRA_OT_RAI,bc,kt,2011,45.85,TTW
BAU,off-road,TRA_OT_OTHER,bc,kt,2011,4.755248348278959,TTW
BAU,off-road,TRA_OT_CNS,ch4,kt,2011,7.064,TTW
BAU,off-road,TRA_OT_AGR,ch4,kt,2011,13.110000000000001,TTW
BAU,off-road,TRA_OT_RAI,ch4,kt,2011,4.851999999999999,TTW
BAU,off-road,TRA_OT_OTHER,ch4,kt,2011,8.802,TTW
BAU,off-road,TRA_OT_CNS,co2,Mt,2012,125.932,TTW
BAU,off-road,TRA_OT_AGR,co2,Mt,2012,225.28,TTW
BAU,off-road,TRA_OT_RAI,co2,Mt,2012,85.924,TTW
BAU,off-road,TRA_OT_OTHER,co2,Mt,2012,58.00470593619079,TTW
BAU,off-road,TRA_OT_CNS,bc,kt,2012,83.836,TTW
BAU,off-road,TRA_OT_AGR,bc,kt,2012,134.378,TTW
BAU,off-road,TRA_OT_RAI,bc,kt,2012,45.51,TTW
BAU,off-road,TRA_OT_OTHER,bc,kt,2012,4.758459184435799,TTW
BAU,off-road,TRA_OT_CNS,ch4,kt,2012,7.268,TTW
BAU,off-road,TRA_OT_AGR,ch4,kt,2012,13.09,TTW
BAU,off-road,TRA_OT_RAI,ch4,kt,2012,4.944,TTW
BAU,off-road,TRA_OT_OTHER,ch4,kt,2012,8.943999999999999,TTW
BAU,off-road,TRA_OT_CNS,co2,Mt,2013,129.188,TTW
BAU,off-road,TRA_OT_AGR,co2,Mt,2013,224.39000000000001,TTW
BAU,off-road,TRA_OT_RAI,co2,Mt,2013,87.416,TTW
BAU,off-road,TRA_OT_OTHER,co2,Mt,2013,59.50928992177426,TTW
BAU,off-road,TRA_OT_CNS,bc,kt,2013,83.444,TTW
BAU,off-road,TRA_OT_AGR,bc,kt,2013,131.192,TTW
BAU,off-road,TRA_OT_RAI,bc,kt,2013,45.17,TTW
BAU,off-road,TRA_OT_OTHER,bc,kt,2013,4.761670020592637,TTW
BAU,off-road,TRA_OT_CNS,ch4,kt,2013,7.4719999999999995,TTW
BAU,off-road,TRA_OT_AGR,ch4,kt,2013,13.07,TTW
BAU,off-road,TRA_OT_RAI,ch4,kt,2013,5.036,TTW
BAU,off-road,TRA_OT_OTHER,ch4,kt,2013,9.086,TTW
BAU,off-road,TRA_OT_CNS,co2,Mt,2014,132.444,TTW
BAU,off-road,TRA_OT_AGR,co2,Mt,2014,223.5,TTW
BAU,off-road,TRA_OT_RAI,co2,Mt,2014,88.908,TTW
BAU,off-road,TRA_OT_OTHER,co2,Mt,2014,61.01387390735775,TTW
BAU,off-road,TRA_OT_CNS,bc,kt,2014,83.05199999999999,TTW
BAU,off-road,TRA_OT_AGR,bc,kt,2014,128.006,TTW
BAU,off-road,TRA_OT_RAI,bc,kt,2014,44.83,TTW
BAU,off-road,TRA_OT_OTHER,bc,kt,2014,4.7648808567494765,TTW
BAU,off-road,TRA_OT_CNS,ch4,kt,2014,7.676,TTW
BAU,off-road,TRA_OT_AGR,ch4,kt,2014,13.049999999999999,TTW
BAU,off-road,TRA_OT_RAI,ch4,kt,2014,5.128,TTW
BAU,off-road,TRA_OT_OTHER,ch4,kt,2014,9.228,TTW
BAU,off-road,TRA_OT_CNS,co2,Mt,2015,135.7,TTW
BAU,off-road,TRA_OT_AGR,co2,Mt,2015,222.61,TTW
BAU,off-road,TRA_OT_RAI,co2,Mt,2015,90.4,TTW
BAU,off-road,TRA_OT_OTHER,co2,Mt,2015,62.51845789294123,TTW
BAU,off-road,TRA_OT_CNS,bc,kt,2015,82.66,TTW
BAU,off-road,TRA_OT_AGR,bc,kt,2015,124.82,TTW
BAU,off-road,TRA_OT_RAI,bc,kt,2015,44.49,TTW
BAU,off-road,TRA_OT_OTHER,bc,kt,2015,4.768091692906316,TTW
BAU,off-road,TRA_OT_CNS,ch4,kt,2015,7.88,TTW
BAU,off-road,TRA_OT_AGR,ch4,kt,2015,13.03,TTW
BAU,off-road,TRA_OT_RAI,ch4,kt,2015,5.22,TTW
BAU,off-road,TRA_OT_OTHER,ch4,kt,2015,9.37,TTW
BAU,off-road,TRA_OT_CNS,co2,Mt,2016,160.378,TTW
BAU,off-road,TRA_OT_AGR,co2,Mt,2016,226.90800000000002,TTW
BAU,off-road,TRA_OT_RAI,co2,Mt,2016,88.73,TTW
BAU,off-road,TRA_OT_OTHER,co2,Mt,2016,62.61437553546029,TTW
BAU,off-road,TRA_OT_CNS,bc,kt,2016,89.26599999999999,TTW
BAU,off-road,TRA_OT_AGR,bc,kt,2016,120.768,TTW
BAU,off-road,TRA_OT_RAI,bc,kt,2016,42.724000000000004,TTW
BAU,off-road,TRA_OT_OTHER,bc,kt,2016,4.562598178868603,TTW
BAU,off-road,TRA_OT_CNS,ch4,kt,2016,9.326,TTW
BAU,off-road,TRA_OT_AGR,ch4,kt,2016,13.283999999999999,TTW
BAU,off-road,TRA_OT_RAI,ch4,kt,2016,5.124,TTW
BAU,off-road,TRA_OT_OTHER,ch4,kt,2016,9.783999999999999,TTW
BAU,off-road,TRA_OT_CNS,co2,Mt,2017,185.05599999999998,TTW
BAU,off-road,TRA_OT_AGR,co2,Mt,2017,231.20600000000002,TTW
BAU,off-road,TRA_OT_RAI,co2,Mt,2017,87.06,TTW
BAU,off-road,TRA_OT_OTHER,co2,Mt,2017,62.710293177979345,TTW
BAU,off-road,TRA_OT_CNS,bc,kt,2017,95.872,TTW
BAU,off-road,TRA_OT_AGR,bc,kt,2017,116.716,TTW
BAU,off-road,TRA_OT_RAI,bc,kt,2017,40.958,TTW
BAU,off-road,TRA_OT_OTHER,bc,kt,2017,4.3571046648308895,TTW
BAU,off-road,TRA_OT_CNS,ch4,kt,2017,10.772,TTW
BAU,off-road,TRA_OT_AGR,ch4,kt,2017,13.538,TTW
BAU,off-road,TRA_OT_RAI,ch4,kt,2017,5.028,TTW
BAU,off-road,TRA_OT_OTHER,ch4,kt,2017,10.197999999999999,TTW
BAU,off-road,TRA_OT_CNS,co2,Mt,2018,209.73399999999998,TTW
BAU,off-road,TRA_OT_AGR,co2,Mt,2018,235.504,TTW
BAU,off-road,TRA_OT_RAI,co2,Mt,2018,85.39,TTW
BAU,off-road,TRA_OT_OTHER,co2,Mt,2018,62.806210820498414,TTW
BAU,off-road,TRA_OT_CNS,bc,kt,2018,102.478,TTW
BAU,off-road,TRA_OT_AGR,bc,kt,2018,112.664,TTW
BAU,off-road,TRA_OT_RAI,bc,kt,2018,39.192,TTW
BAU,off-road,TRA_OT_OTHER,bc,kt,2018,4.151611150793176,TTW
BAU,off-road,TRA_OT_CNS,ch4,kt,2018,12.218,TTW
BAU,off-road,TRA_OT_AGR,ch4,kt,2018,13.792,TTW
BAU,off-road,TRA_OT_RAI,ch4,kt,2018,4.932,TTW
BAU,off-road,TRA_OT_OTHER,ch4,kt,2018,10.611999999999998,TTW
BAU,off-road,TRA_OT_CNS,co2,Mt,2019,234.41199999999998,TTW
BAU,off-road,TRA_OT_AGR,co2,Mt,2019,239.802,TTW
BAU,off-road,TRA_OT_RAI,co2,Mt,2019,83.72,TTW
BAU,off-road,TRA_OT_OTHER,co2,Mt,2019,62.902128463017476,TTW
BAU,off-road,TRA_OT_CNS,bc,kt,2019,109.084,TTW
BAU,off-road,TRA_OT_AGR,bc,kt,2019,108.612,TTW
BAU,off-road,TRA_OT_RAI,bc,kt,2019,37.425999999999995,TTW
BAU,off-road,TRA_OT_OTHER,bc,kt,2019,3.946117636755463,TTW
BAU,off-road,TRA_OT_CNS,ch4,kt,2019,13.664,TTW
BAU,off-road,TRA_OT_AGR,ch4,kt,2019,14.046000000000001,TTW
BAU,off-road,TRA_OT_RAI,ch4,kt,2019,4.836,TTW
BAU,off-road,TRA_OT_OTHER,ch4,kt,2019,11.026,TTW
BAU,off-road,TRA_OT_CNS,co2,Mt,2020,259.09,TTW
BAU,off-road,TRA_OT_AGR,co2,Mt,2020,244.1,TTW
BAU,off-road,TRA_OT_RAI,co2,Mt,2020,82.05,TTW
BAU,off-road,TRA_OT_OTHER,co2,Mt,2020,62.99804610553653,TTW
BAU,off-road,TRA_OT_CNS,bc,kt,2020,115.69,TTW
BAU,off-road,TRA_OT_AGR,bc,kt,2020,104.56,TTW
BAU,off-road,TRA_OT_RAI,bc,kt,2020,35.66,TTW
BAU,off-road,TRA_OT_OTHER,bc,kt,2020,3.7406241227177497,TTW
BAU,off-road,TRA_OT_CNS,ch4,kt,2020,15.11,TTW
BAU,off-road,TRA_OT_AGR,ch4,kt,2020,14.3,TTW
BAU,off-road,TRA_OT_RAI,ch4,kt,2020,4.74,TTW
BAU,off-road,TRA_OT_OTHER,ch4,kt,2020,11.44,TTW
BAU,off-road,TRA_OT_CNS,co2,Mt,2021,260.238,TTW
BAU,off-road,TRA_OT_AGR,co2,Mt,2021,244.442,TTW
BAU,off-road,TRA_OT_RAI,co2,Mt,2021,81.158,TTW
BAU,off-road,TRA_OT_OTHER,co2,Mt,2021,63.91389421634785,TTW
BAU,off-road,TRA_OT_CNS,bc,kt,2021,113.292,TTW
BAU,off-road,TRA_OT_AGR,bc,kt,2021,102.302,TTW
BAU,off-road,TRA_OT_RAI,bc,kt,2021,34.586,TTW
BAU,off-road,TRA_OT_OTHER,bc,kt,2021,3.658212661358875,TTW
BAU,off-road,TRA_OT_CNS,ch4,kt,2021,15.187999999999999,TTW
BAU,off-road,TRA_OT_AGR,ch4,kt,2021,14.336,TTW
BAU,off-road,TRA_OT_RAI,ch4,kt,2021,4.702,TTW
BAU,off-road,TRA_OT_OTHER,ch4,kt,2021,11.312,TTW
BAU,off-road,TRA_OT_CNS,co2,Mt,2022,261.38599999999997,TTW
BAU,off-road,TRA_OT_AGR,co2,Mt,2022,244.784,TTW
BAU,off-road,TRA_OT_RAI,co2,Mt,2022,80.266,TTW
BAU,off-road,TRA_OT_OTHER,co2,Mt,2022,64.82974232715917,TTW
BAU,off-road,TRA_OT_CNS,bc,kt,2022,110.894,TTW
BAU,off-road,TRA_OT_AGR,bc,kt,2022,100.044,TTW
BAU,off-road,TRA_OT_RAI,bc,kt,2022,33.512,TTW
BAU,off-road,TRA_OT_OTHER,bc,kt,2022,3.575801200000001,TTW
BAU,off-road,TRA_OT_CNS,ch4,kt,2022,15.266,TTW
BAU,off-road,TRA_OT_AGR,ch4,kt,2022,14.372,TTW
BAU,off-road,TRA_OT_RAI,ch4,kt,2022,4.664,TTW
BAU,off-road,TRA_OT_OTHER,ch4,kt,2022,11.184,TTW
BAU,off-road,TRA_OT_CNS,co2,Mt,2023,262.534,TTW
BAU,off-road,TRA_OT_AGR,co2,Mt,2023,245.126,TTW
BAU,off-road,TRA_OT_RAI,co2,Mt,2023,79.374,TTW
BAU,off-road,TRA_OT_OTHER,co2,Mt,2023,65.74559043797046,TTW
BAU,off-road,TRA_OT_CNS,bc,kt,2023,108.496,TTW
BAU,off-road,TRA_OT_AGR,bc,kt,2023,97.786,TTW
BAU,off-road,TRA_OT_RAI,bc,kt,2023,32.437999999999995,TTW
BAU,off-road,TRA_OT_OTHER,bc,kt,2023,3.4933897386411257,TTW
BAU,off-road,TRA_OT_CNS,ch4,kt,2023,15.344,TTW
BAU,off-road,TRA_OT_AGR,ch4,kt,2023,14.408000000000001,TTW
BAU,off-road,TRA_OT_RAI,ch4,kt,2023,4.626,TTW
BAU,off-road,TRA_OT_OTHER,ch4,kt,2023,11.056000000000001,TTW
BAU,off-road,TRA_OT_CNS,co2,Mt,2024,263.68199999999996,TTW
BAU,off-road,TRA_OT_AGR,co2,Mt,2024,245.468,TTW
BAU,off-road,TRA_OT_RAI,co2,Mt,2024,78.482,TTW
BAU,off-road,TRA_OT_OTHER,co2,Mt,2024,66.66143854878177,TTW
BAU,off-road,TRA_OT_CNS,bc,kt,2024,106.098,TTW
BAU,off-road,TRA_OT_AGR,bc,kt,2024,95.52799999999999,TTW
BAU,off-road,TRA_OT_RAI,bc,kt,2024,31.363999999999997,TTW
BAU,off-road,TRA_OT_OTHER,bc,kt,2024,3.410978277282251,TTW
BAU,off-road,TRA_OT_CNS,ch4,kt,2024,15.422,TTW
BAU,off-road,TRA_OT_AGR,ch4,kt,2024,14.444,TTW
BAU,off-road,TRA_OT_RAI,ch4,kt,2024,4.588,TTW
BAU,off-road,TRA_OT_OTHER,ch4,kt,2024,10.928,TTW
BAU,off-road,TRA_OT_CNS,co2,Mt,2025,264.83,TTW
BAU,off-road,TRA_OT_AGR,co2,Mt,2025,245.81,TTW
BAU,off-road,TRA_OT_RAI,co2,Mt,2025,77.59,TTW
BAU,off-road,TRA_OT_OTHER,co2,Mt,2025,67.5772866595931,TTW
BAU,off-road,TRA_OT_CNS,bc,kt,2025,103.7,TTW
BAU,off-road,TRA_OT_AGR,bc,kt,2025,93.27,TTW
BAU,off-road,TRA_OT_RAI,bc,kt,2025,30.29,TTW
BAU,off-road,TRA_OT_OTHER,bc,kt,2025,3.3285668159233763,TTW
BAU,off-road,TRA_OT_CNS,ch4,kt,2025,15.5,TTW
BAU,off-road,TRA_OT_AGR,ch4,kt,2025,14.48,TTW
BAU,off-road,TRA_OT_RAI,ch4,kt,2025,4.55,TTW
BAU,off-road,TRA_OT_OTHER,ch4,kt,2025,10.8,TTW
BAU,off-road,TRA_OT_CNS,co2,Mt,2026,263.606,TTW
BAU,off-road,TRA_OT_AGR,co2,Mt,2026,245.01,TTW
BAU,off-road,TRA_OT_RAI,co2,Mt,2026,76.83200000000001,TTW
BAU,off-road,TRA_OT_OTHER,co2,Mt,2026,68.73292887670206,TTW
BAU,off-road,TRA_OT_CNS,bc,kt,2026,101.738,TTW
BAU,off-road,TRA_OT_AGR,bc,kt,2026,92.006,TTW
BAU,off-road,TRA_OT_RAI,bc,kt,2026,29.742,TTW
BAU,off-road,TRA_OT_OTHER,bc,kt,2026,3.264350092786591,TTW
BAU,off-road,TRA_OT_CNS,ch4,kt,2026,15.468,TTW
BAU,off-road,TRA_OT_AGR,ch4,kt,2026,14.450000000000001,TTW
BAU,off-road,TRA_OT_RAI,ch4,kt,2026,4.516,TTW
BAU,off-road,TRA_OT_OTHER,ch4,kt,2026,10.76,TTW
BAU,off-road,TRA_OT_CNS,co2,Mt,2027,262.382,TTW
BAU,off-road,TRA_OT_AGR,co2,Mt,2027,244.21,TTW
BAU,off-road,TRA_OT_RAI,co2,Mt,2027,76.074,TTW
BAU,off-road,TRA_OT_OTHER,co2,Mt,2027,69.88857109381102,TTW
BAU,off-road,TRA_OT_CNS,bc,kt,2027,99.776,TTW
BAU,off-road,TRA_OT_AGR,bc,kt,2027,90.742,TTW
BAU,off-road,TRA_OT_RAI,bc,kt,2027,29.194,TTW
BAU,off-road,TRA_OT_OTHER,bc,kt,2027,3.2001333696498055,TTW
BAU,off-road,TRA_OT_CNS,ch4,kt,2027,15.436,TTW
BAU,off-road,TRA_OT_AGR,ch4,kt,2027,14.42,TTW
BAU,off-road,TRA_OT_RAI,ch4,kt,2027,4.482,TTW
BAU,off-road,TRA_OT_OTHER,ch4,kt,2027,10.72,TTW
BAU,off-road,TRA_OT_CNS,co2,Mt,2028,261.15799999999996,TTW
BAU,off-road,TRA_OT_AGR,co2,Mt,2028,243.41,TTW
BAU,off-road,TRA_OT_RAI,co2,Mt,2028,75.316,TTW
BAU,off-road,TRA_OT_OTHER,co2,Mt,2028,71.04421331091999,TTW
BAU,off-road,TRA_OT_CNS,bc,kt,2028,97.81400000000001,TTW
BAU,off-road,TRA_OT_AGR,bc,kt,2028,89.478,TTW
BAU,off-road,TRA_OT_RAI,bc,kt,2028,28.646,TTW
BAU,off-road,TRA_OT_OTHER,bc,kt,2028,3.1359166465130204,TTW
BAU,off-road,TRA_OT_CNS,ch4,kt,2028,15.404,TTW
BAU,off-road,TRA_OT_AGR,ch4,kt,2028,14.39,TTW
BAU,off-road,TRA_OT_RAI,ch4,kt,2028,4.4479999999999995,TTW
BAU,off-road,TRA_OT_OTHER,ch4,kt,2028,10.68,TTW
BAU,off-road,TRA_OT_CNS,co2,Mt,2029,259.93399999999997,TTW
BAU,off-road,TRA_OT_AGR,co2,Mt,2029,242.61,TTW
BAU,off-road,TRA_OT_RAI,co2,Mt,2029,74.55799999999999,TTW
BAU,off-road,TRA_OT_OTHER,co2,Mt,2029,72.19985552802896,TTW
BAU,off-road,TRA_OT_CNS,bc,kt,2029,95.852,TTW
BAU,off-road,TRA_OT_AGR,bc,kt,2029,88.214,TTW
BAU,off-road,TRA_OT_RAI,bc,kt,2029,28.098,TTW
BAU,off-road,TRA_OT_OTHER,bc,kt,2029,3.071699923376235,TTW
BAU,off-road,TRA_OT_CNS,ch4,kt,2029,15.372,TTW
BAU,off-road,TRA_OT_AGR,ch4,kt,2029,14.36,TTW
BAU,off-road,TRA_OT_RAI,ch4,kt,2029,4.414,TTW
BAU,off-road,TRA_OT_OTHER,ch4,kt,2029,10.64,TTW
BAU,off-road,TRA_OT_CNS,co2,Mt,2030,258.71,TTW
BAU,off-road,TRA_OT_AGR,co2,Mt,2030,241.81,TTW
BAU,off-road,TRA_OT_RAI,co2,Mt,2030,73.8,TTW
BAU,off-road,TRA_OT_OTHER,co2,Mt,2030,73.35549774513792,TTW
BAU,off-road,TRA_OT_CNS,bc,kt,2030,93.89,TTW
BAU,off-road,TRA_OT_AGR,bc,kt,2030,86.95,TTW
BAU,off-road,TRA_OT_RAI,bc,kt,2030,27.55,TTW
BAU,off-road,TRA_OT_OTHER,bc,kt,2030,3.0074832002394496,TTW
BAU,off-road,TRA_OT_CNS,ch4,kt,2030,15.34,TTW
BAU,off-road,TRA_OT_AGR,ch4,kt,2030,14.33,TTW
BAU,off-road,TRA_OT_RAI,ch4,kt,2030,4.38,TTW
BAU,off-road,TRA_OT_OTHER,ch4,kt,2030,10.6,TTW
BAU,off-road,TRA_OT_CNS,co2,Mt,2031,261.662,TTW
BAU,off-road,TRA_OT_AGR,co2,Mt,2031,240.796,TTW
BAU,off-road,TRA_OT_RAI,co2,Mt,2031,73.12,TTW
BAU,off-road,TRA_OT_OTHER,co2,Mt,2031,74.68610697222131,TTW
BAU,off-road,TRA_OT_CNS,bc,kt,2031,95.092,TTW
BAU,off-road,TRA_OT_AGR,bc,kt,2031,86.364,TTW
BAU,off-road,TRA_OT_RAI,bc,kt,2031,27.18,TTW
BAU,off-road,TRA_OT_OTHER,bc,kt,2031,2.9646720514815925,TTW
BAU,off-road,TRA_OT_CNS,ch4,kt,2031,15.526,TTW
BAU,off-road,TRA_OT_AGR,ch4,kt,2031,14.28,TTW
BAU,off-road,TRA_OT_RAI,ch4,kt,2031,4.344,TTW
BAU,off-road,TRA_OT_OTHER,ch4,kt,2031,10.6,TTW
BAU,off-road,TRA_OT_CNS,co2,Mt,2032,264.614,TTW
BAU,off-road,TRA_OT_AGR,co2,Mt,2032,239.782,TTW
BAU,off-road,TRA_OT_RAI,co2,Mt,2032,72.44,TTW
BAU,off-road,TRA_OT_OTHER,co2,Mt,2032,76.0167161993047,TTW
BAU,off-road,TRA_OT_CNS,bc,kt,2032,96.294,TTW
BAU,off-road,TRA_OT_AGR,bc,kt,2032,85.778,TTW
BAU,off-road,TRA_OT_RAI,bc,kt,2032,26.81,TTW
BAU,off-road,TRA_OT_OTHER,bc,kt,2032,2.921860902723736,TTW
BAU,off-road,TRA_OT_CNS,ch4,kt,2032,15.712,TTW
BAU,off-road,TRA_OT_AGR,ch4,kt,2032,14.23,TTW
BAU,off-road,TRA_OT_RAI,ch4,kt,2032,4.308,TTW
BAU,off-road,TRA_OT_OTHER,ch4,kt,2032,10.6,TTW
BAU,off-road,TRA_OT_CNS,co2,Mt,2033,267.56600000000003,TTW
BAU,off-road,TRA_OT_AGR,co2,Mt,2033,238.768,TTW
BAU,off-road,TRA_OT_RAI,co2,Mt,2033,71.76,TTW
BAU,off-road,TRA_OT_OTHER,co2,Mt,2033,77.3473254263881,TTW
BAU,off-road,TRA_OT_CNS,bc,kt,2033,97.49600000000001,TTW
BAU,off-road,TRA_OT_AGR,bc,kt,2033,85.192,TTW
BAU,off-road,TRA_OT_RAI,bc,kt,2033,26.44,TTW
BAU,off-road,TRA_OT_OTHER,bc,kt,2033,2.879049753965879,TTW
BAU,off-road,TRA_OT_CNS,ch4,kt,2033,15.898,TTW
BAU,off-road,TRA_OT_AGR,ch4,kt,2033,14.18,TTW
BAU,off-road,TRA_OT_RAI,ch4,kt,2033,4.272,TTW
BAU,off-road,TRA_OT_OTHER,ch4,kt,2033,10.6,TTW
BAU,off-road,TRA_OT_CNS,co2,Mt,2034,270.51800000000003,TTW
BAU,off-road,TRA_OT_AGR,co2,Mt,2034,237.75400000000002,TTW
BAU,off-road,TRA_OT_RAI,co2,Mt,2034,71.08,TTW
BAU,off-road,TRA_OT_OTHER,co2,Mt,2034,78.6779346534715,TTW
BAU,off-road,TRA_OT_CNS,bc,kt,2034,98.69800000000001,TTW
BAU,off-road,TRA_OT_AGR,bc,kt,2034,84.606,TTW
BAU,off-road,TRA_OT_RAI,bc,kt,2034,26.07,TTW
BAU,off-road,TRA_OT_OTHER,bc,kt,2034,2.8362386052080217,TTW
BAU,off-road,TRA_OT_CNS,ch4,kt,2034,16.084,TTW
BAU,off-road,TRA_OT_AGR,ch4,kt,2034,14.13,TTW
BAU,off-road,TRA_OT_RAI,ch4,kt,2034,4.236,TTW
BAU,off-road,TRA_OT_OTHER,ch4,kt,2034,10.6,TTW
BAU,off-road,TRA_OT_CNS,co2,Mt,2035,273.47,TTW
BAU,off-road,TRA_OT_AGR,co2,Mt,2035,236.74,TTW
BAU,off-road,TRA_OT_RAI,co2,Mt,2035,70.4,TTW
BAU,off-road,TRA_OT_OTHER,co2,Mt,2035,80.00854388055488,TTW
BAU,off-road,TRA_OT_CNS,bc,kt,2035,99.9,TTW
BAU,off-road,TRA_OT_AGR,bc,kt,2035,84.02,TTW
BAU,off-road,TRA_OT_RAI,bc,kt,2035,25.7,TTW
BAU,off-road,TRA_OT_OTHER,bc,kt,2035,2.7934274564501647,TTW
BAU,off-road,TRA_OT_CNS,ch4,kt,2035,16.27,TTW
BAU,off-road,TRA_OT_AGR,ch4,kt,2035,14.08,TTW
BAU,off-road,TRA_OT_RAI,ch4,kt,2035,4.2,TTW
BAU,off-road,TRA_OT_OTHER,ch4,kt,2035,10.6,TTW
BAU,off-road,TRA_OT_CNS,co2,Mt,2036,276.19,TTW
BAU,off-road,TRA_OT_AGR,co2,Mt,2036,235.84,TTW
BAU,off-road,TRA_OT_RAI,co2,Mt,2036,69.58200000000001,TTW
BAU,off-road,TRA_OT_OTHER,co2,Mt,2036,81.53661115103095,TTW
BAU,off-road,TRA_OT_CNS,bc,kt,2036,101.08200000000001,TTW
BAU,off-road,TRA_OT_AGR,bc,kt,2036,83.586,TTW
BAU,off-road,TRA_OT_RAI,bc,kt,2036,25.622,TTW
BAU,off-road,TRA_OT_OTHER,bc,kt,2036,2.772021882071236,TTW
BAU,off-road,TRA_OT_CNS,ch4,kt,2036,16.46,TTW
BAU,off-road,TRA_OT_AGR,ch4,kt,2036,14.03,TTW
BAU,off-road,TRA_OT_RAI,ch4,kt,2036,4.148,TTW
BAU,off-road,TRA_OT_OTHER,ch4,kt,2036,10.608,TTW
BAU,off-road,TRA_OT_CNS,co2,Mt,2037,278.91,TTW
BAU,off-road,TRA_OT_AGR,co2,Mt,2037,234.94,TTW
BAU,off-road,TRA_OT_RAI,co2,Mt,2037,68.76400000000001,TTW
BAU,off-road,TRA_OT_OTHER,co2,Mt,2037,83.06467842150704,TTW
BAU,off-road,TRA_OT_CNS,bc,kt,2037,102.26400000000001,TTW
BAU,off-road,TRA_OT_AGR,bc,kt,2037,83.152,TTW
BAU,off-road,TRA_OT_RAI,bc,kt,2037,25.544,TTW
BAU,off-road,TRA_OT_OTHER,bc,kt,2037,2.750616307692308,TTW
BAU,off-road,TRA_OT_CNS,ch4,kt,2037,16.65,TTW
BAU,off-road,TRA_OT_AGR,ch4,kt,2037,13.98,TTW
BAU,off-road,TRA_OT_RAI,ch4,kt,2037,4.096,TTW
BAU,off-road,TRA_OT_OTHER,ch4,kt,2037,10.616,TTW
BAU,off-road,TRA_OT_CNS,co2,Mt,2038,281.63,TTW
BAU,off-road,TRA_OT_AGR,co2,Mt,2038,234.04000000000002,TTW
BAU,off-road,TRA_OT_RAI,co2,Mt,2038,67.946,TTW
BAU,off-road,TRA_OT_OTHER,co2,Mt,2038,84.59274569198311,TTW
BAU,off-road,TRA_OT_CNS,bc,kt,2038,103.446,TTW
BAU,off-road,TRA_OT_AGR,bc,kt,2038,82.71799999999999,TTW
BAU,off-road,TRA_OT_RAI,bc,kt,2038,25.465999999999998,TTW
BAU,off-road,TRA_OT_OTHER,bc,kt,2038,2.7292107333133795,TTW
BAU,off-road,TRA_OT_CNS,ch4,kt,2038,16.84,TTW
BAU,off-road,TRA_OT_AGR,ch4,kt,2038,13.93,TTW
BAU,off-road,TRA_OT_RAI,ch4,kt,2038,4.0440000000000005,TTW
BAU,off-road,TRA_OT_OTHER,ch4,kt,2038,10.624,TTW
BAU,off-road,TRA_OT_CNS,co2,Mt,2039,284.35,TTW
BAU,off-road,TRA_OT_AGR,co2,Mt,2039,233.14000000000001,TTW
BAU,off-road,TRA_OT_RAI,co2,Mt,2039,67.128,TTW
BAU,off-road,TRA_OT_OTHER,co2,Mt,2039,86.1208129624592,TTW
BAU,off-road,TRA_OT_CNS,bc,kt,2039,104.628,TTW
BAU,off-road,TRA_OT_AGR,bc,kt,2039,82.28399999999999,TTW
BAU,off-road,TRA_OT_RAI,bc,kt,2039,25.387999999999998,TTW
BAU,off-road,TRA_OT_OTHER,bc,kt,2039,2.707805158934451,TTW
BAU,off-road,TRA_OT_CNS,ch4,kt,2039,17.029999999999998,TTW
BAU,off-road,TRA_OT_AGR,ch4,kt,2039,13.88,TTW
BAU,off-road,TRA_OT_RAI,ch4,kt,2039,3.992,TTW
BAU,off-road,TRA_OT_OTHER,ch4,kt,2039,10.632,TTW
BAU,off-road,TRA_OT_CNS,co2,Mt,2040,287.07,TTW
BAU,off-road,TRA_OT_AGR,co2,Mt,2040,232.24,TTW
BAU,off-road,TRA_OT_RAI,co2,Mt,2040,66.31,TTW
BAU,off-road,TRA_OT_OTHER,co2,Mt,2040,87.64888023293527,TTW
BAU,off-road,TRA_OT_CNS,bc,kt,2040,105.81,TTW
BAU,off-road,TRA_OT_AGR,bc,kt,2040,81.85,TTW
BAU,off-road,TRA_OT_RAI,bc,kt,2040,25.31,TTW
BAU,off-road,TRA_OT_OTHER,bc,kt,2040,2.6863995845555224,TTW
BAU,off-road,TRA_OT_CNS,ch4,kt,2040,17.22,TTW
BAU,off-road,TRA_OT_AGR,ch4,kt,2040,13.83,TTW
BAU,off-road,TRA_OT_RAI,ch4,kt,2040,3.94,TTW
BAU,off-road,TRA_OT_OTHER,ch4,kt,2040,10.64,TTW
BAU,off-road,TRA_OT_CNS,co2,Mt,2041,286.628,TTW
BAU,off-road,TRA_OT_AGR,co2,Mt,2041,231.774,TTW
BAU,off-road,TRA_OT_RAI,co2,Mt,2041,65.296,TTW
BAU,off-road,TRA_OT_OTHER,co2,Mt,2041,89.29138717345134,TTW
BAU,off-road,TRA_OT_CNS,bc,kt,2041,105.73,TTW
BAU,off-road,TRA_OT_AGR,bc,kt,2041,81.524,TTW
BAU,off-road,TRA_OT_RAI,bc,kt,2041,25.148,TTW
BAU,off-road,TRA_OT_OTHER,bc,kt,2041,2.6756967973660584,TTW
BAU,off-road,TRA_OT_CNS,ch4,kt,2041,17.204,TTW
BAU,off-road,TRA_OT_AGR,ch4,kt,2041,13.816,TTW
BAU,off-road,TRA_OT_RAI,ch4,kt,2041,3.884,TTW
BAU,off-road,TRA_OT_OTHER,ch4,kt,2041,10.624,TTW
BAU,off-road,TRA_OT_CNS,co2,Mt,2042,286.186,TTW
BAU,off-road,TRA_OT_AGR,co2,Mt,2042,231.308,TTW
BAU,off-road,TRA_OT_RAI,co2,Mt,2042,64.282,TTW
BAU,off-road,TRA_OT_OTHER,co2,Mt,2042,90.9338941139674,TTW
BAU,off-road,TRA_OT_CNS,bc,kt,2042,105.65,TTW
BAU,off-road,TRA_OT_AGR,bc,kt,2042,81.198,TTW
BAU,off-road,TRA_OT_RAI,bc,kt,2042,24.986,TTW
BAU,off-road,TRA_OT_OTHER,bc,kt,2042,2.664994010176594,TTW
BAU,off-road,TRA_OT_CNS,ch4,kt,2042,17.188,TTW
BAU,off-road,TRA_OT_AGR,ch4,kt,2042,13.802,TTW
BAU,off-road,TRA_OT_RAI,ch4,kt,2042,3.828,TTW
BAU,off-road,TRA_OT_OTHER,ch4,kt,2042,10.608,TTW
BAU,off-road,TRA_OT_CNS,co2,Mt,2043,285.744,TTW
BAU,off-road,TRA_OT_AGR,co2,Mt,2043,230.842,TTW
BAU,off-road,TRA_OT_RAI,co2,Mt,2043,63.268,TTW
BAU,off-road,TRA_OT_OTHER,co2,Mt,2043,92.57640105448345,TTW
BAU,off-road,TRA_OT_CNS,bc,kt,2043,105.57,TTW
BAU,off-road,TRA_OT_AGR,bc,kt,2043,80.872,TTW
BAU,off-road,TRA_OT_RAI,bc,kt,2043,24.823999999999998,TTW
BAU,off-road,TRA_OT_OTHER,bc,kt,2043,2.65429122298713,TTW
BAU,off-road,TRA_OT_CNS,ch4,kt,2043,17.172,TTW
BAU,off-road,TRA_OT_AGR,ch4,kt,2043,13.788,TTW
BAU,off-road,TRA_OT_RAI,ch4,kt,2043,3.7720000000000002,TTW
BAU,off-road,TRA_OT_OTHER,ch4,kt,2043,10.592,TTW
BAU,off-road,TRA_OT_CNS,co2,Mt,2044,285.302,TTW
BAU,off-road,TRA_OT_AGR,co2,Mt,2044,230.376,TTW
BAU,off-road,TRA_OT_RAI,co2,Mt,2044,62.254000000000005,TTW
BAU,off-road,TRA_OT_OTHER,co2,Mt,2044,94.21890799499951,TTW
BAU,off-road,TRA_OT_CNS,bc,kt,2044,105.49,TTW
BAU,off-road,TRA_OT_AGR,bc,kt,2044,80.54599999999999,TTW
BAU,off-road,TRA_OT_RAI,bc,kt,2044,24.662,TTW
BAU,off-road,TRA_OT_OTHER,bc,kt,2044,2.6435884357976653,TTW
BAU,off-road,TRA_OT_CNS,ch4,kt,2044,17.156,TTW
BAU,off-road,TRA_OT_AGR,ch4,kt,2044,13.774,TTW
BAU,off-road,TRA_OT_RAI,ch4,kt,2044,3.716,TTW
BAU,off-road,TRA_OT_OTHER,ch4,kt,2044,10.576,TTW
BAU,off-road,TRA_OT_CNS,co2,Mt,2045,284.86,TTW
BAU,off-road,TRA_OT_AGR,co2,Mt,2045,229.91,TTW
BAU,off-road,TRA_OT_RAI,co2,Mt,2045,61.24,TTW
BAU,off-road,TRA_OT_OTHER,co2,Mt,2045,95.86141493551558,TTW
BAU,off-road,TRA_OT_CNS,bc,kt,2045,105.41,TTW
BAU,off-road,TRA_OT_AGR,bc,kt,2045,80.22,TTW
BAU,off-road,TRA_OT_RAI,bc,kt,2045,24.5,TTW
BAU,off-road,TRA_OT_OTHER,bc,kt,2045,2.6328856486082013,TTW
BAU,off-road,TRA_OT_CNS,ch4,kt,2045,17.14,TTW
BAU,off-road,TRA_OT_AGR,ch4,kt,2045,13.76,TTW
BAU,off-road,TRA_OT_RAI,ch4,kt,2045,3.66,TTW
BAU,off-road,TRA_OT_OTHER,ch4,kt,2045,10.56,TTW
BAU,off-road,TRA_OT_CNS,co2,Mt,2046,283.818,TTW
BAU,off-road,TRA_OT_AGR,co2,Mt,2046,228.174,TTW
BAU,off-road,TRA_OT_RAI,co2,Mt,2046,60.026,TTW
BAU,off-road,TRA_OT_OTHER,co2,Mt,2046,97.56511071694898,TTW
BAU,off-road,TRA_OT_CNS,bc,kt,2046,105.286,TTW
BAU,off-road,TRA_OT_AGR,bc,kt,2046,79.762,TTW
BAU,off-road,TRA_OT_RAI,bc,kt,2046,24.18,TTW
BAU,off-road,TRA_OT_OTHER,bc,kt,2046,2.633955927327148,TTW
BAU,off-road,TRA_OT_CNS,ch4,kt,2046,17.088,TTW
BAU,off-road,TRA_OT_AGR,ch4,kt,2046,13.668,TTW
BAU,off-road,TRA_OT_RAI,ch4,kt,2046,3.5900000000000003,TTW
BAU,off-road,TRA_OT_OTHER,ch4,kt,2046,10.56,TTW
BAU,off-road,TRA_OT_CNS,co2,Mt,2047,282.776,TTW
BAU,off-road,TRA_OT_AGR,co2,Mt,2047,226.438,TTW
BAU,off-road,TRA_OT_RAI,co2,Mt,2047,58.812000000000005,TTW
BAU,off-road,TRA_OT_OTHER,co2,Mt,2047,99.26880649838238,TTW
BAU,off-road,TRA_OT_CNS,bc,kt,2047,105.162,TTW
BAU,off-road,TRA_OT_AGR,bc,kt,2047,79.304,TTW
BAU,off-road,TRA_OT_RAI,bc,kt,2047,23.86,TTW
BAU,off-road,TRA_OT_OTHER,bc,kt,2047,2.635026206046094,TTW
BAU,off-road,TRA_OT_CNS,ch4,kt,2047,17.036,TTW
BAU,off-road,TRA_OT_AGR,ch4,kt,2047,13.576,TTW
BAU,off-road,TRA_OT_RAI,ch4,kt,2047,3.52,TTW
BAU,off-road,TRA_OT_OTHER,ch4,kt,2047,10.56,TTW
BAU,off-road,TRA_OT_CNS,co2,Mt,2048,281.734,TTW
BAU,off-road,TRA_OT_AGR,co2,Mt,2048,224.702,TTW
BAU,off-road,TRA_OT_RAI,co2,Mt,2048,57.598,TTW
BAU,off-road,TRA_OT_OTHER,co2,Mt,2048,100.97250227981576,TTW
BAU,off-road,TRA_OT_CNS,bc,kt,2048,105.038,TTW
BAU,off-road,TRA_OT_AGR,bc,kt,2048,78.846,TTW
BAU,off-road,TRA_OT_RAI,bc,kt,2048,23.54,TTW
BAU,off-road,TRA_OT_OTHER,bc,kt,2048,2.6360964847650408,TTW
BAU,off-road,TRA_OT_CNS,ch4,kt,2048,16.983999999999998,TTW
BAU,off-road,TRA_OT_AGR,ch4,kt,2048,13.484,TTW
BAU,off-road,TRA_OT_RAI,ch4,kt,2048,3.45,TTW
BAU,off-road,TRA_OT_OTHER,ch4,kt,2048,10.56,TTW
BAU,off-road,TRA_OT_CNS,co2,Mt,2049,280.692,TTW
BAU,off-road,TRA_OT_AGR,co2,Mt,2049,222.96599999999998,TTW
BAU,off-road,TRA_OT_RAI,co2,Mt,2049,56.384,TTW
BAU,off-road,TRA_OT_OTHER,co2,Mt,2049,102.67619806124915,TTW
BAU,off-road,TRA_OT_CNS,bc,kt,2049,104.914,TTW
BAU,off-road,TRA_OT_AGR,bc,kt,2049,78.388,TTW
BAU,off-road,TRA_OT_RAI,bc,kt,2049,23.22,TTW
BAU,off-road,TRA_OT_OTHER,bc,kt,2049,2.6371667634839873,TTW
BAU,off-road,TRA_OT_CNS,ch4,kt,2049,16.932,TTW
BAU,off-road,TRA_OT_AGR,ch4,kt,2049,13.392000000000001,TTW
BAU,off-road,TRA_OT_RAI,ch4,kt,2049,3.38,TTW
BAU,off-road,TRA_OT_OTHER,ch4,kt,2049,10.56,TTW
BAU,off-road,TRA_OT_CNS,co2,Mt,2050,279.65,TTW
BAU,off-road,TRA_OT_AGR,co2,Mt,2050,221.23,TTW
BAU,off-road,TRA_OT_RAI,co2,Mt,2050,55.17,TTW
BAU,off-road,TRA_OT_OTHER,co2,Mt,2050,104.37989384268255,TTW
BAU,off-road,TRA_OT_CNS,bc,kt,2050,104.79,TTW
BAU,off-road,TRA_OT_AGR,bc,kt,2050,77.93,TTW
BAU,off-road,TRA_OT_RAI,bc,kt,2050,22.9,TTW
BAU,off-road,TRA_OT_OTHER,bc,kt,2050,2.6382370422029333,TTW
BAU,off-road,TRA_OT_CNS,ch4,kt,2050,16.88,TTW
BAU,off-road,TRA_OT_AGR,ch4,kt,2050,13.3,TTW
BAU,off-road,TRA_OT_RAI,ch4,kt,2050,3.31,TTW
BAU,off-road,TRA_OT_OTHER,ch4,kt,2050,10.56,TTW
Striving,off-road,TRA_OT_CNS,co2,Mt,1990,122.0,TTW
Striving,off-road,TRA_OT_AGR,co2,Mt,1990,218.22,TTW
Striving,off-road,TRA_OT_RAI,co2,Mt,1990,92.03,TTW
Striving,off-road,TRA_OT_OTHER,co2,Mt,1990,51.471391478676935,TTW
Striving,off-road,TRA_OT_CNS,bc,kt,1990,98.19,TTW
Striving,off-road,TRA_OT_AGR,bc,kt,1990,148.32,TTW
Striving,off-road,TRA_OT_RAI,bc,kt,1990,54.66,TTW
Striving,off-road,TRA_OT_OTHER,bc,kt,1990,9.081314930260401,TTW
Striving,off-road,TRA_OT_CNS,ch4,kt,1990,6.91,TTW
Striving,off-road,TRA_OT_AGR,ch4,kt,1990,12.32,TTW
Striving,off-road,TRA_OT_RAI,ch4,kt,1990,5.21,TTW
Striving,off-road,TRA_OT_OTHER,ch4,kt,1990,12.18,TTW
Striving,off-road,TRA_OT_CNS,co2,Mt,1991,117.798,TTW
Striving,off-road,TRA_OT_AGR,co2,Mt,1991,220.126,TTW
Striving,off-road,TRA_OT_RAI,co2,Mt,1991,88.426,TTW
Striving,off-road,TRA_OT_OTHER,co2,Mt,1991,50.59324892389036,TTW
Striving,off-road,TRA_OT_CNS,bc,kt,1991,94.994,TTW
Striving,off-road,TRA_OT_AGR,bc,kt,1991,149.894,TTW
Striving,off-road,TRA_OT_RAI,bc,kt,1991,52.534,TTW
Striving,off-road,TRA_OT_OTHER,bc,kt,1991,8.07311237701287,TTW
Striving,off-road,TRA_OT_CNS,ch4,kt,1991,6.668,TTW
Striving,off-road,TRA_OT_AGR,ch4,kt,1991,12.424,TTW
Striving,off-road,TRA_OT_RAI,ch4,kt,1991,5.008,TTW
Striving,off-road,TRA_OT_OTHER,ch4,kt,1991,11.538,TTW
Striving,off-road,TRA_OT_CNS,co2,Mt,1992,113.596,TTW
Striving,off-road,TRA_OT_AGR,co2,Mt,1992,222.032,TTW
Striving,off-road,TRA_OT_RAI,co2,Mt,1992,84.822,TTW
Striving,off-road,TRA_OT_OTHER,co2,Mt,1992,49.71510636910378,TTW
Striving,off-road,TRA_OT_CNS,bc,kt,1992,91.798,TTW
Striving,off-road,TRA_OT_AGR,bc,kt,1992,151.468,TTW
Striving,off-road,TRA_OT_RAI,bc,kt,1992,50.408,TTW
Striving,off-road,TRA_OT_OTHER,bc,kt,1992,7.0649098237653405,TTW
Striving,off-road,TRA_OT_CNS,ch4,kt,1992,6.426,TTW
Striving,off-road,TRA_OT_AGR,ch4,kt,1992,12.528,TTW
Striving,off-road,TRA_OT_RAI,ch4,kt,1992,4.806,TTW
Striving,off-road,TRA_OT_OTHER,ch4,kt,1992,10.896,TTW
Striving,off-road,TRA_OT_CNS,co2,Mt,1993,109.394,TTW
Striving,off-road,TRA_OT_AGR,co2,Mt,1993,223.938,TTW
Striving,off-road,TRA_OT_RAI,co2,Mt,1993,81.218,TTW
Striving,off-road,TRA_OT_OTHER,co2,Mt,1993,48.8369638143172,TTW
Striving,off-road,TRA_OT_CNS,bc,kt,1993,88.602,TTW
Striving,off-road,TRA_OT_AGR,bc,kt,1993,153.042,TTW
Striving,off-road,TRA_OT_RAI,bc,kt,1993,48.282,TTW
Striving,off-road,TRA_OT_OTHER,bc,kt,1993,6.056707270517809,TTW
Striving,off-road,TRA_OT_CNS,ch4,kt,1993,6.184,TTW
Striving,off-road,TRA_OT_AGR,ch4,kt,1993,12.632,TTW
Striving,off-road,TRA_OT_RAI,ch4,kt,1993,4.604,TTW
Striving,off-road,TRA_OT_OTHER,ch4,kt,1993,10.254000000000001,TTW
Striving,off-road,TRA_OT_CNS,co2,Mt,1994,105.192,TTW
Striving,off-road,TRA_OT_AGR,co2,Mt,1994,225.844,TTW
Striving,off-road,TRA_OT_RAI,co2,Mt,1994,77.614,TTW
Striving,off-road,TRA_OT_OTHER,co2,Mt,1994,47.95882125953062,TTW
Striving,off-road,TRA_OT_CNS,bc,kt,1994,85.40599999999999,TTW
Striving,off-road,TRA_OT_AGR,bc,kt,1994,154.61599999999999,TTW
Striving,off-road,TRA_OT_RAI,bc,kt,1994,46.156,TTW
Striving,off-road,TRA_OT_OTHER,bc,kt,1994,5.048504717270279,TTW
Striving,off-road,TRA_OT_CNS,ch4,kt,1994,5.942,TTW
Striving,off-road,TRA_OT_AGR,ch4,kt,1994,12.736,TTW
Striving,off-road,TRA_OT_RAI,ch4,kt,1994,4.402,TTW
Striving,off-road,TRA_OT_OTHER,ch4,kt,1994,9.612,TTW
Striving,off-road,TRA_OT_CNS,co2,Mt,1995,100.99,TTW
Striving,off-road,TRA_OT_AGR,co2,Mt,1995,227.75,TTW
Striving,off-road,TRA_OT_RAI,co2,Mt,1995,74.01,TTW
Striving,off-road,TRA_OT_OTHER,co2,Mt,1995,47.080678704744045,TTW
Striving,off-road,TRA_OT_CNS,bc,kt,1995,82.21,TTW
Striving,off-road,TRA_OT_AGR,bc,kt,1995,156.19,TTW
Striving,off-road,TRA_OT_RAI,bc,kt,1995,44.03,TTW
Striving,off-road,TRA_OT_OTHER,bc,kt,1995,4.040302164022749,TTW
Striving,off-road,TRA_OT_CNS,ch4,kt,1995,5.7,TTW
Striving,off-road,TRA_OT_AGR,ch4,kt,1995,12.84,TTW
Striving,off-road,TRA_OT_RAI,ch4,kt,1995,4.2,TTW
Striving,off-road,TRA_OT_OTHER,ch4,kt,1995,8.97,TTW
Striving,off-road,TRA_OT_CNS,co2,Mt,1996,102.81,TTW
Striving,off-road,TRA_OT_AGR,co2,Mt,1996,222.518,TTW
Striving,off-road,TRA_OT_RAI,co2,Mt,1996,75.626,TTW
Striving,off-road,TRA_OT_OTHER,co2,Mt,1996,47.88572540092127,TTW
Striving,off-road,TRA_OT_CNS,bc,kt,1996,83.526,TTW
Striving,off-road,TRA_OT_AGR,bc,kt,1996,153.04,TTW
Striving,off-road,TRA_OT_RAI,bc,kt,1996,44.986000000000004,TTW
Striving,off-road,TRA_OT_OTHER,bc,kt,1996,3.8669170115534275,TTW
Striving,off-road,TRA_OT_CNS,ch4,kt,1996,5.808,TTW
Striving,off-road,TRA_OT_AGR,ch4,kt,1996,12.548,TTW
Striving,off-road,TRA_OT_RAI,ch4,kt,1996,4.2860000000000005,TTW
Striving,off-road,TRA_OT_OTHER,ch4,kt,1996,8.690000000000001,TTW
Striving,off-road,TRA_OT_CNS,co2,Mt,1997,104.63,TTW
Striving,off-road,TRA_OT_AGR,co2,Mt,1997,217.286,TTW
Striving,off-road,TRA_OT_RAI,co2,Mt,1997,77.242,TTW
Striving,off-road,TRA_OT_OTHER,co2,Mt,1997,48.69077209709849,TTW
Striving,off-road,TRA_OT_CNS,bc,kt,1997,84.842,TTW
Striving,off-road,TRA_OT_AGR,bc,kt,1997,149.89,TTW
Striving,off-road,TRA_OT_RAI,bc,kt,1997,45.942,TTW
Striving,off-road,TRA_OT_OTHER,bc,kt,1997,3.693531859084107,TTW
Striving,off-road,TRA_OT_CNS,ch4,kt,1997,5.916,TTW
Striving,off-road,TRA_OT_AGR,ch4,kt,1997,12.256,TTW
Striving,off-road,TRA_OT_RAI,ch4,kt,1997,4.372,TTW
Striving,off-road,TRA_OT_OTHER,ch4,kt,1997,8.41,TTW
Striving,off-road,TRA_OT_CNS,co2,Mt,1998,106.45,TTW
Striving,off-road,TRA_OT_AGR,co2,Mt,1998,212.054,TTW
Striving,off-road,TRA_OT_RAI,co2,Mt,1998,78.858,TTW
Striving,off-road,TRA_OT_OTHER,co2,Mt,1998,49.49581879327571,TTW
Striving,off-road,TRA_OT_CNS,bc,kt,1998,86.158,TTW
Striving,off-road,TRA_OT_AGR,bc,kt,1998,146.74,TTW
Striving,off-road,TRA_OT_RAI,bc,kt,1998,46.898,TTW
Striving,off-road,TRA_OT_OTHER,bc,kt,1998,3.5201467066147862,TTW
Striving,off-road,TRA_OT_CNS,ch4,kt,1998,6.024,TTW
Striving,off-road,TRA_OT_AGR,ch4,kt,1998,11.964,TTW
Striving,off-road,TRA_OT_RAI,ch4,kt,1998,4.458,TTW
Striving,off-road,TRA_OT_OTHER,ch4,kt,1998,8.13,TTW
Striving,off-road,TRA_OT_CNS,co2,Mt,1999,108.27,TTW
Striving,off-road,TRA_OT_AGR,co2,Mt,1999,206.822,TTW
Striving,off-road,TRA_OT_RAI,co2,Mt,1999,80.474,TTW
Striving,off-road,TRA_OT_OTHER,co2,Mt,1999,50.30086548945294,TTW
Striving,off-road,TRA_OT_CNS,bc,kt,1999,87.474,TTW
Striving,off-road,TRA_OT_AGR,bc,kt,1999,143.59,TTW
Striving,off-road,TRA_OT_RAI,bc,kt,1999,47.854,TTW
Striving,off-road,TRA_OT_OTHER,bc,kt,1999,3.3467615541454654,TTW
Striving,off-road,TRA_OT_CNS,ch4,kt,1999,6.132000000000001,TTW
Striving,off-road,TRA_OT_AGR,ch4,kt,1999,11.672,TTW
Striving,off-road,TRA_OT_RAI,ch4,kt,1999,4.544,TTW
Striving,off-road,TRA_OT_OTHER,ch4,kt,1999,7.8500000000000005,TTW
Striving,off-road,TRA_OT_CNS,co2,Mt,2000,110.09,TTW
Striving,off-road,TRA_OT_AGR,co2,Mt,2000,201.59,TTW
Striving,off-road,TRA_OT_RAI,co2,Mt,2000,82.09,TTW
Striving,off-road,TRA_OT_OTHER,co2,Mt,2000,51.10591218563016,TTW
Striving,off-road,TRA_OT_CNS,bc,kt,2000,88.79,TTW
Striving,off-road,TRA_OT_AGR,bc,kt,2000,140.44,TTW
Striving,off-road,TRA_OT_RAI,bc,kt,2000,48.81,TTW
Striving,off-road,TRA_OT_OTHER,bc,kt,2000,3.173376401676145,TTW
Striving,off-road,TRA_OT_CNS,ch4,kt,2000,6.24,TTW
Striving,off-road,TRA_OT_AGR,ch4,kt,2000,11.38,TTW
Striving,off-road,TRA_OT_RAI,ch4,kt,2000,4.63,TTW
Striving,off-road,TRA_OT_OTHER,ch4,kt,2000,7.57,TTW
Striving,off-road,TRA_OT_CNS,co2,Mt,2001,111.272,TTW
Striving,off-road,TRA_OT_AGR,co2,Mt,2001,206.724,TTW
Striving,off-road,TRA_OT_RAI,co2,Mt,2001,85.324,TTW
Striving,off-road,TRA_OT_OTHER,co2,Mt,2001,51.72640010758106,TTW
Striving,off-road,TRA_OT_CNS,bc,kt,2001,88.324,TTW
Striving,off-road,TRA_OT_AGR,bc,kt,2001,142.056,TTW
Striving,off-road,TRA_OT_RAI,bc,kt,2001,50.356,TTW
Striving,off-road,TRA_OT_OTHER,bc,kt,2001,3.4452271962885366,TTW
Striving,off-road,TRA_OT_CNS,ch4,kt,2001,6.306,TTW
Striving,off-road,TRA_OT_AGR,ch4,kt,2001,11.680000000000001,TTW
Striving,off-road,TRA_OT_RAI,ch4,kt,2001,4.82,TTW
Striving,off-road,TRA_OT_OTHER,ch4,kt,2001,7.63,TTW
Striving,off-road,TRA_OT_CNS,co2,Mt,2002,112.45400000000001,TTW
Striving,off-road,TRA_OT_AGR,co2,Mt,2002,211.858,TTW
Striving,off-road,TRA_OT_RAI,co2,Mt,2002,88.558,TTW
Striving,off-road,TRA_OT_OTHER,co2,Mt,2002,52.34688802953195,TTW
Striving,off-road,TRA_OT_CNS,bc,kt,2002,87.858,TTW
Striving,off-road,TRA_OT_AGR,bc,kt,2002,143.672,TTW
Striving,off-road,TRA_OT_RAI,bc,kt,2002,51.902,TTW
Striving,off-road,TRA_OT_OTHER,bc,kt,2002,3.717077990900928,TTW
Striving,off-road,TRA_OT_CNS,ch4,kt,2002,6.372,TTW
Striving,off-road,TRA_OT_AGR,ch4,kt,2002,11.98,TTW
Striving,off-road,TRA_OT_RAI,ch4,kt,2002,5.01,TTW
Striving,off-road,TRA_OT_OTHER,ch4,kt,2002,7.69,TTW
Striving,off-road,TRA_OT_CNS,co2,Mt,2003,113.636,TTW
Striving,off-road,TRA_OT_AGR,co2,Mt,2003,216.992,TTW
Striving,off-road,TRA_OT_RAI,co2,Mt,2003,91.792,TTW
Striving,off-road,TRA_OT_OTHER,co2,Mt,2003,52.96737595148284,TTW
Striving,off-road,TRA_OT_CNS,bc,kt,2003,87.392,TTW
Striving,off-road,TRA_OT_AGR,bc,kt,2003,145.288,TTW
Striving,off-road,TRA_OT_RAI,bc,kt,2003,53.448,TTW
Striving,off-road,TRA_OT_OTHER,bc,kt,2003,3.98892878551332,TTW
Striving,off-road,TRA_OT_CNS,ch4,kt,2003,6.438000000000001,TTW
Striving,off-road,TRA_OT_AGR,ch4,kt,2003,12.280000000000001,TTW
Striving,off-road,TRA_OT_RAI,ch4,kt,2003,5.2,TTW
Striving,off-road,TRA_OT_OTHER,ch4,kt,2003,7.75,TTW
Striving,off-road,TRA_OT_CNS,co2,Mt,2004,114.818,TTW
Striving,off-road,TRA_OT_AGR,co2,Mt,2004,222.126,TTW
Striving,off-road,TRA_OT_RAI,co2,Mt,2004,95.02600000000001,TTW
Striving,off-road,TRA_OT_OTHER,co2,Mt,2004,53.58786387343374,TTW
Striving,off-road,TRA_OT_CNS,bc,kt,2004,86.926,TTW
Striving,off-road,TRA_OT_AGR,bc,kt,2004,146.904,TTW
Striving,off-road,TRA_OT_RAI,bc,kt,2004,54.994,TTW
Striving,off-road,TRA_OT_OTHER,bc,kt,2004,4.260779580125711,TTW
Striving,off-road,TRA_OT_CNS,ch4,kt,2004,6.5040000000000004,TTW
Striving,off-road,TRA_OT_AGR,ch4,kt,2004,12.58,TTW
Striving,off-road,TRA_OT_RAI,ch4,kt,2004,5.39,TTW
Striving,off-road,TRA_OT_OTHER,ch4,kt,2004,7.8100000000000005,TTW
Striving,off-road,TRA_OT_CNS,co2,Mt,2005,116.0,TTW
Striving,off-road,TRA_OT_AGR,co2,Mt,2005,227.26,TTW
Striving,off-road,TRA_OT_RAI,co2,Mt,2005,98.26,TTW
Striving,off-road,TRA_OT_OTHER,co2,Mt,2005,54.20835179538463,TTW
Striving,off-road,TRA_OT_CNS,bc,kt,2005,86.46,TTW
Striving,off-road,TRA_OT_AGR,bc,kt,2005,148.52,TTW
Striving,off-road,TRA_OT_RAI,bc,kt,2005,56.54,TTW
Striving,off-road,TRA_OT_OTHER,bc,kt,2005,4.532630374738103,TTW
Striving,off-road,TRA_OT_CNS,ch4,kt,2005,6.57,TTW
Striving,off-road,TRA_OT_AGR,ch4,kt,2005,12.88,TTW
Striving,off-road,TRA_OT_RAI,ch4,kt,2005,5.58,TTW
Striving,off-road,TRA_OT_OTHER,ch4,kt,2005,7.87,TTW
Striving,off-road,TRA_OT_CNS,co2,Mt,2006,116.684,TTW
Striving,off-road,TRA_OT_AGR,co2,Mt,2006,227.22,TTW
Striving,off-road,TRA_OT_RAI,co2,Mt,2006,95.196,TTW
Striving,off-road,TRA_OT_OTHER,co2,Mt,2006,54.36578902931247,TTW
Striving,off-road,TRA_OT_CNS,bc,kt,2006,86.092,TTW
Striving,off-road,TRA_OT_AGR,bc,kt,2006,146.966,TTW
Striving,off-road,TRA_OT_RAI,bc,kt,2006,54.47,TTW
Striving,off-road,TRA_OT_OTHER,bc,kt,2006,4.576511802214907,TTW
Striving,off-road,TRA_OT_CNS,ch4,kt,2006,6.628,TTW
Striving,off-road,TRA_OT_AGR,ch4,kt,2006,12.930000000000001,TTW
Striving,off-road,TRA_OT_RAI,ch4,kt,2006,5.416,TTW
Striving,off-road,TRA_OT_OTHER,ch4,kt,2006,8.028,TTW
Striving,off-road,TRA_OT_CNS,co2,Mt,2007,117.368,TTW
Striving,off-road,TRA_OT_AGR,co2,Mt,2007,227.18,TTW
Striving,off-road,TRA_OT_RAI,co2,Mt,2007,92.132,TTW
Striving,off-road,TRA_OT_OTHER,co2,Mt,2007,54.52322626324031,TTW
Striving,off-road,TRA_OT_CNS,bc,kt,2007,85.724,TTW
Striving,off-road,TRA_OT_AGR,bc,kt,2007,145.412,TTW
Striving,off-road,TRA_OT_RAI,bc,kt,2007,52.4,TTW
Striving,off-road,TRA_OT_OTHER,bc,kt,2007,4.62039322969171,TTW
Striving,off-road,TRA_OT_CNS,ch4,kt,2007,6.686,TTW
Striving,off-road,TRA_OT_AGR,ch4,kt,2007,12.98,TTW
Striving,off-road,TRA_OT_RAI,ch4,kt,2007,5.252,TTW
Striving,off-road,TRA_OT_OTHER,ch4,kt,2007,8.186,TTW
Striving,off-road,TRA_OT_CNS,co2,Mt,2008,118.052,TTW
Striving,off-road,TRA_OT_AGR,co2,Mt,2008,227.14,TTW
Striving,off-road,TRA_OT_RAI,co2,Mt,2008,89.068,TTW
Striving,off-road,TRA_OT_OTHER,co2,Mt,2008,54.68066349716815,TTW
Striving,off-road,TRA_OT_CNS,bc,kt,2008,85.356,TTW
Striving,off-road,TRA_OT_AGR,bc,kt,2008,143.858,TTW
Striving,off-road,TRA_OT_RAI,bc,kt,2008,50.33,TTW
Striving,off-road,TRA_OT_OTHER,bc,kt,2008,4.664274657168513,TTW
Striving,off-road,TRA_OT_CNS,ch4,kt,2008,6.744000000000001,TTW
Striving,off-road,TRA_OT_AGR,ch4,kt,2008,13.030000000000001,TTW
Striving,off-road,TRA_OT_RAI,ch4,kt,2008,5.088,TTW
Striving,off-road,TRA_OT_OTHER,ch4,kt,2008,8.344,TTW
Striving,off-road,TRA_OT_CNS,co2,Mt,2009,118.736,TTW
Striving,off-road,TRA_OT_AGR,co2,Mt,2009,227.1,TTW
Striving,off-road,TRA_OT_RAI,co2,Mt,2009,86.004,TTW
Striving,off-road,TRA_OT_OTHER,co2,Mt,2009,54.838100731095984,TTW
Striving,off-road,TRA_OT_CNS,bc,kt,2009,84.988,TTW
Striving,off-road,TRA_OT_AGR,bc,kt,2009,142.304,TTW
Striving,off-road,TRA_OT_RAI,bc,kt,2009,48.26,TTW
Striving,off-road,TRA_OT_OTHER,bc,kt,2009,4.708156084645316,TTW
Striving,off-road,TRA_OT_CNS,ch4,kt,2009,6.8020000000000005,TTW
Striving,off-road,TRA_OT_AGR,ch4,kt,2009,13.08,TTW
Striving,off-road,TRA_OT_RAI,ch4,kt,2009,4.9239999999999995,TTW
Striving,off-road,TRA_OT_OTHER,ch4,kt,2009,8.502,TTW
Striving,off-road,TRA_OT_CNS,co2,Mt,2010,119.42,TTW
Striving,off-road,TRA_OT_AGR,co2,Mt,2010,227.06,TTW
Striving,off-road,TRA_OT_RAI,co2,Mt,2010,82.94,TTW
Striving,off-road,TRA_OT_OTHER,co2,Mt,2010,54.99553796502382,TTW
Striving,off-road,TRA_OT_CNS,bc,kt,2010,84.62,TTW
Striving,off-road,TRA_OT_AGR,bc,kt,2010,140.75,TTW
Striving,off-road,TRA_OT_RAI,bc,kt,2010,46.19,TTW
Striving,off-road,TRA_OT_OTHER,bc,kt,2010,4.75203751212212,TTW
Striving,off-road,TRA_OT_CNS,ch4,kt,2010,6.86,TTW
Striving,off-road,TRA_OT_AGR,ch4,kt,2010,13.13,TTW
Striving,off-road,TRA_OT_RAI,ch4,kt,2010,4.76,TTW
Striving,off-road,TRA_OT_OTHER,ch4,kt,2010,8.66,TTW
Striving,off-road,TRA_OT_CNS,co2,Mt,2011,122.676,TTW
Striving,off-road,TRA_OT_AGR,co2,Mt,2011,226.17000000000002,TTW
Striving,off-road,TRA_OT_RAI,co2,Mt,2011,84.432,TTW
Striving,off-road,TRA_OT_OTHER,co2,Mt,2011,56.50012195060731,TTW
Striving,off-road,TRA_OT_CNS,bc,kt,2011,84.22800000000001,TTW
Striving,off-road,TRA_OT_AGR,bc,kt,2011,137.564,TTW
Striving,off-road,TRA_OT_RAI,bc,kt,2011,45.85,TTW
Striving,off-road,TRA_OT_OTHER,bc,kt,2011,4.755248348278959,TTW
Striving,off-road,TRA_OT_CNS,ch4,kt,2011,7.064,TTW
Striving,off-road,TRA_OT_AGR,ch4,kt,2011,13.110000000000001,TTW
Striving,off-road,TRA_OT_RAI,ch4,kt,2011,4.851999999999999,TTW
Striving,off-road,TRA_OT_OTHER,ch4,kt,2011,8.802,TTW
Striving,off-road,TRA_OT_CNS,co2,Mt,2012,125.932,TTW
Striving,off-road,TRA_OT_AGR,co2,Mt,2012,225.28,TTW
Striving,off-road,TRA_OT_RAI,co2,Mt,2012,85.924,TTW
Striving,off-road,TRA_OT_OTHER,co2,Mt,2012,58.00470593619079,TTW
Striving,off-road,TRA_OT_CNS,bc,kt,2012,83.836,TTW
Striving,off-road,TRA_OT_AGR,bc,kt,2012,134.378,TTW
Striving,off-road,TRA_OT_RAI,bc,kt,2012,45.51,TTW
Striving,off-road,TRA_OT_OTHER,bc,kt,2012,4.758459184435799,TTW
Striving,off-road,TRA_OT_CNS,ch4,kt,2012,7.268,TTW
Striving,off-road,TRA_OT_AGR,ch4,kt,2012,13.09,TTW
Striving,off-road,TRA_OT_RAI,ch4,kt,2012,4.944,TTW
Striving,off-road,TRA_OT_OTHER,ch4,kt,2012,8.943999999999999,TTW
Striving,off-road,TRA_OT_CNS,co2,Mt,2013,129.188,TTW
Striving,off-road,TRA_OT_AGR,co2,Mt,2013,224.39000000000001,TTW
Striving,off-road,TRA_OT_RAI,co2,Mt,2013,87.416,TTW
Striving,off-road,TRA_OT_OTHER,co2,Mt,2013,59.50928992177426,TTW
Striving,off-road,TRA_OT_CNS,bc,kt,2013,83.444,TTW
Striving,off-road,TRA_OT_AGR,bc,kt,2013,131.192,TTW
Striving,off-road,TRA_OT_RAI,bc,kt,2013,45.17,TTW
Striving,off-road,TRA_OT_OTHER,bc,kt,2013,4.761670020592637,TTW
Striving,off-road,TRA_OT_CNS,ch4,kt,2013,7.4719999999999995,TTW
Striving,off-road,TRA_OT_AGR,ch4,kt,2013,13.07,TTW
Striving,off-road,TRA_OT_RAI,ch4,kt,2013,5.036,TTW
Striving,off-road,TRA_OT_OTHER,ch4,kt,2013,9.086,TTW
Striving,off-road,TRA_OT_CNS,co2,Mt,2014,132.444,TTW
Striving,off-road,TRA_OT_AGR,co2,Mt,2014,223.5,TTW
Striving,off-road,TRA_OT_RAI,co2,Mt,2014,88.908,TTW
Striving,off-road,TRA_OT_OTHER,co2,Mt,2014,61.01387390735775,TTW
Striving,off-road,TRA_OT_CNS,bc,kt,2014,83.05199999999999,TTW
Striving,off-road,TRA_OT_AGR,bc,kt,2014,128.006,TTW
Striving,off-road,TRA_OT_RAI,bc,kt,2014,44.83,TTW
Striving,off-road,TRA_OT_OTHER,bc,kt,2014,4.7648808567494765,TTW
Striving,off-road,TRA_OT_CNS,ch4,kt,2014,7.676,TTW
Striving,off-road,TRA_OT_AGR,ch4,kt,2014,13.049999999999999,TTW
Striving,off-road,TRA_OT_RAI,ch4,kt,2014,5.128,TTW
Striving,off-road,TRA_OT_OTHER,ch4,kt,2014,9.228,TTW
Striving,off-road,TRA_OT_CNS,co2,Mt,2015,135.7,TTW
Striving,off-road,TRA_OT_AGR,co2,Mt,2015,222.61,TTW
Striving,off-road,TRA_OT_RAI,co2,Mt,2015,90.4,TTW
Striving,off-road,TRA_OT_OTHER,co2,Mt,2015,62.51845789294123,TTW
Striving,off-road,TRA_OT_CNS,bc,kt,2015,82.66,TTW
Striving,off-road,TRA_OT_AGR,bc,kt,2015,124.82,TTW
Striving,off-road,TRA_OT_RAI,bc,kt,2015,44.49,TTW
Striving,off-road,TRA_OT_OTHER,bc,kt,2015,4.768091692906316,TTW
Striving,off-road,TRA_OT_CNS,ch4,kt,2015,7.88,TTW
Striving,off-road,TRA_OT_AGR,ch4,kt,2015,13.03,TTW
Striving,off-road,TRA_OT_RAI,ch4,kt,2015,5.22,TTW
Striving,off-road,TRA_OT_OTHER,ch4,kt,2015,9.37,TTW
Striving,off-road,TRA_OT_CNS,co2,Mt,2016,160.378,TTW
Striving,off-road,TRA_OT_AGR,co2,Mt,2016,226.90800000000002,TTW
Striving,off-road,TRA_OT_RAI,co2,Mt,2016,88.73,TTW
Striving,off-road,TRA_OT_OTHER,co2,Mt,2016,62.61437553546029,TTW
Striving,off-road,TRA_OT_CNS,bc,kt,2016,89.26599999999999,TTW
Striving,off-road,TRA_OT_AGR,bc,kt,2016,120.768,TTW
Striving,off-road,TRA_OT_RAI,bc,kt,2016,42.724000000000004,TTW
Striving,off-road,TRA_OT_OTHER,bc,kt,2016,4.562598178868603,TTW
Striving,off-road,TRA_OT_CNS,ch4,kt,2016,9.326,TTW
Striving,off-road,TRA_OT_AGR,ch4,kt,2016,13.283999999999999,TTW
Striving,off-road,TRA_OT_RAI,ch4,kt,2016,5.124,TTW
Striving,off-road,TRA_OT_OTHER,ch4,kt,2016,9.783999999999999,TTW
Striving,off-road,TRA_OT_CNS,co2,Mt,2017,185.05599999999998,TTW
Striving,off-road,TRA_OT_AGR,co2,Mt,2017,231.20600000000002,TTW
Striving,off-road,TRA_OT_RAI,co2,Mt,2017,87.06,TTW
Striving,off-road,TRA_OT_OTHER,co2,Mt,2017,62.710293177979345,TTW
Striving,off-road,TRA_OT_CNS,bc,kt,2017,95.872,TTW
Striving,off-road,TRA_OT_AGR,bc,kt,2017,116.716,TTW
Striving,off-road,TRA_OT_RAI,bc,kt,2017,40.958,TTW
Striving,off-road,TRA_OT_OTHER,bc,kt,2017,4.3571046648308895,TTW
Striving,off-road,TRA_OT_CNS,ch4,kt,2017,10.772,TTW
Striving,off-road,TRA_OT_AGR,ch4,kt,2017,13.538,TTW
Striving,off-road,TRA_OT_RAI,ch4,kt,2017,5.028,TTW
Striving,off-road,TRA_OT_OTHER,ch4,kt,2017,10.197999999999999,TTW
Striving,off-road,TRA_OT_CNS,co2,Mt,2018,209.73399999999998,TTW
Striving,off-road,TRA_OT_AGR,co2,Mt,2018,235.504,TTW
Striving,off-road,TRA_OT_RAI,co2,Mt,2018,85.39,TTW
Striving,off-road,TRA_OT_OTHER,co2,Mt,2018,62.806210820498414,TTW
Striving,off-road,TRA_OT_CNS,bc,kt,2018,102.478,TTW
Striving,off-road,TRA_OT_AGR,bc,kt,2018,112.664,TTW
Striving,off-road,TRA_OT_RAI,bc,kt,2018,39.192,TTW
Striving,off-road,TRA_OT_OTHER,bc,kt,2018,4.151611150793176,TTW
Striving,off-road,TRA_OT_CNS,ch4,kt,2018,12.218,TTW
Striving,off-road,TRA_OT_AGR,ch4,kt,2018,13.792,TTW
Striving,off-road,TRA_OT_RAI,ch4,kt,2018,4.932,TTW
Striving,off-road,TRA_OT_OTHER,ch4,kt,2018,10.611999999999998,TTW
Striving,off-road,TRA_OT_CNS,co2,Mt,2019,234.41199999999998,TTW
Striving,off-road,TRA_OT_AGR,co2,Mt,2019,239.802,TTW
Striving,off-road,TRA_OT_RAI,co2,Mt,2019,83.72,TTW
Striving,off-road,TRA_OT_OTHER,co2,Mt,2019,62.902128463017476,TTW
Striving,off-road,TRA_OT_CNS,bc,kt,2019,109.084,TTW
Striving,off-road,TRA_OT_AGR,bc,kt,2019,108.612,TTW
Striving,off-road,TRA_OT_RAI,bc,kt,2019,37.425999999999995,TTW
Striving,off-road,TRA_OT_OTHER,bc,kt,2019,3.946117636755463,TTW
Striving,off-road,TRA_OT_CNS,ch4,kt,2019,13.664,TTW
Striving,off-road,TRA_OT_AGR,ch4,kt,2019,14.046000000000001,TTW
Striving,off-road,TRA_OT_RAI,ch4,kt,2019,4.836,TTW
Striving,off-road,TRA_OT_OTHER,ch4,kt,2019,11.026,TTW
Striving,off-road,TRA_OT_CNS,co2,Mt,2020,259.09,TTW
Striving,off-road,TRA_OT_AGR,co2,Mt,2020,244.1,TTW
Striving,off-road,TRA_OT_RAI,co2,Mt,2020,82.05,TTW
Striving,off-road,TRA_OT_OTHER,co2,Mt,2020,62.99804610553653,TTW
Striving,off-road,TRA_OT_CNS,bc,kt,2020,115.69,TTW
Striving,off-road,TRA_OT_AGR,bc,kt,2020,104.56,TTW
Striving,off-road,TRA_OT_RAI,bc,kt,2020,35.66,TTW
Striving,off-road,TRA_OT_OTHER,bc,kt,2020,3.7406241227177497,TTW
Striving,off-road,TRA_OT_CNS,ch4,kt,2020,15.11,TTW
Striving,off-road,TRA_OT_AGR,ch4,kt,2020,14.3,TTW
Striving,off-road,TRA_OT_RAI,ch4,kt,2020,4.74,TTW
Striving,off-road,TRA_OT_OTHER,ch4,kt,2020,11.44,TTW
Striving,off-road,TRA_OT_CNS,co2,Mt,2021,260.238,TTW
Striving,off-road,TRA_OT_AGR,co2,Mt,2021,244.442,TTW
Striving,off-road,TRA_OT_RAI,co2,Mt,2021,81.158,TTW
Striving,off-road,TRA_OT_OTHER,co2,Mt,2021,63.91389421634785,TTW
Striving,off-road,TRA_OT_CNS,bc,kt,2021,113.292,TTW
Striving,off-road,TRA_OT_AGR,bc,kt,2021,102.302,TTW
Striving,off-road,TRA_OT_RAI,bc,kt,2021,34.586,TTW
Striving,off-road,TRA_OT_OTHER,bc,kt,2021,3.658212661358875,TTW
Striving,off-road,TRA_OT_CNS,ch4,kt,2021,15.187999999999999,TTW
Striving,off-road,TRA_OT_AGR,ch4,kt,2021,14.336,TTW
Striving,off-road,TRA_OT_RAI,ch4,kt,2021,4.702,TTW
Striving,off-road,TRA_OT_OTHER,ch4,kt,2021,11.312,TTW
Striving,off-road,TRA_OT_CNS,co2,Mt,2022,261.38599999999997,TTW
Striving,off-road,TRA_OT_AGR,co2,Mt,2022,244.784,TTW
Striving,off-road,TRA_OT_RAI,co2,Mt,2022,80.266,TTW
Striving,off-road,TRA_OT_OTHER,co2,Mt,2022,64.82974232715917,TTW
Striving,off-road,TRA_OT_CNS,bc,kt,2022,110.894,TTW
Striving,off-road,TRA_OT_AGR,bc,kt,2022,100.044,TTW
Striving,off-road,TRA_OT_RAI,bc,kt,2022,33.512,TTW
Striving,off-road,TRA_OT_OTHER,bc,kt,2022,3.575801200000001,TTW
Striving,off-road,TRA_OT_CNS,ch4,kt,2022,15.266,TTW
Striving,off-road,TRA_OT_AGR,ch4,kt,2022,14.372,TTW
Striving,off-road,TRA_OT_RAI,ch4,kt,2022,4.664,TTW
Striving,off-road,TRA_OT_OTHER,ch4,kt,2022,11.184,TTW
Striving,off-road,TRA_OT_CNS,co2,Mt,2023,262.534,TTW
Striving,off-road,TRA_OT_AGR,co2,Mt,2023,245.126,TTW
Striving,off-road,TRA_OT_RAI,co2,Mt,2023,79.374,TTW
Striving,off-road,TRA_OT_OTHER,co2,Mt,2023,65.74559043797046,TTW
Striving,off-road,TRA_OT_CNS,bc,kt,2023,108.496,TTW
Striving,off-road,TRA_OT_AGR,bc,kt,2023,97.786,TTW
Striving,off-road,TRA_OT_RAI,bc,kt,2023,32.437999999999995,TTW
Striving,off-road,TRA_OT_OTHER,bc,kt,2023,3.4933897386411257,TTW
Striving,off-road,TRA_OT_CNS,ch4,kt,2023,15.344,TTW
Striving,off-road,TRA_OT_AGR,ch4,kt,2023,14.408000000000001,TTW
Striving,off-road,TRA_OT_RAI,ch4,kt,2023,4.626,TTW
Striving,off-road,TRA_OT_OTHER,ch4,kt,2023,11.056000000000001,TTW
Striving,off-road,TRA_OT_CNS,co2,Mt,2024,263.68199999999996,TTW
Striving,off-road,TRA_OT_AGR,co2,Mt,2024,245.468,TTW
Striving,off-road,TRA_OT_RAI,co2,Mt,2024,78.482,TTW
Striving,off-road,TRA_OT_OTHER,co2,Mt,2024,66.66143854878177,TTW
Striving,off-road,TRA_OT_CNS,bc,kt,2024,106.098,TTW
Striving,off-road,TRA_OT_AGR,bc,kt,2024,95.52799999999999,TTW
Striving,off-road,TRA_OT_RAI,bc,kt,2024,31.363999999999997,TTW
Striving,off-road,TRA_OT_OTHER,bc,kt,2024,3.410978277282251,TTW
Striving,off-road,TRA_OT_CNS,ch4,kt,2024,15.422,TTW
Striving,off-road,TRA_OT_AGR,ch4,kt,2024,14.444,TTW
Striving,off-road,TRA_OT_RAI,ch4,kt,2024,4.588,TTW
Striving,off-road,TRA_OT_OTHER,ch4,kt,2024,10.928,TTW
Striving,off-road,TRA_OT_CNS,co2,Mt,2025,264.83,TTW
Striving,off-road,TRA_OT_AGR,co2,Mt,2025,245.81,TTW
Striving,off-road,TRA_OT_RAI,co2,Mt,2025,77.59,TTW
Striving,off-road,TRA_OT_OTHER,co2,Mt,2025,67.5772866595931,TTW
Striving,off-road,TRA_OT_CNS,bc,kt,2025,103.7,TTW
Striving,off-road,TRA_OT_AGR,bc,kt,2025,93.27,TTW
Striving,off-road,TRA_OT_RAI,bc,kt,2025,30.29,TTW
Striving,off-road,TRA_OT_OTHER,bc,kt,2025,3.3285668159233763,TTW
Striving,off-road,TRA_OT_CNS,ch4,kt,2025,15.5,TTW
Striving,off-road,TRA_OT_AGR,ch4,kt,2025,14.48,TTW
Striving,off-road,TRA_OT_RAI,ch4,kt,2025,4.55,TTW
Striving,off-road,TRA_OT_OTHER,ch4,kt,2025,10.8,TTW
Striving,off-road,TRA_OT_CNS,co2,Mt,2026,253.06176,TTW
Striving,off-road,TRA_OT_AGR,co2,Mt,2026,235.2096,TTW
Striving,off-road,TRA_OT_RAI,co2,Mt,2026,73.75872000000001,TTW
Striving,off-road,TRA_OT_OTHER,co2,Mt,2026,67.35827029916801,TTW
Striving,off-road,TRA_OT_CNS,bc,kt,2026,95.63372,TTW
Striving,off-road,TRA_OT_AGR,bc,kt,2026,86.48563999999999,TTW
Striving,off-road,TRA_OT_RAI,bc,kt,2026,27.95748,TTW
Striving,off-road,TRA_OT_OTHER,bc,kt,2026,3.1990630909308595,TTW
Striving,off-road,TRA_OT_CNS,ch4,kt,2026,14.84928,TTW
Striving,off-road,TRA_OT_AGR,ch4,kt,2026,13.872,TTW
Striving,off-road,TRA_OT_RAI,ch4,kt,2026,4.33536,TTW
Striving,off-road,TRA_OT_OTHER,ch4,kt,2026,10.5448,TTW
Striving,off-road,TRA_OT_CNS,co2,Mt,2027,241.39144000000002,TTW
Striving,off-road,TRA_OT_AGR,co2,Mt,2027,224.6732,TTW
Striving,off-road,TRA_OT_RAI,co2,Mt,2027,69.98808,TTW
Striving,off-road,TRA_OT_OTHER,co2,Mt,2027,67.09302825005858,TTW
Striving,off-road,TRA_OT_CNS,bc,kt,2027,87.80288,TTW
Striving,off-road,TRA_OT_AGR,bc,kt,2027,79.85296000000001,TTW
Striving,off-road,TRA_OT_RAI,bc,kt,2027,25.69072,TTW
Striving,off-road,TRA_OT_OTHER,bc,kt,2027,3.0721280348638134,TTW
Striving,off-road,TRA_OT_CNS,ch4,kt,2027,14.201120000000001,TTW
Striving,off-road,TRA_OT_AGR,ch4,kt,2027,13.2664,TTW
Striving,off-road,TRA_OT_RAI,ch4,kt,2027,4.12344,TTW
Striving,off-road,TRA_OT_OTHER,ch4,kt,2027,10.2912,TTW
Striving,off-road,TRA_OT_CNS,co2,Mt,2028,229.81903999999997,TTW
Striving,off-road,TRA_OT_AGR,co2,Mt,2028,214.2008,TTW
Striving,off-road,TRA_OT_RAI,co2,Mt,2028,66.27808,TTW
Striving,off-road,TRA_OT_OTHER,co2,Mt,2028,66.78156051226479,TTW
Striving,off-road,TRA_OT_CNS,bc,kt,2028,80.20748000000002,TTW
Striving,off-road,TRA_OT_AGR,bc,kt,2028,73.37196,TTW
Striving,off-road,TRA_OT_RAI,bc,kt,2028,23.489720000000002,TTW
Striving,off-road,TRA_OT_OTHER,bc,kt,2028,2.947761647722239,TTW
Striving,off-road,TRA_OT_CNS,ch4,kt,2028,13.55552,TTW
Striving,off-road,TRA_OT_AGR,ch4,kt,2028,12.6632,TTW
Striving,off-road,TRA_OT_RAI,ch4,kt,2028,3.9142399999999995,TTW
Striving,off-road,TRA_OT_OTHER,ch4,kt,2028,10.0392,TTW
Striving,off-road,TRA_OT_CNS,co2,Mt,2029,218.34455999999997,TTW
Striving,off-road,TRA_OT_AGR,co2,Mt,2029,203.79240000000001,TTW
Striving,off-road,TRA_OT_RAI,co2,Mt,2029,62.628719999999994,TTW
Striving,off-road,TRA_OT_OTHER,co2,Mt,2029,66.42386708578665,TTW
Striving,off-road,TRA_OT_CNS,bc,kt,2029,72.84752,TTW
Striving,off-road,TRA_OT_AGR,bc,kt,2029,67.04264,TTW
Striving,off-road,TRA_OT_RAI,bc,kt,2029,21.35448,TTW
Striving,off-road,TRA_OT_OTHER,bc,kt,2029,2.8259639295061367,TTW
Striving,off-road,TRA_OT_CNS,ch4,kt,2029,12.912479999999999,TTW
Striving,off-road,TRA_OT_AGR,ch4,kt,2029,12.062399999999998,TTW
Striving,off-road,TRA_OT_RAI,ch4,kt,2029,3.7077599999999995,TTW
Striving,off-road,TRA_OT_OTHER,ch4,kt,2029,9.7888,TTW
Striving,off-road,TRA_OT_CNS,co2,Mt,2030,206.968,TTW
Striving,off-road,TRA_OT_AGR,co2,Mt,2030,193.448,TTW
Striving,off-road,TRA_OT_RAI,co2,Mt,2030,59.04,TTW
Striving,off-road,TRA_OT_OTHER,co2,Mt,2030,66.01994797062413,TTW
Striving,off-road,TRA_OT_CNS,bc,kt,2030,65.723,TTW
Striving,off-road,TRA_OT_AGR,bc,kt,2030,60.864999999999995,TTW
Striving,off-road,TRA_OT_RAI,bc,kt,2030,19.285,TTW
Striving,off-road,TRA_OT_OTHER,bc,kt,2030,2.706734880215505,TTW
Striving,off-road,TRA_OT_CNS,ch4,kt,2030,12.272,TTW
Striving,off-road,TRA_OT_AGR,ch4,kt,2030,11.464,TTW
Striving,off-road,TRA_OT_RAI,ch4,kt,2030,3.504,TTW
Striving,off-road,TRA_OT_OTHER,ch4,kt,2030,9.54,TTW
Striving,off-road,TRA_OT_CNS,co2,Mt,2031,198.86311999999998,TTW
Striving,off-road,TRA_OT_AGR,co2,Mt,2031,183.00495999999998,TTW
Striving,off-road,TRA_OT_RAI,co2,Mt,2031,55.571200000000005,TTW
Striving,off-road,TRA_OT_OTHER,co2,Mt,2031,65.72377413555475,TTW
Striving,off-road,TRA_OT_CNS,bc,kt,2031,60.85888,TTW
Striving,off-road,TRA_OT_AGR,bc,kt,2031,55.272960000000005,TTW
Striving,off-road,TRA_OT_RAI,bc,kt,2031,17.3952,TTW
Striving,off-road,TRA_OT_OTHER,bc,kt,2031,2.6089114053038016,TTW
Striving,off-road,TRA_OT_CNS,ch4,kt,2031,11.79976,TTW
Striving,off-road,TRA_OT_AGR,ch4,kt,2031,10.8528,TTW
Striving,off-road,TRA_OT_RAI,ch4,kt,2031,3.3014400000000004,TTW
Striving,off-road,TRA_OT_OTHER,ch4,kt,2031,9.328,TTW
Striving,off-road,TRA_OT_CNS,co2,Mt,2032,190.52208,TTW
Striving,off-road,TRA_OT_AGR,co2,Mt,2032,172.64304,TTW
Striving,off-road,TRA_OT_RAI,co2,Mt,2032,52.1568,TTW
Striving,off-road,TRA_OT_OTHER,co2,Mt,2032,65.37437593140204,TTW
Striving,off-road,TRA_OT_CNS,bc,kt,2032,55.85052,TTW
Striving,off-road,TRA_OT_AGR,bc,kt,2032,49.75124000000001,TTW
Striving,off-road,TRA_OT_RAI,bc,kt,2032,15.549800000000001,TTW
Striving,off-road,TRA_OT_OTHER,bc,kt,2032,2.5128003763424127,TTW
Striving,off-road,TRA_OT_CNS,ch4,kt,2032,11.31264,TTW
Striving,off-road,TRA_OT_AGR,ch4,kt,2032,10.2456,TTW
Striving,off-road,TRA_OT_RAI,ch4,kt,2032,3.1017599999999996,TTW
Striving,off-road,TRA_OT_OTHER,ch4,kt,2032,9.116,TTW
Striving,off-road,TRA_OT_CNS,co2,Mt,2033,181.94488,TTW
Striving,off-road,TRA_OT_AGR,co2,Mt,2033,162.36223999999999,TTW
Striving,off-road,TRA_OT_RAI,co2,Mt,2033,48.7968,TTW
Striving,off-road,TRA_OT_OTHER,co2,Mt,2033,64.971753358166,TTW
Striving,off-road,TRA_OT_CNS,bc,kt,2033,50.69792,TTW
Striving,off-road,TRA_OT_AGR,bc,kt,2033,44.299839999999996,TTW
Striving,off-road,TRA_OT_RAI,bc,kt,2033,13.748800000000001,TTW
Striving,off-road,TRA_OT_OTHER,bc,kt,2033,2.418401793331338,TTW
Striving,off-road,TRA_OT_CNS,ch4,kt,2033,10.81064,TTW
Striving,off-road,TRA_OT_AGR,ch4,kt,2033,9.642399999999999,TTW
Striving,off-road,TRA_OT_RAI,ch4,kt,2033,2.90496,TTW
Striving,off-road,TRA_OT_OTHER,ch4,kt,2033,8.904,TTW
Striving,off-road,TRA_OT_CNS,co2,Mt,2034,173.13152000000002,TTW
Striving,off-road,TRA_OT_AGR,co2,Mt,2034,152.16256,TTW
Striving,off-road,TRA_OT_RAI,co2,Mt,2034,45.4912,TTW
Striving,off-road,TRA_OT_OTHER,co2,Mt,2034,64.51590641584663,TTW
Striving,off-road,TRA_OT_CNS,bc,kt,2034,45.40108,TTW
Striving,off-road,TRA_OT_AGR,bc,kt,2034,38.91875999999999,TTW
Striving,off-road,TRA_OT_RAI,bc,kt,2034,11.992199999999999,TTW
Striving,off-road,TRA_OT_OTHER,bc,kt,2034,2.325715656270578,TTW
Striving,off-road,TRA_OT_CNS,ch4,kt,2034,10.29376,TTW
Striving,off-road,TRA_OT_AGR,ch4,kt,2034,9.0432,TTW
Striving,off-road,TRA_OT_RAI,ch4,kt,2034,2.71104,TTW
Striving,off-road,TRA_OT_OTHER,ch4,kt,2034,8.692,TTW
Striving,off-road,TRA_OT_CNS,co2,Mt,2035,164.08200000000002,TTW
Striving,off-road,TRA_OT_AGR,co2,Mt,2035,142.044,TTW
Striving,off-road,TRA_OT_RAI,co2,Mt,2035,42.24,TTW
Striving,off-road,TRA_OT_OTHER,co2,Mt,2035,64.00683510444391,TTW
Striving,off-road,TRA_OT_CNS,bc,kt,2035,39.96000000000001,TTW
Striving,off-road,TRA_OT_AGR,bc,kt,2035,33.608,TTW
Striving,off-road,TRA_OT_RAI,bc,kt,2035,10.280000000000001,TTW
Striving,off-road,TRA_OT_OTHER,bc,kt,2035,2.234741965160132,TTW
Striving,off-road,TRA_OT_CNS,ch4,kt,2035,9.761999999999999,TTW
Striving,off-road,TRA_OT_AGR,ch4,kt,2035,8.448,TTW
Striving,off-road,TRA_OT_RAI,ch4,kt,2035,2.52,TTW
Striving,off-road,TRA_OT_OTHER,ch4,kt,2035,8.48,TTW
Striving,off-road,TRA_OT_CNS,co2,Mt,2036,154.6664,TTW
Striving,off-road,TRA_OT_AGR,co2,Mt,2036,132.0704,TTW
Striving,off-road,TRA_OT_RAI,co2,Mt,2036,38.96592000000001,TTW
Striving,off-road,TRA_OT_OTHER,co2,Mt,2036,63.59855669780415,TTW
Striving,off-road,TRA_OT_CNS,bc,kt,2036,37.73728000000001,TTW
Striving,off-road,TRA_OT_AGR,bc,kt,2036,31.205440000000007,TTW
Striving,off-road,TRA_OT_RAI,bc,kt,2036,9.565546666666668,TTW
Striving,off-road,TRA_OT_OTHER,bc,kt,2036,2.162177068015564,TTW
Striving,off-road,TRA_OT_CNS,ch4,kt,2036,9.217600000000001,TTW
Striving,off-road,TRA_OT_AGR,ch4,kt,2036,7.856800000000001,TTW
Striving,off-road,TRA_OT_RAI,ch4,kt,2036,2.32288,TTW
Striving,off-road,TRA_OT_OTHER,ch4,kt,2036,8.27424,TTW
Striving,off-road,TRA_OT_CNS,co2,Mt,2037,145.03320000000002,TTW
Striving,off-road,TRA_OT_AGR,co2,Mt,2037,122.1688,TTW
Striving,off-road,TRA_OT_RAI,co2,Mt,2037,35.75728000000001,TTW
Striving,off-road,TRA_OT_OTHER,co2,Mt,2037,63.12915560034535,TTW
Striving,off-road,TRA_OT_CNS,bc,kt,2037,35.45152,TTW
Striving,off-road,TRA_OT_AGR,bc,kt,2037,28.826026666666667,TTW
Striving,off-road,TRA_OT_RAI,bc,kt,2037,8.855253333333334,TTW
Striving,off-road,TRA_OT_OTHER,bc,kt,2037,2.090468393846154,TTW
Striving,off-road,TRA_OT_CNS,ch4,kt,2037,8.658,TTW
Striving,off-road,TRA_OT_AGR,ch4,kt,2037,7.2696000000000005,TTW
Striving,off-road,TRA_OT_RAI,ch4,kt,2037,2.1299200000000003,TTW
Striving,off-road,TRA_OT_OTHER,ch4,kt,2037,8.06816,TTW
Striving,off-road,TRA_OT_CNS,co2,Mt,2038,135.1824,TTW
Striving,off-road,TRA_OT_AGR,co2,Mt,2038,112.3392,TTW
Striving,off-road,TRA_OT_RAI,co2,Mt,2038,32.61408,TTW
Striving,off-road,TRA_OT_OTHER,co2,Mt,2038,62.5986318120675,TTW
Striving,off-road,TRA_OT_CNS,bc,kt,2038,33.102720000000005,TTW
Striving,off-road,TRA_OT_AGR,bc,kt,2038,26.46976,TTW
Striving,off-road,TRA_OT_RAI,bc,kt,2038,8.14912,TTW
Striving,off-road,TRA_OT_OTHER,bc,kt,2038,2.019615942651901,TTW
Striving,off-road,TRA_OT_CNS,ch4,kt,2038,8.0832,TTW
Striving,off-road,TRA_OT_AGR,ch4,kt,2038,6.6864,TTW
Striving,off-road,TRA_OT_RAI,ch4,kt,2038,1.9411200000000002,TTW
Striving,off-road,TRA_OT_OTHER,ch4,kt,2038,7.86176,TTW
Striving,off-road,TRA_OT_CNS,co2,Mt,2039,125.11399999999999,TTW
Striving,off-road,TRA_OT_AGR,co2,Mt,2039,102.5816,TTW
Striving,off-road,TRA_OT_RAI,co2,Mt,2039,29.536319999999996,TTW
Striving,off-road,TRA_OT_OTHER,co2,Mt,2039,62.00698533297062,TTW
Striving,off-road,TRA_OT_CNS,bc,kt,2039,30.69088,TTW
Striving,off-road,TRA_OT_AGR,bc,kt,2039,24.136639999999996,TTW
Striving,off-road,TRA_OT_RAI,bc,kt,2039,7.447146666666666,TTW
Striving,off-road,TRA_OT_OTHER,bc,kt,2039,1.9496197144328047,TTW
Striving,off-road,TRA_OT_CNS,ch4,kt,2039,7.493199999999998,TTW
Striving,off-road,TRA_OT_AGR,ch4,kt,2039,6.1072,TTW
Striving,off-road,TRA_OT_RAI,ch4,kt,2039,1.7564799999999998,TTW
Striving,off-road,TRA_OT_OTHER,ch4,kt,2039,7.65504,TTW
Striving,off-road,TRA_OT_CNS,co2,Mt,2040,114.82799999999997,TTW
Striving,off-road,TRA_OT_AGR,co2,Mt,2040,92.89599999999999,TTW
Striving,off-road,TRA_OT_RAI,co2,Mt,2040,26.523999999999994,TTW
Striving,off-road,TRA_OT_OTHER,co2,Mt,2040,61.35421616305469,TTW
Striving,off-road,TRA_OT_CNS,bc,kt,2040,28.216000000000005,TTW
Striving,off-road,TRA_OT_AGR,bc,kt,2040,21.826666666666668,TTW
Striving,off-road,TRA_OT_RAI,bc,kt,2040,6.749333333333334,TTW
Striving,off-road,TRA_OT_OTHER,bc,kt,2040,1.8804797091888656,TTW
Striving,off-road,TRA_OT_CNS,ch4,kt,2040,6.887999999999998,TTW
Striving,off-road,TRA_OT_AGR,ch4,kt,2040,5.531999999999999,TTW
Striving,off-road,TRA_OT_RAI,ch4,kt,2040,1.5759999999999996,TTW
Striving,off-road,TRA_OT_OTHER,ch4,kt,2040,7.4479999999999995,TTW
Striving,off-road,TRA_OT_CNS,co2,Mt,2041,103.18607999999999,TTW
Striving,off-road,TRA_OT_AGR,co2,Mt,2041,83.43863999999999,TTW
Striving,off-road,TRA_OT_RAI,co2,Mt,2041,23.50656,TTW
Striving,off-road,TRA_OT_OTHER,co2,Mt,2041,60.71814327794691,TTW
Striving,off-road,TRA_OT_CNS,bc,kt,2041,25.3752,TTW
Striving,off-road,TRA_OT_AGR,bc,kt,2041,19.56576,TTW
Striving,off-road,TRA_OT_RAI,bc,kt,2041,6.03552,TTW
Striving,off-road,TRA_OT_OTHER,bc,kt,2041,1.8194738222089195,TTW
Striving,off-road,TRA_OT_CNS,ch4,kt,2041,6.19344,TTW
Striving,off-road,TRA_OT_AGR,ch4,kt,2041,4.97376,TTW
Striving,off-road,TRA_OT_RAI,ch4,kt,2041,1.39824,TTW
Striving,off-road,TRA_OT_OTHER,ch4,kt,2041,7.22432,TTW
Striving,off-road,TRA_OT_CNS,co2,Mt,2042,91.57951999999997,TTW
Striving,off-road,TRA_OT_AGR,co2,Mt,2042,74.01855999999998,TTW
Striving,off-road,TRA_OT_RAI,co2,Mt,2042,20.570239999999995,TTW
Striving,off-road,TRA_OT_OTHER,co2,Mt,2042,60.01637011521848,TTW
Striving,off-road,TRA_OT_CNS,bc,kt,2042,22.53866666666667,TTW
Striving,off-road,TRA_OT_AGR,bc,kt,2042,17.32224,TTW
Striving,off-road,TRA_OT_RAI,bc,kt,2042,5.330346666666668,TTW
Striving,off-road,TRA_OT_OTHER,bc,kt,2042,1.7588960467165518,TTW
Striving,off-road,TRA_OT_CNS,ch4,kt,2042,5.500159999999998,TTW
Striving,off-road,TRA_OT_AGR,ch4,kt,2042,4.416639999999999,TTW
Striving,off-road,TRA_OT_RAI,ch4,kt,2042,1.2249599999999998,TTW
Striving,off-road,TRA_OT_OTHER,ch4,kt,2042,7.0012799999999995,TTW
Striving,off-road,TRA_OT_CNS,co2,Mt,2043,80.00832000000001,TTW
Striving,off-road,TRA_OT_AGR,co2,Mt,2043,64.63576,TTW
Striving,off-road,TRA_OT_RAI,co2,Mt,2043,17.715040000000002,TTW
Striving,off-road,TRA_OT_OTHER,co2,Mt,2043,59.248896674869414,TTW
Striving,off-road,TRA_OT_CNS,bc,kt,2043,19.706399999999995,TTW
Striving,off-road,TRA_OT_AGR,bc,kt,2043,15.096106666666666,TTW
Striving,off-road,TRA_OT_RAI,bc,kt,2043,4.6338133333333325,TTW
Striving,off-road,TRA_OT_OTHER,bc,kt,2043,1.698746382711763,TTW
Striving,off-road,TRA_OT_CNS,ch4,kt,2043,4.808160000000001,TTW
Striving,off-road,TRA_OT_AGR,ch4,kt,2043,3.8606400000000005,TTW
Striving,off-road,TRA_OT_RAI,ch4,kt,2043,1.0561600000000002,TTW
Striving,off-road,TRA_OT_OTHER,ch4,kt,2043,6.778880000000001,TTW
Striving,off-road,TRA_OT_CNS,co2,Mt,2044,68.47248,TTW
Striving,off-road,TRA_OT_AGR,co2,Mt,2044,55.29024,TTW
Striving,off-road,TRA_OT_RAI,co2,Mt,2044,14.94096,TTW
Striving,off-road,TRA_OT_OTHER,co2,Mt,2044,58.4157229568997,TTW
Striving,off-road,TRA_OT_CNS,bc,kt,2044,16.878400000000003,TTW
Striving,off-road,TRA_OT_AGR,bc,kt,2044,12.887360000000001,TTW
Striving,off-road,TRA_OT_RAI,bc,kt,2044,3.9459200000000005,TTW
Striving,off-road,TRA_OT_OTHER,bc,kt,2044,1.6390248301945525,TTW
Striving,off-road,TRA_OT_CNS,ch4,kt,2044,4.117439999999999,TTW
Striving,off-road,TRA_OT_AGR,ch4,kt,2044,3.30576,TTW
Striving,off-road,TRA_OT_RAI,ch4,kt,2044,0.89184,TTW
Striving,off-road,TRA_OT_OTHER,ch4,kt,2044,6.55712,TTW
Striving,off-road,TRA_OT_CNS,co2,Mt,2045,56.97199999999999,TTW
Striving,off-road,TRA_OT_AGR,co2,Mt,2045,45.98199999999999,TTW
Striving,off-road,TRA_OT_RAI,co2,Mt,2045,12.247999999999998,TTW
Striving,off-road,TRA_OT_OTHER,co2,Mt,2045,57.51684896130935,TTW
Striving,off-road,TRA_OT_CNS,bc,kt,2045,14.054666666666662,TTW
Striving,off-road,TRA_OT_AGR,bc,kt,2045,10.695999999999998,TTW
Striving,off-road,TRA_OT_RAI,bc,kt,2045,3.2666666666666657,TTW
Striving,off-road,TRA_OT_OTHER,bc,kt,2045,1.5797313891649207,TTW
Striving,off-road,TRA_OT_CNS,ch4,kt,2045,3.4279999999999995,TTW
Striving,off-road,TRA_OT_AGR,ch4,kt,2045,2.7519999999999993,TTW
Striving,off-road,TRA_OT_RAI,ch4,kt,2045,0.7319999999999999,TTW
Striving,off-road,TRA_OT_OTHER,ch4,kt,2045,6.336,TTW
Striving,off-road,TRA_OT_CNS,co2,Mt,2046,45.41087999999998,TTW
Striving,off-road,TRA_OT_AGR,co2,Mt,2046,36.50783999999998,TTW
Striving,off-road,TRA_OT_RAI,co2,Mt,2046,9.604159999999995,TTW
Striving,off-road,TRA_OT_OTHER,co2,Mt,2046,56.587764215830404,TTW
Striving,off-road,TRA_OT_CNS,bc,kt,2046,11.230506666666669,TTW
Striving,off-road,TRA_OT_AGR,bc,kt,2046,8.507946666666669,TTW
Striving,off-road,TRA_OT_RAI,bc,kt,2046,2.5792000000000006,TTW
Striving,off-road,TRA_OT_OTHER,bc,kt,2046,1.5276944378497457,TTW
Striving,off-road,TRA_OT_CNS,ch4,kt,2046,2.7340799999999987,TTW
Striving,off-road,TRA_OT_AGR,ch4,kt,2046,2.1868799999999986,TTW
Striving,off-road,TRA_OT_RAI,ch4,kt,2046,0.5743999999999998,TTW
Striving,off-road,TRA_OT_OTHER,ch4,kt,2046,6.1248,TTW
Striving,off-road,TRA_OT_CNS,co2,Mt,2047,33.93312,TTW
Striving,off-road,TRA_OT_AGR,co2,Mt,2047,27.172559999999997,TTW
Striving,off-road,TRA_OT_RAI,co2,Mt,2047,7.057440000000001,TTW
Striving,off-road,TRA_OT_OTHER,co2,Mt,2047,55.59053163909414,TTW
Striving,off-road,TRA_OT_CNS,bc,kt,2047,8.412960000000007,TTW
Striving,off-road,TRA_OT_AGR,bc,kt,2047,6.344320000000006,TTW
Striving,off-road,TRA_OT_RAI,bc,kt,2047,1.9088000000000016,TTW
Striving,off-road,TRA_OT_OTHER,bc,kt,2047,1.4756146753858126,TTW
Striving,off-road,TRA_OT_CNS,ch4,kt,2047,2.04432,TTW
Striving,off-road,TRA_OT_AGR,ch4,kt,2047,1.62912,TTW
Striving,off-road,TRA_OT_RAI,ch4,kt,2047,0.4224,TTW
Striving,off-road,TRA_OT_OTHER,ch4,kt,2047,5.913600000000001,TTW
Striving,off-road,TRA_OT_CNS,co2,Mt,2048,22.538719999999987,TTW
Striving,off-road,TRA_OT_AGR,co2,Mt,2048,17.97615999999999,TTW
Striving,off-road,TRA_OT_RAI,co2,Mt,2048,4.607839999999998,TTW
Striving,off-road,TRA_OT_OTHER,co2,Mt,2048,54.525151231100516,TTW
Striving,off-road,TRA_OT_CNS,bc,kt,2048,5.602026666666667,TTW
Striving,off-road,TRA_OT_AGR,bc,kt,2048,4.205120000000001,TTW
Striving,off-road,TRA_OT_RAI,bc,kt,2048,1.255466666666667,TTW
Striving,off-road,TRA_OT_OTHER,bc,kt,2048,1.4234921017731221,TTW
Striving,off-road,TRA_OT_CNS,ch4,kt,2048,1.3587199999999993,TTW
Striving,off-road,TRA_OT_AGR,ch4,kt,2048,1.0787199999999995,TTW
Striving,off-road,TRA_OT_RAI,ch4,kt,2048,0.27599999999999986,TTW
Striving,off-road,TRA_OT_OTHER,ch4,kt,2048,5.702400000000001,TTW
Striving,off-road,TRA_OT_CNS,co2,Mt,2049,11.22767999999998,TTW
Striving,off-road,TRA_OT_AGR,co2,Mt,2049,8.918639999999982,TTW
Striving,off-road,TRA_OT_RAI,co2,Mt,2049,2.2553599999999956,TTW
Striving,off-road,TRA_OT_OTHER,co2,Mt,2049,53.39162299184956,TTW
Striving,off-road,TRA_OT_CNS,bc,kt,2049,2.7977066666666612,TTW
Striving,off-road,TRA_OT_AGR,bc,kt,2049,2.090346666666663,TTW
Striving,off-road,TRA_OT_RAI,bc,kt,2049,0.6191999999999988,TTW
Striving,off-road,TRA_OT_OTHER,bc,kt,2049,1.3713267170116734,TTW
Striving,off-road,TRA_OT_CNS,ch4,kt,2049,0.6772799999999987,TTW
Striving,off-road,TRA_OT_AGR,ch4,kt,2049,0.535679999999999,TTW
Striving,off-road,TRA_OT_RAI,ch4,kt,2049,0.13519999999999974,TTW
Striving,off-road,TRA_OT_OTHER,ch4,kt,2049,5.4912,TTW
Striving,off-road,TRA_OT_CNS,co2,Mt,2050,0.0,TTW
Striving,off-road,TRA_OT_AGR,co2,Mt,2050,0.0,TTW
Striving,off-road,TRA_OT_RAI,co2,Mt,2050,0.0,TTW
Striving,off-road,TRA_OT_OTHER,co2,Mt,2050,52.189946921341274,TTW
Striving,off-road,TRA_OT_CNS,bc,kt,2050,0.0,TTW
Striving,off-road,TRA_OT_AGR,bc,kt,2050,0.0,TTW
Striving,off-road,TRA_OT_RAI,bc,kt,2050,0.0,TTW
Striving,off-road,TRA_OT_OTHER,bc,kt,2050,1.3191185211014667,TTW
Striving,off-road,TRA_OT_CNS,ch4,kt,2050,0.0,TTW
Striving,off-road,TRA_OT_AGR,ch4,kt,2050,0.0,TTW
Striving,off-road,TRA_OT_RAI,ch4,kt,2050,0.0,TTW
Striving,off-road,TRA_OT_OTHER,ch4,kt,2050,5.28,TTW
BAU,off-road,TRA_OT_CNS,co2,Mt,1990,67.30185907354,WTT
BAU,off-road,TRA_OT_AGR,co2,Mt,1990,120.3820630084254,WTT
BAU,off-road,TRA_OT_RAI,co2,Mt,1990,50.7687712339171,WTT
BAU,off-road,TRA_OT_OTHER,co2,Mt,1990,28.394428980466582,WTT
BAU,off-road,TRA_OT_CNS,co2,Mt,1991,64.98380651758086,WTT
BAU,off-road,TRA_OT_AGR,co2,Mt,1991,121.43351664280382,WTT
BAU,off-road,TRA_OT_RAI,co2,Mt,1991,48.78060811833482,WTT
BAU,off-road,TRA_OT_OTHER,co2,Mt,1991,27.909997615968834,WTT
BAU,off-road,TRA_OT_CNS,co2,Mt,1992,62.66575396162172,WTT
BAU,off-road,TRA_OT_AGR,co2,Mt,1992,122.48497027718224,WTT
BAU,off-road,TRA_OT_RAI,co2,Mt,1992,46.79244500275254,WTT
BAU,off-road,TRA_OT_OTHER,co2,Mt,1992,27.425566251471096,WTT
BAU,off-road,TRA_OT_CNS,co2,Mt,1993,60.347701405662576,WTT
BAU,off-road,TRA_OT_AGR,co2,Mt,1993,123.53642391156066,WTT
BAU,off-road,TRA_OT_RAI,co2,Mt,1993,44.804281887170255,WTT
BAU,off-road,TRA_OT_OTHER,co2,Mt,1993,26.94113488697335,WTT
BAU,off-road,TRA_OT_CNS,co2,Mt,1994,58.02964884970344,WTT
BAU,off-road,TRA_OT_AGR,co2,Mt,1994,124.58787754593908,WTT
BAU,off-road,TRA_OT_RAI,co2,Mt,1994,42.81611877158798,WTT
BAU,off-road,TRA_OT_OTHER,co2,Mt,1994,26.45670352247561,WTT
BAU,off-road,TRA_OT_CNS,co2,Mt,1995,55.7115962937443,WTT
BAU,off-road,TRA_OT_AGR,co2,Mt,1995,125.6393311803175,WTT
BAU,off-road,TRA_OT_RAI,co2,Mt,1995,40.8279556560057,WTT
BAU,off-road,TRA_OT_OTHER,co2,Mt,1995,25.972272157977862,WTT
BAU,off-road,TRA_OT_CNS,co2,Mt,1996,56.7156076340217,WTT
BAU,off-road,TRA_OT_AGR,co2,Mt,1996,122.75307440431126,WTT
BAU,off-road,TRA_OT_RAI,co2,Mt,1996,41.71942946143882,WTT
BAU,off-road,TRA_OT_OTHER,co2,Mt,1996,26.416379857106868,WTT
BAU,off-road,TRA_OT_CNS,co2,Mt,1997,57.7196189742991,WTT
BAU,off-road,TRA_OT_AGR,co2,Mt,1997,119.86681762830501,WTT
BAU,off-road,TRA_OT_RAI,co2,Mt,1997,42.61090326687194,WTT
BAU,off-road,TRA_OT_OTHER,co2,Mt,1997,26.860487556235874,WTT
BAU,off-road,TRA_OT_CNS,co2,Mt,1998,58.723630314576496,WTT
BAU,off-road,TRA_OT_AGR,co2,Mt,1998,116.98056085229878,WTT
BAU,off-road,TRA_OT_RAI,co2,Mt,1998,43.50237707230506,WTT
BAU,off-road,TRA_OT_OTHER,co2,Mt,1998,27.304595255364873,WTT
BAU,off-road,TRA_OT_CNS,co2,Mt,1999,59.7276416548539,WTT
BAU,off-road,TRA_OT_AGR,co2,Mt,1999,114.09430407629254,WTT
BAU,off-road,TRA_OT_RAI,co2,Mt,1999,44.39385087773818,WTT
BAU,off-road,TRA_OT_OTHER,co2,Mt,1999,27.748702954493883,WTT
BAU,off-road,TRA_OT_CNS,co2,Mt,2000,60.731652995131306,WTT
BAU,off-road,TRA_OT_AGR,co2,Mt,2000,111.2080473002863,WTT
BAU,off-road,TRA_OT_RAI,co2,Mt,2000,45.285324683171304,WTT
BAU,off-road,TRA_OT_OTHER,co2,Mt,2000,28.19281065362288,WTT
BAU,off-road,TRA_OT_CNS,co2,Mt,2001,61.383708711729035,WTT
BAU,off-road,TRA_OT_AGR,co2,Mt,2001,114.04024192720068,WTT
BAU,off-road,TRA_OT_RAI,co2,Mt,2001,47.06937560320268,WTT
BAU,off-road,TRA_OT_OTHER,co2,Mt,2001,28.53510565919643,WTT
BAU,off-road,TRA_OT_CNS,co2,Mt,2002,62.03576442832678,WTT
BAU,off-road,TRA_OT_AGR,co2,Mt,2002,116.87243655411505,WTT
BAU,off-road,TRA_OT_RAI,co2,Mt,2002,48.85342652323407,WTT
BAU,off-road,TRA_OT_OTHER,co2,Mt,2002,28.877400664769976,WTT
BAU,off-road,TRA_OT_CNS,co2,Mt,2003,62.68782014492452,WTT
BAU,off-road,TRA_OT_AGR,co2,Mt,2003,119.70463118102944,WTT
BAU,off-road,TRA_OT_RAI,co2,Mt,2003,50.63747744326544,WTT
BAU,off-road,TRA_OT_OTHER,co2,Mt,2003,29.219695670343523,WTT
BAU,off-road,TRA_OT_CNS,co2,Mt,2004,63.33987586152226,WTT
BAU,off-road,TRA_OT_AGR,co2,Mt,2004,122.53682580794383,WTT
BAU,off-road,TRA_OT_RAI,co2,Mt,2004,52.42152836329683,WTT
BAU,off-road,TRA_OT_OTHER,co2,Mt,2004,29.561990675917073,WTT
BAU,off-road,TRA_OT_CNS,co2,Mt,2005,63.991931578119996,WTT
BAU,off-road,TRA_OT_AGR,co2,Mt,2005,125.3690204348582,WTT
BAU,off-road,TRA_OT_RAI,co2,Mt,2005,54.205579283328206,WTT
BAU,off-road,TRA_OT_OTHER,co2,Mt,2005,29.904285681490617,WTT
BAU,off-road,TRA_OT_CNS,co2,Mt,2006,64.36926331259788,WTT
BAU,off-road,TRA_OT_AGR,co2,Mt,2006,125.3469542515554,WTT
BAU,off-road,TRA_OT_RAI,co2,Mt,2006,52.51530964233372,WTT
BAU,off-road,TRA_OT_OTHER,co2,Mt,2006,29.991136653054053,WTT
BAU,off-road,TRA_OT_CNS,co2,Mt,2007,64.74659504707576,WTT
BAU,off-road,TRA_OT_AGR,co2,Mt,2007,125.3248880682526,WTT
BAU,off-road,TRA_OT_RAI,co2,Mt,2007,50.82504000133924,WTT
BAU,off-road,TRA_OT_OTHER,co2,Mt,2007,30.077987624617496,WTT
BAU,off-road,TRA_OT_CNS,co2,Mt,2008,65.12392678155364,WTT
BAU,off-road,TRA_OT_AGR,co2,Mt,2008,125.3028218849498,WTT
BAU,off-road,TRA_OT_RAI,co2,Mt,2008,49.13477036034476,WTT
BAU,off-road,TRA_OT_OTHER,co2,Mt,2008,30.16483859618093,WTT
BAU,off-road,TRA_OT_CNS,co2,Mt,2009,65.50125851603153,WTT
BAU,off-road,TRA_OT_AGR,co2,Mt,2009,125.280755701647,WTT
BAU,off-road,TRA_OT_RAI,co2,Mt,2009,47.44450071935028,WTT
BAU,off-road,TRA_OT_OTHER,co2,Mt,2009,30.251689567744368,WTT
BAU,off-road,TRA_OT_CNS,co2,Mt,2010,65.87859025050939,WTT
BAU,off-road,TRA_OT_AGR,co2,Mt,2010,125.2586895183442,WTT
BAU,off-road,TRA_OT_RAI,co2,Mt,2010,45.7542310783558,WTT
BAU,off-road,TRA_OT_OTHER,co2,Mt,2010,30.338540539307804,WTT
BAU,off-road,TRA_OT_CNS,co2,Mt,2011,67.67477757135732,WTT
BAU,off-road,TRA_OT_AGR,co2,Mt,2011,124.76771693985691,WTT
BAU,off-road,TRA_OT_RAI,co2,Mt,2011,46.57729971555024,WTT
BAU,off-road,TRA_OT_OTHER,co2,Mt,2011,31.168551189816366,WTT
BAU,off-road,TRA_OT_CNS,co2,Mt,2012,69.47096489220525,WTT
BAU,off-road,TRA_OT_AGR,co2,Mt,2012,124.27674436136961,WTT
BAU,off-road,TRA_OT_RAI,co2,Mt,2012,47.400368352744685,WTT
BAU,off-road,TRA_OT_OTHER,co2,Mt,2012,31.99856184032493,WTT
BAU,off-road,TRA_OT_CNS,co2,Mt,2013,71.26715221305315,WTT
BAU,off-road,TRA_OT_AGR,co2,Mt,2013,123.78577178288229,WTT
BAU,off-road,TRA_OT_RAI,co2,Mt,2013,48.223436989939124,WTT
BAU,off-road,TRA_OT_OTHER,co2,Mt,2013,32.828572490833494,WTT
BAU,off-road,TRA_OT_CNS,co2,Mt,2014,73.06333953390106,WTT
BAU,off-road,TRA_OT_AGR,co2,Mt,2014,123.29479920439499,WTT
BAU,off-road,TRA_OT_RAI,co2,Mt,2014,49.04650562713356,WTT
BAU,off-road,TRA_OT_OTHER,co2,Mt,2014,33.65858314134205,WTT
BAU,off-road,TRA_OT_CNS,co2,Mt,2015,74.85952685474898,WTT
BAU,off-road,TRA_OT_AGR,co2,Mt,2015,122.8038266259077,WTT
BAU,off-road,TRA_OT_RAI,co2,Mt,2015,49.86957426432801,WTT
BAU,off-road,TRA_OT_OTHER,co2,Mt,2015,34.48859379185061,WTT
BAU,off-road,TRA_OT_CNS,co2,Mt,2016,88.47325864341146,WTT
BAU,off-road,TRA_OT_AGR,co2,Mt,2016,125.17483802179356,WTT
BAU,off-road,TRA_OT_RAI,co2,Mt,2016,48.9483111114361,WTT
BAU,off-road,TRA_OT_OTHER,co2,Mt,2016,34.54150719889557,WTT
BAU,off-road,TRA_OT_CNS,co2,Mt,2017,102.0869904320739,WTT
BAU,off-road,TRA_OT_AGR,co2,Mt,2017,127.54584941767942,WTT
BAU,off-road,TRA_OT_RAI,co2,Mt,2017,48.0270479585442,WTT
BAU,off-road,TRA_OT_OTHER,co2,Mt,2017,34.59442060594051,WTT
BAU,off-road,TRA_OT_CNS,co2,Mt,2018,115.7007222207364,WTT
BAU,off-road,TRA_OT_AGR,co2,Mt,2018,129.91686081356528,WTT
BAU,off-road,TRA_OT_RAI,co2,Mt,2018,47.105784805652306,WTT
BAU,off-road,TRA_OT_OTHER,co2,Mt,2018,34.64733401298547,WTT
BAU,off-road,TRA_OT_CNS,co2,Mt,2019,129.31445400939882,WTT
BAU,off-road,TRA_OT_AGR,co2,Mt,2019,132.28787220945114,WTT
BAU,off-road,TRA_OT_RAI,co2,Mt,2019,46.184521652760395,WTT
BAU,off-road,TRA_OT_OTHER,co2,Mt,2019,34.70024742003042,WTT
BAU,off-road,TRA_OT_CNS,co2,Mt,2020,142.92818579806126,WTT
BAU,off-road,TRA_OT_AGR,co2,Mt,2020,134.658883605337,WTT
BAU,off-road,TRA_OT_RAI,co2,Mt,2020,45.2632584998685,WTT
BAU,off-road,TRA_OT_OTHER,co2,Mt,2020,34.75316082707537,WTT
BAU,off-road,TRA_OT_CNS,co2,Mt,2021,143.56148525885166,WTT
BAU,off-road,TRA_OT_AGR,co2,Mt,2021,134.84754947257593,WTT
BAU,off-road,TRA_OT_RAI,co2,Mt,2021,44.77118261221606,WTT
BAU,off-road,TRA_OT_OTHER,co2,Mt,2021,35.258392634342506,WTT
BAU,off-road,TRA_OT_CNS,co2,Mt,2022,144.194784719642,WTT
BAU,off-road,TRA_OT_AGR,co2,Mt,2022,135.0362153398149,WTT
BAU,off-road,TRA_OT_RAI,co2,Mt,2022,44.279106724563626,WTT
BAU,off-road,TRA_OT_OTHER,co2,Mt,2022,35.76362444160966,WTT
BAU,off-road,TRA_OT_CNS,co2,Mt,2023,144.82808418043237,WTT
BAU,off-road,TRA_OT_AGR,co2,Mt,2023,135.2248812070538,WTT
BAU,off-road,TRA_OT_RAI,co2,Mt,2023,43.78703083691118,WTT
BAU,off-road,TRA_OT_OTHER,co2,Mt,2023,36.26885624887678,WTT
BAU,off-road,TRA_OT_CNS,co2,Mt,2024,145.4613836412227,WTT
BAU,off-road,TRA_OT_AGR,co2,Mt,2024,135.41354707429275,WTT
BAU,off-road,TRA_OT_RAI,co2,Mt,2024,43.29495494925874,WTT
BAU,off-road,TRA_OT_OTHER,co2,Mt,2024,36.774088056143924,WTT
BAU,off-road,TRA_OT_CNS,co2,Mt,2025,146.09468310201308,WTT
BAU,off-road,TRA_OT_AGR,co2,Mt,2025,135.6022129415317,WTT
BAU,off-road,TRA_OT_RAI,co2,Mt,2025,42.802879061606305,WTT
BAU,off-road,TRA_OT_OTHER,co2,Mt,2025,37.27931986341106,WTT
BAU,off-road,TRA_OT_CNS,co2,Mt,2026,145.41945789294743,WTT
BAU,off-road,TRA_OT_AGR,co2,Mt,2026,135.1608892754757,WTT
BAU,off-road,TRA_OT_RAI,co2,Mt,2026,42.38472488801825,WTT
BAU,off-road,TRA_OT_OTHER,co2,Mt,2026,37.91683518829058,WTT
BAU,off-road,TRA_OT_CNS,co2,Mt,2027,144.74423268388173,WTT
BAU,off-road,TRA_OT_AGR,co2,Mt,2027,134.7195656094197,WTT
BAU,off-road,TRA_OT_RAI,co2,Mt,2027,41.966570714430176,WTT
BAU,off-road,TRA_OT_OTHER,co2,Mt,2027,38.554350513170085,WTT
BAU,off-road,TRA_OT_CNS,co2,Mt,2028,144.06900747481603,WTT
BAU,off-road,TRA_OT_AGR,co2,Mt,2028,134.2782419433637,WTT
BAU,off-road,TRA_OT_RAI,co2,Mt,2028,41.548416540842126,WTT
BAU,off-road,TRA_OT_OTHER,co2,Mt,2028,39.1918658380496,WTT
BAU,off-road,TRA_OT_CNS,co2,Mt,2029,143.39378226575036,WTT
BAU,off-road,TRA_OT_AGR,co2,Mt,2029,133.8369182773077,WTT
BAU,off-road,TRA_OT_RAI,co2,Mt,2029,41.130262367254055,WTT
BAU,off-road,TRA_OT_OTHER,co2,Mt,2029,39.829381162929124,WTT
BAU,off-road,TRA_OT_CNS,co2,Mt,2030,142.71855705668472,WTT
BAU,off-road,TRA_OT_AGR,co2,Mt,2030,133.3955946112517,WTT
BAU,off-road,TRA_OT_RAI,co2,Mt,2030,40.712108193666,WTT
BAU,off-road,TRA_OT_OTHER,co2,Mt,2030,40.46689648780864,WTT
BAU,off-road,TRA_OT_CNS,co2,Mt,2031,144.34704138443132,WTT
BAU,off-road,TRA_OT_AGR,co2,Mt,2031,132.8362168645257,WTT
BAU,off-road,TRA_OT_RAI,co2,Mt,2031,40.3369830775184,WTT
BAU,off-road,TRA_OT_OTHER,co2,Mt,2031,41.20093316553912,WTT
BAU,off-road,TRA_OT_CNS,co2,Mt,2032,145.97552571217796,WTT
BAU,off-road,TRA_OT_AGR,co2,Mt,2032,132.27683911779974,WTT
BAU,off-road,TRA_OT_RAI,co2,Mt,2032,39.961857961370804,WTT
BAU,off-road,TRA_OT_OTHER,co2,Mt,2032,41.93496984326959,WTT
BAU,off-road,TRA_OT_CNS,co2,Mt,2033,147.60401003992465,WTT
BAU,off-road,TRA_OT_AGR,co2,Mt,2033,131.71746137107377,WTT
BAU,off-road,TRA_OT_RAI,co2,Mt,2033,39.5867328452232,WTT
BAU,off-road,TRA_OT_OTHER,co2,Mt,2033,42.66900652100007,WTT
BAU,off-road,TRA_OT_CNS,co2,Mt,2034,149.23249436767128,WTT
BAU,off-road,TRA_OT_AGR,co2,Mt,2034,131.15808362434777,WTT
BAU,off-road,TRA_OT_RAI,co2,Mt,2034,39.2116077290756,WTT
BAU,off-road,TRA_OT_OTHER,co2,Mt,2034,43.40304319873055,WTT
BAU,off-road,TRA_OT_CNS,co2,Mt,2035,150.86097869541794,WTT
BAU,off-road,TRA_OT_AGR,co2,Mt,2035,130.5987058776218,WTT
BAU,off-road,TRA_OT_RAI,co2,Mt,2035,38.83648261292801,WTT
BAU,off-road,TRA_OT_OTHER,co2,Mt,2035,44.13707987646103,WTT
BAU,off-road,TRA_OT_CNS,co2,Mt,2036,152.36147916000832,WTT
BAU,off-road,TRA_OT_AGR,co2,Mt,2036,130.1022167533088,WTT
BAU,off-road,TRA_OT_RAI,co2,Mt,2036,38.38522916438575,WTT
BAU,off-road,TRA_OT_OTHER,co2,Mt,2036,44.98004518869439,WTT
BAU,off-road,TRA_OT_CNS,co2,Mt,2037,153.86197962459872,WTT
BAU,off-road,TRA_OT_AGR,co2,Mt,2037,129.6057276289958,WTT
BAU,off-road,TRA_OT_RAI,co2,Mt,2037,37.93397571584348,WTT
BAU,off-road,TRA_OT_OTHER,co2,Mt,2037,45.82301050092775,WTT
BAU,off-road,TRA_OT_CNS,co2,Mt,2038,155.3624800891891,WTT
BAU,off-road,TRA_OT_AGR,co2,Mt,2038,129.1092385046828,WTT
BAU,off-road,TRA_OT_RAI,co2,Mt,2038,37.48272226730122,WTT
BAU,off-road,TRA_OT_OTHER,co2,Mt,2038,46.66597581316111,WTT
BAU,off-road,TRA_OT_CNS,co2,Mt,2039,156.86298055377952,WTT
BAU,off-road,TRA_OT_AGR,co2,Mt,2039,128.6127493803698,WTT
BAU,off-road,TRA_OT_RAI,co2,Mt,2039,37.03146881875896,WTT
BAU,off-road,TRA_OT_OTHER,co2,Mt,2039,47.50894112539448,WTT
BAU,off-road,TRA_OT_CNS,co2,Mt,2040,158.3634810183699,WTT
BAU,off-road,TRA_OT_AGR,co2,Mt,2040,128.1162602560568,WTT
BAU,off-road,TRA_OT_RAI,co2,Mt,2040,36.5802153702167,WTT
BAU,off-road,TRA_OT_OTHER,co2,Mt,2040,48.351906437627825,WTT
BAU,off-road,TRA_OT_CNS,co2,Mt,2041,158.11964969287396,WTT
BAU,off-road,TRA_OT_AGR,co2,Mt,2041,127.85918922057918,WTT
BAU,off-road,TRA_OT_RAI,co2,Mt,2041,36.02083762349073,WTT
BAU,off-road,TRA_OT_OTHER,co2,Mt,2041,49.258002918266556,WTT
BAU,off-road,TRA_OT_CNS,co2,Mt,2042,157.87581836737803,WTT
BAU,off-road,TRA_OT_AGR,co2,Mt,2042,127.60211818510156,WTT
BAU,off-road,TRA_OT_RAI,co2,Mt,2042,35.46145987676474,WTT
BAU,off-road,TRA_OT_OTHER,co2,Mt,2042,50.164099398905265,WTT
BAU,off-road,TRA_OT_CNS,co2,Mt,2043,157.6319870418821,WTT
BAU,off-road,TRA_OT_AGR,co2,Mt,2043,127.34504714962394,WTT
BAU,off-road,TRA_OT_RAI,co2,Mt,2043,34.902082130038764,WTT
BAU,off-road,TRA_OT_OTHER,co2,Mt,2043,51.070195879543974,WTT
BAU,off-road,TRA_OT_CNS,co2,Mt,2044,157.38815571638617,WTT
BAU,off-road,TRA_OT_AGR,co2,Mt,2044,127.08797611414633,WTT
BAU,off-road,TRA_OT_RAI,co2,Mt,2044,34.34270438331278,WTT
BAU,off-road,TRA_OT_OTHER,co2,Mt,2044,51.9762923601827,WTT
BAU,off-road,TRA_OT_CNS,co2,Mt,2045,157.1443243908902,WTT
BAU,off-road,TRA_OT_AGR,co2,Mt,2045,126.8309050786687,WTT
BAU,off-road,TRA_OT_RAI,co2,Mt,2045,33.7833266365868,WTT
BAU,off-road,TRA_OT_OTHER,co2,Mt,2045,52.88238884082141,WTT
BAU,off-road,TRA_OT_CNS,co2,Mt,2046,156.56950031585225,WTT
BAU,off-road,TRA_OT_AGR,co2,Mt,2046,125.87323272332719,WTT
BAU,off-road,TRA_OT_RAI,co2,Mt,2046,33.11361797334682,WTT
BAU,off-road,TRA_OT_OTHER,co2,Mt,2046,53.82224042595433,WTT
BAU,off-road,TRA_OT_CNS,co2,Mt,2047,155.9946762408143,WTT
BAU,off-road,TRA_OT_AGR,co2,Mt,2047,124.91556036798565,WTT
BAU,off-road,TRA_OT_RAI,co2,Mt,2047,32.44390931010684,WTT
BAU,off-road,TRA_OT_OTHER,co2,Mt,2047,54.76209201108724,WTT
BAU,off-road,TRA_OT_CNS,co2,Mt,2048,155.41985216577638,WTT
BAU,off-road,TRA_OT_AGR,co2,Mt,2048,123.95788801264413,WTT
BAU,off-road,TRA_OT_RAI,co2,Mt,2048,31.77420064686686,WTT
BAU,off-road,TRA_OT_OTHER,co2,Mt,2048,55.70194359622014,WTT
BAU,off-road,TRA_OT_CNS,co2,Mt,2049,154.84502809073842,WTT
BAU,off-road,TRA_OT_AGR,co2,Mt,2049,123.00021565730262,WTT
BAU,off-road,TRA_OT_RAI,co2,Mt,2049,31.10449198362688,WTT
BAU,off-road,TRA_OT_OTHER,co2,Mt,2049,56.641795181353054,WTT
BAU,off-road,TRA_OT_CNS,co2,Mt,2050,154.27020401570047,WTT
BAU,off-road,TRA_OT_AGR,co2,Mt,2050,122.0425433019611,WTT
BAU,off-road,TRA_OT_RAI,co2,Mt,2050,30.434783320386902,WTT
BAU,off-road,TRA_OT_OTHER,co2,Mt,2050,57.58164676648595,WTT
Striving,off-road,TRA_OT_CNS,co2,Mt,1990,67.30185907354,WTT
Striving,off-road,TRA_OT_AGR,co2,Mt,1990,120.3820630084254,WTT
Striving,off-road,TRA_OT_RAI,co2,Mt,1990,50.7687712339171,WTT
Striving,off-road,TRA_OT_OTHER,co2,Mt,1990,28.394428980466582,WTT
Striving,off-road,TRA_OT_CNS,co2,Mt,1991,64.98380651758086,WTT
Striving,off-road,TRA_OT_AGR,co2,Mt,1991,121.43351664280382,WTT
Striving,off-road,TRA_OT_RAI,co2,Mt,1991,48.78060811833482,WTT
Striving,off-road,TRA_OT_OTHER,co2,Mt,1991,27.909997615968834,WTT
Striving,off-road,TRA_OT_CNS,co2,Mt,1992,62.66575396162172,WTT
Striving,off-road,TRA_OT_AGR,co2,Mt,1992,122.48497027718224,WTT
Striving,off-road,TRA_OT_RAI,co2,Mt,1992,46.79244500275254,WTT
Striving,off-road,TRA_OT_OTHER,co2,Mt,1992,27.425566251471096,WTT
Striving,off-road,TRA_OT_CNS,co2,Mt,1993,60.347701405662576,WTT
Striving,off-road,TRA_OT_AGR,co2,Mt,1993,123.53642391156066,WTT
Striving,off-road,TRA_OT_RAI,co2,Mt,1993,44.804281887170255,WTT
Striving,off-road,TRA_OT_OTHER,co2,Mt,1993,26.94113488697335,WTT
Striving,off-road,TRA_OT_CNS,co2,Mt,1994,58.02964884970344,WTT
Striving,off-road,TRA_OT_AGR,co2,Mt,1994,124.58787754593908,WTT
Striving,off-road,TRA_OT_RAI,co2,Mt,1994,42.81611877158798,WTT
Striving,off-road,TRA_OT_OTHER,co2,Mt,1994,26.45670352247561,WTT
Striving,off-road,TRA_OT_CNS,co2,Mt,1995,55.7115962937443,WTT
Striving,off-road,TRA_OT_AGR,co2,Mt,1995,125.6393311803175,WTT
Striving,off-road,TRA_OT_RAI,co2,Mt,1995,40.8279556560057,WTT
Striving,off-road,TRA_OT_OTHER,co2,Mt,1995,25.972272157977862,WTT
Striving,off-road,TRA_OT_CNS,co2,Mt,1996,56.7156076340217,WTT
Striving,off-road,TRA_OT_AGR,co2,Mt,1996,122.75307440431126,WTT
Striving,off-road,TRA_OT_RAI,co2,Mt,1996,41.71942946143882,WTT
Striving,off-road,TRA_OT_OTHER,co2,Mt,1996,26.416379857106868,WTT
Striving,off-road,TRA_OT_CNS,co2,Mt,1997,57.7196189742991,WTT
Striving,off-road,TRA_OT_AGR,co2,Mt,1997,119.86681762830501,WTT
Striving,off-road,TRA_OT_RAI,co2,Mt,1997,42.61090326687194,WTT
Striving,off-road,TRA_OT_OTHER,co2,Mt,1997,26.860487556235874,WTT
Striving,off-road,TRA_OT_CNS,co2,Mt,1998,58.723630314576496,WTT
Striving,off-road,TRA_OT_AGR,co2,Mt,1998,116.98056085229878,WTT
Striving,off-road,TRA_OT_RAI,co2,Mt,1998,43.50237707230506,WTT
Striving,off-road,TRA_OT_OTHER,co2,Mt,1998,27.304595255364873,WTT
Striving,off-road,TRA_OT_CNS,co2,Mt,1999,59.7276416548539,WTT
Striving,off-road,TRA_OT_AGR,co2,Mt,1999,114.09430407629254,WTT
Striving,off-road,TRA_OT_RAI,co2,Mt,1999,44.39385087773818,WTT
Striving,off-road,TRA_OT_OTHER,co2,Mt,1999,27.748702954493883,WTT
Striving,off-road,TRA_OT_CNS,co2,Mt,2000,60.731652995131306,WTT
Striving,off-road,TRA_OT_AGR,co2,Mt,2000,111.2080473002863,WTT
Striving,off-road,TRA_OT_RAI,co2,Mt,2000,45.285324683171304,WTT
Striving,off-road,TRA_OT_OTHER,co2,Mt,2000,28.19281065362288,WTT
Striving,off-road,TRA_OT_CNS,co2,Mt,2001,61.383708711729035,WTT
Striving,off-road,TRA_OT_AGR,co2,Mt,2001,114.04024192720068,WTT
Striving,off-road,TRA_OT_RAI,co2,Mt,2001,47.06937560320268,WTT
Striving,off-road,TRA_OT_OTHER,co2,Mt,2001,28.53510565919643,WTT
Striving,off-road,TRA_OT_CNS,co2,Mt,2002,62.03576442832678,WTT
Striving,off-road,TRA_OT_AGR,co2,Mt,2002,116.87243655411505,WTT
Striving,off-road,TRA_OT_RAI,co2,Mt,2002,48.85342652323407,WTT
Striving,off-road,TRA_OT_OTHER,co2,Mt,2002,28.877400664769976,WTT
Striving,off-road,TRA_OT_CNS,co2,Mt,2003,62.68782014492452,WTT
Striving,off-road,TRA_OT_AGR,co2,Mt,2003,119.70463118102944,WTT
Striving,off-road,TRA_OT_RAI,co2,Mt,2003,50.63747744326544,WTT
Striving,off-road,TRA_OT_OTHER,co2,Mt,2003,29.219695670343523,WTT
Striving,off-road,TRA_OT_CNS,co2,Mt,2004,63.33987586152226,WTT
Striving,off-road,TRA_OT_AGR,co2,Mt,2004,122.53682580794383,WTT
Striving,off-road,TRA_OT_RAI,co2,Mt,2004,52.42152836329683,WTT
Striving,off-road,TRA_OT_OTHER,co2,Mt,2004,29.561990675917073,WTT
Striving,off-road,TRA_OT_CNS,co2,Mt,2005,63.991931578119996,WTT
Striving,off-road,TRA_OT_AGR,co2,Mt,2005,125.3690204348582,WTT
Striving,off-road,TRA_OT_RAI,co2,Mt,2005,54.205579283328206,WTT
Striving,off-road,TRA_OT_OTHER,co2,Mt,2005,29.904285681490617,WTT
Striving,off-road,TRA_OT_CNS,co2,Mt,2006,64.36926331259788,WTT
Striving,off-road,TRA_OT_AGR,co2,Mt,2006,125.3469542515554,WTT
Striving,off-road,TRA_OT_RAI,co2,Mt,2006,52.51530964233372,WTT
Striving,off-road,TRA_OT_OTHER,co2,Mt,2006,29.991136653054053,WTT
Striving,off-road,TRA_OT_CNS,co2,Mt,2007,64.74659504707576,WTT
Striving,off-road,TRA_OT_AGR,co2,Mt,2007,125.3248880682526,WTT
Striving,off-road,TRA_OT_RAI,co2,Mt,2007,50.82504000133924,WTT
Striving,off-road,TRA_OT_OTHER,co2,Mt,2007,30.077987624617496,WTT
Striving,off-road,TRA_OT_CNS,co2,Mt,2008,65.12392678155364,WTT
Striving,off-road,TRA_OT_AGR,co2,Mt,2008,125.3028218849498,WTT
Striving,off-road,TRA_OT_RAI,co2,Mt,2008,49.13477036034476,WTT
Striving,off-road,TRA_OT_OTHER,co2,Mt,2008,30.16483859618093,WTT
Striving,off-road,TRA_OT_CNS,co2,Mt,2009,65.50125851603153,WTT
Striving,off-road,TRA_OT_AGR,co2,Mt,2009,125.280755701647,WTT
Striving,off-road,TRA_OT_RAI,co2,Mt,2009,47.44450071935028,WTT
Striving,off-road,TRA_OT_OTHER,co2,Mt,2009,30.251689567744368,WTT
Striving,off-road,TRA_OT_CNS,co2,Mt,2010,65.87859025050939,WTT
Striving,off-road,TRA_OT_AGR,co2,Mt,2010,125.2586895183442,WTT
Striving,off-road,TRA_OT_RAI,co2,Mt,2010,45.7542310783558,WTT
Striving,off-road,TRA_OT_OTHER,co2,Mt,2010,30.338540539307804,WTT
Striving,off-road,TRA_OT_CNS,co2,Mt,2011,67.67477757135732,WTT
Striving,off-road,TRA_OT_AGR,co2,Mt,2011,124.76771693985691,WTT
Striving,off-road,TRA_OT_RAI,co2,Mt,2011,46.57729971555024,WTT
Striving,off-road,TRA_OT_OTHER,co2,Mt,2011,31.168551189816366,WTT
Striving,off-road,TRA_OT_CNS,co2,Mt,2012,69.47096489220525,WTT
Striving,off-road,TRA_OT_AGR,co2,Mt,2012,124.27674436136961,WTT
Striving,off-road,TRA_OT_RAI,co2,Mt,2012,47.400368352744685,WTT
Striving,off-road,TRA_OT_OTHER,co2,Mt,2012,31.99856184032493,WTT
Striving,off-road,TRA_OT_CNS,co2,Mt,2013,71.26715221305315,WTT
Striving,off-road,TRA_OT_AGR,co2,Mt,2013,123.78577178288229,WTT
Striving,off-road,TRA_OT_RAI,co2,Mt,2013,48.223436989939124,WTT
Striving,off-road,TRA_OT_OTHER,co2,Mt,2013,32.828572490833494,WTT
Striving,off-road,TRA_OT_CNS,co2,Mt,2014,73.06333953390106,WTT
Striving,off-road,TRA_OT_AGR,co2,Mt,2014,123.29479920439499,WTT
Striving,off-road,TRA_OT_RAI,co2,Mt,2014,49.04650562713356,WTT
Striving,off-road,TRA_OT_OTHER,co2,Mt,2014,33.65858314134205,WTT
Striving,off-road,TRA_OT_CNS,co2,Mt,2015,74.85952685474898,WTT
Striving,off-road,TRA_OT_AGR,co2,Mt,2015,122.8038266259077,WTT
Striving,off-road,TRA_OT_RAI,co2,Mt,2015,49.86957426432801,WTT
Striving,off-road,TRA_OT_OTHER,co2,Mt,2015,34.48859379185061,WTT
Striving,off-road,TRA_OT_CNS,co2,Mt,2016,88.47325864341146,WTT
Striving,off-road,TRA_OT_AGR,co2,Mt,2016,125.17483802179356,WTT
Striving,off-road,TRA_OT_RAI,co2,Mt,2016,48.9483111114361,WTT
Striving,off-road,TRA_OT_OTHER,co2,Mt,2016,34.54150719889557,WTT
Striving,off-road,TRA_OT_CNS,co2,Mt,2017,102.0869904320739,WTT
Striving,off-road,TRA_OT_AGR,co2,Mt,2017,127.54584941767942,WTT
Striving,off-road,TRA_OT_RAI,co2,Mt,2017,48.0270479585442,WTT
Striving,off-road,TRA_OT_OTHER,co2,Mt,2017,34.59442060594051,WTT
Striving,off-road,TRA_OT_CNS,co2,Mt,2018,115.7007222207364,WTT
Striving,off-road,TRA_OT_AGR,co2,Mt,2018,129.91686081356528,WTT
Striving,off-road,TRA_OT_RAI,co2,Mt,2018,47.105784805652306,WTT
Striving,off-road,TRA_OT_OTHER,co2,Mt,2018,34.64733401298547,WTT
Striving,off-road,TRA_OT_CNS,co2,Mt,2019,129.31445400939882,WTT
Striving,off-road,TRA_OT_AGR,co2,Mt,2019,132.28787220945114,WTT
Striving,off-road,TRA_OT_RAI,co2,Mt,2019,46.184521652760395,WTT
Striving,off-road,TRA_OT_OTHER,co2,Mt,2019,34.70024742003042,WTT
Striving,off-road,TRA_OT_CNS,co2,Mt,2020,142.92818579806126,WTT
Striving,off-road,TRA_OT_AGR,co2,Mt,2020,134.658883605337,WTT
Striving,off-road,TRA_OT_RAI,co2,Mt,2020,45.2632584998685,WTT
Striving,off-road,TRA_OT_OTHER,co2,Mt,2020,34.75316082707537,WTT
Striving,off-road,TRA_OT_CNS,co2,Mt,2021,143.56148525885166,WTT
Striving,off-road,TRA_OT_AGR,co2,Mt,2021,134.84754947257593,WTT
Striving,off-road,TRA_OT_RAI,co2,Mt,2021,44.77118261221606,WTT
Striving,off-road,TRA_OT_OTHER,co2,Mt,2021,35.258392634342506,WTT
Striving,off-road,TRA_OT_CNS,co2,Mt,2022,144.194784719642,WTT
Striving,off-road,TRA_OT_AGR,co2,Mt,2022,135.0362153398149,WTT
Striving,off-road,TRA_OT_RAI,co2,Mt,2022,44.279106724563626,WTT
Striving,off-road,TRA_OT_OTHER,co2,Mt,2022,35.76362444160966,WTT
Striving,off-road,TRA_OT_CNS,co2,Mt,2023,144.82808418043237,WTT
Striving,off-road,TRA_OT_AGR,co2,Mt,2023,135.2248812070538,WTT
Striving,off-road,TRA_OT_RAI,co2,Mt,2023,43.78703083691118,WTT
Striving,off-road,TRA_OT_OTHER,co2,Mt,2023,36.26885624887678,WTT
Striving,off-road,TRA_OT_CNS,co2,Mt,2024,145.4613836412227,WTT
Striving,off-road,TRA_OT_AGR,co2,Mt,2024,135.41354707429275,WTT
Striving,off-road,TRA_OT_RAI,co2,Mt,2024,43.29495494925874,WTT
Striving,off-road,TRA_OT_OTHER,co2,Mt,2024,36.774088056143924,WTT
Striving,off-road,TRA_OT_CNS,co2,Mt,2025,146.09468310201308,WTT
Striving,off-road,TRA_OT_AGR,co2,Mt,2025,135.6022129415317,WTT
Striving,off-road,TRA_OT_RAI,co2,Mt,2025,42.802879061606305,WTT
Striving,off-road,TRA_OT_OTHER,co2,Mt,2025,37.27931986341106,WTT
Striving,off-road,TRA_OT_CNS,co2,Mt,2026,139.60267957722954,WTT
Striving,off-road,TRA_OT_AGR,co2,Mt,2026,129.75445370445667,WTT
Striving,off-road,TRA_OT_RAI,co2,Mt,2026,40.68933589249752,WTT
Striving,off-road,TRA_OT_OTHER,co2,Mt,2026,37.158498484524756,WTT
Striving,off-road,TRA_OT_CNS,co2,Mt,2027,133.1646940691712,WTT
Striving,off-road,TRA_OT_AGR,co2,Mt,2027,123.94200036066613,WTT
Striving,off-road,TRA_OT_RAI,co2,Mt,2027,38.609245057275764,WTT
Striving,off-road,TRA_OT_OTHER,co2,Mt,2027,37.01217649264329,WTT
Striving,off-road,TRA_OT_CNS,co2,Mt,2028,126.78072657783811,WTT
Striving,off-road,TRA_OT_AGR,co2,Mt,2028,118.16485291016006,WTT
Striving,off-road,TRA_OT_RAI,co2,Mt,2028,36.562606555941066,WTT
Striving,off-road,TRA_OT_OTHER,co2,Mt,2028,36.840353887766625,WTT
Striving,off-road,TRA_OT_CNS,co2,Mt,2029,120.4507771032303,WTT
Striving,off-road,TRA_OT_AGR,co2,Mt,2029,112.42301135293846,WTT
Striving,off-road,TRA_OT_RAI,co2,Mt,2029,34.5494203884934,WTT
Striving,off-road,TRA_OT_OTHER,co2,Mt,2029,36.643030669894806,WTT
Striving,off-road,TRA_OT_CNS,co2,Mt,2030,114.17484564534776,WTT
Striving,off-road,TRA_OT_AGR,co2,Mt,2030,106.71647568900136,WTT
Striving,off-road,TRA_OT_RAI,co2,Mt,2030,32.5696865549328,WTT
Striving,off-road,TRA_OT_OTHER,co2,Mt,2030,36.42020683902777,WTT
Striving,off-road,TRA_OT_CNS,co2,Mt,2031,109.70375145216782,WTT
Striving,off-road,TRA_OT_AGR,co2,Mt,2031,100.95552481703953,WTT
Striving,off-road,TRA_OT_RAI,co2,Mt,2031,30.656107138913985,WTT
Striving,off-road,TRA_OT_OTHER,co2,Mt,2031,36.25682118567442,WTT
Striving,off-road,TRA_OT_CNS,co2,Mt,2032,105.10237851276814,WTT
Striving,off-road,TRA_OT_AGR,co2,Mt,2032,95.23932416481583,WTT
Striving,off-road,TRA_OT_RAI,co2,Mt,2032,28.772537732186976,WTT
Striving,off-road,TRA_OT_OTHER,co2,Mt,2032,36.06407406521185,WTT
Striving,off-road,TRA_OT_CNS,co2,Mt,2033,100.37072682714874,WTT
Striving,off-road,TRA_OT_AGR,co2,Mt,2033,89.56787373233014,WTT
Striving,off-road,TRA_OT_RAI,co2,Mt,2033,26.918978334751777,WTT
Striving,off-road,TRA_OT_OTHER,co2,Mt,2033,35.84196547764005,WTT
Striving,off-road,TRA_OT_CNS,co2,Mt,2034,95.50879639530962,WTT
Striving,off-road,TRA_OT_AGR,co2,Mt,2034,83.94117351958259,WTT
Striving,off-road,TRA_OT_RAI,co2,Mt,2034,25.095428946608383,WTT
Striving,off-road,TRA_OT_OTHER,co2,Mt,2034,35.59049542295905,WTT
Striving,off-road,TRA_OT_CNS,co2,Mt,2035,90.51658721725074,WTT
Striving,off-road,TRA_OT_AGR,co2,Mt,2035,78.35922352657309,WTT
Striving,off-road,TRA_OT_RAI,co2,Mt,2035,23.3018895677568,WTT
Striving,off-road,TRA_OT_OTHER,co2,Mt,2035,35.309663901168825,WTT
Striving,off-road,TRA_OT_CNS,co2,Mt,2036,85.32242832960465,WTT
Striving,off-road,TRA_OT_AGR,co2,Mt,2036,72.85724138185293,WTT
Striving,off-road,TRA_OT_RAI,co2,Mt,2036,21.495728332056018,WTT
Striving,off-road,TRA_OT_OTHER,co2,Mt,2036,35.08443524718163,WTT
Striving,off-road,TRA_OT_CNS,co2,Mt,2037,80.00822940479134,WTT
Striving,off-road,TRA_OT_AGR,co2,Mt,2037,67.39497836707783,WTT
Striving,off-road,TRA_OT_RAI,co2,Mt,2037,19.725667372238618,WTT
Striving,off-road,TRA_OT_OTHER,co2,Mt,2037,34.82548798070509,WTT
Striving,off-road,TRA_OT_CNS,co2,Mt,2038,74.57399044281077,WTT
Striving,off-road,TRA_OT_AGR,co2,Mt,2038,61.97243448224774,WTT
Striving,off-road,TRA_OT_RAI,co2,Mt,2038,17.991706688304586,WTT
Striving,off-road,TRA_OT_OTHER,co2,Mt,2038,34.53282210173922,WTT
Striving,off-road,TRA_OT_CNS,co2,Mt,2039,69.01971144366298,WTT
Striving,off-road,TRA_OT_AGR,co2,Mt,2039,56.589609727362706,WTT
Striving,off-road,TRA_OT_RAI,co2,Mt,2039,16.293846280253938,WTT
Striving,off-road,TRA_OT_OTHER,co2,Mt,2039,34.20643761028402,WTT
Striving,off-road,TRA_OT_CNS,co2,Mt,2040,63.34539240734795,WTT
Striving,off-road,TRA_OT_AGR,co2,Mt,2040,51.24650410242272,WTT
Striving,off-road,TRA_OT_RAI,co2,Mt,2040,14.632086148086678,WTT
Striving,off-road,TRA_OT_OTHER,co2,Mt,2040,33.84633450633948,WTT
Striving,off-road,TRA_OT_CNS,co2,Mt,2041,56.923073889434626,WTT
Striving,off-road,TRA_OT_AGR,co2,Mt,2041,46.0293081194085,WTT
Striving,off-road,TRA_OT_RAI,co2,Mt,2041,12.96750154445666,WTT
Striving,off-road,TRA_OT_OTHER,co2,Mt,2041,33.495441984421255,WTT
Striving,off-road,TRA_OT_CNS,co2,Mt,2042,50.520261877560955,WTT
Striving,off-road,TRA_OT_AGR,co2,Mt,2042,40.832677819232494,WTT
Striving,off-road,TRA_OT_RAI,co2,Mt,2042,11.347667160564715,WTT
Striving,off-road,TRA_OT_OTHER,co2,Mt,2042,33.10830560327748,WTT
Striving,off-road,TRA_OT_CNS,co2,Mt,2043,44.13695637172699,WTT
Striving,off-road,TRA_OT_AGR,co2,Mt,2043,35.6566132018947,WTT
Striving,off-road,TRA_OT_RAI,co2,Mt,2043,9.772582996410856,WTT
Striving,off-road,TRA_OT_OTHER,co2,Mt,2043,32.684925362908146,WTT
Striving,off-road,TRA_OT_CNS,co2,Mt,2044,37.77315737193267,WTT
Striving,off-road,TRA_OT_AGR,co2,Mt,2044,30.501114267395117,WTT
Striving,off-road,TRA_OT_RAI,co2,Mt,2044,8.242249051995067,WTT
Striving,off-road,TRA_OT_OTHER,co2,Mt,2044,32.22530126331327,WTT
Striving,off-road,TRA_OT_CNS,co2,Mt,2045,31.428864878178036,WTT
Striving,off-road,TRA_OT_AGR,co2,Mt,2045,25.366181015733737,WTT
Striving,off-road,TRA_OT_RAI,co2,Mt,2045,6.756665327317358,WTT
Striving,off-road,TRA_OT_OTHER,co2,Mt,2045,31.729433304492844,WTT
Striving,off-road,TRA_OT_CNS,co2,Mt,2046,25.05112005053635,WTT
Striving,off-road,TRA_OT_AGR,co2,Mt,2046,20.139717235732334,WTT
Striving,off-road,TRA_OT_RAI,co2,Mt,2046,5.298178875735488,WTT
Striving,off-road,TRA_OT_OTHER,co2,Mt,2046,31.216899447053503,WTT
Striving,off-road,TRA_OT_CNS,co2,Mt,2047,18.71936114889772,WTT
Striving,off-road,TRA_OT_AGR,co2,Mt,2047,14.989867244158278,WTT
Striving,off-road,TRA_OT_RAI,co2,Mt,2047,3.893269117212821,WTT
Striving,off-road,TRA_OT_OTHER,co2,Mt,2047,30.666771526208855,WTT
Striving,off-road,TRA_OT_CNS,co2,Mt,2048,12.433588173262104,WTT
Striving,off-road,TRA_OT_AGR,co2,Mt,2048,9.916631041011525,WTT
Striving,off-road,TRA_OT_RAI,co2,Mt,2048,2.5419360517493477,WTT
Striving,off-road,TRA_OT_OTHER,co2,Mt,2048,30.079049541958874,WTT
Striving,off-road,TRA_OT_CNS,co2,Mt,2049,6.193801123629526,WTT
Striving,off-road,TRA_OT_AGR,co2,Mt,2049,4.920008626292096,WTT
Striving,off-road,TRA_OT_RAI,co2,Mt,2049,1.2441796793450728,WTT
Striving,off-road,TRA_OT_OTHER,co2,Mt,2049,29.45373349430358,WTT
Striving,off-road,TRA_OT_CNS,co2,Mt,2050,0.0,WTT
Striving,off-road,TRA_OT_AGR,co2,Mt,2050,0.0,WTT
Striving,off-road,TRA_OT_RAI,co2,Mt,2050,0.0,WTT
Striving,off-road,TRA_OT_OTHER,co2,Mt,2050,28.790823383242977,WTT
BAU,off-road,TRA_OT_CNS,ch4,kt,1990,576.228910075,WTT
BAU,off-road,TRA_OT_AGR,ch4,kt,1990,1030.69403898825,WTT
BAU,off-road,TRA_OT_RAI,ch4,kt,1990,434.67497208362505,WTT
BAU,off-road,TRA_OT_OTHER,ch4,kt,1990,243.10904763771853,WTT
BAU,off-road,TRA_OT_CNS,ch4,kt,1991,556.382074991925,WTT
BAU,off-road,TRA_OT_AGR,ch4,kt,1991,1039.6964349112252,WTT
BAU,off-road,TRA_OT_RAI,ch4,kt,1991,417.6526032974751,WTT
BAU,off-road,TRA_OT_OTHER,ch4,kt,1991,238.96141544726646,WTT
BAU,off-road,TRA_OT_CNS,ch4,kt,1992,536.53523990885,WTT
BAU,off-road,TRA_OT_AGR,ch4,kt,1992,1048.6988308342002,WTT
BAU,off-road,TRA_OT_RAI,ch4,kt,1992,400.63023451132506,WTT
BAU,off-road,TRA_OT_OTHER,ch4,kt,1992,234.8137832568145,WTT
BAU,off-road,TRA_OT_CNS,ch4,kt,1993,516.688404825775,WTT
BAU,off-road,TRA_OT_AGR,ch4,kt,1993,1057.7012267571752,WTT
BAU,off-road,TRA_OT_RAI,ch4,kt,1993,383.60786572517503,WTT
BAU,off-road,TRA_OT_OTHER,ch4,kt,1993,230.66615106636243,WTT
BAU,off-road,TRA_OT_CNS,ch4,kt,1994,496.8415697427,WTT
BAU,off-road,TRA_OT_AGR,ch4,kt,1994,1066.7036226801501,WTT
BAU,off-road,TRA_OT_RAI,ch4,kt,1994,366.58549693902506,WTT
BAU,off-road,TRA_OT_OTHER,ch4,kt,1994,226.51851887591042,WTT
BAU,off-road,TRA_OT_CNS,ch4,kt,1995,476.994734659625,WTT
BAU,off-road,TRA_OT_AGR,ch4,kt,1995,1075.7060186031251,WTT
BAU,off-road,TRA_OT_RAI,ch4,kt,1995,349.56312815287504,WTT
BAU,off-road,TRA_OT_OTHER,ch4,kt,1995,222.37088668545843,WTT
BAU,off-road,TRA_OT_CNS,ch4,kt,1996,485.590936432875,WTT
BAU,off-road,TRA_OT_AGR,ch4,kt,1996,1050.9943000989251,WTT
BAU,off-road,TRA_OT_RAI,ch4,kt,1996,357.1957996174751,WTT
BAU,off-road,TRA_OT_OTHER,ch4,kt,1996,226.1732734092099,WTT
BAU,off-road,TRA_OT_CNS,ch4,kt,1997,494.18713820612504,WTT
BAU,off-road,TRA_OT_AGR,ch4,kt,1997,1026.2825815947251,WTT
BAU,off-road,TRA_OT_RAI,ch4,kt,1997,364.82847108207505,WTT
BAU,off-road,TRA_OT_OTHER,ch4,kt,1997,229.97566013296137,WTT
BAU,off-road,TRA_OT_CNS,ch4,kt,1998,502.78333997937506,WTT
BAU,off-road,TRA_OT_AGR,ch4,kt,1998,1001.5708630905251,WTT
BAU,off-road,TRA_OT_RAI,ch4,kt,1998,372.46114254667503,WTT
BAU,off-road,TRA_OT_OTHER,ch4,kt,1998,233.77804685671285,WTT
BAU,off-road,TRA_OT_CNS,ch4,kt,1999,511.379541752625,WTT
BAU,off-road,TRA_OT_AGR,ch4,kt,1999,976.8591445863251,WTT
BAU,off-road,TRA_OT_RAI,ch4,kt,1999,380.0938140112751,WTT
BAU,off-road,TRA_OT_OTHER,ch4,kt,1999,237.58043358046436,WTT
BAU,off-road,TRA_OT_CNS,ch4,kt,2000,519.975743525875,WTT
BAU,off-road,TRA_OT_AGR,ch4,kt,2000,952.1474260821251,WTT
BAU,off-road,TRA_OT_RAI,ch4,kt,2000,387.72648547587505,WTT
BAU,off-road,TRA_OT_OTHER,ch4,kt,2000,241.38282030421584,WTT
BAU,off-road,TRA_OT_CNS,ch4,kt,2001,525.5585514907001,WTT
BAU,off-road,TRA_OT_AGR,ch4,kt,2001,976.3962721831501,WTT
BAU,off-road,TRA_OT_RAI,ch4,kt,2001,403.00127478065,WTT
BAU,off-road,TRA_OT_OTHER,ch4,kt,2001,244.31350127946556,WTT
BAU,off-road,TRA_OT_CNS,ch4,kt,2002,531.141359455525,WTT
BAU,off-road,TRA_OT_AGR,ch4,kt,2002,1000.645118284175,WTT
BAU,off-road,TRA_OT_RAI,ch4,kt,2002,418.27606408542505,WTT
BAU,off-road,TRA_OT_OTHER,ch4,kt,2002,247.24418225471527,WTT
BAU,off-road,TRA_OT_CNS,ch4,kt,2003,536.7241674203501,WTT
BAU,off-road,TRA_OT_AGR,ch4,kt,2003,1024.8939643852002,WTT
BAU,off-road,TRA_OT_RAI,ch4,kt,2003,433.5508533902,WTT
BAU,off-road,TRA_OT_OTHER,ch4,kt,2003,250.17486322996498,WTT
BAU,off-road,TRA_OT_CNS,ch4,kt,2004,542.3069753851751,WTT
BAU,off-road,TRA_OT_AGR,ch4,kt,2004,1049.1428104862252,WTT
BAU,off-road,TRA_OT_RAI,ch4,kt,2004,448.8256426949751,WTT
BAU,off-road,TRA_OT_OTHER,ch4,kt,2004,253.10554420521473,WTT
BAU,off-road,TRA_OT_CNS,ch4,kt,2005,547.88978335,WTT
BAU,off-road,TRA_OT_AGR,ch4,kt,2005,1073.39165658725,WTT
BAU,off-road,TRA_OT_RAI,ch4,kt,2005,464.10043199975,WTT
BAU,off-road,TRA_OT_OTHER,ch4,kt,2005,256.0362251804644,WTT
BAU,off-road,TRA_OT_CNS,ch4,kt,2006,551.1204437966501,WTT
BAU,off-road,TRA_OT_AGR,ch4,kt,2006,1073.20272907575,WTT
BAU,off-road,TRA_OT_RAI,ch4,kt,2006,449.6285846188501,WTT
BAU,off-road,TRA_OT_OTHER,ch4,kt,2006,256.77983080105014,WTT
BAU,off-road,TRA_OT_CNS,ch4,kt,2007,554.3511042433,WTT
BAU,off-road,TRA_OT_AGR,ch4,kt,2007,1073.0138015642501,WTT
BAU,off-road,TRA_OT_RAI,ch4,kt,2007,435.15673723795004,WTT
BAU,off-road,TRA_OT_OTHER,ch4,kt,2007,257.5234364216359,WTT
BAU,off-road,TRA_OT_CNS,ch4,kt,2008,557.5817646899501,WTT
BAU,off-road,TRA_OT_AGR,ch4,kt,2008,1072.8248740527501,WTT
BAU,off-road,TRA_OT_RAI,ch4,kt,2008,420.68488985705005,WTT
BAU,off-road,TRA_OT_OTHER,ch4,kt,2008,258.2670420422217,WTT
BAU,off-road,TRA_OT_CNS,ch4,kt,2009,560.8124251366,WTT
BAU,off-road,TRA_OT_AGR,ch4,kt,2009,1072.6359465412502,WTT
BAU,off-road,TRA_OT_RAI,ch4,kt,2009,406.21304247615006,WTT
BAU,off-road,TRA_OT_OTHER,ch4,kt,2009,259.0106476628074,WTT
BAU,off-road,TRA_OT_CNS,ch4,kt,2010,564.04308558325,WTT
BAU,off-road,TRA_OT_AGR,ch4,kt,2010,1072.44701902975,WTT
BAU,off-road,TRA_OT_RAI,ch4,kt,2010,391.74119509525,WTT
BAU,off-road,TRA_OT_OTHER,ch4,kt,2010,259.75425328339315,WTT
BAU,off-road,TRA_OT_CNS,ch4,kt,2011,579.4217850193501,WTT
BAU,off-road,TRA_OT_AGR,ch4,kt,2011,1068.243381898875,WTT
BAU,off-road,TRA_OT_RAI,ch4,kt,2011,398.7881912742,WTT
BAU,off-road,TRA_OT_OTHER,ch4,kt,2011,266.86068598936913,WTT
BAU,off-road,TRA_OT_CNS,ch4,kt,2012,594.8004844554501,WTT
BAU,off-road,TRA_OT_AGR,ch4,kt,2012,1064.039744768,WTT
BAU,off-road,TRA_OT_RAI,ch4,kt,2012,405.8351874531501,WTT
BAU,off-road,TRA_OT_OTHER,ch4,kt,2012,273.9671186953451,WTT
BAU,off-road,TRA_OT_CNS,ch4,kt,2013,610.17918389155,WTT
BAU,off-road,TRA_OT_AGR,ch4,kt,2013,1059.836107637125,WTT
BAU,off-road,TRA_OT_RAI,ch4,kt,2013,412.88218363210007,WTT
BAU,off-road,TRA_OT_OTHER,ch4,kt,2013,281.0735514013211,WTT
BAU,off-road,TRA_OT_CNS,ch4,kt,2014,625.55788332765,WTT
BAU,off-road,TRA_OT_AGR,ch4,kt,2014,1055.63247050625,WTT
BAU,off-road,TRA_OT_RAI,ch4,kt,2014,419.92917981105006,WTT
BAU,off-road,TRA_OT_OTHER,ch4,kt,2014,288.179984107297,WTT
BAU,off-road,TRA_OT_CNS,ch4,kt,2015,640.9365827637499,WTT
BAU,off-road,TRA_OT_AGR,ch4,kt,2015,1051.428833375375,WTT
BAU,off-road,TRA_OT_RAI,ch4,kt,2015,426.9761759900001,WTT
BAU,off-road,TRA_OT_OTHER,ch4,kt,2015,295.28641681327304,WTT
BAU,off-road,TRA_OT_CNS,ch4,kt,2016,757.495410983675,WTT
BAU,off-road,TRA_OT_AGR,ch4,kt,2016,1071.7290944860501,WTT
BAU,off-road,TRA_OT_RAI,ch4,kt,2016,419.08845238487504,WTT
BAU,off-road,TRA_OT_OTHER,ch4,kt,2016,295.73945385102485,WTT
BAU,off-road,TRA_OT_CNS,ch4,kt,2017,874.0542392036,WTT
BAU,off-road,TRA_OT_AGR,ch4,kt,2017,1092.029355596725,WTT
BAU,off-road,TRA_OT_RAI,ch4,kt,2017,411.20072877975,WTT
BAU,off-road,TRA_OT_OTHER,ch4,kt,2017,296.1924908887766,WTT
BAU,off-road,TRA_OT_CNS,ch4,kt,2018,990.6130674235251,WTT
BAU,off-road,TRA_OT_AGR,ch4,kt,2018,1112.3296167074002,WTT
BAU,off-road,TRA_OT_RAI,ch4,kt,2018,403.313005174625,WTT
BAU,off-road,TRA_OT_OTHER,ch4,kt,2018,296.6455279265285,WTT
BAU,off-road,TRA_OT_CNS,ch4,kt,2019,1107.17189564345,WTT
BAU,off-road,TRA_OT_AGR,ch4,kt,2019,1132.629877818075,WTT
BAU,off-road,TRA_OT_RAI,ch4,kt,2019,395.42528156950004,WTT
BAU,off-road,TRA_OT_OTHER,ch4,kt,2019,297.09856496428034,WTT
BAU,off-road,TRA_OT_CNS,ch4,kt,2020,1223.7307238633748,WTT
BAU,off-road,TRA_OT_AGR,ch4,kt,2020,1152.93013892875,WTT
BAU,off-road,TRA_OT_RAI,ch4,kt,2020,387.537557964375,WTT
BAU,off-road,TRA_OT_OTHER,ch4,kt,2020,297.5516020020321,WTT
BAU,off-road,TRA_OT_CNS,ch4,kt,2021,1229.152943443425,WTT
BAU,off-road,TRA_OT_AGR,ch4,kt,2021,1154.545469152075,WTT
BAU,off-road,TRA_OT_RAI,ch4,kt,2021,383.324474457925,WTT
BAU,off-road,TRA_OT_OTHER,ch4,kt,2021,301.8773246142211,WTT
BAU,off-road,TRA_OT_CNS,ch4,kt,2022,1234.575163023475,WTT
BAU,off-road,TRA_OT_AGR,ch4,kt,2022,1156.1607993754003,WTT
BAU,off-road,TRA_OT_RAI,ch4,kt,2022,379.1113909514751,WTT
BAU,off-road,TRA_OT_OTHER,ch4,kt,2022,306.20304722641004,WTT
BAU,off-road,TRA_OT_CNS,ch4,kt,2023,1239.9973826035252,WTT
BAU,off-road,TRA_OT_AGR,ch4,kt,2023,1157.7761295987252,WTT
BAU,off-road,TRA_OT_RAI,ch4,kt,2023,374.89830744502507,WTT
BAU,off-road,TRA_OT_OTHER,ch4,kt,2023,310.5287698385989,WTT
BAU,off-road,TRA_OT_CNS,ch4,kt,2024,1245.419602183575,WTT
BAU,off-road,TRA_OT_AGR,ch4,kt,2024,1159.3914598220501,WTT
BAU,off-road,TRA_OT_RAI,ch4,kt,2024,370.68522393857506,WTT
BAU,off-road,TRA_OT_OTHER,ch4,kt,2024,314.85449245078786,WTT
BAU,off-road,TRA_OT_CNS,ch4,kt,2025,1250.8418217636251,WTT
BAU,off-road,TRA_OT_AGR,ch4,kt,2025,1161.006790045375,WTT
BAU,off-road,TRA_OT_RAI,ch4,kt,2025,366.472140432125,WTT
BAU,off-road,TRA_OT_OTHER,ch4,kt,2025,319.1802150629768,WTT
BAU,off-road,TRA_OT_CNS,ch4,kt,2026,1245.0606399117253,WTT
BAU,off-road,TRA_OT_AGR,ch4,kt,2026,1157.228239815375,WTT
BAU,off-road,TRA_OT_RAI,ch4,kt,2026,362.8919640892001,WTT
BAU,off-road,TRA_OT_OTHER,ch4,kt,2026,324.6385302695453,WTT
BAU,off-road,TRA_OT_CNS,ch4,kt,2027,1239.279458059825,WTT
BAU,off-road,TRA_OT_AGR,ch4,kt,2027,1153.4496895853752,WTT
BAU,off-road,TRA_OT_RAI,ch4,kt,2027,359.31178774627506,WTT
BAU,off-road,TRA_OT_OTHER,ch4,kt,2027,330.09684547611374,WTT
BAU,off-road,TRA_OT_CNS,ch4,kt,2028,1233.4982762079248,WTT
BAU,off-road,TRA_OT_AGR,ch4,kt,2028,1149.671139355375,WTT
BAU,off-road,TRA_OT_RAI,ch4,kt,2028,355.7316114033501,WTT
BAU,off-road,TRA_OT_OTHER,ch4,kt,2028,335.5551606826823,WTT
BAU,off-road,TRA_OT_CNS,ch4,kt,2029,1227.717094356025,WTT
BAU,off-road,TRA_OT_AGR,ch4,kt,2029,1145.892589125375,WTT
BAU,off-road,TRA_OT_RAI,ch4,kt,2029,352.151435060425,WTT
BAU,off-road,TRA_OT_OTHER,ch4,kt,2029,341.0134758892508,WTT
BAU,off-road,TRA_OT_CNS,ch4,kt,2030,1221.935912504125,WTT
BAU,off-road,TRA_OT_AGR,ch4,kt,2030,1142.114038895375,WTT
BAU,off-road,TRA_OT_RAI,ch4,kt,2030,348.57125871750003,WTT
BAU,off-road,TRA_OT_OTHER,ch4,kt,2030,346.47179109581924,WTT
BAU,off-road,TRA_OT_CNS,ch4,kt,2031,1235.878762852825,WTT
BAU,off-road,TRA_OT_AGR,ch4,kt,2031,1137.3247264788502,WTT
BAU,off-road,TRA_OT_RAI,ch4,kt,2031,345.35949102200004,WTT
BAU,off-road,TRA_OT_OTHER,ch4,kt,2031,352.75650834711433,WTT
BAU,off-road,TRA_OT_CNS,ch4,kt,2032,1249.821613201525,WTT
BAU,off-road,TRA_OT_AGR,ch4,kt,2032,1132.5354140623251,WTT
BAU,off-road,TRA_OT_RAI,ch4,kt,2032,342.1477233265,WTT
BAU,off-road,TRA_OT_OTHER,ch4,kt,2032,359.04122559840937,WTT
BAU,off-road,TRA_OT_CNS,ch4,kt,2033,1263.7644635502254,WTT
BAU,off-road,TRA_OT_AGR,ch4,kt,2033,1127.7461016458,WTT
BAU,off-road,TRA_OT_RAI,ch4,kt,2033,338.935955631,WTT
BAU,off-road,TRA_OT_OTHER,ch4,kt,2033,365.3259428497045,WTT
BAU,off-road,TRA_OT_CNS,ch4,kt,2034,1277.7073138989253,WTT
BAU,off-road,TRA_OT_AGR,ch4,kt,2034,1122.9567892292753,WTT
BAU,off-road,TRA_OT_RAI,ch4,kt,2034,335.7241879355,WTT
BAU,off-road,TRA_OT_OTHER,ch4,kt,2034,371.61066010099967,WTT
BAU,off-road,TRA_OT_CNS,ch4,kt,2035,1291.6501642476253,WTT
BAU,off-road,TRA_OT_AGR,ch4,kt,2035,1118.16747681275,WTT
BAU,off-road,TRA_OT_RAI,ch4,kt,2035,332.5124202400001,WTT
BAU,off-road,TRA_OT_OTHER,ch4,kt,2035,377.8953773522947,WTT
BAU,off-road,TRA_OT_CNS,ch4,kt,2036,1304.497235029625,WTT
BAU,off-road,TRA_OT_AGR,ch4,kt,2036,1113.916607804,WTT
BAU,off-road,TRA_OT_RAI,ch4,kt,2036,328.6488526298251,WTT
BAU,off-road,TRA_OT_OTHER,ch4,kt,2036,385.11272602268576,WTT
BAU,off-road,TRA_OT_CNS,ch4,kt,2037,1317.3443058116254,WTT
BAU,off-road,TRA_OT_AGR,ch4,kt,2037,1109.66573879525,WTT
BAU,off-road,TRA_OT_RAI,ch4,kt,2037,324.78528501965013,WTT
BAU,off-road,TRA_OT_OTHER,ch4,kt,2037,392.3300746930769,WTT
BAU,off-road,TRA_OT_CNS,ch4,kt,2038,1330.1913765936251,WTT
BAU,off-road,TRA_OT_AGR,ch4,kt,2038,1105.4148697865,WTT
BAU,off-road,TRA_OT_RAI,ch4,kt,2038,320.92171740947504,WTT
BAU,off-road,TRA_OT_OTHER,ch4,kt,2038,399.54742336346794,WTT
BAU,off-road,TRA_OT_CNS,ch4,kt,2039,1343.0384473756253,WTT
BAU,off-road,TRA_OT_AGR,ch4,kt,2039,1101.16400077775,WTT
BAU,off-road,TRA_OT_RAI,ch4,kt,2039,317.0581497993,WTT
BAU,off-road,TRA_OT_OTHER,ch4,kt,2039,406.76477203385906,WTT
BAU,off-road,TRA_OT_CNS,ch4,kt,2040,1355.885518157625,WTT
BAU,off-road,TRA_OT_AGR,ch4,kt,2040,1096.913131769,WTT
BAU,off-road,TRA_OT_RAI,ch4,kt,2040,313.194582189125,WTT
BAU,off-road,TRA_OT_OTHER,ch4,kt,2040,413.98212070425006,WTT
BAU,off-road,TRA_OT_CNS,ch4,kt,2041,1353.7978691555502,WTT
BAU,off-road,TRA_OT_AGR,ch4,kt,2041,1094.7121262600251,WTT
BAU,off-road,TRA_OT_RAI,ch4,kt,2041,308.40526977260004,WTT
BAU,off-road,TRA_OT_OTHER,ch4,kt,2041,421.73998942657954,WTT
BAU,off-road,TRA_OT_CNS,ch4,kt,2042,1351.7102201534751,WTT
BAU,off-road,TRA_OT_AGR,ch4,kt,2042,1092.5111207510502,WTT
BAU,off-road,TRA_OT_RAI,ch4,kt,2042,303.61595735607506,WTT
BAU,off-road,TRA_OT_OTHER,ch4,kt,2042,429.497858148909,WTT
BAU,off-road,TRA_OT_CNS,ch4,kt,2043,1349.6225711514003,WTT
BAU,off-road,TRA_OT_AGR,ch4,kt,2043,1090.3101152420752,WTT
BAU,off-road,TRA_OT_RAI,ch4,kt,2043,298.82664493955,WTT
BAU,off-road,TRA_OT_OTHER,ch4,kt,2043,437.25572687123844,WTT
BAU,off-road,TRA_OT_CNS,ch4,kt,2044,1347.534922149325,WTT
BAU,off-road,TRA_OT_AGR,ch4,kt,2044,1088.1091097331002,WTT
BAU,off-road,TRA_OT_RAI,ch4,kt,2044,294.03733252302504,WTT
BAU,off-road,TRA_OT_OTHER,ch4,kt,2044,445.0135955935679,WTT
BAU,off-road,TRA_OT_CNS,ch4,kt,2045,1345.4472731472501,WTT
BAU,off-road,TRA_OT_AGR,ch4,kt,2045,1085.908104224125,WTT
BAU,off-road,TRA_OT_RAI,ch4,kt,2045,289.2480201065,WTT
BAU,off-road,TRA_OT_OTHER,ch4,kt,2045,452.7714643158974,WTT
BAU,off-road,TRA_OT_CNS,ch4,kt,2046,1340.525711472675,WTT
BAU,off-road,TRA_OT_AGR,ch4,kt,2046,1077.7086502250252,WTT
BAU,off-road,TRA_OT_RAI,ch4,kt,2046,283.51407013247507,WTT
BAU,off-road,TRA_OT_OTHER,ch4,kt,2046,460.81833942437885,WTT
BAU,off-road,TRA_OT_CNS,ch4,kt,2047,1335.6041497981003,WTT
BAU,off-road,TRA_OT_AGR,ch4,kt,2047,1069.509196225925,WTT
BAU,off-road,TRA_OT_RAI,ch4,kt,2047,277.78012015845,WTT
BAU,off-road,TRA_OT_OTHER,ch4,kt,2047,468.86521453286036,WTT
BAU,off-road,TRA_OT_CNS,ch4,kt,2048,1330.6825881235252,WTT
BAU,off-road,TRA_OT_AGR,ch4,kt,2048,1061.3097422268252,WTT
BAU,off-road,TRA_OT_RAI,ch4,kt,2048,272.046170184425,WTT
BAU,off-road,TRA_OT_OTHER,ch4,kt,2048,476.91208964134177,WTT
BAU,off-road,TRA_OT_CNS,ch4,kt,2049,1325.7610264489501,WTT
BAU,off-road,TRA_OT_AGR,ch4,kt,2049,1053.110288227725,WTT
BAU,off-road,TRA_OT_RAI,ch4,kt,2049,266.3122202104,WTT
BAU,off-road,TRA_OT_OTHER,ch4,kt,2049,484.9589647498233,WTT
BAU,off-road,TRA_OT_CNS,ch4,kt,2050,1320.8394647743748,WTT
BAU,off-road,TRA_OT_AGR,ch4,kt,2050,1044.9108342286252,WTT
BAU,off-road,TRA_OT_RAI,ch4,kt,2050,260.57827023637503,WTT
BAU,off-road,TRA_OT_OTHER,ch4,kt,2050,493.0058398583047,WTT
Striving,off-road,TRA_OT_CNS,ch4,kt,1990,576.228910075,WTT
Striving,off-road,TRA_OT_AGR,ch4,kt,1990,1030.69403898825,WTT
Striving,off-road,TRA_OT_RAI,ch4,kt,1990,434.67497208362505,WTT
Striving,off-road,TRA_OT_OTHER,ch4,kt,1990,243.10904763771853,WTT
Striving,off-road,TRA_OT_CNS,ch4,kt,1991,556.382074991925,WTT
Striving,off-road,TRA_OT_AGR,ch4,kt,1991,1039.6964349112252,WTT
Striving,off-road,TRA_OT_RAI,ch4,kt,1991,417.6526032974751,WTT
Striving,off-road,TRA_OT_OTHER,ch4,kt,1991,238.96141544726646,WTT
Striving,off-road,TRA_OT_CNS,ch4,kt,1992,536.53523990885,WTT
Striving,off-road,TRA_OT_AGR,ch4,kt,1992,1048.6988308342002,WTT
Striving,off-road,TRA_OT_RAI,ch4,kt,1992,400.63023451132506,WTT
Striving,off-road,TRA_OT_OTHER,ch4,kt,1992,234.8137832568145,WTT
Striving,off-road,TRA_OT_CNS,ch4,kt,1993,516.688404825775,WTT
Striving,off-road,TRA_OT_AGR,ch4,kt,1993,1057.7012267571752,WTT
Striving,off-road,TRA_OT_RAI,ch4,kt,1993,383.60786572517503,WTT
Striving,off-road,TRA_OT_OTHER,ch4,kt,1993,230.66615106636243,WTT
Striving,off-road,TRA_OT_CNS,ch4,kt,1994,496.8415697427,WTT
Striving,off-road,TRA_OT_AGR,ch4,kt,1994,1066.7036226801501,WTT
Striving,off-road,TRA_OT_RAI,ch4,kt,1994,366.58549693902506,WTT
Striving,off-road,TRA_OT_OTHER,ch4,kt,1994,226.51851887591042,WTT
Striving,off-road,TRA_OT_CNS,ch4,kt,1995,476.994734659625,WTT
Striving,off-road,TRA_OT_AGR,ch4,kt,1995,1075.7060186031251,WTT
Striving,off-road,TRA_OT_RAI,ch4,kt,1995,349.56312815287504,WTT
Striving,off-road,TRA_OT_OTHER,ch4,kt,1995,222.37088668545843,WTT
Striving,off-road,TRA_OT_CNS,ch4,kt,1996,485.590936432875,WTT
Striving,off-road,TRA_OT_AGR,ch4,kt,1996,1050.9943000989251,WTT
Striving,off-road,TRA_OT_RAI,ch4,kt,1996,357.1957996174751,WTT
Striving,off-road,TRA_OT_OTHER,ch4,kt,1996,226.1732734092099,WTT
Striving,off-road,TRA_OT_CNS,ch4,kt,1997,494.18713820612504,WTT
Striving,off-road,TRA_OT_AGR,ch4,kt,1997,1026.2825815947251,WTT
Striving,off-road,TRA_OT_RAI,ch4,kt,1997,364.82847108207505,WTT
Striving,off-road,TRA_OT_OTHER,ch4,kt,1997,229.97566013296137,WTT
Striving,off-road,TRA_OT_CNS,ch4,kt,1998,502.78333997937506,WTT
Striving,off-road,TRA_OT_AGR,ch4,kt,1998,1001.5708630905251,WTT
Striving,off-road,TRA_OT_RAI,ch4,kt,1998,372.46114254667503,WTT
Striving,off-road,TRA_OT_OTHER,ch4,kt,1998,233.77804685671285,WTT
Striving,off-road,TRA_OT_CNS,ch4,kt,1999,511.379541752625,WTT
Striving,off-road,TRA_OT_AGR,ch4,kt,1999,976.8591445863251,WTT
Striving,off-road,TRA_OT_RAI,ch4,kt,1999,380.0938140112751,WTT
Striving,off-road,TRA_OT_OTHER,ch4,kt,1999,237.58043358046436,WTT
Striving,off-road,TRA_OT_CNS,ch4,kt,2000,519.975743525875,WTT
Striving,off-road,TRA_OT_AGR,ch4,kt,2000,952.1474260821251,WTT
Striving,off-road,TRA_OT_RAI,ch4,kt,2000,387.72648547587505,WTT
Striving,off-road,TRA_OT_OTHER,ch4,kt,2000,241.38282030421584,WTT
Striving,off-road,TRA_OT_CNS,ch4,kt,2001,525.5585514907001,WTT
Striving,off-road,TRA_OT_AGR,ch4,kt,2001,976.3962721831501,WTT
Striving,off-road,TRA_OT_RAI,ch4,kt,2001,403.00127478065,WTT
Striving,off-road,TRA_OT_OTHER,ch4,kt,2001,244.31350127946556,WTT
Striving,off-road,TRA_OT_CNS,ch4,kt,2002,531.141359455525,WTT
Striving,off-road,TRA_OT_AGR,ch4,kt,2002,1000.645118284175,WTT
Striving,off-road,TRA_OT_RAI,ch4,kt,2002,418.27606408542505,WTT
Striving,off-road,TRA_OT_OTHER,ch4,kt,2002,247.24418225471527,WTT
Striving,off-road,TRA_OT_CNS,ch4,kt,2003,536.7241674203501,WTT
Striving,off-road,TRA_OT_AGR,ch4,kt,2003,1024.8939643852002,WTT
Striving,off-road,TRA_OT_RAI,ch4,kt,2003,433.5508533902,WTT
Striving,off-road,TRA_OT_OTHER,ch4,kt,2003,250.17486322996498,WTT
Striving,off-road,TRA_OT_CNS,ch4,kt,2004,542.3069753851751,WTT
Striving,off-road,TRA_OT_AGR,ch4,kt,2004,1049.1428104862252,WTT
Striving,off-road,TRA_OT_RAI,ch4,kt,2004,448.8256426949751,WTT
Striving,off-road,TRA_OT_OTHER,ch4,kt,2004,253.10554420521473,WTT
Striving,off-road,TRA_OT_CNS,ch4,kt,2005,547.88978335,WTT
Striving,off-road,TRA_OT_AGR,ch4,kt,2005,1073.39165658725,WTT
Striving,off-road,TRA_OT_RAI,ch4,kt,2005,464.10043199975,WTT
Striving,off-road,TRA_OT_OTHER,ch4,kt,2005,256.0362251804644,WTT
Striving,off-road,TRA_OT_CNS,ch4,kt,2006,551.1204437966501,WTT
Striving,off-road,TRA_OT_AGR,ch4,kt,2006,1073.20272907575,WTT
Striving,off-road,TRA_OT_RAI,ch4,kt,2006,449.6285846188501,WTT
Striving,off-road,TRA_OT_OTHER,ch4,kt,2006,256.77983080105014,WTT
Striving,off-road,TRA_OT_CNS,ch4,kt,2007,554.3511042433,WTT
Striving,off-road,TRA_OT_AGR,ch4,kt,2007,1073.0138015642501,WTT
Striving,off-road,TRA_OT_RAI,ch4,kt,2007,435.15673723795004,WTT
Striving,off-road,TRA_OT_OTHER,ch4,kt,2007,257.5234364216359,WTT
Striving,off-road,TRA_OT_CNS,ch4,kt,2008,557.5817646899501,WTT
Striving,off-road,TRA_OT_AGR,ch4,kt,2008,1072.8248740527501,WTT
Striving,off-road,TRA_OT_RAI,ch4,kt,2008,420.68488985705005,WTT
Striving,off-road,TRA_OT_OTHER,ch4,kt,2008,258.2670420422217,WTT
Striving,off-road,TRA_OT_CNS,ch4,kt,2009,560.8124251366,WTT
Striving,off-road,TRA_OT_AGR,ch4,kt,2009,1072.6359465412502,WTT
Striving,off-road,TRA_OT_RAI,ch4,kt,2009,406.21304247615006,WTT
Striving,off-road,TRA_OT_OTHER,ch4,kt,2009,259.0106476628074,WTT
Striving,off-road,TRA_OT_CNS,ch4,kt,2010,564.04308558325,WTT
Striving,off-road,TRA_OT_AGR,ch4,kt,2010,1072.44701902975,WTT
Striving,off-road,TRA_OT_RAI,ch4,kt,2010,391.74119509525,WTT
Striving,off-road,TRA_OT_OTHER,ch4,kt,2010,259.75425328339315,WTT
Striving,off-road,TRA_OT_CNS,ch4,kt,2011,579.4217850193501,WTT
Striving,off-road,TRA_OT_AGR,ch4,kt,2011,1068.243381898875,WTT
Striving,off-road,TRA_OT_RAI,ch4,kt,2011,398.7881912742,WTT
Striving,off-road,TRA_OT_OTHER,ch4,kt,2011,266.86068598936913,WTT
Striving,off-road,TRA_OT_CNS,ch4,kt,2012,594.8004844554501,WTT
Striving,off-road,TRA_OT_AGR,ch4,kt,2012,1064.039744768,WTT
Striving,off-road,TRA_OT_RAI,ch4,kt,2012,405.8351874531501,WTT
Striving,off-road,TRA_OT_OTHER,ch4,kt,2012,273.9671186953451,WTT
Striving,off-road,TRA_OT_CNS,ch4,kt,2013,610.17918389155,WTT
Striving,off-road,TRA_OT_AGR,ch4,kt,2013,1059.836107637125,WTT
Striving,off-road,TRA_OT_RAI,ch4,kt,2013,412.88218363210007,WTT
Striving,off-road,TRA_OT_OTHER,ch4,kt,2013,281.0735514013211,WTT
Striving,off-road,TRA_OT_CNS,ch4,kt,2014,625.55788332765,WTT
Striving,off-road,TRA_OT_AGR,ch4,kt,2014,1055.63247050625,WTT
Striving,off-road,TRA_OT_RAI,ch4,kt,2014,419.92917981105006,WTT
Striving,off-road,TRA_OT_OTHER,ch4,kt,2014,288.179984107297,WTT
Striving,off-road,TRA_OT_CNS,ch4,kt,2015,640.9365827637499,WTT
Striving,off-road,TRA_OT_AGR,ch4,kt,2015,1051.428833375375,WTT
Striving,off-road,TRA_OT_RAI,ch4,kt,2015,426.9761759900001,WTT
Striving,off-road,TRA_OT_OTHER,ch4,kt,2015,295.28641681327304,WTT
Striving,off-road,TRA_OT_CNS,ch4,kt,2016,757.495410983675,WTT
Striving,off-road,TRA_OT_AGR,ch4,kt,2016,1071.7290944860501,WTT
Striving,off-road,TRA_OT_RAI,ch4,kt,2016,419.08845238487504,WTT
Striving,off-road,TRA_OT_OTHER,ch4,kt,2016,295.73945385102485,WTT
Striving,off-road,TRA_OT_CNS,ch4,kt,2017,874.0542392036,WTT
Striving,off-road,TRA_OT_AGR,ch4,kt,2017,1092.029355596725,WTT
Striving,off-road,TRA_OT_RAI,ch4,kt,2017,411.20072877975,WTT
Striving,off-road,TRA_OT_OTHER,ch4,kt,2017,296.1924908887766,WTT
Striving,off-road,TRA_OT_CNS,ch4,kt,2018,990.6130674235251,WTT
Striving,off-road,TRA_OT_AGR,ch4,kt,2018,1112.3296167074002,WTT
Striving,off-road,TRA_OT_RAI,ch4,kt,2018,403.313005174625,WTT
Striving,off-road,TRA_OT_OTHER,ch4,kt,2018,296.6455279265285,WTT
Striving,off-road,TRA_OT_CNS,ch4,kt,2019,1107.17189564345,WTT
Striving,off-road,TRA_OT_AGR,ch4,kt,2019,1132.629877818075,WTT
Striving,off-road,TRA_OT_RAI,ch4,kt,2019,395.42528156950004,WTT
Striving,off-road,TRA_OT_OTHER,ch4,kt,2019,297.09856496428034,WTT
Striving,off-road,TRA_OT_CNS,ch4,kt,2020,1223.7307238633748,WTT
Striving,off-road,TRA_OT_AGR,ch4,kt,2020,1152.93013892875,WTT
Striving,off-road,TRA_OT_RAI,ch4,kt,2020,387.537557964375,WTT
Striving,off-road,TRA_OT_OTHER,ch4,kt,2020,297.5516020020321,WTT
Striving,off-road,TRA_OT_CNS,ch4,kt,2021,1229.152943443425,WTT
Striving,off-road,TRA_OT_AGR,ch4,kt,2021,1154.545469152075,WTT
Striving,off-road,TRA_OT_RAI,ch4,kt,2021,383.324474457925,WTT
Striving,off-road,TRA_OT_OTHER,ch4,kt,2021,301.8773246142211,WTT
Striving,off-road,TRA_OT_CNS,ch4,kt,2022,1234.575163023475,WTT
Striving,off-road,TRA_OT_AGR,ch4,kt,2022,1156.1607993754003,WTT
Striving,off-road,TRA_OT_RAI,ch4,kt,2022,379.1113909514751,WTT
Striving,off-road,TRA_OT_OTHER,ch4,kt,2022,306.20304722641004,WTT
Striving,off-road,TRA_OT_CNS,ch4,kt,2023,1239.9973826035252,WTT
Striving,off-road,TRA_OT_AGR,ch4,kt,2023,1157.7761295987252,WTT
Striving,off-road,TRA_OT_RAI,ch4,kt,2023,374.89830744502507,WTT
Striving,off-road,TRA_OT_OTHER,ch4,kt,2023,310.5287698385989,WTT
Striving,off-road,TRA_OT_CNS,ch4,kt,2024,1245.419602183575,WTT
Striving,off-road,TRA_OT_AGR,ch4,kt,2024,1159.3914598220501,WTT
Striving,off-road,TRA_OT_RAI,ch4,kt,2024,370.68522393857506,WTT
Striving,off-road,TRA_OT_OTHER,ch4,kt,2024,314.85449245078786,WTT
Striving,off-road,TRA_OT_CNS,ch4,kt,2025,1250.8418217636251,WTT
Striving,off-road,TRA_OT_AGR,ch4,kt,2025,1161.006790045375,WTT
Striving,off-road,TRA_OT_RAI,ch4,kt,2025,366.472140432125,WTT
Striving,off-road,TRA_OT_OTHER,ch4,kt,2025,319.1802150629768,WTT
Striving,off-road,TRA_OT_CNS,ch4,kt,2026,1195.2582143152563,WTT
Striving,off-road,TRA_OT_AGR,ch4,kt,2026,1110.93911022276,WTT
Striving,off-road,TRA_OT_RAI,ch4,kt,2026,348.3762855256321,WTT
Striving,off-road,TRA_OT_OTHER,ch4,kt,2026,318.14575966415435,WTT
Striving,off-road,TRA_OT_CNS,ch4,kt,2027,1140.137101415039,WTT
Striving,off-road,TRA_OT_AGR,ch4,kt,2027,1061.1737144185452,WTT
Striving,off-road,TRA_OT_RAI,ch4,kt,2027,330.56684472657304,WTT
Striving,off-road,TRA_OT_OTHER,ch4,kt,2027,316.8929716570692,WTT
Striving,off-road,TRA_OT_CNS,ch4,kt,2028,1085.478483062974,WTT
Striving,off-road,TRA_OT_AGR,ch4,kt,2028,1011.7106026327301,WTT
Striving,off-road,TRA_OT_RAI,ch4,kt,2028,313.043818034948,WTT
Striving,off-road,TRA_OT_OTHER,ch4,kt,2028,315.4218510417213,WTT
Striving,off-road,TRA_OT_CNS,ch4,kt,2029,1031.282359259061,WTT
Striving,off-road,TRA_OT_AGR,ch4,kt,2029,962.5497748653152,WTT
Striving,off-road,TRA_OT_RAI,ch4,kt,2029,295.80720545075695,WTT
Striving,off-road,TRA_OT_OTHER,ch4,kt,2029,313.7323978181108,WTT
Striving,off-road,TRA_OT_CNS,ch4,kt,2030,977.5487300033001,WTT
Striving,off-road,TRA_OT_AGR,ch4,kt,2030,913.6912311163001,WTT
Striving,off-road,TRA_OT_RAI,ch4,kt,2030,278.857006974,WTT
Striving,off-road,TRA_OT_OTHER,ch4,kt,2030,311.8246119862373,WTT
Striving,off-road,TRA_OT_CNS,ch4,kt,2031,939.2678597681471,WTT
Striving,off-road,TRA_OT_AGR,ch4,kt,2031,864.366792123926,WTT
Striving,off-road,TRA_OT_RAI,ch4,kt,2031,262.47321317672004,WTT
Striving,off-road,TRA_OT_OTHER,ch4,kt,2031,310.4257273454606,WTT
Striving,off-road,TRA_OT_CNS,ch4,kt,2032,899.8715615050979,WTT
Striving,off-road,TRA_OT_AGR,ch4,kt,2032,815.4254981248743,WTT
Striving,off-road,TRA_OT_RAI,ch4,kt,2032,246.34636079508005,WTT
Striving,off-road,TRA_OT_OTHER,ch4,kt,2032,308.7754540146321,WTT
Striving,off-road,TRA_OT_CNS,ch4,kt,2033,859.3598352141532,WTT
Striving,off-road,TRA_OT_AGR,ch4,kt,2033,766.867349119144,WTT
Striving,off-road,TRA_OT_RAI,ch4,kt,2033,230.47644982908002,WTT
Striving,off-road,TRA_OT_OTHER,ch4,kt,2033,306.8737919937518,WTT
Striving,off-road,TRA_OT_CNS,ch4,kt,2034,817.7326808953122,WTT
Striving,off-road,TRA_OT_AGR,ch4,kt,2034,718.6923451067362,WTT
Striving,off-road,TRA_OT_RAI,ch4,kt,2034,214.86348027872,WTT
Striving,off-road,TRA_OT_OTHER,ch4,kt,2034,304.72074128281974,WTT
Striving,off-road,TRA_OT_CNS,ch4,kt,2035,774.9900985485752,WTT
Striving,off-road,TRA_OT_AGR,ch4,kt,2035,670.9004860876502,WTT
Striving,off-road,TRA_OT_RAI,ch4,kt,2035,199.507452144,WTT
Striving,off-road,TRA_OT_OTHER,ch4,kt,2035,302.3163018818358,WTT
Striving,off-road,TRA_OT_CNS,ch4,kt,2036,730.5184516165901,WTT
Striving,off-road,TRA_OT_AGR,ch4,kt,2036,623.79330037024,WTT
Striving,off-road,TRA_OT_RAI,ch4,kt,2036,184.04335747270207,WTT
Striving,off-road,TRA_OT_OTHER,ch4,kt,2036,300.3879262976949,WTT
Striving,off-road,TRA_OT_CNS,ch4,kt,2037,685.0190390220453,WTT
Striving,off-road,TRA_OT_AGR,ch4,kt,2037,577.02618417353,WTT
Striving,off-road,TRA_OT_RAI,ch4,kt,2037,168.88834821021806,WTT
Striving,off-road,TRA_OT_OTHER,ch4,kt,2037,298.17085676673844,WTT
Striving,off-road,TRA_OT_CNS,ch4,kt,2038,638.4918607649402,WTT
Striving,off-road,TRA_OT_AGR,ch4,kt,2038,530.59913749752,WTT
Striving,off-road,TRA_OT_RAI,ch4,kt,2038,154.04242435654803,WTT
Striving,off-road,TRA_OT_OTHER,ch4,kt,2038,295.66509328896626,WTT
Striving,off-road,TRA_OT_CNS,ch4,kt,2039,590.936916845275,WTT
Striving,off-road,TRA_OT_AGR,ch4,kt,2039,484.51216034221005,WTT
Striving,off-road,TRA_OT_RAI,ch4,kt,2039,139.505585911692,WTT
Striving,off-road,TRA_OT_OTHER,ch4,kt,2039,292.87063586437847,WTT
Striving,off-road,TRA_OT_CNS,ch4,kt,2040,542.35420726305,WTT
Striving,off-road,TRA_OT_AGR,ch4,kt,2040,438.7652527076,WTT
Striving,off-road,TRA_OT_RAI,ch4,kt,2040,125.27783287564999,WTT
Striving,off-road,TRA_OT_OTHER,ch4,kt,2040,289.78748449297507,WTT
Striving,off-road,TRA_OT_CNS,ch4,kt,2041,487.3672328959981,WTT
Striving,off-road,TRA_OT_AGR,ch4,kt,2041,394.096365453609,WTT
Striving,off-road,TRA_OT_RAI,ch4,kt,2041,111.02589711813602,WTT
Striving,off-road,TRA_OT_OTHER,ch4,kt,2041,286.7831928100741,WTT
Striving,off-road,TRA_OT_CNS,ch4,kt,2042,432.547270449112,WTT
Striving,off-road,TRA_OT_AGR,ch4,kt,2042,349.60355864033596,WTT
Striving,off-road,TRA_OT_RAI,ch4,kt,2042,97.15710635394399,WTT
Striving,off-road,TRA_OT_OTHER,ch4,kt,2042,283.46858637827995,WTT
Striving,off-road,TRA_OT_CNS,ch4,kt,2043,377.8943199223921,WTT
Striving,off-road,TRA_OT_AGR,ch4,kt,2043,305.28683226778105,WTT
Striving,off-road,TRA_OT_RAI,ch4,kt,2043,83.67146058307402,WTT
Striving,off-road,TRA_OT_OTHER,ch4,kt,2043,279.8436651975926,WTT
Striving,off-road,TRA_OT_CNS,ch4,kt,2044,323.408381315838,WTT
Striving,off-road,TRA_OT_AGR,ch4,kt,2044,261.14618633594404,WTT
Striving,off-road,TRA_OT_RAI,ch4,kt,2044,70.568959805526,WTT
Striving,off-road,TRA_OT_OTHER,ch4,kt,2044,275.9084292680121,WTT
Striving,off-road,TRA_OT_CNS,ch4,kt,2045,269.08945462944996,WTT
Striving,off-road,TRA_OT_AGR,ch4,kt,2045,217.181620844825,WTT
Striving,off-road,TRA_OT_RAI,ch4,kt,2045,57.84960402129999,WTT
Striving,off-road,TRA_OT_OTHER,ch4,kt,2045,271.66287858953837,WTT
Striving,off-road,TRA_OT_CNS,ch4,kt,2046,214.4841138356279,WTT
Striving,off-road,TRA_OT_AGR,ch4,kt,2046,172.43338403600393,WTT
Striving,off-road,TRA_OT_RAI,ch4,kt,2046,45.362251221195976,WTT
Striving,off-road,TRA_OT_OTHER,ch4,kt,2046,267.2746368661397,WTT
Striving,off-road,TRA_OT_CNS,ch4,kt,2047,160.272497975772,WTT
Striving,off-road,TRA_OT_AGR,ch4,kt,2047,128.34110354711098,WTT
Striving,off-road,TRA_OT_RAI,ch4,kt,2047,33.333614419014005,WTT
Striving,off-road,TRA_OT_OTHER,ch4,kt,2047,262.5645201384018,WTT
Striving,off-road,TRA_OT_CNS,ch4,kt,2048,106.45460704988194,WTT
Striving,off-road,TRA_OT_AGR,ch4,kt,2048,84.90477937814596,WTT
Striving,off-road,TRA_OT_RAI,ch4,kt,2048,21.76369361475399,WTT
Striving,off-road,TRA_OT_OTHER,ch4,kt,2048,257.53252840632456,WTT
Striving,off-road,TRA_OT_CNS,ch4,kt,2049,53.03044105795791,WTT
Striving,off-road,TRA_OT_AGR,ch4,kt,2049,42.12441152910892,WTT
Striving,off-road,TRA_OT_RAI,ch4,kt,2049,10.65248880841598,WTT
Striving,off-road,TRA_OT_OTHER,ch4,kt,2049,252.17866166990805,WTT
Striving,off-road,TRA_OT_CNS,ch4,kt,2050,0.0,WTT
Striving,off-road,TRA_OT_AGR,ch4,kt,2050,0.0,WTT
Striving,off-road,TRA_OT_RAI,ch4,kt,2050,0.0,WTT
Striving,off-road,TRA_OT_OTHER,ch4,kt,2050,246.50291992915234,WTT
BAU,off-road,TRA_OT_CNS,n2o,kt,1990,1.2311673920000001,WTT
BAU,off-road,TRA_OT_AGR,n2o,kt,1990,2.20217498592,WTT
BAU,off-road,TRA_OT_RAI,n2o,kt,1990,0.9287240580800001,WTT
BAU,off-road,TRA_OT_OTHER,n2o,kt,1990,0.5194254000771616,WTT
BAU,off-road,TRA_OT_CNS,n2o,kt,1991,1.188762757728,WTT
BAU,off-road,TRA_OT_AGR,n2o,kt,1991,2.2214094535360003,WTT
BAU,off-road,TRA_OT_RAI,n2o,kt,1991,0.8923541623360002,WTT
BAU,off-road,TRA_OT_OTHER,n2o,kt,1991,0.5105635928724008,WTT
BAU,off-road,TRA_OT_CNS,n2o,kt,1992,1.146358123456,WTT
BAU,off-road,TRA_OT_AGR,n2o,kt,1992,2.240643921152,WTT
BAU,off-road,TRA_OT_RAI,n2o,kt,1992,0.8559842665920001,WTT
BAU,off-road,TRA_OT_OTHER,n2o,kt,1992,0.5017017856676402,WTT
BAU,off-road,TRA_OT_CNS,n2o,kt,1993,1.1039534891840002,WTT
BAU,off-road,TRA_OT_AGR,n2o,kt,1993,2.259878388768,WTT
BAU,off-road,TRA_OT_RAI,n2o,kt,1993,0.8196143708480002,WTT
BAU,off-road,TRA_OT_OTHER,n2o,kt,1993,0.4928399784628794,WTT
BAU,off-road,TRA_OT_CNS,n2o,kt,1994,1.061548854912,WTT
BAU,off-road,TRA_OT_AGR,n2o,kt,1994,2.2791128563840006,WTT
BAU,off-road,TRA_OT_RAI,n2o,kt,1994,0.783244475104,WTT
BAU,off-road,TRA_OT_OTHER,n2o,kt,1994,0.48397817125811865,WTT
BAU,off-road,TRA_OT_CNS,n2o,kt,1995,1.01914422064,WTT
BAU,off-road,TRA_OT_AGR,n2o,kt,1995,2.2983473240000003,WTT
BAU,off-road,TRA_OT_RAI,n2o,kt,1995,0.74687457936,WTT
BAU,off-road,TRA_OT_OTHER,n2o,kt,1995,0.47511636405335794,WTT
BAU,off-road,TRA_OT_CNS,n2o,kt,1996,1.0375108161600002,WTT
BAU,off-road,TRA_OT_AGR,n2o,kt,1996,2.2455484076480006,WTT
BAU,off-road,TRA_OT_RAI,n2o,kt,1996,0.7631825015360001,WTT
BAU,off-road,TRA_OT_OTHER,n2o,kt,1996,0.48324052176951143,WTT
BAU,off-road,TRA_OT_CNS,n2o,kt,1997,1.05587741168,WTT
BAU,off-road,TRA_OT_AGR,n2o,kt,1997,2.192749491296,WTT
BAU,off-road,TRA_OT_RAI,n2o,kt,1997,0.7794904237120001,WTT
BAU,off-road,TRA_OT_OTHER,n2o,kt,1997,0.491364679485665,WTT
BAU,off-road,TRA_OT_CNS,n2o,kt,1998,1.0742440072000001,WTT
BAU,off-road,TRA_OT_AGR,n2o,kt,1998,2.139950574944,WTT
BAU,off-road,TRA_OT_RAI,n2o,kt,1998,0.795798345888,WTT
BAU,off-road,TRA_OT_OTHER,n2o,kt,1998,0.4994888372018184,WTT
BAU,off-road,TRA_OT_CNS,n2o,kt,1999,1.09261060272,WTT
BAU,off-road,TRA_OT_AGR,n2o,kt,1999,2.087151658592,WTT
BAU,off-road,TRA_OT_RAI,n2o,kt,1999,0.8121062680640001,WTT
BAU,off-road,TRA_OT_OTHER,n2o,kt,1999,0.5076129949179721,WTT
BAU,off-road,TRA_OT_CNS,n2o,kt,2000,1.11097719824,WTT
BAU,off-road,TRA_OT_AGR,n2o,kt,2000,2.0343527422400003,WTT
BAU,off-road,TRA_OT_RAI,n2o,kt,2000,0.8284141902400001,WTT
BAU,off-road,TRA_OT_OTHER,n2o,kt,2000,0.5157371526341255,WTT
BAU,off-road,TRA_OT_CNS,n2o,kt,2001,1.1229053937920002,WTT
BAU,off-road,TRA_OT_AGR,n2o,kt,2001,2.0861626880640003,WTT
BAU,off-road,TRA_OT_RAI,n2o,kt,2001,0.8610502176640001,WTT
BAU,off-road,TRA_OT_OTHER,n2o,kt,2001,0.5219988288360581,WTT
BAU,off-road,TRA_OT_CNS,n2o,kt,2002,1.1348335893440002,WTT
BAU,off-road,TRA_OT_AGR,n2o,kt,2002,2.1379726338880003,WTT
BAU,off-road,TRA_OT_RAI,n2o,kt,2002,0.8936862450880002,WTT
BAU,off-road,TRA_OT_OTHER,n2o,kt,2002,0.5282605050379908,WTT
BAU,off-road,TRA_OT_CNS,n2o,kt,2003,1.1467617848960001,WTT
BAU,off-road,TRA_OT_AGR,n2o,kt,2003,2.189782579712,WTT
BAU,off-road,TRA_OT_RAI,n2o,kt,2003,0.9263222725120002,WTT
BAU,off-road,TRA_OT_OTHER,n2o,kt,2003,0.5345221812399233,WTT
BAU,off-road,TRA_OT_CNS,n2o,kt,2004,1.158689980448,WTT
BAU,off-road,TRA_OT_AGR,n2o,kt,2004,2.2415925255360003,WTT
BAU,off-road,TRA_OT_RAI,n2o,kt,2004,0.9589582999360001,WTT
BAU,off-road,TRA_OT_OTHER,n2o,kt,2004,0.5407838574418562,WTT
BAU,off-road,TRA_OT_CNS,n2o,kt,2005,1.170618176,WTT
BAU,off-road,TRA_OT_AGR,n2o,kt,2005,2.2934024713600003,WTT
BAU,off-road,TRA_OT_RAI,n2o,kt,2005,0.9915943273600001,WTT
BAU,off-road,TRA_OT_OTHER,n2o,kt,2005,0.5470455336437886,WTT
BAU,off-road,TRA_OT_CNS,n2o,kt,2006,1.177520786624,WTT
BAU,off-road,TRA_OT_AGR,n2o,kt,2006,2.2929988099200003,WTT
BAU,off-road,TRA_OT_RAI,n2o,kt,2006,0.9606738610560001,WTT
BAU,off-road,TRA_OT_OTHER,n2o,kt,2006,0.5486343171577119,WTT
BAU,off-road,TRA_OT_CNS,n2o,kt,2007,1.1844233972480003,WTT
BAU,off-road,TRA_OT_AGR,n2o,kt,2007,2.2925951484800002,WTT
BAU,off-road,TRA_OT_RAI,n2o,kt,2007,0.929753394752,WTT
BAU,off-road,TRA_OT_OTHER,n2o,kt,2007,0.550223100671635,WTT
BAU,off-road,TRA_OT_CNS,n2o,kt,2008,1.191326007872,WTT
BAU,off-road,TRA_OT_AGR,n2o,kt,2008,2.29219148704,WTT
BAU,off-road,TRA_OT_RAI,n2o,kt,2008,0.8988329284480001,WTT
BAU,off-road,TRA_OT_OTHER,n2o,kt,2008,0.5518118841855584,WTT
BAU,off-road,TRA_OT_CNS,n2o,kt,2009,1.198228618496,WTT
BAU,off-road,TRA_OT_AGR,n2o,kt,2009,2.2917878256,WTT
BAU,off-road,TRA_OT_RAI,n2o,kt,2009,0.8679124621440001,WTT
BAU,off-road,TRA_OT_OTHER,n2o,kt,2009,0.5534006676994815,WTT
BAU,off-road,TRA_OT_CNS,n2o,kt,2010,1.2051312291200003,WTT
BAU,off-road,TRA_OT_AGR,n2o,kt,2010,2.29138416416,WTT
BAU,off-road,TRA_OT_RAI,n2o,kt,2010,0.8369919958400001,WTT
BAU,off-road,TRA_OT_OTHER,n2o,kt,2010,0.5549894512134047,WTT
BAU,off-road,TRA_OT_CNS,n2o,kt,2011,1.237989270336,WTT
BAU,off-road,TRA_OT_AGR,n2o,kt,2011,2.28240269712,WTT
BAU,off-road,TRA_OT_RAI,n2o,kt,2011,0.8520485675520001,WTT
BAU,off-road,TRA_OT_OTHER,n2o,kt,2011,0.5701730146689439,WTT
BAU,off-road,TRA_OT_CNS,n2o,kt,2012,1.270847311552,WTT
BAU,off-road,TRA_OT_AGR,n2o,kt,2012,2.27342123008,WTT
BAU,off-road,TRA_OT_RAI,n2o,kt,2012,0.8671051392640002,WTT
BAU,off-road,TRA_OT_OTHER,n2o,kt,2012,0.585356578124483,WTT
BAU,off-road,TRA_OT_CNS,n2o,kt,2013,1.303705352768,WTT
BAU,off-road,TRA_OT_AGR,n2o,kt,2013,2.26443976304,WTT
BAU,off-road,TRA_OT_RAI,n2o,kt,2013,0.8821617109760002,WTT
BAU,off-road,TRA_OT_OTHER,n2o,kt,2013,0.6005401415800222,WTT
BAU,off-road,TRA_OT_CNS,n2o,kt,2014,1.3365633939839998,WTT
BAU,off-road,TRA_OT_AGR,n2o,kt,2014,2.255458296,WTT
BAU,off-road,TRA_OT_RAI,n2o,kt,2014,0.8972182826880002,WTT
BAU,off-road,TRA_OT_OTHER,n2o,kt,2014,0.6157237050355614,WTT
BAU,off-road,TRA_OT_CNS,n2o,kt,2015,1.3694214351999998,WTT
BAU,off-road,TRA_OT_AGR,n2o,kt,2015,2.24647682896,WTT
BAU,off-road,TRA_OT_RAI,n2o,kt,2015,0.9122748544000001,WTT
BAU,off-road,TRA_OT_OTHER,n2o,kt,2015,0.6309072684911006,WTT
BAU,off-road,TRA_OT_CNS,n2o,kt,2016,1.618460360608,WTT
BAU,off-road,TRA_OT_AGR,n2o,kt,2016,2.2898502506880005,WTT
BAU,off-road,TRA_OT_RAI,n2o,kt,2016,0.89542198928,WTT
BAU,off-road,TRA_OT_OTHER,n2o,kt,2016,0.6318752248336169,WTT
BAU,off-road,TRA_OT_CNS,n2o,kt,2017,1.867499286016,WTT
BAU,off-road,TRA_OT_AGR,n2o,kt,2017,2.333223672416,WTT
BAU,off-road,TRA_OT_RAI,n2o,kt,2017,0.8785691241600001,WTT
BAU,off-road,TRA_OT_OTHER,n2o,kt,2017,0.6328431811761329,WTT
BAU,off-road,TRA_OT_CNS,n2o,kt,2018,2.1165382114240003,WTT
BAU,off-road,TRA_OT_AGR,n2o,kt,2018,2.376597094144,WTT
BAU,off-road,TRA_OT_RAI,n2o,kt,2018,0.8617162590400002,WTT
BAU,off-road,TRA_OT_OTHER,n2o,kt,2018,0.6338111375186493,WTT
BAU,off-road,TRA_OT_CNS,n2o,kt,2019,2.365577136832,WTT
BAU,off-road,TRA_OT_AGR,n2o,kt,2019,2.4199705158720004,WTT
BAU,off-road,TRA_OT_RAI,n2o,kt,2019,0.8448633939200001,WTT
BAU,off-road,TRA_OT_OTHER,n2o,kt,2019,0.6347790938611657,WTT
BAU,off-road,TRA_OT_CNS,n2o,kt,2020,2.61461606224,WTT
BAU,off-road,TRA_OT_AGR,n2o,kt,2020,2.4633439376,WTT
BAU,off-road,TRA_OT_RAI,n2o,kt,2020,0.8280105288000001,WTT
BAU,off-road,TRA_OT_OTHER,n2o,kt,2020,0.6357470502036817,WTT
BAU,off-road,TRA_OT_CNS,n2o,kt,2021,2.6262011455680003,WTT
BAU,off-road,TRA_OT_AGR,n2o,kt,2021,2.466795242912,WTT
BAU,off-road,TRA_OT_RAI,n2o,kt,2021,0.8190088786880001,WTT
BAU,off-road,TRA_OT_OTHER,n2o,kt,2021,0.6449893643844662,WTT
BAU,off-road,TRA_OT_CNS,n2o,kt,2022,2.6377862288959997,WTT
BAU,off-road,TRA_OT_AGR,n2o,kt,2022,2.470246548224,WTT
BAU,off-road,TRA_OT_RAI,n2o,kt,2022,0.810007228576,WTT
BAU,off-road,TRA_OT_OTHER,n2o,kt,2022,0.6542316785652506,WTT
BAU,off-road,TRA_OT_CNS,n2o,kt,2023,2.6493713122240004,WTT
BAU,off-road,TRA_OT_AGR,n2o,kt,2023,2.4736978535360006,WTT
BAU,off-road,TRA_OT_RAI,n2o,kt,2023,0.801005578464,WTT
BAU,off-road,TRA_OT_OTHER,n2o,kt,2023,0.6634739927460348,WTT
BAU,off-road,TRA_OT_CNS,n2o,kt,2024,2.6609563955519997,WTT
BAU,off-road,TRA_OT_AGR,n2o,kt,2024,2.4771491588480004,WTT
BAU,off-road,TRA_OT_RAI,n2o,kt,2024,0.7920039283520001,WTT
BAU,off-road,TRA_OT_OTHER,n2o,kt,2024,0.6727163069268192,WTT
BAU,off-road,TRA_OT_CNS,n2o,kt,2025,2.6725414788800004,WTT
BAU,off-road,TRA_OT_AGR,n2o,kt,2025,2.48060046416,WTT
BAU,off-road,TRA_OT_RAI,n2o,kt,2025,0.78300227824,WTT
BAU,off-road,TRA_OT_OTHER,n2o,kt,2025,0.6819586211076035,WTT
BAU,off-road,TRA_OT_CNS,n2o,kt,2026,2.6601894388160003,WTT
BAU,off-road,TRA_OT_AGR,n2o,kt,2026,2.4725272353600003,WTT
BAU,off-road,TRA_OT_RAI,n2o,kt,2026,0.7753528939520002,WTT
BAU,off-road,TRA_OT_OTHER,n2o,kt,2026,0.6936208261446786,WTT
BAU,off-road,TRA_OT_CNS,n2o,kt,2027,2.647837398752,WTT
BAU,off-road,TRA_OT_AGR,n2o,kt,2027,2.46445400656,WTT
BAU,off-road,TRA_OT_RAI,n2o,kt,2027,0.767703509664,WTT
BAU,off-road,TRA_OT_OTHER,n2o,kt,2027,0.7052830311817533,WTT
BAU,off-road,TRA_OT_CNS,n2o,kt,2028,2.635485358688,WTT
BAU,off-road,TRA_OT_AGR,n2o,kt,2028,2.45638077776,WTT
BAU,off-road,TRA_OT_RAI,n2o,kt,2028,0.7600541253760001,WTT
BAU,off-road,TRA_OT_OTHER,n2o,kt,2028,0.7169452362188282,WTT
BAU,off-road,TRA_OT_CNS,n2o,kt,2029,2.623133318624,WTT
BAU,off-road,TRA_OT_AGR,n2o,kt,2029,2.4483075489600004,WTT
BAU,off-road,TRA_OT_RAI,n2o,kt,2029,0.752404741088,WTT
BAU,off-road,TRA_OT_OTHER,n2o,kt,2029,0.7286074412559034,WTT
BAU,off-road,TRA_OT_CNS,n2o,kt,2030,2.61078127856,WTT
BAU,off-road,TRA_OT_AGR,n2o,kt,2030,2.44023432016,WTT
BAU,off-road,TRA_OT_RAI,n2o,kt,2030,0.7447553568000002,WTT
BAU,off-road,TRA_OT_OTHER,n2o,kt,2030,0.7402696462929782,WTT
BAU,off-road,TRA_OT_CNS,n2o,kt,2031,2.640571492832,WTT
BAU,off-road,TRA_OT_AGR,n2o,kt,2031,2.4300015026560002,WTT
BAU,off-road,TRA_OT_RAI,n2o,kt,2031,0.7378931123200001,WTT
BAU,off-road,TRA_OT_OTHER,n2o,kt,2031,0.7536975372100225,WTT
BAU,off-road,TRA_OT_CNS,n2o,kt,2032,2.6703617071039996,WTT
BAU,off-road,TRA_OT_AGR,n2o,kt,2032,2.419768685152,WTT
BAU,off-road,TRA_OT_RAI,n2o,kt,2032,0.73103086784,WTT
BAU,off-road,TRA_OT_OTHER,n2o,kt,2032,0.7671254281270666,WTT
BAU,off-road,TRA_OT_CNS,n2o,kt,2033,2.7001519213760004,WTT
BAU,off-road,TRA_OT_AGR,n2o,kt,2033,2.4095358676480005,WTT
BAU,off-road,TRA_OT_RAI,n2o,kt,2033,0.7241686233600001,WTT
BAU,off-road,TRA_OT_OTHER,n2o,kt,2033,0.7805533190441108,WTT
BAU,off-road,TRA_OT_CNS,n2o,kt,2034,2.7299421356480007,WTT
BAU,off-road,TRA_OT_AGR,n2o,kt,2034,2.3993030501440002,WTT
BAU,off-road,TRA_OT_RAI,n2o,kt,2034,0.71730637888,WTT
BAU,off-road,TRA_OT_OTHER,n2o,kt,2034,0.7939812099611552,WTT
BAU,off-road,TRA_OT_CNS,n2o,kt,2035,2.7597323499200006,WTT
BAU,off-road,TRA_OT_AGR,n2o,kt,2035,2.38907023264,WTT
BAU,off-road,TRA_OT_RAI,n2o,kt,2035,0.7104441344000001,WTT
BAU,off-road,TRA_OT_OTHER,n2o,kt,2035,0.8074091008781994,WTT
BAU,off-road,TRA_OT_CNS,n2o,kt,2036,2.7871813278400004,WTT
BAU,off-road,TRA_OT_AGR,n2o,kt,2036,2.3799878502400005,WTT
BAU,off-road,TRA_OT_RAI,n2o,kt,2036,0.7021892579520002,WTT
BAU,off-road,TRA_OT_OTHER,n2o,kt,2036,0.8228296467486304,WTT
BAU,off-road,TRA_OT_CNS,n2o,kt,2037,2.814630305760001,WTT
BAU,off-road,TRA_OT_AGR,n2o,kt,2037,2.37090546784,WTT
BAU,off-road,TRA_OT_RAI,n2o,kt,2037,0.6939343815040002,WTT
BAU,off-road,TRA_OT_OTHER,n2o,kt,2037,0.8382501926190615,WTT
BAU,off-road,TRA_OT_CNS,n2o,kt,2038,2.8420792836800004,WTT
BAU,off-road,TRA_OT_AGR,n2o,kt,2038,2.36182308544,WTT
BAU,off-road,TRA_OT_RAI,n2o,kt,2038,0.6856795050560001,WTT
BAU,off-road,TRA_OT_OTHER,n2o,kt,2038,0.8536707384894926,WTT
BAU,off-road,TRA_OT_CNS,n2o,kt,2039,2.8695282616000006,WTT
BAU,off-road,TRA_OT_AGR,n2o,kt,2039,2.3527407030400003,WTT
BAU,off-road,TRA_OT_RAI,n2o,kt,2039,0.6774246286080001,WTT
BAU,off-road,TRA_OT_OTHER,n2o,kt,2039,0.8690912843599238,WTT
BAU,off-road,TRA_OT_CNS,n2o,kt,2040,2.89697723952,WTT
BAU,off-road,TRA_OT_AGR,n2o,kt,2040,2.34365832064,WTT
BAU,off-road,TRA_OT_RAI,n2o,kt,2040,0.66916975216,WTT
BAU,off-road,TRA_OT_OTHER,n2o,kt,2040,0.8845118302303547,WTT
BAU,off-road,TRA_OT_CNS,n2o,kt,2041,2.8925167806080005,WTT
BAU,off-road,TRA_OT_AGR,n2o,kt,2041,2.338955664864,WTT
BAU,off-road,TRA_OT_RAI,n2o,kt,2041,0.6589369346560002,WTT
BAU,off-road,TRA_OT_OTHER,n2o,kt,2041,0.9010872481508225,WTT
BAU,off-road,TRA_OT_CNS,n2o,kt,2042,2.8880563216960002,WTT
BAU,off-road,TRA_OT_AGR,n2o,kt,2042,2.3342530090880005,WTT
BAU,off-road,TRA_OT_RAI,n2o,kt,2042,0.6487041171520002,WTT
BAU,off-road,TRA_OT_OTHER,n2o,kt,2042,0.9176626660712902,WTT
BAU,off-road,TRA_OT_CNS,n2o,kt,2043,2.8835958627840004,WTT
BAU,off-road,TRA_OT_AGR,n2o,kt,2043,2.3295503533120003,WTT
BAU,off-road,TRA_OT_RAI,n2o,kt,2043,0.6384712996480001,WTT
BAU,off-road,TRA_OT_OTHER,n2o,kt,2043,0.9342380839917578,WTT
BAU,off-road,TRA_OT_CNS,n2o,kt,2044,2.8791354038720005,WTT
BAU,off-road,TRA_OT_AGR,n2o,kt,2044,2.324847697536,WTT
BAU,off-road,TRA_OT_RAI,n2o,kt,2044,0.6282384821440001,WTT
BAU,off-road,TRA_OT_OTHER,n2o,kt,2044,0.9508135019122256,WTT
BAU,off-road,TRA_OT_CNS,n2o,kt,2045,2.87467494496,WTT
BAU,off-road,TRA_OT_AGR,n2o,kt,2045,2.3201450417600005,WTT
BAU,off-road,TRA_OT_RAI,n2o,kt,2045,0.6180056646400001,WTT
BAU,off-road,TRA_OT_OTHER,n2o,kt,2045,0.9673889198326933,WTT
BAU,off-road,TRA_OT_CNS,n2o,kt,2046,2.8641595644480002,WTT
BAU,off-road,TRA_OT_AGR,n2o,kt,2046,2.302626135264,WTT
BAU,off-road,TRA_OT_RAI,n2o,kt,2046,0.605754539936,WTT
BAU,off-road,TRA_OT_OTHER,n2o,kt,2046,0.9845818271440765,WTT
BAU,off-road,TRA_OT_CNS,n2o,kt,2047,2.853644183936,WTT
BAU,off-road,TRA_OT_AGR,n2o,kt,2047,2.285107228768,WTT
BAU,off-road,TRA_OT_RAI,n2o,kt,2047,0.593503415232,WTT
BAU,off-road,TRA_OT_OTHER,n2o,kt,2047,1.00177473445546,WTT
BAU,off-road,TRA_OT_CNS,n2o,kt,2048,2.8431288034240003,WTT
BAU,off-road,TRA_OT_AGR,n2o,kt,2048,2.267588322272,WTT
BAU,off-road,TRA_OT_RAI,n2o,kt,2048,0.581252290528,WTT
BAU,off-road,TRA_OT_OTHER,n2o,kt,2048,1.018967641766843,WTT
BAU,off-road,TRA_OT_CNS,n2o,kt,2049,2.8326134229120004,WTT
BAU,off-road,TRA_OT_AGR,n2o,kt,2049,2.250069415776,WTT
BAU,off-road,TRA_OT_RAI,n2o,kt,2049,0.5690011658240001,WTT
BAU,off-road,TRA_OT_OTHER,n2o,kt,2049,1.0361605490782262,WTT
BAU,off-road,TRA_OT_CNS,n2o,kt,2050,2.8220980424,WTT
BAU,off-road,TRA_OT_AGR,n2o,kt,2050,2.23255050928,WTT
BAU,off-road,TRA_OT_RAI,n2o,kt,2050,0.55675004112,WTT
BAU,off-road,TRA_OT_OTHER,n2o,kt,2050,1.0533534563896092,WTT
Striving,off-road,TRA_OT_CNS,n2o,kt,1990,1.2311673920000001,WTT
Striving,off-road,TRA_OT_AGR,n2o,kt,1990,2.20217498592,WTT
Striving,off-road,TRA_OT_RAI,n2o,kt,1990,0.9287240580800001,WTT
Striving,off-road,TRA_OT_OTHER,n2o,kt,1990,0.5194254000771616,WTT
Striving,off-road,TRA_OT_CNS,n2o,kt,1991,1.188762757728,WTT
Striving,off-road,TRA_OT_AGR,n2o,kt,1991,2.2214094535360003,WTT
Striving,off-road,TRA_OT_RAI,n2o,kt,1991,0.8923541623360002,WTT
Striving,off-road,TRA_OT_OTHER,n2o,kt,1991,0.5105635928724008,WTT
Striving,off-road,TRA_OT_CNS,n2o,kt,1992,1.146358123456,WTT
Striving,off-road,TRA_OT_AGR,n2o,kt,1992,2.240643921152,WTT
Striving,off-road,TRA_OT_RAI,n2o,kt,1992,0.8559842665920001,WTT
Striving,off-road,TRA_OT_OTHER,n2o,kt,1992,0.5017017856676402,WTT
Striving,off-road,TRA_OT_CNS,n2o,kt,1993,1.1039534891840002,WTT
Striving,off-road,TRA_OT_AGR,n2o,kt,1993,2.259878388768,WTT
Striving,off-road,TRA_OT_RAI,n2o,kt,1993,0.8196143708480002,WTT
Striving,off-road,TRA_OT_OTHER,n2o,kt,1993,0.4928399784628794,WTT
Striving,off-road,TRA_OT_CNS,n2o,kt,1994,1.061548854912,WTT
Striving,off-road,TRA_OT_AGR,n2o,kt,1994,2.2791128563840006,WTT
Striving,off-road,TRA_OT_RAI,n2o,kt,1994,0.783244475104,WTT
Striving,off-road,TRA_OT_OTHER,n2o,kt,1994,0.48397817125811865,WTT
Striving,off-road,TRA_OT_CNS,n2o,kt,1995,1.01914422064,WTT
Striving,off-road,TRA_OT_AGR,n2o,kt,1995,2.2983473240000003,WTT
Striving,off-road,TRA_OT_RAI,n2o,kt,1995,0.74687457936,WTT
Striving,off-road,TRA_OT_OTHER,n2o,kt,1995,0.47511636405335794,WTT
Striving,off-road,TRA_OT_CNS,n2o,kt,1996,1.0375108161600002,WTT
Striving,off-road,TRA_OT_AGR,n2o,kt,1996,2.2455484076480006,WTT
Striving,off-road,TRA_OT_RAI,n2o,kt,1996,0.7631825015360001,WTT
Striving,off-road,TRA_OT_OTHER,n2o,kt,1996,0.48324052176951143,WTT
Striving,off-road,TRA_OT_CNS,n2o,kt,1997,1.05587741168,WTT
Striving,off-road,TRA_OT_AGR,n2o,kt,1997,2.192749491296,WTT
Striving,off-road,TRA_OT_RAI,n2o,kt,1997,0.7794904237120001,WTT
Striving,off-road,TRA_OT_OTHER,n2o,kt,1997,0.491364679485665,WTT
Striving,off-road,TRA_OT_CNS,n2o,kt,1998,1.0742440072000001,WTT
Striving,off-road,TRA_OT_AGR,n2o,kt,1998,2.139950574944,WTT
Striving,off-road,TRA_OT_RAI,n2o,kt,1998,0.795798345888,WTT
Striving,off-road,TRA_OT_OTHER,n2o,kt,1998,0.4994888372018184,WTT
Striving,off-road,TRA_OT_CNS,n2o,kt,1999,1.09261060272,WTT
Striving,off-road,TRA_OT_AGR,n2o,kt,1999,2.087151658592,WTT
Striving,off-road,TRA_OT_RAI,n2o,kt,1999,0.8121062680640001,WTT
Striving,off-road,TRA_OT_OTHER,n2o,kt,1999,0.5076129949179721,WTT
Striving,off-road,TRA_OT_CNS,n2o,kt,2000,1.11097719824,WTT
Striving,off-road,TRA_OT_AGR,n2o,kt,2000,2.0343527422400003,WTT
Striving,off-road,TRA_OT_RAI,n2o,kt,2000,0.8284141902400001,WTT
Striving,off-road,TRA_OT_OTHER,n2o,kt,2000,0.5157371526341255,WTT
Striving,off-road,TRA_OT_CNS,n2o,kt,2001,1.1229053937920002,WTT
Striving,off-road,TRA_OT_AGR,n2o,kt,2001,2.0861626880640003,WTT
Striving,off-road,TRA_OT_RAI,n2o,kt,2001,0.8610502176640001,WTT
Striving,off-road,TRA_OT_OTHER,n2o,kt,2001,0.5219988288360581,WTT
Striving,off-road,TRA_OT_CNS,n2o,kt,2002,1.1348335893440002,WTT
Striving,off-road,TRA_OT_AGR,n2o,kt,2002,2.1379726338880003,WTT
Striving,off-road,TRA_OT_RAI,n2o,kt,2002,0.8936862450880002,WTT
Striving,off-road,TRA_OT_OTHER,n2o,kt,2002,0.5282605050379908,WTT
Striving,off-road,TRA_OT_CNS,n2o,kt,2003,1.1467617848960001,WTT
Striving,off-road,TRA_OT_AGR,n2o,kt,2003,2.189782579712,WTT
Striving,off-road,TRA_OT_RAI,n2o,kt,2003,0.9263222725120002,WTT
Striving,off-road,TRA_OT_OTHER,n2o,kt,2003,0.5345221812399233,WTT
Striving,off-road,TRA_OT_CNS,n2o,kt,2004,1.158689980448,WTT
Striving,off-road,TRA_OT_AGR,n2o,kt,2004,2.2415925255360003,WTT
Striving,off-road,TRA_OT_RAI,n2o,kt,2004,0.9589582999360001,WTT
Striving,off-road,TRA_OT_OTHER,n2o,kt,2004,0.5407838574418562,WTT
Striving,off-road,TRA_OT_CNS,n2o,kt,2005,1.170618176,WTT
Striving,off-road,TRA_OT_AGR,n2o,kt,2005,2.2934024713600003,WTT
Striving,off-road,TRA_OT_RAI,n2o,kt,2005,0.9915943273600001,WTT
Striving,off-road,TRA_OT_OTHER,n2o,kt,2005,0.5470455336437886,WTT
Striving,off-road,TRA_OT_CNS,n2o,kt,2006,1.177520786624,WTT
Striving,off-road,TRA_OT_AGR,n2o,kt,2006,2.2929988099200003,WTT
Striving,off-road,TRA_OT_RAI,n2o,kt,2006,0.9606738610560001,WTT
Striving,off-road,TRA_OT_OTHER,n2o,kt,2006,0.5486343171577119,WTT
Striving,off-road,TRA_OT_CNS,n2o,kt,2007,1.1844233972480003,WTT
Striving,off-road,TRA_OT_AGR,n2o,kt,2007,2.2925951484800002,WTT
Striving,off-road,TRA_OT_RAI,n2o,kt,2007,0.929753394752,WTT
Striving,off-road,TRA_OT_OTHER,n2o,kt,2007,0.550223100671635,WTT
Striving,off-road,TRA_OT_CNS,n2o,kt,2008,1.191326007872,WTT
Striving,off-road,TRA_OT_AGR,n2o,kt,2008,2.29219148704,WTT
Striving,off-road,TRA_OT_RAI,n2o,kt,2008,0.8988329284480001,WTT
Striving,off-road,TRA_OT_OTHER,n2o,kt,2008,0.5518118841855584,WTT
Striving,off-road,TRA_OT_CNS,n2o,kt,2009,1.198228618496,WTT
Striving,off-road,TRA_OT_AGR,n2o,kt,2009,2.2917878256,WTT
Striving,off-road,TRA_OT_RAI,n2o,kt,2009,0.8679124621440001,WTT
Striving,off-road,TRA_OT_OTHER,n2o,kt,2009,0.5534006676994815,WTT
Striving,off-road,TRA_OT_CNS,n2o,kt,2010,1.2051312291200003,WTT
Striving,off-road,TRA_OT_AGR,n2o,kt,2010,2.29138416416,WTT
Striving,off-road,TRA_OT_RAI,n2o,kt,2010,0.8369919958400001,WTT
Striving,off-road,TRA_OT_OTHER,n2o,kt,2010,0.5549894512134047,WTT
Striving,off-road,TRA_OT_CNS,n2o,kt,2011,1.237989270336,WTT
Striving,off-road,TRA_OT_AGR,n2o,kt,2011,2.28240269712,WTT
Striving,off-road,TRA_OT_RAI,n2o,kt,2011,0.8520485675520001,WTT
Striving,off-road,TRA_OT_OTHER,n2o,kt,2011,0.5701730146689439,WTT
Striving,off-road,TRA_OT_CNS,n2o,kt,2012,1.270847311552,WTT
Striving,off-road,TRA_OT_AGR,n2o,kt,2012,2.27342123008,WTT
Striving,off-road,TRA_OT_RAI,n2o,kt,2012,0.8671051392640002,WTT
Striving,off-road,TRA_OT_OTHER,n2o,kt,2012,0.585356578124483,WTT
Striving,off-road,TRA_OT_CNS,n2o,kt,2013,1.303705352768,WTT
Striving,off-road,TRA_OT_AGR,n2o,kt,2013,2.26443976304,WTT
Striving,off-road,TRA_OT_RAI,n2o,kt,2013,0.8821617109760002,WTT
Striving,off-road,TRA_OT_OTHER,n2o,kt,2013,0.6005401415800222,WTT
Striving,off-road,TRA_OT_CNS,n2o,kt,2014,1.3365633939839998,WTT
Striving,off-road,TRA_OT_AGR,n2o,kt,2014,2.255458296,WTT
Striving,off-road,TRA_OT_RAI,n2o,kt,2014,0.8972182826880002,WTT
Striving,off-road,TRA_OT_OTHER,n2o,kt,2014,0.6157237050355614,WTT
Striving,off-road,TRA_OT_CNS,n2o,kt,2015,1.3694214351999998,WTT
Striving,off-road,TRA_OT_AGR,n2o,kt,2015,2.24647682896,WTT
Striving,off-road,TRA_OT_RAI,n2o,kt,2015,0.9122748544000001,WTT
Striving,off-road,TRA_OT_OTHER,n2o,kt,2015,0.6309072684911006,WTT
Striving,off-road,TRA_OT_CNS,n2o,kt,2016,1.618460360608,WTT
Striving,off-road,TRA_OT_AGR,n2o,kt,2016,2.2898502506880005,WTT
Striving,off-road,TRA_OT_RAI,n2o,kt,2016,0.89542198928,WTT
Striving,off-road,TRA_OT_OTHER,n2o,kt,2016,0.6318752248336169,WTT
Striving,off-road,TRA_OT_CNS,n2o,kt,2017,1.867499286016,WTT
Striving,off-road,TRA_OT_AGR,n2o,kt,2017,2.333223672416,WTT
Striving,off-road,TRA_OT_RAI,n2o,kt,2017,0.8785691241600001,WTT
Striving,off-road,TRA_OT_OTHER,n2o,kt,2017,0.6328431811761329,WTT
Striving,off-road,TRA_OT_CNS,n2o,kt,2018,2.1165382114240003,WTT
Striving,off-road,TRA_OT_AGR,n2o,kt,2018,2.376597094144,WTT
Striving,off-road,TRA_OT_RAI,n2o,kt,2018,0.8617162590400002,WTT
Striving,off-road,TRA_OT_OTHER,n2o,kt,2018,0.6338111375186493,WTT
Striving,off-road,TRA_OT_CNS,n2o,kt,2019,2.365577136832,WTT
Striving,off-road,TRA_OT_AGR,n2o,kt,2019,2.4199705158720004,WTT
Striving,off-road,TRA_OT_RAI,n2o,kt,2019,0.8448633939200001,WTT
Striving,off-road,TRA_OT_OTHER,n2o,kt,2019,0.6347790938611657,WTT
Striving,off-road,TRA_OT_CNS,n2o,kt,2020,2.61461606224,WTT
Striving,off-road,TRA_OT_AGR,n2o,kt,2020,2.4633439376,WTT
Striving,off-road,TRA_OT_RAI,n2o,kt,2020,0.8280105288000001,WTT
Striving,off-road,TRA_OT_OTHER,n2o,kt,2020,0.6357470502036817,WTT
Striving,off-road,TRA_OT_CNS,n2o,kt,2021,2.6262011455680003,WTT
Striving,off-road,TRA_OT_AGR,n2o,kt,2021,2.466795242912,WTT
Striving,off-road,TRA_OT_RAI,n2o,kt,2021,0.8190088786880001,WTT
Striving,off-road,TRA_OT_OTHER,n2o,kt,2021,0.6449893643844662,WTT
Striving,off-road,TRA_OT_CNS,n2o,kt,2022,2.6377862288959997,WTT
Striving,off-road,TRA_OT_AGR,n2o,kt,2022,2.470246548224,WTT
Striving,off-road,TRA_OT_RAI,n2o,kt,2022,0.810007228576,WTT
Striving,off-road,TRA_OT_OTHER,n2o,kt,2022,0.6542316785652506,WTT
Striving,off-road,TRA_OT_CNS,n2o,kt,2023,2.6493713122240004,WTT
Striving,off-road,TRA_OT_AGR,n2o,kt,2023,2.4736978535360006,WTT
Striving,off-road,TRA_OT_RAI,n2o,kt,2023,0.801005578464,WTT
Striving,off-road,TRA_OT_OTHER,n2o,kt,2023,0.6634739927460348,WTT
Striving,off-road,TRA_OT_CNS,n2o,kt,2024,2.6609563955519997,WTT
Striving,off-road,TRA_OT_AGR,n2o,kt,2024,2.4771491588480004,WTT
Striving,off-road,TRA_OT_RAI,n2o,kt,2024,0.7920039283520001,WTT
Striving,off-road,TRA_OT_OTHER,n2o,kt,2024,0.6727163069268192,WTT
Striving,off-road,TRA_OT_CNS,n2o,kt,2025,2.6725414788800004,WTT
Striving,off-road,TRA_OT_AGR,n2o,kt,2025,2.48060046416,WTT
Striving,off-road,TRA_OT_RAI,n2o,kt,2025,0.78300227824,WTT
Striving,off-road,TRA_OT_OTHER,n2o,kt,2025,0.6819586211076035,WTT
Striving,off-road,TRA_OT_CNS,n2o,kt,2026,2.55378186126336,WTT
Striving,off-road,TRA_OT_AGR,n2o,kt,2026,2.3736261459456003,WTT
Striving,off-road,TRA_OT_RAI,n2o,kt,2026,0.7443387781939201,WTT
Striving,off-road,TRA_OT_OTHER,n2o,kt,2026,0.6797484096217848,WTT
Striving,off-road,TRA_OT_CNS,n2o,kt,2027,2.4360104068518402,WTT
Striving,off-road,TRA_OT_AGR,n2o,kt,2027,2.2672976860352003,WTT
Striving,off-road,TRA_OT_RAI,n2o,kt,2027,0.70628722889088,WTT
Striving,off-road,TRA_OT_OTHER,n2o,kt,2027,0.6770717099344832,WTT
Striving,off-road,TRA_OT_CNS,n2o,kt,2028,2.3192271156454396,WTT
Striving,off-road,TRA_OT_AGR,n2o,kt,2028,2.1616150844288002,WTT
Striving,off-road,TRA_OT_RAI,n2o,kt,2028,0.6688476303308801,WTT
Striving,off-road,TRA_OT_OTHER,n2o,kt,2028,0.6739285220456985,WTT
Striving,off-road,TRA_OT_CNS,n2o,kt,2029,2.20343198764416,WTT
Striving,off-road,TRA_OT_AGR,n2o,kt,2029,2.0565783411264,WTT
Striving,off-road,TRA_OT_RAI,n2o,kt,2029,0.63201998251392,WTT
Striving,off-road,TRA_OT_OTHER,n2o,kt,2029,0.6703188459554312,WTT
Striving,off-road,TRA_OT_CNS,n2o,kt,2030,2.0886250228480003,WTT
Striving,off-road,TRA_OT_AGR,n2o,kt,2030,1.9521874561280002,WTT
Striving,off-road,TRA_OT_RAI,n2o,kt,2030,0.5958042854400001,WTT
Striving,off-road,TRA_OT_OTHER,n2o,kt,2030,0.6662426816636805,WTT
Striving,off-road,TRA_OT_CNS,n2o,kt,2031,2.00683433455232,WTT
Striving,off-road,TRA_OT_AGR,n2o,kt,2031,1.84680114201856,WTT
Striving,off-road,TRA_OT_RAI,n2o,kt,2031,0.5607987653632001,WTT
Striving,off-road,TRA_OT_OTHER,n2o,kt,2031,0.6632538327448196,WTT
Striving,off-road,TRA_OT_CNS,n2o,kt,2032,1.9226604291148799,WTT
Striving,off-road,TRA_OT_AGR,n2o,kt,2032,1.7422334533094406,WTT
Striving,off-road,TRA_OT_RAI,n2o,kt,2032,0.5263422248448,WTT
Striving,off-road,TRA_OT_OTHER,n2o,kt,2032,0.6597278681892773,WTT
Striving,off-road,TRA_OT_CNS,n2o,kt,2033,1.8361033065356804,WTT
Striving,off-road,TRA_OT_AGR,n2o,kt,2033,1.63848439000064,WTT
Striving,off-road,TRA_OT_RAI,n2o,kt,2033,0.49243466388480006,WTT
Striving,off-road,TRA_OT_OTHER,n2o,kt,2033,0.6556647879970531,WTT
Striving,off-road,TRA_OT_CNS,n2o,kt,2034,1.7471629668147202,WTT
Striving,off-road,TRA_OT_AGR,n2o,kt,2034,1.5355539520921604,WTT
Striving,off-road,TRA_OT_RAI,n2o,kt,2034,0.45907608248320003,WTT
Striving,off-road,TRA_OT_OTHER,n2o,kt,2034,0.6510645921681473,WTT
Striving,off-road,TRA_OT_CNS,n2o,kt,2035,1.6558394099520004,WTT
Striving,off-road,TRA_OT_AGR,n2o,kt,2035,1.4334421395840005,WTT
Striving,off-road,TRA_OT_RAI,n2o,kt,2035,0.42626648064,WTT
Striving,off-road,TRA_OT_OTHER,n2o,kt,2035,0.6459272807025596,WTT
Striving,off-road,TRA_OT_CNS,n2o,kt,2036,1.5608215435904,WTT
Striving,off-road,TRA_OT_AGR,n2o,kt,2036,1.3327931961344002,WTT
Striving,off-road,TRA_OT_RAI,n2o,kt,2036,0.3932259844531201,WTT
Striving,off-road,TRA_OT_OTHER,n2o,kt,2036,0.6418071244639317,WTT
Striving,off-road,TRA_OT_CNS,n2o,kt,2037,1.4636077589952003,WTT
Striving,off-road,TRA_OT_AGR,n2o,kt,2037,1.2328708432768003,WTT
Striving,off-road,TRA_OT_RAI,n2o,kt,2037,0.36084587838208015,WTT
Striving,off-road,TRA_OT_OTHER,n2o,kt,2037,0.6370701463904868,WTT
Striving,off-road,TRA_OT_CNS,n2o,kt,2038,1.3641980561664,WTT
Striving,off-road,TRA_OT_AGR,n2o,kt,2038,1.1336750810112,WTT
Striving,off-road,TRA_OT_RAI,n2o,kt,2038,0.32912616242688003,WTT
Striving,off-road,TRA_OT_OTHER,n2o,kt,2038,0.6317163464822245,WTT
Striving,off-road,TRA_OT_CNS,n2o,kt,2039,1.262592435104,WTT
Striving,off-road,TRA_OT_AGR,n2o,kt,2039,1.0352059093376,WTT
Striving,off-road,TRA_OT_RAI,n2o,kt,2039,0.29806683658752,WTT
Striving,off-road,TRA_OT_OTHER,n2o,kt,2039,0.625745724739145,WTT
Striving,off-road,TRA_OT_CNS,n2o,kt,2040,1.158790895808,WTT
Striving,off-road,TRA_OT_AGR,n2o,kt,2040,0.937463328256,WTT
Striving,off-road,TRA_OT_RAI,n2o,kt,2040,0.267667900864,WTT
Striving,off-road,TRA_OT_OTHER,n2o,kt,2040,0.6191582811612484,WTT
Striving,off-road,TRA_OT_CNS,n2o,kt,2041,1.0413060410188801,WTT
Striving,off-road,TRA_OT_AGR,n2o,kt,2041,0.84202403935104,WTT
Striving,off-road,TRA_OT_RAI,n2o,kt,2041,0.23721729647616002,WTT
Striving,off-road,TRA_OT_OTHER,n2o,kt,2041,0.6127393287425593,WTT
Striving,off-road,TRA_OT_CNS,n2o,kt,2042,0.9241780229427199,WTT
Striving,off-road,TRA_OT_AGR,n2o,kt,2042,0.7469609629081599,WTT
Striving,off-road,TRA_OT_RAI,n2o,kt,2042,0.20758531748863995,WTT
Striving,off-road,TRA_OT_OTHER,n2o,kt,2042,0.6056573596070516,WTT
Striving,off-road,TRA_OT_CNS,n2o,kt,2043,0.8074068415795201,WTT
Striving,off-road,TRA_OT_AGR,n2o,kt,2043,0.6522740989273601,WTT
Striving,off-road,TRA_OT_RAI,n2o,kt,2043,0.17877196390144004,WTT
Striving,off-road,TRA_OT_OTHER,n2o,kt,2043,0.5979123737547251,WTT
Striving,off-road,TRA_OT_CNS,n2o,kt,2044,0.6909924969292801,WTT
Striving,off-road,TRA_OT_AGR,n2o,kt,2044,0.55796344740864,WTT
Striving,off-road,TRA_OT_RAI,n2o,kt,2044,0.15077723571456,WTT
Striving,off-road,TRA_OT_OTHER,n2o,kt,2044,0.5895043711855799,WTT
Striving,off-road,TRA_OT_CNS,n2o,kt,2045,0.5749349889919999,WTT
Striving,off-road,TRA_OT_AGR,n2o,kt,2045,0.46402900835199995,WTT
Striving,off-road,TRA_OT_RAI,n2o,kt,2045,0.12360113292799998,WTT
Striving,off-road,TRA_OT_OTHER,n2o,kt,2045,0.5804333518996159,WTT
Striving,off-road,TRA_OT_CNS,n2o,kt,2046,0.4582655303116798,WTT
Striving,off-road,TRA_OT_AGR,n2o,kt,2046,0.36842018164223983,WTT
Striving,off-road,TRA_OT_RAI,n2o,kt,2046,0.09692072638975995,WTT
Striving,off-road,TRA_OT_OTHER,n2o,kt,2046,0.5710574597435643,WTT
Striving,off-road,TRA_OT_CNS,n2o,kt,2047,0.34243730207232,WTT
Striving,off-road,TRA_OT_AGR,n2o,kt,2047,0.27421286745215995,WTT
Striving,off-road,TRA_OT_RAI,n2o,kt,2047,0.07122040982784,WTT
Striving,off-road,TRA_OT_OTHER,n2o,kt,2047,0.5609938512950575,WTT
Striving,off-road,TRA_OT_CNS,n2o,kt,2048,0.2274503042739199,WTT
Striving,off-road,TRA_OT_AGR,n2o,kt,2048,0.1814070657817599,WTT
Striving,off-road,TRA_OT_RAI,n2o,kt,2048,0.046500183242239986,WTT
Striving,off-road,TRA_OT_OTHER,n2o,kt,2048,0.5502425265540952,WTT
Striving,off-road,TRA_OT_CNS,n2o,kt,2049,0.1133045369164798,WTT
Striving,off-road,TRA_OT_AGR,n2o,kt,2049,0.09000277663103984,WTT
Striving,off-road,TRA_OT_RAI,n2o,kt,2049,0.02276004663295996,WTT
Striving,off-road,TRA_OT_OTHER,n2o,kt,2049,0.5388034855206776,WTT
Striving,off-road,TRA_OT_CNS,n2o,kt,2050,0.0,WTT
Striving,off-road,TRA_OT_AGR,n2o,kt,2050,0.0,WTT
Striving,off-road,TRA_OT_RAI,n2o,kt,2050,0.0,WTT
Striving,off-road,TRA_OT_OTHER,n2o,kt,2050,0.5266767281948046,WTT
BAU,off-road,TRA_OT_CNS,bc,kt,1990,0.877962813,WTT
BAU,off-road,TRA_OT_AGR,bc,kt,1990,1.5704020086300001,WTT
BAU,off-road,TRA_OT_RAI,bc,kt,1990,0.662286210495,WTT
BAU,off-road,TRA_OT_OTHER,bc,kt,1990,0.3704095709151102,WTT
BAU,off-road,TRA_OT_CNS,bc,kt,1991,0.8477234708670002,WTT
BAU,off-road,TRA_OT_AGR,bc,kt,1991,1.5841183784790003,WTT
BAU,off-road,TRA_OT_RAI,bc,kt,1991,0.636350325429,WTT
BAU,off-road,TRA_OT_OTHER,bc,kt,1991,0.3640900913444919,WTT
BAU,off-road,TRA_OT_CNS,bc,kt,1992,0.8174841287340001,WTT
BAU,off-road,TRA_OT_AGR,bc,kt,1992,1.5978347483280002,WTT
BAU,off-road,TRA_OT_RAI,bc,kt,1992,0.6104144403630001,WTT
BAU,off-road,TRA_OT_OTHER,bc,kt,1992,0.3577706117738736,WTT
BAU,off-road,TRA_OT_CNS,bc,kt,1993,0.7872447866010002,WTT
BAU,off-road,TRA_OT_AGR,bc,kt,1993,1.6115511181770001,WTT
BAU,off-road,TRA_OT_RAI,bc,kt,1993,0.5844785552970001,WTT
BAU,off-road,TRA_OT_OTHER,bc,kt,1993,0.35145113220325525,WTT
BAU,off-road,TRA_OT_CNS,bc,kt,1994,0.7570054444680001,WTT
BAU,off-road,TRA_OT_AGR,bc,kt,1994,1.625267488026,WTT
BAU,off-road,TRA_OT_RAI,bc,kt,1994,0.5585426702310001,WTT
BAU,off-road,TRA_OT_OTHER,bc,kt,1994,0.345131652632637,WTT
BAU,off-road,TRA_OT_CNS,bc,kt,1995,0.726766102335,WTT
BAU,off-road,TRA_OT_AGR,bc,kt,1995,1.638983857875,WTT
BAU,off-road,TRA_OT_RAI,bc,kt,1995,0.532606785165,WTT
BAU,off-road,TRA_OT_OTHER,bc,kt,1995,0.3388121730620187,WTT
BAU,off-road,TRA_OT_CNS,bc,kt,1996,0.7398635803650001,WTT
BAU,off-road,TRA_OT_AGR,bc,kt,1996,1.6013322067470004,WTT
BAU,off-road,TRA_OT_RAI,bc,kt,1996,0.5442361942290002,WTT
BAU,off-road,TRA_OT_OTHER,bc,kt,1996,0.34460562438965897,WTT
BAU,off-road,TRA_OT_CNS,bc,kt,1997,0.7529610583950002,WTT
BAU,off-road,TRA_OT_AGR,bc,kt,1997,1.5636805556190003,WTT
BAU,off-road,TRA_OT_RAI,bc,kt,1997,0.555865603293,WTT
BAU,off-road,TRA_OT_OTHER,bc,kt,1997,0.3503990757172992,WTT
BAU,off-road,TRA_OT_CNS,bc,kt,1998,0.7660585364250001,WTT
BAU,off-road,TRA_OT_AGR,bc,kt,1998,1.5260289044910003,WTT
BAU,off-road,TRA_OT_RAI,bc,kt,1998,0.5674950123570001,WTT
BAU,off-road,TRA_OT_OTHER,bc,kt,1998,0.3561925270449395,WTT
BAU,off-road,TRA_OT_CNS,bc,kt,1999,0.779156014455,WTT
BAU,off-road,TRA_OT_AGR,bc,kt,1999,1.4883772533630002,WTT
BAU,off-road,TRA_OT_RAI,bc,kt,1999,0.5791244214210001,WTT
BAU,off-road,TRA_OT_OTHER,bc,kt,1999,0.3619859783725798,WTT
BAU,off-road,TRA_OT_CNS,bc,kt,2000,0.7922534924850001,WTT
BAU,off-road,TRA_OT_AGR,bc,kt,2000,1.4507256022350001,WTT
BAU,off-road,TRA_OT_RAI,bc,kt,2000,0.5907538304850001,WTT
BAU,off-road,TRA_OT_OTHER,bc,kt,2000,0.36777942970022,WTT
BAU,off-road,TRA_OT_CNS,bc,kt,2001,0.8007596567880002,WTT
BAU,off-road,TRA_OT_AGR,bc,kt,2001,1.4876720045460001,WTT
BAU,off-road,TRA_OT_RAI,bc,kt,2001,0.6140270414460001,WTT
BAU,off-road,TRA_OT_OTHER,bc,kt,2001,0.3722447192197981,WTT
BAU,off-road,TRA_OT_CNS,bc,kt,2002,0.8092658210910001,WTT
BAU,off-road,TRA_OT_AGR,bc,kt,2002,1.5246184068570001,WTT
BAU,off-road,TRA_OT_RAI,bc,kt,2002,0.6373002524070001,WTT
BAU,off-road,TRA_OT_OTHER,bc,kt,2002,0.37671000873937627,WTT
BAU,off-road,TRA_OT_CNS,bc,kt,2003,0.8177719853940001,WTT
BAU,off-road,TRA_OT_AGR,bc,kt,2003,1.5615648091680001,WTT
BAU,off-road,TRA_OT_RAI,bc,kt,2003,0.660573463368,WTT
BAU,off-road,TRA_OT_OTHER,bc,kt,2003,0.38117529825895435,WTT
BAU,off-road,TRA_OT_CNS,bc,kt,2004,0.8262781496970001,WTT
BAU,off-road,TRA_OT_AGR,bc,kt,2004,1.598511211479,WTT
BAU,off-road,TRA_OT_RAI,bc,kt,2004,0.6838466743290001,WTT
BAU,off-road,TRA_OT_OTHER,bc,kt,2004,0.38564058777853255,WTT
BAU,off-road,TRA_OT_CNS,bc,kt,2005,0.8347843140000001,WTT
BAU,off-road,TRA_OT_AGR,bc,kt,2005,1.6354576137900003,WTT
BAU,off-road,TRA_OT_RAI,bc,kt,2005,0.7071198852900001,WTT
BAU,off-road,TRA_OT_OTHER,bc,kt,2005,0.3901058772981106,WTT
BAU,off-road,TRA_OT_CNS,bc,kt,2006,0.839706662886,WTT
BAU,off-road,TRA_OT_AGR,bc,kt,2006,1.6351697571300001,WTT
BAU,off-road,TRA_OT_RAI,bc,kt,2006,0.6850700651340002,WTT
BAU,off-road,TRA_OT_OTHER,bc,kt,2006,0.39123886120606327,WTT
BAU,off-road,TRA_OT_CNS,bc,kt,2007,0.8446290117720001,WTT
BAU,off-road,TRA_OT_AGR,bc,kt,2007,1.6348819004700001,WTT
BAU,off-road,TRA_OT_RAI,bc,kt,2007,0.663020244978,WTT
BAU,off-road,TRA_OT_OTHER,bc,kt,2007,0.39237184511401596,WTT
BAU,off-road,TRA_OT_CNS,bc,kt,2008,0.8495513606580002,WTT
BAU,off-road,TRA_OT_AGR,bc,kt,2008,1.6345940438100002,WTT
BAU,off-road,TRA_OT_RAI,bc,kt,2008,0.6409704248220001,WTT
BAU,off-road,TRA_OT_OTHER,bc,kt,2008,0.39350482902196865,WTT
BAU,off-road,TRA_OT_CNS,bc,kt,2009,0.854473709544,WTT
BAU,off-road,TRA_OT_AGR,bc,kt,2009,1.6343061871500002,WTT
BAU,off-road,TRA_OT_RAI,bc,kt,2009,0.6189206046660001,WTT
BAU,off-road,TRA_OT_OTHER,bc,kt,2009,0.39463781292992123,WTT
BAU,off-road,TRA_OT_CNS,bc,kt,2010,0.8593960584300001,WTT
BAU,off-road,TRA_OT_AGR,bc,kt,2010,1.63401833049,WTT
BAU,off-road,TRA_OT_RAI,bc,kt,2010,0.59687078451,WTT
BAU,off-road,TRA_OT_OTHER,bc,kt,2010,0.3957707968378739,WTT
BAU,off-road,TRA_OT_CNS,bc,kt,2011,0.8828275905540001,WTT
BAU,off-road,TRA_OT_AGR,bc,kt,2011,1.6276135198050001,WTT
BAU,off-road,TRA_OT_RAI,bc,kt,2011,0.6076078379280001,WTT
BAU,off-road,TRA_OT_OTHER,bc,kt,2011,0.4065984098573627,WTT
BAU,off-road,TRA_OT_CNS,bc,kt,2012,0.9062591226780001,WTT
BAU,off-road,TRA_OT_AGR,bc,kt,2012,1.6212087091200003,WTT
BAU,off-road,TRA_OT_RAI,bc,kt,2012,0.6183448913460001,WTT
BAU,off-road,TRA_OT_OTHER,bc,kt,2012,0.4174260228768513,WTT
BAU,off-road,TRA_OT_CNS,bc,kt,2013,0.929690654802,WTT
BAU,off-road,TRA_OT_AGR,bc,kt,2013,1.6148038984350004,WTT
BAU,off-road,TRA_OT_RAI,bc,kt,2013,0.6290819447640001,WTT
BAU,off-road,TRA_OT_OTHER,bc,kt,2013,0.4282536358963401,WTT
BAU,off-road,TRA_OT_CNS,bc,kt,2014,0.9531221869259999,WTT
BAU,off-road,TRA_OT_AGR,bc,kt,2014,1.60839908775,WTT
BAU,off-road,TRA_OT_RAI,bc,kt,2014,0.639818998182,WTT
BAU,off-road,TRA_OT_OTHER,bc,kt,2014,0.4390812489158288,WTT
BAU,off-road,TRA_OT_CNS,bc,kt,2015,0.97655371905,WTT
BAU,off-road,TRA_OT_AGR,bc,kt,2015,1.6019942770650002,WTT
BAU,off-road,TRA_OT_RAI,bc,kt,2015,0.6505560516000002,WTT
BAU,off-road,TRA_OT_OTHER,bc,kt,2015,0.4499088619353175,WTT
BAU,off-road,TRA_OT_CNS,bc,kt,2016,1.154146885437,WTT
BAU,off-road,TRA_OT_AGR,bc,kt,2016,1.6329244751820002,WTT
BAU,off-road,TRA_OT_RAI,bc,kt,2016,0.6385380360450001,WTT
BAU,off-road,TRA_OT_OTHER,bc,kt,2016,0.4505991252405829,WTT
BAU,off-road,TRA_OT_CNS,bc,kt,2017,1.331740051824,WTT
BAU,off-road,TRA_OT_AGR,bc,kt,2017,1.663854673299,WTT
BAU,off-road,TRA_OT_RAI,bc,kt,2017,0.62652002049,WTT
BAU,off-road,TRA_OT_OTHER,bc,kt,2017,0.45128938854584805,WTT
BAU,off-road,TRA_OT_CNS,bc,kt,2018,1.5093332182110002,WTT
BAU,off-road,TRA_OT_AGR,bc,kt,2018,1.6947848714160003,WTT
BAU,off-road,TRA_OT_RAI,bc,kt,2018,0.6145020049350001,WTT
BAU,off-road,TRA_OT_OTHER,bc,kt,2018,0.45197965185111333,WTT
BAU,off-road,TRA_OT_CNS,bc,kt,2019,1.6869263845979998,WTT
BAU,off-road,TRA_OT_AGR,bc,kt,2019,1.7257150695330001,WTT
BAU,off-road,TRA_OT_RAI,bc,kt,2019,0.60248398938,WTT
BAU,off-road,TRA_OT_OTHER,bc,kt,2019,0.4526699151563787,WTT
BAU,off-road,TRA_OT_CNS,bc,kt,2020,1.864519550985,WTT
BAU,off-road,TRA_OT_AGR,bc,kt,2020,1.7566452676500002,WTT
BAU,off-road,TRA_OT_RAI,bc,kt,2020,0.5904659738250001,WTT
BAU,off-road,TRA_OT_OTHER,bc,kt,2020,0.4533601784616439,WTT
BAU,off-road,TRA_OT_CNS,bc,kt,2021,1.8727810371270002,WTT
BAU,off-road,TRA_OT_AGR,bc,kt,2021,1.7591064420930003,WTT
BAU,off-road,TRA_OT_RAI,bc,kt,2021,0.584046770307,WTT
BAU,off-road,TRA_OT_OTHER,bc,kt,2021,0.4599510029177803,WTT
BAU,off-road,TRA_OT_CNS,bc,kt,2022,1.881042523269,WTT
BAU,off-road,TRA_OT_AGR,bc,kt,2022,1.7615676165360001,WTT
BAU,off-road,TRA_OT_RAI,bc,kt,2022,0.5776275667890001,WTT
BAU,off-road,TRA_OT_OTHER,bc,kt,2022,0.4665418273739167,WTT
BAU,off-road,TRA_OT_CNS,bc,kt,2023,1.889304009411,WTT
BAU,off-road,TRA_OT_AGR,bc,kt,2023,1.7640287909790002,WTT
BAU,off-road,TRA_OT_RAI,bc,kt,2023,0.5712083632710001,WTT
BAU,off-road,TRA_OT_OTHER,bc,kt,2023,0.47313265183005293,WTT
BAU,off-road,TRA_OT_CNS,bc,kt,2024,1.897565495553,WTT
BAU,off-road,TRA_OT_AGR,bc,kt,2024,1.7664899654220003,WTT
BAU,off-road,TRA_OT_RAI,bc,kt,2024,0.564789159753,WTT
BAU,off-road,TRA_OT_OTHER,bc,kt,2024,0.4797234762861893,WTT
BAU,off-road,TRA_OT_CNS,bc,kt,2025,1.9058269816950002,WTT
BAU,off-road,TRA_OT_AGR,bc,kt,2025,1.7689511398650002,WTT
BAU,off-road,TRA_OT_RAI,bc,kt,2025,0.5583699562350001,WTT
BAU,off-road,TRA_OT_OTHER,bc,kt,2025,0.4863143007423257,WTT
BAU,off-road,TRA_OT_CNS,bc,kt,2026,1.8970185678990004,WTT
BAU,off-road,TRA_OT_AGR,bc,kt,2026,1.7631940066650003,WTT
BAU,off-road,TRA_OT_RAI,bc,kt,2026,0.5529150725280001,WTT
BAU,off-road,TRA_OT_OTHER,bc,kt,2026,0.49463078346162526,WTT
BAU,off-road,TRA_OT_CNS,bc,kt,2027,1.8882101541030003,WTT
BAU,off-road,TRA_OT_AGR,bc,kt,2027,1.7574368734650003,WTT
BAU,off-road,TRA_OT_RAI,bc,kt,2027,0.547460188821,WTT
BAU,off-road,TRA_OT_OTHER,bc,kt,2027,0.5029472661809248,WTT
BAU,off-road,TRA_OT_CNS,bc,kt,2028,1.879401740307,WTT
BAU,off-road,TRA_OT_AGR,bc,kt,2028,1.7516797402650002,WTT
BAU,off-road,TRA_OT_RAI,bc,kt,2028,0.5420053051140001,WTT
BAU,off-road,TRA_OT_OTHER,bc,kt,2028,0.5112637489002243,WTT
BAU,off-road,TRA_OT_CNS,bc,kt,2029,1.870593326511,WTT
BAU,off-road,TRA_OT_AGR,bc,kt,2029,1.7459226070650002,WTT
BAU,off-road,TRA_OT_RAI,bc,kt,2029,0.5365504214069999,WTT
BAU,off-road,TRA_OT_OTHER,bc,kt,2029,0.5195802316195239,WTT
BAU,off-road,TRA_OT_CNS,bc,kt,2030,1.8617849127150004,WTT
BAU,off-road,TRA_OT_AGR,bc,kt,2030,1.740165473865,WTT
BAU,off-road,TRA_OT_RAI,bc,kt,2030,0.5310955377000001,WTT
BAU,off-road,TRA_OT_OTHER,bc,kt,2030,0.5278967143388235,WTT
BAU,off-road,TRA_OT_CNS,bc,kt,2031,1.8830287342229999,WTT
BAU,off-road,TRA_OT_AGR,bc,kt,2031,1.7328683075340003,WTT
BAU,off-road,TRA_OT_RAI,bc,kt,2031,0.5262019744800001,WTT
BAU,off-road,TRA_OT_OTHER,bc,kt,2031,0.5374723325356586,WTT
BAU,off-road,TRA_OT_CNS,bc,kt,2032,1.9042725557309998,WTT
BAU,off-road,TRA_OT_AGR,bc,kt,2032,1.7255711412030001,WTT
BAU,off-road,TRA_OT_RAI,bc,kt,2032,0.52130841126,WTT
BAU,off-road,TRA_OT_OTHER,bc,kt,2032,0.5470479507324937,WTT
BAU,off-road,TRA_OT_CNS,bc,kt,2033,1.9255163772390005,WTT
BAU,off-road,TRA_OT_AGR,bc,kt,2033,1.7182739748720004,WTT
BAU,off-road,TRA_OT_RAI,bc,kt,2033,0.51641484804,WTT
BAU,off-road,TRA_OT_OTHER,bc,kt,2033,0.5566235689293288,WTT
BAU,off-road,TRA_OT_CNS,bc,kt,2034,1.9467601987470007,WTT
BAU,off-road,TRA_OT_AGR,bc,kt,2034,1.7109768085410002,WTT
BAU,off-road,TRA_OT_RAI,bc,kt,2034,0.51152128482,WTT
BAU,off-road,TRA_OT_OTHER,bc,kt,2034,0.5661991871261641,WTT
BAU,off-road,TRA_OT_CNS,bc,kt,2035,1.9680040202550004,WTT
BAU,off-road,TRA_OT_AGR,bc,kt,2035,1.7036796422100002,WTT
BAU,off-road,TRA_OT_RAI,bc,kt,2035,0.5066277216000001,WTT
BAU,off-road,TRA_OT_OTHER,bc,kt,2035,0.5757748053229993,WTT
BAU,off-road,TRA_OT_CNS,bc,kt,2036,1.9875782731350005,WTT
BAU,off-road,TRA_OT_AGR,bc,kt,2036,1.6972028673600001,WTT
BAU,off-road,TRA_OT_RAI,bc,kt,2036,0.5007410529030002,WTT
BAU,off-road,TRA_OT_OTHER,bc,kt,2036,0.5867714138413632,WTT
BAU,off-road,TRA_OT_CNS,bc,kt,2037,2.0071525260150005,WTT
BAU,off-road,TRA_OT_AGR,bc,kt,2037,1.69072609251,WTT
BAU,off-road,TRA_OT_RAI,bc,kt,2037,0.49485438420600014,WTT
BAU,off-road,TRA_OT_OTHER,bc,kt,2037,0.5977680223597273,WTT
BAU,off-road,TRA_OT_CNS,bc,kt,2038,2.0267267788950005,WTT
BAU,off-road,TRA_OT_AGR,bc,kt,2038,1.6842493176600002,WTT
BAU,off-road,TRA_OT_RAI,bc,kt,2038,0.48896771550900003,WTT
BAU,off-road,TRA_OT_OTHER,bc,kt,2038,0.6087646308780913,WTT
BAU,off-road,TRA_OT_CNS,bc,kt,2039,2.0463010317750006,WTT
BAU,off-road,TRA_OT_AGR,bc,kt,2039,1.6777725428100003,WTT
BAU,off-road,TRA_OT_RAI,bc,kt,2039,0.4830810468120001,WTT
BAU,off-road,TRA_OT_OTHER,bc,kt,2039,0.6197612393964553,WTT
BAU,off-road,TRA_OT_CNS,bc,kt,2040,2.065875284655,WTT
BAU,off-road,TRA_OT_AGR,bc,kt,2040,1.6712957679600002,WTT
BAU,off-road,TRA_OT_RAI,bc,kt,2040,0.47719437811500004,WTT
BAU,off-road,TRA_OT_OTHER,bc,kt,2040,0.6307578479148193,WTT
BAU,off-road,TRA_OT_CNS,bc,kt,2041,2.0626944685620003,WTT
BAU,off-road,TRA_OT_AGR,bc,kt,2041,1.6679422378710003,WTT
BAU,off-road,TRA_OT_RAI,bc,kt,2041,0.4698972117840001,WTT
BAU,off-road,TRA_OT_OTHER,bc,kt,2041,0.6425780119629136,WTT
BAU,off-road,TRA_OT_CNS,bc,kt,2042,2.059513652469,WTT
BAU,off-road,TRA_OT_AGR,bc,kt,2042,1.664588707782,WTT
BAU,off-road,TRA_OT_RAI,bc,kt,2042,0.46260004545300004,WTT
BAU,off-road,TRA_OT_OTHER,bc,kt,2042,0.6543981760110079,WTT
BAU,off-road,TRA_OT_CNS,bc,kt,2043,2.0563328363760007,WTT
BAU,off-road,TRA_OT_AGR,bc,kt,2043,1.661235177693,WTT
BAU,off-road,TRA_OT_RAI,bc,kt,2043,0.45530287912200007,WTT
BAU,off-road,TRA_OT_OTHER,bc,kt,2043,0.6662183400591022,WTT
BAU,off-road,TRA_OT_CNS,bc,kt,2044,2.0531520202830005,WTT
BAU,off-road,TRA_OT_AGR,bc,kt,2044,1.6578816476040001,WTT
BAU,off-road,TRA_OT_RAI,bc,kt,2044,0.44800571279100004,WTT
BAU,off-road,TRA_OT_OTHER,bc,kt,2044,0.6780385041071965,WTT
BAU,off-road,TRA_OT_CNS,bc,kt,2045,2.0499712041900002,WTT
BAU,off-road,TRA_OT_AGR,bc,kt,2045,1.6545281175150002,WTT
BAU,off-road,TRA_OT_RAI,bc,kt,2045,0.4407085464600001,WTT
BAU,off-road,TRA_OT_OTHER,bc,kt,2045,0.6898586681552908,WTT
BAU,off-road,TRA_OT_CNS,bc,kt,2046,2.0424725381970004,WTT
BAU,off-road,TRA_OT_AGR,bc,kt,2046,1.6420351384710004,WTT
BAU,off-road,TRA_OT_RAI,bc,kt,2046,0.43197209682900006,WTT
BAU,off-road,TRA_OT_OTHER,bc,kt,2046,0.7021191725877786,WTT
BAU,off-road,TRA_OT_CNS,bc,kt,2047,2.0349738722040005,WTT
BAU,off-road,TRA_OT_AGR,bc,kt,2047,1.629542159427,WTT
BAU,off-road,TRA_OT_RAI,bc,kt,2047,0.42323564719800005,WTT
BAU,off-road,TRA_OT_OTHER,bc,kt,2047,0.7143796770202664,WTT
BAU,off-road,TRA_OT_CNS,bc,kt,2048,2.027475206211,WTT
BAU,off-road,TRA_OT_AGR,bc,kt,2048,1.6170491803830003,WTT
BAU,off-road,TRA_OT_RAI,bc,kt,2048,0.41449919756700004,WTT
BAU,off-road,TRA_OT_OTHER,bc,kt,2048,0.7266401814527538,WTT
BAU,off-road,TRA_OT_CNS,bc,kt,2049,2.0199765402180003,WTT
BAU,off-road,TRA_OT_AGR,bc,kt,2049,1.604556201339,WTT
BAU,off-road,TRA_OT_RAI,bc,kt,2049,0.4057627479360001,WTT
BAU,off-road,TRA_OT_OTHER,bc,kt,2049,0.7389006858852416,WTT
BAU,off-road,TRA_OT_CNS,bc,kt,2050,2.012477874225,WTT
BAU,off-road,TRA_OT_AGR,bc,kt,2050,1.5920632222950002,WTT
BAU,off-road,TRA_OT_RAI,bc,kt,2050,0.397026298305,WTT
BAU,off-road,TRA_OT_OTHER,bc,kt,2050,0.7511611903177292,WTT
Striving,off-road,TRA_OT_CNS,bc,kt,1990,0.877962813,WTT
Striving,off-road,TRA_OT_AGR,bc,kt,1990,1.5704020086300001,WTT
Striving,off-road,TRA_OT_RAI,bc,kt,1990,0.662286210495,WTT
Striving,off-road,TRA_OT_OTHER,bc,kt,1990,0.3704095709151102,WTT
Striving,off-road,TRA_OT_CNS,bc,kt,1991,0.8477234708670002,WTT
Striving,off-road,TRA_OT_AGR,bc,kt,1991,1.5841183784790003,WTT
Striving,off-road,TRA_OT_RAI,bc,kt,1991,0.636350325429,WTT
Striving,off-road,TRA_OT_OTHER,bc,kt,1991,0.3640900913444919,WTT
Striving,off-road,TRA_OT_CNS,bc,kt,1992,0.8174841287340001,WTT
Striving,off-road,TRA_OT_AGR,bc,kt,1992,1.5978347483280002,WTT
Striving,off-road,TRA_OT_RAI,bc,kt,1992,0.6104144403630001,WTT
Striving,off-road,TRA_OT_OTHER,bc,kt,1992,0.3577706117738736,WTT
Striving,off-road,TRA_OT_CNS,bc,kt,1993,0.7872447866010002,WTT
Striving,off-road,TRA_OT_AGR,bc,kt,1993,1.6115511181770001,WTT
Striving,off-road,TRA_OT_RAI,bc,kt,1993,0.5844785552970001,WTT
Striving,off-road,TRA_OT_OTHER,bc,kt,1993,0.35145113220325525,WTT
Striving,off-road,TRA_OT_CNS,bc,kt,1994,0.7570054444680001,WTT
Striving,off-road,TRA_OT_AGR,bc,kt,1994,1.625267488026,WTT
Striving,off-road,TRA_OT_RAI,bc,kt,1994,0.5585426702310001,WTT
Striving,off-road,TRA_OT_OTHER,bc,kt,1994,0.345131652632637,WTT
Striving,off-road,TRA_OT_CNS,bc,kt,1995,0.726766102335,WTT
Striving,off-road,TRA_OT_AGR,bc,kt,1995,1.638983857875,WTT
Striving,off-road,TRA_OT_RAI,bc,kt,1995,0.532606785165,WTT
Striving,off-road,TRA_OT_OTHER,bc,kt,1995,0.3388121730620187,WTT
Striving,off-road,TRA_OT_CNS,bc,kt,1996,0.7398635803650001,WTT
Striving,off-road,TRA_OT_AGR,bc,kt,1996,1.6013322067470004,WTT
Striving,off-road,TRA_OT_RAI,bc,kt,1996,0.5442361942290002,WTT
Striving,off-road,TRA_OT_OTHER,bc,kt,1996,0.34460562438965897,WTT
Striving,off-road,TRA_OT_CNS,bc,kt,1997,0.7529610583950002,WTT
Striving,off-road,TRA_OT_AGR,bc,kt,1997,1.5636805556190003,WTT
Striving,off-road,TRA_OT_RAI,bc,kt,1997,0.555865603293,WTT
Striving,off-road,TRA_OT_OTHER,bc,kt,1997,0.3503990757172992,WTT
Striving,off-road,TRA_OT_CNS,bc,kt,1998,0.7660585364250001,WTT
Striving,off-road,TRA_OT_AGR,bc,kt,1998,1.5260289044910003,WTT
Striving,off-road,TRA_OT_RAI,bc,kt,1998,0.5674950123570001,WTT
Striving,off-road,TRA_OT_OTHER,bc,kt,1998,0.3561925270449395,WTT
Striving,off-road,TRA_OT_CNS,bc,kt,1999,0.779156014455,WTT
Striving,off-road,TRA_OT_AGR,bc,kt,1999,1.4883772533630002,WTT
Striving,off-road,TRA_OT_RAI,bc,kt,1999,0.5791244214210001,WTT
Striving,off-road,TRA_OT_OTHER,bc,kt,1999,0.3619859783725798,WTT
Striving,off-road,TRA_OT_CNS,bc,kt,2000,0.7922534924850001,WTT
Striving,off-road,TRA_OT_AGR,bc,kt,2000,1.4507256022350001,WTT
Striving,off-road,TRA_OT_RAI,bc,kt,2000,0.5907538304850001,WTT
Striving,off-road,TRA_OT_OTHER,bc,kt,2000,0.36777942970022,WTT
Striving,off-road,TRA_OT_CNS,bc,kt,2001,0.8007596567880002,WTT
Striving,off-road,TRA_OT_AGR,bc,kt,2001,1.4876720045460001,WTT
Striving,off-road,TRA_OT_RAI,bc,kt,2001,0.6140270414460001,WTT
Striving,off-road,TRA_OT_OTHER,bc,kt,2001,0.3722447192197981,WTT
Striving,off-road,TRA_OT_CNS,bc,kt,2002,0.8092658210910001,WTT
Striving,off-road,TRA_OT_AGR,bc,kt,2002,1.5246184068570001,WTT
Striving,off-road,TRA_OT_RAI,bc,kt,2002,0.6373002524070001,WTT
Striving,off-road,TRA_OT_OTHER,bc,kt,2002,0.37671000873937627,WTT
Striving,off-road,TRA_OT_CNS,bc,kt,2003,0.8177719853940001,WTT
Striving,off-road,TRA_OT_AGR,bc,kt,2003,1.5615648091680001,WTT
Striving,off-road,TRA_OT_RAI,bc,kt,2003,0.660573463368,WTT
Striving,off-road,TRA_OT_OTHER,bc,kt,2003,0.38117529825895435,WTT
Striving,off-road,TRA_OT_CNS,bc,kt,2004,0.8262781496970001,WTT
Striving,off-road,TRA_OT_AGR,bc,kt,2004,1.598511211479,WTT
Striving,off-road,TRA_OT_RAI,bc,kt,2004,0.6838466743290001,WTT
Striving,off-road,TRA_OT_OTHER,bc,kt,2004,0.38564058777853255,WTT
Striving,off-road,TRA_OT_CNS,bc,kt,2005,0.8347843140000001,WTT
Striving,off-road,TRA_OT_AGR,bc,kt,2005,1.6354576137900003,WTT
Striving,off-road,TRA_OT_RAI,bc,kt,2005,0.7071198852900001,WTT
Striving,off-road,TRA_OT_OTHER,bc,kt,2005,0.3901058772981106,WTT
Striving,off-road,TRA_OT_CNS,bc,kt,2006,0.839706662886,WTT
Striving,off-road,TRA_OT_AGR,bc,kt,2006,1.6351697571300001,WTT
Striving,off-road,TRA_OT_RAI,bc,kt,2006,0.6850700651340002,WTT
Striving,off-road,TRA_OT_OTHER,bc,kt,2006,0.39123886120606327,WTT
Striving,off-road,TRA_OT_CNS,bc,kt,2007,0.8446290117720001,WTT
Striving,off-road,TRA_OT_AGR,bc,kt,2007,1.6348819004700001,WTT
Striving,off-road,TRA_OT_RAI,bc,kt,2007,0.663020244978,WTT
Striving,off-road,TRA_OT_OTHER,bc,kt,2007,0.39237184511401596,WTT
Striving,off-road,TRA_OT_CNS,bc,kt,2008,0.8495513606580002,WTT
Striving,off-road,TRA_OT_AGR,bc,kt,2008,1.6345940438100002,WTT
Striving,off-road,TRA_OT_RAI,bc,kt,2008,0.6409704248220001,WTT
Striving,off-road,TRA_OT_OTHER,bc,kt,2008,0.39350482902196865,WTT
Striving,off-road,TRA_OT_CNS,bc,kt,2009,0.854473709544,WTT
Striving,off-road,TRA_OT_AGR,bc,kt,2009,1.6343061871500002,WTT
Striving,off-road,TRA_OT_RAI,bc,kt,2009,0.6189206046660001,WTT
Striving,off-road,TRA_OT_OTHER,bc,kt,2009,0.39463781292992123,WTT
Striving,off-road,TRA_OT_CNS,bc,kt,2010,0.8593960584300001,WTT
Striving,off-road,TRA_OT_AGR,bc,kt,2010,1.63401833049,WTT
Striving,off-road,TRA_OT_RAI,bc,kt,2010,0.59687078451,WTT
Striving,off-road,TRA_OT_OTHER,bc,kt,2010,0.3957707968378739,WTT
Striving,off-road,TRA_OT_CNS,bc,kt,2011,0.8828275905540001,WTT
Striving,off-road,TRA_OT_AGR,bc,kt,2011,1.6276135198050001,WTT
Striving,off-road,TRA_OT_RAI,bc,kt,2011,0.6076078379280001,WTT
Striving,off-road,TRA_OT_OTHER,bc,kt,2011,0.4065984098573627,WTT
Striving,off-road,TRA_OT_CNS,bc,kt,2012,0.9062591226780001,WTT
Striving,off-road,TRA_OT_AGR,bc,kt,2012,1.6212087091200003,WTT
Striving,off-road,TRA_OT_RAI,bc,kt,2012,0.6183448913460001,WTT
Striving,off-road,TRA_OT_OTHER,bc,kt,2012,0.4174260228768513,WTT
Striving,off-road,TRA_OT_CNS,bc,kt,2013,0.929690654802,WTT
Striving,off-road,TRA_OT_AGR,bc,kt,2013,1.6148038984350004,WTT
Striving,off-road,TRA_OT_RAI,bc,kt,2013,0.6290819447640001,WTT
Striving,off-road,TRA_OT_OTHER,bc,kt,2013,0.4282536358963401,WTT
Striving,off-road,TRA_OT_CNS,bc,kt,2014,0.9531221869259999,WTT
Striving,off-road,TRA_OT_AGR,bc,kt,2014,1.60839908775,WTT
Striving,off-road,TRA_OT_RAI,bc,kt,2014,0.639818998182,WTT
Striving,off-road,TRA_OT_OTHER,bc,kt,2014,0.4390812489158288,WTT
Striving,off-road,TRA_OT_CNS,bc,kt,2015,0.97655371905,WTT
Striving,off-road,TRA_OT_AGR,bc,kt,2015,1.6019942770650002,WTT
Striving,off-road,TRA_OT_RAI,bc,kt,2015,0.6505560516000002,WTT
Striving,off-road,TRA_OT_OTHER,bc,kt,2015,0.4499088619353175,WTT
Striving,off-road,TRA_OT_CNS,bc,kt,2016,1.154146885437,WTT
Striving,off-road,TRA_OT_AGR,bc,kt,2016,1.6329244751820002,WTT
Striving,off-road,TRA_OT_RAI,bc,kt,2016,0.6385380360450001,WTT
Striving,off-road,TRA_OT_OTHER,bc,kt,2016,0.4505991252405829,WTT
Striving,off-road,TRA_OT_CNS,bc,kt,2017,1.331740051824,WTT
Striving,off-road,TRA_OT_AGR,bc,kt,2017,1.663854673299,WTT
Striving,off-road,TRA_OT_RAI,bc,kt,2017,0.62652002049,WTT
Striving,off-road,TRA_OT_OTHER,bc,kt,2017,0.45128938854584805,WTT
Striving,off-road,TRA_OT_CNS,bc,kt,2018,1.5093332182110002,WTT
Striving,off-road,TRA_OT_AGR,bc,kt,2018,1.6947848714160003,WTT
Striving,off-road,TRA_OT_RAI,bc,kt,2018,0.6145020049350001,WTT
Striving,off-road,TRA_OT_OTHER,bc,kt,2018,0.45197965185111333,WTT
Striving,off-road,TRA_OT_CNS,bc,kt,2019,1.6869263845979998,WTT
Striving,off-road,TRA_OT_AGR,bc,kt,2019,1.7257150695330001,WTT
Striving,off-road,TRA_OT_RAI,bc,kt,2019,0.60248398938,WTT
Striving,off-road,TRA_OT_OTHER,bc,kt,2019,0.4526699151563787,WTT
Striving,off-road,TRA_OT_CNS,bc,kt,2020,1.864519550985,WTT
Striving,off-road,TRA_OT_AGR,bc,kt,2020,1.7566452676500002,WTT
Striving,off-road,TRA_OT_RAI,bc,kt,2020,0.5904659738250001,WTT
Striving,off-road,TRA_OT_OTHER,bc,kt,2020,0.4533601784616439,WTT
Striving,off-road,TRA_OT_CNS,bc,kt,2021,1.8727810371270002,WTT
Striving,off-road,TRA_OT_AGR,bc,kt,2021,1.7591064420930003,WTT
Striving,off-road,TRA_OT_RAI,bc,kt,2021,0.584046770307,WTT
Striving,off-road,TRA_OT_OTHER,bc,kt,2021,0.4599510029177803,WTT
Striving,off-road,TRA_OT_CNS,bc,kt,2022,1.881042523269,WTT
Striving,off-road,TRA_OT_AGR,bc,kt,2022,1.7615676165360001,WTT
Striving,off-road,TRA_OT_RAI,bc,kt,2022,0.5776275667890001,WTT
Striving,off-road,TRA_OT_OTHER,bc,kt,2022,0.4665418273739167,WTT
Striving,off-road,TRA_OT_CNS,bc,kt,2023,1.889304009411,WTT
Striving,off-road,TRA_OT_AGR,bc,kt,2023,1.7640287909790002,WTT
Striving,off-road,TRA_OT_RAI,bc,kt,2023,0.5712083632710001,WTT
Striving,off-road,TRA_OT_OTHER,bc,kt,2023,0.47313265183005293,WTT
Striving,off-road,TRA_OT_CNS,bc,kt,2024,1.897565495553,WTT
Striving,off-road,TRA_OT_AGR,bc,kt,2024,1.7664899654220003,WTT
Striving,off-road,TRA_OT_RAI,bc,kt,2024,0.564789159753,WTT
Striving,off-road,TRA_OT_OTHER,bc,kt,2024,0.4797234762861893,WTT
Striving,off-road,TRA_OT_CNS,bc,kt,2025,1.9058269816950002,WTT
Striving,off-road,TRA_OT_AGR,bc,kt,2025,1.7689511398650002,WTT
Striving,off-road,TRA_OT_RAI,bc,kt,2025,0.5583699562350001,WTT
Striving,off-road,TRA_OT_OTHER,bc,kt,2025,0.4863143007423257,WTT
Striving,off-road,TRA_OT_CNS,bc,kt,2026,1.8211378251830403,WTT
Striving,off-road,TRA_OT_AGR,bc,kt,2026,1.6926662463984001,WTT
Striving,off-road,TRA_OT_RAI,bc,kt,2026,0.5307984696268802,WTT
Striving,off-road,TRA_OT_OTHER,bc,kt,2026,0.4847381677923927,WTT
Striving,off-road,TRA_OT_CNS,bc,kt,2027,1.7371533417747602,WTT
Striving,off-road,TRA_OT_AGR,bc,kt,2027,1.6168419235878002,WTT
Striving,off-road,TRA_OT_RAI,bc,kt,2027,0.5036633737153201,WTT
Striving,off-road,TRA_OT_OTHER,bc,kt,2027,0.4828293755336878,WTT
Striving,off-road,TRA_OT_CNS,bc,kt,2028,1.6538735314701598,WTT
Striving,off-road,TRA_OT_AGR,bc,kt,2028,1.5414781714332002,WTT
Striving,off-road,TRA_OT_RAI,bc,kt,2028,0.47696466850032004,WTT
Striving,off-road,TRA_OT_OTHER,bc,kt,2028,0.4805879239662108,WTT
Striving,off-road,TRA_OT_CNS,bc,kt,2029,1.57129839426924,WTT
Striving,off-road,TRA_OT_AGR,bc,kt,2029,1.4665749899346001,WTT
Striving,off-road,TRA_OT_RAI,bc,kt,2029,0.45070235398187997,WTT
Striving,off-road,TRA_OT_OTHER,bc,kt,2029,0.4780138130899621,WTT
Striving,off-road,TRA_OT_CNS,bc,kt,2030,1.4894279301720004,WTT
Striving,off-road,TRA_OT_AGR,bc,kt,2030,1.3921323790920002,WTT
Striving,off-road,TRA_OT_RAI,bc,kt,2030,0.42487643016000004,WTT
Striving,off-road,TRA_OT_OTHER,bc,kt,2030,0.47510704290494105,WTT
Striving,off-road,TRA_OT_CNS,bc,kt,2031,1.43110183800948,WTT
Striving,off-road,TRA_OT_AGR,bc,kt,2031,1.31697991372584,WTT
Striving,off-road,TRA_OT_RAI,bc,kt,2031,0.3999135006048001,WTT
Striving,off-road,TRA_OT_OTHER,bc,kt,2031,0.47297565263137953,WTT
Striving,off-road,TRA_OT_CNS,bc,kt,2032,1.37107624012632,WTT
Striving,off-road,TRA_OT_AGR,bc,kt,2032,1.2424112216661605,WTT
Striving,off-road,TRA_OT_RAI,bc,kt,2032,0.37534205610720006,WTT
Striving,off-road,TRA_OT_OTHER,bc,kt,2032,0.4704612376299446,WTT
Striving,off-road,TRA_OT_CNS,bc,kt,2033,1.3093511365225203,WTT
Striving,off-road,TRA_OT_AGR,bc,kt,2033,1.1684263029129598,WTT
Striving,off-road,TRA_OT_RAI,bc,kt,2033,0.35116209666720005,WTT
Striving,off-road,TRA_OT_OTHER,bc,kt,2033,0.46756379790063624,WTT
Striving,off-road,TRA_OT_CNS,bc,kt,2034,1.2459265271980804,WTT
Striving,off-road,TRA_OT_AGR,bc,kt,2034,1.0950251574662402,WTT
Striving,off-road,TRA_OT_RAI,bc,kt,2034,0.3273736222848,WTT
Striving,off-road,TRA_OT_OTHER,bc,kt,2034,0.46428333344345457,WTT
Striving,off-road,TRA_OT_CNS,bc,kt,2035,1.180802412153,WTT
Striving,off-road,TRA_OT_AGR,bc,kt,2035,1.0222077853260003,WTT
Striving,off-road,TRA_OT_RAI,bc,kt,2035,0.30397663296000005,WTT
Striving,off-road,TRA_OT_OTHER,bc,kt,2035,0.4606198442583994,WTT
Striving,off-road,TRA_OT_CNS,bc,kt,2036,1.1130438329556,WTT
Striving,off-road,TRA_OT_AGR,bc,kt,2036,0.9504336057216001,WTT
Striving,off-road,TRA_OT_RAI,bc,kt,2036,0.2804149896256801,WTT
Striving,off-road,TRA_OT_OTHER,bc,kt,2036,0.45768170279626336,WTT
Striving,off-road,TRA_OT_CNS,bc,kt,2037,1.0437193135278002,WTT
Striving,off-road,TRA_OT_AGR,bc,kt,2037,0.8791775681052001,WTT
Striving,off-road,TRA_OT_RAI,bc,kt,2037,0.25732427978712014,WTT
Striving,off-road,TRA_OT_OTHER,bc,kt,2037,0.45430369699339274,WTT
Striving,off-road,TRA_OT_CNS,bc,kt,2038,0.9728288538696002,WTT
Striving,off-road,TRA_OT_AGR,bc,kt,2038,0.8084396724768002,WTT
Striving,off-road,TRA_OT_RAI,bc,kt,2038,0.23470450344432003,WTT
Striving,off-road,TRA_OT_OTHER,bc,kt,2038,0.4504858268497875,WTT
Striving,off-road,TRA_OT_CNS,bc,kt,2039,0.9003724539810001,WTT
Striving,off-road,TRA_OT_AGR,bc,kt,2039,0.7382199188364,WTT
Striving,off-road,TRA_OT_RAI,bc,kt,2039,0.21255566059727998,WTT
Striving,off-road,TRA_OT_OTHER,bc,kt,2039,0.4462280923654478,WTT
Striving,off-road,TRA_OT_CNS,bc,kt,2040,0.826350113862,WTT
Striving,off-road,TRA_OT_AGR,bc,kt,2040,0.6685183071840001,WTT
Striving,off-road,TRA_OT_RAI,bc,kt,2040,0.19087775124599998,WTT
Striving,off-road,TRA_OT_OTHER,bc,kt,2040,0.4415304935403735,WTT
Striving,off-road,TRA_OT_CNS,bc,kt,2041,0.74257000868232,WTT
Striving,off-road,TRA_OT_AGR,bc,kt,2041,0.60045920563356,WTT
Striving,off-road,TRA_OT_RAI,bc,kt,2041,0.16916299624224002,WTT
Striving,off-road,TRA_OT_OTHER,bc,kt,2041,0.43695304813478125,WTT
Striving,off-road,TRA_OT_CNS,bc,kt,2042,0.6590443687900799,WTT
Striving,off-road,TRA_OT_AGR,bc,kt,2042,0.5326683864902398,WTT
Striving,off-road,TRA_OT_RAI,bc,kt,2042,0.14803201454495998,WTT
Striving,off-road,TRA_OT_OTHER,bc,kt,2042,0.4319027961672653,WTT
Striving,off-road,TRA_OT_CNS,bc,kt,2043,0.5757731941852802,WTT
Striving,off-road,TRA_OT_AGR,bc,kt,2043,0.46514584975404005,WTT
Striving,off-road,TRA_OT_RAI,bc,kt,2043,0.12748480615416002,WTT
Striving,off-road,TRA_OT_OTHER,bc,kt,2043,0.4263797376378254,WTT
Striving,off-road,TRA_OT_CNS,bc,kt,2044,0.49275648486792006,WTT
Striving,off-road,TRA_OT_AGR,bc,kt,2044,0.39789159542496005,WTT
Striving,off-road,TRA_OT_RAI,bc,kt,2044,0.10752137106984003,WTT
Striving,off-road,TRA_OT_OTHER,bc,kt,2044,0.42038387254646187,WTT
Striving,off-road,TRA_OT_CNS,bc,kt,2045,0.40999424083799996,WTT
Striving,off-road,TRA_OT_AGR,bc,kt,2045,0.33090562350299996,WTT
Striving,off-road,TRA_OT_RAI,bc,kt,2045,0.08814170929199999,WTT
Striving,off-road,TRA_OT_OTHER,bc,kt,2045,0.4139152008931745,WTT
Striving,off-road,TRA_OT_CNS,bc,kt,2046,0.3267956061115199,WTT
Striving,off-road,TRA_OT_AGR,bc,kt,2046,0.2627256221553599,WTT
Striving,off-road,TRA_OT_RAI,bc,kt,2046,0.06911553549263996,WTT
Striving,off-road,TRA_OT_OTHER,bc,kt,2046,0.4072291201009115,WTT
Striving,off-road,TRA_OT_CNS,bc,kt,2047,0.24419686466448004,WTT
Striving,off-road,TRA_OT_AGR,bc,kt,2047,0.19554505913123998,WTT
Striving,off-road,TRA_OT_RAI,bc,kt,2047,0.05078827766376001,WTT
Striving,off-road,TRA_OT_OTHER,bc,kt,2047,0.4000526191313491,WTT
Striving,off-road,TRA_OT_CNS,bc,kt,2048,0.16219801649687993,WTT
Striving,off-road,TRA_OT_AGR,bc,kt,2048,0.12936393443063995,WTT
Striving,off-road,TRA_OT_RAI,bc,kt,2048,0.03315993580535999,WTT
Striving,off-road,TRA_OT_OTHER,bc,kt,2048,0.3923856979844871,WTT
Striving,off-road,TRA_OT_CNS,bc,kt,2049,0.08079906160871986,WTT
Striving,off-road,TRA_OT_AGR,bc,kt,2049,0.06418224805355988,WTT
Striving,off-road,TRA_OT_RAI,bc,kt,2049,0.016230509917439972,WTT
Striving,off-road,TRA_OT_OTHER,bc,kt,2049,0.38422835666032557,WTT
Striving,off-road,TRA_OT_CNS,bc,kt,2050,0.0,WTT
Striving,off-road,TRA_OT_AGR,bc,kt,2050,0.0,WTT
Striving,off-road,TRA_OT_RAI,bc,kt,2050,0.0,WTT
Striving,off-road,TRA_OT_OTHER,bc,kt,2050,0.3755805951588646,WTT
